rep,feature,selection,threshold,f1,precision,recall,tnr,tp,fp,fn,tn_unknown,fp_unknown,auc_pr_trapezoid,ap_pr_step
0,absolute,best_f1,0.34921352213815304,0.8609483217900906,0.7637051039697542,0.9865689865689866,0.13194444444444445,808,250,11,38,250,0.8945502061569757,0.8948187879645122
0,absolute,tnr_0.5,0.47978406220422365,0.827460510328068,0.8234582829504232,0.8315018315018315,0.4930555555555556,681,146,138,142,146,0.8945502061569757,0.8948187879645122
0,absolute,tnr_0.7,0.5505529232665857,0.7337110481586402,0.8735244519392917,0.6324786324786325,0.7395833333333334,518,75,301,213,75,0.8945502061569757,0.8948187879645122
0,absolute,robust_balanced,0.5495953464415451,0.7348377997179125,0.8697829716193656,0.6361416361416361,0.7291666666666666,521,78,298,210,78,0.8945502061569757,0.8948187879645122
0,gap,best_f1,7.786060185943633e-05,0.850909090909091,0.740506329113924,1.0,0.003472222222222222,819,287,0,1,287,0.8792678041507255,0.8794883565921164
0,gap,tnr_0.5,0.026668933984525914,0.7850821744627055,0.8138925294888598,0.7582417582417582,0.5069444444444444,621,142,198,146,142,0.8792678041507255,0.8794883565921164
0,gap,tnr_0.7,0.048120095530385994,0.7305808257522743,0.8557377049180328,0.6373626373626373,0.6944444444444444,522,88,297,200,88,0.8792678041507255,0.8794883565921164
0,gap,robust_balanced,0.044570231328764476,0.7542778918548939,0.8582554517133957,0.6727716727716728,0.6840277777777778,551,91,268,197,91,0.8792678041507255,0.8794883565921164
1,absolute,best_f1,0.34921352213815304,0.8495018353434715,0.7458563535911602,0.9866017052375152,0.08609271523178808,810,276,11,26,276,0.8598002022789693,0.8601380380386742
1,absolute,tnr_0.5,0.47978406220422365,0.8051313378130727,0.8075980392156863,0.8026796589524969,0.48013245033112584,659,157,162,145,157,0.8598002022789693,0.8601380380386742
1,absolute,tnr_0.7,0.5505529232665857,0.693935119887165,0.8241206030150754,0.5992691839220463,0.652317880794702,492,105,329,197,105,0.8598002022789693,0.8601380380386742
1,absolute,robust_balanced,0.5495953464415451,0.6966292134831461,0.8225538971807629,0.6041412911084044,0.6456953642384106,496,107,325,195,107,0.8598002022789693,0.8601380380386742
1,gap,best_f1,7.786060185943633e-05,0.8455200823892894,0.7323818019625334,1.0,0.006622516556291391,821,300,0,2,300,0.8687199068364277,0.8689705353726154
1,gap,tnr_0.5,0.026668933984525914,0.7604906391220142,0.8090659340659341,0.7174177831912302,0.5397350993377483,589,139,232,163,139,0.8687199068364277,0.8689705353726154
1,gap,tnr_0.7,0.048120095530385994,0.6971428571428572,0.842832469775475,0.5943970767356882,0.6986754966887417,488,91,333,211,91,0.8687199068364277,0.8689705353726154
1,gap,robust_balanced,0.044570231328764476,0.7103594080338267,0.842809364548495,0.6138855054811205,0.6887417218543046,504,94,317,208,94,0.8687199068364277,0.8689705353726154
2,absolute,best_f1,0.34921352213815304,0.8741514360313316,0.7859154929577464,0.9847058823529412,0.15555555555555556,837,228,13,42,228,0.9199112190293672,0.9200431233778201
2,absolute,tnr_0.5,0.47978406220422365,0.8340224453632605,0.8374851720047449,0.8305882352941176,0.4925925925925926,706,137,144,133,137,0.9199112190293672,0.9200431233778201
2,absolute,tnr_0.7,0.5505529232665857,0.7570469798657719,0.88125,0.6635294117647059,0.7185185185185186,564,76,286,194,76,0.9199112190293672,0.9200431233778201
2,absolute,robust_balanced,0.5495953464415451,0.7580213903743316,0.8777089783281734,0.6670588235294118,0.7074074074074074,567,79,283,191,79,0.9199112190293672,0.9200431233778201
2,gap,best_f1,7.786060185943633e-05,0.8633824276282377,0.7596067917783735,1.0,0.003703703703703704,850,269,0,1,269,0.8819535735679757,0.8821826952441757
2,gap,tnr_0.5,0.026668933984525914,0.7659574468085106,0.8181818181818182,0.72,0.4962962962962963,612,136,238,134,136,0.8819535735679757,0.8821826952441757
2,gap,tnr_0.7,0.048120095530385994,0.7141858839972047,0.8795180722891566,0.6011764705882353,0.7407407407407407,511,70,339,200,70,0.8819535735679757,0.8821826952441757
2,gap,robust_balanced,0.044570231328764476,0.7366255144032922,0.8832236842105263,0.6317647058823529,0.737037037037037,537,71,313,199,71,0.8819535735679757,0.8821826952441757
3,absolute,best_f1,0.34921352213815304,0.866304347826087,0.7752918287937743,0.9815270935960592,0.12167300380228137,797,231,15,32,231,0.8776882999318738,0.8780393463526377
3,absolute,tnr_0.5,0.47978406220422365,0.8160703075957313,0.8322663252240717,0.8004926108374384,0.5019011406844106,650,131,162,132,131,0.8776882999318738,0.8780393463526377
3,absolute,tnr_0.7,0.5505529232665857,0.7058823529411765,0.845360824742268,0.6059113300492611,0.6577946768060836,492,90,320,173,90,0.8776882999318738,0.8780393463526377
3,absolute,robust_balanced,0.5495953464415451,0.7090779127948534,0.8449744463373083,0.6108374384236454,0.6539923954372624,496,91,316,172,91,0.8776882999318738,0.8780393463526377
3,gap,best_f1,7.786060185943633e-05,0.8610816542948038,0.7560521415270018,1.0,0.0038022813688212928,812,262,0,1,262,0.856801262695067,0.8571589974182827
3,gap,tnr_0.5,0.026668933984525914,0.7578947368421053,0.8135593220338984,0.7093596059113301,0.49809885931558934,576,132,236,131,132,0.856801262695067,0.8571589974182827
3,gap,tnr_0.7,0.048120095530385994,0.6868537666174298,0.8579335793357934,0.5726600985221675,0.7072243346007605,465,77,347,186,77,0.856801262695067,0.8571589974182827
3,gap,robust_balanced,0.044570231328764476,0.7060518731988472,0.8506944444444444,0.603448275862069,0.6730038022813688,490,86,322,177,86,0.856801262695067,0.8571589974182827
4,absolute,best_f1,0.34921352213815304,0.876210979547901,0.7842003853564548,0.9926829268292683,0.1482889733840304,814,224,6,39,224,0.8941897852670297,0.8943783814539674
4,absolute,tnr_0.5,0.47978406220422365,0.8212974296205631,0.8243243243243243,0.8182926829268292,0.45627376425855515,671,143,149,120,143,0.8941897852670297,0.8943783814539674
4,absolute,tnr_0.7,0.5505529232665857,0.7404314544189283,0.8622366288492707,0.6487804878048781,0.6768060836501901,532,85,288,178,85,0.8941897852670297,0.8943783814539674
4,absolute,robust_balanced,0.5495953464415451,0.7451523545706371,0.8621794871794872,0.6560975609756098,0.6730038022813688,538,86,282,177,86,0.8941897852670297,0.8943783814539674
4,gap,best_f1,7.786060185943633e-05,0.8622502628811777,0.7578558225508318,1.0,0.0038022813688212928,820,262,0,1,262,0.890792695023214,0.890944299919633
4,gap,tnr_0.5,0.026668933984525914,0.7743979721166033,0.8060686015831134,0.7451219512195122,0.44106463878326996,611,147,209,116,147,0.890792695023214,0.890944299919633
4,gap,tnr_0.7,0.048120095530385994,0.7189265536723164,0.8540268456375839,0.6207317073170732,0.6692015209125475,509,87,311,176,87,0.890792695023214,0.890944299919633
4,gap,robust_balanced,0.044570231328764476,0.7412008281573499,0.8537360890302067,0.6548780487804878,0.6501901140684411,537,92,283,171,92,0.890792695023214,0.890944299919633
5,absolute,best_f1,0.34921352213815304,0.8474393530997305,0.7492850333651097,0.9751861042183623,0.08362369337979095,786,263,20,24,263,0.8564304898305845,0.8568096051537099
5,absolute,tnr_0.5,0.47978406220422365,0.8112745098039216,0.801452784503632,0.8213399503722084,0.42857142857142855,662,164,144,123,164,0.8564304898305845,0.8568096051537099
5,absolute,tnr_0.7,0.5505529232665857,0.7243090007087172,0.8446280991735537,0.6339950372208437,0.6724738675958188,511,94,295,193,94,0.8564304898305845,0.8568096051537099
5,absolute,robust_balanced,0.5495953464415451,0.7291960507757405,0.8447712418300654,0.641439205955335,0.6689895470383276,517,95,289,192,95,0.8564304898305845,0.8568096051537099
5,gap,best_f1,7.786060185943633e-05,0.8488678251711427,0.737419945105215,1.0,0.0,806,287,0,0,287,0.8615609975990345,0.8618329116027318
5,gap,tnr_0.5,0.026668933984525914,0.744970798182998,0.780952380952381,0.7121588089330024,0.43902439024390244,574,161,232,126,161,0.8615609975990345,0.8618329116027318
5,gap,tnr_0.7,0.048120095530385994,0.6943836615609045,0.8424778761061947,0.5905707196029777,0.6898954703832753,476,89,330,198,89,0.8615609975990345,0.8618329116027318
5,gap,robust_balanced,0.044570231328764476,0.7097701149425287,0.8430034129692833,0.6129032258064516,0.6794425087108014,494,92,312,195,92,0.8615609975990345,0.8618329116027318
6,absolute,best_f1,0.34921352213815304,0.8740279937791602,0.7820037105751392,0.9905992949471211,0.18685121107266436,843,235,8,54,235,0.906648107065024,0.9068404344523228
6,absolute,tnr_0.5,0.47978406220422365,0.8446026097271648,0.8526946107784431,0.836662749706228,0.5743944636678201,712,123,139,166,123,0.906648107065024,0.9068404344523228
6,absolute,tnr_0.7,0.5505529232665857,0.7457396046353102,0.887987012987013,0.6427732079905993,0.7612456747404844,547,69,304,220,69,0.906648107065024,0.9068404344523228
6,absolute,robust_balanced,0.5495953464415451,0.7477906186267845,0.8870967741935484,0.6462984723854289,0.7577854671280276,550,70,301,219,70,0.906648107065024,0.9068404344523228
6,gap,best_f1,7.786060185943633e-05,0.8548468106479156,0.7464912280701754,1.0,0.0,851,289,0,0,289,0.8739793928838593,0.8742181583624646
6,gap,tnr_0.5,0.026668933984525914,0.7707558859975217,0.8152031454783748,0.7309048178613397,0.5121107266435986,622,141,229,148,141,0.8739793928838593,0.8742181583624646
6,gap,tnr_0.7,0.048120095530385994,0.6998616874135546,0.8504201680672269,0.5945945945945946,0.6920415224913494,506,89,345,200,89,0.8739793928838593,0.8742181583624646
6,gap,robust_balanced,0.044570231328764476,0.7196198234894773,0.8520900321543409,0.6227967097532315,0.6816608996539792,530,92,321,197,92,0.8739793928838593,0.8742181583624646
7,absolute,best_f1,0.34921352213815304,0.8597826086956522,0.7642512077294686,0.9826086956521739,0.12857142857142856,791,244,14,36,244,0.868891937812578,0.8692520524921696
7,absolute,tnr_0.5,0.47978406220422365,0.8061919504643963,0.8037037037037037,0.808695652173913,0.43214285714285716,651,159,154,121,159,0.868891937812578,0.8692520524921696
7,absolute,tnr_0.7,0.5505529232665857,0.7203924316748423,0.8263665594855305,0.6385093167701863,0.6142857142857143,514,108,291,172,108,0.868891937812578,0.8692520524921696
7,absolute,robust_balanced,0.5495953464415451,0.7216783216783217,0.8256,0.6409937888198758,0.6107142857142858,516,109,289,171,109,0.868891937812578,0.8692520524921696
7,gap,best_f1,7.786060185943633e-05,0.8518518518518519,0.7419354838709677,1.0,0.0,805,280,0,0,280,0.8587475117253989,0.85902654268714
7,gap,tnr_0.5,0.026668933984525914,0.7686274509803922,0.8110344827586207,0.7304347826086957,0.5107142857142857,588,137,217,143,137,0.8587475117253989,0.85902654268714
7,gap,tnr_0.7,0.048120095530385994,0.6730627306273063,0.8290909090909091,0.5664596273291925,0.6642857142857143,456,94,349,186,94,0.8587475117253989,0.85902654268714
7,gap,robust_balanced,0.044570231328764476,0.6884057971014492,0.8260869565217391,0.5900621118012422,0.6428571428571429,475,100,330,180,100,0.8587475117253989,0.85902654268714
8,absolute,best_f1,0.34921352213815304,0.8572978838849702,0.7610789980732178,0.9813664596273292,0.1267605633802817,790,248,15,36,248,0.8845132818685515,0.8848026278484608
8,absolute,tnr_0.5,0.47978406220422365,0.803594351732991,0.8313413014608234,0.7776397515527951,0.5528169014084507,626,127,179,157,127,0.8845132818685515,0.8848026278484608
8,absolute,tnr_0.7,0.5505529232665857,0.7124087591240876,0.863716814159292,0.6062111801242236,0.7288732394366197,488,77,317,207,77,0.8845132818685515,0.8848026278484608
8,absolute,robust_balanced,0.5495953464415451,0.7132459970887919,0.8611599297012302,0.6086956521739131,0.721830985915493,490,79,315,205,79,0.8845132818685515,0.8848026278484608
8,gap,best_f1,7.786060185943633e-05,0.8514013749338974,0.7412523020257827,1.0,0.01056338028169014,805,281,0,3,281,0.8799463448659104,0.8801544918473929
8,gap,tnr_0.5,0.026668933984525914,0.7649402390438247,0.8216833095577746,0.715527950310559,0.5598591549295775,576,125,229,159,125,0.8799463448659104,0.8801544918473929
8,gap,tnr_0.7,0.048120095530385994,0.6962305986696231,0.8594890510948905,0.5850931677018634,0.7288732394366197,471,77,334,207,77,0.8799463448659104,0.8801544918473929
8,gap,robust_balanced,0.044570231328764476,0.7169811320754716,0.8621291448516579,0.613664596273292,0.721830985915493,494,79,311,205,79,0.8799463448659104,0.8801544918473929
9,absolute,best_f1,0.34921352213815304,0.8736141906873615,0.7825223435948362,0.9887076537013801,0.20072992700729927,788,219,9,55,219,0.8972466603938998,0.8974893731451351
9,absolute,tnr_0.5,0.47978406220422365,0.8276299112801014,0.8361075544174136,0.8193224592220828,0.5328467153284672,653,128,144,146,128,0.8972466603938998,0.8974893731451351
9,absolute,tnr_0.7,0.5505529232665857,0.7465900933237617,0.87248322147651,0.6524466750313677,0.7226277372262774,520,76,277,198,76,0.8972466603938998,0.8974893731451351
9,absolute,robust_balanced,0.5495953464415451,0.7478510028653295,0.8714524207011686,0.6549560853199499,0.718978102189781,522,77,275,197,77,0.8972466603938998,0.8974893731451351
9,gap,best_f1,7.786060185943633e-05,0.8542336548767417,0.7455565949485501,1.0,0.0072992700729927005,797,272,0,2,272,0.8703187091200218,0.8705647478990922
9,gap,tnr_0.5,0.026668933984525914,0.7536423841059603,0.7980364656381487,0.7139272271016311,0.4744525547445255,569,144,228,130,144,0.8703187091200218,0.8705647478990922
9,gap,tnr_0.7,0.048120095530385994,0.6934523809523809,0.8519195612431444,0.5846925972396487,0.7043795620437956,466,81,331,193,81,0.8703187091200218,0.8705647478990922
9,gap,robust_balanced,0.044570231328764476,0.708029197080292,0.8464223385689355,0.6085319949811794,0.6788321167883211,485,88,312,186,88,0.8703187091200218,0.8705647478990922
10,absolute,best_f1,0.34921352213815304,0.8669201520912547,0.7755102040816326,0.9827586206896551,0.14444444444444443,798,231,14,39,231,0.8898748125670477,0.8901676696765627
10,absolute,tnr_0.5,0.47978406220422365,0.8220024721878862,0.825062034739454,0.8189655172413793,0.4777777777777778,665,141,147,129,141,0.8898748125670477,0.8901676696765627
10,absolute,tnr_0.7,0.5505529232665857,0.7593360995850622,0.8659305993690851,0.6761083743842364,0.6851851851851852,549,85,263,185,85,0.8898748125670477,0.8901676696765627
10,absolute,robust_balanced,0.5495953464415451,0.7586206896551724,0.8620689655172413,0.6773399014778325,0.674074074074074,550,88,262,182,88,0.8898748125670477,0.8901676696765627
10,gap,best_f1,7.786060185943633e-05,0.8578975171685156,0.7511563367252544,1.0,0.003703703703703704,812,269,0,1,269,0.8814312213322091,0.881640889185845
10,gap,tnr_0.5,0.026668933984525914,0.7659297789336801,0.8112947658402204,0.7253694581280788,0.4925925925925926,589,137,223,133,137,0.8814312213322091,0.881640889185845
10,gap,tnr_0.7,0.048120095530385994,0.6964155084125823,0.8576576576576577,0.5862068965517241,0.7074074074074074,476,79,336,191,79,0.8814312213322091,0.881640889185845
10,gap,robust_balanced,0.044570231328764476,0.7145938173975557,0.8583765112262521,0.6120689655172413,0.6962962962962963,497,82,315,188,82,0.8814312213322091,0.881640889185845
11,absolute,best_f1,0.34921352213815304,0.8653539116551358,0.7713472485768501,0.9854545454545455,0.13309352517985612,813,241,12,37,241,0.8961281990715385,0.8963526801165717
11,absolute,tnr_0.5,0.47978406220422365,0.8194945848375451,0.8136200716845878,0.8254545454545454,0.43884892086330934,681,156,144,122,156,0.8961281990715385,0.8963526801165717
11,absolute,tnr_0.7,0.5505529232665857,0.735519888346127,0.8667763157894737,0.6387878787878788,0.7086330935251799,527,81,298,197,81,0.8961281990715385,0.8963526801165717
11,absolute,robust_balanced,0.5495953464415451,0.7385257301808067,0.866231647634584,0.6436363636363637,0.7050359712230215,531,82,294,196,82,0.8961281990715385,0.8963526801165717
11,gap,best_f1,7.786060185943633e-05,0.8566978193146417,0.7493188010899182,1.0,0.007194244604316547,825,276,0,2,276,0.8834572491653309,0.8836987515064276
11,gap,tnr_0.5,0.026668933984525914,0.789873417721519,0.8264900662251655,0.7563636363636363,0.5287769784172662,624,131,201,147,131,0.8834572491653309,0.8836987515064276
11,gap,tnr_0.7,0.048120095530385994,0.7271438695960312,0.8754266211604096,0.6218181818181818,0.737410071942446,513,73,312,205,73,0.8834572491653309,0.8836987515064276
11,gap,robust_balanced,0.044570231328764476,0.7449896337249482,0.8665594855305466,0.6533333333333333,0.7014388489208633,539,83,286,195,83,0.8834572491653309,0.8836987515064276
12,absolute,best_f1,0.34921352213815304,0.8748651564185544,0.7889105058365758,0.9818401937046005,0.19330855018587362,811,217,15,52,217,0.9046658297122925,0.9048524348424255
12,absolute,tnr_0.5,0.47978406220422365,0.825511432009627,0.8205741626794258,0.8305084745762712,0.4423791821561338,686,150,140,119,150,0.9046658297122925,0.9048524348424255
12,absolute,tnr_0.7,0.5505529232665857,0.7437673130193906,0.8689320388349514,0.6501210653753027,0.6988847583643123,537,81,289,188,81,0.9046658297122925,0.9048524348424255
12,absolute,robust_balanced,0.5495953464415451,0.7449896337249482,0.8679549114331723,0.652542372881356,0.6951672862453532,539,82,287,187,82,0.9046658297122925,0.9048524348424255
12,gap,best_f1,7.786060185943633e-05,0.8604166666666667,0.7550274223034735,1.0,0.0037174721189591076,826,268,0,1,268,0.8865524494106192,0.8867289436843511
12,gap,tnr_0.5,0.026668933984525914,0.7722397476340694,0.8063241106719368,0.7409200968523002,0.45353159851301117,612,147,214,122,147,0.8865524494106192,0.8867289436843511
12,gap,tnr_0.7,0.048120095530385994,0.7177304964539007,0.8664383561643836,0.612590799031477,0.7100371747211895,506,78,320,191,78,0.8865524494106192,0.8867289436843511
12,gap,robust_balanced,0.044570231328764476,0.7391003460207612,0.8626817447495961,0.6464891041162227,0.6840148698884758,534,85,292,184,85,0.8865524494106192,0.8867289436843511
13,absolute,best_f1,0.34921352213815304,0.8680020544427324,0.7745187901008249,0.9871495327102804,0.15172413793103448,845,246,11,44,246,0.8890642434293896,0.8893320626503427
13,absolute,tnr_0.5,0.47978406220422365,0.8431024274718768,0.8547418967587035,0.8317757009345794,0.5827586206896552,712,121,144,169,121,0.8890642434293896,0.8893320626503427
13,absolute,tnr_0.7,0.5505529232665857,0.7552910052910053,0.8704268292682927,0.6670560747663551,0.7068965517241379,571,85,285,205,85,0.8890642434293896,0.8893320626503427
13,absolute,robust_balanced,0.5495953464415451,0.7618421052631579,0.8719879518072289,0.6764018691588785,0.7068965517241379,579,85,277,205,85,0.8890642434293896,0.8893320626503427
13,gap,best_f1,7.786060185943633e-05,0.8551448551448552,0.7469458987783595,1.0,0.0,856,290,0,0,290,0.8553481216504166,0.8556409606787208
13,gap,tnr_0.5,0.026668933984525914,0.7380211574362165,0.7896138482023968,0.6927570093457944,0.45517241379310347,593,158,263,132,158,0.8553481216504166,0.8556409606787208
13,gap,tnr_0.7,0.048120095530385994,0.6694502435629784,0.8278829604130808,0.5619158878504673,0.6551724137931034,481,100,375,190,100,0.8553481216504166,0.8556409606787208
13,gap,robust_balanced,0.044570231328764476,0.6928813559322033,0.8255250403877221,0.5969626168224299,0.6275862068965518,511,108,345,182,108,0.8553481216504166,0.8556409606787208
14,absolute,best_f1,0.34921352213815304,0.8565333333333334,0.7633079847908745,0.9756986634264885,0.11702127659574468,803,249,20,33,249,0.870222251941722,0.8705154244051688
14,absolute,tnr_0.5,0.47978406220422365,0.813826561552456,0.8123486682808717,0.8153098420413123,0.450354609929078,671,155,152,127,155,0.870222251941722,0.8705154244051688
14,absolute,tnr_0.7,0.5505529232665857,0.7124824684431977,0.8424543946932007,0.6172539489671932,0.6631205673758865,508,95,315,187,95,0.870222251941722,0.8705154244051688
14,absolute,robust_balanced,0.5495953464415451,0.71518544436669,0.8432343234323433,0.6208991494532199,0.6631205673758865,511,95,312,187,95,0.870222251941722,0.8705154244051688
14,gap,best_f1,7.786060185943633e-05,0.8546209761163032,0.7461468721668177,1.0,0.0070921985815602835,823,280,0,2,280,0.8526495699606401,0.8529760136840385
14,gap,tnr_0.5,0.026668933984525914,0.7633784655061251,0.8131868131868132,0.7193195625759417,0.5177304964539007,592,136,231,146,136,0.8526495699606401,0.8529760136840385
14,gap,tnr_0.7,0.048120095530385994,0.6886184681460272,0.837979094076655,0.5844471445929527,0.6702127659574468,481,93,342,189,93,0.8526495699606401,0.8529760136840385
14,gap,robust_balanced,0.044570231328764476,0.7055516514406184,0.8366666666666667,0.6099635479951397,0.6524822695035462,502,98,321,184,98,0.8526495699606401,0.8529760136840385
15,absolute,best_f1,0.34921352213815304,0.871413390010627,0.780209324452902,0.98676293622142,0.16,820,231,11,44,231,0.8773544606234588,0.8776175683884091
15,absolute,tnr_0.5,0.47978406220422365,0.8034188034188035,0.815365551425031,0.7918170878459687,0.4581818181818182,658,149,173,126,149,0.8773544606234588,0.8776175683884091
15,absolute,tnr_0.7,0.5505529232665857,0.7038327526132404,0.8360927152317881,0.6077015643802648,0.64,505,99,326,176,99,0.8773544606234588,0.8776175683884091
15,absolute,robust_balanced,0.5495953464415451,0.7105263157894737,0.8368678629690048,0.6173285198555957,0.6363636363636364,513,100,318,175,100,0.8773544606234588,0.8776175683884091
15,gap,best_f1,7.786060185943633e-05,0.8589147286821706,0.7527173913043478,1.0,0.007272727272727273,831,273,0,2,273,0.870881200521038,0.8711577055996608
15,gap,tnr_0.5,0.026668933984525914,0.782393056416615,0.8069053708439897,0.7593261131167268,0.4509090909090909,631,151,200,124,151,0.870881200521038,0.8711577055996608
15,gap,tnr_0.7,0.048120095530385994,0.7277739490006891,0.8516129032258064,0.6353790613718412,0.6654545454545454,528,92,303,183,92,0.870881200521038,0.8711577055996608
15,gap,robust_balanced,0.044570231328764476,0.7462887989203779,0.8494623655913979,0.6654632972322503,0.6436363636363637,553,98,278,177,98,0.870881200521038,0.8711577055996608
16,absolute,best_f1,0.34921352213815304,0.8870466321243523,0.8,0.9953488372093023,0.21033210332103322,856,214,4,57,214,0.9173763355629928,0.9175868125615991
16,absolute,tnr_0.5,0.47978406220422365,0.8517200474495848,0.8692493946731235,0.8348837209302326,0.6014760147601476,718,108,142,163,108,0.9173763355629928,0.9175868125615991
16,absolute,tnr_0.7,0.5505529232665857,0.7446954140999316,0.9051580698835274,0.6325581395348837,0.7896678966789668,544,57,316,214,57,0.9173763355629928,0.9175868125615991
16,absolute,robust_balanced,0.5495953464415451,0.747612551159618,0.9042904290429042,0.6372093023255814,0.7859778597785978,548,58,312,213,58,0.9173763355629928,0.9175868125615991
16,gap,best_f1,7.786060185943633e-05,0.8638874937217479,0.7603890362511052,1.0,0.0,860,271,0,0,271,0.9045268850347445,0.904701338494034
16,gap,tnr_0.5,0.026668933984525914,0.7970660146699267,0.8402061855670103,0.7581395348837209,0.5424354243542435,652,124,208,147,124,0.9045268850347445,0.904701338494034
16,gap,tnr_0.7,0.048120095530385994,0.7384196185286104,0.8914473684210527,0.6302325581395349,0.7564575645756457,542,66,318,205,66,0.9045268850347445,0.904701338494034
16,gap,robust_balanced,0.044570231328764476,0.7613333333333333,0.8921875,0.663953488372093,0.7453874538745388,571,69,289,202,69,0.9045268850347445,0.904701338494034
17,absolute,best_f1,0.34921352213815304,0.8625393494228751,0.766076421248835,0.9867947178871549,0.05639097744360902,822,251,11,15,251,0.8962831217507963,0.8965776119053608
17,absolute,tnr_0.5,0.47978406220422365,0.8470171293561725,0.8337209302325581,0.8607442977190877,0.462406015037594,717,143,116,123,143,0.8962831217507963,0.8965776119053608
17,absolute,tnr_0.7,0.5505529232665857,0.7562457798784605,0.8641975308641975,0.6722689075630253,0.6691729323308271,560,88,273,178,88,0.8962831217507963,0.8965776119053608
17,absolute,robust_balanced,0.5495953464415451,0.7620967741935484,0.8656488549618321,0.680672268907563,0.6691729323308271,567,88,266,178,88,0.8962831217507963,0.8965776119053608
17,gap,best_f1,7.786060185943633e-05,0.8627654065251166,0.7586520947176685,1.0,0.0037593984962406013,833,265,0,1,265,0.8970145859928185,0.8971944539417468
17,gap,tnr_0.5,0.026668933984525914,0.7888395688015218,0.8360215053763441,0.7466986794717887,0.5413533834586466,622,122,211,144,122,0.8970145859928185,0.8971944539417468
17,gap,tnr_0.7,0.048120095530385994,0.7240649258997883,0.8784246575342466,0.6158463385354142,0.7330827067669173,513,71,320,195,71,0.8970145859928185,0.8971944539417468
17,gap,robust_balanced,0.044570231328764476,0.7406380027739251,0.8768472906403941,0.6410564225690276,0.7180451127819549,534,75,299,191,75,0.8970145859928185,0.8971944539417468
18,absolute,best_f1,0.34921352213815304,0.8825431034482759,0.796692607003891,0.9891304347826086,0.19305019305019305,819,209,9,50,209,0.9103531873426506,0.9105616755222914
18,absolute,tnr_0.5,0.47978406220422365,0.8225806451612904,0.8456632653061225,0.8007246376811594,0.5328185328185329,663,121,165,138,121,0.9103531873426506,0.9105616755222914
18,absolute,tnr_0.7,0.5505529232665857,0.7380281690140845,0.8851351351351351,0.6328502415458938,0.7374517374517374,524,68,304,191,68,0.9103531873426506,0.9105616755222914
18,absolute,robust_balanced,0.5495953464415451,0.739803094233474,0.8855218855218855,0.6352657004830918,0.7374517374517374,526,68,302,191,68,0.9103531873426506,0.9105616755222914
18,gap,best_f1,7.786060185943633e-05,0.8647519582245431,0.7617295308187673,1.0,0.0,828,259,0,0,259,0.8941793680682617,0.8943853457524708
18,gap,tnr_0.5,0.026668933984525914,0.7821590174531351,0.8414464534075105,0.7306763285024155,0.5598455598455598,605,114,223,145,114,0.8941793680682617,0.8943853457524708
18,gap,tnr_0.7,0.048120095530385994,0.7156227501799856,0.8859180035650623,0.6002415458937198,0.752895752895753,497,64,331,195,64,0.8941793680682617,0.8943853457524708
18,gap,robust_balanced,0.044570231328764476,0.730225988700565,0.8792517006802721,0.6243961352657005,0.7258687258687259,517,71,311,188,71,0.8941793680682617,0.8943853457524708
19,absolute,best_f1,0.34921352213815304,0.8710837185413457,0.7801287948482061,0.986046511627907,0.13405797101449277,848,239,12,37,239,0.8959993988365362,0.8962362415338652
19,absolute,tnr_0.5,0.47978406220422365,0.8206039076376554,0.8359469240048251,0.8058139534883721,0.5072463768115942,693,136,167,140,136,0.8959993988365362,0.8962362415338652
19,absolute,tnr_0.7,0.5505529232665857,0.7214236824093087,0.8768718801996672,0.6127906976744186,0.7318840579710145,527,74,333,202,74,0.8959993988365362,0.8962362415338652
19,absolute,robust_balanced,0.5495953464415451,0.7231715652768285,0.8772802653399668,0.6151162790697674,0.7318840579710145,529,74,331,202,74,0.8959993988365362,0.8962362415338652
19,gap,best_f1,7.786060185943633e-05,0.8617234468937875,0.7570422535211268,1.0,0.0,860,276,0,0,276,0.8924077986333347,0.8925805508897924
19,gap,tnr_0.5,0.026668933984525914,0.7642679900744417,0.8191489361702128,0.7162790697674418,0.5072463768115942,616,136,244,140,136,0.8924077986333347,0.8925805508897924
19,gap,tnr_0.7,0.048120095530385994,0.7076710435383552,0.8722316865417377,0.5953488372093023,0.7282608695652174,512,75,348,201,75,0.8924077986333347,0.8925805508897924
19,gap,robust_balanced,0.044570231328764476,0.7256756756756757,0.8661290322580645,0.6244186046511628,0.6992753623188406,537,83,323,193,83,0.8924077986333347,0.8925805508897924
20,absolute,best_f1,0.34921352213815304,0.8700808625336928,0.7782063645130183,0.9865525672371638,0.1958041958041958,807,230,11,56,230,0.8794769956423822,0.8797337368450318
20,absolute,tnr_0.5,0.47978406220422365,0.8106107341147439,0.8181818181818182,0.8031784841075794,0.48951048951048953,657,146,161,140,146,0.8794769956423822,0.8797337368450318
20,absolute,tnr_0.7,0.5505529232665857,0.7237299930410578,0.840064620355412,0.6356968215158925,0.6538461538461539,520,99,298,187,99,0.8794769956423822,0.8797337368450318
20,absolute,robust_balanced,0.5495953464415451,0.7272727272727273,0.841091492776886,0.6405867970660146,0.6538461538461539,524,99,294,187,99,0.8794769956423822,0.8797337368450318
20,gap,best_f1,7.786060185943633e-05,0.8516397709526289,0.7416137805983681,1.0,0.0034965034965034965,818,285,0,1,285,0.8776092586843882,0.8778398842130248
20,gap,tnr_0.5,0.026668933984525914,0.7859424920127795,0.8232931726907631,0.7518337408312958,0.5384615384615384,615,132,203,154,132,0.8776092586843882,0.8778398842130248
20,gap,tnr_0.7,0.048120095530385994,0.7198859586600143,0.8632478632478633,0.617359413202934,0.7202797202797203,505,80,313,206,80,0.8776092586843882,0.8778398842130248
20,gap,robust_balanced,0.044570231328764476,0.7377963737796374,0.8587662337662337,0.6466992665036675,0.6958041958041958,529,87,289,199,87,0.8776092586843882,0.8778398842130248
21,absolute,best_f1,0.34921352213815304,0.8727465535524921,0.7800947867298578,0.9903730445246691,0.1111111111111111,823,232,8,29,232,0.8593731405271429,0.8597989509531768
21,absolute,tnr_0.5,0.47978406220422365,0.8238123872519543,0.8233173076923077,0.8243080625752106,0.4367816091954023,685,147,146,114,147,0.8593731405271429,0.8597989509531768
21,absolute,tnr_0.7,0.5505529232665857,0.7171646977067407,0.8486842105263158,0.6209386281588448,0.6475095785440613,516,92,315,169,92,0.8593731405271429,0.8597989509531768
21,absolute,robust_balanced,0.5495953464415451,0.7233748271092669,0.8504065040650407,0.6293622141997594,0.6475095785440613,523,92,308,169,92,0.8593731405271429,0.8597989509531768
21,gap,best_f1,7.786060185943633e-05,0.8642745709828393,0.760989010989011,1.0,0.0,831,261,0,0,261,0.8629177460940677,0.8631882346176788
21,gap,tnr_0.5,0.026668933984525914,0.750161394448031,0.8091922005571031,0.6991576413959085,0.47509578544061304,581,137,250,124,137,0.8629177460940677,0.8631882346176788
21,gap,tnr_0.7,0.048120095530385994,0.6796818510484454,0.8514492753623188,0.5655836341756919,0.685823754789272,470,82,361,179,82,0.8629177460940677,0.8631882346176788
21,gap,robust_balanced,0.044570231328764476,0.6992215145081387,0.8487972508591065,0.5944645006016848,0.6628352490421456,494,88,337,173,88,0.8629177460940677,0.8631882346176788
22,absolute,best_f1,0.34921352213815304,0.8647242455775234,0.7694444444444445,0.9869358669833729,0.13541666666666666,831,249,11,39,249,0.8734445934581121,0.8737750811417777
22,absolute,tnr_0.5,0.47978406220422365,0.8182356423919479,0.8158205430932703,0.8206650831353919,0.4583333333333333,691,156,151,132,156,0.8734445934581121,0.8737750811417777
22,absolute,tnr_0.7,0.5505529232665857,0.722972972972973,0.8385579937304075,0.6353919239904988,0.6423611111111112,535,103,307,185,103,0.8734445934581121,0.8737750811417777
22,absolute,robust_balanced,0.5495953464415451,0.7246963562753036,0.8390625,0.6377672209026128,0.6423611111111112,537,103,305,185,103,0.8734445934581121,0.8737750811417777
22,gap,best_f1,7.786060185943633e-05,0.854388635210553,0.745792736935341,1.0,0.003472222222222222,842,287,0,1,287,0.8864964306831293,0.886673376283725
22,gap,tnr_0.5,0.026668933984525914,0.7720174890693317,0.8142292490118577,0.7339667458432304,0.5104166666666666,618,141,224,147,141,0.8864964306831293,0.886673376283725
22,gap,tnr_0.7,0.048120095530385994,0.717136958017894,0.8527004909983633,0.6187648456057007,0.6875,521,90,321,198,90,0.8864964306831293,0.886673376283725
22,gap,robust_balanced,0.044570231328764476,0.7342799188640974,0.8524332810047096,0.6448931116389549,0.6736111111111112,543,94,299,194,94,0.8864964306831293,0.886673376283725
23,absolute,best_f1,0.34921352213815304,0.8539682539682539,0.7570356472795498,0.9793689320388349,0.0683453237410072,807,259,17,19,259,0.8967196069878197,0.896914558849032
23,absolute,tnr_0.5,0.47978406220422365,0.8126550868486352,0.8312182741116751,0.7949029126213593,0.5215827338129496,655,133,169,145,133,0.8967196069878197,0.896914558849032
23,absolute,tnr_0.7,0.5505529232665857,0.7186392629340893,0.8637137989778535,0.6152912621359223,0.7122302158273381,507,80,317,198,80,0.8967196069878197,0.896914558849032
23,absolute,robust_balanced,0.5495953464415451,0.7230443974630021,0.8621848739495799,0.6225728155339806,0.7050359712230215,513,82,311,196,82,0.8967196069878197,0.896914558849032
23,gap,best_f1,7.786060185943633e-05,0.8565488565488566,0.7490909090909091,1.0,0.007194244604316547,824,276,0,2,276,0.8660611575115199,0.8663156126537064
23,gap,tnr_0.5,0.026668933984525914,0.755353666450357,0.8117154811715481,0.7063106796116505,0.5143884892086331,582,135,242,143,135,0.8660611575115199,0.8663156126537064
23,gap,tnr_0.7,0.048120095530385994,0.68014440433213,0.839572192513369,0.5716019417475728,0.6762589928057554,471,90,353,188,90,0.8660611575115199,0.8663156126537064
23,gap,robust_balanced,0.044570231328764476,0.6983002832861189,0.8384353741496599,0.5983009708737864,0.658273381294964,493,95,331,183,95,0.8660611575115199,0.8663156126537064
24,absolute,best_f1,0.34921352213815304,0.8797145769622834,0.7924701561065197,0.9885452462772051,0.13076923076923078,863,226,10,34,226,0.9071092803311164,0.9072897240487304
24,absolute,tnr_0.5,0.47978406220422365,0.8312138728323699,0.838973162193699,0.8235967926689576,0.46923076923076923,719,138,154,122,138,0.9071092803311164,0.9072897240487304
24,absolute,tnr_0.7,0.5505529232665857,0.7441253263707572,0.8649468892261002,0.6529209621993127,0.6576923076923077,570,89,303,171,89,0.9071092803311164,0.9072897240487304
24,absolute,robust_balanced,0.5495953464415451,0.7465798045602606,0.8655589123867069,0.6563573883161512,0.6576923076923077,573,89,300,171,89,0.9071092803311164,0.9072897240487304
24,gap,best_f1,7.786060185943633e-05,0.8708229426433916,0.7712014134275619,1.0,0.0038461538461538464,873,259,0,1,259,0.8883061948041138,0.8885183990232367
24,gap,tnr_0.5,0.026668933984525914,0.7619047619047619,0.8279569892473119,0.7056128293241696,0.5076923076923077,616,128,257,132,128,0.8883061948041138,0.8885183990232367
24,gap,tnr_0.7,0.048120095530385994,0.6945024356297843,0.8847517730496454,0.5715922107674685,0.75,499,65,374,195,65,0.8883061948041138,0.8885183990232367
24,gap,robust_balanced,0.044570231328764476,0.7089297886843899,0.8754208754208754,0.5956471935853379,0.7153846153846154,520,74,353,186,74,0.8883061948041138,0.8885183990232367
25,absolute,best_f1,0.34921352213815304,0.8582375478927203,0.7701375245579568,0.969097651421508,0.13011152416356878,784,234,25,35,234,0.887658328956614,0.8879277763239293
25,absolute,tnr_0.5,0.47978406220422365,0.8108448928121059,0.8275418275418276,0.7948084054388134,0.5018587360594795,643,134,166,135,134,0.887658328956614,0.8879277763239293
25,absolute,tnr_0.7,0.5505529232665857,0.7067448680351907,0.8684684684684685,0.595797280593325,0.7286245353159851,482,73,327,196,73,0.887658328956614,0.8879277763239293
25,absolute,robust_balanced,0.5495953464415451,0.7081199707388441,0.8673835125448028,0.5982694684796045,0.724907063197026,484,74,325,195,74,0.887658328956614,0.8879277763239293
25,gap,best_f1,7.786060185943633e-05,0.8579003181336161,0.7511606313834726,1.0,0.0037174721189591076,809,268,0,1,268,0.8785094502742578,0.8787606162157283
25,gap,tnr_0.5,0.026668933984525914,0.7719974309569685,0.803475935828877,0.7428924598269468,0.45353159851301117,601,147,208,122,147,0.8785094502742578,0.8787606162157283
25,gap,tnr_0.7,0.048120095530385994,0.7041847041847041,0.8457538994800693,0.6032138442521632,0.6691449814126395,488,89,321,180,89,0.8785094502742578,0.8787606162157283
25,gap,robust_balanced,0.044570231328764476,0.7274001401541695,0.8398058252427184,0.6415327564894932,0.6319702602230484,519,99,290,170,99,0.8785094502742578,0.8787606162157283
26,absolute,best_f1,0.34921352213815304,0.8741044012282497,0.7806215722120659,0.9930232558139535,0.14893617021276595,854,240,6,42,240,0.8791566979637881,0.8794827781579223
26,absolute,tnr_0.5,0.47978406220422365,0.832854681217691,0.8229284903518729,0.8430232558139535,0.44680851063829785,725,156,135,126,156,0.8791566979637881,0.8794827781579223
26,absolute,tnr_0.7,0.5505529232665857,0.7380952380952381,0.8558282208588958,0.6488372093023256,0.6666666666666666,558,94,302,188,94,0.8791566979637881,0.8794827781579223
26,absolute,robust_balanced,0.5495953464415451,0.7421052631578947,0.8545454545454545,0.6558139534883721,0.6595744680851063,564,96,296,186,96,0.8791566979637881,0.8794827781579223
26,gap,best_f1,7.786060185943633e-05,0.8591408591408591,0.7530647985989493,1.0,0.0,860,282,0,0,282,0.86677837975427,0.8670435492206441
26,gap,tnr_0.5,0.026668933984525914,0.7524752475247525,0.8042328042328042,0.7069767441860465,0.475177304964539,608,148,252,134,148,0.86677837975427,0.8670435492206441
26,gap,tnr_0.7,0.048120095530385994,0.6859903381642513,0.8438030560271647,0.577906976744186,0.6737588652482269,497,92,363,190,92,0.86677837975427,0.8670435492206441
26,gap,robust_balanced,0.044570231328764476,0.7014925373134329,0.8420195439739414,0.6011627906976744,0.6560283687943262,517,97,343,185,97,0.86677837975427,0.8670435492206441
27,absolute,best_f1,0.34921352213815304,0.8625792811839323,0.7712665406427222,0.9784172661870504,0.11678832116788321,816,242,18,32,242,0.8847971054991293,0.8850832320329014
27,absolute,tnr_0.5,0.47978406220422365,0.7943174799258802,0.8191082802547771,0.7709832134292566,0.48175182481751827,643,142,191,132,142,0.8847971054991293,0.8850832320329014
27,absolute,tnr_0.7,0.5505529232665857,0.7109540636042403,0.8657487091222031,0.6031175059952039,0.7153284671532847,503,78,331,196,78,0.8847971054991293,0.8850832320329014
27,absolute,robust_balanced,0.5495953464415451,0.7176966292134831,0.8661016949152542,0.6127098321342925,0.7116788321167883,511,79,323,195,79,0.8847971054991293,0.8850832320329014
27,gap,best_f1,7.786060185943633e-05,0.858908341915551,0.7527075812274369,1.0,0.0,834,274,0,0,274,0.8660193427771095,0.8662756058974412
27,gap,tnr_0.5,0.026668933984525914,0.7517372078332281,0.794392523364486,0.7134292565947242,0.43795620437956206,595,154,239,120,154,0.8660193427771095,0.8662756058974412
27,gap,tnr_0.7,0.048120095530385994,0.6841359773371105,0.8356401384083045,0.579136690647482,0.6532846715328468,483,95,351,179,95,0.8660193427771095,0.8662756058974412
27,gap,robust_balanced,0.044570231328764476,0.6986778009742519,0.8325041459369817,0.6019184652278178,0.6313868613138686,502,101,332,173,101,0.8660193427771095,0.8662756058974412
28,absolute,best_f1,0.34921352213815304,0.8742705570291777,0.7840152235965747,0.988009592326139,0.14015151515151514,824,227,10,37,227,0.8848173489547884,0.885056156938147
28,absolute,tnr_0.5,0.47978406220422365,0.819672131147541,0.8302583025830258,0.8093525179856115,0.4772727272727273,675,138,159,126,138,0.8848173489547884,0.885056156938147
28,absolute,tnr_0.7,0.5505529232665857,0.7306629834254144,0.8615635179153095,0.6342925659472423,0.678030303030303,529,85,305,179,85,0.8848173489547884,0.885056156938147
28,absolute,robust_balanced,0.5495953464415451,0.7336545079146594,0.8610662358642972,0.6390887290167866,0.6742424242424242,533,86,301,178,86,0.8848173489547884,0.885056156938147
28,gap,best_f1,7.786060185943633e-05,0.8638011393060591,0.7602552415679125,1.0,0.003787878787878788,834,263,0,1,263,0.871377217456667,0.8716312275263192
28,gap,tnr_0.5,0.026668933984525914,0.7614795918367347,0.8133514986376021,0.7158273381294964,0.4810606060606061,597,137,237,127,137,0.871377217456667,0.8716312275263192
28,gap,tnr_0.7,0.048120095530385994,0.6861626248216833,0.846830985915493,0.5767386091127098,0.6704545454545454,481,87,353,177,87,0.871377217456667,0.8716312275263192
28,gap,robust_balanced,0.044570231328764476,0.705800139762404,0.8458961474036851,0.605515587529976,0.6515151515151515,505,92,329,172,92,0.871377217456667,0.8716312275263192
29,absolute,best_f1,0.34921352213815304,0.859236002093145,0.7658582089552238,0.9785458879618594,0.07720588235294118,821,251,18,21,251,0.8972132841534182,0.8974537061437969
29,absolute,tnr_0.5,0.47978406220422365,0.8225317989097517,0.8362068965517241,0.8092967818831943,0.5110294117647058,679,133,160,139,133,0.8972132841534182,0.8974537061437969
29,absolute,tnr_0.7,0.5505529232665857,0.732728541521284,0.8838383838383839,0.6257449344457687,0.7463235294117647,525,69,314,203,69,0.8972132841534182,0.8974537061437969
29,absolute,robust_balanced,0.5495953464415451,0.7343532684283728,0.8814691151919867,0.6293206197854588,0.7389705882352942,528,71,311,201,71,0.8972132841534182,0.8974537061437969
29,gap,best_f1,7.786060185943633e-05,0.8609543355566958,0.7558558558558559,1.0,0.003676470588235294,839,271,0,1,271,0.8863716827686606,0.8866032129398441
29,gap,tnr_0.5,0.026668933984525914,0.7894406033940917,0.8351063829787234,0.7485101311084624,0.5441176470588235,628,124,211,148,124,0.8863716827686606,0.8866032129398441
29,gap,tnr_0.7,0.048120095530385994,0.7175893482831114,0.8707482993197279,0.6102502979737783,0.7205882352941176,512,76,327,196,76,0.8863716827686606,0.8866032129398441
29,gap,robust_balanced,0.044570231328764476,0.7348901098901099,0.86709886547812,0.6376638855780691,0.6985294117647058,535,82,304,190,82,0.8863716827686606,0.8866032129398441
30,absolute,best_f1,0.34921352213815304,0.8731958762886598,0.7806451612903226,0.9906432748538012,0.14695340501792115,847,238,8,41,238,0.9135314642353759,0.9137315429163687
30,absolute,tnr_0.5,0.47978406220422365,0.827710843373494,0.853416149068323,0.8035087719298246,0.5770609318996416,687,118,168,161,118,0.9135314642353759,0.9137315429163687
30,absolute,tnr_0.7,0.5505529232665857,0.7549219280380176,0.8996763754045307,0.6502923976608187,0.7777777777777778,556,62,299,217,62,0.9135314642353759,0.9137315429163687
30,absolute,robust_balanced,0.5495953464415451,0.7591339648173207,0.9004815409309791,0.656140350877193,0.7777777777777778,561,62,294,217,62,0.9135314642353759,0.9137315429163687
30,gap,best_f1,7.786060185943633e-05,0.8597285067873304,0.753968253968254,1.0,0.0,855,279,0,0,279,0.8907828489746924,0.8909755956911148
30,gap,tnr_0.5,0.026668933984525914,0.7450980392156863,0.8112947658402204,0.6888888888888889,0.5089605734767025,589,137,266,142,137,0.8907828489746924,0.8909755956911148
30,gap,tnr_0.7,0.048120095530385994,0.6894586894586895,0.8816029143897997,0.5660818713450292,0.7670250896057348,484,65,371,214,65,0.8907828489746924,0.8909755956911148
30,gap,robust_balanced,0.044570231328764476,0.7021723896285914,0.8758741258741258,0.5859649122807018,0.7455197132616488,501,71,354,208,71,0.8907828489746924,0.8909755956911148
31,absolute,best_f1,0.34921352213815304,0.861995753715499,0.7631578947368421,0.9902439024390244,0.14285714285714285,812,252,8,42,252,0.8811943496140404,0.8814845774289598
31,absolute,tnr_0.5,0.47978406220422365,0.827460510328068,0.8244552058111381,0.8304878048780487,0.5068027210884354,681,145,139,149,145,0.8811943496140404,0.8814845774289598
31,absolute,tnr_0.7,0.5505529232665857,0.7360441075120606,0.8462757527733756,0.651219512195122,0.6700680272108843,534,97,286,197,97,0.8811943496140404,0.8814845774289598
31,absolute,robust_balanced,0.5495953464415451,0.7424657534246575,0.846875,0.6609756097560976,0.6666666666666666,542,98,278,196,98,0.8811943496140404,0.8814845774289598
31,gap,best_f1,7.786060185943633e-05,0.8479834539813857,0.7360861759425493,1.0,0.0,820,294,0,0,294,0.8364080188381753,0.8368099354018039
31,gap,tnr_0.5,0.026668933984525914,0.7461538461538462,0.7864864864864864,0.7097560975609756,0.46258503401360546,582,158,238,136,158,0.8364080188381753,0.8368099354018039
31,gap,tnr_0.7,0.048120095530385994,0.6681254558716265,0.8312159709618875,0.5585365853658537,0.6836734693877551,458,93,362,201,93,0.8364080188381753,0.8368099354018039
31,gap,robust_balanced,0.044570231328764476,0.6824372759856631,0.8278260869565217,0.5804878048780487,0.6632653061224489,476,99,344,195,99,0.8364080188381753,0.8368099354018039
32,absolute,best_f1,0.34921352213815304,0.8600979858464889,0.7632850241545893,0.9850374064837906,0.16382252559726962,790,245,12,48,245,0.8844964338331225,0.8847656679913544
32,absolute,tnr_0.5,0.47978406220422365,0.8288177339901478,0.818734793187348,0.8391521197007481,0.49146757679180886,673,149,129,144,149,0.8844964338331225,0.8847656679913544
32,absolute,tnr_0.7,0.5505529232665857,0.7302725968436155,0.8597972972972973,0.6346633416458853,0.7167235494880546,509,83,293,210,83,0.8844964338331225,0.8847656679913544
32,absolute,robust_balanced,0.5495953464415451,0.7337615988579586,0.8580968280467446,0.6408977556109726,0.7098976109215017,514,85,288,208,85,0.8844964338331225,0.8847656679913544
32,gap,best_f1,7.786060185943633e-05,0.8459915611814346,0.7330895795246801,1.0,0.0034129692832764505,802,292,0,1,292,0.8862793616940313,0.8864962369288072
32,gap,tnr_0.5,0.026668933984525914,0.7955729166666666,0.832425068119891,0.7618453865336658,0.5802047781569966,611,123,191,170,123,0.8862793616940313,0.8864962369288072
32,gap,tnr_0.7,0.048120095530385994,0.7433881343817013,0.8710217755443886,0.6483790523690773,0.7372013651877133,520,77,282,216,77,0.8862793616940313,0.8864962369288072
32,gap,robust_balanced,0.044570231328764476,0.7621052631578947,0.8715890850722311,0.6770573566084788,0.726962457337884,543,80,259,213,80,0.8862793616940313,0.8864962369288072
33,absolute,best_f1,0.34921352213815304,0.8584856396866841,0.7618164967562558,0.9832535885167464,0.09824561403508772,822,257,14,28,257,0.8622466590386768,0.8625626415562996
33,absolute,tnr_0.5,0.47978406220422365,0.7921146953405018,0.7911694510739857,0.7930622009569378,0.38596491228070173,663,175,173,110,175,0.8622466590386768,0.8625626415562996
33,absolute,tnr_0.7,0.5505529232665857,0.6892733564013841,0.8177339901477833,0.5956937799043063,0.6105263157894737,498,111,338,174,111,0.8622466590386768,0.8625626415562996
33,absolute,robust_balanced,0.5495953464415451,0.6901311249137336,0.8156606851549756,0.5980861244019139,0.6035087719298246,500,113,336,172,113,0.8622466590386768,0.8625626415562996
33,gap,best_f1,7.786060185943633e-05,0.8543689320388349,0.7457627118644068,1.0,0.0,836,285,0,0,285,0.881459848716118,0.8816888822875351
33,gap,tnr_0.5,0.026668933984525914,0.784019975031211,0.8198433420365535,0.7511961722488039,0.5157894736842106,628,138,208,147,138,0.881459848716118,0.8816888822875351
33,gap,tnr_0.7,0.048120095530385994,0.7231089521165857,0.8611570247933884,0.6232057416267942,0.7052631578947368,521,84,315,201,84,0.881459848716118,0.8816888822875351
33,gap,robust_balanced,0.044570231328764476,0.7423521414004078,0.8598425196850393,0.65311004784689,0.6877192982456141,546,89,290,196,89,0.881459848716118,0.8816888822875351
34,absolute,best_f1,0.34921352213815304,0.8783068783068783,0.7934990439770554,0.9834123222748815,0.18181818181818182,830,216,14,48,216,0.9225238056636212,0.9226761616538173
34,absolute,tnr_0.5,0.47978406220422365,0.8424206111443978,0.8521212121212122,0.8329383886255924,0.5378787878787878,703,122,141,142,122,0.9225238056636212,0.9226761616538173
34,absolute,tnr_0.7,0.5505529232665857,0.7510373443983402,0.9019933554817275,0.6433649289099526,0.7765151515151515,543,59,301,205,59,0.9225238056636212,0.9226761616538173
34,absolute,robust_balanced,0.5495953464415451,0.7543014452856159,0.8998357963875205,0.6492890995260664,0.7689393939393939,548,61,296,203,61,0.9225238056636212,0.9226761616538173
34,gap,best_f1,7.786060185943633e-05,0.866974833076528,0.7651858567543064,1.0,0.01893939393939394,844,259,0,5,259,0.8928572801332025,0.8930754848150253
34,gap,tnr_0.5,0.026668933984525914,0.7807351077313055,0.8392370572207084,0.7298578199052133,0.553030303030303,616,118,228,146,118,0.8928572801332025,0.8930754848150253
34,gap,tnr_0.7,0.048120095530385994,0.7189908899789769,0.8799313893653516,0.6078199052132701,0.7348484848484849,513,70,331,194,70,0.8928572801332025,0.8930754848150253
34,gap,robust_balanced,0.044570231328764476,0.7361206305688828,0.8731707317073171,0.6362559241706162,0.7045454545454546,537,78,307,186,78,0.8928572801332025,0.8930754848150253
35,absolute,best_f1,0.34921352213815304,0.8628294782140936,0.7638095238095238,0.9913473423980222,0.14186851211072665,802,248,7,41,248,0.9079333043153279,0.9080960951281034
35,absolute,tnr_0.5,0.47978406220422365,0.8297742525930445,0.8192771084337349,0.8405438813349815,0.4809688581314879,680,150,129,139,150,0.9079333043153279,0.9080960951281034
35,absolute,tnr_0.7,0.5505529232665857,0.7383309759547383,0.8628099173553719,0.6452410383189122,0.71280276816609,522,83,287,206,83,0.9079333043153279,0.9080960951281034
35,absolute,robust_balanced,0.5495953464415451,0.7422535211267606,0.8625204582651391,0.6514215080346106,0.7093425605536332,527,84,282,205,84,0.9079333043153279,0.9080960951281034
35,gap,best_f1,7.786060185943633e-05,0.8488982161594963,0.7374658158614403,1.0,0.0034602076124567475,809,288,0,1,288,0.8743007585329935,0.874562914217567
35,gap,tnr_0.5,0.026668933984525914,0.7847133757961784,0.80946123521682,0.761433868974042,0.4982698961937716,616,145,193,144,145,0.8743007585329935,0.874562914217567
35,gap,tnr_0.7,0.048120095530385994,0.7190850607576841,0.8525423728813559,0.6217552533992583,0.698961937716263,503,87,306,202,87,0.8743007585329935,0.874562914217567
35,gap,robust_balanced,0.044570231328764476,0.7331460674157303,0.848780487804878,0.6452410383189122,0.6782006920415224,522,93,287,196,93,0.8743007585329935,0.874562914217567
36,absolute,best_f1,0.34921352213815304,0.8625994694960212,0.7640977443609023,0.9902557856272838,0.10357142857142858,813,251,8,29,251,0.9101955636514621,0.9103689715439444
36,absolute,tnr_0.5,0.47978406220422365,0.8464831804281345,0.8501228501228502,0.8428745432399513,0.5642857142857143,692,122,129,158,122,0.9101955636514621,0.9103689715439444
36,absolute,tnr_0.7,0.5505529232665857,0.7566433566433567,0.8883415435139573,0.658952496954933,0.7571428571428571,541,68,280,212,68,0.9101955636514621,0.9103689715439444
36,absolute,robust_balanced,0.5495953464415451,0.7578506629448709,0.8872549019607843,0.6613885505481121,0.7535714285714286,543,69,278,211,69,0.9101955636514621,0.9103689715439444
36,gap,best_f1,7.786060185943633e-05,0.854318418314256,0.745685740236149,1.0,0.0,821,280,0,0,280,0.8668361290068455,0.8670929762843391
36,gap,tnr_0.5,0.026668933984525914,0.7703889585947302,0.7943078913324709,0.7478684531059683,0.43214285714285716,614,159,207,121,159,0.8668361290068455,0.8670929762843391
36,gap,tnr_0.7,0.048120095530385994,0.7182705718270572,0.8401305057096248,0.6272838002436053,0.65,515,98,306,182,98,0.8668361290068455,0.8670929762843391
36,gap,robust_balanced,0.044570231328764476,0.7323750855578371,0.8359375,0.6516443361753959,0.625,535,105,286,175,105,0.8668361290068455,0.8670929762843391
37,absolute,best_f1,0.34921352213815304,0.8641188959660298,0.7693761814744802,0.9854721549636803,0.10622710622710622,814,244,12,29,244,0.8986955036537377,0.8989171099012218
37,absolute,tnr_0.5,0.47978406220422365,0.8373493975903614,0.8333333333333334,0.8414043583535109,0.4908424908424908,695,139,131,134,139,0.8986955036537377,0.8989171099012218
37,absolute,tnr_0.7,0.5505529232665857,0.7465181058495822,0.8786885245901639,0.648910411622276,0.7289377289377289,536,74,290,199,74,0.8986955036537377,0.8989171099012218
37,absolute,robust_balanced,0.5495953464415451,0.7498267498267498,0.8768233387358185,0.6549636803874092,0.7216117216117216,541,76,285,197,76,0.8986955036537377,0.8989171099012218
37,gap,best_f1,7.786060185943633e-05,0.8595213319458896,0.7536496350364964,1.0,0.01098901098901099,826,270,0,3,270,0.8905824493789664,0.8907429946399494
37,gap,tnr_0.5,0.026668933984525914,0.7666666666666667,0.8147138964577657,0.7239709443099274,0.5018315018315018,598,136,228,137,136,0.8905824493789664,0.8907429946399494
37,gap,tnr_0.7,0.048120095530385994,0.7134751773049646,0.8613013698630136,0.6089588377723971,0.7032967032967034,503,81,323,192,81,0.8905824493789664,0.8907429946399494
37,gap,robust_balanced,0.044570231328764476,0.7282913165266106,0.8637873754152824,0.6295399515738499,0.6996336996336996,520,82,306,191,82,0.8905824493789664,0.8907429946399494
38,absolute,best_f1,0.34921352213815304,0.8731182795698925,0.7837837837837838,0.9854368932038835,0.1450381679389313,812,224,12,38,224,0.8924869476890401,0.8927425260164439
38,absolute,tnr_0.5,0.47978406220422365,0.823960880195599,0.8300492610837439,0.8179611650485437,0.4732824427480916,674,138,150,124,138,0.8924869476890401,0.8927425260164439
38,absolute,tnr_0.7,0.5505529232665857,0.7113328581610834,0.8618307426597582,0.6055825242718447,0.6946564885496184,499,80,325,182,80,0.8924869476890401,0.8927425260164439
38,absolute,robust_balanced,0.5495953464415451,0.7143869596031184,0.858603066439523,0.6116504854368932,0.683206106870229,504,83,320,179,83,0.8924869476890401,0.8927425260164439
38,gap,best_f1,7.786060185943633e-05,0.8637316561844863,0.7601476014760148,1.0,0.007633587786259542,824,260,0,2,260,0.8891100264600914,0.8893173978579761
38,gap,tnr_0.5,0.026668933984525914,0.763140817650876,0.8200836820083682,0.7135922330097088,0.5076335877862596,588,129,236,133,129,0.8891100264600914,0.8893173978579761
38,gap,tnr_0.7,0.048120095530385994,0.6939371804236669,0.8715596330275229,0.5764563106796117,0.732824427480916,475,70,349,192,70,0.8891100264600914,0.8893173978579761
38,gap,robust_balanced,0.044570231328764476,0.7172512526843235,0.8743455497382199,0.6080097087378641,0.7251908396946565,501,72,323,190,72,0.8891100264600914,0.8893173978579761
39,absolute,best_f1,0.34921352213815304,0.8605744125326371,0.764378478664193,0.984468339307049,0.08960573476702509,824,254,13,25,254,0.865766268503503,0.8661180266726016
39,absolute,tnr_0.5,0.47978406220422365,0.8007138607971446,0.79739336492891,0.8040621266427718,0.3870967741935484,673,171,164,108,171,0.865766268503503,0.8661180266726016
39,absolute,tnr_0.7,0.5505529232665857,0.713506139154161,0.8314785373608903,0.6248506571087217,0.6200716845878136,523,106,314,173,106,0.865766268503503,0.8661180266726016
39,absolute,robust_balanced,0.5495953464415451,0.7170068027210884,0.8325434439178515,0.6296296296296297,0.6200716845878136,527,106,310,173,106,0.865766268503503,0.8661180266726016
39,gap,best_f1,7.786060185943633e-05,0.8575819672131147,0.7506726457399103,1.0,0.0035842293906810036,837,278,0,1,278,0.8674548948886452,0.867737024571227
39,gap,tnr_0.5,0.026668933984525914,0.7688473520249222,0.8033854166666666,0.7371565113500598,0.45878136200716846,617,151,220,128,151,0.8674548948886452,0.867737024571227
39,gap,tnr_0.7,0.048120095530385994,0.7131997235659986,0.8459016393442623,0.6164874551971327,0.6630824372759857,516,94,321,185,94,0.8674548948886452,0.867737024571227
39,gap,robust_balanced,0.044570231328764476,0.7315753887762001,0.8426791277258567,0.6463560334528077,0.6379928315412187,541,101,296,178,101,0.8674548948886452,0.867737024571227
40,absolute,best_f1,0.34921352213815304,0.8551427032848681,0.7612655800575263,0.9754299754299754,0.1644295302013423,794,249,20,49,249,0.8965223403697802,0.8967668960270174
40,absolute,tnr_0.5,0.47978406220422365,0.8440145102781137,0.830952380952381,0.8574938574938575,0.5234899328859061,698,142,116,156,142,0.8965223403697802,0.8967668960270174
40,absolute,tnr_0.7,0.5505529232665857,0.7691247415575465,0.8759811616954474,0.6855036855036855,0.7348993288590604,558,79,256,219,79,0.8965223403697802,0.8967668960270174
40,absolute,robust_balanced,0.5495953464415451,0.7708189951823813,0.8763693270735524,0.687960687960688,0.7348993288590604,560,79,254,219,79,0.8965223403697802,0.8967668960270174
40,gap,best_f1,7.786060185943633e-05,0.8452751817237798,0.7320143884892086,1.0,0.0,814,298,0,0,298,0.8534886981316184,0.8538016034166364
40,gap,tnr_0.5,0.026668933984525914,0.763613068545804,0.7978580990629184,0.7321867321867321,0.49328859060402686,596,151,218,147,151,0.8534886981316184,0.8538016034166364
40,gap,tnr_0.7,0.048120095530385994,0.7010752688172043,0.8416523235800344,0.6007371007371007,0.6912751677852349,489,92,325,206,92,0.8534886981316184,0.8538016034166364
40,gap,robust_balanced,0.044570231328764476,0.7157894736842105,0.8346972176759411,0.6265356265356266,0.6610738255033557,510,101,304,197,101,0.8534886981316184,0.8538016034166364
41,absolute,best_f1,0.34921352213815304,0.8693361433087461,0.7775683317624882,0.985663082437276,0.1601423487544484,825,236,12,45,236,0.8818597398916593,0.8821603185919786
41,absolute,tnr_0.5,0.47978406220422365,0.8137432188065099,0.8211678832116789,0.8064516129032258,0.47686832740213525,675,147,162,134,147,0.8818597398916593,0.8821603185919786
41,absolute,tnr_0.7,0.5505529232665857,0.7072135785007072,0.8665511265164645,0.5973715651135006,0.7259786476868327,500,77,337,204,77,0.8818597398916593,0.8821603185919786
41,absolute,robust_balanced,0.5495953464415451,0.7103594080338267,0.865979381443299,0.6021505376344086,0.7224199288256228,504,78,333,203,78,0.8818597398916593,0.8821603185919786
41,gap,best_f1,7.786060185943633e-05,0.8571428571428571,0.75,1.0,0.0071174377224199285,837,279,0,2,279,0.8753757184232005,0.8756063596194983
41,gap,tnr_0.5,0.026668933984525914,0.7579214195183777,0.8070175438596491,0.7144563918757467,0.49110320284697506,598,143,239,138,143,0.8753757184232005,0.8756063596194983
41,gap,tnr_0.7,0.048120095530385994,0.6862885857860732,0.8597122302158273,0.5710872162485066,0.7224199288256228,478,78,359,203,78,0.8753757184232005,0.8756063596194983
41,gap,robust_balanced,0.044570231328764476,0.7056338028169014,0.8593481989708405,0.5985663082437276,0.708185053380783,501,82,336,199,82,0.8753757184232005,0.8756063596194983
42,absolute,best_f1,0.34921352213815304,0.8538837588267246,0.7586872586872587,0.9763975155279503,0.16666666666666666,786,250,19,50,250,0.8839621266817124,0.8842557387838044
42,absolute,tnr_0.5,0.47978406220422365,0.8190356919223544,0.8257575757575758,0.8124223602484472,0.54,654,138,151,162,138,0.8839621266817124,0.8842557387838044
42,absolute,tnr_0.7,0.5505529232665857,0.7199424046076314,0.8561643835616438,0.6211180124223602,0.72,500,84,305,216,84,0.8839621266817124,0.8842557387838044
42,absolute,robust_balanced,0.5495953464415451,0.7225806451612903,0.8542372881355932,0.6260869565217392,0.7133333333333334,504,86,301,214,86,0.8839621266817124,0.8842557387838044
42,gap,best_f1,7.786060185943633e-05,0.8429319371727748,0.7285067873303167,1.0,0.0,805,300,0,0,300,0.8723579887392383,0.8725883748387508
42,gap,tnr_0.5,0.026668933984525914,0.7490144546649146,0.7949790794979079,0.7080745341614907,0.51,570,147,235,153,147,0.8723579887392383,0.8725883748387508
42,gap,tnr_0.7,0.048120095530385994,0.6896551724137931,0.8422939068100358,0.5838509316770186,0.7066666666666667,470,88,335,212,88,0.8723579887392383,0.8725883748387508
42,gap,robust_balanced,0.044570231328764476,0.7008670520231214,0.8376511226252159,0.6024844720496895,0.6866666666666666,485,94,320,206,94,0.8723579887392383,0.8725883748387508
43,absolute,best_f1,0.34921352213815304,0.8665931642778391,0.7751479289940828,0.9825,0.15867158671586715,786,228,14,43,228,0.9052861259501991,0.9054889549941704
43,absolute,tnr_0.5,0.47978406220422365,0.83875,0.83875,0.83875,0.5239852398523985,671,129,129,142,129,0.9052861259501991,0.9054889549941704
43,absolute,tnr_0.7,0.5505529232665857,0.7572254335260116,0.8972602739726028,0.655,0.7785977859778598,524,60,276,211,60,0.9052861259501991,0.9054889549941704
43,absolute,robust_balanced,0.5495953464415451,0.7602591792656588,0.8964346349745331,0.66,0.7749077490774908,528,61,272,210,61,0.9052861259501991,0.9054889549941704
43,gap,best_f1,7.786060185943633e-05,0.8560727661851257,0.7483629560336763,1.0,0.007380073800738007,800,269,0,2,269,0.886056604557939,0.8862502784181056
43,gap,tnr_0.5,0.026668933984525914,0.7751633986928105,0.8123287671232877,0.74125,0.4944649446494465,593,137,207,134,137,0.886056604557939,0.8862502784181056
43,gap,tnr_0.7,0.048120095530385994,0.7123088128186453,0.8534031413612565,0.61125,0.6900369003690037,489,84,311,187,84,0.886056604557939,0.8862502784181056
43,gap,robust_balanced,0.044570231328764476,0.7260963335729691,0.8544839255499154,0.63125,0.6826568265682657,505,86,295,185,86,0.886056604557939,0.8862502784181056
44,absolute,best_f1,0.34921352213815304,0.8591703056768559,0.7693059628543499,0.9728059332509271,0.10606060606060606,787,236,22,28,236,0.8864135766091708,0.8866834833879046
44,absolute,tnr_0.5,0.47978406220422365,0.8253573648228714,0.83,0.8207663782447466,0.48484848484848486,664,136,145,128,136,0.8864135766091708,0.8866834833879046
44,absolute,tnr_0.7,0.5505529232665857,0.7132564841498559,0.8549222797927462,0.6118665018541409,0.6818181818181818,495,84,314,180,84,0.8864135766091708,0.8866834833879046
44,absolute,robust_balanced,0.5495953464415451,0.7206303724928367,0.8568994889267462,0.6217552533992583,0.6818181818181818,503,84,306,180,84,0.8864135766091708,0.8866834833879046
44,gap,best_f1,7.786060185943633e-05,0.860180754917597,0.7546641791044776,1.0,0.003787878787878788,809,263,0,1,263,0.8720909591725363,0.8723446811622259
44,gap,tnr_0.5,0.026668933984525914,0.7639710716633794,0.8160112359550562,0.7181705809641533,0.5037878787878788,581,131,228,133,131,0.8720909591725363,0.8723446811622259
44,gap,tnr_0.7,0.048120095530385994,0.692250922509225,0.8589743589743589,0.5797280593325093,0.7083333333333334,469,77,340,187,77,0.8720909591725363,0.8723446811622259
44,gap,robust_balanced,0.044570231328764476,0.706821480406386,0.8558875219683656,0.6019777503090235,0.6893939393939394,487,82,322,182,82,0.8720909591725363,0.8723446811622259
45,absolute,best_f1,0.34921352213815304,0.8752061572292469,0.7865612648221344,0.9863692688971499,0.22021660649819494,796,216,11,61,216,0.8756841384153295,0.8760341626152517
45,absolute,tnr_0.5,0.47978406220422365,0.8311688311688312,0.8296296296296296,0.8327137546468402,0.5018050541516246,672,138,135,139,138,0.8756841384153295,0.8760341626152517
45,absolute,tnr_0.7,0.5505529232665857,0.7275300778485492,0.8481848184818482,0.6369268897149938,0.6678700361010831,514,92,293,185,92,0.8756841384153295,0.8760341626152517
45,absolute,robust_balanced,0.5495953464415451,0.7368421052631579,0.8495145631067961,0.6505576208178439,0.6642599277978339,525,93,282,184,93,0.8756841384153295,0.8760341626152517
45,gap,best_f1,7.786060185943633e-05,0.8544203282159873,0.7458410351201479,1.0,0.007220216606498195,807,275,0,2,275,0.8658498578562884,0.8661166209014229
45,gap,tnr_0.5,0.026668933984525914,0.7602108036890646,0.8115330520393812,0.7149938042131351,0.516245487364621,577,134,230,143,134,0.8658498578562884,0.8661166209014229
45,gap,tnr_0.7,0.048120095530385994,0.7005150846210448,0.8623188405797102,0.5898389095415117,0.7256317689530686,476,76,331,201,76,0.8658498578562884,0.8661166209014229
45,gap,robust_balanced,0.044570231328764476,0.7105643994211288,0.8539130434782609,0.6084262701363073,0.6967509025270758,491,84,316,193,84,0.8658498578562884,0.8661166209014229
46,absolute,best_f1,0.34921352213815304,0.8630434782608696,0.7686350435624395,0.9838909541511772,0.1672473867595819,794,239,13,48,239,0.8836876196426137,0.8839252657431229
46,absolute,tnr_0.5,0.47978406220422365,0.8154981549815498,0.8095238095238095,0.8215613382899628,0.4564459930313589,663,156,144,131,156,0.8836876196426137,0.8839252657431229
46,absolute,tnr_0.7,0.5505529232665857,0.7358757062146892,0.8555008210180624,0.6456009913258984,0.6933797909407665,521,88,286,199,88,0.8836876196426137,0.8839252657431229
46,absolute,robust_balanced,0.5495953464415451,0.739803094233474,0.8552845528455284,0.6517967781908303,0.6898954703832753,526,89,281,198,89,0.8836876196426137,0.8839252657431229
46,gap,best_f1,7.786060185943633e-05,0.8494736842105263,0.7383348581884721,1.0,0.003484320557491289,807,286,0,1,286,0.8745533699484309,0.874767345219149
46,gap,tnr_0.5,0.026668933984525914,0.7624671916010499,0.810320781032078,0.7199504337050805,0.5261324041811847,581,136,226,151,136,0.8745533699484309,0.874767345219149
46,gap,tnr_0.7,0.048120095530385994,0.7033773861967695,0.863063063063063,0.5935563816604709,0.735191637630662,479,76,328,211,76,0.8745533699484309,0.874767345219149
46,gap,robust_balanced,0.044570231328764476,0.7237410071942446,0.8627787307032591,0.6232961586121437,0.7212543554006968,503,80,304,207,80,0.8745533699484309,0.874767345219149
47,absolute,best_f1,0.34921352213815304,0.8752665245202559,0.7917068466730954,0.9785458879618594,0.19402985074626866,821,216,18,52,216,0.8836412613518545,0.8839067851466242
47,absolute,tnr_0.5,0.47978406220422365,0.8181261481935089,0.8413098236775819,0.7961859356376639,0.5298507462686567,668,126,171,142,126,0.8836412613518545,0.8839067851466242
47,absolute,tnr_0.7,0.5505529232665857,0.6903409090909091,0.8541300527240774,0.5792610250297974,0.6902985074626866,486,83,353,185,83,0.8836412613518545,0.8839067851466242
47,absolute,robust_balanced,0.5495953464415451,0.6931254429482636,0.8548951048951049,0.5828367103694875,0.6902985074626866,489,83,350,185,83,0.8836412613518545,0.8839067851466242
47,gap,best_f1,7.786060185943633e-05,0.8622816032887975,0.7579042457091237,1.0,0.0,839,268,0,0,268,0.8770777752069763,0.8773196776335769
47,gap,tnr_0.5,0.026668933984525914,0.7658227848101266,0.8164642375168691,0.7210965435041716,0.4925373134328358,605,136,234,132,136,0.8770777752069763,0.8773196776335769
47,gap,tnr_0.7,0.048120095530385994,0.7009148486981,0.8556701030927835,0.5935637663885578,0.6865671641791045,498,84,341,184,84,0.8770777752069763,0.8773196776335769
47,gap,robust_balanced,0.044570231328764476,0.7191166321601105,0.8540983606557377,0.6209773539928486,0.667910447761194,521,89,318,179,89,0.8770777752069763,0.8773196776335769
48,absolute,best_f1,0.34921352213815304,0.8813559322033898,0.8011928429423459,0.9793438639125152,0.23076923076923078,806,200,17,60,200,0.9105843174952727,0.9108470090021652
48,absolute,tnr_0.5,0.47978406220422365,0.8343789209535759,0.8625162127107653,0.8080194410692588,0.5923076923076923,665,106,158,154,106,0.9105843174952727,0.9108470090021652
48,absolute,tnr_0.7,0.5505529232665857,0.7489421720733427,0.892436974789916,0.6452004860267315,0.7538461538461538,531,64,292,196,64,0.9105843174952727,0.9108470090021652
48,absolute,robust_balanced,0.5495953464415451,0.7498238195912614,0.8926174496644296,0.6464155528554071,0.7538461538461538,532,64,291,196,64,0.9105843174952727,0.9108470090021652
48,gap,best_f1,7.786060185943633e-05,0.8644957983193278,0.7613320999074931,1.0,0.007692307692307693,823,258,0,2,258,0.8992482822921236,0.899406663970212
48,gap,tnr_0.5,0.026668933984525914,0.7546666666666667,0.8360413589364845,0.6877278250303767,0.573076923076923,566,111,257,149,111,0.8992482822921236,0.899406663970212
48,gap,tnr_0.7,0.048120095530385994,0.6933333333333334,0.888045540796964,0.56865127582017,0.7730769230769231,468,59,355,201,59,0.8992482822921236,0.899406663970212
48,gap,robust_balanced,0.044570231328764476,0.7091172214182344,0.8765652951699463,0.5953827460510328,0.7346153846153847,490,69,333,191,69,0.8992482822921236,0.899406663970212
49,absolute,best_f1,0.34921352213815304,0.858040859088528,0.7661365762394762,0.975,0.14675767918088736,819,250,21,43,250,0.8984149694833939,0.8985735946590592
49,absolute,tnr_0.5,0.47978406220422365,0.8021978021978022,0.8233082706766918,0.7821428571428571,0.5187713310580204,657,141,183,152,141,0.8984149694833939,0.8985735946590592
49,absolute,tnr_0.7,0.5505529232665857,0.7313019390581718,0.8741721854304636,0.6285714285714286,0.7406143344709898,528,76,312,217,76,0.8984149694833939,0.8985735946590592
49,absolute,robust_balanced,0.5495953464415451,0.7305306685044797,0.867430441898527,0.6309523809523809,0.7235494880546075,530,81,310,212,81,0.8984149694833939,0.8985735946590592
49,gap,best_f1,7.786060185943633e-05,0.8519269776876268,0.7420494699646644,1.0,0.0034129692832764505,840,292,0,1,292,0.8687212980770099,0.868918419231964
49,gap,tnr_0.5,0.026668933984525914,0.743073047858942,0.7887700534759359,0.7023809523809523,0.46075085324232085,590,158,250,135,158,0.8687212980770099,0.868918419231964
49,gap,tnr_0.7,0.048120095530385994,0.685472496473907,0.8408304498269896,0.5785714285714286,0.6860068259385665,486,92,354,201,92,0.8687212980770099,0.868918419231964
49,gap,robust_balanced,0.044570231328764476,0.7075862068965517,0.840983606557377,0.6107142857142858,0.6689419795221843,513,97,327,196,97,0.8687212980770099,0.868918419231964
50,absolute,best_f1,0.34921352213815304,0.8664563617245006,0.7773584905660378,0.9786223277909739,0.20270270270270271,824,236,18,60,236,0.8820950595844534,0.882420111796756
50,absolute,tnr_0.5,0.47978406220422365,0.8259551243177683,0.8438661710037175,0.8087885985748219,0.5743243243243243,681,126,161,170,126,0.8820950595844534,0.882420111796756
50,absolute,tnr_0.7,0.5505529232665857,0.7156593406593407,0.8485342019543974,0.6187648456057007,0.6858108108108109,521,93,321,203,93,0.8820950595844534,0.882420111796756
50,absolute,robust_balanced,0.5495953464415451,0.7209302325581395,0.85,0.6258907363420427,0.6858108108108109,527,93,315,203,93,0.8820950595844534,0.882420111796756
50,gap,best_f1,7.786060185943633e-05,0.8505050505050505,0.7398945518453427,1.0,0.0,842,296,0,0,296,0.871992291880333,0.8722341999395185
50,gap,tnr_0.5,0.026668933984525914,0.7671232876712328,0.806282722513089,0.7315914489311164,0.5,616,148,226,148,148,0.871992291880333,0.8722341999395185
50,gap,tnr_0.7,0.048120095530385994,0.6997206703910615,0.8491525423728814,0.5950118764845606,0.6993243243243243,501,89,341,207,89,0.871992291880333,0.8722341999395185
50,gap,robust_balanced,0.044570231328764476,0.7181942544459644,0.8467741935483871,0.6235154394299287,0.6790540540540541,525,95,317,201,95,0.871992291880333,0.8722341999395185
51,absolute,best_f1,0.34921352213815304,0.8653945332645694,0.7754158964879853,0.9789964994165694,0.15034965034965034,839,243,18,43,243,0.8772234502554516,0.8775171188742908
51,absolute,tnr_0.5,0.47978406220422365,0.8197674418604651,0.816917728852839,0.822637106184364,0.44755244755244755,705,158,152,128,158,0.8772234502554516,0.8775171188742908
51,absolute,tnr_0.7,0.5505529232665857,0.7371879106438897,0.843609022556391,0.6546091015169195,0.6363636363636364,561,104,296,182,104,0.8772234502554516,0.8775171188742908
51,absolute,robust_balanced,0.5495953464415451,0.7375328083989501,0.8425787106446777,0.6557759626604434,0.6328671328671329,562,105,295,181,105,0.8772234502554516,0.8775171188742908
51,gap,best_f1,7.786060185943633e-05,0.8574287143571786,0.7504378283712785,1.0,0.0034965034965034965,857,285,0,1,285,0.8718870698818982,0.8721430283038383
51,gap,tnr_0.5,0.026668933984525914,0.7721674876847291,0.817470664928292,0.7316219369894983,0.5104895104895105,627,140,230,146,140,0.8718870698818982,0.8721430283038383
51,gap,tnr_0.7,0.048120095530385994,0.7080491132332879,0.8522167487684729,0.6056009334889149,0.6853146853146853,519,90,338,196,90,0.8718870698818982,0.8721430283038383
51,gap,robust_balanced,0.044570231328764476,0.7243460764587525,0.8517350157728707,0.6301050175029171,0.6713286713286714,540,94,317,192,94,0.8718870698818982,0.8721430283038383
52,absolute,best_f1,0.34921352213815304,0.8551576696953501,0.7619047619047619,0.97442143727162,0.15824915824915825,800,250,21,47,250,0.8848591994365538,0.8851555383546089
52,absolute,tnr_0.5,0.47978406220422365,0.8063337393422655,0.8063337393422655,0.8063337393422655,0.46464646464646464,662,159,159,138,159,0.8848591994365538,0.8851555383546089
52,absolute,tnr_0.7,0.5505529232665857,0.7258632840028189,0.8612040133779264,0.6272838002436053,0.7205387205387206,515,83,306,214,83,0.8848591994365538,0.8851555383546089
52,absolute,robust_balanced,0.5495953464415451,0.729312762973352,0.859504132231405,0.633373934226553,0.7138047138047138,520,85,301,212,85,0.8848591994365538,0.8851555383546089
52,gap,best_f1,7.786060185943633e-05,0.8477026329375322,0.735663082437276,1.0,0.006734006734006734,821,295,0,2,295,0.873560430931744,0.8737990090548313
52,gap,tnr_0.5,0.026668933984525914,0.7677543186180422,0.8086253369272237,0.730816077953715,0.5218855218855218,600,142,221,155,142,0.873560430931744,0.8737990090548313
52,gap,tnr_0.7,0.048120095530385994,0.6997126436781609,0.8528896672504378,0.5931790499390986,0.7171717171717171,487,84,334,213,84,0.873560430931744,0.8737990090548313
52,gap,robust_balanced,0.044570231328764476,0.724841660802252,0.8583333333333333,0.6272838002436053,0.7138047138047138,515,85,306,212,85,0.873560430931744,0.8737990090548313
53,absolute,best_f1,0.34921352213815304,0.8686868686868687,0.7736742424242424,0.9903030303030304,0.1701388888888889,817,239,8,49,239,0.8795121162915531,0.8797835166032636
53,absolute,tnr_0.5,0.47978406220422365,0.8321342925659473,0.8232502965599051,0.8412121212121212,0.4826388888888889,694,149,131,139,149,0.8795121162915531,0.8797835166032636
53,absolute,tnr_0.7,0.5505529232665857,0.7262647262647263,0.8478964401294499,0.6351515151515151,0.6736111111111112,524,94,301,194,94,0.8795121162915531,0.8797835166032636
53,absolute,robust_balanced,0.5495953464415451,0.7327823691460055,0.8484848484848485,0.6448484848484849,0.6701388888888888,532,95,293,193,95,0.8795121162915531,0.8797835166032636
53,gap,best_f1,7.786060185943633e-05,0.8513931888544891,0.7412398921832885,1.0,0.0,825,288,0,0,288,0.8819978427219173,0.8822042863083069
53,gap,tnr_0.5,0.026668933984525914,0.764404609475032,0.8100407055630936,0.7236363636363636,0.5138888888888888,597,140,228,148,140,0.8819978427219173,0.8822042863083069
53,gap,tnr_0.7,0.048120095530385994,0.7145907473309608,0.8655172413793103,0.6084848484848485,0.7291666666666666,502,78,323,210,78,0.8819978427219173,0.8822042863083069
53,gap,robust_balanced,0.044570231328764476,0.7341242149337055,0.8651315789473685,0.6375757575757576,0.7152777777777778,526,82,299,206,82,0.8819978427219173,0.8822042863083069
54,absolute,best_f1,0.34921352213815304,0.8647540983606558,0.7728937728937729,0.9813953488372092,0.15358361774744028,844,248,16,45,248,0.8909781595144274,0.8912037137682635
54,absolute,tnr_0.5,0.47978406220422365,0.824009324009324,0.8259345794392523,0.8220930232558139,0.49146757679180886,707,149,153,144,149,0.8909781595144274,0.8912037137682635
54,absolute,tnr_0.7,0.5505529232665857,0.7496688741721854,0.8707692307692307,0.6581395348837209,0.7133105802047781,566,84,294,209,84,0.8909781595144274,0.8912037137682635
54,absolute,robust_balanced,0.5495953464415451,0.7519788918205804,0.8689024390243902,0.6627906976744186,0.7064846416382252,570,86,290,207,86,0.8909781595144274,0.8912037137682635
54,gap,best_f1,7.786060185943633e-05,0.8544461003477397,0.7458803122289679,1.0,0.0,860,293,0,0,293,0.8640339566834313,0.864257122902444
54,gap,tnr_0.5,0.026668933984525914,0.7545787545787546,0.794344473007712,0.7186046511627907,0.4539249146757679,618,160,242,133,160,0.8640339566834313,0.864257122902444
54,gap,tnr_0.7,0.048120095530385994,0.6880108991825613,0.8305921052631579,0.5872093023255814,0.6484641638225256,505,103,355,190,103,0.8640339566834313,0.864257122902444
54,gap,robust_balanced,0.044570231328764476,0.7041499330655957,0.8296529968454258,0.6116279069767442,0.6313993174061433,526,108,334,185,108,0.8640339566834313,0.864257122902444
55,absolute,best_f1,0.34921352213815304,0.8607329842931937,0.7618164967562558,0.9891696750902527,0.11986301369863013,822,257,9,35,257,0.8687620622566458,0.8690704306952786
55,absolute,tnr_0.5,0.47978406220422365,0.8107784431137725,0.8069129916567342,0.8146811070998796,0.4452054794520548,677,162,154,130,162,0.8687620622566458,0.8690704306952786
55,absolute,tnr_0.7,0.5505529232665857,0.7131997235659986,0.8376623376623377,0.6209386281588448,0.6575342465753424,516,100,315,192,100,0.8687620622566458,0.8690704306952786
55,absolute,robust_balanced,0.5495953464415451,0.715368711233632,0.8370967741935483,0.6245487364620939,0.6541095890410958,519,101,312,191,101,0.8687620622566458,0.8690704306952786
55,gap,best_f1,7.786060185943633e-05,0.8505629477993859,0.7399821905609973,1.0,0.0,831,292,0,0,292,0.859369903413225,0.8596324626631429
55,gap,tnr_0.5,0.026668933984525914,0.7482383087764254,0.8,0.7027677496991577,0.5,584,146,247,146,146,0.859369903413225,0.8596324626631429
55,gap,tnr_0.7,0.048120095530385994,0.6860382707299787,0.8344827586206897,0.5824308062575211,0.6712328767123288,484,96,347,196,96,0.859369903413225,0.8596324626631429
55,gap,robust_balanced,0.044570231328764476,0.6988795518207283,0.8358458961474037,0.6004813477737665,0.6643835616438356,499,98,332,194,98,0.859369903413225,0.8596324626631429
56,absolute,best_f1,0.34921352213815304,0.8730650154798761,0.7818853974121996,0.9883177570093458,0.1386861313868613,846,236,10,38,236,0.9237068446478199,0.9238502643198845
56,absolute,tnr_0.5,0.47978406220422365,0.8494623655913979,0.8691931540342298,0.830607476635514,0.6094890510948905,711,107,145,167,107,0.9237068446478199,0.9238502643198845
56,absolute,tnr_0.7,0.5505529232665857,0.7578231292517007,0.9071661237785016,0.6507009345794392,0.791970802919708,557,57,299,217,57,0.9237068446478199,0.9238502643198845
56,absolute,robust_balanced,0.5495953464415451,0.7606779661016949,0.9063004846526656,0.655373831775701,0.7883211678832117,561,58,295,216,58,0.9237068446478199,0.9238502643198845
56,gap,best_f1,7.786060185943633e-05,0.8633383761976803,0.7595385980479148,1.0,0.010948905109489052,856,271,0,3,271,0.8850324846369647,0.8852189247411342
56,gap,tnr_0.5,0.026668933984525914,0.764378478664193,0.812089356110381,0.7219626168224299,0.4781021897810219,618,143,238,131,143,0.8850324846369647,0.8852189247411342
56,gap,tnr_0.7,0.048120095530385994,0.698744769874477,0.8667820069204152,0.5852803738317757,0.718978102189781,501,77,355,197,77,0.8850324846369647,0.8852189247411342
56,gap,robust_balanced,0.044570231328764476,0.7181942544459644,0.8663366336633663,0.6133177570093458,0.7043795620437956,525,81,331,193,81,0.8850324846369647,0.8852189247411342
57,absolute,best_f1,0.34921352213815304,0.8743987172634955,0.7835249042145593,0.9891172914147521,0.22336769759450173,818,226,9,65,226,0.9035982271631166,0.9038270608461205
57,absolute,tnr_0.5,0.47978406220422365,0.8221538461538461,0.8370927318295739,0.8077388149939541,0.5532646048109966,668,130,159,161,130,0.9035982271631166,0.9038270608461205
57,absolute,tnr_0.7,0.5505529232665857,0.7281690140845071,0.8718381112984823,0.6251511487303507,0.738831615120275,517,76,310,215,76,0.9035982271631166,0.9038270608461205
57,absolute,robust_balanced,0.5495953464415451,0.729957805907173,0.8722689075630252,0.6275695284159613,0.738831615120275,519,76,308,215,76,0.9035982271631166,0.9038270608461205
57,gap,best_f1,7.786060185943633e-05,0.8508230452674898,0.7403760071620412,1.0,0.003436426116838488,827,290,0,1,290,0.888889310632792,0.8890681701364268
57,gap,tnr_0.5,0.026668933984525914,0.7591522157996147,0.8095890410958904,0.7146311970979444,0.5223367697594502,591,139,236,152,139,0.888889310632792,0.8890681701364268
57,gap,tnr_0.7,0.048120095530385994,0.7021121631463948,0.8827838827838828,0.5828295042321644,0.7800687285223368,482,64,345,227,64,0.888889310632792,0.8890681701364268
57,gap,robust_balanced,0.044570231328764476,0.7195994277539342,0.8809106830122592,0.6082224909310762,0.7663230240549829,503,68,324,223,68,0.888889310632792,0.8890681701364268
58,absolute,best_f1,0.34921352213815304,0.8648936170212767,0.7684310018903592,0.9890510948905109,0.1522491349480969,813,245,9,44,245,0.8898413402661585,0.8901531427690355
58,absolute,tnr_0.5,0.47978406220422365,0.8264563106796117,0.8244552058111381,0.8284671532846716,0.4982698961937716,681,145,141,144,145,0.8898413402661585,0.8901531427690355
58,absolute,tnr_0.7,0.5505529232665857,0.7298245614035088,0.8623548922056384,0.6326034063260341,0.71280276816609,520,83,302,206,83,0.8898413402661585,0.8901531427690355
58,absolute,robust_balanced,0.5495953464415451,0.7372822299651568,0.8629690048939641,0.6435523114355232,0.7093425605536332,529,84,293,205,84,0.8898413402661585,0.8901531427690355
58,gap,best_f1,7.786060185943633e-05,0.8509316770186336,0.7405405405405405,1.0,0.0034602076124567475,822,288,0,1,288,0.8612022215049141,0.8614705780266617
58,gap,tnr_0.5,0.026668933984525914,0.7385019710906702,0.8028571428571428,0.683698296836983,0.5224913494809689,562,138,260,151,138,0.8612022215049141,0.8614705780266617
58,gap,tnr_0.7,0.048120095530385994,0.6666666666666666,0.846441947565543,0.5498783454987834,0.7162629757785467,452,82,370,207,82,0.8612022215049141,0.8614705780266617
58,gap,robust_balanced,0.044570231328764476,0.6811279826464208,0.839572192513369,0.572992700729927,0.6885813148788927,471,90,351,199,90,0.8612022215049141,0.8614705780266617
59,absolute,best_f1,0.34921352213815304,0.8604166666666667,0.7619926199261993,0.9880382775119617,0.10104529616724739,826,258,10,29,258,0.8725520526514876,0.8728142319090212
59,absolute,tnr_0.5,0.47978406220422365,0.808252427184466,0.8201970443349754,0.7966507177033493,0.4912891986062718,666,146,170,141,146,0.8725520526514876,0.8728142319090212
59,absolute,tnr_0.7,0.5505529232665857,0.7139874739039666,0.8535773710482529,0.6136363636363636,0.6933797909407665,513,88,323,199,88,0.8725520526514876,0.8728142319090212
59,absolute,robust_balanced,0.5495953464415451,0.7170596393897365,0.8531353135313532,0.618421052631579,0.6898954703832753,517,89,319,198,89,0.8725520526514876,0.8728142319090212
59,gap,best_f1,7.786060185943633e-05,0.8534966819806024,0.7444345503116652,1.0,0.0,836,287,0,0,287,0.8670718270512076,0.8673533675397784
59,gap,tnr_0.5,0.026668933984525914,0.7701941139636819,0.8081471747700394,0.7356459330143541,0.4912891986062718,615,146,221,141,146,0.8670718270512076,0.8673533675397784
59,gap,tnr_0.7,0.048120095530385994,0.7034193998604327,0.8442211055276382,0.6028708133971292,0.6759581881533101,504,93,332,194,93,0.8670718270512076,0.8673533675397784
59,gap,robust_balanced,0.044570231328764476,0.7266530334014997,0.8446909667194928,0.6375598086124402,0.6585365853658537,533,98,303,189,98,0.8670718270512076,0.8673533675397784
60,absolute,best_f1,0.34921352213815304,0.857292759706191,0.7635514018691589,0.9772727272727273,0.09642857142857143,817,253,19,27,253,0.8602796552138532,0.8606214319057809
60,absolute,tnr_0.5,0.47978406220422365,0.8242351529694061,0.8267148014440433,0.8217703349282297,0.4857142857142857,687,144,149,136,144,0.8602796552138532,0.8606214319057809
60,absolute,tnr_0.7,0.5505529232665857,0.7152682255845942,0.8414239482200647,0.6220095693779905,0.65,520,98,316,182,98,0.8602796552138532,0.8606214319057809
60,absolute,robust_balanced,0.5495953464415451,0.7222982216142271,0.8434504792332268,0.631578947368421,0.65,528,98,308,182,98,0.8602796552138532,0.8606214319057809
60,gap,best_f1,7.786060185943633e-05,0.8565573770491803,0.7491039426523297,1.0,0.0,836,280,0,0,280,0.8830876587389473,0.8832849494460644
60,gap,tnr_0.5,0.026668933984525914,0.7816377171215881,0.8118556701030928,0.7535885167464115,0.4785714285714286,630,146,206,134,146,0.8830876587389473,0.8832849494460644
60,gap,tnr_0.7,0.048120095530385994,0.7049067035245336,0.8346972176759411,0.6100478468899522,0.6392857142857142,510,101,326,179,101,0.8830876587389473,0.8832849494460644
60,gap,robust_balanced,0.044570231328764476,0.7182620502376104,0.8304552590266876,0.6327751196172249,0.6142857142857143,529,108,307,172,108,0.8830876587389473,0.8832849494460644
61,absolute,best_f1,0.34921352213815304,0.8696592752839373,0.7790697674418605,0.9840881272949816,0.16483516483516483,804,228,13,45,228,0.8962203295001114,0.8965110320854104
61,absolute,tnr_0.5,0.47978406220422365,0.8280175109443402,0.8465473145780051,0.8102815177478581,0.5604395604395604,662,120,155,153,120,0.8962203295001114,0.8965110320854104
61,absolute,tnr_0.7,0.5505529232665857,0.7555238774055595,0.9044368600682594,0.6487148102815178,0.7948717948717948,530,56,287,217,56,0.8962203295001114,0.8965110320854104
61,absolute,robust_balanced,0.5495953464415451,0.7553342816500711,0.9015280135823429,0.6499388004895961,0.7875457875457875,531,58,286,215,58,0.8962203295001114,0.8965110320854104
61,gap,best_f1,7.786060185943633e-05,0.857292759706191,0.7502295684113865,1.0,0.003663003663003663,817,272,0,1,272,0.8739031972661471,0.8741618645861283
61,gap,tnr_0.5,0.026668933984525914,0.7709137709137709,0.8127544097693351,0.7331701346389229,0.4945054945054945,599,138,218,135,138,0.8739031972661471,0.8741618645861283
61,gap,tnr_0.7,0.048120095530385994,0.7041036717062635,0.8548951048951049,0.598531211750306,0.6959706959706959,489,83,328,190,83,0.8739031972661471,0.8741618645861283
61,gap,robust_balanced,0.044570231328764476,0.7279102384291725,0.8522167487684729,0.6352509179926561,0.6703296703296703,519,90,298,183,90,0.8739031972661471,0.8741618645861283
62,absolute,best_f1,0.34921352213815304,0.8599242833964305,0.7651588065447545,0.9814814814814815,0.12857142857142856,795,244,15,36,244,0.8710756398135103,0.8713887922015148
62,absolute,tnr_0.5,0.47978406220422365,0.8265682656826568,0.8235294117647058,0.8296296296296296,0.4857142857142857,672,144,138,136,144,0.8710756398135103,0.8713887922015148
62,absolute,tnr_0.7,0.5505529232665857,0.7384615384615385,0.8516129032258064,0.6518518518518519,0.6714285714285714,528,92,282,188,92,0.8710756398135103,0.8713887922015148
62,absolute,robust_balanced,0.5495953464415451,0.7440890125173852,0.8519108280254777,0.6604938271604939,0.6678571428571428,535,93,275,187,93,0.8710756398135103,0.8713887922015148
62,gap,best_f1,7.786060185943633e-05,0.8530805687203792,0.743801652892562,1.0,0.0035714285714285713,810,279,0,1,279,0.8827129240210512,0.8828845525030405
62,gap,tnr_0.5,0.026668933984525914,0.7603626943005182,0.7997275204359673,0.7246913580246913,0.475,587,147,223,133,147,0.8827129240210512,0.8828845525030405
62,gap,tnr_0.7,0.048120095530385994,0.7064748201438849,0.846551724137931,0.6061728395061728,0.6821428571428572,491,89,319,191,89,0.8827129240210512,0.8828845525030405
62,gap,robust_balanced,0.044570231328764476,0.7249647390691114,0.8453947368421053,0.6345679012345679,0.6642857142857143,514,94,296,186,94,0.8827129240210512,0.8828845525030405
63,absolute,best_f1,0.34921352213815304,0.8759730150492995,0.788785046728972,0.9848308051341891,0.1471698113207547,844,226,13,39,226,0.873675113934049,0.8740812928453238
63,absolute,tnr_0.5,0.47978406220422365,0.8183990442054958,0.8384332925336597,0.7992998833138857,0.5018867924528302,685,132,172,133,132,0.873675113934049,0.8740812928453238
63,absolute,tnr_0.7,0.5505529232665857,0.7211997273346966,0.8672131147540983,0.617269544924154,0.6943396226415094,529,81,328,184,81,0.873675113934049,0.8740812928453238
63,absolute,robust_balanced,0.5495953464415451,0.7246770904146839,0.8680781758957655,0.6219369894982497,0.6943396226415094,533,81,324,184,81,0.873675113934049,0.8740812928453238
63,gap,best_f1,7.786060185943633e-05,0.8665318503538928,0.7644959857270295,1.0,0.0037735849056603774,857,264,0,1,264,0.88200884372882,0.8822033040345676
63,gap,tnr_0.5,0.026668933984525914,0.7660636306924516,0.8230563002680965,0.7164527421236873,0.5018867924528302,614,132,243,133,132,0.88200884372882,0.8822033040345676
63,gap,tnr_0.7,0.048120095530385994,0.6964410327983251,0.8663194444444444,0.5822637106184364,0.7094339622641509,499,77,358,188,77,0.88200884372882,0.8822033040345676
63,gap,robust_balanced,0.044570231328764476,0.720217835262083,0.8643790849673203,0.617269544924154,0.6867924528301886,529,83,328,182,83,0.88200884372882,0.8822033040345676
64,absolute,best_f1,0.34921352213815304,0.8641304347826086,0.7718446601941747,0.9814814814814815,0.14233576642335766,795,235,15,39,235,0.897474118022773,0.8977575056975209
64,absolute,tnr_0.5,0.47978406220422365,0.8184110970996217,0.836340206185567,0.8012345679012346,0.5364963503649635,649,127,161,147,127,0.897474118022773,0.8977575056975209
64,absolute,tnr_0.7,0.5505529232665857,0.733142037302726,0.875,0.6308641975308642,0.7335766423357665,511,73,299,201,73,0.897474118022773,0.8977575056975209
64,absolute,robust_balanced,0.5495953464415451,0.7344309234073013,0.8739352640545145,0.6333333333333333,0.7299270072992701,513,74,297,200,74,0.897474118022773,0.8977575056975209
64,gap,best_f1,7.786060185943633e-05,0.8562367864693446,0.7486136783733827,1.0,0.0072992700729927005,810,272,0,2,272,0.8749541386381103,0.8752279118497533
64,gap,tnr_0.5,0.026668933984525914,0.756,0.8217391304347826,0.7,0.551094890510949,567,123,243,151,123,0.8749541386381103,0.8752279118497533
64,gap,tnr_0.7,0.048120095530385994,0.6741741741741741,0.8601532567049809,0.554320987654321,0.7335766423357665,449,73,361,201,73,0.8749541386381103,0.8752279118497533
64,gap,robust_balanced,0.044570231328764476,0.6974358974358974,0.8576576576576577,0.5876543209876544,0.7116788321167883,476,79,334,195,79,0.8749541386381103,0.8752279118497533
65,absolute,best_f1,0.34921352213815304,0.8712977921378567,0.7823984526112185,0.982989064398542,0.16666666666666666,809,225,14,45,225,0.9193411031700477,0.9194958506420299
65,absolute,tnr_0.5,0.47978406220422365,0.8465804066543438,0.85875,0.8347509113001215,0.5814814814814815,687,113,136,157,113,0.9193411031700477,0.9194958506420299
65,absolute,tnr_0.7,0.5505529232665857,0.7263464337700145,0.9056261343012704,0.606318347509113,0.8074074074074075,499,52,324,218,52,0.9193411031700477,0.9194958506420299
65,absolute,robust_balanced,0.5495953464415451,0.7308248914616498,0.9033989266547406,0.6136087484811664,0.8,505,54,318,216,54,0.9193411031700477,0.9194958506420299
65,gap,best_f1,7.786060185943633e-05,0.8595300261096606,0.7536630036630036,1.0,0.003703703703703704,823,269,0,1,269,0.8905954219805086,0.8907810779012557
65,gap,tnr_0.5,0.026668933984525914,0.777706598334401,0.8224932249322493,0.7375455650060754,0.5148148148148148,607,131,216,139,131,0.8905954219805086,0.8907810779012557
65,gap,tnr_0.7,0.048120095530385994,0.703757225433526,0.8680926916221033,0.5917375455650061,0.725925925925926,487,74,336,196,74,0.8905954219805086,0.8907810779012557
65,gap,robust_balanced,0.044570231328764476,0.7173295454545454,0.8632478632478633,0.6136087484811664,0.7037037037037037,505,80,318,190,80,0.8905954219805086,0.8907810779012557
66,absolute,best_f1,0.34921352213815304,0.8632707774798928,0.7688634192932188,0.9841075794621027,0.1597222222222222,805,242,13,46,242,0.8823686654119693,0.8826803211597732
66,absolute,tnr_0.5,0.47978406220422365,0.8170961659333752,0.8408796895213454,0.7946210268948656,0.5729166666666666,650,123,168,165,123,0.8823686654119693,0.8826803211597732
66,absolute,tnr_0.7,0.5505529232665857,0.7066473988439307,0.8639575971731449,0.597799511002445,0.7326388888888888,489,77,329,211,77,0.8823686654119693,0.8826803211597732
66,absolute,robust_balanced,0.5495953464415451,0.7122302158273381,0.8653846153846154,0.6051344743276283,0.7326388888888888,495,77,323,211,77,0.8823686654119693,0.8826803211597732
66,gap,best_f1,7.786060185943633e-05,0.8503118503118503,0.7396021699819169,1.0,0.0,818,288,0,0,288,0.8887595224564458,0.8889452470322701
66,gap,tnr_0.5,0.026668933984525914,0.7812301838934687,0.8115942028985508,0.7530562347188264,0.5034722222222222,616,143,202,145,143,0.8887595224564458,0.8889452470322701
66,gap,tnr_0.7,0.048120095530385994,0.7331460674157303,0.8613861386138614,0.6381418092909535,0.7083333333333334,522,84,296,204,84,0.8887595224564458,0.8889452470322701
66,gap,robust_balanced,0.044570231328764476,0.7482806052269602,0.8553459119496856,0.6650366748166259,0.6805555555555556,544,92,274,196,92,0.8887595224564458,0.8889452470322701
67,absolute,best_f1,0.34921352213815304,0.8616852146263911,0.7706161137440758,0.9771634615384616,0.1263537906137184,813,242,19,35,242,0.8728430933195039,0.8731127540696991
67,absolute,tnr_0.5,0.47978406220422365,0.8162291169451074,0.8104265402843602,0.8221153846153846,0.4223826714801444,684,160,148,117,160,0.8728430933195039,0.8731127540696991
67,absolute,tnr_0.7,0.5505529232665857,0.7251381215469613,0.8522727272727273,0.6310096153846154,0.6714801444043321,525,91,307,186,91,0.8728430933195039,0.8731127540696991
67,absolute,robust_balanced,0.5495953464415451,0.7262723521320495,0.8488745980707395,0.6346153846153846,0.6606498194945848,528,94,304,183,94,0.8728430933195039,0.8731127540696991
67,gap,best_f1,7.786060185943633e-05,0.8581743166580712,0.7515808491418248,1.0,0.007220216606498195,832,275,0,2,275,0.8572306010467657,0.8575321043341799
67,gap,tnr_0.5,0.026668933984525914,0.7441860465116279,0.8044692737430168,0.6923076923076923,0.49458483754512633,576,140,256,137,140,0.8572306010467657,0.8575321043341799
67,gap,tnr_0.7,0.048120095530385994,0.6816208393632417,0.8563636363636363,0.5661057692307693,0.7148014440433214,471,79,361,198,79,0.8572306010467657,0.8575321043341799
67,gap,robust_balanced,0.044570231328764476,0.6947218259629101,0.8543859649122807,0.5853365384615384,0.7003610108303249,487,83,345,194,83,0.8572306010467657,0.8575321043341799
68,absolute,best_f1,0.34921352213815304,0.865934065934066,0.7740667976424361,0.9825436408977556,0.13857677902621723,788,230,14,37,230,0.8898661078167692,0.890097422706687
68,absolute,tnr_0.5,0.47978406220422365,0.8257575757575758,0.8363171355498721,0.8154613466334164,0.5205992509363296,654,128,148,139,128,0.8898661078167692,0.890097422706687
68,absolute,tnr_0.7,0.5505529232665857,0.7141818181818181,0.8568935427574171,0.6122194513715711,0.6928838951310862,491,82,311,185,82,0.8898661078167692,0.890097422706687
68,absolute,robust_balanced,0.5495953464415451,0.717391304347826,0.856401384083045,0.6172069825436409,0.6891385767790262,495,83,307,184,83,0.8898661078167692,0.890097422706687
68,gap,best_f1,7.786060185943633e-05,0.8572955638695885,0.7502338634237605,1.0,0.0,802,267,0,0,267,0.8609562186368194,0.861252071380196
68,gap,tnr_0.5,0.026668933984525914,0.7637795275590551,0.8060941828254847,0.7256857855361596,0.4756554307116105,582,140,220,127,140,0.8609562186368194,0.861252071380196
68,gap,tnr_0.7,0.048120095530385994,0.6956521739130435,0.8504504504504504,0.5885286783042394,0.6891385767790262,472,83,330,184,83,0.8609562186368194,0.861252071380196
68,gap,robust_balanced,0.044570231328764476,0.7153179190751445,0.8505154639175257,0.6172069825436409,0.6741573033707865,495,87,307,180,87,0.8609562186368194,0.861252071380196
69,absolute,best_f1,0.34921352213815304,0.8690601900739177,0.7749529190207156,0.9891826923076923,0.17301038062283736,823,239,9,50,239,0.9060268398194209,0.9062501251150288
69,absolute,tnr_0.5,0.47978406220422365,0.8353808353808354,0.8542713567839196,0.8173076923076923,0.5986159169550173,680,116,152,173,116,0.9060268398194209,0.9062501251150288
69,absolute,tnr_0.7,0.5505529232665857,0.7356643356643356,0.8795986622073578,0.6322115384615384,0.7508650519031141,526,72,306,217,72,0.9060268398194209,0.9062501251150288
69,absolute,robust_balanced,0.5495953464415451,0.73831123517097,0.8801996672212978,0.6358173076923077,0.7508650519031141,529,72,303,217,72,0.9060268398194209,0.9062501251150288
69,gap,best_f1,7.786060185943633e-05,0.8533333333333334,0.7441860465116279,1.0,0.010380622837370242,832,286,0,3,286,0.8668510362725895,0.8670693497050699
69,gap,tnr_0.5,0.026668933984525914,0.7506297229219143,0.7883597883597884,0.7163461538461539,0.4463667820069204,596,160,236,129,160,0.8668510362725895,0.8670693497050699
69,gap,tnr_0.7,0.048120095530385994,0.7077785564120532,0.8487394957983193,0.6069711538461539,0.6885813148788927,505,90,327,199,90,0.8668510362725895,0.8670693497050699
69,gap,robust_balanced,0.044570231328764476,0.7182320441988951,0.8441558441558441,0.625,0.6678200692041523,520,96,312,193,96,0.8668510362725895,0.8670693497050699
70,absolute,best_f1,0.34921352213815304,0.8625196027182436,0.7645968489341983,0.9892086330935251,0.13898305084745763,825,254,9,41,254,0.8944145061182279,0.8946582043084829
70,absolute,tnr_0.5,0.47978406220422365,0.8291814946619217,0.8204225352112676,0.8381294964028777,0.48135593220338985,699,153,135,142,153,0.8944145061182279,0.8946582043084829
70,absolute,tnr_0.7,0.5505529232665857,0.7552258934592043,0.8628659476117103,0.6714628297362111,0.6983050847457627,560,89,274,206,89,0.8944145061182279,0.8946582043084829
70,absolute,robust_balanced,0.5495953464415451,0.7594086021505376,0.863914373088685,0.6774580335731415,0.6983050847457627,565,89,269,206,89,0.8944145061182279,0.8946582043084829
70,gap,best_f1,7.786060185943633e-05,0.8501529051987767,0.7393617021276596,1.0,0.003389830508474576,834,294,0,1,294,0.868007482258625,0.8682717526176762
70,gap,tnr_0.5,0.026668933984525914,0.7644444444444445,0.8124156545209177,0.7218225419664268,0.5288135593220339,602,139,232,156,139,0.868007482258625,0.8682717526176762
70,gap,tnr_0.7,0.048120095530385994,0.6946022727272727,0.8519163763066202,0.5863309352517986,0.711864406779661,489,85,345,210,85,0.868007482258625,0.8682717526176762
70,gap,robust_balanced,0.044570231328764476,0.7212205270457698,0.8552631578947368,0.6235011990407674,0.7016949152542373,520,88,314,207,88,0.868007482258625,0.8682717526176762
71,absolute,best_f1,0.34921352213815304,0.8577235772357723,0.7569506726457399,0.9894490035169988,0.12580645161290321,844,271,9,39,271,0.8935006329710374,0.8937207347786328
71,absolute,tnr_0.5,0.47978406220422365,0.8166862514688602,0.8186101295641932,0.8147713950762017,0.5032258064516129,695,154,158,156,154,0.8935006329710374,0.8937207347786328
71,absolute,tnr_0.7,0.5505529232665857,0.7326599326599327,0.8607594936708861,0.6377491207502931,0.7161290322580646,544,88,309,222,88,0.8935006329710374,0.8937207347786328
71,absolute,robust_balanced,0.5495953464415451,0.7345844504021448,0.8575899843505478,0.6424384525205158,0.7064516129032258,548,91,305,219,91,0.8935006329710374,0.8937207347786328
71,gap,best_f1,7.786060185943633e-05,0.8470705064548163,0.7347114556416882,1.0,0.0064516129032258064,853,308,0,2,308,0.8577804868320827,0.8580223996153907
71,gap,tnr_0.5,0.026668933984525914,0.7378277153558053,0.7890520694259012,0.6928487690504103,0.49032258064516127,591,158,262,152,158,0.8577804868320827,0.8580223996153907
71,gap,tnr_0.7,0.048120095530385994,0.6722807017543859,0.8374125874125874,0.5615474794841735,0.7,479,93,374,217,93,0.8577804868320827,0.8580223996153907
71,gap,robust_balanced,0.044570231328764476,0.6951135581555402,0.8416666666666667,0.5920281359906213,0.6935483870967742,505,95,348,215,95,0.8577804868320827,0.8580223996153907
72,absolute,best_f1,0.34921352213815304,0.8547973319651103,0.7642201834862385,0.969732246798603,0.12585034013605442,833,257,26,37,257,0.8816320724533694,0.8819539808276936
72,absolute,tnr_0.5,0.47978406220422365,0.8127208480565371,0.8224076281287247,0.8032596041909197,0.4931972789115646,690,149,169,145,149,0.8816320724533694,0.8819539808276936
72,absolute,tnr_0.7,0.5505529232665857,0.7069320521619766,0.8612040133779264,0.59953434225844,0.717687074829932,515,83,344,211,83,0.8816320724533694,0.8819539808276936
72,absolute,robust_balanced,0.5495953464415451,0.7098976109215017,0.858085808580858,0.6053550640279395,0.7074829931972789,520,86,339,208,86,0.8816320724533694,0.8819539808276936
72,gap,best_f1,7.786060185943633e-05,0.8538767395626242,0.7450130095403296,1.0,0.0,859,294,0,0,294,0.8788996675365597,0.8791214152994308
72,gap,tnr_0.5,0.026668933984525914,0.7723378212974297,0.8141935483870968,0.7345750873108265,0.5102040816326531,631,144,228,150,144,0.8788996675365597,0.8791214152994308
72,gap,tnr_0.7,0.048120095530385994,0.7015851137146796,0.8597972972972973,0.5925494761350407,0.717687074829932,509,83,350,211,83,0.8788996675365597,0.8791214152994308
72,gap,robust_balanced,0.044570231328764476,0.7184334908845375,0.8553054662379421,0.619324796274738,0.6938775510204082,532,90,327,204,90,0.8788996675365597,0.8791214152994308
73,absolute,best_f1,0.34921352213815304,0.8608275120902741,0.7628571428571429,0.9876695437731196,0.13541666666666666,801,249,10,39,249,0.8998266709031401,0.9000381098790666
73,absolute,tnr_0.5,0.47978406220422365,0.8218844984802431,0.8105515587529976,0.8335388409371147,0.4513888888888889,676,158,135,130,158,0.8998266709031401,0.9000381098790666
73,absolute,tnr_0.7,0.5505529232665857,0.748761500353857,0.8787375415282392,0.6522811344019729,0.7465277777777778,529,73,282,215,73,0.8998266709031401,0.9000381098790666
73,absolute,robust_balanced,0.5495953464415451,0.7517630465444288,0.8780889621087314,0.657213316892725,0.7430555555555556,533,74,278,214,74,0.8998266709031401,0.9000381098790666
73,gap,best_f1,7.786060185943633e-05,0.850104821802935,0.7392889699179581,1.0,0.006944444444444444,811,286,0,2,286,0.8679417895909679,0.8682033389814497
73,gap,tnr_0.5,0.026668933984525914,0.7606177606177607,0.7954239569313594,0.7287299630086314,0.4722222222222222,591,152,220,136,152,0.8679417895909679,0.8682033389814497
73,gap,tnr_0.7,0.048120095530385994,0.7039426523297491,0.8407534246575342,0.6054254007398274,0.6770833333333334,491,93,320,195,93,0.8679417895909679,0.8682033389814497
73,gap,robust_balanced,0.044570231328764476,0.724841660802252,0.8442622950819673,0.6350184956843403,0.6701388888888888,515,95,296,193,95,0.8679417895909679,0.8682033389814497
74,absolute,best_f1,0.34921352213815304,0.8748674443266172,0.791746641074856,0.9774881516587678,0.17490494296577946,825,217,19,46,217,0.8864533805934457,0.8867125347903213
74,absolute,tnr_0.5,0.47978406220422365,0.8208864602307225,0.8418430884184309,0.8009478672985783,0.5171102661596958,676,127,168,136,127,0.8864533805934457,0.8867125347903213
74,absolute,tnr_0.7,0.5505529232665857,0.7272727272727273,0.868421052631579,0.6255924170616114,0.6958174904942965,528,80,316,183,80,0.8864533805934457,0.8867125347903213
74,absolute,robust_balanced,0.5495953464415451,0.7316403568977351,0.8694942903752039,0.6315165876777251,0.6958174904942965,533,80,311,183,80,0.8864533805934457,0.8867125347903213
74,gap,best_f1,7.786060185943633e-05,0.86652977412731,0.7644927536231884,1.0,0.011406844106463879,844,260,0,3,260,0.8714237869831377,0.8716879050142087
74,gap,tnr_0.5,0.026668933984525914,0.7531969309462916,0.8180555555555555,0.6978672985781991,0.5019011406844106,589,131,255,132,131,0.8714237869831377,0.8716879050142087
74,gap,tnr_0.7,0.048120095530385994,0.6690751445086706,0.8574074074074074,0.5485781990521327,0.7072243346007605,463,77,381,186,77,0.8714237869831377,0.8716879050142087
74,gap,robust_balanced,0.044570231328764476,0.699859747545582,0.8573883161512027,0.5912322274881516,0.6844106463878327,499,83,345,180,83,0.8714237869831377,0.8716879050142087
75,absolute,best_f1,0.34921352213815304,0.8678437667201712,0.7768199233716475,0.983030303030303,0.20477815699658702,811,233,14,60,233,0.9082849023587933,0.9084343264305895
75,absolute,tnr_0.5,0.47978406220422365,0.8186915887850468,0.8423076923076923,0.7963636363636364,0.5802047781569966,657,123,168,170,123,0.9082849023587933,0.9084343264305895
75,absolute,tnr_0.7,0.5505529232665857,0.7324749642346209,0.893542757417103,0.6206060606060606,0.7918088737201365,512,61,313,232,61,0.9082849023587933,0.9084343264305895
75,absolute,robust_balanced,0.5495953464415451,0.7360912981455064,0.8942807625649913,0.6254545454545455,0.7918088737201365,516,61,309,232,61,0.9082849023587933,0.9084343264305895
75,gap,best_f1,7.786060185943633e-05,0.8496395468589083,0.738585496866607,1.0,0.0034129692832764505,825,292,0,1,292,0.8822879009227613,0.8824791715732324
75,gap,tnr_0.5,0.026668933984525914,0.7671584348941629,0.8147138964577657,0.7248484848484849,0.5358361774744027,598,136,227,157,136,0.8822879009227613,0.8824791715732324
75,gap,tnr_0.7,0.048120095530385994,0.6967272727272728,0.8709090909090909,0.5806060606060606,0.757679180887372,479,71,346,222,71,0.8822879009227613,0.8824791715732324
75,gap,robust_balanced,0.044570231328764476,0.7197724039829303,0.8709122203098106,0.6133333333333333,0.7440273037542662,506,75,319,218,75,0.8822879009227613,0.8824791715732324
76,absolute,best_f1,0.34921352213815304,0.8616352201257862,0.7646511627906977,0.9867947178871549,0.11538461538461539,822,253,11,33,253,0.8826978961137896,0.8829705908956154
76,absolute,tnr_0.5,0.47978406220422365,0.8125741399762753,0.8030480656506448,0.8223289315726291,0.4125874125874126,685,168,148,118,168,0.8826978961137896,0.8829705908956154
76,absolute,tnr_0.7,0.5505529232665857,0.7247769389155799,0.8461538461538461,0.6338535414165666,0.6643356643356644,528,96,305,190,96,0.8826978961137896,0.8829705908956154
76,absolute,robust_balanced,0.5495953464415451,0.726027397260274,0.8452950558213717,0.6362545018007203,0.6608391608391608,530,97,303,189,97,0.8826978961137896,0.8829705908956154
76,gap,best_f1,7.786060185943633e-05,0.8534836065573771,0.7444146559428061,1.0,0.0,833,286,0,0,286,0.8569618553308589,0.8572496606298481
76,gap,tnr_0.5,0.026668933984525914,0.7522236340533672,0.7989203778677463,0.7106842737094838,0.479020979020979,592,149,241,137,149,0.8569618553308589,0.8572496606298481
76,gap,tnr_0.7,0.048120095530385994,0.6983904828551435,0.837248322147651,0.5990396158463386,0.6608391608391608,499,97,334,189,97,0.8569618553308589,0.8572496606298481
76,gap,robust_balanced,0.044570231328764476,0.7165408373369938,0.8365384615384616,0.6266506602641057,0.6433566433566433,522,102,311,184,102,0.8569618553308589,0.8572496606298481
77,absolute,best_f1,0.34921352213815304,0.8635156664896442,0.7691579943235572,0.9842615012106537,0.0962962962962963,813,244,13,26,244,0.8902618658575994,0.8905327660586176
77,absolute,tnr_0.5,0.47978406220422365,0.818018018018018,0.8116805721096544,0.8244552058111381,0.4148148148148148,681,158,145,112,158,0.8902618658575994,0.8905327660586176
77,absolute,tnr_0.7,0.5505529232665857,0.7441860465116279,0.8553459119496856,0.6585956416464891,0.6592592592592592,544,92,282,178,92,0.8902618658575994,0.8905327660586176
77,absolute,robust_balanced,0.5495953464415451,0.7501701837985024,0.8569206842923794,0.6670702179176755,0.6592592592592592,551,92,275,178,92,0.8902618658575994,0.8905327660586176
77,gap,best_f1,7.786060185943633e-05,0.8595213319458896,0.7536496350364964,1.0,0.0,826,270,0,0,270,0.8964508063284821,0.8966205902733493
77,gap,tnr_0.5,0.026668933984525914,0.7864015394483643,0.8362892223738063,0.7421307506053268,0.5555555555555556,613,120,213,150,120,0.8964508063284821,0.8966205902733493
77,gap,tnr_0.7,0.048120095530385994,0.7276595744680852,0.8784246575342466,0.6210653753026635,0.737037037037037,513,71,313,199,71,0.8964508063284821,0.8966205902733493
77,gap,robust_balanced,0.044570231328764476,0.7345505617977528,0.8745819397993311,0.6331719128329297,0.7222222222222222,523,75,303,195,75,0.8964508063284821,0.8966205902733493
78,absolute,best_f1,0.34921352213815304,0.8691437802907916,0.7797101449275362,0.9817518248175182,0.13307984790874525,807,228,15,35,228,0.8924840629657992,0.892741912970085
78,absolute,tnr_0.5,0.47978406220422365,0.8185705558949298,0.8220858895705522,0.8150851581508516,0.44866920152091255,670,145,152,118,145,0.8924840629657992,0.892741912970085
78,absolute,tnr_0.7,0.5505529232665857,0.725228390723823,0.8585690515806988,0.6277372262773723,0.6768060836501901,516,85,306,178,85,0.8924840629657992,0.892741912970085
78,absolute,robust_balanced,0.5495953464415451,0.7263820853743876,0.8550247116968699,0.6313868613138686,0.6653992395437263,519,88,303,175,88,0.8924840629657992,0.892741912970085
78,gap,best_f1,7.786060185943633e-05,0.8620870477189303,0.7576036866359447,1.0,0.0,822,263,0,0,263,0.8797376699802777,0.8799511730008746
78,gap,tnr_0.5,0.026668933984525914,0.7524752475247525,0.8225108225108225,0.6934306569343066,0.532319391634981,570,123,252,140,123,0.8797376699802777,0.8799511730008746
78,gap,tnr_0.7,0.048120095530385994,0.6989869753979739,0.8625,0.5875912408759124,0.7072243346007605,483,77,339,186,77,0.8797376699802777,0.8799511730008746
78,gap,robust_balanced,0.044570231328764476,0.7135749822316987,0.8581196581196581,0.610705596107056,0.6844106463878327,502,83,320,180,83,0.8797376699802777,0.8799511730008746
79,absolute,best_f1,0.34921352213815304,0.8778666666666667,0.7951690821256039,0.9797619047619047,0.2,823,212,17,53,212,0.8958217795468554,0.8960797251748495
79,absolute,tnr_0.5,0.47978406220422365,0.8425480769230769,0.8507281553398058,0.8345238095238096,0.5358490566037736,701,123,139,142,123,0.8958217795468554,0.8960797251748495
79,absolute,tnr_0.7,0.5505529232665857,0.7444444444444445,0.8933333333333333,0.638095238095238,0.7584905660377359,536,64,304,201,64,0.8958217795468554,0.8960797251748495
79,absolute,robust_balanced,0.5495953464415451,0.7496542185338866,0.8943894389438944,0.6452380952380953,0.7584905660377359,542,64,298,201,64,0.8958217795468554,0.8960797251748495
79,gap,best_f1,7.786060185943633e-05,0.8646423057128152,0.7615593834995467,1.0,0.007547169811320755,840,263,0,2,263,0.9044468666643992,0.9045840959700324
79,gap,tnr_0.5,0.026668933984525914,0.7757961783439491,0.8342465753424657,0.725,0.5433962264150943,609,121,231,144,121,0.9044468666643992,0.9045840959700324
79,gap,tnr_0.7,0.048120095530385994,0.7142857142857143,0.8928571428571429,0.5952380952380952,0.7735849056603774,500,60,340,205,60,0.9044468666643992,0.9045840959700324
79,gap,robust_balanced,0.044570231328764476,0.7360335195530726,0.8902027027027027,0.6273809523809524,0.7547169811320755,527,65,313,200,65,0.9044468666643992,0.9045840959700324
80,absolute,best_f1,0.34921352213815304,0.8611812216052499,0.7595725734639359,0.9941724941724942,0.08783783783783784,853,270,5,26,270,0.9017485060872372,0.9019106352780898
80,absolute,tnr_0.5,0.47978406220422365,0.8203939745075318,0.815668202764977,0.8251748251748252,0.4594594594594595,708,160,150,136,160,0.9017485060872372,0.9019106352780898
80,absolute,tnr_0.7,0.5505529232665857,0.7430830039525692,0.8545454545454545,0.6573426573426573,0.6756756756756757,564,96,294,200,96,0.9017485060872372,0.9019106352780898
80,absolute,robust_balanced,0.5495953464415451,0.7455621301775148,0.8552036199095022,0.6608391608391608,0.6756756756756757,567,96,291,200,96,0.9017485060872372,0.9019106352780898
80,gap,best_f1,7.786060185943633e-05,0.8533068125310791,0.7441457068516912,1.0,0.0033783783783783786,858,295,0,1,295,0.8728615395119987,0.8730620178419894
80,gap,tnr_0.5,0.026668933984525914,0.7703435804701627,0.797752808988764,0.7447552447552448,0.4527027027027027,639,162,219,134,162,0.8728615395119987,0.8730620178419894
80,gap,tnr_0.7,0.048120095530385994,0.7148541114058355,0.8292307692307692,0.6282051282051282,0.625,539,111,319,185,111,0.8728615395119987,0.8730620178419894
80,gap,robust_balanced,0.044570231328764476,0.7269155206286837,0.8295964125560538,0.6468531468531469,0.6148648648648649,555,114,303,182,114,0.8728615395119987,0.8730620178419894
81,absolute,best_f1,0.34921352213815304,0.8683127572016461,0.7764489420423183,0.9848308051341891,0.12903225806451613,844,243,13,36,243,0.9030014108585831,0.9031887103285208
81,absolute,tnr_0.5,0.47978406220422365,0.8240740740740741,0.817451205510907,0.8308051341890315,0.43010752688172044,712,159,145,120,159,0.9030014108585831,0.9031887103285208
81,absolute,tnr_0.7,0.5505529232665857,0.7617801047120419,0.8673621460506706,0.6791131855309218,0.6810035842293907,582,89,275,190,89,0.9030014108585831,0.9031887103285208
81,absolute,robust_balanced,0.5495953464415451,0.7632093933463796,0.8653846153846154,0.6826137689614936,0.6738351254480287,585,91,272,188,91,0.9030014108585831,0.9031887103285208
81,gap,best_f1,7.786060185943633e-05,0.8604417670682731,0.7550660792951542,1.0,0.0035842293906810036,857,278,0,1,278,0.8816415540310683,0.8818695963536666
81,gap,tnr_0.5,0.026668933984525914,0.7753357753357754,0.8130601792573624,0.7409568261376897,0.4767025089605735,635,146,222,133,146,0.8816415540310683,0.8818695963536666
81,gap,tnr_0.7,0.048120095530385994,0.7176391683433937,0.8438485804416404,0.6242707117852976,0.6451612903225806,535,99,322,180,99,0.8816415540310683,0.8818695963536666
81,gap,robust_balanced,0.044570231328764476,0.7250996015936255,0.8412942989214176,0.6371061843640606,0.6308243727598566,546,103,311,176,103,0.8816415540310683,0.8818695963536666
82,absolute,best_f1,0.34921352213815304,0.8595744680851064,0.7644276253547777,0.9817739975698664,0.11387900355871886,808,249,15,32,249,0.8627384596979043,0.8630939083292797
82,absolute,tnr_0.5,0.47978406220422365,0.795525170913611,0.8142493638676844,0.7776427703523694,0.4804270462633452,640,146,183,135,146,0.8627384596979043,0.8630939083292797
82,absolute,tnr_0.7,0.5505529232665857,0.6749633967789166,0.848987108655617,0.560145808019441,0.708185053380783,461,82,362,199,82,0.8627384596979043,0.8630939083292797
82,absolute,robust_balanced,0.5495953464415451,0.6788321167883211,0.850091407678245,0.5650060753341434,0.708185053380783,465,82,358,199,82,0.8627384596979043,0.8630939083292797
82,gap,best_f1,7.786060185943633e-05,0.8555093555093555,0.7475022706630337,1.0,0.010676156583629894,823,278,0,3,278,0.8829887826323413,0.8831868962016008
82,gap,tnr_0.5,0.026668933984525914,0.7614678899082569,0.8264580369843528,0.7059538274605103,0.5658362989323843,581,122,242,159,122,0.8829887826323413,0.8831868962016008
82,gap,tnr_0.7,0.048120095530385994,0.6958424507658644,0.8704379562043796,0.5795868772782503,0.7473309608540926,477,71,346,210,71,0.8829887826323413,0.8831868962016008
82,gap,robust_balanced,0.044570231328764476,0.7235252309879175,0.8715753424657534,0.6184690157958688,0.7330960854092526,509,75,314,206,75,0.8829887826323413,0.8831868962016008
83,absolute,best_f1,0.34921352213815304,0.8587075575027382,0.7626459143968871,0.9824561403508771,0.11272727272727273,784,244,14,31,244,0.8687437961340791,0.8690465282004323
83,absolute,tnr_0.5,0.47978406220422365,0.8059701492537313,0.8,0.8120300751879699,0.4109090909090909,648,162,150,113,162,0.8687437961340791,0.8690465282004323
83,absolute,tnr_0.7,0.5505529232665857,0.7092095721537346,0.8416523235800344,0.6127819548872181,0.6654545454545454,489,92,309,183,92,0.8687437961340791,0.8690465282004323
83,absolute,robust_balanced,0.5495953464415451,0.7114967462039046,0.841025641025641,0.6165413533834586,0.6618181818181819,492,93,306,182,93,0.8687437961340791,0.8690465282004323
83,gap,best_f1,7.786060185943633e-05,0.8539325842696629,0.7450980392156863,1.0,0.007272727272727273,798,273,0,2,273,0.871356312679258,0.8715544584491253
83,gap,tnr_0.5,0.026668933984525914,0.768125408229915,0.8021828103683493,0.7368421052631579,0.4727272727272727,588,145,210,130,145,0.871356312679258,0.8715544584491253
83,gap,tnr_0.7,0.048120095530385994,0.6973684210526315,0.8368421052631579,0.5977443609022557,0.6618181818181819,477,93,321,182,93,0.871356312679258,0.8715544584491253
83,gap,robust_balanced,0.044570231328764476,0.7169540229885057,0.8400673400673401,0.62531328320802,0.6545454545454545,499,95,299,180,95,0.871356312679258,0.8715544584491253
84,absolute,best_f1,0.34921352213815304,0.8713605082053997,0.7815764482431149,0.9844497607655502,0.16363636363636364,823,230,13,45,230,0.8899857288510561,0.8902199350319014
84,absolute,tnr_0.5,0.47978406220422365,0.8302114803625378,0.8388278388278388,0.8217703349282297,0.52,687,132,149,143,132,0.8899857288510561,0.8902199350319014
84,absolute,tnr_0.7,0.5505529232665857,0.7393689986282579,0.8665594855305466,0.6447368421052632,0.6981818181818182,539,83,297,192,83,0.8899857288510561,0.8902199350319014
84,absolute,robust_balanced,0.5495953464415451,0.7397260273972602,0.8653846153846154,0.645933014354067,0.6945454545454546,540,84,296,191,84,0.8899857288510561,0.8902199350319014
84,gap,best_f1,7.786060185943633e-05,0.8591983556012333,0.7531531531531531,1.0,0.0036363636363636364,836,274,0,1,274,0.8794991384431345,0.8797105750434314
84,gap,tnr_0.5,0.026668933984525914,0.767948717948718,0.8273480662983426,0.7165071770334929,0.5454545454545454,599,125,237,150,125,0.8794991384431345,0.8797105750434314
84,gap,tnr_0.7,0.048120095530385994,0.6952177016416845,0.8619469026548673,0.5825358851674641,0.7163636363636363,487,78,349,197,78,0.8794991384431345,0.8797105750434314
84,gap,robust_balanced,0.044570231328764476,0.7210599721059973,0.8645484949832776,0.618421052631579,0.7054545454545454,517,81,319,194,81,0.8794991384431345,0.8797105750434314
85,absolute,best_f1,0.34921352213815304,0.8688439606013478,0.7744916820702403,0.9893742621015348,0.10294117647058823,838,244,9,28,244,0.8960225219545981,0.8962596897901324
85,absolute,tnr_0.5,0.47978406220422365,0.827049670855775,0.8385922330097088,0.8158205430932703,0.5110294117647058,691,133,156,139,133,0.8960225219545981,0.8962596897901324
85,absolute,tnr_0.7,0.5505529232665857,0.7182705718270572,0.8773424190800682,0.6080283353010626,0.7352941176470589,515,72,332,200,72,0.8960225219545981,0.8962596897901324
85,absolute,robust_balanced,0.5495953464415451,0.7213342599027102,0.8766891891891891,0.6127508854781583,0.7316176470588235,519,73,328,199,73,0.8960225219545981,0.8962596897901324
85,gap,best_f1,7.786060185943633e-05,0.862086513994911,0.7576028622540251,1.0,0.003676470588235294,847,271,0,1,271,0.8773141575329892,0.8775439207336074
85,gap,tnr_0.5,0.026668933984525914,0.7678904791537026,0.8118421052631579,0.7284533648170012,0.4742647058823529,617,143,230,129,143,0.8773141575329892,0.8775439207336074
85,gap,tnr_0.7,0.048120095530385994,0.7121001390820584,0.8663282571912013,0.6044864226682408,0.7095588235294118,512,79,335,193,79,0.8773141575329892,0.8775439207336074
85,gap,robust_balanced,0.044570231328764476,0.7264021887824897,0.8634146341463415,0.6269185360094451,0.6911764705882353,531,84,316,188,84,0.8773141575329892,0.8775439207336074
86,absolute,best_f1,0.34921352213815304,0.8621064060803475,0.7664092664092664,0.9851116625310173,0.17966101694915254,794,242,12,53,242,0.89112269002791,0.8913692642265382
86,absolute,tnr_0.5,0.47978406220422365,0.8268506900878294,0.8362944162436549,0.8176178660049628,0.5627118644067797,659,129,147,166,129,0.89112269002791,0.8913692642265382
86,absolute,tnr_0.7,0.5505529232665857,0.6976401179941003,0.86,0.586848635235732,0.7389830508474576,473,77,333,218,77,0.89112269002791,0.8913692642265382
86,absolute,robust_balanced,0.5495953464415451,0.700955180014695,0.8594594594594595,0.5918114143920595,0.735593220338983,477,78,329,217,78,0.89112269002791,0.8913692642265382
86,gap,best_f1,7.786060185943633e-05,0.8461942257217848,0.7333939945404914,1.0,0.006779661016949152,806,293,0,2,293,0.8525412966666978,0.8528433489819498
86,gap,tnr_0.5,0.026668933984525914,0.7522697795071336,0.7880434782608695,0.7196029776674938,0.4711864406779661,580,156,226,139,156,0.8525412966666978,0.8528433489819498
86,gap,tnr_0.7,0.048120095530385994,0.6885007278020379,0.8327464788732394,0.586848635235732,0.6779661016949152,473,95,333,200,95,0.8525412966666978,0.8528433489819498
86,gap,robust_balanced,0.044570231328764476,0.7075606276747504,0.8322147651006712,0.6153846153846154,0.6610169491525424,496,100,310,195,100,0.8525412966666978,0.8528433489819498
87,absolute,best_f1,0.34921352213815304,0.854266030736619,0.7582314205079962,0.9781553398058253,0.13758389261744966,806,257,18,41,257,0.8965421738953208,0.896763060186685
87,absolute,tnr_0.5,0.47978406220422365,0.8237454100367197,0.8308641975308642,0.816747572815534,0.540268456375839,673,137,151,161,137,0.8965421738953208,0.896763060186685
87,absolute,tnr_0.7,0.5505529232665857,0.7506963788300836,0.880718954248366,0.654126213592233,0.7550335570469798,539,73,285,225,73,0.8965421738953208,0.896763060186685
87,absolute,robust_balanced,0.5495953464415451,0.7505211952744962,0.8780487804878049,0.6553398058252428,0.7483221476510067,540,75,284,223,75,0.8965421738953208,0.896763060186685
87,gap,best_f1,7.786060185943633e-05,0.8468653648509764,0.7344028520499108,1.0,0.0,824,298,0,0,298,0.8841035784386578,0.88429587359431
87,gap,tnr_0.5,0.026668933984525914,0.7779862414008756,0.8025806451612904,0.7548543689320388,0.4865771812080537,622,153,202,145,153,0.8841035784386578,0.88429587359431
87,gap,tnr_0.7,0.048120095530385994,0.7263955892487939,0.8405103668261563,0.6395631067961165,0.6644295302013423,527,100,297,198,100,0.8841035784386578,0.88429587359431
87,gap,robust_balanced,0.044570231328764476,0.7449118046132972,0.8446153846153847,0.6662621359223301,0.6610738255033557,549,101,275,197,101,0.8841035784386578,0.88429587359431
88,absolute,best_f1,0.34921352213815304,0.8711156393275599,0.7801094890510949,0.986159169550173,0.1423487544483986,855,241,12,40,241,0.8792004378106759,0.8795145728209004
88,absolute,tnr_0.5,0.47978406220422365,0.8080568720379147,0.830694275274056,0.7866205305651672,0.505338078291815,682,139,185,142,139,0.8792004378106759,0.8795145728209004
88,absolute,tnr_0.7,0.5505529232665857,0.7168021680216802,0.8686371100164204,0.6101499423298731,0.7153024911032029,529,80,338,201,80,0.8792004378106759,0.8795145728209004
88,absolute,robust_balanced,0.5495953464415451,0.7223719676549866,0.8687196110210696,0.6182237600922722,0.7117437722419929,536,81,331,200,81,0.8792004378106759,0.8795145728209004
88,gap,best_f1,7.786060185943633e-05,0.860545905707196,0.7552264808362369,1.0,0.0,867,281,0,0,281,0.8875547332972075,0.8877493789397198
88,gap,tnr_0.5,0.026668933984525914,0.7723378212974297,0.8226857887874837,0.7277970011534025,0.5160142348754448,631,136,236,145,136,0.8875547332972075,0.8877493789397198
88,gap,tnr_0.7,0.048120095530385994,0.7160326086956522,0.8710743801652893,0.6078431372549019,0.7224199288256228,527,78,340,203,78,0.8875547332972075,0.8877493789397198
88,gap,robust_balanced,0.044570231328764476,0.7363515312916112,0.8708661417322835,0.6378316032295271,0.708185053380783,553,82,314,199,82,0.8875547332972075,0.8877493789397198
89,absolute,best_f1,0.34921352213815304,0.8753861997940268,0.7892293407613742,0.9826589595375722,0.149812734082397,850,227,15,40,227,0.8721793220508758,0.8725398022090307
89,absolute,tnr_0.5,0.47978406220422365,0.8200934579439252,0.8288075560802833,0.8115606936416185,0.45692883895131087,702,145,163,122,145,0.8721793220508758,0.8725398022090307
89,absolute,tnr_0.7,0.5505529232665857,0.7360838244924689,0.8489425981873112,0.6497109826589595,0.6254681647940075,562,100,303,167,100,0.8721793220508758,0.8725398022090307
89,absolute,robust_balanced,0.5495953464415451,0.7380796864794252,0.8483483483483484,0.653179190751445,0.6217228464419475,565,101,300,166,101,0.8721793220508758,0.8725398022090307
89,gap,best_f1,7.786060185943633e-05,0.8667334669338678,0.7648099027409372,1.0,0.003745318352059925,865,266,0,1,266,0.8669146415146429,0.8671991858719241
89,gap,tnr_0.5,0.026668933984525914,0.7766153846153846,0.8302631578947368,0.7294797687861272,0.5168539325842697,631,129,234,138,129,0.8669146415146429,0.8671991858719241
89,gap,tnr_0.7,0.048120095530385994,0.6932599724896836,0.8556876061120543,0.5826589595375723,0.6816479400749064,504,85,361,182,85,0.8669146415146429,0.8671991858719241
89,gap,robust_balanced,0.044570231328764476,0.7124579124579125,0.853225806451613,0.6115606936416185,0.6591760299625468,529,91,336,176,91,0.8669146415146429,0.8671991858719241
90,absolute,best_f1,0.34921352213815304,0.8610653487095002,0.7633885102239533,0.9874055415617129,0.12274368231046931,784,243,10,34,243,0.8793793337207422,0.8796468158634868
90,absolute,tnr_0.5,0.47978406220422365,0.82375,0.8176178660049628,0.8299748110831234,0.4693140794223827,659,147,135,130,147,0.8793793337207422,0.8796468158634868
90,absolute,tnr_0.7,0.5505529232665857,0.7284299858557284,0.8306451612903226,0.6486146095717884,0.6209386281588448,515,105,279,172,105,0.8793793337207422,0.8796468158634868
90,absolute,robust_balanced,0.5495953464415451,0.7338028169014085,0.8322683706070287,0.6561712846347607,0.6209386281588448,521,105,273,172,105,0.8793793337207422,0.8796468158634868
90,gap,best_f1,7.786060185943633e-05,0.851931330472103,0.7420560747663552,1.0,0.0036101083032490976,794,276,0,1,276,0.8487510370296684,0.8490774470190867
90,gap,tnr_0.5,0.026668933984525914,0.75898105813194,0.7883310719131614,0.7317380352644837,0.4368231046931408,581,156,213,121,156,0.8487510370296684,0.8490774470190867
90,gap,tnr_0.7,0.048120095530385994,0.6848306332842415,0.824468085106383,0.5856423173803527,0.6425992779783394,465,99,329,178,99,0.8487510370296684,0.8490774470190867
90,gap,robust_balanced,0.044570231328764476,0.7070707070707071,0.8277027027027027,0.6171284634760705,0.631768953068592,490,102,304,175,102,0.8487510370296684,0.8490774470190867
91,absolute,best_f1,0.34921352213815304,0.8728813559322034,0.7870105062082139,0.9797859690844233,0.20640569395017794,824,223,17,58,223,0.9157821531236395,0.9159509725659396
91,absolute,tnr_0.5,0.47978406220422365,0.8456937799043063,0.8507821901323707,0.8406658739595719,0.5587188612099644,707,124,134,157,124,0.9157821531236395,0.9159509725659396
91,absolute,tnr_0.7,0.5505529232665857,0.7594594594594595,0.8794992175273866,0.6682520808561236,0.7259786476868327,562,77,279,204,77,0.9157821531236395,0.9159509725659396
91,absolute,robust_balanced,0.5495953464415451,0.7631224764468372,0.8790697674418605,0.6741973840665874,0.7224199288256228,567,78,274,203,78,0.9157821531236395,0.9159509725659396
91,gap,best_f1,7.786060185943633e-05,0.8572884811416922,0.7502230151650312,1.0,0.0035587188612099642,841,280,0,1,280,0.8883001991697516,0.8884797223410178
91,gap,tnr_0.5,0.026668933984525914,0.7650411652944902,0.8184281842818428,0.718192627824019,0.5231316725978647,604,134,237,147,134,0.8883001991697516,0.8884797223410178
91,gap,tnr_0.7,0.048120095530385994,0.7134831460674157,0.8713550600343053,0.6040428061831153,0.7330960854092526,508,75,333,206,75,0.8883001991697516,0.8884797223410178
91,gap,robust_balanced,0.044570231328764476,0.7233748271092669,0.8644628099173554,0.6218787158145065,0.708185053380783,523,82,318,199,82,0.8883001991697516,0.8884797223410178
92,absolute,best_f1,0.34921352213815304,0.8694284216046145,0.775491113189897,0.9892601431980907,0.12727272727272726,829,240,9,35,240,0.8650999665530978,0.8654529804705164
92,absolute,tnr_0.5,0.47978406220422365,0.8104886769964244,0.8095238095238095,0.8114558472553699,0.41818181818181815,680,160,158,115,160,0.8650999665530978,0.8654529804705164
92,absolute,tnr_0.7,0.5505529232665857,0.7315753887762001,0.84399375975039,0.6455847255369929,0.6363636363636364,541,100,297,175,100,0.8650999665530978,0.8654529804705164
92,absolute,robust_balanced,0.5495953464415451,0.7345013477088949,0.8436532507739938,0.6503579952267303,0.6327272727272727,545,101,293,174,101,0.8650999665530978,0.8654529804705164
92,gap,best_f1,7.786060185943633e-05,0.8594871794871795,0.7535971223021583,1.0,0.0036363636363636364,838,274,0,1,274,0.8958539370424691,0.896013906204899
92,gap,tnr_0.5,0.026668933984525914,0.7945205479452054,0.8307291666666666,0.7613365155131265,0.5272727272727272,638,130,200,145,130,0.8958539370424691,0.896013906204899
92,gap,tnr_0.7,0.048120095530385994,0.7364818617385352,0.8635634028892456,0.6420047732696897,0.6909090909090909,538,85,300,190,85,0.8958539370424691,0.896013906204899
92,gap,robust_balanced,0.044570231328764476,0.7545393409549428,0.864406779661017,0.6694510739856802,0.68,561,88,277,187,88,0.8958539370424691,0.896013906204899
93,absolute,best_f1,0.34921352213815304,0.8611410118406889,0.7684918347742555,0.9791921664626683,0.1453900709219858,800,241,17,41,241,0.8980236180734499,0.8982457381729462
93,absolute,tnr_0.5,0.47978406220422365,0.822746521476104,0.8133971291866029,0.8323133414932681,0.44680851063829785,680,156,137,126,156,0.8980236180734499,0.8982457381729462
93,absolute,tnr_0.7,0.5505529232665857,0.7434996486296557,0.8729372937293729,0.6474908200734394,0.7269503546099291,529,77,288,205,77,0.8980236180734499,0.8982457381729462
93,absolute,robust_balanced,0.5495953464415451,0.7478991596638656,0.8739770867430442,0.653610771113831,0.7269503546099291,534,77,283,205,77,0.8980236180734499,0.8982457381729462
93,gap,best_f1,7.786060185943633e-05,0.8532637075718016,0.74408014571949,1.0,0.0035460992907801418,817,281,0,1,281,0.8688793105699505,0.8691763389075703
93,gap,tnr_0.5,0.026668933984525914,0.7695287282117496,0.8142076502732241,0.7294981640146879,0.5177304964539007,596,136,221,146,136,0.8688793105699505,0.8691763389075703
93,gap,tnr_0.7,0.048120095530385994,0.7075812274368231,0.8626760563380281,0.5997552019583844,0.723404255319149,490,78,327,204,78,0.8688793105699505,0.8691763389075703
93,gap,robust_balanced,0.044570231328764476,0.7291960507757405,0.8602329450915142,0.6328029375764994,0.7021276595744681,517,84,300,198,84,0.8688793105699505,0.8691763389075703
94,absolute,best_f1,0.34921352213815304,0.8875989445910291,0.8040152963671128,0.9905771495877503,0.1865079365079365,841,205,8,47,205,0.9135521665883971,0.913731940380006
94,absolute,tnr_0.5,0.47978406220422365,0.8474374255065554,0.8576598311218335,0.8374558303886925,0.5317460317460317,711,118,138,134,118,0.9135521665883971,0.913731940380006
94,absolute,tnr_0.7,0.5505529232665857,0.7489823609226595,0.8832,0.6501766784452296,0.7103174603174603,552,73,297,179,73,0.9135521665883971,0.913731940380006
94,absolute,robust_balanced,0.5495953464415451,0.7493224932249323,0.8819776714513556,0.6513545347467609,0.7063492063492064,553,74,296,178,74,0.9135521665883971,0.913731940380006
94,gap,best_f1,7.786060185943633e-05,0.8712160082093381,0.7718181818181818,1.0,0.003968253968253968,849,251,0,1,251,0.8983032489260542,0.8984775889915801
94,gap,tnr_0.5,0.026668933984525914,0.777425491439442,0.842032967032967,0.7220259128386337,0.5436507936507936,613,115,236,137,115,0.8983032489260542,0.8984775889915801
94,gap,tnr_0.7,0.048120095530385994,0.6988636363636364,0.8801431127012522,0.5795053003533569,0.7341269841269841,492,67,357,185,67,0.8983032489260542,0.8984775889915801
94,gap,robust_balanced,0.044570231328764476,0.7148817802503477,0.8726655348047538,0.6054181389870436,0.7023809523809523,514,75,335,177,75,0.8983032489260542,0.8984775889915801
95,absolute,best_f1,0.34921352213815304,0.8501892915089238,0.7443181818181818,0.9911727616645649,0.09395973154362416,786,270,7,28,270,0.8795656880754624,0.8798237911495257
95,absolute,tnr_0.5,0.47978406220422365,0.8175092478421702,0.7997587454764777,0.8360655737704918,0.4429530201342282,663,166,130,132,166,0.8795656880754624,0.8798237911495257
95,absolute,tnr_0.7,0.5505529232665857,0.7396870554765291,0.8482871125611745,0.6557377049180327,0.6879194630872483,520,93,273,205,93,0.8795656880754624,0.8798237911495257
95,absolute,robust_balanced,0.5495953464415451,0.744153082919915,0.8495145631067961,0.6620428751576293,0.6879194630872483,525,93,268,205,93,0.8795656880754624,0.8798237911495257
95,gap,best_f1,7.786060185943633e-05,0.8418259023354565,0.7268560953253895,1.0,0.0,793,298,0,0,298,0.8569718286390254,0.857250696449054
95,gap,tnr_0.5,0.026668933984525914,0.7483702737940026,0.7746288798920378,0.7238335435056746,0.4395973154362416,574,167,219,131,167,0.8569718286390254,0.857250696449054
95,gap,tnr_0.7,0.048120095530385994,0.6973684210526315,0.8295652173913044,0.6015132408575031,0.6711409395973155,477,98,316,200,98,0.8569718286390254,0.857250696449054
95,gap,robust_balanced,0.044570231328764476,0.706983441324694,0.8238255033557047,0.6191677175283733,0.6476510067114094,491,105,302,193,105,0.8569718286390254,0.857250696449054
96,absolute,best_f1,0.34921352213815304,0.8766828217555197,0.7910592808551993,0.9830917874396136,0.2375886524822695,814,215,14,67,215,0.9004962286860617,0.9007343440138115
96,absolute,tnr_0.5,0.47978406220422365,0.8422982885085575,0.8527227722772277,0.8321256038647343,0.5780141843971631,689,119,139,163,119,0.9004962286860617,0.9007343440138115
96,absolute,tnr_0.7,0.5505529232665857,0.7520547945205479,0.8686708860759493,0.6630434782608695,0.7056737588652482,549,83,279,199,83,0.9004962286860617,0.9007343440138115
96,absolute,robust_balanced,0.5495953464415451,0.7546138072453862,0.8692913385826772,0.6666666666666666,0.7056737588652482,552,83,276,199,83,0.9004962286860617,0.9007343440138115
96,gap,best_f1,7.786060185943633e-05,0.8549303045947341,0.7466185752930569,1.0,0.0035460992907801418,828,281,0,1,281,0.8935352818051929,0.8936911999596532
96,gap,tnr_0.5,0.026668933984525914,0.7710843373493976,0.8117489986648865,0.7342995169082126,0.5,608,141,220,141,141,0.8935352818051929,0.8936911999596532
96,gap,tnr_0.7,0.048120095530385994,0.7268877911079746,0.8743633276740238,0.6219806763285024,0.7375886524822695,515,74,313,208,74,0.8935352818051929,0.8936911999596532
96,gap,robust_balanced,0.044570231328764476,0.7344398340248963,0.8592233009708737,0.6413043478260869,0.6914893617021277,531,87,297,195,87,0.8935352818051929,0.8936911999596532
97,absolute,best_f1,0.34921352213815304,0.8617131062951496,0.7667584940312213,0.983510011778563,0.1360544217687075,835,254,14,40,254,0.863316951159313,0.863664658242686
97,absolute,tnr_0.5,0.47978406220422365,0.8195179306290418,0.818075117370892,0.8209658421672555,0.47278911564625853,697,155,152,139,155,0.863316951159313,0.863664658242686
97,absolute,tnr_0.7,0.5505529232665857,0.7002724795640327,0.8303715670436187,0.6054181389870436,0.6428571428571429,514,105,335,189,105,0.863316951159313,0.863664658242686
97,absolute,robust_balanced,0.5495953464415451,0.7038043478260869,0.8314606741573034,0.6101295641931684,0.6428571428571429,518,105,331,189,105,0.863316951159313,0.863664658242686
97,gap,best_f1,7.786060185943633e-05,0.8524096385542169,0.7427821522309711,1.0,0.0,849,294,0,0,294,0.8662596311369989,0.8665291920490961
97,gap,tnr_0.5,0.026668933984525914,0.7680981595092025,0.8015364916773368,0.7373380447585395,0.47278911564625853,626,155,223,139,155,0.8662596311369989,0.8665291920490961
97,gap,tnr_0.7,0.048120095530385994,0.6995208761122519,0.8349673202614379,0.6018845700824499,0.6564625850340136,511,101,338,193,101,0.8662596311369989,0.8665291920490961
97,gap,robust_balanced,0.044570231328764476,0.7195696032279758,0.8385579937304075,0.6301531213191991,0.6496598639455783,535,103,314,191,103,0.8662596311369989,0.8665291920490961
98,absolute,best_f1,0.34921352213815304,0.865424430641822,0.7683823529411765,0.990521327014218,0.16279069767441862,836,252,8,49,252,0.8894090606752758,0.8896849282764452
98,absolute,tnr_0.5,0.47978406220422365,0.8215767634854771,0.8220640569395018,0.8210900473933649,0.5016611295681063,693,150,151,151,150,0.8894090606752758,0.8896849282764452
98,absolute,tnr_0.7,0.5505529232665857,0.7287671232876712,0.8636363636363636,0.6303317535545023,0.7209302325581395,532,84,312,217,84,0.8894090606752758,0.8896849282764452
98,absolute,robust_balanced,0.5495953464415451,0.7308743169398907,0.8629032258064516,0.6338862559241706,0.717607973421927,535,85,309,216,85,0.8894090606752758,0.8896849282764452
98,gap,best_f1,7.786060185943633e-05,0.8486676721970839,0.737117903930131,1.0,0.0,844,301,0,0,301,0.8527759408730514,0.853084210719545
98,gap,tnr_0.5,0.026668933984525914,0.7643076923076924,0.795134443021767,0.735781990521327,0.4684385382059801,621,160,223,141,160,0.8527759408730514,0.853084210719545
98,gap,tnr_0.7,0.048120095530385994,0.7025534851621809,0.8413223140495868,0.6030805687203792,0.6810631229235881,509,96,335,205,96,0.8527759408730514,0.853084210719545
98,gap,robust_balanced,0.044570231328764476,0.7156462585034014,0.8402555910543131,0.6232227488151659,0.6677740863787376,526,100,318,201,100,0.8527759408730514,0.853084210719545
99,absolute,best_f1,0.34921352213815304,0.8565121412803532,0.7585532746823069,0.9835234474017744,0.10181818181818182,776,247,13,28,247,0.8929996094634732,0.8932086545837673
99,absolute,tnr_0.5,0.47978406220422365,0.8224889450410613,0.8198992443324937,0.8250950570342205,0.48,651,143,138,132,143,0.8929996094634732,0.8932086545837673
99,absolute,tnr_0.7,0.5505529232665857,0.746031746031746,0.8659966499162479,0.6552598225602028,0.7090909090909091,517,80,272,195,80,0.8929996094634732,0.8932086545837673
99,absolute,robust_balanced,0.5495953464415451,0.7532281205164992,0.8677685950413223,0.6653992395437263,0.7090909090909091,525,80,264,195,80,0.8929996094634732,0.8932086545837673
99,gap,best_f1,7.786060185943633e-05,0.8515920129519697,0.7415413533834586,1.0,0.0,789,275,0,0,275,0.8754012299667228,0.875651348096089
99,gap,tnr_0.5,0.026668933984525914,0.7831245880026367,0.8159340659340659,0.752851711026616,0.5127272727272727,594,134,195,141,134,0.8754012299667228,0.875651348096089
99,gap,tnr_0.7,0.048120095530385994,0.7216494845360825,0.8611599297012302,0.6210392902408112,0.7127272727272728,490,79,299,196,79,0.8754012299667228,0.875651348096089
99,gap,robust_balanced,0.044570231328764476,0.7398843930635838,0.8605042016806723,0.6489226869455006,0.6981818181818182,512,83,277,192,83,0.8754012299667228,0.875651348096089
100,absolute,best_f1,0.34921352213815304,0.8679642293529721,0.7768361581920904,0.9833134684147795,0.13818181818181818,825,237,14,38,237,0.8985655662141011,0.8987725471183621
100,absolute,tnr_0.5,0.47978406220422365,0.8126906650396584,0.8325,0.7938021454112039,0.5127272727272727,666,134,173,141,134,0.8985655662141011,0.8987725471183621
100,absolute,tnr_0.7,0.5505529232665857,0.7285223367697594,0.8603896103896104,0.6317044100119189,0.6872727272727273,530,86,309,189,86,0.8985655662141011,0.8987725471183621
100,absolute,robust_balanced,0.5495953464415451,0.7315068493150685,0.8599033816425121,0.636471990464839,0.6836363636363636,534,87,305,188,87,0.8985655662141011,0.8987725471183621
100,gap,best_f1,7.786060185943633e-05,0.8591909882232462,0.7531418312387792,1.0,0.0,839,275,0,0,275,0.8918086089218562,0.8919922052808754
100,gap,tnr_0.5,0.026668933984525914,0.7744360902255639,0.8163804491413474,0.7365911799761621,0.49454545454545457,618,139,221,136,139,0.8918086089218562,0.8919922052808754
100,gap,tnr_0.7,0.048120095530385994,0.710267229254571,0.8662092624356775,0.601907032181168,0.7163636363636363,505,78,334,197,78,0.8918086089218562,0.8919922052808754
100,gap,robust_balanced,0.044570231328764476,0.7268965517241379,0.8625204582651391,0.6281287246722288,0.6945454545454546,527,84,312,191,84,0.8918086089218562,0.8919922052808754
101,absolute,best_f1,0.34921352213815304,0.8713389121338913,0.7806935332708529,0.9857988165680474,0.15217391304347827,833,234,12,42,234,0.9000120932114013,0.9002348602493885
101,absolute,tnr_0.5,0.47978406220422365,0.8403755868544601,0.8335273573923166,0.8473372781065088,0.48188405797101447,716,143,129,133,143,0.9000120932114013,0.9002348602493885
101,absolute,tnr_0.7,0.5505529232665857,0.7410412440838404,0.8643533123028391,0.6485207100591716,0.6884057971014492,548,86,297,190,86,0.9000120932114013,0.9002348602493885
101,absolute,robust_balanced,0.5495953464415451,0.7430883344571814,0.8636363636363636,0.6520710059171597,0.6847826086956522,551,87,294,189,87,0.9000120932114013,0.9002348602493885
101,gap,best_f1,7.786060185943633e-05,0.860488798370672,0.7551385165326184,1.0,0.007246376811594203,845,274,0,2,274,0.8815662209717566,0.8817689443579314
101,gap,tnr_0.5,0.026668933984525914,0.770872567482737,0.820855614973262,0.7266272189349112,0.5144927536231884,614,134,231,142,134,0.8815662209717566,0.8817689443579314
101,gap,tnr_0.7,0.048120095530385994,0.6902905740609497,0.8604240282685512,0.5763313609467455,0.7137681159420289,487,79,358,197,79,0.8815662209717566,0.8817689443579314
101,gap,robust_balanced,0.044570231328764476,0.7105263157894737,0.8564273789649416,0.6071005917159763,0.6884057971014492,513,86,332,190,86,0.8815662209717566,0.8817689443579314
102,absolute,best_f1,0.34921352213815304,0.8665318503538928,0.7769718948322756,0.9794285714285714,0.12455516014234876,857,246,18,35,246,0.8850290108738753,0.885281548315283
102,absolute,tnr_0.5,0.47978406220422365,0.7988269794721408,0.8204819277108434,0.7782857142857142,0.4697508896797153,681,149,194,132,149,0.8850290108738753,0.885281548315283
102,absolute,tnr_0.7,0.5505529232665857,0.7178807947019867,0.8535433070866142,0.6194285714285714,0.6690391459074733,542,93,333,188,93,0.8850290108738753,0.885281548315283
102,absolute,robust_balanced,0.5495953464415451,0.7199471598414795,0.8528951486697965,0.6228571428571429,0.6654804270462633,545,94,330,187,94,0.8850290108738753,0.885281548315283
102,gap,best_f1,7.786060185943633e-05,0.8616445100935499,0.7569204152249135,1.0,0.0,875,281,0,0,281,0.8846538910490842,0.8848481197581622
102,gap,tnr_0.5,0.026668933984525914,0.776918500892326,0.8101736972704715,0.7462857142857143,0.4555160142348754,653,153,222,128,153,0.8846538910490842,0.8848481197581622
102,gap,tnr_0.7,0.048120095530385994,0.7221122112211221,0.8546875,0.6251428571428571,0.6690391459074733,547,93,328,188,93,0.8846538910490842,0.8848481197581622
102,gap,robust_balanced,0.044570231328764476,0.7370466321243523,0.8505231689088192,0.6502857142857142,0.6441281138790036,569,100,306,181,100,0.8846538910490842,0.8848481197581622
103,absolute,best_f1,0.34921352213815304,0.8705148205928237,0.7800559179869525,0.9847058823529412,0.15714285714285714,837,236,13,44,236,0.8947223906586261,0.8950226383620363
103,absolute,tnr_0.5,0.47978406220422365,0.8414779499404053,0.8526570048309179,0.8305882352941176,0.5642857142857143,706,122,144,158,122,0.8947223906586261,0.8950226383620363
103,absolute,tnr_0.7,0.5505529232665857,0.7406398910823689,0.8788368336025848,0.64,0.7321428571428571,544,75,306,205,75,0.8947223906586261,0.8950226383620363
103,absolute,robust_balanced,0.5495953464415451,0.7435549525101763,0.8782051282051282,0.6447058823529411,0.7285714285714285,548,76,302,204,76,0.8947223906586261,0.8950226383620363
103,gap,best_f1,7.786060185943633e-05,0.8585858585858586,0.7522123893805309,1.0,0.0,850,280,0,0,280,0.8769625313337973,0.8772245228265406
103,gap,tnr_0.5,0.026668933984525914,0.7831398900427612,0.8144853875476493,0.7541176470588236,0.4785714285714286,641,146,209,134,146,0.8769625313337973,0.8772245228265406
103,gap,tnr_0.7,0.048120095530385994,0.7108680792891319,0.8482871125611745,0.611764705882353,0.6678571428571428,520,93,330,187,93,0.8769625313337973,0.8772245228265406
103,gap,robust_balanced,0.044570231328764476,0.7261744966442953,0.8453125,0.6364705882352941,0.6464285714285715,541,99,309,181,99,0.8769625313337973,0.8772245228265406
104,absolute,best_f1,0.34921352213815304,0.8663212435233161,0.774074074074074,0.9835294117647059,0.12544802867383512,836,244,14,35,244,0.9053201093401325,0.9056402816897098
104,absolute,tnr_0.5,0.47978406220422365,0.849911712772219,0.850412249705536,0.8494117647058823,0.5448028673835126,722,127,128,152,127,0.9053201093401325,0.9056402816897098
104,absolute,tnr_0.7,0.5505529232665857,0.7788203753351206,0.9049844236760125,0.6835294117647058,0.7813620071684588,581,61,269,218,61,0.9053201093401325,0.9056402816897098
104,absolute,robust_balanced,0.5495953464415451,0.7807486631016043,0.9040247678018576,0.6870588235294117,0.7777777777777778,584,62,266,217,62,0.9053201093401325,0.9056402816897098
104,gap,best_f1,7.786060185943633e-05,0.8594539939332659,0.7535460992907801,1.0,0.0035842293906810036,850,278,0,1,278,0.8856251472402923,0.8858260182748576
104,gap,tnr_0.5,0.026668933984525914,0.767601246105919,0.8158940397350993,0.7247058823529412,0.5017921146953405,616,139,234,140,139,0.8856251472402923,0.8858260182748576
104,gap,tnr_0.7,0.048120095530385994,0.7095871238628412,0.8756476683937824,0.5964705882352941,0.7419354838709677,507,72,343,207,72,0.8856251472402923,0.8858260182748576
104,gap,robust_balanced,0.044570231328764476,0.7241379310344828,0.875,0.6176470588235294,0.7311827956989247,525,75,325,204,75,0.8856251472402923,0.8858260182748576
105,absolute,best_f1,0.34921352213815304,0.8695192815636555,0.7800947867298578,0.9821002386634845,0.137546468401487,823,232,15,37,232,0.8950544864148424,0.8952810825262295
105,absolute,tnr_0.5,0.47978406220422365,0.8281622911694511,0.8281622911694511,0.8281622911694511,0.4646840148698885,694,144,144,125,144,0.8950544864148424,0.8952810825262295
105,absolute,tnr_0.7,0.5505529232665857,0.718554551772064,0.8602329450915142,0.616945107398568,0.6877323420074349,517,84,321,185,84,0.8950544864148424,0.8952810825262295
105,absolute,robust_balanced,0.5495953464415451,0.7198335644937587,0.859271523178808,0.6193317422434368,0.6840148698884758,519,85,319,184,85,0.8950544864148424,0.8952810825262295
105,gap,best_f1,7.786060185943633e-05,0.8625836335563561,0.7583710407239819,1.0,0.007434944237918215,838,267,0,2,267,0.8836404990107362,0.8838531111106042
105,gap,tnr_0.5,0.026668933984525914,0.7728426395939086,0.8252032520325203,0.7267303102625299,0.5204460966542751,609,129,229,140,129,0.8836404990107362,0.8838531111106042
105,gap,tnr_0.7,0.048120095530385994,0.6939655172413793,0.871841155234657,0.5763723150357996,0.7360594795539034,483,71,355,198,71,0.8836404990107362,0.8838531111106042
105,gap,robust_balanced,0.044570231328764476,0.722183344996501,0.8730964467005076,0.6157517899761337,0.7211895910780669,516,75,322,194,75,0.8836404990107362,0.8838531111106042
106,absolute,best_f1,0.34921352213815304,0.8690026954177897,0.7802516940948693,0.9805352798053528,0.18345323741007194,806,227,16,51,227,0.8805221903853535,0.8807907229819402
106,absolute,tnr_0.5,0.47978406220422365,0.8172715894868585,0.8414948453608248,0.7944038929440389,0.5575539568345323,653,123,169,155,123,0.8805221903853535,0.8807907229819402
106,absolute,tnr_0.7,0.5505529232665857,0.7142857142857143,0.8650519031141869,0.6082725060827251,0.7194244604316546,500,78,322,200,78,0.8805221903853535,0.8807907229819402
106,absolute,robust_balanced,0.5495953464415451,0.7192608386638237,0.864957264957265,0.6155717761557178,0.7158273381294964,506,79,316,199,79,0.8805221903853535,0.8807907229819402
106,gap,best_f1,7.786060185943633e-05,0.8553590010405827,0.7472727272727273,1.0,0.0,822,278,0,0,278,0.8739176580979242,0.8741355125040279
106,gap,tnr_0.5,0.026668933984525914,0.7720403022670025,0.8002610966057441,0.745742092457421,0.44964028776978415,613,153,209,125,153,0.8739176580979242,0.8741355125040279
106,gap,tnr_0.7,0.048120095530385994,0.7235543018335684,0.860738255033557,0.6240875912408759,0.7014388489208633,513,83,309,195,83,0.8739176580979242,0.8741355125040279
106,gap,robust_balanced,0.044570231328764476,0.7408431237042156,0.8576,0.6520681265206812,0.6798561151079137,536,89,286,189,89,0.8739176580979242,0.8741355125040279
107,absolute,best_f1,0.34921352213815304,0.8574479444741057,0.7611374407582938,0.9816625916870416,0.0967741935483871,803,252,15,27,252,0.894610533083376,0.8948180269270498
107,absolute,tnr_0.5,0.47978406220422365,0.8163514338010982,0.8148599269183922,0.8178484107579462,0.4551971326164875,669,152,149,127,152,0.894610533083376,0.8948180269270498
107,absolute,tnr_0.7,0.5505529232665857,0.7453416149068323,0.8557844690966719,0.6601466992665037,0.6738351254480287,540,91,278,188,91,0.894610533083376,0.8948180269270498
107,absolute,robust_balanced,0.5495953464415451,0.7445054945054945,0.8495297805642633,0.6625916870415648,0.6559139784946236,542,96,276,183,96,0.894610533083376,0.8948180269270498
107,gap,best_f1,7.786060185943633e-05,0.854308093994778,0.7456700091157703,1.0,0.0,818,279,0,0,279,0.8609175303642579,0.8611771730081296
107,gap,tnr_0.5,0.026668933984525914,0.7474093264248705,0.7947658402203857,0.7053789731051344,0.4659498207885305,577,149,241,130,149,0.8609175303642579,0.8611771730081296
107,gap,tnr_0.7,0.048120095530385994,0.6906474820143885,0.8391608391608392,0.58679706601467,0.6702508960573477,480,92,338,187,92,0.8609175303642579,0.8611771730081296
107,gap,robust_balanced,0.044570231328764476,0.7072997873848335,0.8414839797639123,0.6100244498777506,0.6630824372759857,499,94,319,185,94,0.8609175303642579,0.8611771730081296
108,absolute,best_f1,0.34921352213815304,0.8662759722962173,0.7735490009514748,0.9842615012106537,0.10861423220973783,813,238,13,29,238,0.8637151093658463,0.8640493025450806
108,absolute,tnr_0.5,0.47978406220422365,0.7968369829683698,0.8007334963325183,0.7929782082324455,0.3895131086142322,655,163,171,104,163,0.8637151093658463,0.8640493025450806
108,absolute,tnr_0.7,0.5505529232665857,0.7126119917298415,0.8272,0.62590799031477,0.5955056179775281,517,108,309,159,108,0.8637151093658463,0.8640493025450806
108,absolute,robust_balanced,0.5495953464415451,0.7165408373369938,0.8272583201267829,0.6319612590799032,0.5917602996254682,522,109,304,158,109,0.8637151093658463,0.8640493025450806
108,gap,best_f1,7.786060185943633e-05,0.8617631716223265,0.7571035747021082,1.0,0.00749063670411985,826,265,0,2,265,0.8555861955601574,0.85591463568163
108,gap,tnr_0.5,0.026668933984525914,0.7414128321451717,0.797768479776848,0.6924939467312349,0.45692883895131087,572,145,254,122,145,0.8555861955601574,0.85591463568163
108,gap,tnr_0.7,0.048120095530385994,0.6763425253991292,0.8442028985507246,0.5641646489104116,0.6779026217228464,466,86,360,181,86,0.8555861955601574,0.85591463568163
108,gap,robust_balanced,0.044570231328764476,0.698005698005698,0.8477508650519031,0.5932203389830508,0.6704119850187266,490,88,336,179,88,0.8555861955601574,0.85591463568163
109,absolute,best_f1,0.34921352213815304,0.8584615384615385,0.7636861313868614,0.9800936768149883,0.0912280701754386,837,259,17,26,259,0.8692719413004499,0.8696085228541757
109,absolute,tnr_0.5,0.47978406220422365,0.817809021675454,0.8182883939038686,0.8173302107728337,0.45614035087719296,698,155,156,130,155,0.8692719413004499,0.8696085228541757
109,absolute,tnr_0.7,0.5505529232665857,0.7325268817204301,0.8596214511041009,0.6381733021077284,0.6877192982456141,545,89,309,196,89,0.8692719413004499,0.8696085228541757
109,absolute,robust_balanced,0.5495953464415451,0.7315436241610739,0.8569182389937107,0.6381733021077284,0.6807017543859649,545,91,309,194,91,0.8692719413004499,0.8696085228541757
109,gap,best_f1,7.786060185943633e-05,0.8569994982438535,0.7497805092186128,1.0,0.0,854,285,0,0,285,0.8669371806680937,0.8671760738248852
109,gap,tnr_0.5,0.026668933984525914,0.7530864197530864,0.7963446475195822,0.7142857142857143,0.45263157894736844,610,156,244,129,156,0.8669371806680937,0.8671760738248852
109,gap,tnr_0.7,0.048120095530385994,0.6905582356995176,0.8391959798994975,0.5866510538641686,0.6631578947368421,501,96,353,189,96,0.8669371806680937,0.8671760738248852
109,gap,robust_balanced,0.044570231328764476,0.7077966101694916,0.8405797101449275,0.6112412177985949,0.6526315789473685,522,99,332,186,99,0.8669371806680937,0.8671760738248852
110,absolute,best_f1,0.34921352213815304,0.875715028601144,0.7891283973758201,0.9836448598130841,0.18181818181818182,842,225,14,50,225,0.900322887103558,0.9005191759146541
110,absolute,tnr_0.5,0.47978406220422365,0.8326482677627716,0.8370720188902007,0.8282710280373832,0.49818181818181817,709,138,147,137,138,0.900322887103558,0.9005191759146541
110,absolute,tnr_0.7,0.5505529232665857,0.7563683866753755,0.8577777777777778,0.6764018691588785,0.6509090909090909,579,96,277,179,96,0.900322887103558,0.9005191759146541
110,absolute,robust_balanced,0.5495953464415451,0.758800521512386,0.8584070796460177,0.6799065420560748,0.6509090909090909,582,96,274,179,96,0.900322887103558,0.9005191759146541
110,gap,best_f1,7.786060185943633e-05,0.8616004026170105,0.7568523430592397,1.0,0.0,856,275,0,0,275,0.868862507691231,0.8691108810873674
110,gap,tnr_0.5,0.026668933984525914,0.7504714016341923,0.8122448979591836,0.697429906542056,0.49818181818181817,597,138,259,137,138,0.868862507691231,0.8691108810873674
110,gap,tnr_0.7,0.048120095530385994,0.6867132867132867,0.8554006968641115,0.5735981308411215,0.6981818181818182,491,83,365,192,83,0.868862507691231,0.8691108810873674
110,gap,robust_balanced,0.044570231328764476,0.6957123098201936,0.8525423728813559,0.5876168224299065,0.6836363636363636,503,87,353,188,87,0.868862507691231,0.8691108810873674
111,absolute,best_f1,0.34921352213815304,0.8752025931928687,0.7879377431906615,0.9842041312272175,0.17110266159695817,810,218,13,45,218,0.874421316587665,0.8747450819333201
111,absolute,tnr_0.5,0.47978406220422365,0.8226691042047533,0.8251833740831296,0.8201701093560145,0.45627376425855515,675,143,148,120,143,0.874421316587665,0.8747450819333201
111,absolute,tnr_0.7,0.5505529232665857,0.7110481586402266,0.8522920203735145,0.6099635479951397,0.6692015209125475,502,87,321,176,87,0.874421316587665,0.8747450819333201
111,absolute,robust_balanced,0.5495953464415451,0.7165021156558533,0.853781512605042,0.6172539489671932,0.6692015209125475,508,87,315,176,87,0.874421316587665,0.8747450819333201
111,gap,best_f1,7.786060185943633e-05,0.8622315348349922,0.7578268876611418,1.0,0.0,823,263,0,0,263,0.9036118676496632,0.9037619775592599
111,gap,tnr_0.5,0.026668933984525914,0.7866323907455013,0.834924965893588,0.7436208991494532,0.5399239543726235,612,121,211,142,121,0.9036118676496632,0.9037619775592599
111,gap,tnr_0.7,0.048120095530385994,0.7312900926585887,0.8844827586206897,0.6233292831105711,0.7452471482889734,513,67,310,196,67,0.9036118676496632,0.9037619775592599
111,gap,robust_balanced,0.044570231328764476,0.7436619718309859,0.8844221105527639,0.6415552855407047,0.7376425855513308,528,69,295,194,69,0.9036118676496632,0.9037619775592599
112,absolute,best_f1,0.34921352213815304,0.8609271523178808,0.7660924750679964,0.9825581395348837,0.10416666666666667,845,258,15,30,258,0.8942594423506919,0.8944819313697141
112,absolute,tnr_0.5,0.47978406220422365,0.8353837141183362,0.8417945690672963,0.8290697674418605,0.5347222222222222,713,134,147,154,134,0.8942594423506919,0.8944819313697141
112,absolute,tnr_0.7,0.5505529232665857,0.7413333333333333,0.86875,0.6465116279069767,0.7083333333333334,556,84,304,204,84,0.8942594423506919,0.8944819313697141
112,absolute,robust_balanced,0.5495953464415451,0.7450199203187251,0.868421052631579,0.6523255813953488,0.7048611111111112,561,85,299,203,85,0.8942594423506919,0.8944819313697141
112,gap,best_f1,7.786060185943633e-05,0.8565737051792829,0.7491289198606271,1.0,0.0,860,288,0,0,288,0.8914892263730624,0.8916503929943064
112,gap,tnr_0.5,0.026668933984525914,0.7611846250787649,0.8308115543328748,0.7023255813953488,0.5729166666666666,604,123,256,165,123,0.8914892263730624,0.8916503929943064
112,gap,tnr_0.7,0.048120095530385994,0.7109589041095891,0.865,0.6034883720930233,0.71875,519,81,341,207,81,0.8914892263730624,0.8916503929943064
112,gap,robust_balanced,0.044570231328764476,0.7243243243243244,0.864516129032258,0.6232558139534884,0.7083333333333334,536,84,324,204,84,0.8914892263730624,0.8916503929943064
113,absolute,best_f1,0.34921352213815304,0.8590956887486856,0.7671361502347418,0.97610513739546,0.09157509157509157,817,248,20,25,248,0.8914398705917946,0.8916795083214056
113,absolute,tnr_0.5,0.47978406220422365,0.8308605341246291,0.8254716981132075,0.8363201911589009,0.45787545787545786,700,148,137,125,148,0.8914398705917946,0.8916795083214056
113,absolute,tnr_0.7,0.5505529232665857,0.7253814147018031,0.8644628099173554,0.6248506571087217,0.6996336996336996,523,82,314,191,82,0.8914398705917946,0.8916795083214056
113,absolute,robust_balanced,0.5495953464415451,0.729525120440468,0.8603896103896104,0.6332138590203107,0.684981684981685,530,86,307,187,86,0.8914398705917946,0.8916795083214056
113,gap,best_f1,7.786060185943633e-05,0.8597842835130971,0.754054054054054,1.0,0.0,837,273,0,0,273,0.8588783040132214,0.8591672832832181
113,gap,tnr_0.5,0.026668933984525914,0.7480916030534351,0.8,0.7025089605734767,0.46153846153846156,588,147,249,126,147,0.8588783040132214,0.8591672832832181
113,gap,tnr_0.7,0.048120095530385994,0.6733238231098431,0.8353982300884956,0.5639187574671446,0.6593406593406593,472,93,365,180,93,0.8588783040132214,0.8591672832832181
113,gap,robust_balanced,0.044570231328764476,0.6881118881118881,0.8296795952782462,0.5878136200716846,0.63003663003663,492,101,345,172,101,0.8588783040132214,0.8591672832832181
114,absolute,best_f1,0.34921352213815304,0.8629768941429339,0.7698945349952061,0.9816625916870416,0.12408759124087591,803,240,15,34,240,0.8650280578306807,0.8653472861252557
114,absolute,tnr_0.5,0.47978406220422365,0.8275015346838551,0.8310727496917386,0.823960880195599,0.5,674,137,144,137,137,0.8650280578306807,0.8653472861252557
114,absolute,tnr_0.7,0.5505529232665857,0.7305808257522743,0.8543371522094927,0.6381418092909535,0.6751824817518248,522,89,296,185,89,0.8650280578306807,0.8653472861252557
114,absolute,robust_balanced,0.5495953464415451,0.7371349095966621,0.8548387096774194,0.6479217603911981,0.6715328467153284,530,90,288,184,90,0.8650280578306807,0.8653472861252557
114,gap,best_f1,7.786060185943633e-05,0.8578919769271106,0.751147842056933,1.0,0.010948905109489052,818,271,0,3,271,0.8505536278449217,0.8508801228452301
114,gap,tnr_0.5,0.026668933984525914,0.7642903018625562,0.8051420838971584,0.7273838630806846,0.4744525547445255,595,144,223,130,144,0.8505536278449217,0.8508801228452301
114,gap,tnr_0.7,0.048120095530385994,0.6899501069137562,0.8273504273504273,0.5916870415647921,0.6313868613138686,484,101,334,173,101,0.8505536278449217,0.8508801228452301
114,gap,robust_balanced,0.044570231328764476,0.7112038970076549,0.8255250403877221,0.6246943765281173,0.6058394160583942,511,108,307,166,108,0.8505536278449217,0.8508801228452301
115,absolute,best_f1,0.34921352213815304,0.8740894901144641,0.7872539831302718,0.9824561403508771,0.15298507462686567,840,227,15,41,227,0.8956075121648981,0.8958342811070312
115,absolute,tnr_0.5,0.47978406220422365,0.821640903686088,0.8355501813784765,0.808187134502924,0.4925373134328358,691,136,164,132,136,0.8956075121648981,0.8958342811070312
115,absolute,tnr_0.7,0.5505529232665857,0.7416331994645248,0.86697965571205,0.6479532163742691,0.6828358208955224,554,85,301,183,85,0.8956075121648981,0.8958342811070312
115,absolute,robust_balanced,0.5495953464415451,0.7466666666666667,0.8682170542635659,0.6549707602339181,0.6828358208955224,560,85,295,183,85,0.8956075121648981,0.8958342811070312
115,gap,best_f1,7.786060185943633e-05,0.8649468892261002,0.7620320855614974,1.0,0.0037313432835820895,855,267,0,1,267,0.877446759463402,0.8776678636790046
115,gap,tnr_0.5,0.026668933984525914,0.7476280834914611,0.8140495867768595,0.6912280701754386,0.4962686567164179,591,135,264,133,135,0.877446759463402,0.8776678636790046
115,gap,tnr_0.7,0.048120095530385994,0.6834733893557423,0.8516579406631762,0.5707602339181287,0.6828358208955224,488,85,367,183,85,0.877446759463402,0.8776678636790046
115,gap,robust_balanced,0.044570231328764476,0.6988950276243094,0.8532883642495784,0.591812865497076,0.6753731343283582,506,87,349,181,87,0.877446759463402,0.8776678636790046
116,absolute,best_f1,0.34921352213815304,0.8683926645091694,0.7785299806576402,0.9817073170731707,0.19081272084805653,805,229,15,54,229,0.8844638215560445,0.884703657247584
116,absolute,tnr_0.5,0.47978406220422365,0.8056580565805658,0.8126550868486352,0.7987804878048781,0.4664310954063604,655,151,165,132,151,0.8844638215560445,0.884703657247584
116,absolute,tnr_0.7,0.5505529232665857,0.7110799438990182,0.8366336633663366,0.6182926829268293,0.6501766784452296,507,99,313,184,99,0.8844638215560445,0.884703657247584
116,absolute,robust_balanced,0.5495953464415451,0.7109867039888034,0.8341543513957307,0.6195121951219512,0.6431095406360424,508,101,312,182,101,0.8844638215560445,0.884703657247584
116,gap,best_f1,7.786060185943633e-05,0.8528341133645346,0.743427017225748,1.0,0.0,820,283,0,0,283,0.8728828551635404,0.8731298397949454
116,gap,tnr_0.5,0.026668933984525914,0.7604712041884817,0.8206214689265536,0.7085365853658536,0.5512367491166078,581,127,239,156,127,0.8728828551635404,0.8731298397949454
116,gap,tnr_0.7,0.048120095530385994,0.7046931407942238,0.863716814159292,0.5951219512195122,0.7279151943462897,488,77,332,206,77,0.8728828551635404,0.8731298397949454
116,gap,robust_balanced,0.044570231328764476,0.7173295454545454,0.858843537414966,0.6158536585365854,0.7067137809187279,505,83,315,200,83,0.8728828551635404,0.8731298397949454
117,absolute,best_f1,0.34921352213815304,0.8695652173913043,0.7757805108798487,0.9891435464414958,0.11895910780669144,820,237,9,32,237,0.880220377476688,0.880477103135793
117,absolute,tnr_0.5,0.47978406220422365,0.8295936931473621,0.8341463414634146,0.8250904704463209,0.4944237918215613,684,136,145,133,136,0.880220377476688,0.880477103135793
117,absolute,tnr_0.7,0.5505529232665857,0.7093596059113301,0.8513513513513513,0.6079613992762364,0.6728624535315985,504,88,325,181,88,0.880220377476688,0.880477103135793
117,absolute,robust_balanced,0.5495953464415451,0.71518544436669,0.8516666666666667,0.6164053075995175,0.6691449814126395,511,89,318,180,89,0.880220377476688,0.880477103135793
117,gap,best_f1,7.786060185943633e-05,0.8608515057113187,0.7556973564266181,1.0,0.0037174721189591076,829,268,0,1,268,0.8558594105726587,0.8561452592353752
117,gap,tnr_0.5,0.026668933984525914,0.7628083491461101,0.8018617021276596,0.7273823884197829,0.44609665427509293,603,149,226,120,149,0.8558594105726587,0.8561452592353752
117,gap,tnr_0.7,0.048120095530385994,0.6808510638297872,0.8261617900172117,0.5790108564535585,0.6245353159851301,480,101,349,168,101,0.8558594105726587,0.8561452592353752
117,gap,robust_balanced,0.044570231328764476,0.700139470013947,0.8297520661157025,0.6055488540410132,0.6171003717472119,502,103,327,166,103,0.8558594105726587,0.8561452592353752
118,absolute,best_f1,0.34921352213815304,0.8676957001102535,0.7730844793713163,0.9886934673366834,0.15073529411764705,787,231,9,41,231,0.8905188438081024,0.8908012139108871
118,absolute,tnr_0.5,0.47978406220422365,0.8364779874213837,0.8375314861460957,0.835427135678392,0.5257352941176471,665,129,131,143,129,0.8905188438081024,0.8908012139108871
118,absolute,tnr_0.7,0.5505529232665857,0.7309352517985611,0.8552188552188552,0.6381909547738693,0.6838235294117647,508,86,288,186,86,0.8905188438081024,0.8908012139108871
118,absolute,robust_balanced,0.5495953464415451,0.7336683417085427,0.8559463986599665,0.6419597989949749,0.6838235294117647,511,86,285,186,86,0.8905188438081024,0.8908012139108871
118,gap,best_f1,7.786060185943633e-05,0.8540772532188842,0.7453183520599251,1.0,0.0,796,272,0,0,272,0.8790064116772542,0.8792448407095574
118,gap,tnr_0.5,0.026668933984525914,0.7803583278035833,0.8270042194092827,0.7386934673366834,0.5477941176470589,588,123,208,149,123,0.8790064116772542,0.8792448407095574
118,gap,tnr_0.7,0.048120095530385994,0.7064973861090366,0.8710865561694291,0.5942211055276382,0.7426470588235294,473,70,323,202,70,0.8790064116772542,0.8792448407095574
118,gap,robust_balanced,0.044570231328764476,0.7242136064374542,0.8669001751313485,0.621859296482412,0.7205882352941176,495,76,301,196,76,0.8790064116772542,0.8792448407095574
119,absolute,best_f1,0.34921352213815304,0.8571428571428571,0.7624633431085044,0.9786700125470514,0.11636363636363636,780,243,17,32,243,0.888132343413297,0.888424193215545
119,absolute,tnr_0.5,0.47978406220422365,0.8271918678526048,0.8378378378378378,0.8168130489335006,0.5418181818181819,651,126,146,149,126,0.888132343413297,0.888424193215545
119,absolute,tnr_0.7,0.5505529232665857,0.717037037037037,0.8752260397830018,0.6072772898368883,0.7490909090909091,484,69,313,206,69,0.888132343413297,0.888424193215545
119,absolute,robust_balanced,0.5495953464415451,0.7221812822402358,0.875,0.6148055207026348,0.7454545454545455,490,70,307,205,70,0.888132343413297,0.888424193215545
119,gap,best_f1,7.786060185943633e-05,0.8533190578158458,0.7441643323996265,1.0,0.0036363636363636364,797,274,0,1,274,0.8753317899093509,0.8755142732676218
119,gap,tnr_0.5,0.026668933984525914,0.7374005305039788,0.7819971870604782,0.6976160602258469,0.43636363636363634,556,155,241,120,155,0.8753317899093509,0.8755142732676218
119,gap,tnr_0.7,0.048120095530385994,0.679160419790105,0.8435754189944135,0.5683814303638645,0.6945454545454546,453,84,344,191,84,0.8753317899093509,0.8755142732676218
119,gap,robust_balanced,0.044570231328764476,0.7012417823228634,0.8391608391608392,0.6022584692597239,0.6654545454545454,480,92,317,183,92,0.8753317899093509,0.8755142732676218
120,absolute,best_f1,0.34921352213815304,0.8665943600867679,0.7719806763285024,0.9876390605686032,0.15412186379928317,799,236,10,43,236,0.8877729417324287,0.8881307048242685
120,absolute,tnr_0.5,0.47978406220422365,0.8253768844221105,0.8390804597701149,0.8121137206427689,0.5483870967741935,657,126,152,153,126,0.8877729417324287,0.8881307048242685
120,absolute,tnr_0.7,0.5505529232665857,0.7498238195912614,0.8721311475409836,0.657601977750309,0.7204301075268817,532,78,277,201,78,0.8877729417324287,0.8881307048242685
120,absolute,robust_balanced,0.5495953464415451,0.7524613220815752,0.8727569331158238,0.6613102595797281,0.7204301075268817,535,78,274,201,78,0.8877729417324287,0.8881307048242685
120,gap,best_f1,7.786060185943633e-05,0.8533755274261603,0.7442502299908004,1.0,0.0035842293906810036,809,278,0,1,278,0.8642437826033075,0.864553225154384
120,gap,tnr_0.5,0.026668933984525914,0.7566844919786097,0.8238719068413392,0.6996291718170581,0.5663082437275986,566,121,243,158,121,0.8642437826033075,0.864553225154384
120,gap,tnr_0.7,0.048120095530385994,0.6815144766146993,0.8531598513011153,0.5673671199011124,0.7168458781362007,459,79,350,200,79,0.8642437826033075,0.864553225154384
120,gap,robust_balanced,0.044570231328764476,0.704,0.8551236749116607,0.5982694684796045,0.7060931899641577,484,82,325,197,82,0.8642437826033075,0.864553225154384
121,absolute,best_f1,0.34921352213815304,0.8654970760233918,0.7752380952380953,0.9795427196149218,0.14181818181818182,814,236,17,39,236,0.9015293332337615,0.9018122030522653
121,absolute,tnr_0.5,0.47978406220422365,0.8455089820359282,0.8414779499404053,0.8495788206979543,0.5163636363636364,706,133,125,142,133,0.9015293332337615,0.9018122030522653
121,absolute,tnr_0.7,0.5505529232665857,0.7949231796927188,0.8933933933933934,0.7160048134777377,0.7418181818181818,595,71,236,204,71,0.9015293332337615,0.9018122030522653
121,absolute,robust_balanced,0.5495953464415451,0.7965425531914894,0.8900445765230312,0.7208182912154031,0.730909090909091,599,74,232,201,74,0.9015293332337615,0.9018122030522653
121,gap,best_f1,7.786060185943633e-05,0.8580278781621063,0.7513562386980108,1.0,0.0,831,275,0,0,275,0.8923130252190149,0.8924589755503798
121,gap,tnr_0.5,0.026668933984525914,0.7728130899937067,0.8100263852242744,0.7388688327316486,0.4763636363636364,614,144,217,131,144,0.8923130252190149,0.8924589755503798
121,gap,tnr_0.7,0.048120095530385994,0.7114568599717115,0.8627787307032591,0.605294825511432,0.7090909090909091,503,80,328,195,80,0.8923130252190149,0.8924589755503798
121,gap,robust_balanced,0.044570231328764476,0.7277777777777777,0.8604269293924466,0.6305655836341757,0.6909090909090909,524,85,307,190,85,0.8923130252190149,0.8924589755503798
122,absolute,best_f1,0.34921352213815304,0.868260144524736,0.7817817817817818,0.97625,0.21014492753623187,781,218,19,58,218,0.8960994789484651,0.8963918002562805
122,absolute,tnr_0.5,0.47978406220422365,0.8290816326530612,0.8463541666666666,0.8125,0.572463768115942,650,118,150,158,118,0.8960994789484651,0.8963918002562805
122,absolute,tnr_0.7,0.5505529232665857,0.7341587764020393,0.8795811518324608,0.63,0.75,504,69,296,207,69,0.8960994789484651,0.8963918002562805
122,absolute,robust_balanced,0.5495953464415451,0.7340116279069767,0.8767361111111112,0.63125,0.7427536231884058,505,71,295,205,71,0.8960994789484651,0.8963918002562805
122,gap,best_f1,7.786060185943633e-05,0.8537886872998933,0.74487895716946,1.0,0.007246376811594203,800,274,0,2,274,0.8713337039144142,0.8716384751410546
122,gap,tnr_0.5,0.026668933984525914,0.7511612475116125,0.8005657708628006,0.7075,0.4891304347826087,566,141,234,135,141,0.8713337039144142,0.8716384751410546
122,gap,tnr_0.7,0.048120095530385994,0.7040590405904059,0.8594594594594595,0.59625,0.717391304347826,477,78,323,198,78,0.8713337039144142,0.8716384751410546
122,gap,robust_balanced,0.044570231328764476,0.7117903930131004,0.8519163763066202,0.61125,0.6920289855072463,489,85,311,191,85,0.8713337039144142,0.8716384751410546
123,absolute,best_f1,0.34921352213815304,0.8638049814520403,0.771050141911069,0.9819277108433735,0.1387900355871886,815,242,15,39,242,0.8691174815386925,0.8694773142452148
123,absolute,tnr_0.5,0.47978406220422365,0.8188319427890346,0.8101415094339622,0.827710843373494,0.42704626334519574,687,161,143,120,161,0.8691174815386925,0.8694773142452148
123,absolute,tnr_0.7,0.5505529232665857,0.7112038970076549,0.841845140032949,0.6156626506024097,0.6583629893238434,511,96,319,185,96,0.8691174815386925,0.8694773142452148
123,absolute,robust_balanced,0.5495953464415451,0.7146814404432132,0.8403908794788274,0.6216867469879518,0.6512455516014235,516,98,314,183,98,0.8691174815386925,0.8694773142452148
123,gap,best_f1,7.786060185943633e-05,0.8565531475748194,0.7490974729241877,1.0,0.010676156583629894,830,278,0,3,278,0.8660492978656645,0.8663240294345247
123,gap,tnr_0.5,0.026668933984525914,0.7586649550706034,0.8118131868131868,0.7120481927710843,0.5124555160142349,591,137,239,144,137,0.8660492978656645,0.8663240294345247
123,gap,tnr_0.7,0.048120095530385994,0.6928011404133999,0.8481675392670157,0.5855421686746988,0.6903914590747331,486,87,344,194,87,0.8660492978656645,0.8663240294345247
123,gap,robust_balanced,0.044570231328764476,0.7115789473684211,0.8521008403361344,0.6108433734939759,0.6868327402135231,507,88,323,193,88,0.8660492978656645,0.8663240294345247
124,absolute,best_f1,0.34921352213815304,0.8654836863194046,0.7730061349693251,0.9830949284785435,0.16226415094339622,756,222,13,43,222,0.8846204768858759,0.8849309895649748
124,absolute,tnr_0.5,0.47978406220422365,0.8488830486202366,0.8579017264276229,0.8400520156046815,0.5962264150943396,646,107,123,158,107,0.8846204768858759,0.8849309895649748
124,absolute,tnr_0.7,0.5505529232665857,0.7729257641921398,0.8776859504132232,0.6905071521456437,0.720754716981132,531,74,238,191,74,0.8846204768858759,0.8849309895649748
124,absolute,robust_balanced,0.5495953464415451,0.777697320782042,0.8774509803921569,0.6983094928478544,0.7169811320754716,537,75,232,190,75,0.8846204768858759,0.8849309895649748
124,gap,best_f1,7.786060185943633e-05,0.8530227398779812,0.7437137330754352,1.0,0.0,769,265,0,0,265,0.8812782696024781,0.8814708930268613
124,gap,tnr_0.5,0.026668933984525914,0.7738014854827819,0.8047752808988764,0.7451235370611183,0.47547169811320755,573,139,196,126,139,0.8812782696024781,0.8814708930268613
124,gap,tnr_0.7,0.048120095530385994,0.7233082706766917,0.857397504456328,0.6254876462938882,0.6981132075471698,481,80,288,185,80,0.8812782696024781,0.8814708930268613
124,gap,robust_balanced,0.044570231328764476,0.740029542097489,0.8564102564102564,0.6514954486345904,0.6830188679245283,501,84,268,181,84,0.8812782696024781,0.8814708930268613
125,absolute,best_f1,0.34921352213815304,0.8727272727272727,0.7810650887573964,0.9887640449438202,0.16541353383458646,792,222,9,44,222,0.8942448082468871,0.8944959805540805
125,absolute,tnr_0.5,0.47978406220422365,0.8302122347066168,0.8302122347066168,0.8302122347066168,0.48872180451127817,665,136,136,130,136,0.8942448082468871,0.8944959805540805
125,absolute,tnr_0.7,0.5505529232665857,0.7134587554269175,0.8485370051635112,0.6154806491885143,0.6691729323308271,493,88,308,178,88,0.8942448082468871,0.8944959805540805
125,absolute,robust_balanced,0.5495953464415451,0.7190201729106628,0.8500851788756388,0.6229712858926342,0.6691729323308271,499,88,302,178,88,0.8942448082468871,0.8944959805540805
125,gap,best_f1,7.786060185943633e-05,0.8580610605249063,0.7514071294559099,1.0,0.0037593984962406013,801,265,0,1,265,0.8805087912907514,0.8807616370767607
125,gap,tnr_0.5,0.026668933984525914,0.77734375,0.8122448979591836,0.7453183520599251,0.48120300751879697,597,138,204,128,138,0.8805087912907514,0.8807616370767607
125,gap,tnr_0.7,0.048120095530385994,0.7153284671532847,0.8611599297012302,0.6117353308364545,0.7030075187969925,490,79,311,187,79,0.8805087912907514,0.8807616370767607
125,gap,robust_balanced,0.044570231328764476,0.7380442541042113,0.8616666666666667,0.6454431960049938,0.6879699248120301,517,83,284,183,83,0.8805087912907514,0.8807616370767607
126,absolute,best_f1,0.34921352213815304,0.8616517622304051,0.7668539325842697,0.9831932773109243,0.11071428571428571,819,249,14,31,249,0.8725308940936285,0.8729142172130325
126,absolute,tnr_0.5,0.47978406220422365,0.826634673065387,0.8261390887290168,0.8271308523409364,0.48214285714285715,689,145,144,135,145,0.8725308940936285,0.8729142172130325
126,absolute,tnr_0.7,0.5505529232665857,0.7474610697359513,0.8571428571428571,0.6626650660264105,0.6714285714285714,552,92,281,188,92,0.8725308940936285,0.8729142172130325
126,absolute,robust_balanced,0.5495953464415451,0.7506738544474394,0.8556067588325653,0.6686674669867947,0.6642857142857143,557,94,276,186,94,0.8725308940936285,0.8729142172130325
126,gap,best_f1,7.786060185943633e-05,0.8565552699228792,0.7491007194244604,1.0,0.0035714285714285713,833,279,0,1,279,0.8555250490002551,0.8557931061510624
126,gap,tnr_0.5,0.026668933984525914,0.7552182163187856,0.7981283422459893,0.7166866746698679,0.4607142857142857,597,151,236,129,151,0.8555250490002551,0.8557931061510624
126,gap,tnr_0.7,0.048120095530385994,0.6882477128782547,0.8316326530612245,0.5870348139255702,0.6464285714285715,489,99,344,181,99,0.8555250490002551,0.8557931061510624
126,gap,robust_balanced,0.044570231328764476,0.7075862068965517,0.8314424635332253,0.6158463385354142,0.6285714285714286,513,104,320,176,104,0.8555250490002551,0.8557931061510624
127,absolute,best_f1,0.34921352213815304,0.8643892339544513,0.7781919850885368,0.9720605355064028,0.14388489208633093,835,238,24,40,238,0.8754500635321106,0.8757455686552663
127,absolute,tnr_0.5,0.47978406220422365,0.8207822533566842,0.8231850117096019,0.8183934807916181,0.4568345323741007,703,151,156,127,151,0.8754500635321106,0.8757455686552663
127,absolute,tnr_0.7,0.5505529232665857,0.7203728362183754,0.8413685847589425,0.629802095459837,0.6330935251798561,541,102,318,176,102,0.8754500635321106,0.8757455686552663
127,absolute,robust_balanced,0.5495953464415451,0.7245033112582782,0.8402457757296466,0.6367869615832363,0.6258992805755396,547,104,312,174,104,0.8754500635321106,0.8757455686552663
127,gap,best_f1,7.786060185943633e-05,0.8607214428857716,0.7554969217238346,1.0,0.0,859,278,0,0,278,0.8972289963187504,0.8973905209516302
127,gap,tnr_0.5,0.026668933984525914,0.7796610169491526,0.8121059268600253,0.7497089639115251,0.46402877697841727,644,149,215,129,149,0.8972289963187504,0.8973905209516302
127,gap,tnr_0.7,0.048120095530385994,0.7310529845741114,0.8623417721518988,0.6344586728754366,0.6870503597122302,545,87,314,191,87,0.8972289963187504,0.8973905209516302
127,gap,robust_balanced,0.044570231328764476,0.744216787838731,0.8608562691131498,0.6554132712456344,0.6726618705035972,563,91,296,187,91,0.8972289963187504,0.8973905209516302
128,absolute,best_f1,0.34921352213815304,0.8562231759656652,0.7549668874172185,0.9888475836431226,0.07829181494661921,798,259,9,22,259,0.8967657063286096,0.8969647472791831
128,absolute,tnr_0.5,0.47978406220422365,0.8278388278388278,0.8158844765342961,0.8401486988847584,0.4555160142348754,678,153,129,128,153,0.8967657063286096,0.8969647472791831
128,absolute,tnr_0.7,0.5505529232665857,0.7489539748953975,0.8564593301435407,0.6654275092936803,0.6797153024911032,537,90,270,191,90,0.8967657063286096,0.8969647472791831
128,absolute,robust_balanced,0.5495953464415451,0.7505211952744962,0.8544303797468354,0.6691449814126395,0.6725978647686833,540,92,267,189,92,0.8967657063286096,0.8969647472791831
128,gap,best_f1,7.786060185943633e-05,0.8521647307286166,0.7424103035878565,1.0,0.0035587188612099642,807,280,0,1,280,0.8655873497906055,0.8658344179868666
128,gap,tnr_0.5,0.026668933984525914,0.7465437788018433,0.7963483146067416,0.7026022304832714,0.48398576512455516,567,145,240,136,145,0.8655873497906055,0.8658344179868666
128,gap,tnr_0.7,0.048120095530385994,0.6829268292682927,0.8461538461538461,0.5724907063197026,0.701067615658363,462,84,345,197,84,0.8655873497906055,0.8658344179868666
128,gap,robust_balanced,0.044570231328764476,0.7047756874095513,0.8469565217391304,0.6034696406443618,0.6868327402135231,487,88,320,193,88,0.8655873497906055,0.8658344179868666
129,absolute,best_f1,0.34921352213815304,0.8738690792974987,0.785645933014354,0.9844124700239808,0.15151515151515152,821,224,13,40,224,0.9001318282447164,0.9003689764280305
129,absolute,tnr_0.5,0.47978406220422365,0.8382441371016236,0.8407720144752714,0.8357314148681055,0.5,697,132,137,132,132,0.9001318282447164,0.9003689764280305
129,absolute,tnr_0.7,0.5505529232665857,0.7653478854024557,0.8876582278481012,0.6726618705035972,0.7310606060606061,561,71,273,193,71,0.9001318282447164,0.9003689764280305
129,absolute,robust_balanced,0.5495953464415451,0.7659863945578231,0.8852201257861635,0.6750599520383693,0.7234848484848485,563,73,271,191,73,0.9001318282447164,0.9003689764280305
129,gap,best_f1,7.786060185943633e-05,0.8638011393060591,0.7602552415679125,1.0,0.003787878787878788,834,263,0,1,263,0.8720951870440857,0.872361476482533
129,gap,tnr_0.5,0.026668933984525914,0.758043758043758,0.8180555555555555,0.7062350119904077,0.5037878787878788,589,131,245,133,131,0.8720951870440857,0.872361476482533
129,gap,tnr_0.7,0.048120095530385994,0.6877697841726619,0.8597122302158273,0.5731414868105515,0.7045454545454546,478,78,356,186,78,0.8720951870440857,0.872361476482533
129,gap,robust_balanced,0.044570231328764476,0.6997167138810199,0.8546712802768166,0.592326139088729,0.6818181818181818,494,84,340,180,84,0.8720951870440857,0.872361476482533
130,absolute,best_f1,0.34921352213815304,0.8647798742138365,0.7717492984097287,0.9833134684147795,0.14385964912280702,825,244,14,41,244,0.8817036127457062,0.8819417757331296
130,absolute,tnr_0.5,0.47978406220422365,0.8129793510324483,0.8049065420560748,0.8212157330154947,0.41403508771929826,689,167,150,118,167,0.8817036127457062,0.8819417757331296
130,absolute,tnr_0.7,0.5505529232665857,0.7348586810228802,0.8438948995363215,0.6507747318235996,0.6456140350877193,546,101,293,184,101,0.8817036127457062,0.8819417757331296
130,absolute,robust_balanced,0.5495953464415451,0.7377598926894702,0.843558282208589,0.6555423122765197,0.6421052631578947,550,102,289,183,102,0.8817036127457062,0.8819417757331296
130,gap,best_f1,7.786060185943633e-05,0.8548140601120734,0.74644128113879,1.0,0.0,839,285,0,0,285,0.8516930997100671,0.8520174538121211
130,gap,tnr_0.5,0.026668933984525914,0.766935985083903,0.8012987012987013,0.735399284862932,0.4631578947368421,617,153,222,132,153,0.8516930997100671,0.8520174538121211
130,gap,tnr_0.7,0.048120095530385994,0.704088704088704,0.8410596026490066,0.6054827175208581,0.6631578947368421,508,96,331,189,96,0.8516930997100671,0.8520174538121211
130,gap,robust_balanced,0.044570231328764476,0.7251700680272108,0.8446909667194928,0.635280095351609,0.656140350877193,533,98,306,187,98,0.8516930997100671,0.8520174538121211
131,absolute,best_f1,0.34921352213815304,0.8707983193277311,0.7828139754485364,0.9810650887573964,0.13533834586466165,829,230,16,36,230,0.8946916543306092,0.8949526290369645
131,absolute,tnr_0.5,0.47978406220422365,0.8138424821002387,0.8206979542719615,0.8071005917159764,0.4398496240601504,682,149,163,117,149,0.8946916543306092,0.8949526290369645
131,absolute,tnr_0.7,0.5505529232665857,0.728021978021978,0.867430441898527,0.6272189349112426,0.6954887218045113,530,81,315,185,81,0.8946916543306092,0.8949526290369645
131,absolute,robust_balanced,0.5495953464415451,0.7282683093771389,0.8636363636363636,0.6295857988165681,0.6842105263157895,532,84,313,182,84,0.8946916543306092,0.8949526290369645
131,gap,best_f1,7.786060185943633e-05,0.8644501278772379,0.7612612612612613,1.0,0.0037593984962406013,845,265,0,1,265,0.8720386966327747,0.8723149730144469
131,gap,tnr_0.5,0.026668933984525914,0.7550251256281407,0.8045515394912985,0.7112426035502959,0.45112781954887216,601,146,244,120,146,0.8720386966327747,0.8723149730144469
131,gap,tnr_0.7,0.048120095530385994,0.702247191011236,0.8635578583765112,0.591715976331361,0.7030075187969925,500,79,345,187,79,0.8720386966327747,0.8723149730144469
131,gap,robust_balanced,0.044570231328764476,0.71939477303989,0.8587848932676518,0.6189349112426036,0.6766917293233082,523,86,322,180,86,0.8720386966327747,0.8723149730144469
132,absolute,best_f1,0.34921352213815304,0.8598930481283422,0.7599243856332704,0.9901477832512315,0.1056338028169014,804,254,8,30,254,0.8853948645641602,0.885614681085946
132,absolute,tnr_0.5,0.47978406220422365,0.8241758241758241,0.8171912832929782,0.8312807881773399,0.46830985915492956,675,151,137,133,151,0.8853948645641602,0.885614681085946
132,absolute,tnr_0.7,0.5505529232665857,0.7479338842975206,0.8484375,0.6687192118226601,0.6584507042253521,543,97,269,187,97,0.8853948645641602,0.885614681085946
132,absolute,robust_balanced,0.5495953464415451,0.7511994516792323,0.8469860896445132,0.6748768472906403,0.6514084507042254,548,99,264,185,99,0.8853948645641602,0.885614681085946
132,gap,best_f1,7.786060185943633e-05,0.8511530398322851,0.7408759124087592,1.0,0.0,812,284,0,0,284,0.8615250611716715,0.8617473772011915
132,gap,tnr_0.5,0.026668933984525914,0.7344262295081967,0.7854137447405329,0.6896551724137931,0.4612676056338028,560,153,252,131,153,0.8615250611716715,0.8617473772011915
132,gap,tnr_0.7,0.048120095530385994,0.6820475847152127,0.8226086956521739,0.5825123152709359,0.6408450704225352,473,102,339,182,102,0.8615250611716715,0.8617473772011915
132,gap,robust_balanced,0.044570231328764476,0.6926898509581263,0.8174204355108877,0.6009852216748769,0.6161971830985915,488,109,324,175,109,0.8615250611716715,0.8617473772011915
133,absolute,best_f1,0.34921352213815304,0.8791327913279133,0.7998027613412229,0.9759326113116726,0.19123505976095617,811,203,20,48,203,0.92038117411893,0.9205361081623701
133,absolute,tnr_0.5,0.47978406220422365,0.8350833848054354,0.8578680203045685,0.8134777376654633,0.5537848605577689,676,112,155,139,112,0.92038117411893,0.9205361081623701
133,absolute,tnr_0.7,0.5505529232665857,0.739803094233474,0.8900169204737732,0.6329723225030084,0.7410358565737052,526,65,305,186,65,0.92038117411893,0.9205361081623701
133,absolute,robust_balanced,0.5495953464415451,0.7436974789915967,0.8894472361809045,0.6389891696750902,0.7370517928286853,531,66,300,185,66,0.92038117411893,0.9205361081623701
133,gap,best_f1,7.786060185943633e-05,0.869701726844584,0.7694444444444445,1.0,0.00796812749003984,831,249,0,2,249,0.905431233894028,0.905588955092862
133,gap,tnr_0.5,0.026668933984525914,0.7744458930899609,0.844950213371266,0.7148014440433214,0.5657370517928287,594,109,237,142,109,0.905431233894028,0.905588955092862
133,gap,tnr_0.7,0.048120095530385994,0.7063953488372093,0.8917431192660551,0.5848375451263538,0.7649402390438247,486,59,345,192,59,0.905431233894028,0.905588955092862
133,gap,robust_balanced,0.044570231328764476,0.7257142857142858,0.8927943760984183,0.6113116726835138,0.7569721115537849,508,61,323,190,61,0.905431233894028,0.905588955092862
134,absolute,best_f1,0.34921352213815304,0.8551724137931035,0.7568075117370892,0.9829268292682927,0.075,806,259,14,21,259,0.8817979323369953,0.8820682535768583
134,absolute,tnr_0.5,0.47978406220422365,0.8090298962782184,0.8095238095238095,0.8085365853658537,0.44285714285714284,663,156,157,124,156,0.8817979323369953,0.8820682535768583
134,absolute,tnr_0.7,0.5505529232665857,0.7186828919112384,0.8700173310225303,0.6121951219512195,0.7321428571428571,502,75,318,205,75,0.8817979323369953,0.8820682535768583
134,absolute,robust_balanced,0.5495953464415451,0.7181688125894135,0.8685121107266436,0.6121951219512195,0.7285714285714285,502,76,318,204,76,0.8817979323369953,0.8820682535768583
134,gap,best_f1,7.786060185943633e-05,0.8541666666666666,0.7454545454545455,1.0,0.0,820,280,0,0,280,0.8871379533245852,0.8873172814033043
134,gap,tnr_0.5,0.026668933984525914,0.772609819121447,0.8214285714285714,0.7292682926829268,0.5357142857142857,598,130,222,150,130,0.8871379533245852,0.8873172814033043
134,gap,tnr_0.7,0.048120095530385994,0.7088791848617176,0.8790613718411552,0.5939024390243902,0.7607142857142857,487,67,333,213,67,0.8871379533245852,0.8873172814033043
134,gap,robust_balanced,0.044570231328764476,0.729478943611706,0.8795180722891566,0.6231707317073171,0.75,511,70,309,210,70,0.8871379533245852,0.8873172814033043
135,absolute,best_f1,0.34921352213815304,0.875531914893617,0.782319391634981,0.9939613526570048,0.10894941634241245,823,229,5,28,229,0.8740012316995499,0.8743136916053752
135,absolute,tnr_0.5,0.47978406220422365,0.8090024330900243,0.8149509803921569,0.8031400966183575,0.41245136186770426,665,151,163,106,151,0.8740012316995499,0.8743136916053752
135,absolute,tnr_0.7,0.5505529232665857,0.6980337078651685,0.8338926174496645,0.6002415458937198,0.6147859922178989,497,99,331,158,99,0.8740012316995499,0.8743136916053752
135,absolute,robust_balanced,0.5495953464415451,0.7034965034965035,0.8355481727574751,0.607487922705314,0.6147859922178989,503,99,325,158,99,0.8740012316995499,0.8743136916053752
135,gap,best_f1,7.786060185943633e-05,0.8661087866108786,0.7638376383763837,1.0,0.0038910505836575876,828,256,0,1,256,0.8701775572665811,0.870456761741005
135,gap,tnr_0.5,0.026668933984525914,0.7749838813668601,0.8312586445366529,0.7258454106280193,0.5252918287937743,601,122,227,135,122,0.8701775572665811,0.870456761741005
135,gap,tnr_0.7,0.048120095530385994,0.6976069615663524,0.8729582577132486,0.5809178743961353,0.7276264591439688,481,70,347,187,70,0.8701775572665811,0.870456761741005
135,gap,robust_balanced,0.044570231328764476,0.7111426543647977,0.8623063683304647,0.605072463768116,0.688715953307393,501,80,327,177,80,0.8701775572665811,0.870456761741005
136,absolute,best_f1,0.34921352213815304,0.8693275013668671,0.7786483839373164,0.9839108910891089,0.15037593984962405,795,226,13,40,226,0.8826068221918755,0.8828452224125104
136,absolute,tnr_0.5,0.47978406220422365,0.8265368228849665,0.8131736526946107,0.8403465346534653,0.41353383458646614,679,156,129,110,156,0.8826068221918755,0.8828452224125104
136,absolute,tnr_0.7,0.5505529232665857,0.7206703910614525,0.8269230769230769,0.6386138613861386,0.5939849624060151,516,108,292,158,108,0.8826068221918755,0.8828452224125104
136,absolute,robust_balanced,0.5495953464415451,0.7215631542219121,0.8272,0.6398514851485149,0.5939849624060151,517,108,291,158,108,0.8826068221918755,0.8828452224125104
136,gap,best_f1,7.786060185943633e-05,0.8604898828541001,0.7551401869158878,1.0,0.015037593984962405,808,262,0,4,262,0.8642653826641669,0.8645616922044406
136,gap,tnr_0.5,0.026668933984525914,0.7792880258899676,0.8168249660786974,0.745049504950495,0.4924812030075188,602,135,206,131,135,0.8642653826641669,0.8645616922044406
136,gap,tnr_0.7,0.048120095530385994,0.6990572878897752,0.8441330998248686,0.5965346534653465,0.6654135338345865,482,89,326,177,89,0.8642653826641669,0.8645616922044406
136,gap,robust_balanced,0.044570231328764476,0.7139815471965933,0.8369384359400999,0.6225247524752475,0.631578947368421,503,98,305,168,98,0.8642653826641669,0.8645616922044406
137,absolute,best_f1,0.34921352213815304,0.8833244539158231,0.7948226270373921,0.9940047961630696,0.14056224899598393,829,214,5,35,214,0.894505152067316,0.8947341906655292
137,absolute,tnr_0.5,0.47978406220422365,0.8427443837279903,0.8536285362853628,0.8321342925659473,0.5220883534136547,694,119,140,130,119,0.894505152067316,0.8947341906655292
137,absolute,tnr_0.7,0.5505529232665857,0.7496580027359782,0.8726114649681529,0.657074340527578,0.678714859437751,548,80,286,169,80,0.894505152067316,0.8947341906655292
137,absolute,robust_balanced,0.5495953464415451,0.7534059945504087,0.8722397476340694,0.6630695443645084,0.6746987951807228,553,81,281,168,81,0.894505152067316,0.8947341906655292
137,gap,best_f1,7.786060185943633e-05,0.8705636743215032,0.7707948243992606,1.0,0.004016064257028112,834,248,0,1,248,0.870723710618532,0.8709748390056852
137,gap,tnr_0.5,0.026668933984525914,0.7621483375959079,0.8164383561643835,0.7146282973621103,0.46184738955823296,596,134,238,115,134,0.870723710618532,0.8709748390056852
137,gap,tnr_0.7,0.048120095530385994,0.7012065294535131,0.8591304347826086,0.592326139088729,0.6746987951807228,494,81,340,168,81,0.870723710618532,0.8709748390056852
137,gap,robust_balanced,0.044570231328764476,0.7200557103064067,0.8588039867109635,0.6199040767386091,0.6586345381526104,517,85,317,164,85,0.870723710618532,0.8709748390056852
138,absolute,best_f1,0.34921352213815304,0.8753315649867374,0.7879656160458453,0.9844868735083532,0.17472118959107807,825,222,13,47,222,0.888349235360657,0.888712227901018
138,absolute,tnr_0.5,0.47978406220422365,0.8290909090909091,0.8423645320197044,0.8162291169451074,0.5241635687732342,684,128,154,141,128,0.888349235360657,0.888712227901018
138,absolute,tnr_0.7,0.5505529232665857,0.7291666666666666,0.872093023255814,0.6264916467780429,0.7137546468401487,525,77,313,192,77,0.888349235360657,0.888712227901018
138,absolute,robust_balanced,0.5495953464415451,0.7313019390581718,0.8712871287128713,0.630071599045346,0.7100371747211895,528,78,310,191,78,0.888349235360657,0.888712227901018
138,gap,best_f1,7.786060185943633e-05,0.8621399176954733,0.7576853526220615,1.0,0.0037174721189591076,838,268,0,1,268,0.8892463744854078,0.8894435065658491
138,gap,tnr_0.5,0.026668933984525914,0.7758186397984886,0.8213333333333334,0.7350835322195705,0.5018587360594795,616,134,222,135,134,0.8892463744854078,0.8894435065658491
138,gap,tnr_0.7,0.048120095530385994,0.7168758716875872,0.8624161073825504,0.6133651551312649,0.6951672862453532,514,82,324,187,82,0.8892463744854078,0.8894435065658491
138,gap,robust_balanced,0.044570231328764476,0.7247769389155799,0.8529886914378029,0.630071599045346,0.6617100371747212,528,91,310,178,91,0.8892463744854078,0.8894435065658491
139,absolute,best_f1,0.34921352213815304,0.8748002131060203,0.7833969465648855,0.9903498190591074,0.1978798586572438,821,227,8,56,227,0.8997198873195964,0.8999512302868021
139,absolute,tnr_0.5,0.47978406220422365,0.8393719806763285,0.8403869407496977,0.8383594692400482,0.5335689045936396,695,132,134,151,132,0.8997198873195964,0.8999512302868021
139,absolute,tnr_0.7,0.5505529232665857,0.7532826537664132,0.8818770226537217,0.6574185765983113,0.7420494699646644,545,73,284,210,73,0.8997198873195964,0.8999512302868021
139,absolute,robust_balanced,0.5495953464415451,0.7541436464088398,0.8820678513731826,0.6586248492159228,0.7420494699646644,546,73,283,210,73,0.8997198873195964,0.8999512302868021
139,gap,best_f1,7.786060185943633e-05,0.8550799381124291,0.7468468468468469,1.0,0.007067137809187279,829,281,0,2,281,0.8814394012729893,0.8816438803928693
139,gap,tnr_0.5,0.026668933984525914,0.7710070558050032,0.8232876712328767,0.7249698431845597,0.5441696113074205,601,129,228,154,129,0.8814394012729893,0.8816438803928693
139,gap,tnr_0.7,0.048120095530385994,0.6930265995686556,0.8576512455516014,0.5814234016887817,0.7173144876325088,482,80,347,203,80,0.8814394012729893,0.8816438803928693
139,gap,robust_balanced,0.044570231328764476,0.7094499294781382,0.8539898132427843,0.6067551266586249,0.696113074204947,503,86,326,197,86,0.8814394012729893,0.8816438803928693
140,absolute,best_f1,0.34921352213815304,0.8639667705088265,0.7696577243293247,0.9846153846153847,0.12323943661971831,832,249,13,35,249,0.8812675684945089,0.8815122287486928
140,absolute,tnr_0.5,0.47978406220422365,0.8300536672629696,0.8365384615384616,0.8236686390532545,0.5211267605633803,696,136,149,148,136,0.8812675684945089,0.8815122287486928
140,absolute,tnr_0.7,0.5505529232665857,0.7189631650750341,0.8486312399355878,0.6236686390532544,0.6690140845070423,527,94,318,190,94,0.8812675684945089,0.8815122287486928
140,absolute,robust_balanced,0.5495953464415451,0.7224489795918367,0.8496,0.6284023668639053,0.6690140845070423,531,94,314,190,94,0.8812675684945089,0.8815122287486928
140,gap,best_f1,7.786060185943633e-05,0.8569979716024341,0.7497781721384206,1.0,0.007042253521126761,845,282,0,2,282,0.8719924480898661,0.872220922786598
140,gap,tnr_0.5,0.026668933984525914,0.7725856697819314,0.8157894736842105,0.7337278106508875,0.5070422535211268,620,140,225,144,140,0.8719924480898661,0.872220922786598
140,gap,tnr_0.7,0.048120095530385994,0.6976421636615812,0.8425460636515912,0.5952662721893491,0.6690140845070423,503,94,342,190,94,0.8719924480898661,0.872220922786598
140,gap,robust_balanced,0.044570231328764476,0.7214673913043478,0.84688995215311,0.6284023668639053,0.6619718309859155,531,96,314,188,96,0.8719924480898661,0.872220922786598
141,absolute,best_f1,0.34921352213815304,0.8689057421451788,0.7741312741312741,0.9901234567901235,0.16428571428571428,802,234,8,46,234,0.873272143159324,0.873666246065661
141,absolute,tnr_0.5,0.47978406220422365,0.826302729528536,0.830423940149626,0.8222222222222222,0.5142857142857142,666,136,144,144,136,0.873272143159324,0.873666246065661
141,absolute,tnr_0.7,0.5505529232665857,0.7255880256593015,0.8583473861720068,0.6283950617283951,0.7,509,84,301,196,84,0.873272143159324,0.873666246065661
141,absolute,robust_balanced,0.5495953464415451,0.7263681592039801,0.8559463986599665,0.6308641975308642,0.6928571428571428,511,86,299,194,86,0.873272143159324,0.873666246065661
141,gap,best_f1,7.786060185943633e-05,0.8530805687203792,0.743801652892562,1.0,0.0035714285714285713,810,279,0,1,279,0.8487842005964626,0.8491233391749883
141,gap,tnr_0.5,0.026668933984525914,0.7603092783505154,0.7951482479784366,0.7283950617283951,0.45714285714285713,590,152,220,128,152,0.8487842005964626,0.8491233391749883
141,gap,tnr_0.7,0.048120095530385994,0.7067238912732475,0.8401360544217688,0.6098765432098765,0.6642857142857143,494,94,316,186,94,0.8487842005964626,0.8491233391749883
141,gap,robust_balanced,0.044570231328764476,0.7253521126760564,0.8442622950819673,0.6358024691358025,0.6607142857142857,515,95,295,185,95,0.8487842005964626,0.8491233391749883
142,absolute,best_f1,0.34921352213815304,0.8600979858464889,0.7610789980732178,0.9887359198998749,0.14482758620689656,790,248,9,42,248,0.8714218128367424,0.8718072052519579
142,absolute,tnr_0.5,0.47978406220422365,0.8191556395715186,0.8248730964467005,0.8135168961201502,0.5241379310344828,650,138,149,152,138,0.8714218128367424,0.8718072052519579
142,absolute,tnr_0.7,0.5505529232665857,0.7176895306859206,0.8481228668941979,0.6220275344180225,0.6931034482758621,497,89,302,201,89,0.8714218128367424,0.8718072052519579
142,absolute,robust_balanced,0.5495953464415451,0.7199424046076314,0.847457627118644,0.6257822277847309,0.6896551724137931,500,90,299,200,90,0.8714218128367424,0.8718072052519579
142,gap,best_f1,7.786060185943633e-05,0.8463983050847458,0.7337006427915519,1.0,0.0,799,290,0,0,290,0.8674927378811836,0.8677416089053273
142,gap,tnr_0.5,0.026668933984525914,0.7646671061305208,0.807799442896936,0.7259073842302879,0.5241379310344828,580,138,219,152,138,0.8674927378811836,0.8677416089053273
142,gap,tnr_0.7,0.048120095530385994,0.691285081240768,0.8432432432432433,0.5857321652065082,0.7,468,87,331,203,87,0.8674927378811836,0.8677416089053273
142,gap,robust_balanced,0.044570231328764476,0.7151079136690648,0.8409475465313029,0.6220275344180225,0.6758620689655173,497,94,302,196,94,0.8674927378811836,0.8677416089053273
143,absolute,best_f1,0.34921352213815304,0.8659127625201939,0.7760617760617761,0.9792935444579781,0.13432835820895522,804,232,17,36,232,0.881553834993356,0.8818316519011619
143,absolute,tnr_0.5,0.47978406220422365,0.8135593220338984,0.8086642599277978,0.8185140073081608,0.40671641791044777,672,159,149,109,159,0.881553834993356,0.8818316519011619
143,absolute,tnr_0.7,0.5505529232665857,0.7362560890744607,0.8587662337662337,0.6443361753958587,0.6753731343283582,529,87,292,181,87,0.881553834993356,0.8818316519011619
143,absolute,robust_balanced,0.5495953464415451,0.7373527373527373,0.8553054662379421,0.6479902557856273,0.664179104477612,532,90,289,178,90,0.881553834993356,0.8818316519011619
143,gap,best_f1,7.786060185943633e-05,0.8601361969617601,0.7545955882352942,1.0,0.0037313432835820895,821,267,0,1,267,0.8811012154321615,0.8813081253224503
143,gap,tnr_0.5,0.026668933984525914,0.7792536369386465,0.8105263157894737,0.7503045066991474,0.4626865671641791,616,144,205,124,144,0.8811012154321615,0.8813081253224503
143,gap,tnr_0.7,0.048120095530385994,0.7343532684283728,0.8557536466774717,0.6431181485992692,0.667910447761194,528,89,293,179,89,0.8811012154321615,0.8813081253224503
143,gap,robust_balanced,0.044570231328764476,0.7506811989100818,0.8516228748068007,0.6711327649208283,0.6417910447761194,551,96,270,172,96,0.8811012154321615,0.8813081253224503
144,absolute,best_f1,0.34921352213815304,0.8677248677248677,0.7743153918791312,0.98676293622142,0.13405797101449277,820,239,11,37,239,0.8879305886746267,0.8881794227737992
144,absolute,tnr_0.5,0.47978406220422365,0.8070818070818071,0.8190830235439901,0.7954271961492179,0.47101449275362317,661,146,170,130,146,0.8879305886746267,0.8881794227737992
144,absolute,tnr_0.7,0.5505529232665857,0.7095871238628412,0.8478260869565217,0.6101083032490975,0.6702898550724637,507,91,324,185,91,0.8879305886746267,0.8881794227737992
144,absolute,robust_balanced,0.5495953464415451,0.7099023709902371,0.8441127694859039,0.6125150421179302,0.6594202898550725,509,94,322,182,94,0.8879305886746267,0.8881794227737992
144,gap,best_f1,7.786060185943633e-05,0.8575851393188855,0.7506775067750677,1.0,0.0,831,276,0,0,276,0.8794482037397159,0.879717909381151
144,gap,tnr_0.5,0.026668933984525914,0.7673677501593371,0.8157181571815718,0.7244283995186522,0.5072463768115942,602,136,229,140,136,0.8794482037397159,0.879717909381151
144,gap,tnr_0.7,0.048120095530385994,0.7089499647639183,0.8554421768707483,0.605294825511432,0.6920289855072463,503,85,328,191,85,0.8794482037397159,0.879717909381151
144,gap,robust_balanced,0.044570231328764476,0.7202216066481995,0.8482871125611745,0.6257521058965102,0.6630434782608695,520,93,311,183,93,0.8794482037397159,0.879717909381151
145,absolute,best_f1,0.34921352213815304,0.8637075718015665,0.7678737233054782,0.986873508353222,0.13793103448275862,827,250,11,40,250,0.8732379613623351,0.8735498162848896
145,absolute,tnr_0.5,0.47978406220422365,0.8164973102211596,0.8179640718562874,0.815035799522673,0.47586206896551725,683,152,155,138,152,0.8732379613623351,0.8735498162848896
145,absolute,tnr_0.7,0.5505529232665857,0.7161693268563497,0.8557213930348259,0.6157517899761337,0.7,516,87,322,203,87,0.8732379613623351,0.8735498162848896
145,absolute,robust_balanced,0.5495953464415451,0.7196132596685083,0.8540983606557377,0.6217183770883055,0.6931034482758621,521,89,317,201,89,0.8732379613623351,0.8735498162848896
145,gap,best_f1,7.786060185943633e-05,0.8524923702950152,0.7429078014184397,1.0,0.0,838,290,0,0,290,0.8772416098547601,0.8774419362055867
145,gap,tnr_0.5,0.026668933984525914,0.7633396107972379,0.8052980132450331,0.7255369928400954,0.49310344827586206,608,147,230,143,147,0.8772416098547601,0.8774419362055867
145,gap,tnr_0.7,0.048120095530385994,0.7107093184979137,0.8516666666666667,0.6097852028639618,0.6931034482758621,511,89,327,201,89,0.8772416098547601,0.8774419362055867
145,gap,robust_balanced,0.044570231328764476,0.7216916780354706,0.8423566878980892,0.6312649164677804,0.6586206896551724,529,99,309,191,99,0.8772416098547601,0.8774419362055867
146,absolute,best_f1,0.34921352213815304,0.8654661016949152,0.7758784425451092,0.9784431137724551,0.11940298507462686,817,236,18,32,236,0.8797466973512436,0.8800183899749606
146,absolute,tnr_0.5,0.47978406220422365,0.8327316486161251,0.8367593712212817,0.8287425149700599,0.4962686567164179,692,135,143,133,135,0.8797466973512436,0.8800183899749606
146,absolute,tnr_0.7,0.5505529232665857,0.751004016064257,0.8512898330804249,0.6718562874251497,0.6343283582089553,561,98,274,170,98,0.8797466973512436,0.8800183899749606
146,absolute,robust_balanced,0.5495953464415451,0.7526737967914439,0.8517397881996974,0.6742514970059881,0.6343283582089553,563,98,272,170,98,0.8797466973512436,0.8800183899749606
146,gap,best_f1,7.786060185943633e-05,0.8617131062951496,0.757026291931097,1.0,0.0,835,268,0,0,268,0.861639925478453,0.8618981691517635
146,gap,tnr_0.5,0.026668933984525914,0.740218088518281,0.7969613259668509,0.6910179640718563,0.45149253731343286,577,147,258,121,147,0.861639925478453,0.8618981691517635
146,gap,tnr_0.7,0.048120095530385994,0.6780870806566738,0.8392226148409894,0.5688622754491018,0.6604477611940298,475,91,360,177,91,0.861639925478453,0.8618981691517635
146,gap,robust_balanced,0.044570231328764476,0.6933895921237694,0.8398637137989778,0.5904191616766467,0.6492537313432836,493,94,342,174,94,0.861639925478453,0.8618981691517635
147,absolute,best_f1,0.34921352213815304,0.8554347826086957,0.7603864734299517,0.977639751552795,0.09818181818181818,787,248,18,27,248,0.8671532506846262,0.8675422059723494
147,absolute,tnr_0.5,0.47978406220422365,0.8007357449417535,0.7905569007263923,0.8111801242236025,0.3709090909090909,653,173,152,102,173,0.8671532506846262,0.8675422059723494
147,absolute,tnr_0.7,0.5505529232665857,0.7224546722454672,0.8235294117647058,0.6434782608695652,0.5963636363636363,518,111,287,164,111,0.8671532506846262,0.8675422059723494
147,absolute,robust_balanced,0.5495953464415451,0.7263888888888889,0.8236220472440945,0.6496894409937888,0.5927272727272728,523,112,282,163,112,0.8671532506846262,0.8675422059723494
147,gap,best_f1,7.786060185943633e-05,0.8541114058355438,0.7453703703703703,1.0,0.0,805,275,0,0,275,0.8789382278385408,0.8791477354469115
147,gap,tnr_0.5,0.026668933984525914,0.7647058823529411,0.8068965517241379,0.7267080745341615,0.4909090909090909,585,140,220,135,140,0.8789382278385408,0.8791477354469115
147,gap,tnr_0.7,0.048120095530385994,0.7141828653707704,0.8493150684931506,0.6161490683229813,0.68,496,88,309,187,88,0.8789382278385408,0.8791477354469115
147,gap,robust_balanced,0.044570231328764476,0.7224982256919801,0.8427152317880795,0.6322981366459627,0.6545454545454545,509,95,296,180,95,0.8789382278385408,0.8791477354469115
148,absolute,best_f1,0.34921352213815304,0.8678459937565036,0.7758139534883721,0.9846517119244392,0.13309352517985612,834,241,13,37,241,0.8910938574482836,0.8913443248828605
148,absolute,tnr_0.5,0.47978406220422365,0.8336293664890467,0.836104513064133,0.8311688311688312,0.5035971223021583,704,138,143,140,138,0.8910938574482836,0.8913443248828605
148,absolute,tnr_0.7,0.5505529232665857,0.7322033898305085,0.8598726114649682,0.6375442739079102,0.6834532374100719,540,88,307,190,88,0.8910938574482836,0.8913443248828605
148,absolute,robust_balanced,0.5495953464415451,0.7354925775978407,0.8582677165354331,0.6434474616292798,0.6762589928057554,545,90,302,188,90,0.8910938574482836,0.8913443248828605
148,gap,best_f1,7.786060185943633e-05,0.8598984771573605,0.7542297417631345,1.0,0.007194244604316547,847,276,0,2,276,0.8762325157433906,0.8764652484935739
148,gap,tnr_0.5,0.026668933984525914,0.7583176396735719,0.8096514745308311,0.7131050767414404,0.4892086330935252,604,142,243,136,142,0.8762325157433906,0.8764652484935739
148,gap,tnr_0.7,0.048120095530385994,0.6872370266479664,0.846286701208981,0.5785123966942148,0.6798561151079137,490,89,357,189,89,0.8762325157433906,0.8764652484935739
148,gap,robust_balanced,0.044570231328764476,0.7023319615912208,0.8379705400981997,0.6044864226682408,0.6438848920863309,512,99,335,179,99,0.8762325157433906,0.8764652484935739
149,absolute,best_f1,0.34921352213815304,0.8706493506493507,0.7788104089219331,0.9870435806831567,0.13138686131386862,838,238,11,36,238,0.8777615752127746,0.8781149021926126
149,absolute,tnr_0.5,0.47978406220422365,0.8199052132701422,0.8247914183551848,0.8150765606595995,0.4635036496350365,692,147,157,127,147,0.8777615752127746,0.8781149021926126
149,absolute,tnr_0.7,0.5505529232665857,0.7244201909959073,0.8606158833063209,0.6254416961130742,0.6861313868613139,531,86,318,188,86,0.8777615752127746,0.8781149021926126
149,absolute,robust_balanced,0.5495953464415451,0.7273963290278722,0.860128617363344,0.6301531213191991,0.6824817518248175,535,87,314,187,87,0.8777615752127746,0.8781149021926126
149,gap,best_f1,7.786060185943633e-05,0.8614916286149162,0.7566844919786097,1.0,0.0036496350364963502,849,273,0,1,273,0.8724244440553253,0.8726870917013565
149,gap,tnr_0.5,0.026668933984525914,0.7627551020408163,0.8317107093184979,0.7043580683156655,0.5583941605839416,598,121,251,153,121,0.8724244440553253,0.8726870917013565
149,gap,tnr_0.7,0.048120095530385994,0.6785459729151817,0.8592057761732852,0.5606595995288575,0.7153284671532847,476,78,373,196,78,0.8724244440553253,0.8726870917013565
149,gap,robust_balanced,0.044570231328764476,0.691496837666901,0.8571428571428571,0.5795053003533569,0.7007299270072993,492,82,357,192,82,0.8724244440553253,0.8726870917013565
150,absolute,best_f1,0.34921352213815304,0.8688946015424165,0.7766544117647058,0.9859976662777129,0.1033210332103321,845,243,12,28,243,0.83395165730324,0.8344329739257713
150,absolute,tnr_0.5,0.47978406220422365,0.800705467372134,0.806872037914692,0.79463243873979,0.3985239852398524,681,163,176,108,163,0.83395165730324,0.8344329739257713
150,absolute,tnr_0.7,0.5505529232665857,0.686382393397524,0.8358458961474037,0.5822637106184364,0.6383763837638377,499,98,358,173,98,0.83395165730324,0.8344329739257713
150,absolute,robust_balanced,0.5495953464415451,0.6877144818119424,0.835,0.5845974329054843,0.6346863468634686,501,99,356,172,99,0.83395165730324,0.8344329739257713
150,gap,best_f1,7.786060185943633e-05,0.8643469490670701,0.761101243339254,1.0,0.007380073800738007,857,269,0,2,269,0.8583953551743945,0.8587187859812749
150,gap,tnr_0.5,0.026668933984525914,0.753731343283582,0.8069241011984021,0.7071178529754959,0.46494464944649444,606,145,251,126,145,0.8583953551743945,0.8587187859812749
150,gap,tnr_0.7,0.048120095530385994,0.6874566874566874,0.8464163822525598,0.5787631271878646,0.6678966789667896,496,90,361,181,90,0.8583953551743945,0.8587187859812749
150,gap,robust_balanced,0.044570231328764476,0.7034764826175869,0.8459016393442623,0.6021003500583431,0.6531365313653137,516,94,341,177,94,0.8583953551743945,0.8587187859812749
151,absolute,best_f1,0.34921352213815304,0.8643268727082242,0.7731958762886598,0.9798099762470309,0.14184397163120568,825,242,17,40,242,0.8672797745298403,0.8675857092080974
151,absolute,tnr_0.5,0.47978406220422365,0.8170011806375442,0.812206572769953,0.8218527315914489,0.4326241134751773,692,160,150,122,160,0.8672797745298403,0.8675857092080974
151,absolute,tnr_0.7,0.5505529232665857,0.7315753887762001,0.8492935635792779,0.6425178147268409,0.6595744680851063,541,96,301,186,96,0.8672797745298403,0.8675857092080974
151,absolute,robust_balanced,0.5495953464415451,0.7342281879194631,0.8441358024691358,0.649643705463183,0.6418439716312057,547,101,295,181,101,0.8672797745298403,0.8675857092080974
151,gap,best_f1,7.786060185943633e-05,0.8574338085539714,0.750445632798574,1.0,0.0070921985815602835,842,280,0,2,280,0.8779133214677699,0.8781295088315254
151,gap,tnr_0.5,0.026668933984525914,0.776044915782907,0.8173455978975033,0.7387173396674585,0.5070921985815603,622,139,220,143,139,0.8779133214677699,0.8781295088315254
151,gap,tnr_0.7,0.048120095530385994,0.7104722792607803,0.8384491114701131,0.6163895486935868,0.6453900709219859,519,100,323,182,100,0.8779133214677699,0.8781295088315254
151,gap,robust_balanced,0.044570231328764476,0.7298387096774194,0.8405572755417957,0.6448931116389549,0.6347517730496454,543,103,299,179,103,0.8779133214677699,0.8781295088315254
152,absolute,best_f1,0.34921352213815304,0.8841761827079935,0.8017751479289941,0.9854545454545455,0.24436090225563908,813,201,12,65,201,0.8981343277649773,0.8983964204012115
152,absolute,tnr_0.5,0.47978406220422365,0.838871473354232,0.8688311688311688,0.8109090909090909,0.6203007518796992,669,101,156,165,101,0.8981343277649773,0.8983964204012115
152,absolute,tnr_0.7,0.5505529232665857,0.7296137339055794,0.8900523560209425,0.6181818181818182,0.7631578947368421,510,63,315,203,63,0.8981343277649773,0.8983964204012115
152,absolute,robust_balanced,0.5495953464415451,0.7350427350427351,0.8911917098445595,0.6254545454545455,0.7631578947368421,516,63,309,203,63,0.8981343277649773,0.8983964204012115
152,gap,best_f1,7.786060185943633e-05,0.8634222919937206,0.7596685082872928,1.0,0.018796992481203006,825,261,0,5,261,0.893297454290049,0.8934923552602239
152,gap,tnr_0.5,0.026668933984525914,0.7845659163987139,0.8356164383561644,0.7393939393939394,0.5488721804511278,610,120,215,146,120,0.893297454290049,0.8934923552602239
152,gap,tnr_0.7,0.048120095530385994,0.7241379310344828,0.8888888888888888,0.610909090909091,0.7631578947368421,504,63,321,203,63,0.893297454290049,0.8934923552602239
152,gap,robust_balanced,0.044570231328764476,0.7426160337552743,0.8844221105527639,0.64,0.7406015037593985,528,69,297,197,69,0.893297454290049,0.8934923552602239
153,absolute,best_f1,0.34921352213815304,0.88016967126193,0.7942583732057417,0.9869203329369798,0.20074349442379183,830,215,11,54,215,0.8993980147923711,0.8996666906419458
153,absolute,tnr_0.5,0.47978406220422365,0.8359281437125748,0.841978287092883,0.8299643281807372,0.5130111524163569,698,131,143,138,131,0.8993980147923711,0.8996666906419458
153,absolute,tnr_0.7,0.5505529232665857,0.7626666666666667,0.8679817905918058,0.6801426872770512,0.6765799256505576,572,87,269,182,87,0.8993980147923711,0.8996666906419458
153,absolute,robust_balanced,0.5495953464415451,0.7646276595744681,0.8672699849170438,0.6837098692033293,0.6728624535315985,575,88,266,181,88,0.8993980147923711,0.8996666906419458
153,gap,best_f1,7.786060185943633e-05,0.8621219887237315,0.7576576576576577,1.0,0.0,841,269,0,0,269,0.8890946507461409,0.8892824235809567
153,gap,tnr_0.5,0.026668933984525914,0.7699115044247787,0.8218623481781376,0.7241379310344828,0.5092936802973977,609,132,232,137,132,0.8890946507461409,0.8892824235809567
153,gap,tnr_0.7,0.048120095530385994,0.7061310782241015,0.8667820069204152,0.5957193816884662,0.7137546468401487,501,77,340,192,77,0.8890946507461409,0.8892824235809567
153,gap,robust_balanced,0.044570231328764476,0.7156726768377254,0.8585690515806988,0.6135552913198573,0.6840148698884758,516,85,325,184,85,0.8890946507461409,0.8892824235809567
154,absolute,best_f1,0.34921352213815304,0.8697050938337801,0.7760765550239235,0.9890243902439024,0.18466898954703834,811,234,9,53,234,0.8884587378739719,0.8887017750976008
154,absolute,tnr_0.5,0.47978406220422365,0.825531914893617,0.823030303030303,0.8280487804878048,0.4912891986062718,679,146,141,141,146,0.8884587378739719,0.8887017750976008
154,absolute,tnr_0.7,0.5505529232665857,0.728403593642018,0.8405103668261563,0.6426829268292683,0.6515679442508711,527,100,293,187,100,0.8884587378739719,0.8887017750976008
154,absolute,robust_balanced,0.5495953464415451,0.7353951890034365,0.84251968503937,0.6524390243902439,0.6515679442508711,535,100,285,187,100,0.8884587378739719,0.8887017750976008
154,gap,best_f1,7.786060185943633e-05,0.8515057113187954,0.7414104882459313,1.0,0.003484320557491289,820,286,0,1,286,0.885243842007568,0.8854296069517704
154,gap,tnr_0.5,0.026668933984525914,0.7710070558050032,0.8132611637347767,0.7329268292682927,0.519163763066202,601,138,219,149,138,0.885243842007568,0.8854296069517704
154,gap,tnr_0.7,0.048120095530385994,0.719037508846426,0.8566610455311973,0.6195121951219512,0.7038327526132404,508,85,312,202,85,0.885243842007568,0.8854296069517704
154,gap,robust_balanced,0.044570231328764476,0.7341242149337055,0.8580750407830342,0.6414634146341464,0.6968641114982579,526,87,294,200,87,0.885243842007568,0.8854296069517704
155,absolute,best_f1,0.34921352213815304,0.8735751295336788,0.7812789620018535,0.9905992949471211,0.17482517482517482,843,236,8,50,236,0.8855934780174097,0.8858450553448609
155,absolute,tnr_0.5,0.47978406220422365,0.8292390653085681,0.8459657701711492,0.8131609870740305,0.5594405594405595,692,126,159,160,126,0.8855934780174097,0.8858450553448609
155,absolute,tnr_0.7,0.5505529232665857,0.7100346020761246,0.8636363636363636,0.6028202115158637,0.7167832167832168,513,81,338,205,81,0.8855934780174097,0.8858450553448609
155,absolute,robust_balanced,0.5495953464415451,0.7134986225895317,0.8618968386023295,0.6086956521739131,0.7097902097902098,518,83,333,203,83,0.8855934780174097,0.8858450553448609
155,gap,best_f1,7.786060185943633e-05,0.8565676899849018,0.7491197183098591,1.0,0.0034965034965034965,851,285,0,1,285,0.881116751713928,0.8813065555137556
155,gap,tnr_0.5,0.026668933984525914,0.7657213316892725,0.8054474708171206,0.7297297297297297,0.4755244755244755,621,150,230,136,150,0.881116751713928,0.8813065555137556
155,gap,tnr_0.7,0.048120095530385994,0.7012448132780082,0.8521008403361344,0.5957696827262045,0.6923076923076923,507,88,344,198,88,0.881116751713928,0.8813065555137556
155,gap,robust_balanced,0.044570231328764476,0.7192386131883073,0.853225806451613,0.6216216216216216,0.6818181818181818,529,91,322,195,91,0.881116751713928,0.8813065555137556
156,absolute,best_f1,0.34921352213815304,0.8835212023617821,0.8005836575875487,0.98562874251497,0.22932330827067668,823,205,12,61,205,0.909660214617599,0.9099251004421903
156,absolute,tnr_0.5,0.47978406220422365,0.8631961259079903,0.8727050183598531,0.8538922155688623,0.6090225563909775,713,104,122,162,104,0.909660214617599,0.9099251004421903
156,absolute,tnr_0.7,0.5505529232665857,0.7868852459016393,0.9157392686804452,0.6898203592814371,0.8007518796992481,576,53,259,213,53,0.909660214617599,0.9099251004421903
156,absolute,robust_balanced,0.5495953464415451,0.7899388171312033,0.9135220125786163,0.6958083832335329,0.793233082706767,581,55,254,211,55,0.909660214617599,0.9099251004421903
156,gap,best_f1,7.786060185943633e-05,0.8634953464322648,0.7597816196542311,1.0,0.007518796992481203,835,264,0,2,264,0.8763586139105788,0.8765789849181688
156,gap,tnr_0.5,0.026668933984525914,0.7734177215189874,0.8201342281879195,0.7317365269461078,0.49624060150375937,611,134,224,132,134,0.8763586139105788,0.8765789849181688
156,gap,tnr_0.7,0.048120095530385994,0.7053824362606232,0.8630849220103987,0.5964071856287425,0.7030075187969925,498,79,337,187,79,0.8763586139105788,0.8765789849181688
156,gap,robust_balanced,0.044570231328764476,0.7241139680333565,0.8625827814569537,0.6239520958083832,0.6879699248120301,521,83,314,183,83,0.8763586139105788,0.8765789849181688
157,absolute,best_f1,0.34921352213815304,0.869983948635634,0.7794822627037392,0.9842615012106537,0.10852713178294573,813,230,13,28,230,0.8841172428151021,0.8844290649189613
157,absolute,tnr_0.5,0.47978406220422365,0.8293577981651377,0.8380716934487021,0.8208232445520581,0.49224806201550386,678,131,148,127,131,0.8841172428151021,0.8844290649189613
157,absolute,tnr_0.7,0.5505529232665857,0.7192737430167597,0.8498349834983498,0.6234866828087167,0.6472868217054264,515,91,311,167,91,0.8841172428151021,0.8844290649189613
157,absolute,robust_balanced,0.5495953464415451,0.7214484679665738,0.8491803278688524,0.6271186440677966,0.6434108527131783,518,92,308,166,92,0.8841172428151021,0.8844290649189613
157,gap,best_f1,7.786060185943633e-05,0.8653745416448402,0.76269621421976,1.0,0.003875968992248062,826,257,0,1,257,0.8603545130076615,0.8606288700211107
157,gap,tnr_0.5,0.026668933984525914,0.7560975609756098,0.8046448087431693,0.7130750605326877,0.44573643410852715,589,143,237,115,143,0.8603545130076615,0.8606288700211107
157,gap,tnr_0.7,0.048120095530385994,0.6839452843772498,0.8436944937833037,0.5750605326876513,0.6589147286821705,475,88,351,170,88,0.8603545130076615,0.8606288700211107
157,gap,robust_balanced,0.044570231328764476,0.7078651685393258,0.842809364548495,0.6101694915254238,0.6356589147286822,504,94,322,164,94,0.8603545130076615,0.8606288700211107
158,absolute,best_f1,0.34921352213815304,0.8759978712080894,0.7928709055876686,0.9785969084423306,0.16988416988416988,823,215,18,44,215,0.9246283101068277,0.9248112366897078
158,absolute,tnr_0.5,0.47978406220422365,0.860774818401937,0.8766954377311961,0.845422116527943,0.6138996138996139,711,100,130,159,100,0.9246283101068277,0.9248112366897078
158,absolute,tnr_0.7,0.5505529232665857,0.7574704656011119,0.9113712374581939,0.6480380499405469,0.7953667953667953,545,53,296,206,53,0.9246283101068277,0.9248112366897078
158,absolute,robust_balanced,0.5495953464415451,0.760387811634349,0.9104477611940298,0.652794292508918,0.7915057915057915,549,54,292,205,54,0.9246283101068277,0.9248112366897078
158,gap,best_f1,7.786060185943633e-05,0.8665636269963937,0.7645454545454545,1.0,0.0,841,259,0,0,259,0.8847330506629562,0.8849566725989437
158,gap,tnr_0.5,0.026668933984525914,0.7671924290220821,0.8172043010752689,0.72294887039239,0.4749034749034749,608,136,233,123,136,0.8847330506629562,0.8849566725989437
158,gap,tnr_0.7,0.048120095530385994,0.716187806587246,0.8720136518771331,0.6076099881093936,0.7104247104247104,511,75,330,184,75,0.8847330506629562,0.8849566725989437
158,gap,robust_balanced,0.044570231328764476,0.7322780454232622,0.869281045751634,0.6325802615933412,0.6911196911196911,532,80,309,179,80,0.8847330506629562,0.8849566725989437
159,absolute,best_f1,0.34921352213815304,0.8684627575277337,0.7791469194312797,0.9809069212410502,0.1824561403508772,822,233,16,52,233,0.8510309869298129,0.85141487832053
159,absolute,tnr_0.5,0.47978406220422365,0.819377990430622,0.8213429256594724,0.8174224343675418,0.47719298245614034,685,149,153,136,149,0.8510309869298129,0.85141487832053
159,absolute,tnr_0.7,0.5505529232665857,0.6963788300835655,0.8361204013377926,0.5966587112171837,0.656140350877193,500,98,338,187,98,0.8510309869298129,0.85141487832053
159,absolute,robust_balanced,0.5495953464415451,0.6995142262317835,0.835820895522388,0.6014319809069213,0.6526315789473685,504,99,334,186,99,0.8510309869298129,0.85141487832053
159,gap,best_f1,7.786060185943633e-05,0.8551020408163266,0.7468805704099821,1.0,0.0035087719298245615,838,284,0,1,284,0.8565145175005732,0.8567911125066052
159,gap,tnr_0.5,0.026668933984525914,0.7449238578680203,0.7953929539295393,0.7004773269689738,0.47017543859649125,587,151,251,134,151,0.8565145175005732,0.8567911125066052
159,gap,tnr_0.7,0.048120095530385994,0.6855123674911661,0.8405545927209706,0.5787589498806682,0.6771929824561403,485,92,353,193,92,0.8565145175005732,0.8567911125066052
159,gap,robust_balanced,0.044570231328764476,0.6977067407922168,0.8352745424292846,0.5990453460620525,0.6526315789473685,502,99,336,186,99,0.8565145175005732,0.8567911125066052
160,absolute,best_f1,0.34921352213815304,0.875,0.7874165872259294,0.9845053635280095,0.16791044776119404,826,223,13,45,223,0.8742853540475196,0.8746380958759848
160,absolute,tnr_0.5,0.47978406220422365,0.8454987834549879,0.8633540372670807,0.8283671036948749,0.5895522388059702,695,110,144,158,110,0.8742853540475196,0.8746380958759848
160,absolute,tnr_0.7,0.5505529232665857,0.7367697594501719,0.8701298701298701,0.6388557806912991,0.7014925373134329,536,80,303,188,80,0.8742853540475196,0.8746380958759848
160,absolute,robust_balanced,0.5495953464415451,0.7402330363262508,0.8709677419354839,0.6436233611442194,0.7014925373134329,540,80,299,188,80,0.8742853540475196,0.8746380958759848
160,gap,best_f1,7.786060185943633e-05,0.8622816032887975,0.7579042457091237,1.0,0.0,839,268,0,0,268,0.8689197501987638,0.8691708124871774
160,gap,tnr_0.5,0.026668933984525914,0.7663782447466008,0.7958921694480102,0.7389749702026222,0.40671641791044777,620,159,219,109,159,0.8689197501987638,0.8691708124871774
160,gap,tnr_0.7,0.048120095530385994,0.700486448922863,0.84,0.600715137067938,0.6417910447761194,504,96,335,172,96,0.8689197501987638,0.8691708124871774
160,gap,robust_balanced,0.044570231328764476,0.7140902872777017,0.8378812199036918,0.6221692491060786,0.6231343283582089,522,101,317,167,101,0.8689197501987638,0.8691708124871774
161,absolute,best_f1,0.34921352213815304,0.8690662493479395,0.7814258911819888,0.9788484136310224,0.15272727272727274,833,233,18,42,233,0.8775329605332197,0.8778295264129641
161,absolute,tnr_0.5,0.47978406220422365,0.8139674894641782,0.8345679012345679,0.7943595769682726,0.5127272727272727,676,134,175,141,134,0.8775329605332197,0.8778295264129641
161,absolute,tnr_0.7,0.5505529232665857,0.7078417765440667,0.864406779661017,0.599294947121034,0.7090909090909091,510,80,341,195,80,0.8775329605332197,0.8778295264129641
161,absolute,robust_balanced,0.5495953464415451,0.710926694329184,0.8638655462184874,0.6039952996474736,0.7054545454545454,514,81,337,194,81,0.8775329605332197,0.8778295264129641
161,gap,best_f1,7.786060185943633e-05,0.860900354071826,0.7557726465364121,1.0,0.0,851,275,0,0,275,0.8901326468805524,0.8903098137537415
161,gap,tnr_0.5,0.026668933984525914,0.7757651467832605,0.828,0.7297297297297297,0.5309090909090909,621,129,230,146,129,0.8901326468805524,0.8903098137537415
161,gap,tnr_0.7,0.048120095530385994,0.7182320441988951,0.8710217755443886,0.6110458284371327,0.72,520,77,331,198,77,0.8901326468805524,0.8903098137537415
161,gap,robust_balanced,0.044570231328764476,0.7335593220338983,0.8669871794871795,0.63572267920094,0.6981818181818182,541,83,310,192,83,0.8901326468805524,0.8903098137537415
162,absolute,best_f1,0.34921352213815304,0.8574434508153603,0.7652582159624414,0.9748803827751196,0.14383561643835616,815,250,21,42,250,0.8858450216272535,0.886125467264626
162,absolute,tnr_0.5,0.47978406220422365,0.8353837141183362,0.8185993111366245,0.8528708133971292,0.4589041095890411,713,158,123,134,158,0.8858450216272535,0.886125467264626
162,absolute,tnr_0.7,0.5505529232665857,0.7558528428093646,0.8573596358118362,0.6758373205741627,0.678082191780822,565,94,271,198,94,0.8858450216272535,0.886125467264626
162,absolute,robust_balanced,0.5495953464415451,0.7581612258494337,0.8556390977443609,0.680622009569378,0.6712328767123288,569,96,267,196,96,0.8858450216272535,0.886125467264626
162,gap,best_f1,7.786060185943633e-05,0.8521916411824668,0.7424511545293073,1.0,0.00684931506849315,836,290,0,2,290,0.8612537945826332,0.8615501744736644
162,gap,tnr_0.5,0.026668933984525914,0.7656929770043506,0.796895213454075,0.7368421052631579,0.4623287671232877,616,157,220,135,157,0.8612537945826332,0.8615501744736644
162,gap,tnr_0.7,0.048120095530385994,0.7104722792607803,0.8304,0.6208133971291866,0.636986301369863,519,106,317,186,106,0.8612537945826332,0.8615501744736644
162,gap,robust_balanced,0.044570231328764476,0.7235772357723578,0.834375,0.638755980861244,0.636986301369863,534,106,302,186,106,0.8612537945826332,0.8615501744736644
163,absolute,best_f1,0.34921352213815304,0.8756423432682425,0.7830882352941176,0.993006993006993,0.1323529411764706,852,236,6,36,236,0.8972439072100138,0.8974985505354993
163,absolute,tnr_0.5,0.47978406220422365,0.8364269141531323,0.8325635103926097,0.8403263403263403,0.46691176470588236,721,145,137,127,145,0.8972439072100138,0.8974985505354993
163,absolute,tnr_0.7,0.5505529232665857,0.7698360655737705,0.8800599700149925,0.6841491841491841,0.7058823529411765,587,80,271,192,80,0.8972439072100138,0.8974985505354993
163,absolute,robust_balanced,0.5495953464415451,0.7725490196078432,0.8794642857142857,0.6888111888111889,0.7022058823529411,591,81,267,191,81,0.8972439072100138,0.8974985505354993
163,gap,best_f1,7.786060185943633e-05,0.8640483383685801,0.7606382978723404,1.0,0.007352941176470588,858,270,0,2,270,0.8873503833566322,0.8875721226985381
163,gap,tnr_0.5,0.026668933984525914,0.7841191066997518,0.8381962864721485,0.7365967365967366,0.5514705882352942,632,122,226,150,122,0.8873503833566322,0.8875721226985381
163,gap,tnr_0.7,0.048120095530385994,0.7176308539944903,0.877104377104377,0.6072261072261073,0.7316176470588235,521,73,337,199,73,0.8873503833566322,0.8875721226985381
163,gap,robust_balanced,0.044570231328764476,0.7329276538201488,0.8727858293075684,0.6317016317016317,0.7095588235294118,542,79,316,193,79,0.8873503833566322,0.8875721226985381
164,absolute,best_f1,0.34921352213815304,0.8753287743293003,0.7916270218839201,0.9788235294117648,0.16412213740458015,832,219,18,43,219,0.8939470048457486,0.8942018627164526
164,absolute,tnr_0.5,0.47978406220422365,0.810126582278481,0.830655129789864,0.7905882352941176,0.4770992366412214,672,137,178,125,137,0.8939470048457486,0.8942018627164526
164,absolute,tnr_0.7,0.5505529232665857,0.73229939312205,0.8578199052132701,0.6388235294117647,0.6564885496183206,543,90,307,172,90,0.8939470048457486,0.8942018627164526
164,absolute,robust_balanced,0.5495953464415451,0.7374076561450638,0.8591549295774648,0.6458823529411765,0.6564885496183206,549,90,301,172,90,0.8939470048457486,0.8942018627164526
164,gap,best_f1,7.786060185943633e-05,0.8673469387755102,0.7657657657657657,1.0,0.007633587786259542,850,260,0,2,260,0.8958801930474523,0.8960642497160299
164,gap,tnr_0.5,0.026668933984525914,0.7633587786259542,0.8310249307479224,0.7058823529411765,0.5343511450381679,600,122,250,140,122,0.8958801930474523,0.8960642497160299
164,gap,tnr_0.7,0.048120095530385994,0.7150837988826816,0.8797250859106529,0.6023529411764705,0.732824427480916,512,70,338,192,70,0.8958801930474523,0.8960642497160299
164,gap,robust_balanced,0.044570231328764476,0.7321428571428571,0.8795379537953796,0.6270588235294118,0.7213740458015268,533,73,317,189,73,0.8958801930474523,0.8960642497160299
165,absolute,best_f1,0.34921352213815304,0.8483870967741935,0.7471590909090909,0.9813432835820896,0.1331168831168831,789,267,15,41,267,0.8743652585205393,0.8746421434042498
165,absolute,tnr_0.5,0.47978406220422365,0.8185185185185185,0.8125,0.8246268656716418,0.5032467532467533,663,153,141,155,153,0.8743652585205393,0.8746421434042498
165,absolute,tnr_0.7,0.5505529232665857,0.7428170988086895,0.8507223113964687,0.6592039800995025,0.698051948051948,530,93,274,215,93,0.8743652585205393,0.8746421434042498
165,absolute,robust_balanced,0.5495953464415451,0.7459986082115518,0.8467614533965245,0.6666666666666666,0.685064935064935,536,97,268,211,97,0.8743652585205393,0.8746421434042498
165,gap,best_f1,7.786060185943633e-05,0.8392484342379958,0.7230215827338129,1.0,0.0,804,308,0,0,308,0.8460024676539942,0.8463229525483552
165,gap,tnr_0.5,0.026668933984525914,0.7654320987654321,0.8013605442176871,0.7325870646766169,0.525974025974026,589,146,215,162,146,0.8460024676539942,0.8463229525483552
165,gap,tnr_0.7,0.048120095530385994,0.7046263345195729,0.8236272878535774,0.6156716417910447,0.6558441558441559,495,106,309,202,106,0.8460024676539942,0.8463229525483552
165,gap,robust_balanced,0.044570231328764476,0.7191011235955056,0.8258064516129032,0.6368159203980099,0.6493506493506493,512,108,292,200,108,0.8460024676539942,0.8463229525483552
166,absolute,best_f1,0.34921352213815304,0.8705758055995774,0.7766258246936852,0.9903846153846154,0.17993079584775087,824,237,8,52,237,0.9084844871880082,0.9086755526322721
166,absolute,tnr_0.5,0.47978406220422365,0.8196125907990315,0.8256097560975609,0.8137019230769231,0.5051903114186851,677,143,155,146,143,0.9084844871880082,0.9086755526322721
166,absolute,tnr_0.7,0.5505529232665857,0.7482614742698191,0.8877887788778878,0.6466346153846154,0.7647058823529411,538,68,294,221,68,0.9084844871880082,0.9086755526322721
166,absolute,robust_balanced,0.5495953464415451,0.7494795281054824,0.8866995073891626,0.6490384615384616,0.7612456747404844,540,69,292,220,69,0.9084844871880082,0.9086755526322721
166,gap,best_f1,7.786060185943633e-05,0.8520225294418843,0.7421944692239072,1.0,0.0,832,289,0,0,289,0.883553235285606,0.8837528924287495
166,gap,tnr_0.5,0.026668933984525914,0.761118170266836,0.807277628032345,0.7199519230769231,0.5051903114186851,599,143,233,146,143,0.883553235285606,0.8837528924287495
166,gap,tnr_0.7,0.048120095530385994,0.7154929577464789,0.8639455782312925,0.6105769230769231,0.7231833910034602,508,80,324,209,80,0.883553235285606,0.8837528924287495
166,gap,robust_balanced,0.044570231328764476,0.7300485773768216,0.8637110016420362,0.6322115384615384,0.71280276816609,526,83,306,206,83,0.883553235285606,0.8837528924287495
167,absolute,best_f1,0.34921352213815304,0.8582089552238806,0.7623106060606061,0.9817073170731707,0.11619718309859155,805,251,15,33,251,0.8497054928871193,0.8501605765241034
167,absolute,tnr_0.5,0.47978406220422365,0.8176795580110497,0.823238566131026,0.8121951219512196,0.4964788732394366,666,143,154,141,143,0.8497054928871193,0.8501605765241034
167,absolute,tnr_0.7,0.5505529232665857,0.7027027027027027,0.8430034129692833,0.6024390243902439,0.676056338028169,494,92,326,192,92,0.8497054928871193,0.8501605765241034
167,absolute,robust_balanced,0.5495953464415451,0.7072997873848335,0.8443316412859561,0.6085365853658536,0.676056338028169,499,92,321,192,92,0.8497054928871193,0.8501605765241034
167,gap,best_f1,7.786060185943633e-05,0.8523908523908524,0.7427536231884058,1.0,0.0,820,284,0,0,284,0.8356339045885127,0.8359889810665664
167,gap,tnr_0.5,0.026668933984525914,0.7305699481865285,0.7790055248618785,0.6878048780487804,0.43661971830985913,564,160,256,124,160,0.8356339045885127,0.8359889810665664
167,gap,tnr_0.7,0.048120095530385994,0.6685962373371924,0.8220640569395018,0.5634146341463414,0.647887323943662,462,100,358,184,100,0.8356339045885127,0.8359889810665664
167,gap,robust_balanced,0.044570231328764476,0.693502824858757,0.8238255033557047,0.598780487804878,0.6302816901408451,491,105,329,179,105,0.8356339045885127,0.8359889810665664
168,absolute,best_f1,0.34921352213815304,0.8744725738396625,0.78060263653484,0.9940047961630696,0.1708185053380783,829,233,5,48,233,0.9150070640123944,0.9151839968960168
168,absolute,tnr_0.5,0.47978406220422365,0.8413461538461539,0.8433734939759037,0.8393285371702638,0.5373665480427047,700,130,134,151,130,0.9150070640123944,0.9151839968960168
168,absolute,tnr_0.7,0.5505529232665857,0.7453157529493407,0.8846787479406919,0.6438848920863309,0.7508896797153025,537,70,297,211,70,0.9150070640123944,0.9151839968960168
168,absolute,robust_balanced,0.5495953464415451,0.7505183137525916,0.8858075040783034,0.6510791366906474,0.7508896797153025,543,70,291,211,70,0.9150070640123944,0.9151839968960168
168,gap,best_f1,7.786060185943633e-05,0.8567026194144838,0.7493261455525606,1.0,0.0071174377224199285,834,279,0,2,279,0.8906204735298409,0.8908235244454866
168,gap,tnr_0.5,0.026668933984525914,0.7876106194690266,0.8328877005347594,0.7470023980815348,0.5551601423487544,623,125,211,156,125,0.8906204735298409,0.8908235244454866
168,gap,tnr_0.7,0.048120095530385994,0.7352941176470589,0.8838383838383839,0.6294964028776978,0.7544483985765125,525,69,309,212,69,0.8906204735298409,0.8908235244454866
168,gap,robust_balanced,0.044570231328764476,0.7489655172413793,0.8814935064935064,0.6510791366906474,0.7402135231316725,543,73,291,208,73,0.8906204735298409,0.8908235244454866
169,absolute,best_f1,0.34921352213815304,0.8587687532333161,0.7628676470588235,0.9822485207100592,0.1134020618556701,830,258,15,33,258,0.8856044652386115,0.8859188082753882
169,absolute,tnr_0.5,0.47978406220422365,0.8424170616113744,0.8434163701067615,0.8414201183431953,0.5463917525773195,711,132,134,159,132,0.8856044652386115,0.8859188082753882
169,absolute,tnr_0.7,0.5505529232665857,0.7563587684069611,0.8705701078582434,0.6686390532544378,0.711340206185567,565,84,280,207,84,0.8856044652386115,0.8859188082753882
169,absolute,robust_balanced,0.5495953464415451,0.7583444592790387,0.8698315467075038,0.672189349112426,0.7079037800687286,568,85,277,206,85,0.8856044652386115,0.8859188082753882
169,gap,best_f1,7.786060185943633e-05,0.8535353535353535,0.7444933920704846,1.0,0.003436426116838488,845,290,0,1,290,0.8698000400898908,0.8700173648160189
169,gap,tnr_0.5,0.026668933984525914,0.7551401869158878,0.7973684210526316,0.7171597633136094,0.47079037800687284,606,154,239,137,154,0.8698000400898908,0.8700173648160189
169,gap,tnr_0.7,0.048120095530385994,0.7026279391424619,0.8452579034941764,0.6011834319526628,0.6804123711340206,508,93,337,198,93,0.8698000400898908,0.8700173648160189
169,gap,robust_balanced,0.044570231328764476,0.720108695652174,0.8452950558213717,0.6272189349112426,0.6666666666666666,530,97,315,194,97,0.8698000400898908,0.8700173648160189
170,absolute,best_f1,0.34921352213815304,0.854978354978355,0.7588856868395774,0.9789343246592317,0.1099290780141844,790,251,17,31,251,0.8837342146779218,0.8840720391013726
170,absolute,tnr_0.5,0.47978406220422365,0.8156911581569116,0.8197747183979975,0.8116480793060719,0.48936170212765956,655,144,152,138,144,0.8837342146779218,0.8840720391013726
170,absolute,tnr_0.7,0.5505529232665857,0.7320916905444126,0.8675721561969439,0.6332094175960347,0.723404255319149,511,78,296,204,78,0.8837342146779218,0.8840720391013726
170,absolute,robust_balanced,0.5495953464415451,0.7355666429080542,0.8657718120805369,0.6394052044609665,0.7163120567375887,516,80,291,202,80,0.8837342146779218,0.8840720391013726
170,gap,best_f1,7.786060185943633e-05,0.8512658227848101,0.7410468319559229,1.0,0.0,807,282,0,0,282,0.8691453758192431,0.8693952085993296
170,gap,tnr_0.5,0.026668933984525914,0.7757731958762887,0.8080536912751678,0.7459727385377943,0.4929078014184397,602,143,205,139,143,0.8691453758192431,0.8693952085993296
170,gap,tnr_0.7,0.048120095530385994,0.70995670995671,0.8497409326424871,0.6096654275092936,0.6914893617021277,492,87,315,195,87,0.8691453758192431,0.8693952085993296
170,gap,robust_balanced,0.044570231328764476,0.729064039408867,0.8436482084690554,0.6418835192069393,0.6595744680851063,518,96,289,186,96,0.8691453758192431,0.8693952085993296
171,absolute,best_f1,0.34921352213815304,0.8812664907651715,0.7944814462416746,0.9893364928909952,0.16923076923076924,835,216,9,44,216,0.910173104882141,0.9103342895132568
171,absolute,tnr_0.5,0.47978406220422365,0.8405453467694132,0.8410438908659549,0.840047393364929,0.4846153846153846,709,134,135,126,134,0.910173104882141,0.9103342895132568
171,absolute,tnr_0.7,0.5505529232665857,0.7575150300601202,0.8683001531393568,0.6718009478672986,0.6692307692307692,567,86,277,174,86,0.910173104882141,0.9103342895132568
171,absolute,robust_balanced,0.5495953464415451,0.7591727818545697,0.8687022900763359,0.6741706161137441,0.6692307692307692,569,86,275,174,86,0.910173104882141,0.9103342895132568
171,gap,best_f1,7.786060185943633e-05,0.8683127572016461,0.7672727272727272,1.0,0.015384615384615385,844,256,0,4,256,0.8889417197722868,0.8891499696822948
171,gap,tnr_0.5,0.026668933984525914,0.767879548306148,0.816,0.7251184834123223,0.46923076923076923,612,138,232,122,138,0.8889417197722868,0.8891499696822948
171,gap,tnr_0.7,0.048120095530385994,0.7189908899789769,0.8799313893653516,0.6078199052132701,0.7307692307692307,513,70,331,190,70,0.8889417197722868,0.8891499696822948
171,gap,robust_balanced,0.044570231328764476,0.7322780454232622,0.8735632183908046,0.6303317535545023,0.7038461538461539,532,77,312,183,77,0.8889417197722868,0.8891499696822948
172,absolute,best_f1,0.34921352213815304,0.8635394456289979,0.7648725212464589,0.9914320685434517,0.13240418118466898,810,249,7,38,249,0.8796687374949336,0.8799411916012202
172,absolute,tnr_0.5,0.47978406220422365,0.817794028031688,0.8143203883495146,0.8212974296205631,0.46689895470383275,671,153,146,134,153,0.8796687374949336,0.8799411916012202
172,absolute,tnr_0.7,0.5505529232665857,0.7202797202797203,0.8401305057096248,0.6303549571603427,0.6585365853658537,515,98,302,189,98,0.8796687374949336,0.8799411916012202
172,absolute,robust_balanced,0.5495953464415451,0.7273991655076495,0.8421900161030595,0.6401468788249693,0.6585365853658537,523,98,294,189,98,0.8796687374949336,0.8799411916012202
172,gap,best_f1,7.786060185943633e-05,0.8514851485148515,0.7413793103448276,1.0,0.006968641114982578,817,285,0,2,285,0.8644008228456815,0.8646933205692969
172,gap,tnr_0.5,0.026668933984525914,0.749509483322433,0.8047752808988764,0.7013463892288861,0.5156794425087108,573,139,244,148,139,0.8644008228456815,0.8646933205692969
172,gap,tnr_0.7,0.048120095530385994,0.6994219653179191,0.8536155202821869,0.5924112607099143,0.710801393728223,484,83,333,204,83,0.8644008228456815,0.8646933205692969
172,gap,robust_balanced,0.044570231328764476,0.7094932191291934,0.851027397260274,0.6083231334149327,0.6968641114982579,497,87,320,200,87,0.8644008228456815,0.8646933205692969
173,absolute,best_f1,0.34921352213815304,0.8571428571428571,0.760989010989011,0.9811097992916175,0.09375,831,261,16,27,261,0.8802944805506759,0.8805495818509433
173,absolute,tnr_0.5,0.47978406220422365,0.8167848699763594,0.8177514792899409,0.8158205430932703,0.4652777777777778,691,154,156,134,154,0.8802944805506759,0.8805495818509433
173,absolute,tnr_0.7,0.5505529232665857,0.7323943661971831,0.8478260869565217,0.6446280991735537,0.6597222222222222,546,98,301,190,98,0.8802944805506759,0.8805495818509433
173,absolute,robust_balanced,0.5495953464415451,0.7336010709504686,0.8469860896445132,0.6469893742621016,0.65625,548,99,299,189,99,0.8802944805506759,0.8805495818509433
173,gap,best_f1,7.786060185943633e-05,0.8551236749116607,0.7469135802469136,1.0,0.003472222222222222,847,287,0,1,287,0.8745429150586197,0.8747929397269583
173,gap,tnr_0.5,0.026668933984525914,0.7825015403573629,0.8182989690721649,0.7497048406139315,0.5104166666666666,635,141,212,147,141,0.8745429150586197,0.8747929397269583
173,gap,tnr_0.7,0.048120095530385994,0.7166437414030261,0.8583196046128501,0.615112160566706,0.7013888888888888,521,86,326,202,86,0.8745429150586197,0.8747929397269583
173,gap,robust_balanced,0.044570231328764476,0.7360644728005373,0.8535825545171339,0.6469893742621016,0.6736111111111112,548,94,299,194,94,0.8745429150586197,0.8747929397269583
174,absolute,best_f1,0.34921352213815304,0.8646656134807793,0.7752596789423984,0.9773809523809524,0.1736111111111111,821,238,19,50,238,0.8785641817424698,0.8788856430009395
174,absolute,tnr_0.5,0.47978406220422365,0.8186779866585809,0.8343634116192831,0.8035714285714286,0.5347222222222222,675,134,165,154,134,0.8785641817424698,0.8788856430009395
174,absolute,tnr_0.7,0.5505529232665857,0.6914285714285714,0.8642857142857143,0.5761904761904761,0.7361111111111112,484,76,356,212,76,0.8785641817424698,0.8788856430009395
174,absolute,robust_balanced,0.5495953464415451,0.696085409252669,0.8654867256637168,0.5821428571428572,0.7361111111111112,489,76,351,212,76,0.8785641817424698,0.8788856430009395
174,gap,best_f1,7.786060185943633e-05,0.8536585365853658,0.7446808510638298,1.0,0.0,840,288,0,0,288,0.8950291577023037,0.8952088899001323
174,gap,tnr_0.5,0.026668933984525914,0.7706766917293233,0.8134920634920635,0.7321428571428571,0.5104166666666666,615,141,225,147,141,0.8950291577023037,0.8952088899001323
174,gap,tnr_0.7,0.048120095530385994,0.7157001414427157,0.8815331010452961,0.6023809523809524,0.7638888888888888,506,68,334,220,68,0.8950291577023037,0.8952088899001323
174,gap,robust_balanced,0.044570231328764476,0.7413554633471646,0.8844884488448845,0.638095238095238,0.7569444444444444,536,70,304,218,70,0.8950291577023037,0.8952088899001323
175,absolute,best_f1,0.34921352213815304,0.8533480907581626,0.7618577075098815,0.969811320754717,0.1718213058419244,771,241,24,50,241,0.8852207294459619,0.8854991223818743
175,absolute,tnr_0.5,0.47978406220422365,0.8165910563836681,0.8422459893048129,0.7924528301886793,0.5945017182130584,630,118,165,173,118,0.8852207294459619,0.8854991223818743
175,absolute,tnr_0.7,0.5505529232665857,0.7092411720510894,0.8805970149253731,0.5937106918238994,0.7800687285223368,472,64,323,227,64,0.8852207294459619,0.8854991223818743
175,absolute,robust_balanced,0.5495953464415451,0.7154592979835698,0.8805147058823529,0.6025157232704402,0.7766323024054983,479,65,316,226,65,0.8852207294459619,0.8854991223818743
175,gap,best_f1,7.786060185943633e-05,0.8457446808510638,0.7327188940092166,1.0,0.003436426116838488,795,290,0,1,290,0.8867206877656393,0.8869111039106043
175,gap,tnr_0.5,0.026668933984525914,0.7538155275381553,0.797752808988764,0.7144654088050314,0.5051546391752577,568,144,227,147,144,0.8867206877656393,0.8869111039106043
175,gap,tnr_0.7,0.048120095530385994,0.691785983421251,0.8627819548872181,0.5773584905660377,0.7491408934707904,459,73,336,218,73,0.8867206877656393,0.8869111039106043
175,gap,robust_balanced,0.044570231328764476,0.7114391143911439,0.8607142857142858,0.6062893081761006,0.7319587628865979,482,78,313,213,78,0.8867206877656393,0.8869111039106043
176,absolute,best_f1,0.34921352213815304,0.8674203494347379,0.7822057460611678,0.9734717416378316,0.14233576642335766,844,235,23,39,235,0.9156041273581702,0.9157659702874664
176,absolute,tnr_0.5,0.47978406220422365,0.8528214077952297,0.8603286384976526,0.845444059976932,0.5656934306569343,733,119,134,155,119,0.9156041273581702,0.9157659702874664
176,absolute,tnr_0.7,0.5505529232665857,0.7625994694960212,0.8970358814352574,0.6632064590542099,0.7591240875912408,575,66,292,208,66,0.9156041273581702,0.9157659702874664
176,absolute,robust_balanced,0.5495953464415451,0.7658730158730159,0.8976744186046511,0.6678200692041523,0.7591240875912408,579,66,288,208,66,0.9156041273581702,0.9157659702874664
176,gap,best_f1,7.786060185943633e-05,0.8639760837070254,0.7605263157894737,1.0,0.0036496350364963502,867,273,0,1,273,0.8865848178129117,0.8868033923181629
176,gap,tnr_0.5,0.026668933984525914,0.7646695491043854,0.8231382978723404,0.7139561707035755,0.5145985401459854,619,133,248,141,133,0.8865848178129117,0.8868033923181629
176,gap,tnr_0.7,0.048120095530385994,0.70434183321847,0.875,0.5893886966551326,0.7335766423357665,511,73,356,201,73,0.8865848178129117,0.8868033923181629
176,gap,robust_balanced,0.044570231328764476,0.7238352464550979,0.8729641693811075,0.6182237600922722,0.7153284671532847,536,78,331,196,78,0.8865848178129117,0.8868033923181629
177,absolute,best_f1,0.34921352213815304,0.8566912539515279,0.7612359550561798,0.9795180722891567,0.10839160839160839,813,255,17,31,255,0.8582230428552236,0.8587053366554609
177,absolute,tnr_0.5,0.47978406220422365,0.8285209192692987,0.8108419838523645,0.846987951807229,0.42657342657342656,703,164,127,122,164,0.8582230428552236,0.8587053366554609
177,absolute,tnr_0.7,0.5505529232665857,0.7277664630006789,0.833592534992224,0.6457831325301204,0.6258741258741258,536,107,294,179,107,0.8582230428552236,0.8587053366554609
177,absolute,robust_balanced,0.5495953464415451,0.7305874409182984,0.8310291858678955,0.6518072289156627,0.6153846153846154,541,110,289,176,110,0.8582230428552236,0.8587053366554609
177,gap,best_f1,7.786060185943633e-05,0.8534704370179949,0.7443946188340808,1.0,0.0034965034965034965,830,285,0,1,285,0.8657677563080531,0.8660132541279694
177,gap,tnr_0.5,0.026668933984525914,0.7588383838383839,0.7970822281167109,0.7240963855421687,0.46503496503496505,601,153,229,133,153,0.8657677563080531,0.8660132541279694
177,gap,tnr_0.7,0.048120095530385994,0.7017301038062284,0.824390243902439,0.6108433734939759,0.6223776223776224,507,108,323,178,108,0.8657677563080531,0.8660132541279694
177,gap,robust_balanced,0.044570231328764476,0.7142857142857143,0.8203125,0.6325301204819277,0.5979020979020979,525,115,305,171,115,0.8657677563080531,0.8660132541279694
178,absolute,best_f1,0.34921352213815304,0.8717424629535002,0.7818515123739689,0.9849884526558892,0.10861423220973783,853,238,13,29,238,0.8708380507341051,0.8711424760568927
178,absolute,tnr_0.5,0.47978406220422365,0.8060570762958649,0.8131609870740305,0.7990762124711316,0.4044943820224719,692,159,174,108,159,0.8708380507341051,0.8711424760568927
178,absolute,tnr_0.7,0.5505529232665857,0.7038280725319006,0.841091492776886,0.605080831408776,0.6292134831460674,524,99,342,168,99,0.8708380507341051,0.8711424760568927
178,absolute,robust_balanced,0.5495953464415451,0.7050938337801609,0.8402555910543131,0.6073903002309469,0.6254681647940075,526,100,340,167,100,0.8708380507341051,0.8711424760568927
178,gap,best_f1,7.786060185943633e-05,0.8664332166083042,0.764342453662842,1.0,0.0,866,267,0,0,267,0.8789911282055182,0.8792332267012384
178,gap,tnr_0.5,0.026668933984525914,0.7584059775840598,0.822972972972973,0.7032332563510393,0.5093632958801498,609,131,257,136,131,0.8789911282055182,0.8792332267012384
178,gap,tnr_0.7,0.048120095530385994,0.6843205574912892,0.8629173989455184,0.5669745958429562,0.7078651685393258,491,78,375,189,78,0.8789911282055182,0.8792332267012384
178,gap,robust_balanced,0.044570231328764476,0.7079646017699115,0.8623548922056384,0.6004618937644342,0.6891385767790262,520,83,346,184,83,0.8789911282055182,0.8792332267012384
179,absolute,best_f1,0.34921352213815304,0.8709327548806941,0.7849462365591398,0.9780755176613886,0.14396887159533073,803,220,18,37,220,0.886591821095446,0.8868765998769854
179,absolute,tnr_0.5,0.47978406220422365,0.8084314941103534,0.8232323232323232,0.7941534713763703,0.45525291828793774,652,140,169,117,140,0.886591821095446,0.8868765998769854
179,absolute,tnr_0.7,0.5505529232665857,0.7394957983193278,0.8698517298187809,0.6431181485992692,0.6926070038910506,528,79,293,178,79,0.886591821095446,0.8868765998769854
179,absolute,robust_balanced,0.5495953464415451,0.7421383647798742,0.8704918032786885,0.6467722289890377,0.6926070038910506,531,79,290,178,79,0.886591821095446,0.8868765998769854
179,gap,best_f1,7.786060185943633e-05,0.8655772272008434,0.7630111524163569,1.0,0.007782101167315175,821,255,0,2,255,0.8849696958870862,0.8851943517989473
179,gap,tnr_0.5,0.026668933984525914,0.762278978388998,0.8243626062322946,0.7088915956151035,0.5175097276264592,582,124,239,133,124,0.8849696958870862,0.8851943517989473
179,gap,tnr_0.7,0.048120095530385994,0.7084548104956269,0.8820326678765881,0.5919610231425091,0.7470817120622568,486,65,335,192,65,0.8849696958870862,0.8851943517989473
179,gap,robust_balanced,0.044570231328764476,0.7250538406317301,0.8828671328671329,0.6151035322777101,0.7392996108949417,505,67,316,190,67,0.8849696958870862,0.8851943517989473
180,absolute,best_f1,0.34921352213815304,0.8683236382866208,0.7796771130104464,0.9797136038186157,0.09375,821,232,17,24,232,0.9029174685822067,0.9031759449409894
180,absolute,tnr_0.5,0.47978406220422365,0.8280407429598562,0.8315282791817088,0.8245823389021479,0.453125,691,140,147,116,140,0.9029174685822067,0.9031759449409894
180,absolute,tnr_0.7,0.5505529232665857,0.7572293207800942,0.8674884437596302,0.6718377088305489,0.6640625,563,86,275,170,86,0.9029174685822067,0.9031759449409894
180,absolute,robust_balanced,0.5495953464415451,0.7597315436241611,0.8680981595092024,0.6754176610978521,0.6640625,566,86,272,170,86,0.9029174685822067,0.9031759449409894
180,gap,best_f1,7.786060185943633e-05,0.8674948240165632,0.7659963436928702,1.0,0.0,838,256,0,0,256,0.8935722304323634,0.8937841786717404
180,gap,tnr_0.5,0.026668933984525914,0.7752234993614304,0.8337912087912088,0.7243436754176611,0.52734375,607,121,231,135,121,0.8935722304323634,0.8937841786717404
180,gap,tnr_0.7,0.048120095530385994,0.7054597701149425,0.8862815884476535,0.5859188544152745,0.75390625,491,63,347,193,63,0.8935722304323634,0.8937841786717404
180,gap,robust_balanced,0.044570231328764476,0.7276565798733287,0.8867924528301887,0.616945107398568,0.7421875,517,66,321,190,66,0.8935722304323634,0.8937841786717404
181,absolute,best_f1,0.34921352213815304,0.8579059829059829,0.766953199617956,0.9733333333333334,0.1527777777777778,803,244,22,44,244,0.9012745455688953,0.9014291034698688
181,absolute,tnr_0.5,0.47978406220422365,0.8185140073081608,0.8225214198286414,0.8145454545454546,0.4965277777777778,672,145,153,143,145,0.9012745455688953,0.9014291034698688
181,absolute,tnr_0.7,0.5505529232665857,0.7467036780013879,0.8733766233766234,0.6521212121212121,0.7291666666666666,538,78,287,210,78,0.9012745455688953,0.9014291034698688
181,absolute,robust_balanced,0.5495953464415451,0.7487889273356402,0.8725806451612903,0.6557575757575758,0.7256944444444444,541,79,284,209,79,0.9012745455688953,0.9014291034698688
181,gap,best_f1,7.786060185943633e-05,0.8518327310273619,0.7419064748201439,1.0,0.003472222222222222,825,287,0,1,287,0.8779087467055164,0.8781032003677091
181,gap,tnr_0.5,0.026668933984525914,0.7694251421351863,0.8034300791556728,0.7381818181818182,0.4826388888888889,609,149,216,139,149,0.8779087467055164,0.8781032003677091
181,gap,tnr_0.7,0.048120095530385994,0.7088607594936709,0.8442211055276382,0.610909090909091,0.6770833333333334,504,93,321,195,93,0.8779087467055164,0.8781032003677091
181,gap,robust_balanced,0.044570231328764476,0.7296551724137931,0.8464,0.6412121212121212,0.6666666666666666,529,96,296,192,96,0.8779087467055164,0.8781032003677091
182,absolute,best_f1,0.34921352213815304,0.8662821185107499,0.77196261682243,0.986857825567503,0.12857142857142856,826,244,11,36,244,0.8710892088811282,0.8714829413915063
182,absolute,tnr_0.5,0.47978406220422365,0.8116293155663235,0.8230958230958231,0.8004778972520908,0.4857142857142857,670,144,167,136,144,0.8710892088811282,0.8714829413915063
182,absolute,tnr_0.7,0.5505529232665857,0.7180192572214581,0.8460291734197731,0.6236559139784946,0.6607142857142857,522,95,315,185,95,0.8710892088811282,0.8714829413915063
182,absolute,robust_balanced,0.5495953464415451,0.7219178082191781,0.8459069020866774,0.6296296296296297,0.6571428571428571,527,96,310,184,96,0.8710892088811282,0.8714829413915063
182,gap,best_f1,7.786060185943633e-05,0.8575819672131147,0.7506726457399103,1.0,0.007142857142857143,837,278,0,2,278,0.8854053812852714,0.8856203105265944
182,gap,tnr_0.5,0.026668933984525914,0.7660114140773621,0.8162162162162162,0.7216248506571087,0.5142857142857142,604,136,233,144,136,0.8854053812852714,0.8856203105265944
182,gap,tnr_0.7,0.048120095530385994,0.7219512195121951,0.8662207357859532,0.6188769414575866,0.7142857142857143,518,80,319,200,80,0.8854053812852714,0.8856203105265944
182,gap,robust_balanced,0.044570231328764476,0.7371310912834592,0.8661290322580645,0.6415770609318996,0.7035714285714286,537,83,300,197,83,0.8854053812852714,0.8856203105265944
183,absolute,best_f1,0.34921352213815304,0.8736118455843469,0.785171102661597,0.9845053635280095,0.2206896551724138,826,226,13,64,226,0.9063480447273093,0.9065395335110366
183,absolute,tnr_0.5,0.47978406220422365,0.8337408312958435,0.8557089084065245,0.8128724672228844,0.603448275862069,682,115,157,175,115,0.9063480447273093,0.9065395335110366
183,absolute,tnr_0.7,0.5505529232665857,0.7522306108442004,0.8867313915857605,0.6531585220500596,0.7586206896551724,548,70,291,220,70,0.9063480447273093,0.9065395335110366
183,absolute,robust_balanced,0.5495953464415451,0.7547945205479452,0.8872785829307569,0.6567342073897497,0.7586206896551724,551,70,288,220,70,0.9063480447273093,0.9065395335110366
183,gap,best_f1,7.786060185943633e-05,0.8535096642929807,0.7444543034605147,1.0,0.006896551724137931,839,288,0,2,288,0.8707292492960602,0.8709830617413147
183,gap,tnr_0.5,0.026668933984525914,0.7443946188340808,0.8047091412742382,0.6924910607866508,0.5137931034482759,581,141,258,149,141,0.8707292492960602,0.8709830617413147
183,gap,tnr_0.7,0.048120095530385994,0.6794598436389481,0.8415492957746479,0.5697258641239571,0.6896551724137931,478,90,361,200,90,0.8707292492960602,0.8709830617413147
183,gap,robust_balanced,0.044570231328764476,0.6963788300835655,0.8375209380234506,0.5959475566150179,0.6655172413793103,500,97,339,193,97,0.8707292492960602,0.8709830617413147
184,absolute,best_f1,0.34921352213815304,0.8537590113285273,0.7509057971014492,0.9892601431980907,0.07094594594594594,829,275,9,21,275,0.8789733202104348,0.8791858225523678
184,absolute,tnr_0.5,0.47978406220422365,0.81786133960047,0.8055555555555556,0.8305489260143198,0.43243243243243246,696,168,142,128,168,0.8789733202104348,0.8791858225523678
184,absolute,tnr_0.7,0.5505529232665857,0.7221476510067114,0.8251533742331288,0.6420047732696897,0.6148648648648649,538,114,300,182,114,0.8789733202104348,0.8791858225523678
184,absolute,robust_balanced,0.5495953464415451,0.7254509018036072,0.8239757207890743,0.6479713603818615,0.6081081081081081,543,116,295,180,116,0.8789733202104348,0.8791858225523678
184,gap,best_f1,7.786060185943633e-05,0.8498985801217038,0.7389770723104057,1.0,0.0,838,296,0,0,296,0.86081110428006,0.8610689209413641
184,gap,tnr_0.5,0.026668933984525914,0.7522123893805309,0.7997311827956989,0.7100238663484487,0.4966216216216216,595,149,243,147,149,0.86081110428006,0.8610689209413641
184,gap,tnr_0.7,0.048120095530385994,0.6857541899441341,0.8265993265993266,0.5859188544152745,0.652027027027027,491,103,347,193,103,0.86081110428006,0.8610689209413641
184,gap,robust_balanced,0.044570231328764476,0.6978664831383344,0.824390243902439,0.6050119331742243,0.6351351351351351,507,108,331,188,108,0.86081110428006,0.8610689209413641
185,absolute,best_f1,0.34921352213815304,0.8621236133122029,0.768361581920904,0.9819494584837545,0.0989010989010989,816,246,15,27,246,0.8495667475182339,0.8500080619355743
185,absolute,tnr_0.5,0.47978406220422365,0.820543093270366,0.8053302433371958,0.8363417569193743,0.38461538461538464,695,168,136,105,168,0.8495667475182339,0.8500080619355743
185,absolute,tnr_0.7,0.5505529232665857,0.7162346521145976,0.8267716535433071,0.631768953068592,0.5970695970695971,525,110,306,163,110,0.8495667475182339,0.8500080619355743
185,absolute,robust_balanced,0.5495953464415451,0.7197278911564626,0.8278560250391236,0.6365824308062575,0.5970695970695971,529,110,302,163,110,0.8495667475182339,0.8500080619355743
185,gap,best_f1,7.786060185943633e-05,0.8589147286821706,0.7527173913043478,1.0,0.0,831,273,0,0,273,0.8849526038149259,0.8851516235185123
185,gap,tnr_0.5,0.026668933984525914,0.7696234843650287,0.8192934782608695,0.7256317689530686,0.5128205128205128,603,133,228,140,133,0.8849526038149259,0.8851516235185123
185,gap,tnr_0.7,0.048120095530385994,0.7223382045929019,0.8564356435643564,0.6245487364620939,0.6813186813186813,519,87,312,186,87,0.8849526038149259,0.8851516235185123
185,gap,robust_balanced,0.044570231328764476,0.7316403568977351,0.8514376996805112,0.641395908543923,0.6593406593406593,533,93,298,180,93,0.8849526038149259,0.8851516235185123
186,absolute,best_f1,0.34921352213815304,0.8518327310273619,0.7534246575342466,0.9798099762470309,0.10596026490066225,825,270,17,32,270,0.8591052287933731,0.8594899614466913
186,absolute,tnr_0.5,0.47978406220422365,0.8305882352941176,0.8228438228438228,0.838479809976247,0.4966887417218543,706,152,136,150,152,0.8591052287933731,0.8594899614466913
186,absolute,tnr_0.7,0.5505529232665857,0.7405405405405405,0.8589341692789969,0.6508313539192399,0.7019867549668874,548,90,294,212,90,0.8591052287933731,0.8594899614466913
186,absolute,robust_balanced,0.5495953464415451,0.7425876010781671,0.8582554517133957,0.6543942992874109,0.6986754966887417,551,91,291,211,91,0.8591052287933731,0.8594899614466913
186,gap,best_f1,7.786060185943633e-05,0.8479355488418933,0.736013986013986,1.0,0.0,842,302,0,0,302,0.8258519467269592,0.8262487807904025
186,gap,tnr_0.5,0.026668933984525914,0.7414330218068536,0.7798165137614679,0.7066508313539193,0.44370860927152317,595,168,247,134,168,0.8258519467269592,0.8262487807904025
186,gap,tnr_0.7,0.048120095530385994,0.6741258741258741,0.8197278911564626,0.5724465558194775,0.6490066225165563,482,106,360,196,106,0.8258519467269592,0.8262487807904025
186,gap,robust_balanced,0.044570231328764476,0.7004797806716929,0.8282009724473258,0.6068883610451307,0.6490066225165563,511,106,331,196,106,0.8258519467269592,0.8262487807904025
187,absolute,best_f1,0.34921352213815304,0.8705380927011188,0.7848222862632085,0.9772727272727273,0.22758620689655173,817,224,19,66,224,0.88011881334082,0.8804180207671584
187,absolute,tnr_0.5,0.47978406220422365,0.8117719190680565,0.8327044025157233,0.7918660287081339,0.5413793103448276,662,133,174,157,133,0.88011881334082,0.8804180207671584
187,absolute,tnr_0.7,0.5505529232665857,0.6975438596491228,0.8438030560271647,0.5944976076555024,0.6827586206896552,497,92,339,198,92,0.88011881334082,0.8804180207671584
187,absolute,robust_balanced,0.5495953464415451,0.7011173184357542,0.8422818791946308,0.6004784688995215,0.6758620689655173,502,94,334,196,94,0.88011881334082,0.8804180207671584
187,gap,best_f1,7.786060185943633e-05,0.8526262111167772,0.7431111111111111,1.0,0.0034482758620689655,836,289,0,1,289,0.869218111419268,0.8694822595699163
187,gap,tnr_0.5,0.026668933984525914,0.7594128908742821,0.813953488372093,0.7117224880382775,0.5310344827586206,595,136,241,154,136,0.869218111419268,0.8694822595699163
187,gap,tnr_0.7,0.048120095530385994,0.6924177396280401,0.8612099644128114,0.5789473684210527,0.7310344827586207,484,78,352,212,78,0.869218111419268,0.8694822595699163
187,gap,robust_balanced,0.044570231328764476,0.7033898305084746,0.8586206896551725,0.5956937799043063,0.7172413793103448,498,82,338,208,82,0.869218111419268,0.8694822595699163
188,absolute,best_f1,0.34921352213815304,0.8736616702355461,0.7914645974781765,0.974910394265233,0.1947565543071161,816,215,21,52,215,0.9313197250646574,0.9314174016810752
188,absolute,tnr_0.5,0.47978406220422365,0.8369829683698297,0.8525402726146221,0.8219832735961768,0.5543071161048689,688,119,149,148,119,0.9313197250646574,0.9314174016810752
188,absolute,tnr_0.7,0.5505529232665857,0.7556179775280899,0.9165247018739353,0.6427718040621266,0.8164794007490637,538,49,299,218,49,0.9313197250646574,0.9314174016810752
188,absolute,robust_balanced,0.5495953464415451,0.757703081232493,0.9153976311336718,0.6463560334528077,0.8127340823970037,541,50,296,217,50,0.9313197250646574,0.9314174016810752
188,gap,best_f1,7.786060185943633e-05,0.8628865979381444,0.7588395285584769,1.0,0.003745318352059925,837,266,0,1,266,0.9128111918551793,0.9129282910453091
188,gap,tnr_0.5,0.026668933984525914,0.7812700449005773,0.8434903047091413,0.7275985663082437,0.5767790262172284,609,113,228,154,113,0.9128111918551793,0.9129282910453091
188,gap,tnr_0.7,0.048120095530385994,0.706308919506889,0.8985239852398524,0.5818399044205496,0.7940074906367042,487,55,350,212,55,0.9128111918551793,0.9129282910453091
188,gap,robust_balanced,0.044570231328764476,0.7294617563739377,0.8956521739130435,0.6152927120669056,0.7752808988764045,515,60,322,207,60,0.9128111918551793,0.9129282910453091
189,absolute,best_f1,0.34921352213815304,0.866304347826087,0.7693050193050193,0.9912935323383084,0.0842911877394636,797,239,7,22,239,0.8888601250368221,0.8891207499344111
189,absolute,tnr_0.5,0.47978406220422365,0.825925925925926,0.8198529411764706,0.832089552238806,0.4367816091954023,669,147,135,114,147,0.8888601250368221,0.8891207499344111
189,absolute,tnr_0.7,0.5505529232665857,0.7445460942997889,0.8573743922204214,0.6579601990049752,0.6628352490421456,529,88,275,173,88,0.8888601250368221,0.8891207499344111
189,absolute,robust_balanced,0.5495953464415451,0.7471910112359551,0.8580645161290322,0.6616915422885572,0.6628352490421456,532,88,272,173,88,0.8888601250368221,0.8891207499344111
189,gap,best_f1,7.786060185943633e-05,0.8603531300160514,0.7549295774647887,1.0,0.0,804,261,0,0,261,0.8846128997617048,0.8848085987997059
189,gap,tnr_0.5,0.026668933984525914,0.7594433399602386,0.8127659574468085,0.7126865671641791,0.4942528735632184,573,132,231,129,132,0.8846128997617048,0.8848085987997059
189,gap,tnr_0.7,0.048120095530385994,0.7026627218934911,0.8667883211678832,0.5907960199004975,0.7203065134099617,475,73,329,188,73,0.8846128997617048,0.8848085987997059
189,gap,robust_balanced,0.044570231328764476,0.7151162790697675,0.8601398601398601,0.6119402985074627,0.6934865900383141,492,80,312,181,80,0.8846128997617048,0.8848085987997059
190,absolute,best_f1,0.34921352213815304,0.8779443254817987,0.7877041306436119,0.9915356711003628,0.1532567049808429,820,221,7,40,221,0.8600601650197027,0.8604476557942696
190,absolute,tnr_0.5,0.47978406220422365,0.8187919463087249,0.8263546798029556,0.81136638452237,0.45977011494252873,671,141,156,120,141,0.8600601650197027,0.8604476557942696
190,absolute,tnr_0.7,0.5505529232665857,0.7200547570157426,0.8296529968454258,0.6360338573155986,0.5862068965517241,526,108,301,153,108,0.8600601650197027,0.8604476557942696
190,absolute,robust_balanced,0.5495953464415451,0.7213114754098361,0.8288854003139717,0.6384522370012092,0.5823754789272031,528,109,299,152,109,0.8600601650197027,0.8604476557942696
190,gap,best_f1,7.786060185943633e-05,0.864158829676071,0.7608095676172953,1.0,0.0038314176245210726,827,260,0,1,260,0.864260394713871,0.8645626502879444
190,gap,tnr_0.5,0.026668933984525914,0.7708860759493671,0.8087649402390438,0.7363966142684402,0.4482758620689655,609,144,218,117,144,0.864260394713871,0.8645626502879444
190,gap,tnr_0.7,0.048120095530385994,0.6973777462792345,0.8424657534246576,0.5949214026602176,0.6475095785440613,492,92,335,169,92,0.864260394713871,0.8645626502879444
190,gap,robust_balanced,0.044570231328764476,0.7157748436414176,0.8415032679738562,0.6227327690447401,0.6283524904214559,515,97,312,164,97,0.864260394713871,0.8645626502879444
191,absolute,best_f1,0.34921352213815304,0.8670953912111469,0.775647171620326,0.982989064398542,0.21739130434782608,809,234,14,65,234,0.8975517133285872,0.8977685292844112
191,absolute,tnr_0.5,0.47978406220422365,0.816969696969697,0.814993954050786,0.818955042527339,0.4882943143812709,674,153,149,146,153,0.8975517133285872,0.8977685292844112
191,absolute,tnr_0.7,0.5505529232665857,0.7491361437456807,0.8685897435897436,0.6585662211421628,0.725752508361204,542,82,281,217,82,0.8975517133285872,0.8977685292844112
191,absolute,robust_balanced,0.5495953464415451,0.7524071526822559,0.866877971473851,0.6646415552855407,0.7190635451505016,547,84,276,215,84,0.8975517133285872,0.8977685292844112
191,gap,best_f1,7.786060185943633e-05,0.847143592382913,0.7348214285714286,1.0,0.006688963210702341,823,297,0,2,297,0.8898353960947466,0.8900169206079733
191,gap,tnr_0.5,0.026668933984525914,0.7778485041374921,0.8168449197860963,0.7424058323207776,0.5418060200668896,611,137,212,162,137,0.8898353960947466,0.8900169206079733
191,gap,tnr_0.7,0.048120095530385994,0.7231638418079096,0.863406408094435,0.6221142162818954,0.7290969899665551,512,81,311,218,81,0.8898353960947466,0.8900169206079733
191,gap,robust_balanced,0.044570231328764476,0.7408431237042156,0.8589743589743589,0.6512758201701093,0.705685618729097,536,88,287,211,88,0.8898353960947466,0.8900169206079733
192,absolute,best_f1,0.34921352213815304,0.8753830439223698,0.7840805123513266,0.9907514450867052,0.1917808219178082,857,236,8,56,236,0.8934614983648698,0.8937153968958277
192,absolute,tnr_0.5,0.47978406220422365,0.8456610366919045,0.852112676056338,0.8393063583815029,0.5684931506849316,726,126,139,166,126,0.8934614983648698,0.8937153968958277
192,absolute,tnr_0.7,0.5505529232665857,0.7603960396039604,0.8861538461538462,0.6658959537572254,0.7465753424657534,576,74,289,218,74,0.8934614983648698,0.8937153968958277
192,absolute,robust_balanced,0.5495953464415451,0.7620303230059328,0.8865030674846626,0.6682080924855491,0.7465753424657534,578,74,287,218,74,0.8934614983648698,0.8937153968958277
192,gap,best_f1,7.786060185943633e-05,0.8560118753092528,0.7482698961937716,1.0,0.003424657534246575,865,291,0,1,291,0.8878584472430415,0.8880439240854417
192,gap,tnr_0.5,0.026668933984525914,0.7804878048780488,0.8258064516129032,0.7398843930635838,0.5376712328767124,640,135,225,157,135,0.8878584472430415,0.8880439240854417
192,gap,tnr_0.7,0.048120095530385994,0.7167235494880546,0.875,0.6069364161849711,0.7431506849315068,525,75,340,217,75,0.8878584472430415,0.8880439240854417
192,gap,robust_balanced,0.044570231328764476,0.7315436241610739,0.872,0.630057803468208,0.726027397260274,545,80,320,212,80,0.8878584472430415,0.8880439240854417
193,absolute,best_f1,0.34921352213815304,0.8722608230892571,0.7838616714697406,0.983132530120482,0.1346153846153846,816,225,14,35,225,0.8745415472135231,0.8748246298612085
193,absolute,tnr_0.5,0.47978406220422365,0.8163514338010982,0.826946847960445,0.8060240963855422,0.46153846153846156,669,140,161,120,140,0.8745415472135231,0.8748246298612085
193,absolute,tnr_0.7,0.5505529232665857,0.7378507871321013,0.8541996830427893,0.6493975903614457,0.6461538461538462,539,92,291,168,92,0.8745415472135231,0.8748246298612085
193,absolute,robust_balanced,0.5495953464415451,0.7399317406143344,0.8535433070866142,0.653012048192771,0.6423076923076924,542,93,288,167,93,0.8745415472135231,0.8748246298612085
193,gap,best_f1,7.786060185943633e-05,0.8663883089770354,0.7642725598526704,1.0,0.015384615384615385,830,256,0,4,256,0.857631688353456,0.857924048167731
193,gap,tnr_0.5,0.026668933984525914,0.7554417413572343,0.8060109289617486,0.7108433734939759,0.45384615384615384,590,142,240,118,142,0.857631688353456,0.857924048167731
193,gap,tnr_0.7,0.048120095530385994,0.6860382707299787,0.8330464716006885,0.5831325301204819,0.6269230769230769,484,97,346,163,97,0.857631688353456,0.857924048167731
193,gap,robust_balanced,0.044570231328764476,0.7038327526132404,0.8347107438016529,0.608433734939759,0.6153846153846154,505,100,325,160,100,0.857631688353456,0.857924048167731
194,absolute,best_f1,0.34921352213815304,0.8681842244573849,0.7765151515151515,0.9843937575030012,0.148014440433213,820,236,13,41,236,0.8964669222106746,0.8967332928731866
194,absolute,tnr_0.5,0.47978406220422365,0.8227383863080685,0.838107098381071,0.8079231692677071,0.5306859205776173,673,130,160,147,130,0.8964669222106746,0.8967332928731866
194,absolute,tnr_0.7,0.5505529232665857,0.7366226546212647,0.8745874587458746,0.6362545018007203,0.7256317689530686,530,76,303,201,76,0.8964669222106746,0.8967332928731866
194,absolute,robust_balanced,0.5495953464415451,0.7403314917127072,0.8715447154471545,0.6434573829531812,0.7148014440433214,536,79,297,198,79,0.8964669222106746,0.8967332928731866
194,gap,best_f1,7.786060185943633e-05,0.8578784757981462,0.7511271415689811,1.0,0.0036101083032490976,833,276,0,1,276,0.8784536077670301,0.8787037189002548
194,gap,tnr_0.5,0.026668933984525914,0.7804265997490589,0.8173455978975033,0.7466986794717887,0.4981949458483754,622,139,211,138,139,0.8784536077670301,0.8787037189002548
194,gap,tnr_0.7,0.048120095530385994,0.7222222222222222,0.85667215815486,0.6242496998799519,0.6859205776173285,520,87,313,190,87,0.8784536077670301,0.8787037189002548
194,gap,robust_balanced,0.044570231328764476,0.7394270122783083,0.8562401263823065,0.6506602641056423,0.6714801444043321,542,91,291,186,91,0.8784536077670301,0.8787037189002548
195,absolute,best_f1,0.34921352213815304,0.8616803278688525,0.7652411282984531,0.9859320046893317,0.13131313131313133,841,258,12,39,258,0.8982289443694498,0.8984205437639036
195,absolute,tnr_0.5,0.47978406220422365,0.8372900984365953,0.8272311212814645,0.8475967174677609,0.49158249158249157,723,151,130,146,151,0.8982289443694498,0.8984205437639036
195,absolute,tnr_0.7,0.5505529232665857,0.7616546290216678,0.8656716417910447,0.6799531066822978,0.696969696969697,580,90,273,207,90,0.8982289443694498,0.8984205437639036
195,absolute,robust_balanced,0.5495953464415451,0.7660130718954249,0.8655834564254062,0.6869871043376319,0.6936026936026936,586,91,267,206,91,0.8982289443694498,0.8984205437639036
195,gap,best_f1,7.786060185943633e-05,0.8525737131434283,0.7430313588850174,1.0,0.006734006734006734,853,295,0,2,295,0.8640774361589462,0.8643372761784012
195,gap,tnr_0.5,0.026668933984525914,0.7591687041564792,0.7931034482758621,0.7280187573270809,0.45454545454545453,621,162,232,135,162,0.8640774361589462,0.8643372761784012
195,gap,tnr_0.7,0.048120095530385994,0.7030716723549488,0.8415032679738562,0.6037514654161782,0.6734006734006734,515,97,338,200,97,0.8640774361589462,0.8643372761784012
195,gap,robust_balanced,0.044570231328764476,0.7112010796221323,0.8378378378378378,0.6178194607268465,0.6565656565656566,527,102,326,195,102,0.8640774361589462,0.8643372761784012
196,absolute,best_f1,0.34921352213815304,0.8613445378151261,0.7728557964184731,0.9727164887307236,0.1423487544483986,820,241,23,40,241,0.88216489212859,0.8824263914832553
196,absolute,tnr_0.5,0.47978406220422365,0.8087167070217918,0.8257107540173053,0.7924080664294187,0.498220640569395,668,141,175,140,141,0.88216489212859,0.8824263914832553
196,absolute,tnr_0.7,0.5505529232665857,0.7061281337047354,0.8549747048903878,0.6014234875444839,0.693950177935943,507,86,336,195,86,0.88216489212859,0.8824263914832553
196,absolute,robust_balanced,0.5495953464415451,0.7074357192494788,0.8540268456375839,0.6037959667852907,0.6903914590747331,509,87,334,194,87,0.88216489212859,0.8824263914832553
196,gap,best_f1,7.786060185943633e-05,0.8571428571428571,0.75,1.0,0.0,843,281,0,0,281,0.8719972448041203,0.872218645240664
196,gap,tnr_0.5,0.026668933984525914,0.7596513075965131,0.799475753604194,0.7236061684460261,0.4555160142348754,610,153,233,128,153,0.8719972448041203,0.872218645240664
196,gap,tnr_0.7,0.048120095530385994,0.6940766550522648,0.8412162162162162,0.5907473309608541,0.6654804270462633,498,94,345,187,94,0.8719972448041203,0.872218645240664
196,gap,robust_balanced,0.044570231328764476,0.7071672354948806,0.8327974276527331,0.6144721233689205,0.6298932384341637,518,104,325,177,104,0.8719972448041203,0.872218645240664
197,absolute,best_f1,0.34921352213815304,0.8717666483214089,0.7772325809617272,0.9924812030075187,0.18928571428571428,792,227,6,53,227,0.8906316007337828,0.8909065432325253
197,absolute,tnr_0.5,0.47978406220422365,0.8186462324393359,0.8346354166666666,0.8032581453634086,0.5464285714285714,641,127,157,153,127,0.8906316007337828,0.8909065432325253
197,absolute,tnr_0.7,0.5505529232665857,0.6992481203007519,0.8740601503759399,0.5827067669172933,0.7607142857142857,465,67,333,213,67,0.8906316007337828,0.8909065432325253
197,absolute,robust_balanced,0.5495953464415451,0.7016491754122939,0.8731343283582089,0.5864661654135338,0.7571428571428571,468,68,330,212,68,0.8906316007337828,0.8909065432325253
197,gap,best_f1,7.786060185943633e-05,0.8516542155816436,0.741635687732342,1.0,0.007142857142857143,798,278,0,2,278,0.8613799791128286,0.8616675380590644
197,gap,tnr_0.5,0.026668933984525914,0.734006734006734,0.7933042212518195,0.6829573934837093,0.4928571428571429,545,142,253,138,142,0.8613799791128286,0.8616675380590644
197,gap,tnr_0.7,0.048120095530385994,0.681203007518797,0.8515037593984962,0.5676691729323309,0.7178571428571429,453,79,345,201,79,0.8613799791128286,0.8616675380590644
197,gap,robust_balanced,0.044570231328764476,0.6919079435783222,0.848816029143898,0.5839598997493735,0.7035714285714286,466,83,332,197,83,0.8613799791128286,0.8616675380590644
198,absolute,best_f1,0.34921352213815304,0.8793195108984583,0.7951923076923076,0.9833531510107015,0.16796875,827,213,14,43,213,0.8854734424643054,0.885749786857161
198,absolute,tnr_0.5,0.47978406220422365,0.8264563106796117,0.8438661710037175,0.8097502972651606,0.5078125,681,126,160,130,126,0.8854734424643054,0.885749786857161
198,absolute,tnr_0.7,0.5505529232665857,0.7386286490156144,0.8607594936708861,0.6468489892984542,0.65625,544,88,297,168,88,0.8854734424643054,0.885749786857161
198,absolute,robust_balanced,0.5495953464415451,0.7432432432432432,0.8607198748043818,0.6539833531510107,0.65234375,550,89,291,167,89,0.8854734424643054,0.885749786857161
198,gap,best_f1,7.786060185943633e-05,0.8697001034126164,0.7694419030192132,1.0,0.015625,841,252,0,4,252,0.8913098566034993,0.8915115523199455
198,gap,tnr_0.5,0.026668933984525914,0.7677293428757319,0.8477011494252874,0.7015457788347206,0.5859375,590,106,251,150,106,0.8913098566034993,0.8915115523199455
198,gap,tnr_0.7,0.048120095530385994,0.6894049346879536,0.8845437616387337,0.5648038049940547,0.7578125,475,62,366,194,62,0.8913098566034993,0.8915115523199455
198,gap,robust_balanced,0.044570231328764476,0.7130681818181818,0.8853615520282186,0.5969084423305588,0.74609375,502,65,339,191,65,0.8913098566034993,0.8915115523199455
199,absolute,best_f1,0.34921352213815304,0.8687830687830688,0.7745283018867924,0.9891566265060241,0.14336917562724014,821,239,9,40,239,0.8743535435550528,0.8746471602379514
199,absolute,tnr_0.5,0.47978406220422365,0.8026796589524969,0.8115763546798029,0.7939759036144578,0.45161290322580644,659,153,171,126,153,0.8743535435550528,0.8746471602379514
199,absolute,tnr_0.7,0.5505529232665857,0.7155835080363382,0.8519134775374376,0.6168674698795181,0.6810035842293907,512,89,318,190,89,0.8743535435550528,0.8746471602379514
199,absolute,robust_balanced,0.5495953464415451,0.7195546276965901,0.8517298187808896,0.6228915662650603,0.6774193548387096,517,90,313,189,90,0.8743535435550528,0.8746471602379514
199,gap,best_f1,7.786060185943633e-05,0.8561113976276431,0.7484220018034266,1.0,0.0,830,279,0,0,279,0.8544825753959603,0.8547388590734528
199,gap,tnr_0.5,0.026668933984525914,0.7257328990228012,0.7900709219858156,0.6710843373493975,0.46953405017921146,557,148,273,131,148,0.8544825753959603,0.8547388590734528
199,gap,tnr_0.7,0.048120095530385994,0.658321060382916,0.8465909090909091,0.5385542168674698,0.7096774193548387,447,81,383,198,81,0.8544825753959603,0.8547388590734528
199,gap,robust_balanced,0.044570231328764476,0.6748732802317161,0.8457350272232305,0.5614457831325301,0.6953405017921147,466,85,364,194,85,0.8544825753959603,0.8547388590734528
200,absolute,best_f1,0.34921352213815304,0.8707264957264957,0.7859209257473481,0.9760479041916168,0.12598425196850394,815,222,20,32,222,0.8858619558477905,0.8862133698314644
200,absolute,tnr_0.5,0.47978406220422365,0.8320194057004245,0.8427518427518428,0.8215568862275449,0.49606299212598426,686,128,149,126,128,0.8858619558477905,0.8862133698314644
200,absolute,tnr_0.7,0.5505529232665857,0.7339322736696614,0.8676470588235294,0.6359281437125749,0.6811023622047244,531,81,304,173,81,0.8858619558477905,0.8862133698314644
200,absolute,robust_balanced,0.5495953464415451,0.7382920110192838,0.8687196110210696,0.6419161676646706,0.6811023622047244,536,81,299,173,81,0.8858619558477905,0.8862133698314644
200,gap,best_f1,7.786060185943633e-05,0.8688865764828304,0.7681692732290708,1.0,0.007874015748031496,835,252,0,2,252,0.8920519346483382,0.8922322543501482
200,gap,tnr_0.5,0.026668933984525914,0.7622107969151671,0.8224687933425797,0.7101796407185629,0.49606299212598426,593,128,242,126,128,0.8920519346483382,0.8922322543501482
200,gap,tnr_0.7,0.048120095530385994,0.6865454545454546,0.8740740740740741,0.5652694610778443,0.7322834645669292,472,68,363,186,68,0.8920519346483382,0.8922322543501482
200,gap,robust_balanced,0.044570231328764476,0.7069701280227596,0.8704028021015762,0.5952095808383233,0.7086614173228346,497,74,338,180,74,0.8920519346483382,0.8922322543501482
201,absolute,best_f1,0.34921352213815304,0.8622174381054898,0.7687140115163148,0.9816176470588235,0.1423487544483986,801,241,15,40,241,0.8732945743095376,0.8736511927669581
201,absolute,tnr_0.5,0.47978406220422365,0.8317929759704251,0.8364312267657993,0.8272058823529411,0.5302491103202847,675,132,141,149,132,0.8732945743095376,0.8736511927669581
201,absolute,tnr_0.7,0.5505529232665857,0.7347795661301609,0.8564437194127243,0.6433823529411765,0.6868327402135231,525,88,291,193,88,0.8732945743095376,0.8736511927669581
201,absolute,robust_balanced,0.5495953464415451,0.7421820708825573,0.8571428571428571,0.6544117647058824,0.6832740213523132,534,89,282,192,89,0.8732945743095376,0.8736511927669581
201,gap,best_f1,7.786060185943633e-05,0.8540031397174255,0.7452054794520548,1.0,0.0071174377224199285,816,279,0,2,279,0.849965084744694,0.8502776043562288
201,gap,tnr_0.5,0.026668933984525914,0.7504835589941973,0.7918367346938775,0.7132352941176471,0.4555160142348754,582,153,234,128,153,0.849965084744694,0.8502776043562288
201,gap,tnr_0.7,0.048120095530385994,0.6792452830188679,0.8327402135231317,0.5735294117647058,0.6654804270462633,468,94,348,187,94,0.849965084744694,0.8502776043562288
201,gap,robust_balanced,0.044570231328764476,0.696085409252669,0.830220713073005,0.5992647058823529,0.6441281138790036,489,100,327,181,100,0.849965084744694,0.8502776043562288
202,absolute,best_f1,0.34921352213815304,0.8591983556012333,0.7620783956244302,0.9846878680800942,0.1,836,261,13,29,261,0.8940129181172527,0.8943126490338968
202,absolute,tnr_0.5,0.47978406220422365,0.816884661117717,0.8247298919567827,0.8091872791519434,0.496551724137931,687,146,162,144,146,0.8940129181172527,0.8943126490338968
202,absolute,tnr_0.7,0.5505529232665857,0.7337440109514032,0.8758169934640523,0.6313309776207303,0.7379310344827587,536,76,313,214,76,0.8940129181172527,0.8943126490338968
202,absolute,robust_balanced,0.5495953464415451,0.7363387978142076,0.8764227642276423,0.6348645465253239,0.7379310344827587,539,76,310,214,76,0.8940129181172527,0.8943126490338968
202,gap,best_f1,7.786060185943633e-05,0.8545546049320584,0.7460456942003515,1.0,0.0034482758620689655,849,289,0,1,289,0.871665274735058,0.8719444858299799
202,gap,tnr_0.5,0.026668933984525914,0.7725587144622992,0.812743823146944,0.7361601884570083,0.503448275862069,625,144,224,146,144,0.871665274735058,0.8719444858299799
202,gap,tnr_0.7,0.048120095530385994,0.7065368567454798,0.8624787775891342,0.5983510011778563,0.7206896551724138,508,81,341,209,81,0.871665274735058,0.8719444858299799
202,gap,robust_balanced,0.044570231328764476,0.7296195652173914,0.8619582664526485,0.6325088339222615,0.7034482758620689,537,86,312,204,86,0.871665274735058,0.8719444858299799
203,absolute,best_f1,0.34921352213815304,0.8597430406852249,0.7662213740458015,0.9792682926829268,0.13120567375886524,803,245,17,37,245,0.8566234089865572,0.8569490126827941
203,absolute,tnr_0.5,0.47978406220422365,0.804953560371517,0.8176100628930818,0.7926829268292683,0.4858156028368794,650,145,170,137,145,0.8566234089865572,0.8569490126827941
203,absolute,tnr_0.7,0.5505529232665857,0.6898550724637681,0.85,0.5804878048780487,0.7021276595744681,476,84,344,198,84,0.8566234089865572,0.8569490126827941
203,absolute,robust_balanced,0.5495953464415451,0.6921965317919075,0.849290780141844,0.5841463414634146,0.6985815602836879,479,85,341,197,85,0.8566234089865572,0.8569490126827941
203,gap,best_f1,7.786060185943633e-05,0.8537220197813639,0.7447774750227066,1.0,0.0035460992907801418,820,281,0,1,281,0.8620581653481917,0.8623044761678312
203,gap,tnr_0.5,0.026668933984525914,0.7425997425997426,0.7861035422343324,0.7036585365853658,0.4432624113475177,577,157,243,125,157,0.8620581653481917,0.8623044761678312
203,gap,tnr_0.7,0.048120095530385994,0.6877697841726619,0.8385964912280702,0.5829268292682926,0.6737588652482269,478,92,342,190,92,0.8620581653481917,0.8623044761678312
203,gap,robust_balanced,0.044570231328764476,0.7057991513437057,0.8400673400673401,0.6085365853658536,0.6631205673758865,499,95,321,187,95,0.8620581653481917,0.8623044761678312
204,absolute,best_f1,0.34921352213815304,0.8626402993051844,0.76930409914204,0.9817518248175182,0.12949640287769784,807,242,15,36,242,0.9047241095988147,0.9049602126363501
204,absolute,tnr_0.5,0.47978406220422365,0.8261964735516373,0.856396866840731,0.7980535279805353,0.60431654676259,656,110,166,168,110,0.9047241095988147,0.9049602126363501
204,absolute,tnr_0.7,0.5505529232665857,0.7161764705882353,0.9052044609665427,0.5924574209245742,0.8165467625899281,487,51,335,227,51,0.9047241095988147,0.9049602126363501
204,absolute,robust_balanced,0.5495953464415451,0.7218155197657394,0.90625,0.5997566909975669,0.8165467625899281,493,51,329,227,51,0.9047241095988147,0.9049602126363501
204,gap,best_f1,7.786060185943633e-05,0.855804268610099,0.7479526842584168,1.0,0.0035971223021582736,822,277,0,1,277,0.8876195724611405,0.8878302527880462
204,gap,tnr_0.5,0.026668933984525914,0.7579908675799086,0.8171589310829818,0.7068126520681265,0.5323741007194245,581,130,241,148,130,0.8876195724611405,0.8878302527880462
204,gap,tnr_0.7,0.048120095530385994,0.6932153392330384,0.8801498127340824,0.5717761557177615,0.7697841726618705,470,64,352,214,64,0.8876195724611405,0.8878302527880462
204,gap,robust_balanced,0.044570231328764476,0.7054545454545454,0.8770343580470162,0.5900243309002433,0.7553956834532374,485,68,337,210,68,0.8876195724611405,0.8878302527880462
205,absolute,best_f1,0.34921352213815304,0.8765957446808511,0.7870105062082139,0.9891956782713085,0.138996138996139,824,223,9,36,223,0.8891201230114496,0.8894042042140305
205,absolute,tnr_0.5,0.47978406220422365,0.8220858895705522,0.8406524466750314,0.8043217286914766,0.5096525096525096,670,127,163,132,127,0.8891201230114496,0.8894042042140305
205,absolute,tnr_0.7,0.5505529232665857,0.7364016736401674,0.8785357737104825,0.6338535414165666,0.7181467181467182,528,73,305,186,73,0.8891201230114496,0.8894042042140305
205,absolute,robust_balanced,0.5495953464415451,0.7399165507649513,0.8793388429752066,0.6386554621848739,0.7181467181467182,532,73,301,186,73,0.8891201230114496,0.8894042042140305
205,gap,best_f1,7.786060185943633e-05,0.8654545454545455,0.7628205128205128,1.0,0.0,833,259,0,0,259,0.8866370439024763,0.8868522975024943
205,gap,tnr_0.5,0.026668933984525914,0.7835443037974683,0.8286479250334672,0.7430972388955582,0.5057915057915058,619,128,214,131,128,0.8866370439024763,0.8868522975024943
205,gap,tnr_0.7,0.048120095530385994,0.7025089605734767,0.8718861209964412,0.5882352941176471,0.722007722007722,490,72,343,187,72,0.8866370439024763,0.8868522975024943
205,gap,robust_balanced,0.044570231328764476,0.725228390723823,0.8745762711864407,0.6194477791116446,0.7142857142857143,516,74,317,185,74,0.8866370439024763,0.8868522975024943
206,absolute,best_f1,0.34921352213815304,0.8579175704989154,0.7613089509143407,0.9826086956521739,0.16498316498316498,791,248,14,49,248,0.90138335204499,0.9015807079653777
206,absolute,tnr_0.5,0.47978406220422365,0.8102893890675241,0.84,0.782608695652174,0.5959595959595959,630,120,175,177,120,0.90138335204499,0.9015807079653777
206,absolute,tnr_0.7,0.5505529232665857,0.7096774193548387,0.8958333333333334,0.5875776397515527,0.8148148148148148,473,55,332,242,55,0.90138335204499,0.9015807079653777
206,absolute,robust_balanced,0.5495953464415451,0.7124719940253921,0.8932584269662921,0.5925465838509317,0.8080808080808081,477,57,328,240,57,0.90138335204499,0.9015807079653777
206,gap,best_f1,7.786060185943633e-05,0.844700944386149,0.7311534968210718,1.0,0.003367003367003367,805,296,0,1,296,0.8738113398249029,0.874003890858561
206,gap,tnr_0.5,0.026668933984525914,0.7468770545693623,0.7932960893854749,0.7055900621118012,0.5016835016835017,568,148,237,149,148,0.8738113398249029,0.874003890858561
206,gap,tnr_0.7,0.048120095530385994,0.6857562408223201,0.8384201077199281,0.5801242236024845,0.696969696969697,467,90,338,207,90,0.8738113398249029,0.874003890858561
206,gap,robust_balanced,0.044570231328764476,0.6970354302241504,0.8339100346020761,0.5987577639751552,0.6767676767676768,482,96,323,201,96,0.8738113398249029,0.874003890858561
207,absolute,best_f1,0.34921352213815304,0.8658410732714138,0.7711397058823529,0.9870588235294118,0.11387900355871886,839,249,11,32,249,0.900838694341279,0.9010519436660426
207,absolute,tnr_0.5,0.47978406220422365,0.8197501487209994,0.8291215403128761,0.8105882352941176,0.49466192170818507,689,142,161,139,142,0.900838694341279,0.9010519436660426
207,absolute,tnr_0.7,0.5505529232665857,0.7496598639455783,0.8887096774193548,0.648235294117647,0.7544483985765125,551,69,299,212,69,0.900838694341279,0.9010519436660426
207,absolute,robust_balanced,0.5495953464415451,0.751696065128901,0.8878205128205128,0.6517647058823529,0.7508896797153025,554,70,296,211,70,0.900838694341279,0.9010519436660426
207,gap,best_f1,7.786060185943633e-05,0.8581524482584554,0.7515473032714411,1.0,0.0,850,281,0,0,281,0.8667142470554102,0.8669856225990887
207,gap,tnr_0.5,0.026668933984525914,0.7605279698302954,0.8164642375168691,0.711764705882353,0.5160142348754448,605,136,245,145,136,0.8667142470554102,0.8669856225990887
207,gap,tnr_0.7,0.048120095530385994,0.6873676781933663,0.8589065255731922,0.5729411764705883,0.7153024911032029,487,80,363,201,80,0.8667142470554102,0.8669856225990887
207,gap,robust_balanced,0.044570231328764476,0.7032661570535094,0.8590831918505942,0.5952941176470589,0.7046263345195729,506,83,344,198,83,0.8667142470554102,0.8669856225990887
208,absolute,best_f1,0.34921352213815304,0.8655597214783074,0.7724665391969407,0.9841656516443362,0.1649122807017544,808,238,13,47,238,0.8634251877896876,0.8637396963421745
208,absolute,tnr_0.5,0.47978406220422365,0.7913312693498452,0.8047858942065491,0.7783191230207065,0.45614035087719296,639,155,182,130,155,0.8634251877896876,0.8637396963421745
208,absolute,tnr_0.7,0.5505529232665857,0.6788321167883211,0.8469945355191257,0.5663824604141291,0.7052631578947368,465,84,356,201,84,0.8634251877896876,0.8637396963421745
208,absolute,robust_balanced,0.5495953464415451,0.6831395348837209,0.8468468468468469,0.5724725943970768,0.7017543859649122,470,85,351,200,85,0.8634251877896876,0.8637396963421745
208,gap,best_f1,7.786060185943633e-05,0.8534303534303534,0.7443336355394379,1.0,0.010526315789473684,821,282,0,3,282,0.8596741456818662,0.8599850594470767
208,gap,tnr_0.5,0.026668933984525914,0.7473821989528796,0.8076379066478077,0.6954933008526187,0.5228070175438596,571,136,250,149,136,0.8596741456818662,0.8599850594470767
208,gap,tnr_0.7,0.048120095530385994,0.685131195335277,0.852994555353902,0.5724725943970768,0.7157894736842105,470,81,351,204,81,0.8596741456818662,0.8599850594470767
208,gap,robust_balanced,0.044570231328764476,0.7020057306590258,0.8521739130434782,0.5968331303288672,0.7017543859649122,490,85,331,200,85,0.8596741456818662,0.8599850594470767
209,absolute,best_f1,0.34921352213815304,0.8761904761904762,0.7878211227402474,0.9868891537544696,0.11507936507936507,828,223,11,29,223,0.8953440410783928,0.8956567925887464
209,absolute,tnr_0.5,0.47978406220422365,0.8250904704463209,0.8351648351648352,0.8152562574493445,0.4642857142857143,684,135,155,117,135,0.8953440410783928,0.8956567925887464
209,absolute,tnr_0.7,0.5505529232665857,0.7348066298342542,0.8735632183908046,0.634088200238379,0.6944444444444444,532,77,307,175,77,0.8953440410783928,0.8956567925887464
209,absolute,robust_balanced,0.5495953464415451,0.736551724137931,0.8739770867430442,0.636471990464839,0.6944444444444444,534,77,305,175,77,0.8953440410783928,0.8956567925887464
209,gap,best_f1,7.786060185943633e-05,0.8698807672369103,0.7697247706422018,1.0,0.003968253968253968,839,251,0,1,251,0.8777391920052152,0.8780027441021792
209,gap,tnr_0.5,0.026668933984525914,0.745608327911516,0.8209169054441261,0.6829558998808105,0.503968253968254,573,125,266,127,125,0.8777391920052152,0.8780027441021792
209,gap,tnr_0.7,0.048120095530385994,0.6725018234865062,0.8665413533834586,0.5494636471990465,0.7182539682539683,461,71,378,181,71,0.8777391920052152,0.8780027441021792
209,gap,robust_balanced,0.044570231328764476,0.6877697841726619,0.867513611615245,0.5697258641239571,0.7103174603174603,478,73,361,179,73,0.8777391920052152,0.8780027441021792
210,absolute,best_f1,0.34921352213815304,0.8624338624338624,0.7659774436090225,0.986682808716707,0.11071428571428571,815,249,11,31,249,0.8762395497588611,0.8765831943557713
210,absolute,tnr_0.5,0.47978406220422365,0.8339350180505415,0.8289473684210527,0.8389830508474576,0.48928571428571427,693,143,133,137,143,0.8762395497588611,0.8765831943557713
210,absolute,tnr_0.7,0.5505529232665857,0.7430555555555556,0.8713355048859935,0.6476997578692494,0.7178571428571429,535,79,291,201,79,0.8762395497588611,0.8765831943557713
210,absolute,robust_balanced,0.5495953464415451,0.7472375690607734,0.8697749196141479,0.6549636803874092,0.7107142857142857,541,81,285,199,81,0.8762395497588611,0.8765831943557713
210,gap,best_f1,7.786060185943633e-05,0.855072463768116,0.7468354430379747,1.0,0.0,826,280,0,0,280,0.8778426709172281,0.8780492763839985
210,gap,tnr_0.5,0.026668933984525914,0.7686472819216182,0.8042328042328042,0.7360774818401937,0.4714285714285714,608,148,218,132,148,0.8778426709172281,0.8780492763839985
210,gap,tnr_0.7,0.048120095530385994,0.7115789473684211,0.8464106844741235,0.6138014527845036,0.6714285714285714,507,92,319,188,92,0.8778426709172281,0.8780492763839985
210,gap,robust_balanced,0.044570231328764476,0.7286501377410468,0.8450479233226837,0.6404358353510896,0.6535714285714286,529,97,297,183,97,0.8778426709172281,0.8780492763839985
211,absolute,best_f1,0.34921352213815304,0.8579059829059829,0.7625830959164293,0.9804639804639804,0.11971830985915492,803,250,16,34,250,0.8815106481631512,0.881772670467377
211,absolute,tnr_0.5,0.47978406220422365,0.828002414001207,0.8186157517899761,0.8376068376068376,0.4647887323943662,686,152,133,132,152,0.8815106481631512,0.881772670467377
211,absolute,tnr_0.7,0.5505529232665857,0.7330063069376314,0.8601973684210527,0.6385836385836385,0.7007042253521126,523,85,296,199,85,0.8815106481631512,0.881772670467377
211,absolute,robust_balanced,0.5495953464415451,0.7386759581881533,0.8603896103896104,0.6471306471306472,0.6971830985915493,530,86,289,198,86,0.8815106481631512,0.881772670467377
211,gap,best_f1,7.786060185943633e-05,0.8526808953669963,0.7431941923774955,1.0,0.0035211267605633804,819,283,0,1,283,0.8458176771950946,0.8461397112221112
211,gap,tnr_0.5,0.026668933984525914,0.7373211963589077,0.7885952712100139,0.6923076923076923,0.4647887323943662,567,152,252,132,152,0.8458176771950946,0.8461397112221112
211,gap,tnr_0.7,0.048120095530385994,0.6700507614213198,0.825,0.5641025641025641,0.6549295774647887,462,98,357,186,98,0.8458176771950946,0.8461397112221112
211,gap,robust_balanced,0.044570231328764476,0.6894586894586895,0.8273504273504273,0.590964590964591,0.6443661971830986,484,101,335,183,101,0.8458176771950946,0.8461397112221112
212,absolute,best_f1,0.34921352213815304,0.8745367919534145,0.7844254510921178,0.9880382775119617,0.16236162361623616,826,227,10,44,227,0.9056854316930345,0.9058632580363664
212,absolute,tnr_0.5,0.47978406220422365,0.8162522741055185,0.8277982779827798,0.8050239234449761,0.4833948339483395,673,140,163,131,140,0.9056854316930345,0.9058632580363664
212,absolute,tnr_0.7,0.5505529232665857,0.7332402234636871,0.8808724832214765,0.6279904306220095,0.7380073800738007,525,71,311,200,71,0.9056854316930345,0.9058632580363664
212,absolute,robust_balanced,0.5495953464415451,0.7383761276891048,0.8793388429752066,0.6363636363636364,0.7306273062730627,532,73,304,198,73,0.9056854316930345,0.9058632580363664
212,gap,best_f1,7.786060185943633e-05,0.8614116434827409,0.7565610859728507,1.0,0.007380073800738007,836,269,0,2,269,0.88587669700911,0.886068446167748
212,gap,tnr_0.5,0.026668933984525914,0.7797246558197747,0.8175853018372703,0.7452153110047847,0.4870848708487085,623,139,213,132,139,0.88587669700911,0.886068446167748
212,gap,tnr_0.7,0.048120095530385994,0.7129824561403508,0.8624787775891342,0.6076555023923444,0.7011070110701108,508,81,328,190,81,0.88587669700911,0.886068446167748
212,gap,robust_balanced,0.044570231328764476,0.7359781121751026,0.8594249201277955,0.6435406698564593,0.6752767527675276,538,88,298,183,88,0.88587669700911,0.886068446167748
213,absolute,best_f1,0.34921352213815304,0.8732984293193717,0.7838345864661654,0.9858156028368794,0.13857677902621723,834,230,12,37,230,0.8662593965316552,0.8666719403195843
213,absolute,tnr_0.5,0.47978406220422365,0.8285547103569338,0.8203939745075318,0.8368794326241135,0.41947565543071164,708,155,138,112,155,0.8662593965316552,0.8666719403195843
213,absolute,tnr_0.7,0.5505529232665857,0.7137907137907138,0.8626465661641541,0.6087470449172577,0.6928838951310862,515,82,331,185,82,0.8662593965316552,0.8666719403195843
213,absolute,robust_balanced,0.5495953464415451,0.7181254307374225,0.8611570247933884,0.6158392434988179,0.6853932584269663,521,84,325,183,84,0.8662593965316552,0.8666719403195843
213,gap,best_f1,7.786060185943633e-05,0.86414708886619,0.7607913669064749,1.0,0.003745318352059925,846,266,0,1,266,0.870463526957036,0.8707181556995842
213,gap,tnr_0.5,0.026668933984525914,0.7441860465116279,0.8205128205128205,0.6808510638297872,0.5280898876404494,576,126,270,141,126,0.870463526957036,0.8707181556995842
213,gap,tnr_0.7,0.048120095530385994,0.6743682310469314,0.8664192949907236,0.5520094562647754,0.7303370786516854,467,72,379,195,72,0.870463526957036,0.8707181556995842
213,gap,robust_balanced,0.044570231328764476,0.6908831908831908,0.8691756272401434,0.5732860520094563,0.7265917602996255,485,73,361,194,73,0.870463526957036,0.8707181556995842
214,absolute,best_f1,0.34921352213815304,0.8643630737493554,0.7695133149678605,0.9858823529411764,0.15202702702702703,838,251,12,45,251,0.8932643912229786,0.8934614165759431
214,absolute,tnr_0.5,0.47978406220422365,0.8236686390532545,0.8285714285714286,0.8188235294117647,0.5135135135135135,696,144,154,152,144,0.8932643912229786,0.8934614165759431
214,absolute,tnr_0.7,0.5505529232665857,0.7194539249146757,0.8569105691056911,0.62,0.7027027027027027,527,88,323,208,88,0.8932643912229786,0.8934614165759431
214,absolute,robust_balanced,0.5495953464415451,0.720217835262083,0.8546042003231018,0.6223529411764706,0.6959459459459459,529,90,321,206,90,0.8932643912229786,0.8934614165759431
214,gap,best_f1,7.786060185943633e-05,0.8525576730190572,0.743006993006993,1.0,0.006756756756756757,850,294,0,2,294,0.8791110458322103,0.8793300576425899
214,gap,tnr_0.5,0.026668933984525914,0.7679012345679013,0.8077922077922078,0.731764705882353,0.5,622,148,228,148,148,0.8791110458322103,0.8793300576425899
214,gap,tnr_0.7,0.048120095530385994,0.7168508287292817,0.8678929765886287,0.6105882352941177,0.7331081081081081,519,79,331,217,79,0.8791110458322103,0.8793300576425899
214,gap,robust_balanced,0.044570231328764476,0.7331975560081466,0.8667736757624398,0.6352941176470588,0.7195945945945946,540,83,310,213,83,0.8791110458322103,0.8793300576425899
215,absolute,best_f1,0.34921352213815304,0.8624143384290985,0.768796992481203,0.9819927971188476,0.1368421052631579,818,246,15,39,246,0.8609248715252753,0.8612723228033352
215,absolute,tnr_0.5,0.47978406220422365,0.8200483091787439,0.8250303766707169,0.8151260504201681,0.49473684210526314,679,144,154,141,144,0.8609248715252753,0.8612723228033352
215,absolute,tnr_0.7,0.5505529232665857,0.710617626648161,0.8421052631578947,0.6146458583433373,0.6631578947368421,512,96,321,189,96,0.8609248715252753,0.8612723228033352
215,absolute,robust_balanced,0.5495953464415451,0.7145818935729095,0.8420195439739414,0.6206482593037215,0.6596491228070176,517,97,316,188,97,0.8609248715252753,0.8612723228033352
215,gap,best_f1,7.786060185943633e-05,0.8539210661199385,0.7450805008944544,1.0,0.0,833,285,0,0,285,0.8749598294228162,0.8751940552604802
215,gap,tnr_0.5,0.026668933984525914,0.7843866171003717,0.8104993597951344,0.7599039615846338,0.4807017543859649,633,148,200,137,148,0.8749598294228162,0.8751940552604802
215,gap,tnr_0.7,0.048120095530385994,0.7131891137473831,0.8516666666666667,0.6134453781512605,0.6877192982456141,511,89,322,196,89,0.8749598294228162,0.8751940552604802
215,gap,robust_balanced,0.044570231328764476,0.7396329027872196,0.8526645768025078,0.6530612244897959,0.6701754385964912,544,94,289,191,94,0.8749598294228162,0.8751940552604802
216,absolute,best_f1,0.34921352213815304,0.8592592592592593,0.7624413145539906,0.9842424242424243,0.10915492957746478,812,253,13,31,253,0.8629178607201933,0.8632123404521255
216,absolute,tnr_0.5,0.47978406220422365,0.8012084592145015,0.7987951807228916,0.8036363636363636,0.4119718309859155,663,167,162,117,167,0.8629178607201933,0.8632123404521255
216,absolute,tnr_0.7,0.5505529232665857,0.695591322603219,0.8228476821192053,0.6024242424242424,0.6232394366197183,497,107,328,177,107,0.8629178607201933,0.8632123404521255
216,absolute,robust_balanced,0.5495953464415451,0.6955307262569832,0.8204283360790774,0.6036363636363636,0.6161971830985915,498,109,327,175,109,0.8629178607201933,0.8632123404521255
216,gap,best_f1,7.786060185943633e-05,0.8540372670807453,0.7452574525745257,1.0,0.007042253521126761,825,282,0,2,282,0.8679174095096249,0.8681732405694405
216,gap,tnr_0.5,0.026668933984525914,0.7607440667094291,0.8079019073569482,0.7187878787878788,0.5035211267605634,593,141,232,143,141,0.8679174095096249,0.8681732405694405
216,gap,tnr_0.7,0.048120095530385994,0.6903914590747331,0.8362068965517241,0.5878787878787879,0.6654929577464789,485,95,340,189,95,0.8679174095096249,0.8681732405694405
216,gap,robust_balanced,0.044570231328764476,0.7113906359189378,0.8399339933993399,0.616969696969697,0.6584507042253521,509,97,316,187,97,0.8679174095096249,0.8681732405694405
217,absolute,best_f1,0.34921352213815304,0.875,0.7861328125,0.9865196078431373,0.16412213740458015,805,219,11,43,219,0.8992279484328255,0.8994807032596515
217,absolute,tnr_0.5,0.47978406220422365,0.8394296342219467,0.849435382685069,0.8296568627450981,0.5419847328244275,677,120,139,142,120,0.8992279484328255,0.8994807032596515
217,absolute,tnr_0.7,0.5505529232665857,0.7461212976022567,0.8787375415282392,0.6482843137254902,0.7213740458015268,529,73,287,189,73,0.8992279484328255,0.8994807032596515
217,absolute,robust_balanced,0.5495953464415451,0.7468354430379747,0.8762376237623762,0.6507352941176471,0.7137404580152672,531,75,285,187,75,0.8992279484328255,0.8994807032596515
217,gap,best_f1,7.786060185943633e-05,0.8625792811839323,0.758364312267658,1.0,0.007633587786259542,816,260,0,2,260,0.8735767805092675,0.8738611490640892
217,gap,tnr_0.5,0.026668933984525914,0.7701298701298701,0.819060773480663,0.7267156862745098,0.5,593,131,223,131,131,0.8735767805092675,0.8738611490640892
217,gap,tnr_0.7,0.048120095530385994,0.7095375722543352,0.8644366197183099,0.6017156862745098,0.7061068702290076,491,77,325,185,77,0.8735767805092675,0.8738611490640892
217,gap,robust_balanced,0.044570231328764476,0.7231316725978648,0.8624787775891342,0.6225490196078431,0.6908396946564885,508,81,308,181,81,0.8735767805092675,0.8738611490640892
218,absolute,best_f1,0.34921352213815304,0.8783855549654807,0.7906309751434034,0.98805256869773,0.20652173913043478,827,219,10,57,219,0.892561451305682,0.8928805236005367
218,absolute,tnr_0.5,0.47978406220422365,0.8373235113566605,0.8611111111111112,0.8148148148148148,0.6014492753623188,682,110,155,166,110,0.892561451305682,0.8928805236005367
218,absolute,tnr_0.7,0.5505529232665857,0.7316735822959889,0.8686371100164204,0.6320191158900836,0.7101449275362319,529,80,308,196,80,0.892561451305682,0.8928805236005367
218,absolute,robust_balanced,0.5495953464415451,0.7346657477601654,0.8680781758957655,0.6367980884109916,0.7065217391304348,533,81,304,195,81,0.892561451305682,0.8928805236005367
218,gap,best_f1,7.786060185943633e-05,0.8589020010261673,0.7526978417266187,1.0,0.0036231884057971015,837,275,0,1,275,0.8740860044651044,0.8743339632900434
218,gap,tnr_0.5,0.026668933984525914,0.77625,0.8138925294888598,0.7419354838709677,0.4855072463768116,621,142,216,134,142,0.8740860044651044,0.8743339632900434
218,gap,tnr_0.7,0.048120095530385994,0.7066290550070522,0.8623063683304647,0.5985663082437276,0.7101449275362319,501,80,336,196,80,0.8740860044651044,0.8743339632900434
218,gap,robust_balanced,0.044570231328764476,0.7322780454232622,0.8636363636363636,0.6356033452807647,0.6956521739130435,532,84,305,192,84,0.8740860044651044,0.8743339632900434
219,absolute,best_f1,0.34921352213815304,0.8623265741728922,0.7644276253547777,0.988984088127295,0.15017064846416384,808,249,9,44,249,0.8458943655325971,0.8463568587752434
219,absolute,tnr_0.5,0.47978406220422365,0.7911001236093943,0.7990012484394506,0.7833537331701347,0.45051194539249145,640,161,177,132,161,0.8458943655325971,0.8463568587752434
219,absolute,tnr_0.7,0.5505529232665857,0.6906993511175198,0.8403508771929824,0.5862913096695227,0.689419795221843,479,91,338,202,91,0.8458943655325971,0.8463568587752434
219,absolute,robust_balanced,0.5495953464415451,0.6949030868628858,0.8402777777777778,0.5924112607099143,0.6860068259385665,484,92,333,201,92,0.8458943655325971,0.8463568587752434
219,gap,best_f1,7.786060185943633e-05,0.8483904465212876,0.7366997294860235,1.0,0.0034129692832764505,817,292,0,1,292,0.8462283516825793,0.8465678843575127
219,gap,tnr_0.5,0.026668933984525914,0.7378640776699029,0.782967032967033,0.6976744186046512,0.46075085324232085,570,158,247,135,158,0.8462283516825793,0.8465678843575127
219,gap,tnr_0.7,0.048120095530385994,0.6863734679163662,0.8350877192982457,0.5826193390452876,0.6791808873720137,476,94,341,199,94,0.8462283516825793,0.8465678843575127
219,gap,robust_balanced,0.044570231328764476,0.7043847241867044,0.8341708542713567,0.609547123623011,0.6621160409556314,498,99,319,194,99,0.8462283516825793,0.8465678843575127
220,absolute,best_f1,0.34921352213815304,0.8598233995584988,0.7667322834645669,0.9786432160804021,0.10566037735849057,779,237,17,28,237,0.8884105108676368,0.8886505271378359
220,absolute,tnr_0.5,0.47978406220422365,0.8192771084337349,0.8271446862996159,0.8115577889447236,0.49056603773584906,646,135,150,130,135,0.8884105108676368,0.8886505271378359
220,absolute,tnr_0.7,0.5505529232665857,0.7462257368799425,0.8722689075630252,0.6520100502512562,0.7132075471698113,519,76,277,189,76,0.8884105108676368,0.8886505271378359
220,absolute,robust_balanced,0.5495953464415451,0.7525035765379113,0.8737541528239202,0.6608040201005025,0.7132075471698113,526,76,270,189,76,0.8884105108676368,0.8886505271378359
220,gap,best_f1,7.786060185943633e-05,0.8577586206896551,0.7509433962264151,1.0,0.0037735849056603774,796,264,0,1,264,0.8719275200145208,0.8721475533639951
220,gap,tnr_0.5,0.026668933984525914,0.7521710086840347,0.8031383737517832,0.707286432160804,0.47924528301886793,563,138,233,127,138,0.8719275200145208,0.8721475533639951
220,gap,tnr_0.7,0.048120095530385994,0.6869888475836431,0.8415300546448088,0.5804020100502513,0.6716981132075471,462,87,334,178,87,0.8719275200145208,0.8721475533639951
220,gap,robust_balanced,0.044570231328764476,0.704163623082542,0.8411867364746946,0.6055276381909548,0.6566037735849056,482,91,314,174,91,0.8719275200145208,0.8721475533639951
221,absolute,best_f1,0.34921352213815304,0.8547368421052631,0.7574626865671642,0.9806763285024155,0.1503267973856209,812,260,16,46,260,0.8537917115206636,0.8541614464534297
221,absolute,tnr_0.5,0.47978406220422365,0.7803360298693217,0.8048780487804879,0.7572463768115942,0.5032679738562091,627,152,201,154,152,0.8537917115206636,0.8541614464534297
221,absolute,tnr_0.7,0.5505529232665857,0.6757142857142857,0.8269230769230769,0.571256038647343,0.6764705882352942,473,99,355,207,99,0.8537917115206636,0.8541614464534297
221,absolute,robust_balanced,0.5495953464415451,0.6790035587188612,0.8266897746967071,0.5760869565217391,0.673202614379085,477,100,351,206,100,0.8537917115206636,0.8541614464534297
221,gap,best_f1,7.786060185943633e-05,0.8448979591836735,0.7314487632508834,1.0,0.006535947712418301,828,304,0,2,304,0.8482745219452568,0.8485372560338432
221,gap,tnr_0.5,0.026668933984525914,0.7437185929648241,0.774869109947644,0.714975845410628,0.43790849673202614,592,172,236,134,172,0.8482745219452568,0.8485372560338432
221,gap,tnr_0.7,0.048120095530385994,0.6857942617214835,0.8153078202995009,0.5917874396135265,0.6372549019607843,490,111,338,195,111,0.8482745219452568,0.8485372560338432
221,gap,robust_balanced,0.044570231328764476,0.709501025290499,0.8173228346456692,0.6268115942028986,0.6209150326797386,519,116,309,190,116,0.8482745219452568,0.8485372560338432
222,absolute,best_f1,0.34921352213815304,0.8670820353063343,0.7738646895273401,0.9858323494687131,0.15570934256055363,835,244,12,45,244,0.8567852844986834,0.8572154010957814
222,absolute,tnr_0.5,0.47978406220422365,0.8202443280977313,0.8084862385321101,0.8323494687131051,0.42214532871972316,705,167,142,122,167,0.8567852844986834,0.8572154010957814
222,absolute,tnr_0.7,0.5505529232665857,0.7208527648234511,0.827217125382263,0.6387249114521841,0.6089965397923875,541,113,306,176,113,0.8567852844986834,0.8572154010957814
222,absolute,robust_balanced,0.5495953464415451,0.7212242182302062,0.8262195121951219,0.6399055489964581,0.6055363321799307,542,114,305,175,114,0.8567852844986834,0.8572154010957814
222,gap,best_f1,7.786060185943633e-05,0.8551236749116607,0.7469135802469136,1.0,0.006920415224913495,847,287,0,2,287,0.8587968455632666,0.8591550068518947
222,gap,tnr_0.5,0.026668933984525914,0.7798507462686567,0.823915900131406,0.7402597402597403,0.5363321799307958,627,134,220,155,134,0.8587968455632666,0.8591550068518947
222,gap,tnr_0.7,0.048120095530385994,0.7091412742382271,0.8576214405360134,0.6044864226682408,0.7058823529411765,512,85,335,204,85,0.8587968455632666,0.8591550068518947
222,gap,robust_balanced,0.044570231328764476,0.7269021739130435,0.856,0.6316410861865407,0.6885813148788927,535,90,312,199,90,0.8587968455632666,0.8591550068518947
223,absolute,best_f1,0.34921352213815304,0.8560606060606061,0.7627772420443587,0.9753390875462392,0.13380281690140844,791,246,20,38,246,0.8849053693109373,0.8851832180983784
223,absolute,tnr_0.5,0.47978406220422365,0.8240450845335003,0.8371501272264631,0.8113440197287299,0.5492957746478874,658,128,153,156,128,0.8849053693109373,0.8851832180983784
223,absolute,tnr_0.7,0.5505529232665857,0.7339971550497866,0.8672268907563025,0.6362515413070283,0.721830985915493,516,79,295,205,79,0.8849053693109373,0.8851832180983784
223,absolute,robust_balanced,0.5495953464415451,0.7352732434350603,0.8662207357859532,0.6387176325524044,0.7183098591549296,518,80,293,204,80,0.8849053693109373,0.8851832180983784
223,gap,best_f1,7.786060185943633e-05,0.8514435695538057,0.7413162705667276,1.0,0.0035211267605633804,811,283,0,1,283,0.873310014093706,0.8735390700577572
223,gap,tnr_0.5,0.026668933984525914,0.7561461794019934,0.8198847262247838,0.7016029593094945,0.5598591549295775,569,125,242,159,125,0.873310014093706,0.8735390700577572
223,gap,tnr_0.7,0.048120095530385994,0.696165191740413,0.8660550458715597,0.5819975339087546,0.7429577464788732,472,73,339,211,73,0.873310014093706,0.8735390700577572
223,gap,robust_balanced,0.044570231328764476,0.7209805335255948,0.8680555555555556,0.6165228113440198,0.7323943661971831,500,76,311,208,76,0.873310014093706,0.8735390700577572
224,absolute,best_f1,0.34921352213815304,0.8598625066102591,0.7626641651031895,0.9854545454545455,0.10283687943262411,813,253,12,29,253,0.8801839994426474,0.8804943889886546
224,absolute,tnr_0.5,0.47978406220422365,0.8248043347381095,0.819377990430622,0.8303030303030303,0.4645390070921986,685,151,140,131,151,0.8801839994426474,0.8804943889886546
224,absolute,tnr_0.7,0.5505529232665857,0.7430555555555556,0.8699186991869918,0.6484848484848484,0.7163120567375887,535,80,290,202,80,0.8801839994426474,0.8804943889886546
224,absolute,robust_balanced,0.5495953464415451,0.7437673130193906,0.8675282714054927,0.6509090909090909,0.7092198581560284,537,82,288,200,82,0.8801839994426474,0.8804943889886546
224,gap,best_f1,7.786060185943633e-05,0.8544795442775763,0.7459312839059674,1.0,0.0035460992907801418,825,281,0,1,281,0.8754431139480611,0.8756614667161166
224,gap,tnr_0.5,0.026668933984525914,0.7677543186180422,0.8130081300813008,0.7272727272727273,0.5106382978723404,600,138,225,144,138,0.8754431139480611,0.8756614667161166
224,gap,tnr_0.7,0.048120095530385994,0.6887131560028756,0.8462897526501767,0.5806060606060606,0.6914893617021277,479,87,346,195,87,0.8754431139480611,0.8756614667161166
224,gap,robust_balanced,0.044570231328764476,0.7103594080338267,0.8484848484848485,0.610909090909091,0.6808510638297872,504,90,321,192,90,0.8754431139480611,0.8756614667161166
225,absolute,best_f1,0.34921352213815304,0.8673637864611998,0.7702834799608993,0.9924433249370277,0.12962962962962962,788,235,6,35,235,0.8873414527097289,0.8876041330853134
225,absolute,tnr_0.5,0.47978406220422365,0.8260869565217391,0.8149509803921569,0.8375314861460957,0.44074074074074077,665,151,129,119,151,0.8873414527097289,0.8876041330853134
225,absolute,tnr_0.7,0.5505529232665857,0.7393767705382436,0.8446601941747572,0.6574307304785895,0.6444444444444445,522,96,272,174,96,0.8873414527097289,0.8876041330853134
225,absolute,robust_balanced,0.5495953464415451,0.7464788732394366,0.8466453674121406,0.6675062972292192,0.6444444444444445,530,96,264,174,96,0.8873414527097289,0.8876041330853134
225,gap,best_f1,7.786060185943633e-05,0.8556034482758621,0.7476459510357816,1.0,0.007407407407407408,794,268,0,2,268,0.877301778019047,0.8775682916000644
225,gap,tnr_0.5,0.026668933984525914,0.7741505662891406,0.8217821782178217,0.7317380352644837,0.5333333333333333,581,126,213,144,126,0.877301778019047,0.8775682916000644
225,gap,tnr_0.7,0.048120095530385994,0.7120651369356032,0.8635547576301615,0.6057934508816121,0.7185185185185186,481,76,313,194,76,0.877301778019047,0.8775682916000644
225,gap,robust_balanced,0.044570231328764476,0.7292576419213974,0.8637931034482759,0.6309823677581864,0.7074074074074074,501,79,293,191,79,0.877301778019047,0.8775682916000644
226,absolute,best_f1,0.34921352213815304,0.8706986444212722,0.7760223048327137,0.9916864608076009,0.1453900709219858,835,241,7,41,241,0.877377010861671,0.8777147347276768
226,absolute,tnr_0.5,0.47978406220422365,0.810843373493976,0.8227383863080685,0.7992874109263658,0.4858156028368794,673,145,169,137,145,0.877377010861671,0.8777147347276768
226,absolute,tnr_0.7,0.5505529232665857,0.7358361774744028,0.8651685393258427,0.6401425178147269,0.7021276595744681,539,84,303,198,84,0.877377010861671,0.8777147347276768
226,absolute,robust_balanced,0.5495953464415451,0.7361963190184049,0.864,0.6413301662707839,0.6985815602836879,540,85,302,197,85,0.877377010861671,0.8777147347276768
226,gap,best_f1,7.786060185943633e-05,0.8569974554707379,0.7497773820124666,1.0,0.0035460992907801418,842,281,0,1,281,0.8584843247274101,0.858803350072672
226,gap,tnr_0.5,0.026668933984525914,0.7664370695053225,0.8105960264900662,0.7268408551068883,0.4929078014184397,612,143,230,139,143,0.8584843247274101,0.858803350072672
226,gap,tnr_0.7,0.048120095530385994,0.6812411847672779,0.8385416666666666,0.5736342042755345,0.6702127659574468,483,93,359,189,93,0.8584843247274101,0.858803350072672
226,gap,robust_balanced,0.044570231328764476,0.7056396148555708,0.8382352941176471,0.6092636579572447,0.648936170212766,513,99,329,183,99,0.8584843247274101,0.858803350072672
227,absolute,best_f1,0.34921352213815304,0.8710010319917441,0.7793167128347184,0.9871345029239766,0.17869415807560138,844,239,11,52,239,0.9122899364045797,0.912431240210464
227,absolute,tnr_0.5,0.47978406220422365,0.8244994110718492,0.830367734282325,0.8187134502923976,0.5085910652920962,700,143,155,148,143,0.9122899364045797,0.912431240210464
227,absolute,tnr_0.7,0.5505529232665857,0.7467752885268161,0.889967637540453,0.6432748538011696,0.7663230240549829,550,68,305,223,68,0.9122899364045797,0.912431240210464
227,absolute,robust_balanced,0.5495953464415451,0.7518593644354293,0.8910256410256411,0.6502923976608187,0.7663230240549829,556,68,299,223,68,0.9122899364045797,0.912431240210464
227,gap,best_f1,7.786060185943633e-05,0.855,0.7467248908296943,1.0,0.003436426116838488,855,290,0,1,290,0.8971294172171851,0.8972984842442797
227,gap,tnr_0.5,0.026668933984525914,0.7780517879161529,0.8226857887874837,0.7380116959064328,0.5326460481099656,631,136,224,155,136,0.8971294172171851,0.8972984842442797
227,gap,tnr_0.7,0.048120095530385994,0.7252595155709343,0.888135593220339,0.6128654970760234,0.7731958762886598,524,66,331,225,66,0.8971294172171851,0.8972984842442797
227,gap,robust_balanced,0.044570231328764476,0.7442489851150202,0.8828250401284109,0.6432748538011696,0.7491408934707904,550,73,305,218,73,0.8971294172171851,0.8972984842442797
228,absolute,best_f1,0.34921352213815304,0.8735632183908046,0.7827715355805244,0.9881796690307328,0.08661417322834646,836,232,10,22,232,0.8970927058422916,0.8973480374583199
228,absolute,tnr_0.5,0.47978406220422365,0.8186779866585809,0.8405977584059776,0.7978723404255319,0.49606299212598426,675,128,171,126,128,0.8970927058422916,0.8973480374583199
228,absolute,tnr_0.7,0.5505529232665857,0.7018284106891702,0.8663194444444444,0.5898345153664303,0.6968503937007874,499,77,347,177,77,0.8970927058422916,0.8973480374583199
228,absolute,robust_balanced,0.5495953464415451,0.7071977638015374,0.864957264957265,0.5981087470449172,0.6889763779527559,506,79,340,175,79,0.8970927058422916,0.8973480374583199
228,gap,best_f1,7.786060185943633e-05,0.869475847893114,0.769090909090909,1.0,0.0,846,254,0,0,254,0.8674614554878054,0.8677311048381504
228,gap,tnr_0.5,0.026668933984525914,0.7526746381371932,0.8048452220726783,0.706855791962175,0.42913385826771655,598,145,248,109,145,0.8674614554878054,0.8677311048381504
228,gap,tnr_0.7,0.048120095530385994,0.703678001387925,0.8521008403361344,0.599290780141844,0.6535433070866141,507,88,339,166,88,0.8674614554878054,0.8677311048381504
228,gap,robust_balanced,0.044570231328764476,0.7136986301369863,0.8485342019543974,0.6158392434988179,0.6338582677165354,521,93,325,161,93,0.8674614554878054,0.8677311048381504
229,absolute,best_f1,0.34921352213815304,0.8589540412044374,0.7684310018903592,0.9736526946107784,0.1694915254237288,813,245,22,50,245,0.8986006369674905,0.8988382188726285
229,absolute,tnr_0.5,0.47978406220422365,0.8199139520590043,0.8421717171717171,0.7988023952095809,0.576271186440678,667,125,168,170,125,0.8986006369674905,0.8988382188726285
229,absolute,tnr_0.7,0.5505529232665857,0.7159090909090909,0.8795811518324608,0.6035928143712574,0.7661016949152543,504,69,331,226,69,0.8986006369674905,0.8988382188726285
229,absolute,robust_balanced,0.5495953464415451,0.7217514124293786,0.8795180722891566,0.6119760479041916,0.7627118644067796,511,70,324,225,70,0.8986006369674905,0.8988382188726285
229,gap,best_f1,7.786060185943633e-05,0.8498727735368957,0.7389380530973452,1.0,0.0,835,295,0,0,295,0.86993187855568,0.870209021471731
229,gap,tnr_0.5,0.026668933984525914,0.7684478371501272,0.819538670284939,0.7233532934131737,0.5491525423728814,604,133,231,162,133,0.86993187855568,0.870209021471731
229,gap,tnr_0.7,0.048120095530385994,0.7052105638829408,0.872791519434629,0.5916167664670658,0.7559322033898305,494,72,341,223,72,0.86993187855568,0.870209021471731
229,gap,robust_balanced,0.044570231328764476,0.7226890756302521,0.8701517706576728,0.6179640718562874,0.7389830508474576,516,77,319,218,77,0.86993187855568,0.870209021471731
230,absolute,best_f1,0.34921352213815304,0.8728769943386516,0.7794117647058824,0.991812865497076,0.14285714285714285,848,240,7,40,240,0.9181140166456937,0.9182751820523668
230,absolute,tnr_0.5,0.47978406220422365,0.8433313919627257,0.839907192575406,0.8467836257309942,0.5071428571428571,724,138,131,142,138,0.9181140166456937,0.9182751820523668
230,absolute,tnr_0.7,0.5505529232665857,0.7469553450608931,0.8860353130016051,0.6456140350877193,0.7464285714285714,552,71,303,209,71,0.9181140166456937,0.9182751820523668
230,absolute,robust_balanced,0.5495953464415451,0.7489878542510121,0.8851674641148325,0.6491228070175439,0.7428571428571429,555,72,300,208,72,0.9181140166456937,0.9182751820523668
230,gap,best_f1,7.786060185943633e-05,0.8597285067873304,0.753968253968254,1.0,0.0035714285714285713,855,279,0,1,279,0.8907574495869532,0.8909371258277491
230,gap,tnr_0.5,0.026668933984525914,0.7860576923076923,0.8084054388133498,0.7649122807017544,0.44642857142857145,654,155,201,125,155,0.8907574495869532,0.8909371258277491
230,gap,tnr_0.7,0.048120095530385994,0.7259056732740943,0.8733552631578947,0.6210526315789474,0.725,531,77,324,203,77,0.8907574495869532,0.8909371258277491
230,gap,robust_balanced,0.044570231328764476,0.7426273458445041,0.869701726844584,0.6479532163742691,0.7035714285714286,554,83,301,197,83,0.8907574495869532,0.8909371258277491
231,absolute,best_f1,0.34921352213815304,0.8580679978413384,0.7578646329837941,0.9888059701492538,0.09608540925266904,795,254,9,27,254,0.8636377305436744,0.8640284180900637
231,absolute,tnr_0.5,0.47978406220422365,0.8040075140889167,0.8095838587641866,0.7985074626865671,0.4626334519572954,642,151,162,130,151,0.8636377305436744,0.8640284180900637
231,absolute,tnr_0.7,0.5505529232665857,0.6946454413892909,0.8304498269896193,0.5970149253731343,0.6512455516014235,480,98,324,183,98,0.8636377305436744,0.8640284180900637
231,absolute,robust_balanced,0.5495953464415451,0.6974729241877257,0.8313253012048193,0.6007462686567164,0.6512455516014235,483,98,321,183,98,0.8636377305436744,0.8640284180900637
231,gap,best_f1,7.786060185943633e-05,0.8516949152542372,0.7416974169741697,1.0,0.0035587188612099642,804,280,0,1,280,0.8359314469001872,0.8363250851326629
231,gap,tnr_0.5,0.026668933984525914,0.7385019710906702,0.7827298050139275,0.6990049751243781,0.44483985765124556,562,156,242,125,156,0.8359314469001872,0.8363250851326629
231,gap,tnr_0.7,0.048120095530385994,0.6705969049373618,0.8227848101265823,0.5659203980099502,0.6512455516014235,455,98,349,183,98,0.8359314469001872,0.8363250851326629
231,gap,robust_balanced,0.044570231328764476,0.6945244956772334,0.8253424657534246,0.599502487562189,0.6370106761565836,482,102,322,179,102,0.8359314469001872,0.8363250851326629
232,absolute,best_f1,0.34921352213815304,0.8731343283582089,0.7867435158501441,0.9808383233532935,0.2014388489208633,819,222,16,56,222,0.911319780620409,0.9114927455787832
232,absolute,tnr_0.5,0.47978406220422365,0.8286066584463625,0.8538754764930114,0.8047904191616766,0.5863309352517986,672,115,163,163,115,0.911319780620409,0.9114927455787832
232,absolute,tnr_0.7,0.5505529232665857,0.7346938775510204,0.8907849829351536,0.6251497005988024,0.7697841726618705,522,64,313,214,64,0.911319780620409,0.9114927455787832
232,absolute,robust_balanced,0.5495953464415451,0.7391304347826086,0.8917089678510999,0.6311377245508982,0.7697841726618705,527,64,308,214,64,0.911319780620409,0.9114927455787832
232,gap,best_f1,7.786060185943633e-05,0.8572895277207392,0.7502246181491464,1.0,0.0,835,278,0,0,278,0.8983598507190999,0.898529372183795
232,gap,tnr_0.5,0.026668933984525914,0.7895716945996276,0.8195876288659794,0.7616766467065869,0.49640287769784175,636,140,199,138,140,0.8983598507190999,0.898529372183795
232,gap,tnr_0.7,0.048120095530385994,0.75,0.8792270531400966,0.6538922155688622,0.7302158273381295,546,75,289,203,75,0.8983598507190999,0.898529372183795
232,gap,robust_balanced,0.044570231328764476,0.7595108695652174,0.8775510204081632,0.6694610778443114,0.7194244604316546,559,78,276,200,78,0.8983598507190999,0.898529372183795
233,absolute,best_f1,0.34921352213815304,0.8734042553191489,0.782650142993327,0.9879663056558363,0.20833333333333334,821,228,10,60,228,0.9008561362708007,0.9010695109815945
233,absolute,tnr_0.5,0.47978406220422365,0.8401442307692307,0.8391356542617047,0.8411552346570397,0.5347222222222222,699,134,132,154,134,0.9008561362708007,0.9010695109815945
233,absolute,tnr_0.7,0.5505529232665857,0.7164804469273743,0.8535773710482529,0.6173285198555957,0.6944444444444444,513,88,318,200,88,0.9008561362708007,0.9010695109815945
233,absolute,robust_balanced,0.5495953464415451,0.7195546276965901,0.8531353135313532,0.6221419975932612,0.6909722222222222,517,89,314,199,89,0.9008561362708007,0.9010695109815945
233,gap,best_f1,7.786060185943633e-05,0.8531827515400411,0.7439570277529096,1.0,0.006944444444444444,831,286,0,2,286,0.8785923590287874,0.8788201790061642
233,gap,tnr_0.5,0.026668933984525914,0.7614795918367347,0.8100407055630936,0.7184115523465704,0.5138888888888888,597,140,234,148,140,0.8785923590287874,0.8788201790061642
233,gap,tnr_0.7,0.048120095530385994,0.7178393745557925,0.8767361111111112,0.6077015643802648,0.7534722222222222,505,71,326,217,71,0.8785923590287874,0.8788201790061642
233,gap,robust_balanced,0.044570231328764476,0.7282913165266106,0.8710217755443886,0.6257521058965102,0.7326388888888888,520,77,311,211,77,0.8785923590287874,0.8788201790061642
234,absolute,best_f1,0.34921352213815304,0.8623460096411355,0.7732949087415946,0.9745762711864406,0.16607773851590105,805,236,21,47,236,0.9114768863805446,0.9116687288440984
234,absolute,tnr_0.5,0.47978406220422365,0.8399754751686083,0.8509316770186336,0.8292978208232445,0.5759717314487632,685,120,141,163,120,0.9114768863805446,0.9116687288440984
234,absolute,tnr_0.7,0.5505529232665857,0.7449336128581412,0.8809917355371901,0.6452784503631961,0.7455830388692579,533,72,293,211,72,0.9114768863805446,0.9116687288440984
234,absolute,robust_balanced,0.5495953464415451,0.7501739735560194,0.8821603927986906,0.652542372881356,0.7455830388692579,539,72,287,211,72,0.9114768863805446,0.9116687288440984
234,gap,best_f1,7.786060185943633e-05,0.8546301086394206,0.7461607949412827,1.0,0.007067137809187279,826,281,0,2,281,0.8637392966945336,0.864034351121851
234,gap,tnr_0.5,0.026668933984525914,0.7693290734824281,0.8146143437077131,0.7288135593220338,0.5159010600706714,602,137,224,146,137,0.8637392966945336,0.864034351121851
234,gap,tnr_0.7,0.048120095530385994,0.6968390804597702,0.8568904593639576,0.5871670702179177,0.7137809187279152,485,81,341,202,81,0.8637392966945336,0.864034351121851
234,gap,robust_balanced,0.044570231328764476,0.7165021156558533,0.8581081081081081,0.6150121065375302,0.7031802120141343,508,84,318,199,84,0.8637392966945336,0.864034351121851
235,absolute,best_f1,0.34921352213815304,0.8604286461055933,0.7592250922509225,0.9927623642943305,0.09688581314878893,823,261,6,28,261,0.8747404870006626,0.8750495553780181
235,absolute,tnr_0.5,0.47978406220422365,0.8140096618357487,0.814993954050786,0.8130277442702051,0.47058823529411764,674,153,155,136,153,0.8747404870006626,0.8750495553780181
235,absolute,tnr_0.7,0.5505529232665857,0.7276478679504814,0.8464,0.638118214716526,0.6678200692041523,529,96,300,193,96,0.8747404870006626,0.8750495553780181
235,absolute,robust_balanced,0.5495953464415451,0.7283950617283951,0.8441971383147854,0.6405307599517491,0.6608996539792388,531,98,298,191,98,0.8747404870006626,0.8750495553780181
235,gap,best_f1,7.786060185943633e-05,0.8515665125834617,0.7415026833631485,1.0,0.0,829,289,0,0,289,0.8768032103685192,0.877049929574634
235,gap,tnr_0.5,0.026668933984525914,0.7812895069532237,0.8207171314741036,0.7454764776839565,0.532871972318339,618,135,211,154,135,0.8768032103685192,0.877049929574634
235,gap,tnr_0.7,0.048120095530385994,0.7128987517337032,0.8384991843393148,0.6200241254523522,0.657439446366782,514,99,315,190,99,0.8768032103685192,0.877049929574634
235,gap,robust_balanced,0.044570231328764476,0.7226775956284153,0.8330708661417323,0.638118214716526,0.6332179930795848,529,106,300,183,106,0.8768032103685192,0.877049929574634
236,absolute,best_f1,0.34921352213815304,0.8660667019587083,0.7680751173708921,0.9927184466019418,0.11785714285714285,818,247,6,33,247,0.8889770658609459,0.889284885279277
236,absolute,tnr_0.5,0.47978406220422365,0.8306208559373116,0.8251497005988024,0.8361650485436893,0.4785714285714286,689,146,135,134,146,0.8889770658609459,0.889284885279277
236,absolute,tnr_0.7,0.5505529232665857,0.7508486082824168,0.8520801232665639,0.6711165048543689,0.6571428571428571,553,96,271,184,96,0.8889770658609459,0.889284885279277
236,absolute,robust_balanced,0.5495953464415451,0.7532116294793779,0.850381679389313,0.6759708737864077,0.65,557,98,267,182,98,0.8889770658609459,0.889284885279277
236,gap,best_f1,7.786060185943633e-05,0.855215360664245,0.7470534904805077,1.0,0.0035714285714285713,824,279,0,1,279,0.8612054976333223,0.8614887834676533
236,gap,tnr_0.5,0.026668933984525914,0.769917144678139,0.810738255033557,0.7330097087378641,0.49642857142857144,604,141,220,139,141,0.8612054976333223,0.8614887834676533
236,gap,tnr_0.7,0.048120095530385994,0.700709219858156,0.8430034129692833,0.5995145631067961,0.6714285714285714,494,92,330,188,92,0.8612054976333223,0.8614887834676533
236,gap,robust_balanced,0.044570231328764476,0.7168758716875872,0.8426229508196721,0.6237864077669902,0.6571428571428571,514,96,310,184,96,0.8612054976333223,0.8614887834676533
237,absolute,best_f1,0.34921352213815304,0.8758884636413341,0.7876106194690266,0.9864532019704434,0.19402985074626866,801,216,11,52,216,0.8717418403653305,0.872092180399789
237,absolute,tnr_0.5,0.47978406220422365,0.8281829419035847,0.8312655086848635,0.8251231527093597,0.4925373134328358,670,136,142,132,136,0.8717418403653305,0.872092180399789
237,absolute,tnr_0.7,0.5505529232665857,0.7254763585038815,0.8495867768595041,0.6330049261083743,0.6604477611940298,514,91,298,177,91,0.8717418403653305,0.872092180399789
237,absolute,robust_balanced,0.5495953464415451,0.7276565798733287,0.8489326765188834,0.6366995073891626,0.6567164179104478,517,92,295,176,92,0.8717418403653305,0.872092180399789
237,gap,best_f1,7.786060185943633e-05,0.8592592592592593,0.7532467532467533,1.0,0.007462686567164179,812,266,0,2,266,0.8806705805152681,0.880871589599375
237,gap,tnr_0.5,0.026668933984525914,0.7633986928104575,0.8133704735376045,0.7192118226600985,0.5,584,134,228,134,134,0.8806705805152681,0.880871589599375
237,gap,tnr_0.7,0.048120095530385994,0.7052023121387283,0.8531468531468531,0.6009852216748769,0.6865671641791045,488,84,324,184,84,0.8806705805152681,0.880871589599375
237,gap,robust_balanced,0.044570231328764476,0.7219858156028369,0.8511705685618729,0.6268472906403941,0.667910447761194,509,89,303,179,89,0.8806705805152681,0.880871589599375
238,absolute,best_f1,0.34921352213815304,0.8499210110584519,0.74860853432282,0.9829476248477467,0.09060402684563758,807,271,14,27,271,0.885998507575592,0.8862716774423044
238,absolute,tnr_0.5,0.47978406220422365,0.8259803921568627,0.8310727496917386,0.8209500609013398,0.540268456375839,674,137,147,161,137,0.885998507575592,0.8862716774423044
238,absolute,tnr_0.7,0.5505529232665857,0.7023895727733527,0.8660714285714286,0.5907429963459196,0.7483221476510067,485,75,336,223,75,0.885998507575592,0.8862716774423044
238,absolute,robust_balanced,0.5495953464415451,0.7051189617880317,0.8639575971731449,0.5956151035322778,0.7416107382550335,489,77,332,221,77,0.885998507575592,0.8862716774423044
238,gap,best_f1,7.786060185943633e-05,0.8463917525773196,0.7336907953529938,1.0,0.0,821,298,0,0,298,0.8520604089737105,0.8523533852458859
238,gap,tnr_0.5,0.026668933984525914,0.7295350360183366,0.7889518413597734,0.6784409257003654,0.5,557,149,264,149,149,0.8520604089737105,0.8523533852458859
238,gap,tnr_0.7,0.048120095530385994,0.6700879765395894,0.8416206261510129,0.5566382460414129,0.7114093959731543,457,86,364,212,86,0.8520604089737105,0.8523533852458859
238,gap,robust_balanced,0.044570231328764476,0.6815561959654178,0.8342151675485009,0.5761266747868453,0.6845637583892618,473,94,348,204,94,0.8520604089737105,0.8523533852458859
239,absolute,best_f1,0.34921352213815304,0.8633938100320171,0.768281101614435,0.9853836784409257,0.11913357400722022,809,244,12,33,244,0.9001471422555573,0.9003419920584789
239,absolute,tnr_0.5,0.47978406220422365,0.8179581795817958,0.8260869565217391,0.8099878197320342,0.49458483754512633,665,140,156,137,140,0.9001471422555573,0.9003419920584789
239,absolute,tnr_0.7,0.5505529232665857,0.7145907473309608,0.8595890410958904,0.6114494518879415,0.703971119133574,502,82,319,195,82,0.9001471422555573,0.9003419920584789
239,absolute,robust_balanced,0.5495953464415451,0.7186392629340893,0.8593220338983051,0.6175395858708892,0.7003610108303249,507,83,314,194,83,0.9001471422555573,0.9003419920584789
239,gap,best_f1,7.786060185943633e-05,0.8569937369519833,0.7497716894977169,1.0,0.010830324909747292,821,274,0,3,274,0.8853873103829577,0.8856317560577631
239,gap,tnr_0.5,0.026668933984525914,0.7780580075662042,0.8065359477124183,0.7515225334957369,0.4657039711191336,617,148,204,129,148,0.8853873103829577,0.8856317560577631
239,gap,tnr_0.7,0.048120095530385994,0.7253521126760564,0.8597662771285476,0.6272838002436053,0.6967509025270758,515,84,306,193,84,0.8853873103829577,0.8856317560577631
239,gap,robust_balanced,0.044570231328764476,0.7427785419532325,0.8530805687203792,0.6577344701583435,0.6642599277978339,540,93,281,184,93,0.8853873103829577,0.8856317560577631
240,absolute,best_f1,0.34921352213815304,0.8731942215088283,0.7853705486044273,0.983132530120482,0.1553030303030303,816,223,14,41,223,0.8856263282728389,0.885926142771569
240,absolute,tnr_0.5,0.47978406220422365,0.825925925925926,0.8468354430379746,0.8060240963855422,0.5416666666666666,669,121,161,143,121,0.8856263282728389,0.885926142771569
240,absolute,tnr_0.7,0.5505529232665857,0.7182398864442867,0.8739205526770294,0.6096385542168675,0.7234848484848485,506,73,324,191,73,0.8856263282728389,0.885926142771569
240,absolute,robust_balanced,0.5495953464415451,0.7236749116607774,0.8752136752136752,0.6168674698795181,0.7234848484848485,512,73,318,191,73,0.8856263282728389,0.885926142771569
240,gap,best_f1,7.786060185943633e-05,0.8632345293811753,0.7593778591033852,1.0,0.003787878787878788,830,263,0,1,263,0.8736008087236069,0.8738113011850038
240,gap,tnr_0.5,0.026668933984525914,0.7384213959556425,0.8051209103840683,0.6819277108433734,0.4810606060606061,566,137,264,127,137,0.8736008087236069,0.8738113011850038
240,gap,tnr_0.7,0.048120095530385994,0.6758922068463219,0.85451197053407,0.5590361445783133,0.7007575757575758,464,79,366,185,79,0.8736008087236069,0.8738113011850038
240,gap,robust_balanced,0.044570231328764476,0.6962115796997855,0.8558875219683656,0.5867469879518072,0.6893939393939394,487,82,343,182,82,0.8736008087236069,0.8738113011850038
241,absolute,best_f1,0.34921352213815304,0.8793814432989691,0.7934883720930233,0.9861271676300578,0.2264808362369338,853,222,12,65,222,0.9007337321003928,0.9010437745483576
241,absolute,tnr_0.5,0.47978406220422365,0.82981220657277,0.8426698450536353,0.8173410404624277,0.5400696864111498,707,132,158,155,132,0.9007337321003928,0.9010437745483576
241,absolute,tnr_0.7,0.5505529232665857,0.7496688741721854,0.8775193798449612,0.6543352601156069,0.7247386759581882,566,79,299,208,79,0.9007337321003928,0.9010437745483576
241,absolute,robust_balanced,0.5495953464415451,0.7521480502313285,0.8780864197530864,0.6578034682080924,0.7247386759581882,569,79,296,208,79,0.9007337321003928,0.9010437745483576
241,gap,best_f1,7.786060185943633e-05,0.858560794044665,0.7521739130434782,1.0,0.006968641114982578,865,285,0,2,285,0.8964381235940929,0.8966025446558491
241,gap,tnr_0.5,0.026668933984525914,0.7849788007268322,0.8244274809160306,0.7491329479768786,0.519163763066202,648,138,217,149,138,0.8964381235940929,0.8966025446558491
241,gap,tnr_0.7,0.048120095530385994,0.7349966284558328,0.8818770226537217,0.630057803468208,0.7456445993031359,545,73,320,214,73,0.8964381235940929,0.8966025446558491
241,gap,robust_balanced,0.044570231328764476,0.7476882430647291,0.8721109399075501,0.6543352601156069,0.710801393728223,566,83,299,204,83,0.8964381235940929,0.8966025446558491
242,absolute,best_f1,0.34921352213815304,0.868260144524736,0.7740336967294351,0.9886075949367089,0.17985611510791366,781,228,9,50,228,0.8698066477544721,0.8701403731638266
242,absolute,tnr_0.5,0.47978406220422365,0.8117421825143587,0.8185328185328186,0.8050632911392405,0.49280575539568344,636,141,154,137,141,0.8698066477544721,0.8701403731638266
242,absolute,tnr_0.7,0.5505529232665857,0.6887716654107008,0.851024208566108,0.5784810126582278,0.7122302158273381,457,80,333,198,80,0.8698066477544721,0.8701403731638266
242,absolute,robust_balanced,0.5495953464415451,0.6936936936936937,0.8523985239852399,0.5848101265822785,0.7122302158273381,462,80,328,198,80,0.8698066477544721,0.8701403731638266
242,gap,best_f1,7.786060185943633e-05,0.8517520215633423,0.7417840375586855,1.0,0.01079136690647482,790,275,0,3,275,0.8978818858712148,0.8980475350931524
242,gap,tnr_0.5,0.026668933984525914,0.7723304231027536,0.8226037195994278,0.7278481012658228,0.5539568345323741,575,124,215,154,124,0.8978818858712148,0.8980475350931524
242,gap,tnr_0.7,0.048120095530385994,0.7072243346007605,0.8857142857142857,0.5886075949367089,0.7841726618705036,465,60,325,218,60,0.8978818858712148,0.8980475350931524
242,gap,robust_balanced,0.044570231328764476,0.7248322147651006,0.8820326678765881,0.6151898734177215,0.7661870503597122,486,65,304,213,65,0.8978818858712148,0.8980475350931524
243,absolute,best_f1,0.34921352213815304,0.8553459119496856,0.7576601671309192,0.9819494584837545,0.09375,816,261,15,27,261,0.8799298482091588,0.8801888868599288
243,absolute,tnr_0.5,0.47978406220422365,0.8105515587529976,0.8076463560334528,0.8134777376654633,0.4409722222222222,676,161,155,127,161,0.8799298482091588,0.8801888868599288
243,absolute,tnr_0.7,0.5505529232665857,0.714975845410628,0.8381877022653722,0.6233453670276775,0.6527777777777778,518,100,313,188,100,0.8799298482091588,0.8801888868599288
243,absolute,robust_balanced,0.5495953464415451,0.7232876712328767,0.8394276629570747,0.6353790613718412,0.6493055555555556,528,101,303,187,101,0.8799298482091588,0.8801888868599288
243,gap,best_f1,7.786060185943633e-05,0.8527449974345819,0.7432915921288015,1.0,0.003472222222222222,831,287,0,1,287,0.877579651325216,0.8777838884774838
243,gap,tnr_0.5,0.026668933984525914,0.7677784770295784,0.8047493403693932,0.7340553549939831,0.4861111111111111,610,148,221,140,148,0.877579651325216,0.8777838884774838
243,gap,tnr_0.7,0.048120095530385994,0.7081005586592178,0.8435940099833611,0.6101083032490975,0.6736111111111112,507,94,324,194,94,0.877579651325216,0.8777838884774838
243,gap,robust_balanced,0.044570231328764476,0.7250341997264022,0.8399366085578447,0.6377858002406739,0.6493055555555556,530,101,301,187,101,0.877579651325216,0.8777838884774838
244,absolute,best_f1,0.34921352213815304,0.8615542974781266,0.7643835616438356,0.9870283018867925,0.1103448275862069,837,258,11,32,258,0.8907107122379962,0.8909654404298569
244,absolute,tnr_0.5,0.47978406220422365,0.820572764465225,0.813441483198146,0.8278301886792453,0.44482758620689655,702,161,146,129,161,0.8907107122379962,0.8909654404298569
244,absolute,tnr_0.7,0.5505529232665857,0.7498332221480988,0.8632872503840245,0.6627358490566038,0.6931034482758621,562,89,286,201,89,0.8907107122379962,0.8909654404298569
244,absolute,robust_balanced,0.5495953464415451,0.7509986684420772,0.8623853211009175,0.6650943396226415,0.6896551724137931,564,90,284,200,90,0.8907107122379962,0.8909654404298569
244,gap,best_f1,7.786060185943633e-05,0.8544080604534005,0.7458223394898856,1.0,0.0034482758620689655,848,289,0,1,289,0.8755596967075265,0.8757925980487543
244,gap,tnr_0.5,0.026668933984525914,0.7600502512562815,0.8131720430107527,0.7134433962264151,0.5206896551724138,605,139,243,151,139,0.8755596967075265,0.8757925980487543
244,gap,tnr_0.7,0.048120095530385994,0.6967559943582511,0.8666666666666667,0.5825471698113207,0.7379310344827587,494,76,354,214,76,0.8755596967075265,0.8757925980487543
244,gap,robust_balanced,0.044570231328764476,0.7115117891816921,0.8636363636363636,0.6049528301886793,0.7206896551724138,513,81,335,209,81,0.8755596967075265,0.8757925980487543
245,absolute,best_f1,0.34921352213815304,0.8571428571428571,0.7613636363636364,0.9804878048780488,0.13993174061433447,804,252,16,41,252,0.9053251326637691,0.9055590315185577
245,absolute,tnr_0.5,0.47978406220422365,0.851557727550397,0.8531211750305998,0.85,0.590443686006826,697,120,123,173,120,0.9053251326637691,0.9055590315185577
245,absolute,tnr_0.7,0.5505529232665857,0.7491115849324804,0.8977853492333902,0.6426829268292683,0.7952218430034129,527,60,293,233,60,0.9053251326637691,0.9055590315185577
245,absolute,robust_balanced,0.5495953464415451,0.7515923566878981,0.8954468802698144,0.6475609756097561,0.78839590443686,531,62,289,231,62,0.9053251326637691,0.9055590315185577
245,gap,best_f1,7.786060185943633e-05,0.8484221417485773,0.7367475292003594,1.0,0.0,820,293,0,0,293,0.8651472794764866,0.8653823446696993
245,gap,tnr_0.5,0.026668933984525914,0.7475665152498377,0.7988904299583911,0.7024390243902439,0.5051194539249146,576,145,244,148,145,0.8651472794764866,0.8653823446696993
245,gap,tnr_0.7,0.048120095530385994,0.6596858638743456,0.8529980657640233,0.5378048780487805,0.7406143344709898,441,76,379,217,76,0.8651472794764866,0.8653823446696993
245,gap,robust_balanced,0.044570231328764476,0.6784140969162996,0.8523985239852399,0.5634146341463414,0.726962457337884,462,80,358,213,80,0.8651472794764866,0.8653823446696993
246,absolute,best_f1,0.34921352213815304,0.8532311062431545,0.7541142303969022,0.9823455233291298,0.11805555555555555,779,254,14,34,254,0.886646699692058,0.886861935104812
246,absolute,tnr_0.5,0.47978406220422365,0.8027638190954773,0.799749687108886,0.8058007566204287,0.4444444444444444,639,160,154,128,160,0.886646699692058,0.886861935104812
246,absolute,tnr_0.7,0.5505529232665857,0.7352517985611511,0.8559463986599665,0.6443883984867591,0.7013888888888888,511,86,282,202,86,0.886646699692058,0.886861935104812
246,absolute,robust_balanced,0.5495953464415451,0.7360114777618364,0.8535773710482529,0.6469104665825978,0.6944444444444444,513,88,280,200,88,0.886646699692058,0.886861935104812
246,gap,best_f1,7.786060185943633e-05,0.8463180362860192,0.7335800185013877,1.0,0.0,793,288,0,0,288,0.874745329505744,0.874950180542079
246,gap,tnr_0.5,0.026668933984525914,0.7567925778661365,0.797486033519553,0.7200504413619168,0.4965277777777778,571,145,222,143,145,0.874745329505744,0.874950180542079
246,gap,tnr_0.7,0.048120095530385994,0.7091575091575092,0.8461538461538461,0.6103404791929382,0.6944444444444444,484,88,309,200,88,0.874745329505744,0.874950180542079
246,gap,robust_balanced,0.044570231328764476,0.7219020172910663,0.8420168067226891,0.6317780580075663,0.6736111111111112,501,94,292,194,94,0.874745329505744,0.874950180542079
247,absolute,best_f1,0.34921352213815304,0.8721485411140584,0.7821122740247384,0.9856115107913669,0.17625899280575538,822,229,12,49,229,0.8780837720282704,0.8784130394005315
247,absolute,tnr_0.5,0.47978406220422365,0.8260084286574353,0.8295042321644498,0.8225419664268585,0.49280575539568344,686,141,148,137,141,0.8780837720282704,0.8784130394005315
247,absolute,tnr_0.7,0.5505529232665857,0.7426218256691832,0.8683788121990369,0.6486810551558753,0.7050359712230215,541,82,293,196,82,0.8780837720282704,0.8784130394005315
247,absolute,robust_balanced,0.5495953464415451,0.7452054794520548,0.8690095846645367,0.6522781774580336,0.7050359712230215,544,82,290,196,82,0.8780837720282704,0.8784130394005315
247,gap,best_f1,7.786060185943633e-05,0.8571428571428571,0.75,1.0,0.0,834,278,0,0,278,0.8700035614434664,0.8702652255191324
247,gap,tnr_0.5,0.026668933984525914,0.7581783194355356,0.8151724137931035,0.7086330935251799,0.5179856115107914,591,134,243,144,134,0.8700035614434664,0.8702652255191324
247,gap,tnr_0.7,0.048120095530385994,0.699290780141844,0.8559027777777778,0.5911270983213429,0.7014388489208633,493,83,341,195,83,0.8700035614434664,0.8702652255191324
247,gap,robust_balanced,0.044570231328764476,0.7193347193347194,0.8522167487684729,0.6223021582733813,0.6762589928057554,519,90,315,188,90,0.8700035614434664,0.8702652255191324
248,absolute,best_f1,0.34921352213815304,0.8633540372670807,0.7700831024930748,0.9823321554770318,0.13240418118466898,834,249,15,38,249,0.8716291888879206,0.8719212251251698
248,absolute,tnr_0.5,0.47978406220422365,0.8128724672228844,0.8226779252110977,0.8032979976442874,0.4878048780487805,682,147,167,140,147,0.8716291888879206,0.8719212251251698
248,absolute,tnr_0.7,0.5505529232665857,0.7312119160460393,0.8598726114649682,0.6360424028268551,0.6933797909407665,540,88,309,199,88,0.8716291888879206,0.8719212251251698
248,absolute,robust_balanced,0.5495953464415451,0.7332883187035787,0.8591772151898734,0.6395759717314488,0.6898954703832753,543,89,306,198,89,0.8716291888879206,0.8719212251251698
248,gap,best_f1,7.786060185943633e-05,0.8554156171284635,0.7473591549295775,1.0,0.0,849,287,0,0,287,0.8653966682472553,0.865613960318088
248,gap,tnr_0.5,0.026668933984525914,0.7446540880503144,0.7989203778677463,0.6972909305064782,0.4808362369337979,592,149,257,138,149,0.8653966682472553,0.865613960318088
248,gap,tnr_0.7,0.048120095530385994,0.6887508626639062,0.8316666666666667,0.5877502944640753,0.6480836236933798,499,101,350,186,101,0.8653966682472553,0.865613960318088
248,gap,robust_balanced,0.044570231328764476,0.6989761092150171,0.8311688311688312,0.6030624263839811,0.6376306620209059,512,104,337,183,104,0.8653966682472553,0.865613960318088
249,absolute,best_f1,0.34921352213815304,0.8837953091684435,0.8025169409486931,0.9833926453143536,0.20622568093385213,829,204,14,53,204,0.9037448514164774,0.9040465974183092
249,absolute,tnr_0.5,0.47978406220422365,0.8440145102781137,0.8606658446362515,0.8279952550415184,0.5603112840466926,698,113,145,144,113,0.9037448514164774,0.9040465974183092
249,absolute,tnr_0.7,0.5505529232665857,0.7463917525773196,0.8872549019607843,0.6441281138790036,0.7315175097276264,543,69,300,188,69,0.9037448514164774,0.9040465974183092
249,absolute,robust_balanced,0.5495953464415451,0.7462277091906722,0.8845528455284553,0.6453143534994069,0.7237354085603113,544,71,299,186,71,0.9037448514164774,0.9040465974183092
249,gap,best_f1,7.786060185943633e-05,0.8681771369721936,0.7670609645131938,1.0,0.0038910505836575876,843,256,0,1,256,0.8896192019293938,0.8898177678740842
249,gap,tnr_0.5,0.026668933984525914,0.7688410386320456,0.8247282608695652,0.7200474495848161,0.4980544747081712,607,129,236,128,129,0.8896192019293938,0.8898177678740842
249,gap,tnr_0.7,0.048120095530385994,0.6896551724137931,0.8743169398907104,0.5693950177935944,0.7315175097276264,480,69,363,188,69,0.8896192019293938,0.8898177678740842
249,gap,robust_balanced,0.044570231328764476,0.7142857142857143,0.8717948717948718,0.604982206405694,0.708171206225681,510,75,333,182,75,0.8896192019293938,0.8898177678740842
250,absolute,best_f1,0.34921352213815304,0.876169510181618,0.7896825396825397,0.9839307787391842,0.1553784860557769,796,212,13,39,212,0.8926766515103525,0.8929339019536584
250,absolute,tnr_0.5,0.47978406220422365,0.8372379778051788,0.8351783517835178,0.8393077873918418,0.46613545816733065,679,134,130,117,134,0.8926766515103525,0.8929339019536584
250,absolute,tnr_0.7,0.5505529232665857,0.7524475524475525,0.8663446054750402,0.6650185414091471,0.6693227091633466,538,83,271,168,83,0.8926766515103525,0.8929339019536584
250,absolute,robust_balanced,0.5495953464415451,0.7541899441340782,0.8667736757624398,0.6674907292954264,0.6693227091633466,540,83,269,168,83,0.8926766515103525,0.8929339019536584
250,gap,best_f1,7.786060185943633e-05,0.8666309587573647,0.7646502835538752,1.0,0.00796812749003984,809,249,0,2,249,0.8924682725959313,0.8926883428983453
250,gap,tnr_0.5,0.026668933984525914,0.7845953002610966,0.8312586445366529,0.7428924598269468,0.5139442231075697,601,122,208,129,122,0.8924682725959313,0.8926883428983453
250,gap,tnr_0.7,0.048120095530385994,0.7314614830813535,0.8758620689655172,0.6279357231149567,0.7131474103585658,508,72,301,179,72,0.8924682725959313,0.8926883428983453
250,gap,robust_balanced,0.044570231328764476,0.748059280169372,0.8717105263157895,0.6551297898640297,0.6892430278884463,530,78,279,173,78,0.8924682725959313,0.8926883428983453
251,absolute,best_f1,0.34921352213815304,0.8779979144942649,0.7906103286384977,0.9871043376318874,0.1423076923076923,842,223,11,37,223,0.8858238652726684,0.8861097602417732
251,absolute,tnr_0.5,0.47978406220422365,0.8195754716981132,0.8244365361803084,0.8147713950762017,0.4307692307692308,695,148,158,112,148,0.8858238652726684,0.8861097602417732
251,absolute,tnr_0.7,0.5505529232665857,0.7407903549899532,0.8640625,0.6483001172332943,0.6653846153846154,553,87,300,173,87,0.8858238652726684,0.8861097602417732
251,absolute,robust_balanced,0.5495953464415451,0.7428189712758851,0.8633540372670807,0.6518171160609613,0.6615384615384615,556,88,297,172,88,0.8858238652726684,0.8861097602417732
251,gap,best_f1,7.786060185943633e-05,0.869077941925624,0.7684684684684685,1.0,0.011538461538461539,853,257,0,3,257,0.8868834491127308,0.8871025224796177
251,gap,tnr_0.5,0.026668933984525914,0.7847785402370555,0.8386666666666667,0.7373974208675264,0.5346153846153846,629,121,224,139,121,0.8868834491127308,0.8871025224796177
251,gap,tnr_0.7,0.048120095530385994,0.7168758716875872,0.8846815834767642,0.6025791324736225,0.7423076923076923,514,67,339,193,67,0.8868834491127308,0.8871025224796177
251,gap,robust_balanced,0.044570231328764476,0.7366255144032922,0.8876033057851239,0.6295427901524033,0.7384615384615385,537,68,316,192,68,0.8868834491127308,0.8871025224796177
252,absolute,best_f1,0.34921352213815304,0.8673946957878315,0.7722222222222223,0.9893238434163701,0.11827956989247312,834,246,9,33,246,0.8925275820248032,0.8927213062160273
252,absolute,tnr_0.5,0.47978406220422365,0.8123114061557031,0.8267813267813268,0.7983392645314353,0.4946236559139785,673,141,170,138,141,0.8925275820248032,0.8927213062160273
252,absolute,tnr_0.7,0.5505529232665857,0.7241139680333565,0.8741610738255033,0.6180308422301305,0.7311827956989247,521,75,322,204,75,0.8925275820248032,0.8927213062160273
252,absolute,robust_balanced,0.5495953464415451,0.726643598615917,0.872093023255814,0.6227758007117438,0.7240143369175627,525,77,318,202,77,0.8925275820248032,0.8927213062160273
252,gap,best_f1,7.786060185943633e-05,0.8580152671755725,0.7513368983957219,1.0,0.0,843,279,0,0,279,0.8660143328679284,0.8662278636821914
252,gap,tnr_0.5,0.026668933984525914,0.7373801916932907,0.7991689750692521,0.6844602609727165,0.48028673835125446,577,145,266,134,145,0.8660143328679284,0.8662278636821914
252,gap,tnr_0.7,0.048120095530385994,0.6746817538896747,0.8353765323992994,0.5658362989323843,0.6630824372759857,477,94,366,185,94,0.8660143328679284,0.8662278636821914
252,gap,robust_balanced,0.044570231328764476,0.6847599164926931,0.8282828282828283,0.5836298932384342,0.6344086021505376,492,102,351,177,102,0.8660143328679284,0.8662278636821914
253,absolute,best_f1,0.34921352213815304,0.8635437881873728,0.7801287948482061,0.9669327251995439,0.14028776978417265,848,239,29,39,239,0.868578987035795,0.8689197348345754
253,absolute,tnr_0.5,0.47978406220422365,0.8227194492254734,0.8279445727482679,0.8175598631698974,0.46402877697841727,717,149,160,129,149,0.868578987035795,0.8689197348345754
253,absolute,tnr_0.7,0.5505529232665857,0.7376623376623377,0.8567119155354449,0.6476624857468644,0.658273381294964,568,95,309,183,95,0.868578987035795,0.8689197348345754
253,absolute,robust_balanced,0.5495953464415451,0.7396373056994818,0.856071964017991,0.6510832383124288,0.6546762589928058,571,96,306,182,96,0.868578987035795,0.8689197348345754
253,gap,best_f1,7.786060185943633e-05,0.8636139832594781,0.7599653379549394,1.0,0.0035971223021582736,877,277,0,1,277,0.8892734853442834,0.8894399122951198
253,gap,tnr_0.5,0.026668933984525914,0.7777112043139605,0.8194444444444444,0.7400228050171037,0.4856115107913669,649,143,228,135,143,0.8892734853442834,0.8894399122951198
253,gap,tnr_0.7,0.048120095530385994,0.708,0.8523274478330658,0.6054732041049031,0.6690647482014388,531,92,346,186,92,0.8892734853442834,0.8894399122951198
253,gap,robust_balanced,0.044570231328764476,0.725,0.8569206842923794,0.6282782212086659,0.6690647482014388,551,92,326,186,92,0.8892734853442834,0.8894399122951198
254,absolute,best_f1,0.34921352213815304,0.8732394366197183,0.7863414634146342,0.9817295980511571,0.18587360594795538,806,219,15,50,219,0.9065430272640528,0.9067483405779273
254,absolute,tnr_0.5,0.47978406220422365,0.8477466504263094,0.8477466504263094,0.8477466504263094,0.5353159851301115,696,125,125,144,125,0.9065430272640528,0.9067483405779273
254,absolute,tnr_0.7,0.5505529232665857,0.743859649122807,0.8774834437086093,0.6455542021924482,0.724907063197026,530,74,291,195,74,0.9065430272640528,0.9067483405779273
254,absolute,robust_balanced,0.5495953464415451,0.7498257839721254,0.8762214983713354,0.6552984165651644,0.7174721189591078,538,76,283,193,76,0.9065430272640528,0.9067483405779273
254,gap,best_f1,7.786060185943633e-05,0.859236002093145,0.7532110091743119,1.0,0.0,821,269,0,0,269,0.8771109453506254,0.8773681305352714
254,gap,tnr_0.5,0.026668933984525914,0.7722007722007722,0.8185538881309686,0.730816077953715,0.5055762081784386,600,133,221,136,133,0.8771109453506254,0.8773681305352714
254,gap,tnr_0.7,0.048120095530385994,0.7086044830079538,0.8718861209964412,0.5968331303288672,0.7323420074349443,490,72,331,197,72,0.8771109453506254,0.8773681305352714
254,gap,robust_balanced,0.044570231328764476,0.7308503162333099,0.8637873754152824,0.633373934226553,0.6951672862453532,520,82,301,187,82,0.8771109453506254,0.8773681305352714
255,absolute,best_f1,0.34921352213815304,0.8711204629142556,0.7760074976569822,0.9928057553956835,0.10150375939849623,828,239,6,27,239,0.8751085807139899,0.8754011049746618
255,absolute,tnr_0.5,0.47978406220422365,0.812200956937799,0.8102625298329356,0.8141486810551559,0.40225563909774437,679,159,155,107,159,0.8751085807139899,0.8754011049746618
255,absolute,tnr_0.7,0.5505529232665857,0.7109589041095891,0.829073482428115,0.6223021582733813,0.5977443609022557,519,107,315,159,107,0.8751085807139899,0.8754011049746618
255,absolute,robust_balanced,0.5495953464415451,0.7144808743169399,0.8301587301587302,0.6270983213429256,0.5977443609022557,523,107,311,159,107,0.8751085807139899,0.8754011049746618
255,gap,best_f1,7.786060185943633e-05,0.8624612202688728,0.7581818181818182,1.0,0.0,834,266,0,0,266,0.8722915535129822,0.8725342699894952
255,gap,tnr_0.5,0.026668933984525914,0.7504835589941973,0.8117154811715481,0.697841726618705,0.4924812030075188,582,135,252,131,135,0.8722915535129822,0.8725342699894952
255,gap,tnr_0.7,0.048120095530385994,0.6753059755219583,0.8450450450450451,0.5623501199040767,0.6766917293233082,469,86,365,180,86,0.8722915535129822,0.8725342699894952
255,gap,robust_balanced,0.044570231328764476,0.6912181303116147,0.8442906574394463,0.5851318944844125,0.6616541353383458,488,90,346,176,90,0.8722915535129822,0.8725342699894952
256,absolute,best_f1,0.34921352213815304,0.8611544461778471,0.7631336405529954,0.9880668257756563,0.08865248226950355,828,257,10,25,257,0.867519622751916,0.8678360933843449
256,absolute,tnr_0.5,0.47978406220422365,0.8234597156398105,0.8176470588235294,0.8293556085918854,0.450354609929078,695,155,143,127,155,0.867519622751916,0.8678360933843449
256,absolute,tnr_0.7,0.5505529232665857,0.7264086897488119,0.84251968503937,0.6384248210023866,0.6453900709219859,535,100,303,182,100,0.867519622751916,0.8678360933843449
256,absolute,robust_balanced,0.5495953464415451,0.7272727272727273,0.8427672955974843,0.639618138424821,0.6453900709219859,536,100,302,182,100,0.867519622751916,0.8678360933843449
256,gap,best_f1,7.786060185943633e-05,0.8559754851889684,0.7482142857142857,1.0,0.0,838,282,0,0,282,0.861239193146954,0.8615453895243028
256,gap,tnr_0.5,0.026668933984525914,0.7772979642196175,0.8045977011494253,0.7517899761336515,0.4574468085106383,630,153,208,129,153,0.861239193146954,0.8615453895243028
256,gap,tnr_0.7,0.048120095530385994,0.693000693000693,0.8264462809917356,0.5966587112171837,0.6276595744680851,500,105,338,177,105,0.861239193146954,0.8615453895243028
256,gap,robust_balanced,0.044570231328764476,0.7211343686698177,0.8304821150855366,0.6372315035799523,0.6134751773049646,534,109,304,173,109,0.861239193146954,0.8615453895243028
257,absolute,best_f1,0.34921352213815304,0.8737662337662337,0.7867165575304023,0.9824766355140186,0.12643678160919541,841,228,15,33,228,0.874333784165169,0.8747455143939185
257,absolute,tnr_0.5,0.47978406220422365,0.8495887191539365,0.8546099290780141,0.844626168224299,0.5287356321839081,723,123,133,138,123,0.874333784165169,0.8747455143939185
257,absolute,tnr_0.7,0.5505529232665857,0.7525150905432596,0.8834645669291339,0.655373831775701,0.7164750957854407,561,74,295,187,74,0.874333784165169,0.8747455143939185
257,absolute,robust_balanced,0.5495953464415451,0.754186202277294,0.8838304552590267,0.6577102803738317,0.7164750957854407,563,74,293,187,74,0.874333784165169,0.8747455143939185
257,gap,best_f1,7.786060185943633e-05,0.8677141409021795,0.7663384064458371,1.0,0.0,856,261,0,0,261,0.8827662134518995,0.8830208673245221
257,gap,tnr_0.5,0.026668933984525914,0.7738693467336684,0.8369565217391305,0.719626168224299,0.5402298850574713,616,120,240,141,120,0.8827662134518995,0.8830208673245221
257,gap,tnr_0.7,0.048120095530385994,0.6999297259311315,0.8783068783068783,0.5817757009345794,0.735632183908046,498,69,358,192,69,0.8827662134518995,0.8830208673245221
257,gap,robust_balanced,0.044570231328764476,0.7142857142857143,0.878839590443686,0.6016355140186916,0.7279693486590039,515,71,341,190,71,0.8827662134518995,0.8830208673245221
258,absolute,best_f1,0.34921352213815304,0.8648930620761607,0.7697307335190343,0.986904761904762,0.1111111111111111,829,248,11,31,248,0.8972547078680501,0.8975233188085492
258,absolute,tnr_0.5,0.47978406220422365,0.8358913813459268,0.8290398126463701,0.8428571428571429,0.4767025089605735,708,146,132,133,146,0.8972547078680501,0.8975233188085492
258,absolute,tnr_0.7,0.5505529232665857,0.7474332648870636,0.8792270531400966,0.65,0.7311827956989247,546,75,294,204,75,0.8972547078680501,0.8975233188085492
258,absolute,robust_balanced,0.5495953464415451,0.7494880546075086,0.8784,0.6535714285714286,0.7275985663082437,549,76,291,203,76,0.8972547078680501,0.8975233188085492
258,gap,best_f1,7.786060185943633e-05,0.8575803981623277,0.7506702412868632,1.0,0.0,840,279,0,0,279,0.8802737226021198,0.8804905550022872
258,gap,tnr_0.5,0.026668933984525914,0.7702957835116425,0.8170894526034713,0.7285714285714285,0.5089605734767025,612,137,228,142,137,0.8802737226021198,0.8804905550022872
258,gap,tnr_0.7,0.048120095530385994,0.6928571428571428,0.8660714285714286,0.5773809523809523,0.7311827956989247,485,75,355,204,75,0.8802737226021198,0.8804905550022872
258,gap,robust_balanced,0.044570231328764476,0.7132867132867133,0.864406779661017,0.6071428571428571,0.7132616487455197,510,80,330,199,80,0.8802737226021198,0.8804905550022872
259,absolute,best_f1,0.34921352213815304,0.8639916623241272,0.7704460966542751,0.9833926453143536,0.13636363636363635,829,247,14,39,247,0.877903785590784,0.8782772108081199
259,absolute,tnr_0.5,0.47978406220422365,0.829736211031175,0.8387878787878787,0.8208778173190985,0.534965034965035,692,133,151,153,133,0.877903785590784,0.8782772108081199
259,absolute,tnr_0.7,0.5505529232665857,0.739247311827957,0.8527131782945736,0.6524317912218268,0.6678321678321678,550,95,293,191,95,0.877903785590784,0.8782772108081199
259,absolute,robust_balanced,0.5495953464415451,0.7421299397186872,0.8523076923076923,0.6571767497034401,0.6643356643356644,554,96,289,190,96,0.877903785590784,0.8782772108081199
259,gap,best_f1,7.786060185943633e-05,0.8549695740365112,0.7466784765279008,1.0,0.0,843,286,0,0,286,0.8542878247190259,0.8546634862302084
259,gap,tnr_0.5,0.026668933984525914,0.7744733581164808,0.8106355382619974,0.741399762752076,0.48951048951048953,625,146,218,140,146,0.8542878247190259,0.8546634862302084
259,gap,tnr_0.7,0.048120095530385994,0.6960716747070985,0.8305921052631579,0.5990510083036773,0.6398601398601399,505,103,338,183,103,0.8542878247190259,0.8546634862302084
259,gap,robust_balanced,0.044570231328764476,0.7248322147651006,0.8346213292117465,0.6405693950177936,0.6258741258741258,540,107,303,179,107,0.8542878247190259,0.8546634862302084
260,absolute,best_f1,0.34921352213815304,0.8731656184486373,0.7865911237016053,0.9811542991755006,0.15037593984962405,833,226,16,40,226,0.8874845705779171,0.887781137514277
260,absolute,tnr_0.5,0.47978406220422365,0.8228155339805825,0.8485607008760951,0.7985865724381626,0.5451127819548872,678,121,171,145,121,0.8874845705779171,0.887781137514277
260,absolute,tnr_0.7,0.5505529232665857,0.7285223367697594,0.8745874587458746,0.624263839811543,0.7142857142857143,530,76,319,190,76,0.8874845705779171,0.887781137514277
260,absolute,robust_balanced,0.5495953464415451,0.7332421340629275,0.8743882544861338,0.6313309776207303,0.7105263157894737,536,77,313,189,77,0.8874845705779171,0.887781137514277
260,gap,best_f1,7.786060185943633e-05,0.8650025471217524,0.7621184919210053,1.0,0.0037593984962406013,849,265,0,1,265,0.8796508980707578,0.8798579270334519
260,gap,tnr_0.5,0.026668933984525914,0.7580138277812697,0.8126684636118598,0.7102473498233216,0.4774436090225564,603,139,246,127,139,0.8796508980707578,0.8798579270334519
260,gap,tnr_0.7,0.048120095530385994,0.6895104895104895,0.8485370051635112,0.5806831566548881,0.6691729323308271,493,88,356,178,88,0.8796508980707578,0.8798579270334519
260,gap,robust_balanced,0.044570231328764476,0.70474879559532,0.847682119205298,0.6030624263839811,0.6541353383458647,512,92,337,174,92,0.8796508980707578,0.8798579270334519
261,absolute,best_f1,0.34921352213815304,0.8727465535524921,0.784556720686368,0.983273596176822,0.20141342756183744,823,226,14,57,226,0.8637264508998111,0.8642150144714135
261,absolute,tnr_0.5,0.47978406220422365,0.8176862507571169,0.8292383292383292,0.8064516129032258,0.508833922261484,675,139,162,144,139,0.8637264508998111,0.8642150144714135
261,absolute,tnr_0.7,0.5505529232665857,0.7178770949720671,0.8638655462184874,0.6140979689366786,0.7137809187279152,514,81,323,202,81,0.8637264508998111,0.8642150144714135
261,absolute,robust_balanced,0.5495953464415451,0.7186629526462396,0.8614357262103506,0.6164874551971327,0.7067137809187279,516,83,321,200,83,0.8637264508998111,0.8642150144714135
261,gap,best_f1,7.786060185943633e-05,0.85539090444558,0.7473214285714286,1.0,0.0,837,283,0,0,283,0.8713536931437892,0.871587169057902
261,gap,tnr_0.5,0.026668933984525914,0.7547649301143583,0.8059701492537313,0.7096774193548387,0.49469964664310956,594,143,243,140,143,0.8713536931437892,0.871587169057902
261,gap,tnr_0.7,0.048120095530385994,0.6932384341637011,0.8573943661971831,0.5818399044205496,0.7137809187279152,487,81,350,202,81,0.8713536931437892,0.871587169057902
261,gap,robust_balanced,0.044570231328764476,0.7113906359189378,0.8569023569023569,0.6081242532855436,0.6996466431095406,509,85,328,198,85,0.8713536931437892,0.871587169057902
262,absolute,best_f1,0.34921352213815304,0.876947877485223,0.7937743190661478,0.9795918367346939,0.22627737226277372,816,212,17,62,212,0.8877914966471301,0.8880707435608987
262,absolute,tnr_0.5,0.47978406220422365,0.823170731707317,0.8364312267657993,0.8103241296518607,0.5182481751824818,675,132,158,142,132,0.8877914966471301,0.8880707435608987
262,absolute,tnr_0.7,0.5505529232665857,0.7146853146853147,0.8559463986599665,0.6134453781512605,0.6861313868613139,511,86,322,188,86,0.8877914966471301,0.8880707435608987
262,absolute,robust_balanced,0.5495953464415451,0.7164804469273743,0.8564273789649416,0.6158463385354142,0.6861313868613139,513,86,320,188,86,0.8877914966471301,0.8880707435608987
262,gap,best_f1,7.786060185943633e-05,0.8592057761732852,0.7531645569620253,1.0,0.0036496350364963502,833,273,0,1,273,0.8659442244958659,0.8662245641606011
262,gap,tnr_0.5,0.026668933984525914,0.7712833545108005,0.8191632928475033,0.7286914765906363,0.5109489051094891,607,134,226,140,134,0.8659442244958659,0.8662245641606011
262,gap,tnr_0.7,0.048120095530385994,0.6937321937321937,0.8528896672504378,0.5846338535414166,0.6934306569343066,487,84,346,190,84,0.8659442244958659,0.8662245641606011
262,gap,robust_balanced,0.044570231328764476,0.708187543736879,0.8489932885906041,0.6074429771908764,0.6715328467153284,506,90,327,184,90,0.8659442244958659,0.8662245641606011
263,absolute,best_f1,0.34921352213815304,0.8716605552645365,0.7797563261480788,0.9881235154394299,0.17253521126760563,832,235,10,49,235,0.9041197315694054,0.9043205664760415
263,absolute,tnr_0.5,0.47978406220422365,0.8240291262135923,0.8424317617866005,0.8064133016627079,0.5528169014084507,679,127,163,157,127,0.9041197315694054,0.9043205664760415
263,absolute,tnr_0.7,0.5505529232665857,0.7498277050310131,0.8932676518883416,0.6460807600950119,0.7711267605633803,544,65,298,219,65,0.9041197315694054,0.9043205664760415
263,absolute,robust_balanced,0.5495953464415451,0.7489711934156379,0.8863636363636364,0.6484560570071259,0.7535211267605634,546,70,296,214,70,0.9041197315694054,0.9043205664760415
263,gap,best_f1,7.786060185943633e-05,0.8561260803253686,0.7484444444444445,1.0,0.0035211267605633804,842,283,0,1,283,0.8815814460311243,0.8817753847222519
263,gap,tnr_0.5,0.026668933984525914,0.7667087011349306,0.8172043010752689,0.7220902612826603,0.5211267605633803,608,136,234,148,136,0.8815814460311243,0.8817753847222519
263,gap,tnr_0.7,0.048120095530385994,0.703886925795053,0.8691099476439791,0.5914489311163895,0.7359154929577465,498,75,344,209,75,0.8815814460311243,0.8817753847222519
263,gap,robust_balanced,0.044570231328764476,0.7226074895977809,0.8683333333333333,0.6187648456057007,0.721830985915493,521,79,321,205,79,0.8815814460311243,0.8817753847222519
264,absolute,best_f1,0.34921352213815304,0.8697501329080276,0.7805343511450382,0.9819927971188476,0.1575091575091575,818,230,15,43,230,0.8994894294706679,0.899694381712333
264,absolute,tnr_0.5,0.47978406220422365,0.8305288461538461,0.8315282791817088,0.82953181272509,0.48717948717948717,691,140,142,133,140,0.8994894294706679,0.899694381712333
264,absolute,tnr_0.7,0.5505529232665857,0.7430939226519337,0.8747967479674796,0.6458583433373349,0.717948717948718,538,77,295,196,77,0.8994894294706679,0.899694381712333
264,absolute,robust_balanced,0.5495953464415451,0.7451790633608816,0.8739903069466882,0.6494597839135654,0.7142857142857143,541,78,292,195,78,0.8994894294706679,0.899694381712333
264,gap,best_f1,7.786060185943633e-05,0.8600929272070211,0.7545289855072463,1.0,0.007326007326007326,833,271,0,2,271,0.8776398675169086,0.8778424480880437
264,gap,tnr_0.5,0.026668933984525914,0.7588383838383839,0.800266311584554,0.7214885954381752,0.45054945054945056,601,150,232,123,150,0.8776398675169086,0.8778424480880437
264,gap,tnr_0.7,0.048120095530385994,0.6995073891625616,0.8452380952380952,0.5966386554621849,0.6666666666666666,497,91,336,182,91,0.8776398675169086,0.8778424480880437
264,gap,robust_balanced,0.044570231328764476,0.7141868512110726,0.8431372549019608,0.6194477791116446,0.6483516483516484,516,96,317,177,96,0.8776398675169086,0.8778424480880437
265,absolute,best_f1,0.34921352213815304,0.862533692722372,0.7744433688286544,0.9732360097323601,0.16487455197132617,800,233,22,46,233,0.876818145685737,0.8771500505287546
265,absolute,tnr_0.5,0.47978406220422365,0.8066298342541437,0.8141263940520446,0.7992700729927007,0.46236559139784944,657,150,165,129,150,0.876818145685737,0.8771500505287546
265,absolute,tnr_0.7,0.5505529232665857,0.6911447084233261,0.8465608465608465,0.583941605839416,0.6881720430107527,480,87,342,192,87,0.876818145685737,0.8771500505287546
265,absolute,robust_balanced,0.5495953464415451,0.6944045911047346,0.8461538461538461,0.5888077858880778,0.6845878136200717,484,88,338,191,88,0.876818145685737,0.8771500505287546
265,gap,best_f1,7.786060185943633e-05,0.855804268610099,0.7479526842584168,1.0,0.007168458781362007,822,277,0,2,277,0.8902088590703334,0.8903828743790955
265,gap,tnr_0.5,0.026668933984525914,0.7737789203084833,0.8201634877384196,0.732360097323601,0.5268817204301075,602,132,220,147,132,0.8902088590703334,0.8903828743790955
265,gap,tnr_0.7,0.048120095530385994,0.7134670487106017,0.867595818815331,0.6058394160583942,0.7275985663082437,498,76,324,203,76,0.8902088590703334,0.8903828743790955
265,gap,robust_balanced,0.044570231328764476,0.7300916138125441,0.8676716917922948,0.6301703163017032,0.7168458781362007,518,79,304,200,79,0.8902088590703334,0.8903828743790955
266,absolute,best_f1,0.34921352213815304,0.8612137203166227,0.7626168224299066,0.9890909090909091,0.10877192982456141,816,254,9,31,254,0.8986942844870515,0.8989128652452216
266,absolute,tnr_0.5,0.47978406220422365,0.8325301204819278,0.8275449101796407,0.8375757575757575,0.49473684210526314,691,144,134,141,144,0.8986942844870515,0.8989128652452216
266,absolute,tnr_0.7,0.5505529232665857,0.7551581843191196,0.8728139904610492,0.6654545454545454,0.7192982456140351,549,80,276,205,80,0.8986942844870515,0.8989128652452216
266,absolute,robust_balanced,0.5495953464415451,0.7580534612748457,0.8722397476340694,0.6703030303030303,0.7157894736842105,553,81,272,204,81,0.8986942844870515,0.8989128652452216
266,gap,best_f1,7.786060185943633e-05,0.8527131782945736,0.7432432432432432,1.0,0.0,825,285,0,0,285,0.8876893062525949,0.8878543958773696
266,gap,tnr_0.5,0.026668933984525914,0.7585318737926594,0.8090659340659341,0.713939393939394,0.512280701754386,589,139,236,146,139,0.8876893062525949,0.8878543958773696
266,gap,tnr_0.7,0.048120095530385994,0.7113328581610834,0.8633217993079585,0.6048484848484849,0.7228070175438597,499,79,326,206,79,0.8876893062525949,0.8878543958773696
266,gap,robust_balanced,0.044570231328764476,0.7210119465917076,0.8578595317725752,0.6218181818181818,0.7017543859649122,513,85,312,200,85,0.8876893062525949,0.8878543958773696
267,absolute,best_f1,0.34921352213815304,0.8587015821058375,0.7611218568665378,0.9849812265331664,0.08518518518518518,787,247,12,23,247,0.8962039103252085,0.8964196659687961
267,absolute,tnr_0.5,0.47978406220422365,0.8402439024390244,0.8192627824019025,0.8623279098873592,0.43703703703703706,689,152,110,118,152,0.8962039103252085,0.8964196659687961
267,absolute,tnr_0.7,0.5505529232665857,0.7620376831821354,0.861198738170347,0.6833541927409261,0.674074074074074,546,88,253,182,88,0.8962039103252085,0.8964196659687961
267,absolute,robust_balanced,0.5495953464415451,0.7671994440583739,0.8625,0.690863579474343,0.674074074074074,552,88,247,182,88,0.8962039103252085,0.8964196659687961
267,gap,best_f1,7.786060185943633e-05,0.8554603854389722,0.7474275023386342,1.0,0.0,799,270,0,0,270,0.8953212768519474,0.8955049801307547
267,gap,tnr_0.5,0.026668933984525914,0.7792553191489362,0.8312056737588652,0.7334167709637046,0.5592592592592592,586,119,213,151,119,0.8953212768519474,0.8955049801307547
267,gap,tnr_0.7,0.048120095530385994,0.7218155197657394,0.8694885361552028,0.6170212765957447,0.725925925925926,493,74,306,196,74,0.8953212768519474,0.8955049801307547
267,gap,robust_balanced,0.044570231328764476,0.7357811375089993,0.8661016949152542,0.639549436795995,0.7074074074074074,511,79,288,191,79,0.8953212768519474,0.8955049801307547
268,absolute,best_f1,0.34921352213815304,0.8687734333154794,0.7745940783190067,0.9890243902439024,0.16312056737588654,811,236,9,46,236,0.9039836867189728,0.9041724845300325
268,absolute,tnr_0.5,0.47978406220422365,0.8207663782447466,0.8320802005012531,0.8097560975609757,0.524822695035461,664,134,156,148,134,0.9039836867189728,0.9041724845300325
268,absolute,tnr_0.7,0.5505529232665857,0.7478753541076487,0.8918918918918919,0.6439024390243903,0.7730496453900709,528,64,292,218,64,0.9039836867189728,0.9041724845300325
268,absolute,robust_balanced,0.5495953464415451,0.7517630465444288,0.8913043478260869,0.65,0.7695035460992907,533,65,287,217,65,0.9039836867189728,0.9041724845300325
268,gap,best_f1,7.786060185943633e-05,0.8546117769671704,0.7461328480436761,1.0,0.010638297872340425,820,279,0,3,279,0.8847454084023625,0.8849923239280671
268,gap,tnr_0.5,0.026668933984525914,0.7791371538956857,0.82537517053206,0.7378048780487805,0.5460992907801419,605,128,215,154,128,0.8847454084023625,0.8849923239280671
268,gap,tnr_0.7,0.048120095530385994,0.71521268925739,0.8747795414462081,0.6048780487804878,0.74822695035461,496,71,324,211,71,0.8847454084023625,0.8849923239280671
268,gap,robust_balanced,0.044570231328764476,0.7343199436222692,0.8697829716193656,0.6353658536585366,0.723404255319149,521,78,299,204,78,0.8847454084023625,0.8849923239280671
269,absolute,best_f1,0.34921352213815304,0.8656233135456017,0.7674641148325358,0.9925742574257426,0.15331010452961671,802,243,6,44,243,0.8829511536464494,0.8832486437830456
269,absolute,tnr_0.5,0.47978406220422365,0.8100313479623824,0.820838627700127,0.7995049504950495,0.5087108013937283,646,141,162,146,141,0.8829511536464494,0.8832486437830456
269,absolute,tnr_0.7,0.5505529232665857,0.7106598984771574,0.8581436077057794,0.6064356435643564,0.7177700348432056,490,81,318,206,81,0.8829511536464494,0.8832486437830456
269,absolute,robust_balanced,0.5495953464415451,0.7148014440433214,0.8578856152512998,0.6126237623762376,0.7142857142857143,495,82,313,205,82,0.8829511536464494,0.8832486437830456
269,gap,best_f1,7.786060185943633e-05,0.8496319663512093,0.7385740402193784,1.0,0.003484320557491289,808,286,0,1,286,0.8520785631757765,0.8523583666343991
269,gap,tnr_0.5,0.026668933984525914,0.7344262295081967,0.7810320781032078,0.693069306930693,0.4529616724738676,560,157,248,130,157,0.8520785631757765,0.8523583666343991
269,gap,tnr_0.7,0.048120095530385994,0.659717051377513,0.8280373831775701,0.5482673267326733,0.6794425087108014,443,92,365,195,92,0.8520785631757765,0.8523583666343991
269,gap,robust_balanced,0.044570231328764476,0.673469387755102,0.8191489361702128,0.5717821782178217,0.6445993031358885,462,102,346,185,102,0.8520785631757765,0.8523583666343991
270,absolute,best_f1,0.34921352213815304,0.867579908675799,0.7779799818016379,0.9805045871559633,0.07224334600760456,855,244,17,19,244,0.8738969952695653,0.874200512023623
270,absolute,tnr_0.5,0.47978406220422365,0.8212450028555112,0.8179749715585893,0.8245412844036697,0.3916349809885932,719,160,153,103,160,0.8738969952695653,0.874200512023623
270,absolute,tnr_0.7,0.5505529232665857,0.7398843930635838,0.8408759124087591,0.6605504587155964,0.5855513307984791,576,109,296,154,109,0.8738969952695653,0.874200512023623
270,absolute,robust_balanced,0.5495953464415451,0.7413572343149808,0.8391304347826087,0.6639908256880734,0.5779467680608364,579,111,293,152,111,0.8738969952695653,0.874200512023623
270,gap,best_f1,7.786060185943633e-05,0.8689586447433981,0.7682819383259912,1.0,0.0,872,263,0,0,263,0.8769599895698577,0.8771785251355264
270,gap,tnr_0.5,0.026668933984525914,0.7719512195121951,0.82421875,0.7259174311926605,0.4866920152091255,633,135,239,128,135,0.8769599895698577,0.8771785251355264
270,gap,tnr_0.7,0.048120095530385994,0.7020847343644923,0.848780487804878,0.5986238532110092,0.6463878326996197,522,93,350,170,93,0.8769599895698577,0.8771785251355264
270,gap,robust_balanced,0.044570231328764476,0.7154150197628458,0.8405572755417957,0.6227064220183486,0.6083650190114068,543,103,329,160,103,0.8769599895698577,0.8771785251355264
271,absolute,best_f1,0.34921352213815304,0.8750664540138224,0.7905859750240154,0.9797619047619047,0.15503875968992248,823,218,17,40,218,0.8998617918267149,0.9001515733584385
271,absolute,tnr_0.5,0.47978406220422365,0.8339575530586767,0.8766404199475065,0.7952380952380952,0.6356589147286822,668,94,172,164,94,0.8998617918267149,0.9001515733584385
271,absolute,tnr_0.7,0.5505529232665857,0.721242060691602,0.8856152512998267,0.6083333333333333,0.7441860465116279,511,66,329,192,66,0.8998617918267149,0.9001515733584385
271,absolute,robust_balanced,0.5495953464415451,0.7221438645980254,0.8858131487889274,0.6095238095238096,0.7441860465116279,512,66,328,192,66,0.8998617918267149,0.9001515733584385
271,gap,best_f1,7.786060185943633e-05,0.8677685950413223,0.7664233576642335,1.0,0.007751937984496124,840,256,0,2,256,0.8828007185011609,0.88300762414699
271,gap,tnr_0.5,0.026668933984525914,0.7612903225806451,0.8309859154929577,0.7023809523809523,0.5348837209302325,590,120,250,138,120,0.8828007185011609,0.88300762414699
271,gap,tnr_0.7,0.048120095530385994,0.6676384839650146,0.8609022556390977,0.5452380952380952,0.7131782945736435,458,74,382,184,74,0.8828007185011609,0.88300762414699
271,gap,robust_balanced,0.044570231328764476,0.6950959488272921,0.8624338624338624,0.5821428571428572,0.6976744186046512,489,78,351,180,78,0.8828007185011609,0.88300762414699
272,absolute,best_f1,0.34921352213815304,0.8763693270735524,0.7894736842105263,0.984759671746776,0.18840579710144928,840,224,13,52,224,0.8814258968038877,0.8817505914850299
272,absolute,tnr_0.5,0.47978406220422365,0.8142857142857143,0.8270858524788391,0.8018757327080891,0.48188405797101447,684,143,169,133,143,0.8814258968038877,0.8817505914850299
272,absolute,tnr_0.7,0.5505529232665857,0.7205882352941176,0.838258164852255,0.6318874560375146,0.6231884057971014,539,104,314,172,104,0.8814258968038877,0.8817505914850299
272,absolute,robust_balanced,0.5495953464415451,0.7218145430286858,0.8374613003095975,0.634232121922626,0.6195652173913043,541,105,312,171,105,0.8814258968038877,0.8817505914850299
272,gap,best_f1,7.786060185943633e-05,0.8616161616161616,0.7568766637089619,1.0,0.007246376811594203,853,274,0,2,274,0.8934776599083373,0.8936629703224264
272,gap,tnr_0.5,0.026668933984525914,0.7850581751377832,0.8217948717948718,0.7514654161781946,0.4963768115942029,641,139,212,137,139,0.8934776599083373,0.8936629703224264
272,gap,tnr_0.7,0.048120095530385994,0.7165408373369938,0.8642384105960265,0.611957796014068,0.7028985507246377,522,82,331,194,82,0.8934776599083373,0.8936629703224264
272,gap,robust_balanced,0.044570231328764476,0.7367716008037508,0.859375,0.6447831184056272,0.6739130434782609,550,90,303,186,90,0.8934776599083373,0.8936629703224264
273,absolute,best_f1,0.34921352213815304,0.8676236044657097,0.7771428571428571,0.9819494584837545,0.13970588235294118,816,234,15,38,234,0.8797934612681796,0.8801142953490103
273,absolute,tnr_0.5,0.47978406220422365,0.8128019323671497,0.8157575757575758,0.8098676293622142,0.4411764705882353,673,152,158,120,152,0.8797934612681796,0.8801142953490103
273,absolute,tnr_0.7,0.5505529232665857,0.7351724137931035,0.8610662358642972,0.641395908543923,0.6838235294117647,533,86,298,186,86,0.8797934612681796,0.8801142953490103
273,absolute,robust_balanced,0.5495953464415451,0.7359009628610729,0.8587479935794543,0.6438026474127557,0.6764705882352942,535,88,296,184,88,0.8797934612681796,0.8801142953490103
273,gap,best_f1,7.786060185943633e-05,0.85980341438179,0.7540834845735027,1.0,0.003676470588235294,831,271,0,1,271,0.8854687655247568,0.8856600087591142
273,gap,tnr_0.5,0.026668933984525914,0.7719298245614035,0.8052287581699347,0.7412755716004813,0.4522058823529412,616,149,215,123,149,0.8854687655247568,0.8856600087591142
273,gap,tnr_0.7,0.048120095530385994,0.7215631542219121,0.8588039867109635,0.6221419975932612,0.6875,517,85,314,187,85,0.8854687655247568,0.8856600087591142
273,gap,robust_balanced,0.044570231328764476,0.7368421052631579,0.8528481012658228,0.6486161251504212,0.6580882352941176,539,93,292,179,93,0.8854687655247568,0.8856600087591142
274,absolute,best_f1,0.34921352213815304,0.8678251711427067,0.7737089201877935,0.988009592326139,0.15140845070422534,824,241,10,43,241,0.8856181520112764,0.8858944313202635
274,absolute,tnr_0.5,0.47978406220422365,0.8134777376654633,0.8164251207729468,0.8105515587529976,0.4647887323943662,676,152,158,132,152,0.8856181520112764,0.8858944313202635
274,absolute,tnr_0.7,0.5505529232665857,0.7307692307692307,0.8553054662379421,0.6378896882494005,0.6830985915492958,532,90,302,194,90,0.8856181520112764,0.8858944313202635
274,absolute,robust_balanced,0.5495953464415451,0.7315068493150685,0.853035143769968,0.6402877697841727,0.676056338028169,534,92,300,192,92,0.8856181520112764,0.8858944313202635
274,gap,best_f1,7.786060185943633e-05,0.8545081967213115,0.7459749552772809,1.0,0.0,834,284,0,0,284,0.8816340786148247,0.8818452061139892
274,gap,tnr_0.5,0.026668933984525914,0.7672090112640801,0.8023560209424084,0.7350119904076738,0.46830985915492956,613,151,221,133,151,0.8816340786148247,0.8818452061139892
274,gap,tnr_0.7,0.048120095530385994,0.7101346562721474,0.8682842287694974,0.6007194244604317,0.7323943661971831,501,76,333,208,76,0.8816340786148247,0.8818452061139892
274,gap,robust_balanced,0.044570231328764476,0.7195546276965901,0.857379767827529,0.6199040767386091,0.6971830985915493,517,86,317,198,86,0.8816340786148247,0.8818452061139892
275,absolute,best_f1,0.34921352213815304,0.8633474576271186,0.7703213610586012,0.9819277108433735,0.09328358208955224,815,243,15,25,243,0.8978190937789171,0.8980938792736507
275,absolute,tnr_0.5,0.47978406220422365,0.823247453565009,0.8188319427890346,0.827710843373494,0.43283582089552236,687,152,143,116,152,0.8978190937789171,0.8980938792736507
275,absolute,tnr_0.7,0.5505529232665857,0.7520661157024794,0.8778135048231511,0.6578313253012048,0.7164179104477612,546,76,284,192,76,0.8978190937789171,0.8980938792736507
275,absolute,robust_balanced,0.5495953464415451,0.7532646048109966,0.8768,0.6602409638554216,0.7126865671641791,548,77,282,191,77,0.8978190937789171,0.8980938792736507
275,gap,best_f1,7.786060185943633e-05,0.8614426569797613,0.7566089334548769,1.0,0.0037313432835820895,830,267,0,1,267,0.8893559464755207,0.8895640838239297
275,gap,tnr_0.5,0.026668933984525914,0.7894073139974779,0.828042328042328,0.7542168674698795,0.5149253731343284,626,130,204,138,130,0.8893559464755207,0.8895640838239297
275,gap,tnr_0.7,0.048120095530385994,0.7259985984583042,0.8676716917922948,0.6240963855421687,0.7052238805970149,518,79,312,189,79,0.8893559464755207,0.8895640838239297
275,gap,robust_balanced,0.044570231328764476,0.7412008281573499,0.8675282714054927,0.6469879518072289,0.6940298507462687,537,82,293,186,82,0.8893559464755207,0.8895640838239297
276,absolute,best_f1,0.34921352213815304,0.8737060041407867,0.793233082706767,0.9723502304147466,0.14396887159533073,844,220,24,37,220,0.8711336372536568,0.8714831946782342
276,absolute,tnr_0.5,0.47978406220422365,0.8202182653647329,0.8178694158075601,0.8225806451612904,0.38132295719844356,714,159,154,98,159,0.8711336372536568,0.8714831946782342
276,absolute,tnr_0.7,0.5505529232665857,0.7395626242544732,0.8705148205928237,0.6428571428571429,0.6770428015564203,558,83,310,174,83,0.8711336372536568,0.8714831946782342
276,absolute,robust_balanced,0.5495953464415451,0.7432343234323432,0.8701700154559505,0.6486175115207373,0.6731517509727627,563,84,305,173,84,0.8711336372536568,0.8714831946782342
276,gap,best_f1,7.786060185943633e-05,0.8714859437751004,0.7722419928825622,1.0,0.0038910505836575876,868,256,0,1,256,0.8849340368816607,0.8851835554003122
276,gap,tnr_0.5,0.026668933984525914,0.7744733581164808,0.8378016085790885,0.7200460829493087,0.5291828793774319,625,121,243,136,121,0.8849340368816607,0.8851835554003122
276,gap,tnr_0.7,0.048120095530385994,0.7136986301369863,0.8800675675675675,0.6002304147465438,0.7237354085603113,521,71,347,186,71,0.8849340368816607,0.8851835554003122
276,gap,robust_balanced,0.044570231328764476,0.7294751009421265,0.8770226537216829,0.6244239631336406,0.7042801556420234,542,76,326,181,76,0.8849340368816607,0.8851835554003122
277,absolute,best_f1,0.34921352213815304,0.8606513614522157,0.7647058823529411,0.9841269841269841,0.1111111111111111,806,248,13,31,248,0.8722385033507357,0.8725074710858458
277,absolute,tnr_0.5,0.47978406220422365,0.8201701093560145,0.8162031438935913,0.8241758241758241,0.4551971326164875,675,152,144,127,152,0.8722385033507357,0.8725074710858458
277,absolute,tnr_0.7,0.5505529232665857,0.7245762711864406,0.8592964824120602,0.6263736263736264,0.6989247311827957,513,84,306,195,84,0.8722385033507357,0.8725074710858458
277,absolute,robust_balanced,0.5495953464415451,0.7276565798733287,0.8588039867109635,0.6312576312576312,0.6953405017921147,517,85,302,194,85,0.8722385033507357,0.8725074710858458
277,gap,best_f1,7.786060185943633e-05,0.8553524804177546,0.7472627737226277,1.0,0.007168458781362007,819,277,0,2,277,0.8774578243509241,0.8776871504209353
277,gap,tnr_0.5,0.026668933984525914,0.781389420012747,0.8173333333333334,0.7484737484737485,0.5089605734767025,613,137,206,142,137,0.8774578243509241,0.8776871504209353
277,gap,tnr_0.7,0.048120095530385994,0.7093105899076049,0.8486394557823129,0.6092796092796092,0.6810035842293907,499,89,320,190,89,0.8774578243509241,0.8776871504209353
277,gap,robust_balanced,0.044570231328764476,0.7256267409470752,0.8444084278768234,0.6361416361416361,0.6559139784946236,521,96,298,183,96,0.8774578243509241,0.8776871504209353
278,absolute,best_f1,0.34921352213815304,0.8725490196078431,0.7807017543859649,0.9888888888888889,0.13127413127413126,801,225,9,34,225,0.8852512944411044,0.8855270743065102
278,absolute,tnr_0.5,0.47978406220422365,0.8435788192331102,0.8319327731092437,0.8555555555555555,0.4594594594594595,693,140,117,119,140,0.8852512944411044,0.8855270743065102
278,absolute,tnr_0.7,0.5505529232665857,0.7439278278972935,0.849445324881141,0.6617283950617284,0.6332046332046332,536,95,274,164,95,0.8852512944411044,0.8855270743065102
278,absolute,robust_balanced,0.5495953464415451,0.7468879668049793,0.8490566037735849,0.6666666666666666,0.6293436293436293,540,96,270,163,96,0.8852512944411044,0.8855270743065102
278,gap,best_f1,7.786060185943633e-05,0.8621607237892496,0.7577174929840973,1.0,0.0,810,259,0,0,259,0.8696166364283668,0.869867382401509
278,gap,tnr_0.5,0.026668933984525914,0.7714101738570509,0.8061911170928667,0.7395061728395061,0.444015444015444,599,144,211,115,144,0.8696166364283668,0.869867382401509
278,gap,tnr_0.7,0.048120095530385994,0.7092605886575736,0.8473413379073756,0.6098765432098765,0.6563706563706564,494,89,316,170,89,0.8696166364283668,0.869867382401509
278,gap,robust_balanced,0.044570231328764476,0.7245762711864406,0.8465346534653465,0.6333333333333333,0.640926640926641,513,93,297,166,93,0.8696166364283668,0.869867382401509
279,absolute,best_f1,0.34921352213815304,0.8665620094191523,0.7840909090909091,0.968421052631579,0.14606741573033707,828,228,27,39,228,0.8814587746972514,0.8816970226668329
279,absolute,tnr_0.5,0.47978406220422365,0.8126491646778043,0.8294762484774665,0.7964912280701755,0.4756554307116105,681,140,174,127,140,0.8814587746972514,0.8816970226668329
279,absolute,tnr_0.7,0.5505529232665857,0.7254374158815612,0.8541996830427893,0.6304093567251462,0.6554307116104869,539,92,316,175,92,0.8814587746972514,0.8816970226668329
279,absolute,robust_balanced,0.5495953464415451,0.7271505376344086,0.8546603475513428,0.632748538011696,0.6554307116104869,541,92,314,175,92,0.8814587746972514,0.8816970226668329
279,gap,best_f1,7.786060185943633e-05,0.8658227848101265,0.7633928571428571,1.0,0.00749063670411985,855,265,0,2,265,0.8886414154194617,0.8888047372803708
279,gap,tnr_0.5,0.026668933984525914,0.7523510971786834,0.8108108108108109,0.7017543859649122,0.4756554307116105,600,140,255,127,140,0.8886414154194617,0.8888047372803708
279,gap,tnr_0.7,0.048120095530385994,0.6965662228451296,0.8688811188811189,0.5812865497076023,0.7191011235955056,497,75,358,192,75,0.8886414154194617,0.8888047372803708
279,gap,robust_balanced,0.044570231328764476,0.7133058984910837,0.8623548922056384,0.6081871345029239,0.6891385767790262,520,83,335,184,83,0.8886414154194617,0.8888047372803708
280,absolute,best_f1,0.34921352213815304,0.8629117959617428,0.7725975261655567,0.9771359807460891,0.14336917562724014,812,239,19,40,239,0.8995390504893415,0.899736731819064
280,absolute,tnr_0.5,0.47978406220422365,0.8246041412911084,0.8347718865598027,0.8146811070998796,0.5197132616487455,677,134,154,145,134,0.8995390504893415,0.899736731819064
280,absolute,tnr_0.7,0.5505529232665857,0.747766323024055,0.8717948717948718,0.6546329723225031,0.7132616487455197,544,80,287,199,80,0.8995390504893415,0.899736731819064
280,absolute,robust_balanced,0.5495953464415451,0.7498286497601097,0.8710191082802548,0.6582430806257521,0.7096774193548387,547,81,284,198,81,0.8995390504893415,0.899736731819064
280,gap,best_f1,7.786060185943633e-05,0.856701030927835,0.7493237150586114,1.0,0.0035842293906810036,831,278,0,1,278,0.8791189608185714,0.8793373689172184
280,gap,tnr_0.5,0.026668933984525914,0.7712665406427222,0.8095238095238095,0.7364620938628159,0.4838709677419355,612,144,219,135,144,0.8791189608185714,0.8793373689172184
280,gap,tnr_0.7,0.048120095530385994,0.7062146892655368,0.8547008547008547,0.601684717208183,0.6953405017921147,500,85,331,194,85,0.8791189608185714,0.8793373689172184
280,gap,robust_balanced,0.044570231328764476,0.7310344827586207,0.8562197092084006,0.6377858002406739,0.6810035842293907,530,89,301,190,89,0.8791189608185714,0.8793373689172184
281,absolute,best_f1,0.34921352213815304,0.8587135788894997,0.764187866927593,0.9799247176913425,0.10074626865671642,781,241,16,27,241,0.8969769660161399,0.8972527892302226
281,absolute,tnr_0.5,0.47978406220422365,0.8030398986700443,0.8107416879795396,0.795483061480552,0.44776119402985076,634,148,163,120,148,0.8969769660161399,0.8972527892302226
281,absolute,tnr_0.7,0.5505529232665857,0.7171492204899778,0.8781818181818182,0.6060225846925973,0.75,483,67,314,201,67,0.8969769660161399,0.8972527892302226
281,absolute,robust_balanced,0.5495953464415451,0.7197640117994101,0.8729874776386404,0.6122961104140527,0.7350746268656716,488,71,309,197,71,0.8969769660161399,0.8972527892302226
281,gap,best_f1,7.786060185943633e-05,0.8565287479849544,0.7490601503759399,1.0,0.0037313432835820895,797,267,0,1,267,0.8620349429269788,0.862349653402724
281,gap,tnr_0.5,0.026668933984525914,0.7692307692307693,0.8237822349570201,0.7214554579673776,0.5410447761194029,575,123,222,145,123,0.8620349429269788,0.862349653402724
281,gap,tnr_0.7,0.048120095530385994,0.6841710427606902,0.8507462686567164,0.5721455457967378,0.7014925373134329,456,80,341,188,80,0.8620349429269788,0.862349653402724
281,gap,robust_balanced,0.044570231328764476,0.7133479212253829,0.8519163763066202,0.6135508155583438,0.6828358208955224,489,85,308,183,85,0.8620349429269788,0.862349653402724
282,absolute,best_f1,0.34921352213815304,0.8594249201277955,0.7649289099526067,0.9805589307411907,0.11743772241992882,807,248,16,33,248,0.8606498659261721,0.8610019405746129
282,absolute,tnr_0.5,0.47978406220422365,0.8178993163455562,0.8371501272264631,0.7995139732685298,0.5444839857651246,658,128,165,153,128,0.8606498659261721,0.8610019405746129
282,absolute,tnr_0.7,0.5505529232665857,0.7005730659025788,0.8534031413612565,0.5941676792223572,0.701067615658363,489,84,334,197,84,0.8606498659261721,0.8610019405746129
282,absolute,robust_balanced,0.5495953464415451,0.7056307911617962,0.853448275862069,0.6014580801944107,0.697508896797153,495,85,328,196,85,0.8606498659261721,0.8610019405746129
282,gap,best_f1,7.786060185943633e-05,0.8541774779449922,0.7454710144927537,1.0,0.0,823,281,0,0,281,0.8604945007918523,0.8607450426790515
282,gap,tnr_0.5,0.026668933984525914,0.7402597402597403,0.7949790794979079,0.692588092345079,0.47686832740213525,570,147,253,134,147,0.8604945007918523,0.8607450426790515
282,gap,tnr_0.7,0.048120095530385994,0.667632150615496,0.8261648745519713,0.560145808019441,0.6548042704626335,461,97,362,184,97,0.8604945007918523,0.8607450426790515
282,gap,robust_balanced,0.044570231328764476,0.692144373673036,0.8288135593220339,0.5941676792223572,0.6405693950177936,489,101,334,180,101,0.8604945007918523,0.8607450426790515
283,absolute,best_f1,0.34921352213815304,0.864951768488746,0.7707736389684814,0.9853479853479854,0.13978494623655913,807,240,12,39,240,0.8865806379706778,0.8868271767381389
283,absolute,tnr_0.5,0.47978406220422365,0.8167985392574558,0.8143203883495146,0.8192918192918193,0.45161290322580644,671,153,148,126,153,0.8865806379706778,0.8868271767381389
283,absolute,tnr_0.7,0.5505529232665857,0.7256140350877193,0.8531353135313532,0.6312576312576312,0.6810035842293907,517,89,302,190,89,0.8865806379706778,0.8868271767381389
283,absolute,robust_balanced,0.5495953464415451,0.72778166550035,0.8524590163934426,0.6349206349206349,0.6774193548387096,520,90,299,189,90,0.8865806379706778,0.8868271767381389
283,gap,best_f1,7.786060185943633e-05,0.8553524804177546,0.7472627737226277,1.0,0.007168458781362007,819,277,0,2,277,0.8616811216815153,0.8620270366561577
283,gap,tnr_0.5,0.026668933984525914,0.7827739075364154,0.8131578947368421,0.7545787545787546,0.4910394265232975,618,142,201,137,142,0.8616811216815153,0.8620270366561577
283,gap,tnr_0.7,0.048120095530385994,0.7272727272727273,0.851063829787234,0.6349206349206349,0.6738351254480287,520,91,299,188,91,0.8616811216815153,0.8620270366561577
283,gap,robust_balanced,0.044570231328764476,0.7455295735900963,0.8535433070866142,0.6617826617826618,0.6666666666666666,542,93,277,186,93,0.8616811216815153,0.8620270366561577
284,absolute,best_f1,0.34921352213815304,0.865979381443299,0.7713498622589532,0.9870740305522914,0.12014134275618374,840,249,11,34,249,0.8988438265450359,0.8989985543617238
284,absolute,tnr_0.5,0.47978406220422365,0.7956730769230769,0.8142681426814268,0.7779083431257344,0.4664310954063604,662,151,189,132,151,0.8988438265450359,0.8989985543617238
284,absolute,tnr_0.7,0.5505529232665857,0.6891701828410689,0.8581436077057794,0.5757931844888367,0.7137809187279152,490,81,361,202,81,0.8988438265450359,0.8989985543617238
284,absolute,robust_balanced,0.5495953464415451,0.6919298245614035,0.8588850174216028,0.5793184488836662,0.7137809187279152,493,81,358,202,81,0.8988438265450359,0.8989985543617238
284,gap,best_f1,7.786060185943633e-05,0.8578629032258065,0.7511032656663724,1.0,0.0035335689045936395,851,282,0,1,282,0.880217214451998,0.880427265280253
284,gap,tnr_0.5,0.026668933984525914,0.7622641509433963,0.8200270635994588,0.7121034077555817,0.5300353356890459,606,133,245,150,133,0.880217214451998,0.880427265280253
284,gap,tnr_0.7,0.048120095530385994,0.6761972837741244,0.8631386861313869,0.5558166862514688,0.734982332155477,473,75,378,208,75,0.880217214451998,0.880427265280253
284,gap,robust_balanced,0.044570231328764476,0.7034193998604327,0.865979381443299,0.5922444183313749,0.7243816254416962,504,78,347,205,78,0.880217214451998,0.880427265280253
285,absolute,best_f1,0.34921352213815304,0.8713991769547325,0.7784926470588235,0.9894859813084113,0.08015267175572519,847,241,9,21,241,0.8936544832473231,0.8938631237207467
285,absolute,tnr_0.5,0.47978406220422365,0.8210526315789474,0.8220140515222483,0.8200934579439252,0.4198473282442748,702,152,154,110,152,0.8936544832473231,0.8938631237207467
285,absolute,tnr_0.7,0.5505529232665857,0.7225981055480379,0.8585209003215434,0.6238317757009346,0.6641221374045801,534,88,322,174,88,0.8936544832473231,0.8938631237207467
285,absolute,robust_balanced,0.5495953464415451,0.725925925925926,0.8569157392686805,0.6296728971962616,0.6564885496183206,539,90,317,172,90,0.8936544832473231,0.8938631237207467
285,gap,best_f1,7.786060185943633e-05,0.8681541582150102,0.7670250896057348,1.0,0.007633587786259542,856,260,0,2,260,0.8855430544081725,0.8857585892764067
285,gap,tnr_0.5,0.026668933984525914,0.7785234899328859,0.8148148148148148,0.7453271028037384,0.44656488549618323,638,145,218,117,145,0.8855430544081725,0.8857585892764067
285,gap,tnr_0.7,0.048120095530385994,0.7198917456021651,0.8553054662379421,0.6214953271028038,0.6564885496183206,532,90,324,172,90,0.8855430544081725,0.8857585892764067
285,gap,robust_balanced,0.044570231328764476,0.7330677290836654,0.8492307692307692,0.6448598130841121,0.6259541984732825,552,98,304,164,98,0.8855430544081725,0.8857585892764067
286,absolute,best_f1,0.34921352213815304,0.8758029978586723,0.7903381642512077,0.9819927971188476,0.1811320754716981,818,217,15,48,217,0.9031376919740248,0.9033805165334484
286,absolute,tnr_0.5,0.47978406220422365,0.8237454100367197,0.8401997503121099,0.8079231692677071,0.5169811320754717,673,128,160,137,128,0.9031376919740248,0.9033805165334484
286,absolute,tnr_0.7,0.5505529232665857,0.7463312368972747,0.8929765886287625,0.6410564225690276,0.7584905660377359,534,64,299,201,64,0.9031376919740248,0.9033805165334484
286,absolute,robust_balanced,0.5495953464415451,0.7501739735560194,0.8923841059602649,0.6470588235294118,0.7547169811320755,539,65,294,200,65,0.9031376919740248,0.9033805165334484
286,gap,best_f1,7.786060185943633e-05,0.8636599274235355,0.760036496350365,1.0,0.007547169811320755,833,263,0,2,263,0.901761410198747,0.9019399636669001
286,gap,tnr_0.5,0.026668933984525914,0.7833865814696486,0.837431693989071,0.7358943577430972,0.5509433962264151,613,119,220,146,119,0.901761410198747,0.9019399636669001
286,gap,tnr_0.7,0.048120095530385994,0.7113997113997114,0.891500904159132,0.5918367346938775,0.7735849056603774,493,60,340,205,60,0.901761410198747,0.9019399636669001
286,gap,robust_balanced,0.044570231328764476,0.7343199436222692,0.8890784982935154,0.6254501800720288,0.7547169811320755,521,65,312,200,65,0.901761410198747,0.9019399636669001
287,absolute,best_f1,0.34921352213815304,0.869653767820774,0.7784867821330902,0.9850057670126874,0.15625,854,243,13,45,243,0.8741817455779646,0.8744648417889076
287,absolute,tnr_0.5,0.47978406220422365,0.8165404775771695,0.8247058823529412,0.8085351787773933,0.4826388888888889,701,149,166,139,149,0.8741817455779646,0.8744648417889076
287,absolute,tnr_0.7,0.5505529232665857,0.7050938337801609,0.8416,0.6066897347174164,0.65625,526,99,341,189,99,0.8741817455779646,0.8744648417889076
287,absolute,robust_balanced,0.5495953464415451,0.7076923076923077,0.8423566878980892,0.6101499423298731,0.65625,529,99,338,189,99,0.8741817455779646,0.8744648417889076
287,gap,best_f1,7.786060185943633e-05,0.8584158415841584,0.7519514310494363,1.0,0.006944444444444444,867,286,0,2,286,0.8673388439135944,0.8676212460491468
287,gap,tnr_0.5,0.026668933984525914,0.7683890577507598,0.8123393316195373,0.7289504036908881,0.4930555555555556,632,146,235,142,146,0.8673388439135944,0.8676212460491468
287,gap,tnr_0.7,0.048120095530385994,0.702557200538358,0.8432956381260097,0.6020761245674741,0.6631944444444444,522,97,345,191,97,0.8673388439135944,0.8676212460491468
287,gap,robust_balanced,0.044570231328764476,0.7187293183322303,0.843167701863354,0.6262975778546713,0.6493055555555556,543,101,324,187,101,0.8673388439135944,0.8676212460491468
288,absolute,best_f1,0.34921352213815304,0.863013698630137,0.7711864406779662,0.9796650717703349,0.15916955017301038,819,243,17,46,243,0.8791924775079363,0.8795325018393125
288,absolute,tnr_0.5,0.47978406220422365,0.8185096153846154,0.822463768115942,0.8145933014354066,0.4913494809688581,681,147,155,142,147,0.8791924775079363,0.8795325018393125
288,absolute,tnr_0.7,0.5505529232665857,0.7230240549828179,0.8497576736672051,0.6291866028708134,0.6782006920415224,526,93,310,196,93,0.8791924775079363,0.8795325018393125
288,absolute,robust_balanced,0.5495953464415451,0.7239010989010989,0.85,0.6303827751196173,0.6782006920415224,527,93,309,196,93,0.8791924775079363,0.8795325018393125
288,gap,best_f1,7.786060185943633e-05,0.8526262111167772,0.7431111111111111,1.0,0.0,836,289,0,0,289,0.8783388038159538,0.8785676510279764
288,gap,tnr_0.5,0.026668933984525914,0.7631746031746032,0.8132611637347767,0.7188995215311005,0.5224913494809689,601,138,235,151,138,0.8783388038159538,0.8785676510279764
288,gap,tnr_0.7,0.048120095530385994,0.7095871238628412,0.8549747048903878,0.6064593301435407,0.7024221453287197,507,86,329,203,86,0.8783388038159538,0.8785676510279764
288,gap,robust_balanced,0.044570231328764476,0.7230240549828179,0.8497576736672051,0.6291866028708134,0.6782006920415224,526,93,310,196,93,0.8783388038159538,0.8785676510279764
289,absolute,best_f1,0.34921352213815304,0.8841201716738197,0.7984496124031008,0.9903846153846154,0.20610687022900764,824,208,8,54,208,0.908487494970176,0.9087539981672332
289,absolute,tnr_0.5,0.47978406220422365,0.8609271523178808,0.8624849215922799,0.859375,0.5648854961832062,715,114,117,148,114,0.908487494970176,0.9087539981672332
289,absolute,tnr_0.7,0.5505529232665857,0.7750677506775068,0.8881987577639752,0.6875,0.7251908396946565,572,72,260,190,72,0.908487494970176,0.9087539981672332
289,absolute,robust_balanced,0.5495953464415451,0.777552400270453,0.8887171561051005,0.6911057692307693,0.7251908396946565,575,72,257,190,72,0.908487494970176,0.9087539981672332
289,gap,best_f1,7.786060185943633e-05,0.8639667705088265,0.7605118829981719,1.0,0.0,832,262,0,0,262,0.9015317493796438,0.9017036300410455
289,gap,tnr_0.5,0.026668933984525914,0.7972636815920398,0.8260309278350515,0.7704326923076923,0.4847328244274809,641,135,191,127,135,0.9015317493796438,0.9017036300410455
289,gap,tnr_0.7,0.048120095530385994,0.7386124737210932,0.8857142857142857,0.6334134615384616,0.7404580152671756,527,68,305,194,68,0.9015317493796438,0.9017036300410455
289,gap,robust_balanced,0.044570231328764476,0.7548209366391184,0.8838709677419355,0.6586538461538461,0.7251908396946565,548,72,284,190,72,0.9015317493796438,0.9017036300410455
290,absolute,best_f1,0.34921352213815304,0.8610098906819365,0.7643253234750462,0.9856972586412396,0.14429530201342283,827,255,12,43,255,0.8777729235062168,0.8780901688125893
290,absolute,tnr_0.5,0.47978406220422365,0.8146370725854829,0.8200483091787439,0.8092967818831943,0.5,679,149,160,149,149,0.8777729235062168,0.8780901688125893
290,absolute,tnr_0.7,0.5505529232665857,0.7147814018043026,0.8554817275747508,0.6138259833134684,0.7080536912751678,515,87,324,211,87,0.8777729235062168,0.8780901688125893
290,absolute,robust_balanced,0.5495953464415451,0.7182320441988951,0.8538587848932676,0.6197854588796186,0.7013422818791947,520,89,319,209,89,0.8777729235062168,0.8780901688125893
290,gap,best_f1,7.786060185943633e-05,0.8491902834008097,0.7379067722075637,1.0,0.0,839,298,0,0,298,0.8587223410933084,0.8590202302833991
290,gap,tnr_0.5,0.026668933984525914,0.7596702599873177,0.8116531165311653,0.7139451728247914,0.5335570469798657,599,139,240,159,139,0.8587223410933084,0.8590202302833991
290,gap,tnr_0.7,0.048120095530385994,0.6901408450704225,0.8433734939759037,0.5840286054827175,0.6946308724832215,490,91,349,207,91,0.8587223410933084,0.8590202302833991
290,gap,robust_balanced,0.044570231328764476,0.7122153209109731,0.8459016393442623,0.6150178784266984,0.6845637583892618,516,94,323,204,94,0.8587223410933084,0.8590202302833991
291,absolute,best_f1,0.34921352213815304,0.8717948717948718,0.7771428571428571,0.9927007299270073,0.145985401459854,816,234,6,40,234,0.8946192565362087,0.8948270066663806
291,absolute,tnr_0.5,0.47978406220422365,0.828002414001207,0.8215568862275449,0.8345498783454988,0.4562043795620438,686,149,136,125,149,0.8946192565362087,0.8948270066663806
291,absolute,tnr_0.7,0.5505529232665857,0.7527624309392266,0.8706070287539937,0.6630170316301703,0.7043795620437956,545,81,277,193,81,0.8946192565362087,0.8948270066663806
291,absolute,robust_balanced,0.5495953464415451,0.755677907777013,0.8700475435816165,0.6678832116788321,0.7007299270072993,549,82,273,192,82,0.8946192565362087,0.8948270066663806
291,gap,best_f1,7.786060185943633e-05,0.8580375782881002,0.7513711151736746,1.0,0.0072992700729927005,822,272,0,2,272,0.8915863127171263,0.8917517123581535
291,gap,tnr_0.5,0.026668933984525914,0.7718631178707225,0.8055555555555556,0.7408759124087592,0.4635036496350365,609,147,213,127,147,0.8915863127171263,0.8917517123581535
291,gap,tnr_0.7,0.048120095530385994,0.7243319268635724,0.8583333333333333,0.6265206812652068,0.6897810218978102,515,85,307,189,85,0.8915863127171263,0.8917517123581535
291,gap,robust_balanced,0.044570231328764476,0.7335640138408305,0.8507223113964687,0.6447688564476886,0.6605839416058394,530,93,292,181,93,0.8915863127171263,0.8917517123581535
292,absolute,best_f1,0.34921352213815304,0.8660470202296336,0.7734375,0.9838509316770186,0.16546762589928057,792,232,13,46,232,0.9076263052689933,0.9078192773713977
292,absolute,tnr_0.5,0.47978406220422365,0.8319800124921923,0.8366834170854272,0.8273291925465839,0.5323741007194245,666,130,139,148,130,0.9076263052689933,0.9078192773713977
292,absolute,tnr_0.7,0.5505529232665857,0.7284671532846715,0.8831858407079646,0.6198757763975156,0.762589928057554,499,66,306,212,66,0.9076263052689933,0.9078192773713977
292,absolute,robust_balanced,0.5495953464415451,0.7340116279069767,0.8844133099824869,0.6273291925465838,0.762589928057554,505,66,300,212,66,0.9076263052689933,0.9078192773713977
292,gap,best_f1,7.786060185943633e-05,0.8527542372881356,0.7433056325023084,1.0,0.0,805,278,0,0,278,0.8769880248036135,0.8772324992666715
292,gap,tnr_0.5,0.026668933984525914,0.7418278852568378,0.8011527377521613,0.6906832298136646,0.5035971223021583,556,138,249,140,138,0.8769880248036135,0.8772324992666715
292,gap,tnr_0.7,0.048120095530385994,0.6757990867579908,0.8722986247544204,0.5515527950310559,0.7661870503597122,444,65,361,213,65,0.8769880248036135,0.8772324992666715
292,gap,robust_balanced,0.044570231328764476,0.6997776130467013,0.8676470588235294,0.5863354037267081,0.7410071942446043,472,72,333,206,72,0.8769880248036135,0.8772324992666715
293,absolute,best_f1,0.34921352213815304,0.8643326039387309,0.7699805068226121,0.9850374064837906,0.13553113553113552,790,236,12,37,236,0.8891127439928606,0.8893800273876719
293,absolute,tnr_0.5,0.47978406220422365,0.8229363579080026,0.8318471337579618,0.814214463840399,0.5164835164835165,653,132,149,141,132,0.8891127439928606,0.8893800273876719
293,absolute,tnr_0.7,0.5505529232665857,0.7271407837445574,0.8697916666666666,0.6246882793017456,0.7252747252747253,501,75,301,198,75,0.8891127439928606,0.8893800273876719
293,absolute,robust_balanced,0.5495953464415451,0.7279305354558611,0.8672413793103448,0.6271820448877805,0.717948717948718,503,77,299,196,77,0.8891127439928606,0.8893800273876719
293,gap,best_f1,7.786060185943633e-05,0.8550106609808102,0.7467411545623837,1.0,0.003663003663003663,802,272,0,1,272,0.8737814571469086,0.874007111860598
293,gap,tnr_0.5,0.026668933984525914,0.7680209698558322,0.8093922651933702,0.7306733167082294,0.4945054945054945,586,138,216,135,138,0.8737814571469086,0.874007111860598
293,gap,tnr_0.7,0.048120095530385994,0.7,0.8530465949820788,0.5935162094763092,0.6996336996336996,476,82,326,191,82,0.8737814571469086,0.874007111860598
293,gap,robust_balanced,0.044570231328764476,0.720863309352518,0.8520408163265306,0.6246882793017456,0.6813186813186813,501,87,301,186,87,0.8737814571469086,0.874007111860598
294,absolute,best_f1,0.34921352213815304,0.8671113391482812,0.7766544117647058,0.9814169570267132,0.1413427561837456,845,243,16,40,243,0.9126598461963933,0.9128780721457894
294,absolute,tnr_0.5,0.47978406220422365,0.839622641509434,0.8526946107784431,0.826945412311266,0.5653710247349824,712,123,149,160,123,0.9126598461963933,0.9128780721457894
294,absolute,tnr_0.7,0.5505529232665857,0.7645901639344262,0.8780120481927711,0.6771196283391405,0.7137809187279152,583,81,278,202,81,0.9126598461963933,0.9128780721457894
294,absolute,robust_balanced,0.5495953464415451,0.7665140614780902,0.8772455089820359,0.6806039488966318,0.7102473498233216,586,82,275,201,82,0.9126598461963933,0.9128780721457894
294,gap,best_f1,7.786060185943633e-05,0.8597104343484773,0.7539404553415061,1.0,0.007067137809187279,861,281,0,2,281,0.8952486500973368,0.8954126815365878
294,gap,tnr_0.5,0.026668933984525914,0.798094103633115,0.8190709046454768,0.778164924506388,0.47703180212014135,670,148,191,135,148,0.8952486500973368,0.8954126815365878
294,gap,tnr_0.7,0.048120095530385994,0.7518104015799868,0.8677811550151976,0.6631823461091754,0.6925795053003534,571,87,290,196,87,0.8952486500973368,0.8954126815365878
294,gap,robust_balanced,0.044570231328764476,0.7603626943005182,0.8594436310395315,0.6817653890824622,0.6607773851590106,587,96,274,187,96,0.8952486500973368,0.8954126815365878
295,absolute,best_f1,0.34921352213815304,0.8713513513513513,0.777992277992278,0.9901719901719902,0.1449814126394052,806,230,8,39,230,0.9118652818984575,0.9120731514019633
295,absolute,tnr_0.5,0.47978406220422365,0.8476658476658476,0.8476658476658476,0.8476658476658476,0.5390334572490706,690,124,124,145,124,0.9118652818984575,0.9120731514019633
295,absolute,tnr_0.7,0.5505529232665857,0.78099173553719,0.8887147335423198,0.6965601965601965,0.7360594795539034,567,71,247,198,71,0.9118652818984575,0.9120731514019633
295,absolute,robust_balanced,0.5495953464415451,0.7827278958190541,0.8852713178294573,0.7014742014742015,0.724907063197026,571,74,243,195,74,0.9118652818984575,0.9120731514019633
295,gap,best_f1,7.786060185943633e-05,0.8581971534001054,0.7516158818097877,1.0,0.0,814,269,0,0,269,0.8859507618499224,0.8861639814919563
295,gap,tnr_0.5,0.026668933984525914,0.7902187902187903,0.8297297297297297,0.7542997542997543,0.5315985130111525,614,126,200,143,126,0.8859507618499224,0.8861639814919563
295,gap,tnr_0.7,0.048120095530385994,0.7337110481586402,0.8662207357859532,0.6363636363636364,0.7026022304832714,518,80,296,189,80,0.8859507618499224,0.8861639814919563
295,gap,robust_balanced,0.044570231328764476,0.7466852756454989,0.864297253634895,0.6572481572481572,0.6877323420074349,535,84,279,185,84,0.8859507618499224,0.8861639814919563
296,absolute,best_f1,0.34921352213815304,0.8639240506329114,0.7697368421052632,0.984375,0.13427561837455831,819,245,13,38,245,0.871592416156015,0.8720102319022549
296,absolute,tnr_0.5,0.47978406220422365,0.8133086876155268,0.8343868520859671,0.7932692307692307,0.5371024734982333,660,131,172,152,131,0.871592416156015,0.8720102319022549
296,absolute,tnr_0.7,0.5505529232665857,0.7018544935805991,0.8631578947368421,0.5913461538461539,0.7243816254416962,492,78,340,205,78,0.871592416156015,0.8720102319022549
296,absolute,robust_balanced,0.5495953464415451,0.705547652916074,0.8641114982578397,0.5961538461538461,0.7243816254416962,496,78,336,205,78,0.871592416156015,0.8720102319022549
296,gap,best_f1,7.786060185943633e-05,0.8550873586844809,0.7468581687612208,1.0,0.0035335689045936395,832,282,0,1,282,0.8644404043163684,0.8647261105572619
296,gap,tnr_0.5,0.026668933984525914,0.7623318385650224,0.8161865569272977,0.7151442307692307,0.5265017667844523,595,134,237,149,134,0.8644404043163684,0.8647261105572619
296,gap,tnr_0.7,0.048120095530385994,0.6815884476534296,0.8535262206148282,0.5673076923076923,0.7137809187279152,472,81,360,202,81,0.8644404043163684,0.8647261105572619
296,gap,robust_balanced,0.044570231328764476,0.7091800981079187,0.8504201680672269,0.6081730769230769,0.6855123674911661,506,89,326,194,89,0.8644404043163684,0.8647261105572619
297,absolute,best_f1,0.34921352213815304,0.8747967479674796,0.7865497076023392,0.9853479853479854,0.1797752808988764,807,219,12,48,219,0.8638789538579357,0.864201357280296
297,absolute,tnr_0.5,0.47978406220422365,0.8151774785801713,0.8171779141104294,0.8131868131868132,0.4419475655430712,666,149,153,118,149,0.8638789538579357,0.864201357280296
297,absolute,tnr_0.7,0.5505529232665857,0.7082152974504249,0.8431703204047217,0.6105006105006106,0.651685393258427,500,93,319,174,93,0.8638789538579357,0.864201357280296
297,absolute,robust_balanced,0.5495953464415451,0.71045197740113,0.8425460636515912,0.6141636141636142,0.6479400749063671,503,94,316,173,94,0.8638789538579357,0.864201357280296
297,gap,best_f1,7.786060185943633e-05,0.8602941176470589,0.7548387096774194,1.0,0.003745318352059925,819,266,0,1,266,0.8713276862058008,0.8715865406328579
297,gap,tnr_0.5,0.026668933984525914,0.7746478873239436,0.8142664872139973,0.7387057387057387,0.48314606741573035,605,138,214,129,138,0.8713276862058008,0.8715865406328579
297,gap,tnr_0.7,0.048120095530385994,0.7195994277539342,0.8687392055267703,0.6141636141636142,0.7153558052434457,503,76,316,191,76,0.8713276862058008,0.8715865406328579
297,gap,robust_balanced,0.044570231328764476,0.7272727272727273,0.86,0.63003663003663,0.6853932584269663,516,84,303,183,84,0.8713276862058008,0.8715865406328579
298,absolute,best_f1,0.34921352213815304,0.8607329842931937,0.7675070028011205,0.9797377830750894,0.10431654676258993,822,249,17,29,249,0.8632097416326169,0.8635686299519276
298,absolute,tnr_0.5,0.47978406220422365,0.7956860395446375,0.8,0.7914183551847438,0.4028776978417266,664,166,175,112,166,0.8632097416326169,0.8635686299519276
298,absolute,tnr_0.7,0.5505529232665857,0.7123098201936376,0.8484349258649094,0.6138259833134684,0.6690647482014388,515,92,324,186,92,0.8632097416326169,0.8635686299519276
298,absolute,robust_balanced,0.5495953464415451,0.7138927097661623,0.8439024390243902,0.6185935637663885,0.6546762589928058,519,96,320,182,96,0.8632097416326169,0.8635686299519276
298,gap,best_f1,7.786060185943633e-05,0.858312020460358,0.7517921146953405,1.0,0.0035971223021582736,839,277,0,1,277,0.8547778912987715,0.8550707777288372
298,gap,tnr_0.5,0.026668933984525914,0.7396373056994818,0.8099290780141843,0.6805721096543504,0.5179856115107914,571,134,268,144,134,0.8547778912987715,0.8550707777288372
298,gap,tnr_0.7,0.048120095530385994,0.6565217391304348,0.8373382624768947,0.5399284862932062,0.6834532374100719,453,88,386,190,88,0.8547778912987715,0.8550707777288372
298,gap,robust_balanced,0.044570231328764476,0.6752136752136753,0.8389380530973451,0.564958283671037,0.6726618705035972,474,91,365,187,91,0.8547778912987715,0.8550707777288372
299,absolute,best_f1,0.34921352213815304,0.8643326039387309,0.771484375,0.9825870646766169,0.15827338129496402,790,234,14,44,234,0.886295933733869,0.8865032321813893
299,absolute,tnr_0.5,0.47978406220422365,0.8066914498141264,0.8037037037037037,0.8097014925373134,0.42805755395683454,651,159,153,119,159,0.886295933733869,0.8865032321813893
299,absolute,tnr_0.7,0.5505529232665857,0.7027027027027027,0.8513274336283185,0.5982587064676617,0.697841726618705,481,84,323,194,84,0.886295933733869,0.8865032321813893
299,absolute,robust_balanced,0.5495953464415451,0.7064821558630736,0.8523725834797891,0.6032338308457711,0.697841726618705,485,84,319,194,84,0.886295933733869,0.8865032321813893
299,gap,best_f1,7.786060185943633e-05,0.8539564524694636,0.7451343836886005,1.0,0.01079136690647482,804,275,0,3,275,0.8574397905879326,0.8577600245495446
299,gap,tnr_0.5,0.026668933984525914,0.7706070287539936,0.7923784494086727,0.75,0.4316546762589928,603,158,201,120,158,0.8574397905879326,0.8577600245495446
299,gap,tnr_0.7,0.048120095530385994,0.7093105899076049,0.8275290215588723,0.6206467661691543,0.6258992805755396,499,104,305,174,104,0.8574397905879326,0.8577600245495446
299,gap,robust_balanced,0.044570231328764476,0.7294281729428173,0.8301587301587302,0.650497512437811,0.6151079136690647,523,107,281,171,107,0.8574397905879326,0.8577600245495446
300,absolute,best_f1,0.34921352213815304,0.8658097686375321,0.7724770642201835,0.9847953216374269,0.14482758620689656,842,248,13,42,248,0.9179332933493625,0.9181100034944523
300,absolute,tnr_0.5,0.47978406220422365,0.8436406067677946,0.8416763678696159,0.8456140350877193,0.5310344827586206,723,136,132,154,136,0.9179332933493625,0.9181100034944523
300,absolute,tnr_0.7,0.5505529232665857,0.7549219280380176,0.8996763754045307,0.6502923976608187,0.7862068965517242,556,62,299,228,62,0.9179332933493625,0.9181100034944523
300,absolute,robust_balanced,0.5495953464415451,0.7549219280380176,0.8996763754045307,0.6502923976608187,0.7862068965517242,556,62,299,228,62,0.9179332933493625,0.9181100034944523
300,gap,best_f1,7.786060185943633e-05,0.8554277138569285,0.7473776223776224,1.0,0.0034482758620689655,855,289,0,1,289,0.8874487247573564,0.8876495646047177
300,gap,tnr_0.5,0.026668933984525914,0.7733990147783252,0.8166449934980494,0.7345029239766082,0.5137931034482759,628,141,227,149,141,0.8874487247573564,0.8876495646047177
300,gap,tnr_0.7,0.048120095530385994,0.72,0.8773109243697479,0.6105263157894737,0.7482758620689656,522,73,333,217,73,0.8874487247573564,0.8876495646047177
300,gap,robust_balanced,0.044570231328764476,0.7394843962008141,0.8804523424878837,0.6374269005847953,0.7448275862068966,545,74,310,216,74,0.8874487247573564,0.8876495646047177
301,absolute,best_f1,0.34921352213815304,0.879825992387167,0.7954768928220256,0.9841849148418491,0.2,809,208,13,52,208,0.9334153594840285,0.9335277911712255
301,absolute,tnr_0.5,0.47978406220422365,0.8551980198019802,0.8702770780856424,0.8406326034063261,0.6038461538461538,691,103,131,157,103,0.9334153594840285,0.9335277911712255
301,absolute,tnr_0.7,0.5505529232665857,0.7619047619047619,0.9162393162393162,0.6520681265206812,0.8115384615384615,536,49,286,211,49,0.9334153594840285,0.9335277911712255
301,absolute,robust_balanced,0.5495953464415451,0.7643312101910829,0.9137055837563451,0.656934306569343,0.8038461538461539,540,51,282,209,51,0.9334153594840285,0.9335277911712255
301,gap,best_f1,7.786060185943633e-05,0.8648079957916885,0.7618164967562558,1.0,0.011538461538461539,822,257,0,3,257,0.8856394759963643,0.8858915315663258
301,gap,tnr_0.5,0.026668933984525914,0.7863894139886578,0.8156862745098039,0.7591240875912408,0.4576923076923077,624,141,198,119,141,0.8856394759963643,0.8858915315663258
301,gap,tnr_0.7,0.048120095530385994,0.7352941176470589,0.8663366336633663,0.6386861313868614,0.6884615384615385,525,81,297,179,81,0.8856394759963643,0.8858915315663258
301,gap,robust_balanced,0.044570231328764476,0.7429359062715368,0.8569157392686805,0.6557177615571776,0.6538461538461539,539,90,283,170,90,0.8856394759963643,0.8858915315663258
302,absolute,best_f1,0.34921352213815304,0.8617191671115857,0.7620396600566572,0.9914004914004914,0.11267605633802817,807,252,7,32,252,0.8822419510925251,0.8824747203100913
302,absolute,tnr_0.5,0.47978406220422365,0.8140394088669951,0.8160493827160494,0.812039312039312,0.4753521126760563,661,149,153,135,149,0.8822419510925251,0.8824747203100913
302,absolute,tnr_0.7,0.5505529232665857,0.7243319268635724,0.8470394736842105,0.6326781326781327,0.6725352112676056,515,93,299,191,93,0.8822419510925251,0.8824747203100913
302,absolute,robust_balanced,0.5495953464415451,0.726123595505618,0.8475409836065574,0.6351351351351351,0.6725352112676056,517,93,297,191,93,0.8822419510925251,0.8824747203100913
302,gap,best_f1,7.786060185943633e-05,0.8523560209424084,0.7427007299270073,1.0,0.007042253521126761,814,282,0,2,282,0.8746864869711364,0.874939605604929
302,gap,tnr_0.5,0.026668933984525914,0.7759282970550576,0.8101604278074866,0.7444717444717445,0.5,606,142,208,142,142,0.8746864869711364,0.874939605604929
302,gap,tnr_0.7,0.048120095530385994,0.7152974504249292,0.8444816053511706,0.6203931203931204,0.6725352112676056,505,93,309,191,93,0.8746864869711364,0.874939605604929
302,gap,robust_balanced,0.044570231328764476,0.7308228730822873,0.8451612903225807,0.6437346437346437,0.6619718309859155,524,96,290,188,96,0.8746864869711364,0.874939605604929
303,absolute,best_f1,0.34921352213815304,0.8589276418532015,0.7653061224489796,0.9786476868327402,0.11228070175438597,825,253,18,32,253,0.8696523063158562,0.8698990430034292
303,absolute,tnr_0.5,0.47978406220422365,0.7990343995171998,0.8132678132678133,0.7852906287069988,0.4666666666666667,662,152,181,133,152,0.8696523063158562,0.8698990430034292
303,absolute,tnr_0.7,0.5505529232665857,0.6926286509040334,0.8369747899159664,0.5907473309608541,0.6596491228070176,498,97,345,188,97,0.8696523063158562,0.8698990430034292
303,absolute,robust_balanced,0.5495953464415451,0.6971586971586972,0.8383333333333334,0.5966785290628707,0.6596491228070176,503,97,340,188,97,0.8696523063158562,0.8698990430034292
303,gap,best_f1,7.786060185943633e-05,0.8554033485540334,0.7473404255319149,1.0,0.0,843,285,0,0,285,0.8859570940944944,0.8861361556142167
303,gap,tnr_0.5,0.026668933984525914,0.7477592829705506,0.8122392211404729,0.6927639383155397,0.5263157894736842,584,135,259,150,135,0.8859570940944944,0.8861361556142167
303,gap,tnr_0.7,0.048120095530385994,0.6941678520625889,0.866785079928952,0.5788849347568209,0.7368421052631579,488,75,355,210,75,0.8859570940944944,0.8861361556142167
303,gap,robust_balanced,0.044570231328764476,0.711484593837535,0.8683760683760684,0.6026097271648873,0.7298245614035088,508,77,335,208,77,0.8859570940944944,0.8861361556142167
304,absolute,best_f1,0.34921352213815304,0.8703017469560614,0.7791469194312797,0.9856115107913669,0.12734082397003746,822,233,12,34,233,0.8809592852864406,0.881275563985263
304,absolute,tnr_0.5,0.47978406220422365,0.8218356328734253,0.8223289315726291,0.8213429256594724,0.44569288389513106,685,148,149,119,148,0.8809592852864406,0.881275563985263
304,absolute,tnr_0.7,0.5505529232665857,0.7327823691460055,0.86084142394822,0.6378896882494005,0.6779026217228464,532,86,302,181,86,0.8809592852864406,0.881275563985263
304,absolute,robust_balanced,0.5495953464415451,0.7366255144032922,0.8605769230769231,0.6438848920863309,0.6741573033707865,537,87,297,180,87,0.8809592852864406,0.881275563985263
304,gap,best_f1,7.786060185943633e-05,0.8633540372670807,0.7595628415300546,1.0,0.011235955056179775,834,264,0,3,264,0.8859077366928834,0.8861185507164577
304,gap,tnr_0.5,0.026668933984525914,0.7896725440806045,0.8315649867374005,0.7517985611510791,0.5243445692883895,627,127,207,140,127,0.8859077366928834,0.8861185507164577
304,gap,tnr_0.7,0.048120095530385994,0.7229254571026723,0.8741496598639455,0.6163069544364509,0.7228464419475655,514,74,320,193,74,0.8859077366928834,0.8861185507164577
304,gap,robust_balanced,0.044570231328764476,0.7415575465196417,0.8719611021069692,0.645083932853717,0.704119850187266,538,79,296,188,79,0.8859077366928834,0.8861185507164577
305,absolute,best_f1,0.34921352213815304,0.8669160876536611,0.7768199233716475,0.9806529625151149,0.14963503649635038,811,233,16,41,233,0.9103312554982903,0.9105297146630145
305,absolute,tnr_0.5,0.47978406220422365,0.8246792913866829,0.8333333333333334,0.8162031438935913,0.5072992700729927,675,135,152,139,135,0.9103312554982903,0.9105297146630145
305,absolute,tnr_0.7,0.5505529232665857,0.741102581995813,0.8762376237623762,0.6420798065296252,0.7262773722627737,531,75,296,199,75,0.9103312554982903,0.9105297146630145
305,absolute,robust_balanced,0.5495953464415451,0.7446068197633959,0.8770491803278688,0.6469165659008465,0.7262773722627737,535,75,292,199,75,0.9103312554982903,0.9105297146630145
305,gap,best_f1,7.786060185943633e-05,0.8583290088220031,0.7518181818181818,1.0,0.0036496350364963502,827,273,0,1,273,0.8927535862968832,0.8929121169141016
305,gap,tnr_0.5,0.026668933984525914,0.7662835249042146,0.8119079837618404,0.7255139056831923,0.4927007299270073,600,139,227,135,139,0.8927535862968832,0.8929121169141016
305,gap,tnr_0.7,0.048120095530385994,0.7124463519313304,0.87215411558669,0.6021765417170496,0.7335766423357665,498,73,329,201,73,0.8927535862968832,0.8929121169141016
305,gap,robust_balanced,0.044570231328764476,0.7303370786516854,0.8710217755443886,0.6287787182587666,0.718978102189781,520,77,307,197,77,0.8927535862968832,0.8929121169141016
306,absolute,best_f1,0.34921352213815304,0.8680981595092024,0.773224043715847,0.9895104895104895,0.12937062937062938,849,249,9,37,249,0.887928314532108,0.8882083425789532
306,absolute,tnr_0.5,0.47978406220422365,0.8281524926686217,0.833530106257379,0.8228438228438228,0.506993006993007,706,141,152,145,141,0.887928314532108,0.8882083425789532
306,absolute,tnr_0.7,0.5505529232665857,0.7425149700598802,0.8651162790697674,0.6503496503496503,0.6958041958041958,558,87,300,199,87,0.887928314532108,0.8882083425789532
306,absolute,robust_balanced,0.5495953464415451,0.7450199203187251,0.8657407407407407,0.6538461538461539,0.6958041958041958,561,87,297,199,87,0.887928314532108,0.8882083425789532
306,gap,best_f1,7.786060185943633e-05,0.858,0.7513134851138353,1.0,0.006993006993006993,858,284,0,2,284,0.8508675083517132,0.8511707072074457
306,gap,tnr_0.5,0.026668933984525914,0.7636586863106201,0.8067444876783398,0.7249417249417249,0.479020979020979,622,149,236,137,149,0.8508675083517132,0.8511707072074457
306,gap,tnr_0.7,0.048120095530385994,0.6850447966919366,0.8381112984822934,0.5792540792540792,0.6643356643356644,497,96,361,190,96,0.8508675083517132,0.8511707072074457
306,gap,robust_balanced,0.044570231328764476,0.7072346179851251,0.8421900161030595,0.6095571095571095,0.6573426573426573,523,98,335,188,98,0.8508675083517132,0.8511707072074457
307,absolute,best_f1,0.34921352213815304,0.8679850347407804,0.7711301044634378,0.9926650366748166,0.12363636363636364,812,241,6,34,241,0.8640066885332552,0.8643466984527407
307,absolute,tnr_0.5,0.47978406220422365,0.809319435928878,0.8118081180811808,0.8068459657701712,0.44363636363636366,660,153,158,122,153,0.8640066885332552,0.8643466984527407
307,absolute,tnr_0.7,0.5505529232665857,0.7140845070422536,0.8421926910299004,0.6198044009779952,0.6545454545454545,507,95,311,180,95,0.8640066885332552,0.8643466984527407
307,absolute,robust_balanced,0.5495953464415451,0.7167955024595924,0.8429752066115702,0.6234718826405868,0.6545454545454545,510,95,308,180,95,0.8640066885332552,0.8643466984527407
307,gap,best_f1,7.786060185943633e-05,0.8560962846677133,0.7483989021043,1.0,0.0,818,275,0,0,275,0.8699071702088224,0.8701563340839519
307,gap,tnr_0.5,0.026668933984525914,0.7699228791773779,0.8116531165311653,0.7322738386308069,0.49454545454545457,599,139,219,136,139,0.8699071702088224,0.8701563340839519
307,gap,tnr_0.7,0.048120095530385994,0.6988472622478387,0.8508771929824561,0.5929095354523227,0.6909090909090909,485,85,333,190,85,0.8699071702088224,0.8701563340839519
307,gap,robust_balanced,0.044570231328764476,0.7179125528913963,0.8483333333333334,0.6222493887530562,0.6690909090909091,509,91,309,184,91,0.8699071702088224,0.8701563340839519
308,absolute,best_f1,0.34921352213815304,0.8661670235546038,0.7734225621414914,0.9841849148418491,0.15357142857142858,809,237,13,43,237,0.8787610829691146,0.8790464682683824
308,absolute,tnr_0.5,0.47978406220422365,0.8348567946374162,0.8363858363858364,0.8333333333333334,0.5214285714285715,685,134,137,146,134,0.8787610829691146,0.8790464682683824
308,absolute,tnr_0.7,0.5505529232665857,0.7124645892351275,0.8525423728813559,0.6119221411192214,0.6892857142857143,503,87,319,193,87,0.8787610829691146,0.8790464682683824
308,absolute,robust_balanced,0.5495953464415451,0.718816067653277,0.8542713567839196,0.6204379562043796,0.6892857142857143,510,87,312,193,87,0.8787610829691146,0.8790464682683824
308,gap,best_f1,7.786060185943633e-05,0.8544698544698545,0.7459165154264973,1.0,0.0,822,280,0,0,280,0.8689899703188791,0.8692390925957821
308,gap,tnr_0.5,0.026668933984525914,0.7584881486226778,0.8010825439783491,0.7201946472019465,0.475,592,147,230,133,147,0.8689899703188791,0.8692390925957821
308,gap,tnr_0.7,0.048120095530385994,0.6925845932325414,0.8483245149911817,0.5851581508515815,0.6928571428571428,481,86,341,194,86,0.8689899703188791,0.8692390925957821
308,gap,robust_balanced,0.044570231328764476,0.7062146892655368,0.8417508417508418,0.6082725060827251,0.6642857142857143,500,94,322,186,94,0.8689899703188791,0.8692390925957821
309,absolute,best_f1,0.34921352213815304,0.8737346830047948,0.7824427480916031,0.9891435464414958,0.14285714285714285,820,228,9,38,228,0.8915646130977006,0.8918842982627049
309,absolute,tnr_0.5,0.47978406220422365,0.8479709267110842,0.851581508515815,0.8443908323281062,0.5413533834586466,700,122,129,144,122,0.8915646130977006,0.8918842982627049
309,absolute,tnr_0.7,0.5505529232665857,0.7606602475928473,0.8848,0.6670687575392038,0.7293233082706767,553,72,276,194,72,0.8915646130977006,0.8918842982627049
309,absolute,robust_balanced,0.5495953464415451,0.7652292950034223,0.884493670886076,0.6743063932448733,0.7255639097744361,559,73,270,193,73,0.8915646130977006,0.8918842982627049
309,gap,best_f1,7.786060185943633e-05,0.8621944877795111,0.7577696526508226,1.0,0.0037593984962406013,829,265,0,1,265,0.8835987079593062,0.8838471091988219
309,gap,tnr_0.5,0.026668933984525914,0.793730407523511,0.8263707571801566,0.7635705669481303,0.5,633,133,196,133,133,0.8835987079593062,0.8838471091988219
309,gap,tnr_0.7,0.048120095530385994,0.7357440890125174,0.8686371100164204,0.638118214716526,0.6992481203007519,529,80,300,186,80,0.8835987079593062,0.8838471091988219
309,gap,robust_balanced,0.044570231328764476,0.7532467532467533,0.8690851735015773,0.6646562123039808,0.6879699248120301,551,83,278,183,83,0.8835987079593062,0.8838471091988219
310,absolute,best_f1,0.34921352213815304,0.864696734059098,0.772937905468026,0.9811764705882353,0.1750841750841751,834,245,16,52,245,0.8824856471928834,0.8827573549344604
310,absolute,tnr_0.5,0.47978406220422365,0.8269794721407625,0.8245614035087719,0.8294117647058824,0.494949494949495,705,150,145,147,150,0.8824856471928834,0.8827573549344604
310,absolute,tnr_0.7,0.5505529232665857,0.7379032258064516,0.8605015673981191,0.6458823529411765,0.7003367003367004,549,89,301,208,89,0.8824856471928834,0.8827573549344604
310,absolute,robust_balanced,0.5495953464415451,0.7428189712758851,0.8593508500772797,0.6541176470588236,0.6936026936026936,556,91,294,206,91,0.8824856471928834,0.8827573549344604
310,gap,best_f1,7.786060185943633e-05,0.8512769153730596,0.7410636442894507,1.0,0.0,850,297,0,0,297,0.8671861275971483,0.8673962447094358
310,gap,tnr_0.5,0.026668933984525914,0.75045759609518,0.779467680608365,0.7235294117647059,0.41414141414141414,615,174,235,123,174,0.8671861275971483,0.8673962447094358
310,gap,tnr_0.7,0.048120095530385994,0.7003412969283277,0.8341463414634146,0.6035294117647059,0.6565656565656566,513,102,337,195,102,0.8671861275971483,0.8673962447094358
310,gap,robust_balanced,0.044570231328764476,0.720265780730897,0.8274809160305343,0.6376470588235295,0.6195286195286195,542,113,308,184,113,0.8671861275971483,0.8673962447094358
311,absolute,best_f1,0.34921352213815304,0.8622691292875989,0.7664165103189493,0.985524728588661,0.12014134275618374,817,249,12,34,249,0.8664003218087818,0.866690630806619
311,absolute,tnr_0.5,0.47978406220422365,0.805272618334332,0.8,0.8106151990349819,0.40636042402826855,672,168,157,115,168,0.8664003218087818,0.866690630806619
311,absolute,tnr_0.7,0.5505529232665857,0.6983904828551435,0.8316666666666667,0.6019300361881785,0.6431095406360424,499,101,330,182,101,0.8664003218087818,0.866690630806619
311,absolute,robust_balanced,0.5495953464415451,0.6996515679442509,0.8283828382838284,0.6055488540410132,0.6325088339222615,502,104,327,179,104,0.8664003218087818,0.866690630806619
311,gap,best_f1,7.786060185943633e-05,0.8546391752577319,0.7461746174617462,1.0,0.0035335689045936395,829,282,0,1,282,0.8763651706113741,0.8765736736936728
311,gap,tnr_0.5,0.026668933984525914,0.7639593908629442,0.8058902275769746,0.7261761158021713,0.4876325088339223,602,145,227,138,145,0.8763651706113741,0.8765736736936728
311,gap,tnr_0.7,0.048120095530385994,0.6795698924731183,0.8374558303886925,0.571773220747889,0.6749116607773852,474,92,355,191,92,0.8763651706113741,0.8765736736936728
311,gap,robust_balanced,0.044570231328764476,0.6975438596491228,0.8338926174496645,0.5995174909529554,0.6501766784452296,497,99,332,184,99,0.8763651706113741,0.8765736736936728
312,absolute,best_f1,0.34921352213815304,0.8706758914316126,0.7827751196172249,0.9808153477218226,0.13358778625954199,818,227,16,35,227,0.9063660967636273,0.9065599518054784
312,absolute,tnr_0.5,0.47978406220422365,0.8120764017252002,0.835234474017744,0.790167865707434,0.5038167938931297,659,130,175,132,130,0.9063660967636273,0.9065599518054784
312,absolute,tnr_0.7,0.5505529232665857,0.7159090909090909,0.8780487804878049,0.60431654676259,0.732824427480916,504,70,330,192,70,0.9063660967636273,0.9065599518054784
312,absolute,robust_balanced,0.5495953464415451,0.7204529370134466,0.8791018998272885,0.6103117505995204,0.732824427480916,509,70,325,192,70,0.9063660967636273,0.9065599518054784
312,gap,best_f1,7.786060185943633e-05,0.8651452282157677,0.7623400365630713,1.0,0.007633587786259542,834,260,0,2,260,0.9049135227170002,0.9050781465656066
312,gap,tnr_0.5,0.026668933984525914,0.7812097812097812,0.8430555555555556,0.7278177458033573,0.5687022900763359,607,113,227,149,113,0.9049135227170002,0.9050781465656066
312,gap,tnr_0.7,0.048120095530385994,0.719037508846426,0.8773747841105354,0.6091127098321343,0.7290076335877863,508,71,326,191,71,0.9049135227170002,0.9050781465656066
312,gap,robust_balanced,0.044570231328764476,0.7432525951557093,0.8788870703764321,0.6438848920863309,0.7175572519083969,537,74,297,188,74,0.9049135227170002,0.9050781465656066
313,absolute,best_f1,0.34921352213815304,0.8698001080497029,0.7807953443258971,0.9817073170731707,0.20141342756183744,805,226,15,57,226,0.8937598044490868,0.8940539942084758
313,absolute,tnr_0.5,0.47978406220422365,0.83343653250774,0.8465408805031447,0.8207317073170731,0.568904593639576,673,122,147,161,122,0.8937598044490868,0.8940539942084758
313,absolute,tnr_0.7,0.5505529232665857,0.7399577167019028,0.8764607679465777,0.6402439024390244,0.7385159010600707,525,74,295,209,74,0.8937598044490868,0.8940539942084758
313,absolute,robust_balanced,0.5495953464415451,0.7410526315789474,0.8727272727272727,0.6439024390243903,0.7279151943462897,528,77,292,206,77,0.8937598044490868,0.8940539942084758
313,gap,best_f1,7.786060185943633e-05,0.8532778355879292,0.7441016333938294,1.0,0.0035335689045936395,820,282,0,1,282,0.8832659127303886,0.8834977751328039
313,gap,tnr_0.5,0.026668933984525914,0.7864882090503506,0.8237650200267023,0.7524390243902439,0.5335689045936396,617,132,203,151,132,0.8832659127303886,0.8834977751328039
313,gap,tnr_0.7,0.048120095530385994,0.7295774647887324,0.8633333333333333,0.6317073170731707,0.7102473498233216,518,82,302,201,82,0.8832659127303886,0.8834977751328039
313,gap,robust_balanced,0.044570231328764476,0.7465373961218836,0.8637820512820513,0.6573170731707317,0.6996466431095406,539,85,281,198,85,0.8832659127303886,0.8834977751328039
314,absolute,best_f1,0.34921352213815304,0.8616047388260636,0.7662835249042146,0.984009840098401,0.08955223880597014,800,244,13,24,244,0.8526310410378598,0.8530655614571864
314,absolute,tnr_0.5,0.47978406220422365,0.8193353474320242,0.8052256532066508,0.8339483394833949,0.3880597014925373,678,164,135,104,164,0.8526310410378598,0.8530655614571864
314,absolute,tnr_0.7,0.5505529232665857,0.7434842249657064,0.8403100775193798,0.6666666666666666,0.6156716417910447,542,103,271,165,103,0.8526310410378598,0.8530655614571864
314,absolute,robust_balanced,0.5495953464415451,0.7477785372522214,0.8415384615384616,0.6728167281672817,0.6156716417910447,547,103,266,165,103,0.8526310410378598,0.8530655614571864
314,gap,best_f1,7.786060185943633e-05,0.8585005279831045,0.7520814061054579,1.0,0.0,813,268,0,0,268,0.8744209582688144,0.8747009172427176
314,gap,tnr_0.5,0.026668933984525914,0.7654320987654321,0.8112947658402204,0.7244772447724477,0.48880597014925375,589,137,224,131,137,0.8744209582688144,0.8747009172427176
314,gap,tnr_0.7,0.048120095530385994,0.7035688273852877,0.8625,0.5940959409594095,0.7126865671641791,483,77,330,191,77,0.8744209582688144,0.8747009172427176
314,gap,robust_balanced,0.044570231328764476,0.7182795698924731,0.8608247422680413,0.6162361623616236,0.6977611940298507,501,81,312,187,81,0.8744209582688144,0.8747009172427176
315,absolute,best_f1,0.34921352213815304,0.8697916666666666,0.7789179104477612,0.9846698113207547,0.08494208494208494,835,237,13,22,237,0.8834261421463833,0.8837251197675716
315,absolute,tnr_0.5,0.47978406220422365,0.8224188790560472,0.8229043683589138,0.8219339622641509,0.42084942084942084,697,150,151,109,150,0.8834261421463833,0.8837251197675716
315,absolute,tnr_0.7,0.5505529232665857,0.7412868632707775,0.8586956521739131,0.652122641509434,0.6486486486486487,553,91,295,168,91,0.8834261421463833,0.8837251197675716
315,absolute,robust_balanced,0.5495953464415451,0.7412868632707775,0.8586956521739131,0.652122641509434,0.6486486486486487,553,91,295,168,91,0.8834261421463833,0.8837251197675716
315,gap,best_f1,7.786060185943633e-05,0.8679631525076765,0.7667269439421338,1.0,0.003861003861003861,848,258,0,1,258,0.8743305904215786,0.8745832973031997
315,gap,tnr_0.5,0.026668933984525914,0.7315175097276264,0.8126801152737753,0.6650943396226415,0.4980694980694981,564,130,284,129,130,0.8743305904215786,0.8745832973031997
315,gap,tnr_0.7,0.048120095530385994,0.6752503576537912,0.8581818181818182,0.5566037735849056,0.6988416988416989,472,78,376,181,78,0.8743305904215786,0.8745832973031997
315,gap,robust_balanced,0.044570231328764476,0.6915492957746479,0.8583916083916084,0.5790094339622641,0.6872586872586872,491,81,357,178,81,0.8743305904215786,0.8745832973031997
316,absolute,best_f1,0.34921352213815304,0.875,0.7844827586206896,0.9891304347826086,0.17582417582417584,819,225,9,48,225,0.8915472791654016,0.8918152533348479
316,absolute,tnr_0.5,0.47978406220422365,0.8292978208232445,0.8313106796116505,0.8272946859903382,0.4908424908424908,685,139,143,134,139,0.8915472791654016,0.8918152533348479
316,absolute,tnr_0.7,0.5505529232665857,0.7463718037318591,0.8723747980613893,0.6521739130434783,0.7106227106227107,540,79,288,194,79,0.8915472791654016,0.8918152533348479
316,absolute,robust_balanced,0.5495953464415451,0.7475862068965518,0.8713826366559485,0.6545893719806763,0.706959706959707,542,80,286,193,80,0.8915472791654016,0.8918152533348479
316,gap,best_f1,7.786060185943633e-05,0.8589211618257261,0.7527272727272727,1.0,0.003663003663003663,828,272,0,1,272,0.8773986558319808,0.8776293819352393
316,gap,tnr_0.5,0.026668933984525914,0.7907557776389756,0.8188874514877102,0.7644927536231884,0.48717948717948717,633,140,195,133,140,0.8773986558319808,0.8776293819352393
316,gap,tnr_0.7,0.048120095530385994,0.7353144436765722,0.8594507269789984,0.642512077294686,0.6813186813186813,532,87,296,186,87,0.8773986558319808,0.8776293819352393
316,gap,robust_balanced,0.044570231328764476,0.7472972972972973,0.848159509202454,0.6678743961352657,0.6373626373626373,553,99,275,174,99,0.8773986558319808,0.8776293819352393
317,absolute,best_f1,0.34921352213815304,0.8658008658008658,0.7766990291262136,0.9779951100244498,0.16666666666666666,800,230,18,46,230,0.8707145080931633,0.8710365452361939
317,absolute,tnr_0.5,0.47978406220422365,0.8277982779827798,0.8329207920792079,0.8227383863080685,0.5108695652173914,673,135,145,141,135,0.8707145080931633,0.8710365452361939
317,absolute,tnr_0.7,0.5505529232665857,0.7321178120617111,0.8585526315789473,0.6381418092909535,0.6884057971014492,522,86,296,190,86,0.8707145080931633,0.8710365452361939
317,absolute,robust_balanced,0.5495953464415451,0.7342657342657343,0.8578431372549019,0.6418092909535452,0.6847826086956522,525,87,293,189,87,0.8707145080931633,0.8710365452361939
317,gap,best_f1,7.786060185943633e-05,0.8556485355648535,0.7477148080438757,1.0,0.0,818,276,0,0,276,0.8733611499912266,0.8735901905774199
317,gap,tnr_0.5,0.026668933984525914,0.7559055118110236,0.8158640226628895,0.7041564792176039,0.5289855072463768,576,130,242,146,130,0.8733611499912266,0.8735901905774199
317,gap,tnr_0.7,0.048120095530385994,0.6953352769679301,0.8610108303249098,0.5831295843520783,0.7210144927536232,477,77,341,199,77,0.8733611499912266,0.8735901905774199
317,gap,robust_balanced,0.044570231328764476,0.7096774193548387,0.8578856152512998,0.6051344743276283,0.7028985507246377,495,82,323,194,82,0.8733611499912266,0.8735901905774199
318,absolute,best_f1,0.34921352213815304,0.8655229662423907,0.7734915924826904,0.9824120603015075,0.15808823529411764,782,229,14,43,229,0.8705404751697227,0.8709474316699051
318,absolute,tnr_0.5,0.47978406220422365,0.8266003729024238,0.8179581795817958,0.835427135678392,0.45588235294117646,665,148,131,124,148,0.8705404751697227,0.8709474316699051
318,absolute,tnr_0.7,0.5505529232665857,0.7137654770575382,0.8492201039861352,0.6155778894472361,0.6801470588235294,490,87,306,185,87,0.8705404751697227,0.8709474316699051
318,absolute,robust_balanced,0.5495953464415451,0.7184325108853411,0.8505154639175257,0.621859296482412,0.6801470588235294,495,87,301,185,87,0.8705404751697227,0.8709474316699051
318,gap,best_f1,7.786060185943633e-05,0.8549946294307197,0.7467166979362101,1.0,0.007352941176470588,796,270,0,2,270,0.8724577997527997,0.8727354653682707
318,gap,tnr_0.5,0.026668933984525914,0.7807133421400264,0.8231197771587744,0.742462311557789,0.5330882352941176,591,127,205,145,127,0.8724577997527997,0.8727354653682707
318,gap,tnr_0.7,0.048120095530385994,0.7286027798098025,0.87215411558669,0.6256281407035176,0.7316176470588235,498,73,298,199,73,0.8724577997527997,0.8727354653682707
318,gap,robust_balanced,0.044570231328764476,0.7398843930635838,0.8707482993197279,0.6432160804020101,0.7205882352941176,512,76,284,196,76,0.8724577997527997,0.8727354653682707
319,absolute,best_f1,0.34921352213815304,0.8688352570828961,0.7789275634995296,0.9822064056939501,0.12639405204460966,828,235,15,34,235,0.902504504234901,0.9026898695524747
319,absolute,tnr_0.5,0.47978406220422365,0.827710843373494,0.8408812729498164,0.8149466192170819,0.516728624535316,687,130,156,139,130,0.902504504234901,0.9026898695524747
319,absolute,tnr_0.7,0.5505529232665857,0.71900826446281,0.8571428571428571,0.6192170818505338,0.6765799256505576,522,87,321,182,87,0.902504504234901,0.9026898695524747
319,absolute,robust_balanced,0.5495953464415451,0.723404255319149,0.8583061889250815,0.6251482799525504,0.6765799256505576,527,87,316,182,87,0.902504504234901,0.9026898695524747
319,gap,best_f1,7.786060185943633e-05,0.8624040920716113,0.7580935251798561,1.0,0.0,843,269,0,0,269,0.8774313784968306,0.87766746017601
319,gap,tnr_0.5,0.026668933984525914,0.7730986800754243,0.8221925133689839,0.7295373665480427,0.5055762081784386,615,133,228,136,133,0.8774313784968306,0.87766746017601
319,gap,tnr_0.7,0.048120095530385994,0.7055555555555556,0.8509212730318257,0.6026097271648873,0.6691449814126395,508,89,335,180,89,0.8774313784968306,0.87766746017601
319,gap,robust_balanced,0.044570231328764476,0.7222982216142271,0.8529886914378029,0.6263345195729537,0.6617100371747212,528,91,315,178,91,0.8774313784968306,0.87766746017601
320,absolute,best_f1,0.34921352213815304,0.8701716738197425,0.7783109404990403,0.98661800486618,0.17793594306049823,811,231,11,50,231,0.8932515651901385,0.8935278477083238
320,absolute,tnr_0.5,0.47978406220422365,0.8326232501521607,0.833130328867235,0.8321167883211679,0.5124555160142349,684,137,138,144,137,0.8932515651901385,0.8935278477083238
320,absolute,tnr_0.7,0.5505529232665857,0.7344398340248963,0.8509615384615384,0.6459854014598541,0.6690391459074733,531,93,291,188,93,0.8932515651901385,0.8935278477083238
320,absolute,robust_balanced,0.5495953464415451,0.7360441075120606,0.848966613672496,0.6496350364963503,0.6619217081850534,534,95,288,186,95,0.8932515651901385,0.8935278477083238
320,gap,best_f1,7.786060185943633e-05,0.8549141965678627,0.7465940054495913,1.0,0.0071174377224199285,822,279,0,2,279,0.8583918382055558,0.8586774404765107
320,gap,tnr_0.5,0.026668933984525914,0.7459389213775178,0.800557880055788,0.6982968369829684,0.49110320284697506,574,143,248,138,143,0.8583918382055558,0.8586774404765107
320,gap,tnr_0.7,0.048120095530385994,0.705547652916074,0.8493150684931506,0.6034063260340633,0.6868327402135231,496,88,326,193,88,0.8583918382055558,0.8586774404765107
320,gap,robust_balanced,0.044570231328764476,0.7223382045929019,0.8439024390243902,0.6313868613138686,0.6583629893238434,519,96,303,185,96,0.8583918382055558,0.8586774404765107
321,absolute,best_f1,0.34921352213815304,0.870625662778367,0.7781990521327015,0.9879663056558363,0.10344827586206896,821,234,10,27,234,0.8904117494201391,0.8906959896049695
321,absolute,tnr_0.5,0.47978406220422365,0.8221007893139041,0.8296568627450981,0.8146811070998796,0.4674329501915709,677,139,154,122,139,0.8904117494201391,0.8906959896049695
321,absolute,tnr_0.7,0.5505529232665857,0.7325905292479109,0.8694214876033057,0.6329723225030084,0.6973180076628352,526,79,305,182,79,0.8904117494201391,0.8906959896049695
321,absolute,robust_balanced,0.5495953464415451,0.7382271468144044,0.8694942903752039,0.641395908543923,0.6934865900383141,533,80,298,181,80,0.8904117494201391,0.8906959896049695
321,gap,best_f1,7.786060185943633e-05,0.8647242455775234,0.7616865261228231,1.0,0.0038314176245210726,831,260,0,1,260,0.8722641273943775,0.8725356454842028
321,gap,tnr_0.5,0.026668933984525914,0.7696170747018205,0.8044619422572179,0.7376654632972323,0.42911877394636017,613,149,218,112,149,0.8722641273943775,0.8725356454842028
321,gap,tnr_0.7,0.048120095530385994,0.7026647966339411,0.8420168067226891,0.6028880866425993,0.6398467432950191,501,94,330,167,94,0.8722641273943775,0.8725356454842028
321,gap,robust_balanced,0.044570231328764476,0.7291381668946648,0.8446909667194928,0.641395908543923,0.6245210727969349,533,98,298,163,98,0.8722641273943775,0.8725356454842028
322,absolute,best_f1,0.34921352213815304,0.8761297182349814,0.7877629063097514,0.9868263473053892,0.14942528735632185,824,222,11,39,222,0.856357286271558,0.8568427210808904
322,absolute,tnr_0.5,0.47978406220422365,0.8375966686496134,0.8321513002364066,0.8431137724550898,0.4559386973180077,704,142,131,119,142,0.856357286271558,0.8568427210808904
322,absolute,tnr_0.7,0.5505529232665857,0.7287559483344663,0.8427672955974843,0.6419161676646706,0.6168582375478927,536,100,299,161,100,0.856357286271558,0.8568427210808904
322,absolute,robust_balanced,0.5495953464415451,0.7325660121868652,0.8426791277258567,0.6479041916167665,0.6130268199233716,541,101,294,160,101,0.856357286271558,0.8568427210808904
322,gap,best_f1,7.786060185943633e-05,0.8648368720870016,0.7618613138686131,1.0,0.0,835,261,0,0,261,0.8773937372927598,0.8776695302899414
322,gap,tnr_0.5,0.026668933984525914,0.7932118164676304,0.8346560846560847,0.755688622754491,0.5210727969348659,631,125,204,136,125,0.8773937372927598,0.8776695302899414
322,gap,tnr_0.7,0.048120095530385994,0.7178043631245602,0.8703071672354948,0.6107784431137725,0.7088122605363985,510,76,325,185,76,0.8773937372927598,0.8776695302899414
322,gap,robust_balanced,0.044570231328764476,0.7339322736696614,0.8676470588235294,0.6359281437125749,0.6896551724137931,531,81,304,180,81,0.8773937372927598,0.8776695302899414
323,absolute,best_f1,0.34921352213815304,0.8669243511871894,0.7764589515331355,0.98125,0.2097902097902098,785,226,15,60,226,0.9053470321332402,0.9055807240436785
323,absolute,tnr_0.5,0.47978406220422365,0.8455284552845529,0.8460575719649562,0.845,0.5699300699300699,676,123,124,163,123,0.9053470321332402,0.9055807240436785
323,absolute,tnr_0.7,0.5505529232665857,0.7534148094895758,0.8866328257191202,0.655,0.7657342657342657,524,67,276,219,67,0.9053470321332402,0.9055807240436785
323,absolute,robust_balanced,0.5495953464415451,0.7564469914040115,0.8859060402684564,0.66,0.7622377622377622,528,68,272,218,68,0.9053470321332402,0.9055807240436785
323,gap,best_f1,7.786060185943633e-05,0.848356309650053,0.7366482504604052,1.0,0.0,800,286,0,0,286,0.8778562085603574,0.8780591088386893
323,gap,tnr_0.5,0.026668933984525914,0.7738562091503268,0.810958904109589,0.74,0.5174825174825175,592,138,208,148,138,0.8778562085603574,0.8780591088386893
323,gap,tnr_0.7,0.048120095530385994,0.7122884473877852,0.8658318425760286,0.605,0.7377622377622378,484,75,316,211,75,0.8778562085603574,0.8780591088386893
323,gap,robust_balanced,0.044570231328764476,0.7319884726224783,0.8639455782312925,0.635,0.7202797202797203,508,80,292,206,80,0.8778562085603574,0.8780591088386893
324,absolute,best_f1,0.34921352213815304,0.8586013272077591,0.7631578947368421,0.9813302217036173,0.09059233449477352,841,261,16,26,261,0.8983982115589045,0.8986271751880197
324,absolute,tnr_0.5,0.47978406220422365,0.8214496169711255,0.8297619047619048,0.8133022170361727,0.5017421602787456,697,143,160,144,143,0.8983982115589045,0.8986271751880197
324,absolute,tnr_0.7,0.5505529232665857,0.7301369863013699,0.8839137645107794,0.6219369894982497,0.7560975609756098,533,70,324,217,70,0.8983982115589045,0.8986271751880197
324,absolute,robust_balanced,0.5495953464415451,0.7307430129516019,0.8786885245901639,0.6254375729288215,0.7421602787456446,536,74,321,213,74,0.8983982115589045,0.8986271751880197
324,gap,best_f1,7.786060185943633e-05,0.857,0.7497812773403325,1.0,0.003484320557491289,857,286,0,1,286,0.8659720162820941,0.8662260897324014
324,gap,tnr_0.5,0.026668933984525914,0.7686658506731946,0.8082368082368082,0.7327887981330222,0.4808362369337979,628,149,229,138,149,0.8659720162820941,0.8662260897324014
324,gap,tnr_0.7,0.048120095530385994,0.7018970189701897,0.8368336025848142,0.6044340723453909,0.6480836236933798,518,101,339,186,101,0.8659720162820941,0.8662260897324014
324,gap,robust_balanced,0.044570231328764476,0.7229235880398671,0.8395061728395061,0.6347724620770129,0.6376306620209059,544,104,313,183,104,0.8659720162820941,0.8662260897324014
325,absolute,best_f1,0.34921352213815304,0.8644155844155844,0.7746741154562383,0.9776733254994124,0.15087719298245614,832,242,19,43,242,0.8882149823667135,0.8884882001308019
325,absolute,tnr_0.5,0.47978406220422365,0.8058429701765064,0.8358585858585859,0.7779083431257344,0.543859649122807,662,130,189,155,130,0.8882149823667135,0.8884882001308019
325,absolute,tnr_0.7,0.5505529232665857,0.7027406886858749,0.8741258741258742,0.5875440658049353,0.7473684210526316,500,72,351,213,72,0.8882149823667135,0.8884882001308019
325,absolute,robust_balanced,0.5495953464415451,0.7058823529411765,0.8734835355285961,0.5922444183313749,0.743859649122807,504,73,347,212,73,0.8882149823667135,0.8884882001308019
325,gap,best_f1,7.786060185943633e-05,0.8569989929506546,0.7497797356828194,1.0,0.0035087719298245615,851,284,0,1,284,0.8807353183192154,0.8809574219474013
325,gap,tnr_0.5,0.026668933984525914,0.7525510204081632,0.8228730822873083,0.6933019976498237,0.5543859649122806,590,127,261,158,127,0.8807353183192154,0.8809574219474013
325,gap,tnr_0.7,0.048120095530385994,0.6931254429482636,0.8732142857142857,0.5746180963572268,0.7508771929824561,489,71,362,214,71,0.8807353183192154,0.8809574219474013
325,gap,robust_balanced,0.044570231328764476,0.7079276773296245,0.8671209540034072,0.5981198589894242,0.7263157894736842,509,78,342,207,78,0.8807353183192154,0.8809574219474013
326,absolute,best_f1,0.34921352213815304,0.867237687366167,0.7758620689655172,0.9830097087378641,0.16129032258064516,810,234,14,45,234,0.8948920842394466,0.8951555992268658
326,absolute,tnr_0.5,0.47978406220422365,0.8197923029932804,0.8253382533825339,0.8143203883495146,0.4910394265232975,671,142,153,137,142,0.8948920842394466,0.8951555992268658
326,absolute,tnr_0.7,0.5505529232665857,0.7272727272727273,0.8767123287671232,0.6213592233009708,0.7419354838709677,512,72,312,207,72,0.8948920842394466,0.8951555992268658
326,absolute,robust_balanced,0.5495953464415451,0.7326732673267327,0.8779661016949153,0.6286407766990292,0.7419354838709677,518,72,306,207,72,0.8948920842394466,0.8951555992268658
326,gap,best_f1,7.786060185943633e-05,0.855215360664245,0.7470534904805077,1.0,0.0,824,279,0,0,279,0.8572343044230284,0.8575568513513994
326,gap,tnr_0.5,0.026668933984525914,0.7702020202020202,0.8026315789473685,0.7402912621359223,0.46236559139784944,610,150,214,129,150,0.8572343044230284,0.8575568513513994
326,gap,tnr_0.7,0.048120095530385994,0.6877697841726619,0.8445229681978799,0.5800970873786407,0.6845878136200717,478,88,346,191,88,0.8572343044230284,0.8575568513513994
326,gap,robust_balanced,0.044570231328764476,0.7112676056338029,0.8473154362416108,0.6128640776699029,0.6738351254480287,505,91,319,188,91,0.8572343044230284,0.8575568513513994
327,absolute,best_f1,0.34921352213815304,0.8654353562005277,0.7772511848341233,0.9761904761904762,0.13284132841328414,820,235,20,36,235,0.90965234916147,0.9098824115887766
327,absolute,tnr_0.5,0.47978406220422365,0.8295936931473621,0.8454882571075402,0.8142857142857143,0.5387453874538746,684,125,156,146,125,0.90965234916147,0.9098824115887766
327,absolute,tnr_0.7,0.5505529232665857,0.7489539748953975,0.9040404040404041,0.6392857142857142,0.7896678966789668,537,57,303,214,57,0.90965234916147,0.9098824115887766
327,absolute,robust_balanced,0.5495953464415451,0.7496522948539638,0.9013377926421404,0.6416666666666667,0.7822878228782287,539,59,301,212,59,0.90965234916147,0.9098824115887766
327,gap,best_f1,7.786060185943633e-05,0.8610968733982574,0.7560756075607561,1.0,0.0,840,271,0,0,271,0.8969985949965057,0.8971697448109632
327,gap,tnr_0.5,0.026668933984525914,0.7681528662420383,0.826027397260274,0.7178571428571429,0.5313653136531366,603,127,237,144,127,0.8969985949965057,0.8971697448109632
327,gap,tnr_0.7,0.048120095530385994,0.707977207977208,0.8812056737588653,0.5916666666666667,0.7527675276752768,497,67,343,204,67,0.8969985949965057,0.8971697448109632
327,gap,robust_balanced,0.044570231328764476,0.7253668763102725,0.8781725888324873,0.6178571428571429,0.7343173431734318,519,72,321,199,72,0.8969985949965057,0.8971697448109632
328,absolute,best_f1,0.34921352213815304,0.861506055818852,0.7673545966228893,0.9819927971188476,0.17880794701986755,818,248,15,54,248,0.8939205101488747,0.8941457235222121
328,absolute,tnr_0.5,0.47978406220422365,0.8212974296205631,0.8377028714107366,0.8055222088835534,0.5695364238410596,671,130,162,172,130,0.8939205101488747,0.8941457235222121
328,absolute,tnr_0.7,0.5505529232665857,0.7179125528913963,0.8700854700854701,0.6110444177671068,0.7483443708609272,509,76,324,226,76,0.8939205101488747,0.8941457235222121
328,absolute,robust_balanced,0.5495953464415451,0.7205056179775281,0.868020304568528,0.6158463385354142,0.7417218543046358,513,78,320,224,78,0.8939205101488747,0.8941457235222121
328,gap,best_f1,7.786060185943633e-05,0.8465447154471545,0.733920704845815,1.0,0.0,833,302,0,0,302,0.8812665518732223,0.8814525802334539
328,gap,tnr_0.5,0.026668933984525914,0.7455470737913485,0.7929634641407307,0.7034813925570228,0.49337748344370863,586,153,247,149,153,0.8812665518732223,0.8814525802334539
328,gap,tnr_0.7,0.048120095530385994,0.7062986553432413,0.8603448275862069,0.5990396158463386,0.7317880794701986,499,81,334,221,81,0.8812665518732223,0.8814525802334539
328,gap,robust_balanced,0.044570231328764476,0.7141858839972047,0.8545150501672241,0.6134453781512605,0.7119205298013245,511,87,322,215,87,0.8812665518732223,0.8814525802334539
329,absolute,best_f1,0.34921352213815304,0.8698807672369103,0.7797397769516728,0.9835873388042204,0.1474820143884892,839,237,14,41,237,0.8901284365647425,0.8904352619870264
329,absolute,tnr_0.5,0.47978406220422365,0.8397397989355411,0.847255369928401,0.8323563892145369,0.539568345323741,710,128,143,150,128,0.8901284365647425,0.8904352619870264
329,absolute,tnr_0.7,0.5505529232665857,0.7542932628797886,0.8638426626323752,0.6694021101992966,0.6762589928057554,571,90,282,188,90,0.8901284365647425,0.8904352619870264
329,absolute,robust_balanced,0.5495953464415451,0.7562582345191041,0.8631578947368421,0.6729191090269636,0.6726618705035972,574,91,279,187,91,0.8901284365647425,0.8904352619870264
329,gap,best_f1,7.786060185943633e-05,0.8607467204843592,0.7555358724534986,1.0,0.007194244604316547,853,276,0,2,276,0.8827276720811111,0.8829389653508767
329,gap,tnr_0.5,0.026668933984525914,0.7818181818181819,0.8092848180677541,0.7561547479484173,0.45323741007194246,645,152,208,126,152,0.8827276720811111,0.8829389653508767
329,gap,tnr_0.7,0.048120095530385994,0.7159322033898305,0.8488745980707395,0.6189917936694022,0.6618705035971223,528,94,325,184,94,0.8827276720811111,0.8829389653508767
329,gap,robust_balanced,0.044570231328764476,0.73342175066313,0.8442748091603054,0.6483001172332943,0.6330935251798561,553,102,300,176,102,0.8827276720811111,0.8829389653508767
330,absolute,best_f1,0.34921352213815304,0.8604774535809019,0.7600749765698219,0.991442542787286,0.10801393728222997,811,256,7,31,256,0.8897183580340453,0.8899544508471514
330,absolute,tnr_0.5,0.47978406220422365,0.8138839018551766,0.7971864009378663,0.8312958435207825,0.397212543554007,680,173,138,114,173,0.8897183580340453,0.8899544508471514
330,absolute,tnr_0.7,0.5505529232665857,0.7280334728033473,0.8474025974025974,0.6381418092909535,0.6724738675958188,522,94,296,193,94,0.8897183580340453,0.8899544508471514
330,absolute,robust_balanced,0.5495953464415451,0.7305555555555555,0.8456591639871383,0.6430317848410758,0.6655052264808362,526,96,292,191,96,0.8897183580340453,0.8899544508471514
330,gap,best_f1,7.786060185943633e-05,0.8516397709526289,0.7416137805983681,1.0,0.006968641114982578,818,285,0,2,285,0.8838861846005176,0.8840841937749041
330,gap,tnr_0.5,0.026668933984525914,0.7647058823529411,0.8016085790884718,0.7310513447432763,0.4843205574912892,598,148,220,139,148,0.8838861846005176,0.8840841937749041
330,gap,tnr_0.7,0.048120095530385994,0.7075606276747504,0.8493150684931506,0.6063569682151589,0.6933797909407665,496,88,322,199,88,0.8838861846005176,0.8840841937749041
330,gap,robust_balanced,0.044570231328764476,0.7258741258741259,0.8480392156862745,0.6344743276283619,0.6759581881533101,519,93,299,194,93,0.8838861846005176,0.8840841937749041
331,absolute,best_f1,0.34921352213815304,0.8586553732133404,0.7629350893697083,0.9818401937046005,0.15436241610738255,811,252,15,46,252,0.9019536760064341,0.9021043558372287
331,absolute,tnr_0.5,0.47978406220422365,0.8126520681265207,0.8166259168704156,0.8087167070217918,0.4966442953020134,668,150,158,148,150,0.9019536760064341,0.9021043558372287
331,absolute,tnr_0.7,0.5505529232665857,0.729312762973352,0.8666666666666667,0.6295399515738499,0.7315436241610739,520,80,306,218,80,0.9019536760064341,0.9021043558372287
331,absolute,robust_balanced,0.5495953464415451,0.7309573724668065,0.8644628099173554,0.6331719128329297,0.7248322147651006,523,82,303,216,82,0.9019536760064341,0.9021043558372287
331,gap,best_f1,7.786060185943633e-05,0.8476141611082606,0.7355298308103295,1.0,0.003355704697986577,826,297,0,1,297,0.8656598736015509,0.8658884552893062
331,gap,tnr_0.5,0.026668933984525914,0.7516005121638925,0.7975543478260869,0.7106537530266344,0.5,587,149,239,149,149,0.8656598736015509,0.8658884552893062
331,gap,tnr_0.7,0.048120095530385994,0.6903914590747331,0.8376511226252159,0.5871670702179177,0.6845637583892618,485,94,341,204,94,0.8656598736015509,0.8658884552893062
331,gap,robust_balanced,0.044570231328764476,0.7121951219512195,0.8390804597701149,0.6186440677966102,0.6711409395973155,511,98,315,200,98,0.8656598736015509,0.8658884552893062
332,absolute,best_f1,0.34921352213815304,0.8582210242587601,0.7602674307545367,0.9851485148514851,0.11619718309859155,796,251,12,33,251,0.8819437705365053,0.8822367046576558
332,absolute,tnr_0.5,0.47978406220422365,0.8073278584965256,0.824516129032258,0.7908415841584159,0.5211267605633803,639,136,169,148,136,0.8819437705365053,0.8822367046576558
332,absolute,tnr_0.7,0.5505529232665857,0.6975717439293598,0.8602540834845736,0.5866336633663366,0.7288732394366197,474,77,334,207,77,0.8819437705365053,0.8822367046576558
332,absolute,robust_balanced,0.5495953464415451,0.6989720998531571,0.8592057761732852,0.5891089108910891,0.7253521126760564,476,78,332,206,78,0.8819437705365053,0.8822367046576558
332,gap,best_f1,7.786060185943633e-05,0.8505263157894737,0.73992673992674,1.0,0.0,808,284,0,0,284,0.8606315282612097,0.860949228156592
332,gap,tnr_0.5,0.026668933984525914,0.7688345138441726,0.8013422818791947,0.7388613861386139,0.4788732394366197,597,148,211,136,148,0.8606315282612097,0.860949228156592
332,gap,tnr_0.7,0.048120095530385994,0.7071428571428572,0.8361486486486487,0.6126237623762376,0.6584507042253521,495,97,313,187,97,0.8606315282612097,0.860949228156592
332,gap,robust_balanced,0.044570231328764476,0.7240896358543417,0.8338709677419355,0.6398514851485149,0.6373239436619719,517,103,291,181,103,0.8606315282612097,0.860949228156592
333,absolute,best_f1,0.34921352213815304,0.8685047720042418,0.7792578496669839,0.9808383233532935,0.17142857142857143,819,232,16,48,232,0.8752249902128285,0.8755393706764463
333,absolute,tnr_0.5,0.47978406220422365,0.8029832193909261,0.834625322997416,0.7736526946107785,0.5428571428571428,646,128,189,152,128,0.8752249902128285,0.8755393706764463
333,absolute,tnr_0.7,0.5505529232665857,0.6983002832861189,0.854419410745234,0.5904191616766467,0.7,493,84,342,196,84,0.8752249902128285,0.8755393706764463
333,absolute,robust_balanced,0.5495953464415451,0.702893436838391,0.8556701030927835,0.5964071856287425,0.7,498,84,337,196,84,0.8752249902128285,0.8755393706764463
333,gap,best_f1,7.786060185943633e-05,0.8564102564102564,0.7488789237668162,1.0,0.0,835,280,0,0,280,0.8904861154632182,0.8906641430954065
333,gap,tnr_0.5,0.026668933984525914,0.7633784655061251,0.8268156424581006,0.7089820359281437,0.5571428571428572,592,124,243,156,124,0.8904861154632182,0.8906641430954065
333,gap,tnr_0.7,0.048120095530385994,0.6885485047410649,0.8805970149253731,0.5652694610778443,0.7714285714285715,472,64,363,216,64,0.8904861154632182,0.8906641430954065
333,gap,robust_balanced,0.044570231328764476,0.7085714285714285,0.8778761061946903,0.5940119760479042,0.7535714285714286,496,69,339,211,69,0.8904861154632182,0.8906641430954065
334,absolute,best_f1,0.34921352213815304,0.8782051282051282,0.7926711668273867,0.9844311377245509,0.16666666666666666,822,215,13,43,215,0.8780938753932923,0.8784392417733962
334,absolute,tnr_0.5,0.47978406220422365,0.8230251071647275,0.8421052631578947,0.8047904191616766,0.5116279069767442,672,126,163,132,126,0.8780938753932923,0.8784392417733962
334,absolute,tnr_0.7,0.5505529232665857,0.7294281729428173,0.8731218697829716,0.6263473053892216,0.7054263565891473,523,76,312,182,76,0.8780938753932923,0.8784392417733962
334,absolute,robust_balanced,0.5495953464415451,0.7323162274618585,0.8698517298187809,0.6323353293413174,0.6937984496124031,528,79,307,179,79,0.8780938753932923,0.8784392417733962
334,gap,best_f1,7.786060185943633e-05,0.8661825726141079,0.7639524245196706,1.0,0.0,835,258,0,0,258,0.888701405034671,0.8888927607188789
334,gap,tnr_0.5,0.026668933984525914,0.7546925566343042,0.8211267605633803,0.6982035928143713,0.5077519379844961,583,127,252,131,127,0.888701405034671,0.8888927607188789
334,gap,tnr_0.7,0.048120095530385994,0.6938483547925608,0.8614564831261101,0.5808383233532934,0.6976744186046512,485,78,350,180,78,0.888701405034671,0.8888927607188789
334,gap,robust_balanced,0.044570231328764476,0.7070422535211267,0.8581196581196581,0.6011976047904192,0.6782945736434108,502,83,333,175,83,0.888701405034671,0.8888927607188789
335,absolute,best_f1,0.34921352213815304,0.8629333333333333,0.7704761904761904,0.9806060606060606,0.16319444444444445,809,241,16,47,241,0.891033914057031,0.8912450370162565
335,absolute,tnr_0.5,0.47978406220422365,0.8363636363636363,0.8363636363636363,0.8363636363636363,0.53125,690,135,135,153,135,0.891033914057031,0.8912450370162565
335,absolute,tnr_0.7,0.5505529232665857,0.7288135593220338,0.8730964467005076,0.6254545454545455,0.7395833333333334,516,75,309,213,75,0.891033914057031,0.8912450370162565
335,absolute,robust_balanced,0.5495953464415451,0.7304714989444053,0.8708053691275168,0.6290909090909091,0.7326388888888888,519,77,306,211,77,0.891033914057031,0.8912450370162565
335,gap,best_f1,7.786060185943633e-05,0.8518327310273619,0.7419064748201439,1.0,0.003472222222222222,825,287,0,1,287,0.8735138361842972,0.873746774661118
335,gap,tnr_0.5,0.026668933984525914,0.7721518987341772,0.8079470198675497,0.7393939393939394,0.4965277777777778,610,145,215,143,145,0.8735138361842972,0.873746774661118
335,gap,tnr_0.7,0.048120095530385994,0.7121745249824067,0.8489932885906041,0.6133333333333333,0.6875,506,90,319,198,90,0.8735138361842972,0.873746774661118
335,gap,robust_balanced,0.044570231328764476,0.7258848022206801,0.849025974025974,0.6339393939393939,0.6770833333333334,523,93,302,195,93,0.8735138361842972,0.873746774661118
336,absolute,best_f1,0.34921352213815304,0.8722131593257205,0.7801556420233463,0.9889025893958077,0.19285714285714287,802,226,9,54,226,0.9162171225481481,0.9164244563629051
336,absolute,tnr_0.5,0.47978406220422365,0.8558897243107769,0.870063694267516,0.842170160295931,0.6357142857142857,683,102,128,178,102,0.9162171225481481,0.9164244563629051
336,absolute,tnr_0.7,0.5505529232665857,0.7535816618911175,0.8991452991452992,0.6485819975339088,0.7892857142857143,526,59,285,221,59,0.9162171225481481,0.9164244563629051
336,absolute,robust_balanced,0.5495953464415451,0.7571428571428571,0.8998302207130731,0.6535141800246609,0.7892857142857143,530,59,281,221,59,0.9162171225481481,0.9164244563629051
336,gap,best_f1,7.786060185943633e-05,0.8536842105263158,0.7447199265381084,1.0,0.007142857142857143,811,278,0,2,278,0.8771542860878614,0.8773579644369485
336,gap,tnr_0.5,0.026668933984525914,0.7551155115511551,0.8125,0.7053020961775586,0.5285714285714286,572,132,239,148,132,0.8771542860878614,0.8773579644369485
336,gap,tnr_0.7,0.048120095530385994,0.6716529543754675,0.8536121673003803,0.5536374845869297,0.725,449,77,362,203,77,0.8771542860878614,0.8773579644369485
336,gap,robust_balanced,0.044570231328764476,0.6833948339483394,0.8511029411764706,0.5709001233045623,0.7107142857142857,463,81,348,199,81,0.8771542860878614,0.8773579644369485
337,absolute,best_f1,0.34921352213815304,0.8639667705088265,0.7668202764976959,0.9892984542211652,0.09642857142857143,832,253,9,27,253,0.8839136460793983,0.8842139649161938
337,absolute,tnr_0.5,0.47978406220422365,0.8322309079975947,0.8418491484184915,0.8228299643281808,0.5357142857142857,692,130,149,150,130,0.8839136460793983,0.8842139649161938
337,absolute,tnr_0.7,0.5505529232665857,0.7308743169398907,0.8587479935794543,0.6361474435196195,0.6857142857142857,535,88,306,192,88,0.8839136460793983,0.8842139649161938
337,absolute,robust_balanced,0.5495953464415451,0.7343324250681199,0.8596491228070176,0.6409036860879905,0.6857142857142857,539,88,302,192,88,0.8839136460793983,0.8842139649161938
337,gap,best_f1,7.786060185943633e-05,0.8572884811416922,0.7502230151650312,1.0,0.0,841,280,0,0,280,0.8872128309621078,0.8874053473284303
337,gap,tnr_0.5,0.026668933984525914,0.7903822441430333,0.8207426376440461,0.7621878715814506,0.5,641,140,200,140,140,0.8872128309621078,0.8874053473284303
337,gap,tnr_0.7,0.048120095530385994,0.7145818935729095,0.8531353135313532,0.6147443519619501,0.6821428571428572,517,89,324,191,89,0.8872128309621078,0.8874053473284303
337,gap,robust_balanced,0.044570231328764476,0.7349966284558328,0.8489096573208723,0.6480380499405469,0.6535714285714286,545,97,296,183,97,0.8872128309621078,0.8874053473284303
338,absolute,best_f1,0.34921352213815304,0.8529411764705882,0.752548656163114,0.9842424242424243,0.08873720136518772,812,267,13,26,267,0.875313797888496,0.8755782189425722
338,absolute,tnr_0.5,0.47978406220422365,0.8226779252110977,0.8187274909963985,0.8266666666666667,0.48464163822525597,682,151,143,142,151,0.875313797888496,0.8755782189425722
338,absolute,tnr_0.7,0.5505529232665857,0.7208976157082749,0.8552412645590682,0.623030303030303,0.7030716723549488,514,87,311,206,87,0.875313797888496,0.8755782189425722
338,absolute,robust_balanced,0.5495953464415451,0.7235829251224632,0.8559602649006622,0.6266666666666667,0.7030716723549488,517,87,308,206,87,0.875313797888496,0.8755782189425722
338,gap,best_f1,7.786060185943633e-05,0.8492022645393721,0.7379248658318426,1.0,0.0,825,293,0,0,293,0.8653875501840488,0.8656453778152421
338,gap,tnr_0.5,0.026668933984525914,0.7745664739884393,0.8237704918032787,0.730909090909091,0.5597269624573379,603,129,222,164,129,0.8653875501840488,0.8656453778152421
338,gap,tnr_0.7,0.048120095530385994,0.6788055353241078,0.8503649635036497,0.5648484848484848,0.7201365187713311,466,82,359,211,82,0.8653875501840488,0.8656453778152421
338,gap,robust_balanced,0.044570231328764476,0.7097232079489,0.8561643835616438,0.6060606060606061,0.7133105802047781,500,84,325,209,84,0.8653875501840488,0.8656453778152421
339,absolute,best_f1,0.34921352213815304,0.8634222919937206,0.7674418604651163,0.9868421052631579,0.09747292418772563,825,250,11,27,250,0.8810324364197001,0.8813150344164893
339,absolute,tnr_0.5,0.47978406220422365,0.8196524865188736,0.8211284513805522,0.8181818181818182,0.4620938628158845,684,149,152,128,149,0.8810324364197001,0.8813150344164893
339,absolute,tnr_0.7,0.5505529232665857,0.7170596393897365,0.8531353135313532,0.618421052631579,0.6787003610108303,517,89,319,188,89,0.8810324364197001,0.8813150344164893
339,absolute,robust_balanced,0.5495953464415451,0.7209944751381215,0.8529411764705882,0.6244019138755981,0.6750902527075813,522,90,314,187,90,0.8810324364197001,0.8813150344164893
339,gap,best_f1,7.786060185943633e-05,0.857875833760903,0.7511230907457322,1.0,0.0,836,277,0,0,277,0.8515220222272131,0.851844083467765
339,gap,tnr_0.5,0.026668933984525914,0.7559256886611146,0.8137931034482758,0.7057416267942583,0.5126353790613718,590,135,246,142,135,0.8515220222272131,0.851844083467765
339,gap,tnr_0.7,0.048120095530385994,0.6719424460431654,0.8429602888086642,0.5586124401913876,0.6859205776173285,467,87,369,190,87,0.8515220222272131,0.851844083467765
339,gap,robust_balanced,0.044570231328764476,0.6930134086097389,0.8450946643717728,0.5873205741626795,0.6750902527075813,491,90,345,187,90,0.8515220222272131,0.851844083467765
340,absolute,best_f1,0.34921352213815304,0.8632938643702907,0.7681992337164751,0.9852579852579852,0.12318840579710146,802,242,12,34,242,0.9036670751732937,0.9039026606888065
340,absolute,tnr_0.5,0.47978406220422365,0.8330206378986866,0.8484076433121019,0.8181818181818182,0.5688405797101449,666,119,148,157,119,0.9036670751732937,0.9039026606888065
340,absolute,tnr_0.7,0.5505529232665857,0.7474892395982783,0.8982758620689655,0.64004914004914,0.7862318840579711,521,59,293,217,59,0.9036670751732937,0.9039026606888065
340,absolute,robust_balanced,0.5495953464415451,0.7537473233404711,0.899488926746167,0.6486486486486487,0.7862318840579711,528,59,286,217,59,0.9036670751732937,0.9039026606888065
340,gap,best_f1,7.786060185943633e-05,0.8554913294797688,0.7474747474747475,1.0,0.0036231884057971015,814,275,0,1,275,0.884402828301561,0.8845863644984048
340,gap,tnr_0.5,0.026668933984525914,0.7594433399602386,0.8244604316546763,0.7039312039312039,0.5579710144927537,573,122,241,154,122,0.884402828301561,0.8845863644984048
340,gap,tnr_0.7,0.048120095530385994,0.6840148698884758,0.8662900188323918,0.5651105651105651,0.7427536231884058,460,71,354,205,71,0.884402828301561,0.8845863644984048
340,gap,robust_balanced,0.044570231328764476,0.7013177159590044,0.8677536231884058,0.5884520884520884,0.7355072463768116,479,73,335,203,73,0.884402828301561,0.8845863644984048
341,absolute,best_f1,0.34921352213815304,0.8718466195761857,0.7804878048780488,0.9874285714285714,0.12274368231046931,864,243,11,34,243,0.8948709066092114,0.8951306000284194
341,absolute,tnr_0.5,0.47978406220422365,0.8430132259919494,0.8483796296296297,0.8377142857142857,0.5270758122743683,733,131,142,146,131,0.8948709066092114,0.8951306000284194
341,absolute,tnr_0.7,0.5505529232665857,0.7311541027351568,0.8782051282051282,0.6262857142857143,0.7256317689530686,548,76,327,201,76,0.8948709066092114,0.8951306000284194
341,absolute,robust_balanced,0.5495953464415451,0.7353723404255319,0.8791732909379968,0.632,0.7256317689530686,553,76,322,201,76,0.8948709066092114,0.8951306000284194
341,gap,best_f1,7.786060185943633e-05,0.8637709772951628,0.7602085143353605,1.0,0.0036101083032490976,875,276,0,1,276,0.8598901985808075,0.8601620240899626
341,gap,tnr_0.5,0.026668933984525914,0.7416563658838071,0.8075370121130552,0.6857142857142857,0.48375451263537905,600,143,275,134,143,0.8598901985808075,0.8601620240899626
341,gap,tnr_0.7,0.048120095530385994,0.6638888888888889,0.8460176991150442,0.5462857142857143,0.6859205776173285,478,87,397,190,87,0.8598901985808075,0.8601620240899626
341,gap,robust_balanced,0.044570231328764476,0.6870332654446707,0.8461538461538461,0.5782857142857143,0.6678700361010831,506,92,369,185,92,0.8598901985808075,0.8601620240899626
342,absolute,best_f1,0.34921352213815304,0.8633474576271186,0.7688679245283019,0.9842995169082126,0.13732394366197184,815,245,13,39,245,0.9171634767423903,0.9173627184737895
342,absolute,tnr_0.5,0.47978406220422365,0.841337386018237,0.847001223990208,0.8357487922705314,0.5598591549295775,692,125,136,159,125,0.9171634767423903,0.9173627184737895
342,absolute,tnr_0.7,0.5505529232665857,0.7505211952744962,0.88379705400982,0.6521739130434783,0.75,540,71,288,213,71,0.9171634767423903,0.9173627184737895
342,absolute,robust_balanced,0.5495953464415451,0.753120665742025,0.8843648208469055,0.6557971014492754,0.75,543,71,285,213,71,0.9171634767423903,0.9173627184737895
342,gap,best_f1,7.786060185943633e-05,0.8536082474226804,0.7446043165467626,1.0,0.0,828,284,0,0,284,0.869737065092414,0.8699868772555176
342,gap,tnr_0.5,0.026668933984525914,0.7645569620253164,0.8031914893617021,0.7294685990338164,0.4788732394366197,604,148,224,136,148,0.869737065092414,0.8699868772555176
342,gap,tnr_0.7,0.048120095530385994,0.7086280056577087,0.8549488054607508,0.605072463768116,0.7007042253521126,501,85,327,199,85,0.869737065092414,0.8699868772555176
342,gap,robust_balanced,0.044570231328764476,0.7276507276507277,0.8536585365853658,0.6340579710144928,0.6830985915492958,525,90,303,194,90,0.869737065092414,0.8699868772555176
343,absolute,best_f1,0.34921352213815304,0.8623265741728922,0.7732057416267942,0.9746682750301568,0.12867647058823528,808,237,21,35,237,0.8761517261834142,0.8764327935754075
343,absolute,tnr_0.5,0.47978406220422365,0.8021978021978022,0.8121137206427689,0.7925211097708083,0.4411764705882353,657,152,172,120,152,0.8761517261834142,0.8764327935754075
343,absolute,tnr_0.7,0.5505529232665857,0.7185964912280701,0.8590604026845637,0.617611580217129,0.6911764705882353,512,84,317,188,84,0.8761517261834142,0.8764327935754075
343,absolute,robust_balanced,0.5495953464415451,0.7216783216783217,0.8585690515806988,0.6224366706875754,0.6875,516,85,313,187,85,0.8761517261834142,0.8764327935754075
343,gap,best_f1,7.786060185943633e-05,0.8595127008812856,0.7536363636363637,1.0,0.003676470588235294,829,271,0,1,271,0.8590759068620514,0.8593467128144561
343,gap,tnr_0.5,0.026668933984525914,0.7449967721110394,0.8013888888888889,0.6960193003618818,0.4742647058823529,577,143,252,129,143,0.8590759068620514,0.8593467128144561
343,gap,tnr_0.7,0.048120095530385994,0.6758922068463219,0.8529411764705882,0.5597104945717732,0.7058823529411765,464,80,365,192,80,0.8590759068620514,0.8593467128144561
343,gap,robust_balanced,0.044570231328764476,0.6957142857142857,0.8528896672504378,0.5874547647768396,0.6911764705882353,487,84,342,188,84,0.8590759068620514,0.8593467128144561
344,absolute,best_f1,0.34921352213815304,0.8612903225806452,0.765774378585086,0.984029484029484,0.10583941605839416,801,245,13,29,245,0.870176781393227,0.8704803229159821
344,absolute,tnr_0.5,0.47978406220422365,0.8106107341147439,0.8141263940520446,0.8071253071253072,0.45255474452554745,657,150,157,124,150,0.870176781393227,0.8704803229159821
344,absolute,tnr_0.7,0.5505529232665857,0.7193841847445767,0.8357723577235773,0.6314496314496314,0.6313868613138686,514,101,300,173,101,0.870176781393227,0.8704803229159821
344,absolute,robust_balanced,0.5495953464415451,0.7233449477351916,0.8357487922705314,0.6375921375921376,0.6277372262773723,519,102,295,172,102,0.870176781393227,0.8704803229159821
344,gap,best_f1,7.786060185943633e-05,0.8559411146161935,0.7481617647058824,1.0,0.0,814,274,0,0,274,0.8879584414430254,0.8881476930385765
344,gap,tnr_0.5,0.026668933984525914,0.7662337662337663,0.8126721763085399,0.7248157248157249,0.5036496350364964,590,136,224,138,136,0.8879584414430254,0.8881476930385765
344,gap,tnr_0.7,0.048120095530385994,0.7050254916241806,0.8658318425760286,0.5945945945945946,0.7262773722627737,484,75,330,199,75,0.8879584414430254,0.8881476930385765
344,gap,robust_balanced,0.044570231328764476,0.7249466950959488,0.8600337268128162,0.6265356265356266,0.6970802919708029,510,83,304,191,83,0.8879584414430254,0.8881476930385765
345,absolute,best_f1,0.34921352213815304,0.8740279937791602,0.7900656044985942,0.9779582366589327,0.17037037037037037,843,224,19,46,224,0.919194767654213,0.9193700680111521
345,absolute,tnr_0.5,0.47978406220422365,0.8409090909090909,0.8679012345679012,0.8155452436194895,0.6037037037037037,703,107,159,163,107,0.919194767654213,0.9193700680111521
345,absolute,tnr_0.7,0.5505529232665857,0.7498295841854125,0.9090909090909091,0.6380510440835266,0.7962962962962963,550,55,312,215,55,0.919194767654213,0.9193700680111521
345,absolute,robust_balanced,0.5495953464415451,0.7535641547861507,0.9083469721767594,0.6438515081206496,0.7925925925925926,555,56,307,214,56,0.919194767654213,0.9193700680111521
345,gap,best_f1,7.786060185943633e-05,0.8658965344048217,0.7635075287865367,1.0,0.011111111111111112,862,267,0,3,267,0.8892137511494285,0.8894190403960126
345,gap,tnr_0.5,0.026668933984525914,0.7811735941320294,0.8255813953488372,0.7412993039443155,0.5,639,135,223,135,135,0.8892137511494285,0.8894190403960126
345,gap,tnr_0.7,0.048120095530385994,0.7321668909825033,0.8717948717948718,0.6310904872389791,0.7037037037037037,544,80,318,190,80,0.8892137511494285,0.8894190403960126
345,gap,robust_balanced,0.044570231328764476,0.7433510638297872,0.8707165109034268,0.648491879350348,0.6925925925925925,559,83,303,187,83,0.8892137511494285,0.8894190403960126
346,absolute,best_f1,0.34921352213815304,0.8611254517294786,0.7623400365630713,0.9893238434163701,0.14754098360655737,834,260,9,45,260,0.8480485320280802,0.8484671644444206
346,absolute,tnr_0.5,0.47978406220422365,0.8067717454757735,0.7942528735632184,0.8196915776986952,0.4131147540983607,691,179,152,126,179,0.8480485320280802,0.8484671644444206
346,absolute,tnr_0.7,0.5505529232665857,0.7163168584969533,0.8343848580441641,0.627520759193357,0.6557377049180327,529,105,314,200,105,0.8480485320280802,0.8484671644444206
346,absolute,robust_balanced,0.5495953464415451,0.7205387205387206,0.8333333333333334,0.6346381969157769,0.6491803278688525,535,107,308,198,107,0.8480485320280802,0.8484671644444206
346,gap,best_f1,7.786060185943633e-05,0.8468106479156203,0.7343205574912892,1.0,0.0,843,305,0,0,305,0.8592709880378638,0.8595454846502263
346,gap,tnr_0.5,0.026668933984525914,0.7622594661700807,0.7994791666666666,0.7283511269276394,0.49508196721311476,614,154,229,151,154,0.8592709880378638,0.8595454846502263
346,gap,tnr_0.7,0.048120095530385994,0.6926286509040334,0.8369747899159664,0.5907473309608541,0.6819672131147541,498,97,345,208,97,0.8592709880378638,0.8595454846502263
346,gap,robust_balanced,0.044570231328764476,0.7100753941055518,0.8409090909090909,0.6144721233689205,0.6786885245901639,518,98,325,207,98,0.8592709880378638,0.8595454846502263
347,absolute,best_f1,0.34921352213815304,0.8699315429173249,0.779245283018868,0.9845053635280095,0.13653136531365315,826,234,13,37,234,0.9037559695191573,0.9040249083414441
347,absolute,tnr_0.5,0.47978406220422365,0.8314059646987219,0.849502487562189,0.8140643623361145,0.5535055350553506,683,121,156,150,121,0.9037559695191573,0.9040249083414441
347,absolute,tnr_0.7,0.5505529232665857,0.7348643006263048,0.882943143812709,0.6293206197854588,0.7416974169741697,528,70,311,201,70,0.9037559695191573,0.9040249083414441
347,absolute,robust_balanced,0.5495953464415451,0.7413554633471646,0.8830313014827018,0.6388557806912991,0.7380073800738007,536,71,303,200,71,0.9037559695191573,0.9040249083414441
347,gap,best_f1,7.786060185943633e-05,0.8613963039014374,0.7565374211000901,1.0,0.0036900369003690036,839,270,0,1,270,0.8945581232062547,0.8947252802010043
347,gap,tnr_0.5,0.026668933984525914,0.7666666666666667,0.8294036061026352,0.7127532777115614,0.5461254612546126,598,123,241,148,123,0.8945581232062547,0.8947252802010043
347,gap,tnr_0.7,0.048120095530385994,0.6997840172786177,0.8836363636363637,0.5792610250297974,0.7638376383763837,486,64,353,207,64,0.8945581232062547,0.8947252802010043
347,gap,robust_balanced,0.044570231328764476,0.7165021156558533,0.8773747841105354,0.6054827175208581,0.7380073800738007,508,71,331,200,71,0.8945581232062547,0.8947252802010043
348,absolute,best_f1,0.34921352213815304,0.8670212765957447,0.7747148288973384,0.9842995169082126,0.14130434782608695,815,237,13,39,237,0.9212729648653329,0.921413100579975
348,absolute,tnr_0.5,0.47978406220422365,0.8522796352583587,0.8580171358629131,0.8466183574879227,0.5797101449275363,701,116,127,160,116,0.9212729648653329,0.921413100579975
348,absolute,tnr_0.7,0.5505529232665857,0.7540069686411149,0.8912685337726524,0.6533816425120773,0.7608695652173914,541,66,287,210,66,0.9212729648653329,0.921413100579975
348,absolute,robust_balanced,0.5495953464415451,0.7558945908460472,0.8876221498371335,0.6582125603864735,0.75,545,69,283,207,69,0.9212729648653329,0.921413100579975
348,gap,best_f1,7.786060185943633e-05,0.8571428571428571,0.75,1.0,0.0,828,276,0,0,276,0.8811456128905261,0.8813542642328271
348,gap,tnr_0.5,0.026668933984525914,0.7836477987421384,0.8175853018372703,0.7524154589371981,0.4963768115942029,623,139,205,137,139,0.8811456128905261,0.8813542642328271
348,gap,tnr_0.7,0.048120095530385994,0.7084818246614397,0.8643478260869565,0.6002415458937198,0.717391304347826,497,78,331,198,78,0.8811456128905261,0.8813542642328271
348,gap,robust_balanced,0.044570231328764476,0.7280334728033473,0.8613861386138614,0.6304347826086957,0.6956521739130435,522,84,306,192,84,0.8811456128905261,0.8813542642328271
349,absolute,best_f1,0.34921352213815304,0.8721804511278195,0.7785234899328859,0.9914529914529915,0.15384615384615385,812,231,7,42,231,0.894297129699069,0.8945596264561683
349,absolute,tnr_0.5,0.47978406220422365,0.8327183271832719,0.838909541511772,0.8266178266178266,0.5238095238095238,677,130,142,143,130,0.894297129699069,0.8945596264561683
349,absolute,tnr_0.7,0.5505529232665857,0.736318407960199,0.8809523809523809,0.6324786324786325,0.7435897435897436,518,70,301,203,70,0.894297129699069,0.8945596264561683
349,absolute,robust_balanced,0.5495953464415451,0.7407932011331445,0.8819561551433389,0.6385836385836385,0.7435897435897436,523,70,296,203,70,0.894297129699069,0.8945596264561683
349,gap,best_f1,7.786060185943633e-05,0.858040859088528,0.7513761467889908,1.0,0.007326007326007326,819,271,0,2,271,0.8769702577497936,0.877220898651246
349,gap,tnr_0.5,0.026668933984525914,0.7777777777777778,0.8152610441767069,0.7435897435897436,0.4945054945054945,609,138,210,135,138,0.8769702577497936,0.877220898651246
349,gap,tnr_0.7,0.048120095530385994,0.7107913669064748,0.8651488616462347,0.6031746031746031,0.717948717948718,494,77,325,196,77,0.8769702577497936,0.877220898651246
349,gap,robust_balanced,0.044570231328764476,0.721868365180467,0.8585858585858586,0.6227106227106227,0.6923076923076923,510,84,309,189,84,0.8769702577497936,0.877220898651246
350,absolute,best_f1,0.34921352213815304,0.8582251082251082,0.7574021012416428,0.9900124843945068,0.13013698630136986,793,254,8,38,254,0.8740091352986515,0.8742966449018903
350,absolute,tnr_0.5,0.47978406220422365,0.8098765432098766,0.800976800976801,0.818976279650437,0.4417808219178082,656,163,145,129,163,0.8740091352986515,0.8742966449018903
350,absolute,tnr_0.7,0.5505529232665857,0.7057122198120029,0.8384879725085911,0.6092384519350812,0.678082191780822,488,94,313,198,94,0.8740091352986515,0.8742966449018903
350,absolute,robust_balanced,0.5495953464415451,0.7084233261339092,0.8367346938775511,0.6142322097378277,0.6712328767123288,492,96,309,196,96,0.8740091352986515,0.8742966449018903
350,gap,best_f1,7.786060185943633e-05,0.8462757527733756,0.7335164835164835,1.0,0.003424657534246575,801,291,0,1,291,0.8600891181006314,0.860378777098425
350,gap,tnr_0.5,0.026668933984525914,0.7560497056899934,0.7939560439560439,0.7215980024968789,0.4863013698630137,578,150,223,142,150,0.8600891181006314,0.860378777098425
350,gap,tnr_0.7,0.048120095530385994,0.6765358993338267,0.8309090909090909,0.5705368289637952,0.6815068493150684,457,93,344,199,93,0.8600891181006314,0.860378777098425
350,gap,robust_balanced,0.044570231328764476,0.6933721777130372,0.8321678321678322,0.5942571785268415,0.6712328767123288,476,96,325,196,96,0.8600891181006314,0.860378777098425
351,absolute,best_f1,0.34921352213815304,0.8672286617492097,0.7815764482431149,0.9739644970414201,0.17857142857142858,823,230,22,50,230,0.8884935050135625,0.888700405837571
351,absolute,tnr_0.5,0.47978406220422365,0.8086382723455309,0.8199513381995134,0.7976331360946746,0.4714285714285714,674,148,171,132,148,0.8884935050135625,0.888700405837571
351,absolute,tnr_0.7,0.5505529232665857,0.7139931740614335,0.8435483870967742,0.6189349112426036,0.6535714285714286,523,97,322,183,97,0.8884935050135625,0.888700405837571
351,absolute,robust_balanced,0.5495953464415451,0.7156462585034014,0.8416,0.6224852071005917,0.6464285714285715,526,99,319,181,99,0.8884935050135625,0.888700405837571
351,gap,best_f1,7.786060185943633e-05,0.8583037074657186,0.751779359430605,1.0,0.0035714285714285713,845,279,0,1,279,0.8779889502131556,0.8782068288518007
351,gap,tnr_0.5,0.026668933984525914,0.7672253258845437,0.8067885117493473,0.7313609467455622,0.4714285714285714,618,148,227,132,148,0.8779889502131556,0.8782068288518007
351,gap,tnr_0.7,0.048120095530385994,0.7219178082191781,0.8569105691056911,0.6236686390532544,0.6857142857142857,527,88,318,192,88,0.8779889502131556,0.8782068288518007
351,gap,robust_balanced,0.044570231328764476,0.7337837837837838,0.8551181102362204,0.642603550295858,0.6714285714285714,543,92,302,188,92,0.8779889502131556,0.8782068288518007
352,absolute,best_f1,0.34921352213815304,0.8838951310861424,0.8003875968992248,0.986857825567503,0.1953125,826,206,11,50,206,0.891523395063765,0.8918662651547228
352,absolute,tnr_0.5,0.47978406220422365,0.8407026044821321,0.8525798525798526,0.8291517323775388,0.53125,694,120,143,136,120,0.891523395063765,0.8918662651547228
352,absolute,tnr_0.7,0.5505529232665857,0.7460426703372333,0.8798701298701299,0.6475507765830346,0.7109375,542,74,295,182,74,0.891523395063765,0.8918662651547228
352,absolute,robust_balanced,0.5495953464415451,0.7489711934156379,0.8792270531400966,0.6523297491039427,0.70703125,546,75,291,181,75,0.891523395063765,0.8918662651547228
352,gap,best_f1,7.786060185943633e-05,0.8682572614107884,0.7671860678276811,1.0,0.0078125,837,254,0,2,254,0.8730110979208908,0.8732544123669648
352,gap,tnr_0.5,0.026668933984525914,0.7732154137713203,0.8203753351206434,0.7311827956989247,0.4765625,612,134,225,122,134,0.8730110979208908,0.8732544123669648
352,gap,tnr_0.7,0.048120095530385994,0.6870120652945352,0.8461538461538461,0.5782556750298686,0.65625,484,88,353,168,88,0.8730110979208908,0.8732544123669648
352,gap,robust_balanced,0.044570231328764476,0.7114186851211073,0.8453947368421053,0.6140979689366786,0.6328125,514,94,323,162,94,0.8730110979208908,0.8732544123669648
353,absolute,best_f1,0.34921352213815304,0.8698734177215189,0.7809090909090909,0.9817142857142858,0.1299638989169675,859,241,16,36,241,0.8888277894397071,0.8890977360174759
353,absolute,tnr_0.5,0.47978406220422365,0.837129840546697,0.8342792281498297,0.84,0.4729241877256318,735,146,140,131,146,0.8888277894397071,0.8890977360174759
353,absolute,tnr_0.7,0.5505529232665857,0.7525773195876289,0.8626292466765141,0.6674285714285715,0.6642599277978339,584,93,291,184,93,0.8888277894397071,0.8890977360174759
353,absolute,robust_balanced,0.5495953464415451,0.7520927237604637,0.8613569321533924,0.6674285714285715,0.6606498194945848,584,94,291,183,94,0.8888277894397071,0.8890977360174759
353,gap,best_f1,7.786060185943633e-05,0.8637709772951628,0.7602085143353605,1.0,0.0036101083032490976,875,276,0,1,276,0.8637823102006279,0.8640665470715296
353,gap,tnr_0.5,0.026668933984525914,0.7490909090909091,0.7974193548387096,0.7062857142857143,0.4332129963898917,618,157,257,120,157,0.8637823102006279,0.8640665470715296
353,gap,tnr_0.7,0.048120095530385994,0.6879240162822252,0.8464106844741235,0.5794285714285714,0.6678700361010831,507,92,368,185,92,0.8637823102006279,0.8640665470715296
353,gap,robust_balanced,0.044570231328764476,0.7041499330655957,0.8497576736672051,0.6011428571428571,0.6642599277978339,526,93,349,184,93,0.8637823102006279,0.8640665470715296
354,absolute,best_f1,0.34921352213815304,0.8528943175783325,0.7539906103286385,0.9816625916870416,0.13245033112582782,803,262,15,40,262,0.8561164607179275,0.8564628389271064
354,absolute,tnr_0.5,0.47978406220422365,0.7939024390243903,0.791970802919708,0.7958435207823961,0.4337748344370861,651,171,167,131,171,0.8561164607179275,0.8564628389271064
354,absolute,tnr_0.7,0.5505529232665857,0.695898161244696,0.825503355704698,0.6014669926650367,0.6556291390728477,492,104,326,198,104,0.8561164607179275,0.8564628389271064
354,absolute,robust_balanced,0.5495953464415451,0.6980999296270233,0.8225538971807629,0.6063569682151589,0.6456953642384106,496,107,322,195,107,0.8561164607179275,0.8564628389271064
354,gap,best_f1,7.786060185943633e-05,0.8441692466460269,0.7303571428571428,1.0,0.0,818,302,0,0,302,0.8421190830611469,0.8424930823263583
354,gap,tnr_0.5,0.026668933984525914,0.7334200260078023,0.7833333333333333,0.6894865525672371,0.48344370860927155,564,156,254,146,156,0.8421190830611469,0.8424930823263583
354,gap,tnr_0.7,0.048120095530385994,0.662799129804206,0.8146167557932263,0.558679706601467,0.6556291390728477,457,104,361,198,104,0.8421190830611469,0.8424930823263583
354,gap,robust_balanced,0.044570231328764476,0.6813970064148254,0.8170940170940171,0.5843520782396088,0.6456953642384106,478,107,340,195,107,0.8421190830611469,0.8424930823263583
355,absolute,best_f1,0.34921352213815304,0.8699891657638137,0.7803692905733722,0.9828641370869033,0.21254355400696864,803,226,14,61,226,0.9131829515691505,0.9133893163261482
355,absolute,tnr_0.5,0.47978406220422365,0.844139650872818,0.8602287166454892,0.828641370869033,0.6167247386759582,677,110,140,177,110,0.9131829515691505,0.9133893163261482
355,absolute,tnr_0.7,0.5505529232665857,0.7583274273564847,0.9006734006734006,0.6548347613219094,0.794425087108014,535,59,282,228,59,0.9131829515691505,0.9133893163261482
355,absolute,robust_balanced,0.5495953464415451,0.7635850388143967,0.9016666666666666,0.6621787025703795,0.794425087108014,541,59,276,228,59,0.9131829515691505,0.9133893163261482
355,gap,best_f1,7.786060185943633e-05,0.8510416666666667,0.7407071622846781,1.0,0.003484320557491289,817,286,0,1,286,0.888922239380081,0.8891135889099043
355,gap,tnr_0.5,0.026668933984525914,0.7866161616161617,0.8122555410691004,0.762545899632803,0.49825783972125437,623,144,194,143,144,0.888922239380081,0.8891135889099043
355,gap,tnr_0.7,0.048120095530385994,0.7361702127659574,0.8752107925801011,0.6352509179926561,0.7421602787456446,519,74,298,213,74,0.888922239380081,0.8891135889099043
355,gap,robust_balanced,0.044570231328764476,0.7536433032616239,0.8701923076923077,0.6646266829865362,0.7177700348432056,543,81,274,206,81,0.888922239380081,0.8891135889099043
356,absolute,best_f1,0.34921352213815304,0.8817092235539343,0.7958607714016933,0.9883177570093458,0.1962962962962963,846,217,10,53,217,0.8870679260451939,0.8873527095122199
356,absolute,tnr_0.5,0.47978406220422365,0.8260105448154658,0.8284371327849589,0.8235981308411215,0.45925925925925926,705,146,151,124,146,0.8870679260451939,0.8873527095122199
356,absolute,tnr_0.7,0.5505529232665857,0.7488402915838304,0.8652373660030628,0.6600467289719626,0.674074074074074,565,88,291,182,88,0.8870679260451939,0.8873527095122199
356,absolute,robust_balanced,0.5495953464415451,0.7513227513227513,0.8658536585365854,0.6635514018691588,0.674074074074074,568,88,288,182,88,0.8870679260451939,0.8873527095122199
356,gap,best_f1,7.786060185943633e-05,0.863773965691221,0.7602131438721137,1.0,0.0,856,270,0,0,270,0.8726812155698377,0.8729094217636083
356,gap,tnr_0.5,0.026668933984525914,0.7601753287413902,0.8191632928475033,0.7091121495327103,0.5037037037037037,607,134,249,136,134,0.8726812155698377,0.8729094217636083
356,gap,tnr_0.7,0.048120095530385994,0.6850672328379335,0.8689407540394973,0.5654205607476636,0.7296296296296296,484,73,372,197,73,0.8726812155698377,0.8729094217636083
356,gap,robust_balanced,0.044570231328764476,0.6991643454038997,0.8655172413793103,0.5864485981308412,0.7111111111111111,502,78,354,192,78,0.8726812155698377,0.8729094217636083
357,absolute,best_f1,0.34921352213815304,0.8508583690987125,0.7523719165085389,0.9790123456790123,0.10309278350515463,793,261,17,30,261,0.8735398832821079,0.8737913049944263
357,absolute,tnr_0.5,0.47978406220422365,0.8103864734299517,0.793144208037825,0.828395061728395,0.39862542955326463,671,175,139,116,175,0.8735398832821079,0.8737913049944263
357,absolute,tnr_0.7,0.5505529232665857,0.7225352112676057,0.840983606557377,0.6333333333333333,0.6666666666666666,513,97,297,194,97,0.8735398832821079,0.8737913049944263
357,absolute,robust_balanced,0.5495953464415451,0.7251051893408135,0.8392857142857143,0.6382716049382716,0.6597938144329897,517,99,293,192,99,0.8735398832821079,0.8737913049944263
357,gap,best_f1,7.786060185943633e-05,0.847723704866562,0.7356948228882834,1.0,0.0,810,291,0,0,291,0.8509969275519177,0.8512924064859372
357,gap,tnr_0.5,0.026668933984525914,0.7600254614894971,0.7844940867279895,0.737037037037037,0.436426116838488,597,164,213,127,164,0.8509969275519177,0.8512924064859372
357,gap,tnr_0.7,0.048120095530385994,0.72,0.8341463414634146,0.6333333333333333,0.6494845360824743,513,102,297,189,102,0.8509969275519177,0.8512924064859372
357,gap,robust_balanced,0.044570231328764476,0.7335640138408305,0.8346456692913385,0.654320987654321,0.6391752577319587,530,105,280,186,105,0.8509969275519177,0.8512924064859372
358,absolute,best_f1,0.34921352213815304,0.8619422572178478,0.7730696798493408,0.9739027283511269,0.1423487544483986,821,241,22,40,241,0.9009993138412531,0.9012310363027703
358,absolute,tnr_0.5,0.47978406220422365,0.8277511961722488,0.8347406513872135,0.8208778173190985,0.5124555160142349,692,137,151,144,137,0.9009993138412531,0.9012310363027703
358,absolute,tnr_0.7,0.5505529232665857,0.7638057218895542,0.8696969696969697,0.6809015421115066,0.693950177935943,574,86,269,195,86,0.9009993138412531,0.9012310363027703
358,absolute,robust_balanced,0.5495953464415451,0.7663798808735937,0.8667664670658682,0.6868327402135231,0.6832740213523132,579,89,264,192,89,0.9009993138412531,0.9012310363027703
358,gap,best_f1,7.786060185943633e-05,0.8571428571428571,0.75,1.0,0.0,843,281,0,0,281,0.8652748141396642,0.8655517593731488
358,gap,tnr_0.5,0.026668933984525914,0.773365913255956,0.7972292191435768,0.7508896797153025,0.42704626334519574,633,161,210,120,161,0.8652748141396642,0.8655517593731488
358,gap,tnr_0.7,0.048120095530385994,0.7325268817204301,0.8449612403100775,0.6465005931198102,0.6441281138790036,545,100,298,181,100,0.8652748141396642,0.8655517593731488
358,gap,robust_balanced,0.044570231328764476,0.7465254798146923,0.844311377245509,0.6690391459074733,0.6298932384341637,564,104,279,177,104,0.8652748141396642,0.8655517593731488
359,absolute,best_f1,0.34921352213815304,0.8707774798927614,0.775549188156638,0.9926650366748166,0.12639405204460966,812,235,6,34,235,0.8988312210114763,0.8990735890945202
359,absolute,tnr_0.5,0.47978406220422365,0.8489296636085627,0.8494492044063647,0.8484107579462102,0.5427509293680297,694,123,124,146,123,0.8988312210114763,0.8990735890945202
359,absolute,tnr_0.7,0.5505529232665857,0.7584269662921348,0.8910891089108911,0.6601466992665037,0.7546468401486989,540,66,278,203,66,0.8988312210114763,0.8990735890945202
359,absolute,robust_balanced,0.5495953464415451,0.7619047619047619,0.8918032786885246,0.6650366748166259,0.7546468401486989,544,66,274,203,66,0.8988312210114763,0.8990735890945202
359,gap,best_f1,7.786060185943633e-05,0.8587926509186352,0.7525298988040479,1.0,0.0,818,269,0,0,269,0.8588857322048746,0.8591583673390756
359,gap,tnr_0.5,0.026668933984525914,0.7423352902804957,0.7958041958041958,0.69559902200489,0.45724907063197023,569,146,249,123,146,0.8588857322048746,0.8591583673390756
359,gap,tnr_0.7,0.048120095530385994,0.6696165191740413,0.8438661710037175,0.5550122249388753,0.6877323420074349,454,84,364,185,84,0.8588857322048746,0.8591583673390756
359,gap,robust_balanced,0.044570231328764476,0.6992805755395683,0.8496503496503497,0.5941320293398533,0.6802973977695167,486,86,332,183,86,0.8588857322048746,0.8591583673390756
360,absolute,best_f1,0.34921352213815304,0.8613445378151261,0.7649253731343284,0.9855769230769231,0.125,820,252,12,36,252,0.8699683171343123,0.8702985220785405
360,absolute,tnr_0.5,0.47978406220422365,0.8224745965331739,0.8180737217598097,0.8269230769230769,0.46875,688,153,144,135,153,0.8699683171343123,0.8702985220785405
360,absolute,tnr_0.7,0.5505529232665857,0.726158038147139,0.8380503144654088,0.640625,0.6423611111111112,533,103,299,185,103,0.8699683171343123,0.8702985220785405
360,absolute,robust_balanced,0.5495953464415451,0.7294915254237289,0.8367029548989113,0.6466346153846154,0.6354166666666666,538,105,294,183,105,0.8699683171343123,0.8702985220785405
360,gap,best_f1,7.786060185943633e-05,0.8524590163934426,0.7428571428571429,1.0,0.0,832,288,0,0,288,0.8668926384319351,0.8671734037331578
360,gap,tnr_0.5,0.026668933984525914,0.7686472819216182,0.8106666666666666,0.7307692307692307,0.5069444444444444,608,142,224,146,142,0.8668926384319351,0.8671734037331578
360,gap,tnr_0.7,0.048120095530385994,0.6997167138810199,0.8517241379310345,0.59375,0.7013888888888888,494,86,338,202,86,0.8668926384319351,0.8671734037331578
360,gap,robust_balanced,0.044570231328764476,0.723994452149792,0.8557377049180328,0.6274038461538461,0.6944444444444444,522,88,310,200,88,0.8668926384319351,0.8671734037331578
361,absolute,best_f1,0.34921352213815304,0.8631578947368421,0.7757805108798487,0.9727164887307236,0.15053763440860216,820,237,23,42,237,0.8865580832869636,0.8868140057607332
361,absolute,tnr_0.5,0.47978406220422365,0.8119760479041916,0.8198307134220073,0.8042704626334519,0.4659498207885305,678,149,165,130,149,0.8865580832869636,0.8868140057607332
361,absolute,tnr_0.7,0.5505529232665857,0.7216494845360825,0.8578431372549019,0.6227758007117438,0.6881720430107527,525,87,318,192,87,0.8865580832869636,0.8868140057607332
361,absolute,robust_balanced,0.5495953464415451,0.726775956284153,0.856682769726248,0.631079478054567,0.6810035842293907,532,89,311,190,89,0.8865580832869636,0.8868140057607332
361,gap,best_f1,7.786060185943633e-05,0.8593272171253823,0.7533512064343163,1.0,0.010752688172043012,843,276,0,3,276,0.8576972466385815,0.8580037370879744
361,gap,tnr_0.5,0.026668933984525914,0.7538265306122449,0.8151724137931035,0.701067615658363,0.5197132616487455,591,134,252,145,134,0.8576972466385815,0.8580037370879744
361,gap,tnr_0.7,0.048120095530385994,0.6738197424892703,0.8486486486486486,0.5587188612099644,0.6989247311827957,471,84,372,195,84,0.8576972466385815,0.8580037370879744
361,gap,robust_balanced,0.044570231328764476,0.6896551724137931,0.8477508650519031,0.5812574139976275,0.6845878136200717,490,88,353,191,88,0.8576972466385815,0.8580037370879744
362,absolute,best_f1,0.34921352213815304,0.8609483217900906,0.7673314339981007,0.9805825242718447,0.12186379928315412,808,245,16,34,245,0.899105133110413,0.8993110009400802
362,absolute,tnr_0.5,0.47978406220422365,0.8327228327228328,0.8378378378378378,0.8276699029126213,0.5268817204301075,682,132,142,147,132,0.899105133110413,0.8993110009400802
362,absolute,tnr_0.7,0.5505529232665857,0.7421820708825573,0.8682926829268293,0.6480582524271845,0.7096774193548387,534,81,290,198,81,0.899105133110413,0.8993110009400802
362,absolute,robust_balanced,0.5495953464415451,0.7434119278779473,0.8673139158576052,0.6504854368932039,0.7060931899641577,536,82,288,197,82,0.899105133110413,0.8993110009400802
362,gap,best_f1,7.786060185943633e-05,0.8561038961038961,0.7484105358764759,1.0,0.007168458781362007,824,277,0,2,277,0.8648530102289375,0.8651317682441292
362,gap,tnr_0.5,0.026668933984525914,0.7711918419375399,0.8120805369127517,0.7342233009708737,0.4982078853046595,605,140,219,139,140,0.8648530102289375,0.8651317682441292
362,gap,tnr_0.7,0.048120095530385994,0.7059659090909091,0.851027397260274,0.6031553398058253,0.6881720430107527,497,87,327,192,87,0.8648530102289375,0.8651317682441292
362,gap,robust_balanced,0.044570231328764476,0.7210599721059973,0.8475409836065574,0.6274271844660194,0.6666666666666666,517,93,307,186,93,0.8648530102289375,0.8651317682441292
363,absolute,best_f1,0.34921352213815304,0.8608650338718082,0.7690875232774674,0.9775147928994082,0.12982456140350876,826,248,19,37,248,0.8660681867403617,0.8663969689374742
363,absolute,tnr_0.5,0.47978406220422365,0.8214285714285714,0.8263473053892215,0.8165680473372781,0.49122807017543857,690,145,155,140,145,0.8660681867403617,0.8663969689374742
363,absolute,tnr_0.7,0.5505529232665857,0.7192862045298559,0.8562091503267973,0.6201183431952663,0.6912280701754386,524,88,321,197,88,0.8660681867403617,0.8663969689374742
363,absolute,robust_balanced,0.5495953464415451,0.7222982216142271,0.8557536466774717,0.6248520710059171,0.6877192982456141,528,89,317,196,89,0.8660681867403617,0.8663969689374742
363,gap,best_f1,7.786060185943633e-05,0.8556962025316456,0.7477876106194691,1.0,0.0,845,285,0,0,285,0.8605348611248766,0.8608019596766535
363,gap,tnr_0.5,0.026668933984525914,0.7700865265760197,0.8059508408796895,0.7372781065088757,0.47368421052631576,623,150,222,135,150,0.8605348611248766,0.8608019596766535
363,gap,tnr_0.7,0.048120095530385994,0.6970954356846473,0.8386023294509152,0.5964497041420118,0.6596491228070176,504,97,341,188,97,0.8605348611248766,0.8608019596766535
363,gap,robust_balanced,0.044570231328764476,0.7127371273712737,0.8335974643423137,0.6224852071005917,0.631578947368421,526,105,319,180,105,0.8605348611248766,0.8608019596766535
364,absolute,best_f1,0.34921352213815304,0.8649500788229112,0.7720450281425891,0.983273596176822,0.10989010989010989,823,243,14,30,243,0.8755533634491125,0.8758645456334005
364,absolute,tnr_0.5,0.47978406220422365,0.8102815177478581,0.8306148055207027,0.7909199522102748,0.5054945054945055,662,135,175,138,135,0.8755533634491125,0.8758645456334005
364,absolute,tnr_0.7,0.5505529232665857,0.7156862745098039,0.8646362098138748,0.6105137395459976,0.706959706959707,511,80,326,193,80,0.8755533634491125,0.8758645456334005
364,absolute,robust_balanced,0.5495953464415451,0.7183787561146052,0.8653198653198653,0.6140979689366786,0.706959706959707,514,80,323,193,80,0.8755533634491125,0.8758645456334005
364,gap,best_f1,7.786060185943633e-05,0.8597842835130971,0.754054054054054,1.0,0.0,837,273,0,0,273,0.8729943199946689,0.8732448887495555
364,gap,tnr_0.5,0.026668933984525914,0.7514600908500974,0.8224431818181818,0.6917562724014337,0.5421245421245421,579,125,258,148,125,0.8729943199946689,0.8732448887495555
364,gap,tnr_0.7,0.048120095530385994,0.6839452843772498,0.8605072463768116,0.5675029868578255,0.717948717948718,475,77,362,196,77,0.8729943199946689,0.8732448887495555
364,gap,robust_balanced,0.044570231328764476,0.703886925795053,0.8615916955017301,0.5949820788530465,0.706959706959707,498,80,339,193,80,0.8729943199946689,0.8732448887495555
365,absolute,best_f1,0.34921352213815304,0.8697501329080276,0.7775665399239544,0.9867310012062727,0.12030075187969924,818,234,11,32,234,0.8939595451460826,0.8942485769540501
365,absolute,tnr_0.5,0.47978406220422365,0.8454987834549879,0.852760736196319,0.8383594692400482,0.5488721804511278,695,120,134,146,120,0.8939595451460826,0.8942485769540501
365,absolute,tnr_0.7,0.5505529232665857,0.7613793103448275,0.8888888888888888,0.6658624849215923,0.7406015037593985,552,69,277,197,69,0.8939595451460826,0.8942485769540501
365,absolute,robust_balanced,0.5495953464415451,0.7673301304049417,0.8901273885350318,0.6743063932448733,0.7406015037593985,559,69,270,197,69,0.8939595451460826,0.8942485769540501
365,gap,best_f1,7.786060185943633e-05,0.8617463617463618,0.7570776255707763,1.0,0.0,829,266,0,0,266,0.8991490023322101,0.8993175390138751
365,gap,tnr_0.5,0.026668933984525914,0.7812895069532237,0.8207171314741036,0.7454764776839565,0.4924812030075188,618,135,211,131,135,0.8991490023322101,0.8993175390138751
365,gap,tnr_0.7,0.048120095530385994,0.7286821705426356,0.8762711864406779,0.623642943305187,0.7255639097744361,517,73,312,193,73,0.8991490023322101,0.8993175390138751
365,gap,robust_balanced,0.044570231328764476,0.7482710926694329,0.8768233387358185,0.6525934861278649,0.7142857142857143,541,76,288,190,76,0.8991490023322101,0.8993175390138751
366,absolute,best_f1,0.34921352213815304,0.8606329816768462,0.7665677546983185,0.9810126582278481,0.1601423487544484,775,236,15,45,236,0.8751244764434415,0.8754690008559084
366,absolute,tnr_0.5,0.47978406220422365,0.8195488721804511,0.8114143920595533,0.8278481012658228,0.45907473309608543,654,152,136,129,152,0.8751244764434415,0.8754690008559084
366,absolute,tnr_0.7,0.5505529232665857,0.7405797101449275,0.8661016949152542,0.6468354430379747,0.7188612099644128,511,79,279,202,79,0.8751244764434415,0.8754690008559084
366,absolute,robust_balanced,0.5495953464415451,0.7415406767458603,0.8597662771285476,0.6518987341772152,0.701067615658363,515,84,275,197,84,0.8751244764434415,0.8754690008559084
366,gap,best_f1,7.786060185943633e-05,0.8490059108006448,0.7376283846872083,1.0,0.0,790,281,0,0,281,0.885450597468815,0.885617835931078
366,gap,tnr_0.5,0.026668933984525914,0.7784275503573749,0.7997329773030708,0.7582278481012659,0.46619217081850534,599,150,191,131,150,0.885450597468815,0.885617835931078
366,gap,tnr_0.7,0.048120095530385994,0.7221418234442837,0.8429054054054054,0.6316455696202532,0.6690391459074733,499,93,291,188,93,0.885450597468815,0.885617835931078
366,gap,robust_balanced,0.044570231328764476,0.7422096317280453,0.842443729903537,0.6632911392405063,0.6512455516014235,524,98,266,183,98,0.885450597468815,0.885617835931078
367,absolute,best_f1,0.34921352213815304,0.8675213675213675,0.7770334928229665,0.9818621523579202,0.1708185053380783,812,233,15,48,233,0.8953304890131892,0.89556782265728
367,absolute,tnr_0.5,0.47978406220422365,0.8472139005392451,0.8396674584323041,0.8548972188633616,0.5195729537366548,707,135,120,146,135,0.8953304890131892,0.89556782265728
367,absolute,tnr_0.7,0.5505529232665857,0.7779273216689099,0.8770864946889226,0.6989117291414753,0.7117437722419929,578,81,249,200,81,0.8953304890131892,0.89556782265728
367,absolute,robust_balanced,0.5495953464415451,0.7815013404825737,0.8766917293233083,0.7049576783555018,0.708185053380783,583,82,244,199,82,0.8953304890131892,0.89556782265728
367,gap,best_f1,7.786060185943633e-05,0.8547803617571059,0.7463898916967509,1.0,0.0,827,281,0,0,281,0.8817991980161052,0.8820008046555019
367,gap,tnr_0.5,0.026668933984525914,0.7565162110616656,0.7975871313672922,0.7194679564691656,0.4626334519572954,595,151,232,130,151,0.8817991980161052,0.8820008046555019
367,gap,tnr_0.7,0.048120095530385994,0.7171145685997171,0.8637137989778535,0.6130592503022975,0.7153024911032029,507,80,320,201,80,0.8817991980161052,0.8820008046555019
367,gap,robust_balanced,0.044570231328764476,0.7313019390581718,0.8557536466774717,0.6384522370012092,0.6832740213523132,528,89,299,192,89,0.8817991980161052,0.8820008046555019
368,absolute,best_f1,0.34921352213815304,0.8736501079913607,0.7869649805447471,0.9817961165048543,0.1978021978021978,809,219,15,54,219,0.9187903025032651,0.919011568454766
368,absolute,tnr_0.5,0.47978406220422365,0.8539741219963032,0.867334167709637,0.8410194174757282,0.6117216117216118,693,106,131,167,106,0.9187903025032651,0.919011568454766
368,absolute,tnr_0.7,0.5505529232665857,0.7743732590529248,0.9084967320261438,0.6747572815533981,0.7948717948717948,556,56,268,217,56,0.9187903025032651,0.919011568454766
368,absolute,robust_balanced,0.5495953464415451,0.7746870653685675,0.9071661237785016,0.6759708737864077,0.7912087912087912,557,57,267,216,57,0.9187903025032651,0.919011568454766
368,gap,best_f1,7.786060185943633e-05,0.8583333333333333,0.7518248175182481,1.0,0.003663003663003663,824,272,0,1,272,0.8887192944425967,0.888921225504672
368,gap,tnr_0.5,0.026668933984525914,0.7814485387547649,0.82,0.7463592233009708,0.5054945054945055,615,135,209,138,135,0.8887192944425967,0.888921225504672
368,gap,tnr_0.7,0.048120095530385994,0.7363957597173145,0.8815566835871405,0.6322815533980582,0.7435897435897436,521,70,303,203,70,0.8887192944425967,0.888921225504672
368,gap,robust_balanced,0.044570231328764476,0.7510373443983402,0.8729903536977492,0.6589805825242718,0.7106227106227107,543,79,281,194,79,0.8887192944425967,0.888921225504672
369,absolute,best_f1,0.34921352213815304,0.8731070496083551,0.7827715355805244,0.987012987012987,0.15636363636363637,836,232,11,43,232,0.8943010453255574,0.8945341632442493
369,absolute,tnr_0.5,0.47978406220422365,0.8340323547034152,0.8467153284671532,0.8217237308146399,0.5418181818181819,696,126,151,149,126,0.8943010453255574,0.8945341632442493
369,absolute,tnr_0.7,0.5505529232665857,0.742393509127789,0.8686708860759493,0.6481700118063755,0.6981818181818182,549,83,298,192,83,0.8943010453255574,0.8945341632442493
369,absolute,robust_balanced,0.5495953464415451,0.7444369521240728,0.8679245283018868,0.6517119244391971,0.6945454545454546,552,84,295,191,84,0.8943010453255574,0.8945341632442493
369,gap,best_f1,7.786060185943633e-05,0.8603351955307262,0.7549019607843137,1.0,0.0,847,275,0,0,275,0.8874342930853149,0.887647458058646
369,gap,tnr_0.5,0.026668933984525914,0.77625,0.8247011952191236,0.7331759149940968,0.52,621,132,226,143,132,0.8874342930853149,0.887647458058646
369,gap,tnr_0.7,0.048120095530385994,0.7059649122807018,0.870242214532872,0.5938606847697757,0.7272727272727273,503,75,344,200,75,0.8874342930853149,0.887647458058646
369,gap,robust_balanced,0.044570231328764476,0.7317744154057771,0.8764415156507414,0.628099173553719,0.7272727272727273,532,75,315,200,75,0.8874342930853149,0.887647458058646
370,absolute,best_f1,0.34921352213815304,0.8686131386861314,0.7821596244131456,0.9765533411488863,0.12452830188679245,833,232,20,33,232,0.8828231765102938,0.8831429712437235
370,absolute,tnr_0.5,0.47978406220422365,0.827299703264095,0.8377403846153846,0.8171160609613131,0.49056603773584906,697,135,156,130,135,0.8828231765102938,0.8831429712437235
370,absolute,tnr_0.7,0.5505529232665857,0.7289845326160054,0.8548895899053628,0.6354044548651817,0.6528301886792452,542,92,311,173,92,0.8828231765102938,0.8831429712437235
370,absolute,robust_balanced,0.5495953464415451,0.7315436241610739,0.8555729984301413,0.6389214536928488,0.6528301886792452,545,92,308,173,92,0.8828231765102938,0.8831429712437235
370,gap,best_f1,7.786060185943633e-05,0.8664296597257491,0.764336917562724,1.0,0.007547169811320755,853,263,0,2,263,0.8738428531177891,0.8740780863547526
370,gap,tnr_0.5,0.026668933984525914,0.7674275138803208,0.8098958333333334,0.7291910902696366,0.4490566037735849,622,146,231,119,146,0.8738428531177891,0.8740780863547526
370,gap,tnr_0.7,0.048120095530385994,0.6983471074380165,0.8464106844741235,0.5943728018757327,0.6528301886792452,507,92,346,173,92,0.8738428531177891,0.8740780863547526
370,gap,robust_balanced,0.044570231328764476,0.7228590694538098,0.8507936507936508,0.6283704572098476,0.6452830188679245,536,94,317,171,94,0.8738428531177891,0.8740780863547526
371,absolute,best_f1,0.34921352213815304,0.8661174047373842,0.7765466297322253,0.9790454016298021,0.15384615384615385,841,242,18,44,242,0.8877464966104502,0.8879948402406763
371,absolute,tnr_0.5,0.47978406220422365,0.813579511614056,0.8329268292682926,0.7951105937136205,0.5209790209790209,683,137,176,149,137,0.8877464966104502,0.8879948402406763
371,absolute,tnr_0.7,0.5505529232665857,0.7344173441734417,0.8784440842787682,0.6309662398137369,0.7377622377622378,542,75,317,211,75,0.8877464966104502,0.8879948402406763
371,absolute,robust_balanced,0.5495953464415451,0.7369844489519946,0.8790322580645161,0.6344586728754366,0.7377622377622378,545,75,314,211,75,0.8877464966104502,0.8879948402406763
371,gap,best_f1,7.786060185943633e-05,0.8572854291417166,0.7502183406113537,1.0,0.0,859,286,0,0,286,0.8680591126755907,0.8683168409723411
371,gap,tnr_0.5,0.026668933984525914,0.7664453832226916,0.7957393483709273,0.7392316647264261,0.43006993006993005,635,163,224,123,163,0.8680591126755907,0.8683168409723411
371,gap,tnr_0.7,0.048120095530385994,0.6926229508196722,0.8380165289256198,0.590221187427241,0.6573426573426573,507,98,352,188,98,0.8680591126755907,0.8683168409723411
371,gap,robust_balanced,0.044570231328764476,0.7138092061374249,0.8359375,0.6228172293364377,0.6328671328671329,535,105,324,181,105,0.8680591126755907,0.8683168409723411
372,absolute,best_f1,0.34921352213815304,0.8619422572178478,0.7694470477975632,0.9797136038186157,0.15172413793103448,821,246,17,44,246,0.8684761156655821,0.8687689319224396
372,absolute,tnr_0.5,0.47978406220422365,0.8011976047904191,0.8040865384615384,0.7983293556085919,0.4379310344827586,669,163,169,127,163,0.8684761156655821,0.8687689319224396
372,absolute,tnr_0.7,0.5505529232665857,0.7156593406593407,0.843042071197411,0.6217183770883055,0.6655172413793103,521,97,317,193,97,0.8684761156655821,0.8687689319224396
372,absolute,robust_balanced,0.5495953464415451,0.7155586017820424,0.8405797101449275,0.6229116945107399,0.6586206896551724,522,99,316,191,99,0.8684761156655821,0.8687689319224396
372,gap,best_f1,7.786060185943633e-05,0.8529262086513995,0.743566992014197,1.0,0.0034482758620689655,838,289,0,1,289,0.8732130257882317,0.8734305817316275
372,gap,tnr_0.5,0.026668933984525914,0.7555555555555555,0.8073270013568521,0.7100238663484487,0.5103448275862069,595,142,243,148,142,0.8732130257882317,0.8734305817316275
372,gap,tnr_0.7,0.048120095530385994,0.6990838618745595,0.8537005163511188,0.5918854415274463,0.7068965517241379,496,85,342,205,85,0.8732130257882317,0.8734305817316275
372,gap,robust_balanced,0.044570231328764476,0.7158620689655173,0.8480392156862745,0.6193317422434368,0.6793103448275862,519,93,319,197,93,0.8732130257882317,0.8734305817316275
373,absolute,best_f1,0.34921352213815304,0.8683531233866805,0.7779833487511564,0.9824766355140186,0.09090909090909091,841,240,15,24,240,0.8671088347277712,0.8674346231818784
373,absolute,tnr_0.5,0.47978406220422365,0.8323699421965318,0.8237986270022883,0.8411214953271028,0.4166666666666667,720,154,136,110,154,0.8671088347277712,0.8674346231818784
373,absolute,tnr_0.7,0.5505529232665857,0.7325049051667757,0.8320950965824666,0.6542056074766355,0.571969696969697,560,113,296,151,113,0.8671088347277712,0.8674346231818784
373,absolute,robust_balanced,0.5495953464415451,0.7374592833876221,0.833578792341679,0.6612149532710281,0.571969696969697,566,113,290,151,113,0.8671088347277712,0.8674346231818784
373,gap,best_f1,7.786060185943633e-05,0.8663967611336032,0.7642857142857142,1.0,0.0,856,264,0,0,264,0.8885579358935104,0.8887654702698943
373,gap,tnr_0.5,0.026668933984525914,0.7859346082665022,0.8326797385620915,0.7441588785046729,0.5151515151515151,637,128,219,136,128,0.8885579358935104,0.8887654702698943
373,gap,tnr_0.7,0.048120095530385994,0.719225449515906,0.8813559322033898,0.6074766355140186,0.7348484848484849,520,70,336,194,70,0.8885579358935104,0.8887654702698943
373,gap,robust_balanced,0.044570231328764476,0.7401894451962111,0.8794212218649518,0.639018691588785,0.7159090909090909,547,75,309,189,75,0.8885579358935104,0.8887654702698943
374,absolute,best_f1,0.34921352213815304,0.8766404199475065,0.7862523540489642,0.9905100830367735,0.15613382899628253,835,227,8,42,227,0.9067762648086048,0.9069867279235552
374,absolute,tnr_0.5,0.47978406220422365,0.8448883666274971,0.8370197904540163,0.8529062870699882,0.4795539033457249,719,140,124,129,140,0.9067762648086048,0.9069867279235552
374,absolute,tnr_0.7,0.5505529232665857,0.7729980145598941,0.874251497005988,0.6927639383155397,0.6877323420074349,584,84,259,185,84,0.9067762648086048,0.9069867279235552
374,absolute,robust_balanced,0.5495953464415451,0.7744063324538258,0.8722139673105498,0.6963226571767497,0.6802973977695167,587,86,256,183,86,0.9067762648086048,0.9069867279235552
374,gap,best_f1,7.786060185943633e-05,0.8632872503840245,0.7594594594594595,1.0,0.007434944237918215,843,267,0,2,267,0.8875382865777326,0.8877435169819715
374,gap,tnr_0.5,0.026668933984525914,0.7813484562066793,0.8333333333333334,0.7354685646500593,0.5390334572490706,620,124,223,145,124,0.8875382865777326,0.8877435169819715
374,gap,tnr_0.7,0.048120095530385994,0.7247769389155799,0.8599348534201955,0.6263345195729537,0.6802973977695167,528,86,315,183,86,0.8875382865777326,0.8877435169819715
374,gap,robust_balanced,0.044570231328764476,0.7386900742741391,0.8573667711598746,0.6488730723606169,0.6617100371747212,547,91,296,178,91,0.8875382865777326,0.8877435169819715
375,absolute,best_f1,0.34921352213815304,0.8571428571428571,0.7578947368421053,0.9863013698630136,0.1245674740484429,792,253,11,36,253,0.8801800895902007,0.880435358556827
375,absolute,tnr_0.5,0.47978406220422365,0.8206388206388207,0.8096969696969697,0.8318804483188045,0.45674740484429066,668,157,135,132,157,0.8801800895902007,0.880435358556827
375,absolute,tnr_0.7,0.5505529232665857,0.731638418079096,0.8450244698205547,0.6450809464508095,0.671280276816609,518,95,285,194,95,0.8801800895902007,0.880435358556827
375,absolute,robust_balanced,0.5495953464415451,0.7315010570824524,0.8425324675324676,0.6463262764632628,0.6643598615916955,519,97,284,192,97,0.8801800895902007,0.880435358556827
375,gap,best_f1,7.786060185943633e-05,0.8474934036939314,0.7353479853479854,1.0,0.0,803,289,0,0,289,0.8774783574674446,0.8777012916559485
375,gap,tnr_0.5,0.026668933984525914,0.7797695262483995,0.8023715415019763,0.7584059775840598,0.4809688581314879,609,150,194,139,150,0.8774783574674446,0.8777012916559485
375,gap,tnr_0.7,0.048120095530385994,0.7284390591589451,0.8516666666666667,0.6363636363636364,0.6920415224913494,511,89,292,200,89,0.8774783574674446,0.8777012916559485
375,gap,robust_balanced,0.044570231328764476,0.7450980392156863,0.8512,0.6625155666251556,0.6782006920415224,532,93,271,196,93,0.8774783574674446,0.8777012916559485
376,absolute,best_f1,0.34921352213815304,0.8696548171045853,0.7829313543599258,0.9779837775202781,0.20136518771331058,844,234,19,59,234,0.8815203278653243,0.8818148659521989
376,absolute,tnr_0.5,0.47978406220422365,0.8354876615746181,0.8474374255065554,0.8238702201622248,0.5631399317406144,711,128,152,165,128,0.8815203278653243,0.8818148659521989
376,absolute,tnr_0.7,0.5505529232665857,0.7399073461283918,0.8626543209876543,0.6477404403244496,0.6962457337883959,559,89,304,204,89,0.8815203278653243,0.8818148659521989
376,absolute,robust_balanced,0.5495953464415451,0.7440633245382586,0.8637059724349158,0.6535341830822712,0.6962457337883959,564,89,299,204,89,0.8815203278653243,0.8818148659521989
376,gap,best_f1,7.786060185943633e-05,0.8553022794846382,0.7471861471861472,1.0,0.0034129692832764505,863,292,0,1,292,0.881260194739258,0.8814905951847927
376,gap,tnr_0.5,0.026668933984525914,0.7578558225508318,0.8092105263157895,0.712630359212051,0.5051194539249146,615,145,248,148,145,0.881260194739258,0.8814905951847927
376,gap,tnr_0.7,0.048120095530385994,0.7151681537405628,0.877104377104377,0.6037079953650057,0.7508532423208191,521,73,342,220,73,0.881260194739258,0.8814905951847927
376,gap,robust_balanced,0.044570231328764476,0.7240677966101695,0.8725490196078431,0.6187717265353418,0.7337883959044369,534,78,329,215,78,0.881260194739258,0.8814905951847927
377,absolute,best_f1,0.34921352213815304,0.8751269035532995,0.7879341864716636,0.9840182648401826,0.14074074074074075,862,232,14,38,232,0.8972553068369852,0.8975346658258276
377,absolute,tnr_0.5,0.47978406220422365,0.8241379310344827,0.8298611111111112,0.8184931506849316,0.45555555555555555,717,147,159,123,147,0.8972553068369852,0.8975346658258276
377,absolute,tnr_0.7,0.5505529232665857,0.7236580516898609,0.8625592417061612,0.6232876712328768,0.6777777777777778,546,87,330,183,87,0.8972553068369852,0.8975346658258276
377,absolute,robust_balanced,0.5495953464415451,0.7260726072607261,0.8607198748043818,0.6278538812785388,0.6703703703703704,550,89,326,181,89,0.8972553068369852,0.8975346658258276
377,gap,best_f1,7.786060185943633e-05,0.8664688427299704,0.7643979057591623,1.0,0.0,876,270,0,0,270,0.8946823144366629,0.8948687237513958
377,gap,tnr_0.5,0.026668933984525914,0.7825044937088077,0.8234552332912989,0.7454337899543378,0.48148148148148145,653,140,223,130,140,0.8946823144366629,0.8948687237513958
377,gap,tnr_0.7,0.048120095530385994,0.7295681063122924,0.8728139904610492,0.6267123287671232,0.7037037037037037,549,80,327,190,80,0.8946823144366629,0.8948687237513958
377,gap,robust_balanced,0.044570231328764476,0.7413228552717748,0.869431643625192,0.6461187214611872,0.6851851851851852,566,85,310,185,85,0.8946823144366629,0.8948687237513958
378,absolute,best_f1,0.34921352213815304,0.8643702906350915,0.7773475314617618,0.9733333333333334,0.1417910447761194,803,230,22,38,230,0.872343992994346,0.872682819668379
378,absolute,tnr_0.5,0.47978406220422365,0.808252427184466,0.8092345078979344,0.8072727272727273,0.4141791044776119,666,157,159,111,157,0.872343992994346,0.872682819668379
378,absolute,tnr_0.7,0.5505529232665857,0.7171929824561404,0.8516666666666667,0.6193939393939394,0.667910447761194,511,89,314,179,89,0.872343992994346,0.872682819668379
378,absolute,robust_balanced,0.5495953464415451,0.7211740041928721,0.8514851485148515,0.6254545454545455,0.664179104477612,516,90,309,178,90,0.872343992994346,0.872682819668379
378,gap,best_f1,7.786060185943633e-05,0.8611691022964509,0.7561869844179652,1.0,0.007462686567164179,825,266,0,2,266,0.8755924045198576,0.875842151593982
378,gap,tnr_0.5,0.026668933984525914,0.7750159337157425,0.8172043010752689,0.7369696969696969,0.4925373134328358,608,136,217,132,136,0.8755924045198576,0.875842151593982
378,gap,tnr_0.7,0.048120095530385994,0.7223796033994334,0.868824531516184,0.6181818181818182,0.7126865671641791,510,77,315,191,77,0.8755924045198576,0.875842151593982
378,gap,robust_balanced,0.044570231328764476,0.732728541521284,0.8634868421052632,0.6363636363636364,0.6902985074626866,525,83,300,185,83,0.8755924045198576,0.875842151593982
379,absolute,best_f1,0.34921352213815304,0.8643371017471737,0.7666362807657247,0.9905771495877503,0.1111111111111111,841,256,8,32,256,0.8811684622823035,0.8814398981642012
379,absolute,tnr_0.5,0.47978406220422365,0.8191796649335644,0.8038548752834467,0.8351001177856302,0.3993055555555556,709,173,140,115,173,0.8811684622823035,0.8814398981642012
379,absolute,tnr_0.7,0.5505529232665857,0.759075907590759,0.8633633633633634,0.6772673733804476,0.6840277777777778,575,91,274,197,91,0.8811684622823035,0.8814398981642012
379,absolute,robust_balanced,0.5495953464415451,0.7597103357472021,0.8611940298507462,0.6796230859835101,0.6770833333333334,577,93,272,195,93,0.8811684622823035,0.8814398981642012
379,gap,best_f1,7.786060185943633e-05,0.8549848942598187,0.7467018469656992,1.0,0.0,849,288,0,0,288,0.8707730062206193,0.871005110993876
379,gap,tnr_0.5,0.026668933984525914,0.7667692307692308,0.8028350515463918,0.7338044758539458,0.46875,623,153,226,135,153,0.8707730062206193,0.871005110993876
379,gap,tnr_0.7,0.048120095530385994,0.7001375515818432,0.8413223140495868,0.5995288574793876,0.6666666666666666,509,96,340,192,96,0.8707730062206193,0.871005110993876
379,gap,robust_balanced,0.044570231328764476,0.715633423180593,0.8362204724409449,0.6254416961130742,0.6388888888888888,531,104,318,184,104,0.8707730062206193,0.871005110993876
380,absolute,best_f1,0.34921352213815304,0.8715995647442872,0.7799415774099319,0.9876695437731196,0.17216117216117216,801,226,10,47,226,0.891086147651348,0.8913385441770358
380,absolute,tnr_0.5,0.47978406220422365,0.811906269791007,0.8346354166666666,0.7903822441430333,0.5347985347985348,641,127,170,146,127,0.891086147651348,0.8913385441770358
380,absolute,tnr_0.7,0.5505529232665857,0.7123893805309734,0.8862385321100917,0.5955610357583231,0.7728937728937729,483,62,328,211,62,0.891086147651348,0.8913385441770358
380,absolute,robust_balanced,0.5495953464415451,0.7165932452276065,0.8856624319419237,0.6017262638717632,0.7692307692307693,488,63,323,210,63,0.891086147651348,0.8913385441770358
380,gap,best_f1,7.786060185943633e-05,0.856388595564942,0.7488457987072945,1.0,0.003663003663003663,811,272,0,1,272,0.8762910675888291,0.876501349387132
380,gap,tnr_0.5,0.026668933984525914,0.7446524064171123,0.8131386861313868,0.686806411837238,0.5311355311355311,557,128,254,145,128,0.8762910675888291,0.876501349387132
380,gap,tnr_0.7,0.048120095530385994,0.6756960120391272,0.8667953667953668,0.5536374845869297,0.7472527472527473,449,69,362,204,69,0.8762910675888291,0.876501349387132
380,gap,robust_balanced,0.044570231328764476,0.6981549815498155,0.8694852941176471,0.5832305795314426,0.73992673992674,473,71,338,202,71,0.8762910675888291,0.876501349387132
381,absolute,best_f1,0.34921352213815304,0.872688853671421,0.7799811142587346,0.9904076738609112,0.08627450980392157,826,233,8,22,233,0.8930177834733529,0.8933020881747413
381,absolute,tnr_0.5,0.47978406220422365,0.8417945690672963,0.8290697674418605,0.854916067146283,0.4235294117647059,713,147,121,108,147,0.8930177834733529,0.8933020881747413
381,absolute,tnr_0.7,0.5505529232665857,0.7656675749318801,0.886435331230284,0.6738609112709832,0.7176470588235294,562,72,272,183,72,0.8930177834733529,0.8933020881747413
381,absolute,robust_balanced,0.5495953464415451,0.7681849082256968,0.8869701726844584,0.6774580335731415,0.7176470588235294,565,72,269,183,72,0.8930177834733529,0.8933020881747413
381,gap,best_f1,7.786060185943633e-05,0.8682977615825092,0.7672493100275989,1.0,0.00784313725490196,834,253,0,2,253,0.8885341670585067,0.8887197250858822
381,gap,tnr_0.5,0.026668933984525914,0.7647431832593532,0.8115746971736204,0.7230215827338129,0.45098039215686275,603,140,231,115,140,0.8885341670585067,0.8887197250858822
381,gap,tnr_0.7,0.048120095530385994,0.7129695251594613,0.8717504332755632,0.6031175059952039,0.7098039215686275,503,74,331,181,74,0.8885341670585067,0.8887197250858822
381,gap,robust_balanced,0.044570231328764476,0.7313328681088626,0.8747913188647746,0.6282973621103117,0.7058823529411765,524,75,310,180,75,0.8885341670585067,0.8887197250858822
382,absolute,best_f1,0.34921352213815304,0.8546916890080429,0.7576045627376425,0.980319803198032,0.1206896551724138,797,255,16,35,255,0.8758474854129175,0.876131468871827
382,absolute,tnr_0.5,0.47978406220422365,0.8064118372379778,0.8084054388133498,0.8044280442804428,0.46551724137931033,654,155,159,135,155,0.8758474854129175,0.876131468871827
382,absolute,tnr_0.7,0.5505529232665857,0.7257264351523742,0.8561872909698997,0.6297662976629766,0.7034482758620689,512,86,301,204,86,0.8758474854129175,0.876131468871827
382,absolute,robust_balanced,0.5495953464415451,0.7297106563161609,0.8559602649006622,0.6359163591635917,0.7,517,87,296,203,87,0.8758474854129175,0.876131468871827
382,gap,best_f1,7.786060185943633e-05,0.8490861618798956,0.7377495462794919,1.0,0.0034482758620689655,813,289,0,1,289,0.8785560611659116,0.8787713093141619
382,gap,tnr_0.5,0.026668933984525914,0.7699228791773779,0.8061911170928667,0.7367773677736777,0.503448275862069,599,144,214,146,144,0.8785560611659116,0.8787713093141619
382,gap,tnr_0.7,0.048120095530385994,0.7170349251603706,0.8525423728813559,0.6186961869618696,0.7,503,87,310,203,87,0.8785560611659116,0.8787713093141619
382,gap,robust_balanced,0.044570231328764476,0.7369155617585486,0.8516129032258064,0.6494464944649446,0.6827586206896552,528,92,285,198,92,0.8785560611659116,0.8787713093141619
383,absolute,best_f1,0.34921352213815304,0.8695187165775401,0.775023832221163,0.9902557856272838,0.12915129151291513,813,236,8,35,236,0.8807866183076257,0.881103266938805
383,absolute,tnr_0.5,0.47978406220422365,0.8217338217338217,0.8237454100367197,0.8197320341047503,0.46863468634686345,673,144,148,127,144,0.8807866183076257,0.881103266938805
383,absolute,tnr_0.7,0.5505529232665857,0.7437673130193906,0.8619582664526485,0.6540803897685749,0.6826568265682657,537,86,284,185,86,0.8807866183076257,0.881103266938805
383,absolute,robust_balanced,0.5495953464415451,0.7456926257753274,0.8587301587301587,0.658952496954933,0.6715867158671587,541,89,280,182,89,0.8807866183076257,0.881103266938805
383,gap,best_f1,7.786060185943633e-05,0.8596858638743455,0.7539026629935721,1.0,0.01107011070110701,821,268,0,3,268,0.8871311237157845,0.8873341254381041
383,gap,tnr_0.5,0.026668933984525914,0.7731421121251629,0.8316970546984572,0.7222898903775883,0.5571955719557196,593,120,228,151,120,0.8871311237157845,0.8873341254381041
383,gap,tnr_0.7,0.048120095530385994,0.6954612005856515,0.8715596330275229,0.5785627283800243,0.7416974169741697,475,70,346,201,70,0.8871311237157845,0.8873341254381041
383,gap,robust_balanced,0.044570231328764476,0.7211469534050179,0.8763066202090593,0.6126674786845311,0.7380073800738007,503,71,318,200,71,0.8871311237157845,0.8873341254381041
384,absolute,best_f1,0.34921352213815304,0.8620504562533549,0.7676864244741873,0.9828641370869033,0.12274368231046931,803,243,14,34,243,0.886638062820603,0.886910102991739
384,absolute,tnr_0.5,0.47978406220422365,0.8104412678682411,0.8232323232323232,0.7980416156670747,0.49458483754512633,652,140,165,137,140,0.886638062820603,0.886910102991739
384,absolute,tnr_0.7,0.5505529232665857,0.7293286219081272,0.862876254180602,0.631578947368421,0.703971119133574,516,82,301,195,82,0.886638062820603,0.886910102991739
384,absolute,robust_balanced,0.5495953464415451,0.7346938775510204,0.8642384105960265,0.6389228886168911,0.703971119133574,522,82,295,195,82,0.886638062820603,0.886910102991739
384,gap,best_f1,7.786060185943633e-05,0.855945521215296,0.7481684981684982,1.0,0.007220216606498195,817,275,0,2,275,0.8833586455109534,0.883595290952832
384,gap,tnr_0.5,0.026668933984525914,0.7883026064844246,0.8201058201058201,0.758873929008568,0.5090252707581228,620,136,197,141,136,0.8833586455109534,0.883595290952832
384,gap,tnr_0.7,0.048120095530385994,0.7253371185237757,0.8631756756756757,0.6254589963280294,0.7075812274368231,511,81,306,196,81,0.8833586455109534,0.883595290952832
384,gap,robust_balanced,0.044570231328764476,0.7468706536856745,0.8647342995169082,0.6572827417380661,0.6967509025270758,537,84,280,193,84,0.8833586455109534,0.883595290952832
385,absolute,best_f1,0.34921352213815304,0.8736349453978159,0.782851817334576,0.9882352941176471,0.12406015037593984,840,233,10,33,233,0.8937052383604054,0.8939581394363434
385,absolute,tnr_0.5,0.47978406220422365,0.8241563055062167,0.8295589988081049,0.8188235294117647,0.462406015037594,696,143,154,123,143,0.8937052383604054,0.8939581394363434
385,absolute,tnr_0.7,0.5505529232665857,0.7346938775510204,0.8709677419354839,0.6352941176470588,0.6992481203007519,540,80,310,186,80,0.8937052383604054,0.8939581394363434
385,absolute,robust_balanced,0.5495953464415451,0.7372708757637475,0.8715890850722311,0.6388235294117647,0.6992481203007519,543,80,307,186,80,0.8937052383604054,0.8939581394363434
385,gap,best_f1,7.786060185943633e-05,0.8651399491094147,0.7623318385650224,1.0,0.0037593984962406013,850,265,0,1,265,0.8985669077547505,0.8987540012486152
385,gap,tnr_0.5,0.026668933984525914,0.7870485678704857,0.8359788359788359,0.7435294117647059,0.5338345864661654,632,124,218,142,124,0.8985669077547505,0.8987540012486152
385,gap,tnr_0.7,0.048120095530385994,0.7197763801537387,0.8864027538726333,0.6058823529411764,0.7518796992481203,515,66,335,200,66,0.8985669077547505,0.8987540012486152
385,gap,robust_balanced,0.044570231328764476,0.742001361470388,0.8804523424878837,0.6411764705882353,0.7218045112781954,545,74,305,192,74,0.8985669077547505,0.8987540012486152
386,absolute,best_f1,0.34921352213815304,0.8586224754013465,0.7640552995391705,0.9799054373522459,0.09859154929577464,829,256,17,28,256,0.8873229176251014,0.8875474177622433
386,absolute,tnr_0.5,0.47978406220422365,0.8094117647058824,0.8056206088992974,0.8132387706855791,0.4154929577464789,688,166,158,118,166,0.8873229176251014,0.8875474177622433
386,absolute,tnr_0.7,0.5505529232665857,0.7372654155495979,0.8513931888544891,0.6501182033096927,0.6619718309859155,550,96,296,188,96,0.8873229176251014,0.8875474177622433
386,absolute,robust_balanced,0.5495953464415451,0.7393617021276596,0.8449848024316109,0.6572104018912529,0.6408450704225352,556,102,290,182,102,0.8873229176251014,0.8875474177622433
386,gap,best_f1,7.786060185943633e-05,0.8562753036437247,0.7486725663716814,1.0,0.0,846,284,0,0,284,0.8685268666958478,0.8687645914780654
386,gap,tnr_0.5,0.026668933984525914,0.7617866004962779,0.8015665796344648,0.7257683215130024,0.4647887323943662,614,152,232,132,152,0.8685268666958478,0.8687645914780654
386,gap,tnr_0.7,0.048120095530385994,0.6946933149552033,0.8330578512396695,0.5957446808510638,0.6443661971830986,504,101,342,183,101,0.8685268666958478,0.8687645914780654
386,gap,robust_balanced,0.044570231328764476,0.7139959432048681,0.8341232227488151,0.624113475177305,0.6302816901408451,528,105,318,179,105,0.8685268666958478,0.8687645914780654
387,absolute,best_f1,0.34921352213815304,0.8589607635206787,0.763430725730443,0.9818181818181818,0.1404109589041096,810,251,15,41,251,0.875683983764507,0.8760053269522635
387,absolute,tnr_0.5,0.47978406220422365,0.8105200239091452,0.7995283018867925,0.8218181818181818,0.4178082191780822,678,170,147,122,170,0.875683983764507,0.8760053269522635
387,absolute,tnr_0.7,0.5505529232665857,0.7488215488215488,0.8424242424242424,0.673939393939394,0.6438356164383562,556,104,269,188,104,0.875683983764507,0.8760053269522635
387,absolute,robust_balanced,0.5495953464415451,0.7516778523489933,0.8421052631578947,0.6787878787878788,0.6404109589041096,560,105,265,187,105,0.875683983764507,0.8760053269522635
387,gap,best_f1,7.786060185943633e-05,0.8500772797527048,0.739247311827957,1.0,0.003424657534246575,825,291,0,1,291,0.8607406180968458,0.8610112503333722
387,gap,tnr_0.5,0.026668933984525914,0.772104607721046,0.793854033290653,0.7515151515151515,0.4486301369863014,620,161,205,131,161,0.8607406180968458,0.8610112503333722
387,gap,tnr_0.7,0.048120095530385994,0.6968197879858657,0.8355932203389831,0.5975757575757575,0.6678082191780822,493,97,332,195,97,0.8607406180968458,0.8610112503333722
387,gap,robust_balanced,0.044570231328764476,0.7165627165627165,0.8365695792880259,0.6266666666666667,0.6541095890410958,517,101,308,191,101,0.8607406180968458,0.8610112503333722
388,absolute,best_f1,0.34921352213815304,0.8597626752966558,0.7597712106768351,0.9900621118012423,0.10954063604240283,797,252,8,31,252,0.8887149733215599,0.8889850191136358
388,absolute,tnr_0.5,0.47978406220422365,0.808695652173913,0.808695652173913,0.808695652173913,0.4558303886925795,651,154,154,129,154,0.8887149733215599,0.8889850191136358
388,absolute,tnr_0.7,0.5505529232665857,0.7196531791907514,0.8601036269430051,0.6186335403726708,0.7137809187279152,498,81,307,202,81,0.8887149733215599,0.8889850191136358
388,absolute,robust_balanced,0.5495953464415451,0.7237410071942446,0.8598290598290599,0.6248447204968944,0.7102473498233216,503,82,302,201,82,0.8887149733215599,0.8889850191136358
388,gap,best_f1,7.786060185943633e-05,0.8509513742071881,0.7405703771849126,1.0,0.0035335689045936395,805,282,0,1,282,0.8578509237296519,0.8581519698589608
388,gap,tnr_0.5,0.026668933984525914,0.7624521072796935,0.7844940867279895,0.7416149068322981,0.4204946996466431,597,164,208,119,164,0.8578509237296519,0.8581519698589608
388,gap,tnr_0.7,0.048120095530385994,0.7065609228550829,0.8419243986254296,0.6086956521739131,0.6749116607773852,490,92,315,191,92,0.8578509237296519,0.8581519698589608
388,gap,robust_balanced,0.044570231328764476,0.7307152875175316,0.8389694041867954,0.6472049689440994,0.6466431095406361,521,100,284,183,100,0.8578509237296519,0.8581519698589608
389,absolute,best_f1,0.34921352213815304,0.8641449120937666,0.7716460513796385,0.9818401937046005,0.14590747330960854,811,240,15,41,240,0.8860245424618937,0.8862994863868684
389,absolute,tnr_0.5,0.47978406220422365,0.831623415811708,0.8291215403128761,0.8341404358353511,0.49466192170818507,689,142,137,139,142,0.8860245424618937,0.8862994863868684
389,absolute,tnr_0.7,0.5505529232665857,0.7505183137525916,0.8743961352657005,0.6573849878934624,0.7224199288256228,543,78,283,203,78,0.8860245424618937,0.8862994863868684
389,absolute,robust_balanced,0.5495953464415451,0.7525844245348036,0.8736,0.6610169491525424,0.7188612099644128,546,79,280,202,79,0.8860245424618937,0.8862994863868684
389,gap,best_f1,7.786060185943633e-05,0.8555152770585189,0.7475113122171946,1.0,0.0071174377224199285,826,279,0,2,279,0.8737652006418734,0.8740319533840754
389,gap,tnr_0.5,0.026668933984525914,0.7656552614590059,0.8201936376210235,0.7179176755447942,0.5373665480427047,593,130,233,151,130,0.8737652006418734,0.8740319533840754
389,gap,tnr_0.7,0.048120095530385994,0.7058823529411765,0.8661971830985915,0.5956416464891041,0.7295373665480427,492,76,334,205,76,0.8737652006418734,0.8740319533840754
389,gap,robust_balanced,0.044570231328764476,0.7228070175438597,0.8597662771285476,0.6234866828087167,0.701067615658363,515,84,311,197,84,0.8737652006418734,0.8740319533840754
390,absolute,best_f1,0.34921352213815304,0.8807947019867549,0.805247225025227,0.9719853836784409,0.24015748031496062,798,193,23,61,193,0.9110561941785685,0.9112612441926812
390,absolute,tnr_0.5,0.47978406220422365,0.8362944162436549,0.8728476821192053,0.8026796589524969,0.6220472440944882,659,96,162,158,96,0.9110561941785685,0.9112612441926812
390,absolute,tnr_0.7,0.5505529232665857,0.7318475916606758,0.8929824561403509,0.6199756394640682,0.7598425196850394,509,61,312,193,61,0.9110561941785685,0.9112612441926812
390,absolute,robust_balanced,0.5495953464415451,0.7340501792114695,0.89198606271777,0.6236297198538368,0.7559055118110236,512,62,309,192,62,0.9110561941785685,0.9112612441926812
390,gap,best_f1,7.786060185943633e-05,0.8678646934460887,0.7665732959850607,1.0,0.015748031496062992,821,250,0,4,250,0.8836735077023059,0.8838877052855716
390,gap,tnr_0.5,0.026668933984525914,0.7483530961791831,0.8149210903873745,0.6918392204628502,0.4921259842519685,568,129,253,125,129,0.8836735077023059,0.8838877052855716
390,gap,tnr_0.7,0.048120095530385994,0.6948905109489051,0.8670309653916212,0.5797807551766139,0.7125984251968503,476,73,345,181,73,0.8836735077023059,0.8838877052855716
390,gap,robust_balanced,0.044570231328764476,0.7143879742304939,0.8663194444444444,0.607795371498173,0.6968503937007874,499,77,322,177,77,0.8836735077023059,0.8838877052855716
391,absolute,best_f1,0.34921352213815304,0.8694300518134715,0.7797397769516728,0.9824355971896955,0.13503649635036497,839,237,15,37,237,0.863010588054615,0.863403740609636
391,absolute,tnr_0.5,0.47978406220422365,0.8058651026392962,0.8072855464159812,0.8044496487119438,0.40145985401459855,687,164,167,110,164,0.863010588054615,0.863403740609636
391,absolute,tnr_0.7,0.5505529232665857,0.706199460916442,0.8317460317460318,0.6135831381733021,0.6131386861313869,524,106,330,168,106,0.863010588054615,0.863403740609636
391,absolute,robust_balanced,0.5495953464415451,0.7070707070707071,0.8320126782884311,0.6147540983606558,0.6131386861313869,525,106,329,168,106,0.863010588054615,0.863403740609636
391,gap,best_f1,7.786060185943633e-05,0.8621908127208481,0.7577639751552795,1.0,0.0036496350364963502,854,273,0,1,273,0.8686355041996427,0.868910714368998
391,gap,tnr_0.5,0.026668933984525914,0.7674129353233831,0.8183023872679045,0.7224824355971897,0.5,617,137,237,137,137,0.8686355041996427,0.868910714368998
391,gap,tnr_0.7,0.048120095530385994,0.6974500344589938,0.847571189279732,0.5925058548009368,0.6678832116788321,506,91,348,183,91,0.8686355041996427,0.868910714368998
391,gap,robust_balanced,0.044570231328764476,0.7089297886843899,0.8482871125611745,0.6088992974238876,0.6605839416058394,520,93,334,181,93,0.8686355041996427,0.868910714368998
392,absolute,best_f1,0.34921352213815304,0.872946330777656,0.7798434442270059,0.9912935323383084,0.1509433962264151,797,225,7,40,225,0.8956394071485259,0.8958828187642863
392,absolute,tnr_0.5,0.47978406220422365,0.8431001890359168,0.8544061302681992,0.832089552238806,0.569811320754717,669,114,135,151,114,0.8956394071485259,0.8958828187642863
392,absolute,tnr_0.7,0.5505529232665857,0.7403708987161198,0.8678929765886287,0.6455223880597015,0.7018867924528301,519,79,285,186,79,0.8956394071485259,0.8958828187642863
392,absolute,robust_balanced,0.5495953464415451,0.7439544807965861,0.8687707641196013,0.650497512437811,0.7018867924528301,523,79,281,186,79,0.8956394071485259,0.8958828187642863
392,gap,best_f1,7.786060185943633e-05,0.8589743589743589,0.7528089887640449,1.0,0.0037735849056603774,804,264,0,1,264,0.8836661092779305,0.8838841526287857
392,gap,tnr_0.5,0.026668933984525914,0.7643564356435644,0.8143459915611815,0.7201492537313433,0.5018867924528302,579,132,225,133,132,0.8836661092779305,0.8838841526287857
392,gap,tnr_0.7,0.048120095530385994,0.7070854638422206,0.856637168141593,0.6019900497512438,0.6943396226415094,484,81,320,184,81,0.8836661092779305,0.8838841526287857
392,gap,robust_balanced,0.044570231328764476,0.7248034310221587,0.8521008403361344,0.6305970149253731,0.6679245283018868,507,88,297,177,88,0.8836661092779305,0.8838841526287857
393,absolute,best_f1,0.34921352213815304,0.8684070324986681,0.7725118483412322,0.9914841849148418,0.12087912087912088,815,240,7,33,240,0.8788483638526287,0.8791454996338538
393,absolute,tnr_0.5,0.47978406220422365,0.827076923076923,0.8368617683686177,0.8175182481751825,0.5201465201465202,672,131,150,142,131,0.8788483638526287,0.8791454996338538
393,absolute,tnr_0.7,0.5505529232665857,0.7440890125173852,0.8685064935064936,0.6508515815085159,0.7032967032967034,535,81,287,192,81,0.8788483638526287,0.8791454996338538
393,absolute,robust_balanced,0.5495953464415451,0.7458333333333333,0.8689320388349514,0.6532846715328468,0.7032967032967034,537,81,285,192,81,0.8788483638526287,0.8791454996338538
393,gap,best_f1,7.786060185943633e-05,0.8575899843505478,0.7506849315068493,1.0,0.0,822,273,0,0,273,0.8815169079750051,0.8817172446037106
393,gap,tnr_0.5,0.026668933984525914,0.7669464170432537,0.8170563961485557,0.7226277372262774,0.5128205128205128,594,133,228,140,133,0.8815169079750051,0.8817172446037106
393,gap,tnr_0.7,0.048120095530385994,0.7102272727272727,0.8532423208191127,0.6082725060827251,0.684981684981685,500,86,322,187,86,0.8815169079750051,0.8817172446037106
393,gap,robust_balanced,0.044570231328764476,0.7206703910614525,0.8459016393442623,0.6277372262773723,0.6556776556776557,516,94,306,179,94,0.8815169079750051,0.8817172446037106
394,absolute,best_f1,0.34921352213815304,0.870026525198939,0.777988614800759,0.98676293622142,0.14909090909090908,820,234,11,41,234,0.874520335704748,0.8748178841822475
394,absolute,tnr_0.5,0.47978406220422365,0.833732057416268,0.8287752675386445,0.838748495788207,0.4763636363636364,697,144,134,131,144,0.874520335704748,0.8748178841822475
394,absolute,tnr_0.7,0.5505529232665857,0.7263955892487939,0.85,0.6341756919374247,0.6618181818181819,527,93,304,182,93,0.874520335704748,0.8748178841822475
394,absolute,robust_balanced,0.5495953464415451,0.7358361774744028,0.8501577287066246,0.6486161251504212,0.6545454545454545,539,95,292,180,95,0.874520335704748,0.8748178841822475
394,gap,best_f1,7.786060185943633e-05,0.85980341438179,0.7540834845735027,1.0,0.014545454545454545,831,271,0,4,271,0.8678791895520653,0.8681537285191802
394,gap,tnr_0.5,0.026668933984525914,0.7584881486226778,0.810958904109589,0.7123947051744886,0.49818181818181817,592,138,239,137,138,0.8678791895520653,0.8681537285191802
394,gap,tnr_0.7,0.048120095530385994,0.6981664315937941,0.8432708688245315,0.5956678700361011,0.6654545454545454,495,92,336,183,92,0.8678791895520653,0.8681537285191802
394,gap,robust_balanced,0.044570231328764476,0.7214927436074637,0.8474025974025974,0.628158844765343,0.6581818181818182,522,94,309,181,94,0.8678791895520653,0.8681537285191802
395,absolute,best_f1,0.34921352213815304,0.8703108252947481,0.7762906309751434,0.9902439024390244,0.1702127659574468,812,234,8,48,234,0.9054408205034299,0.9056144901608815
395,absolute,tnr_0.5,0.47978406220422365,0.8440925700365408,0.843065693430657,0.8451219512195122,0.5425531914893617,693,129,127,153,129,0.9054408205034299,0.9056144901608815
395,absolute,tnr_0.7,0.5505529232665857,0.756046993780235,0.8724082934609251,0.6670731707317074,0.7163120567375887,547,80,273,202,80,0.9054408205034299,0.9056144901608815
395,absolute,robust_balanced,0.5495953464415451,0.7611837577426015,0.8736176935229067,0.6743902439024391,0.7163120567375887,553,80,267,202,80,0.9054408205034299,0.9056144901608815
395,gap,best_f1,7.786060185943633e-05,0.8537220197813639,0.7447774750227066,1.0,0.0035460992907801418,820,281,0,1,281,0.8719379731074502,0.8721734625739465
395,gap,tnr_0.5,0.026668933984525914,0.7565831727681439,0.7991858887381276,0.7182926829268292,0.475177304964539,589,148,231,134,148,0.8719379731074502,0.8721734625739465
395,gap,tnr_0.7,0.048120095530385994,0.6811279826464208,0.8365896980461812,0.574390243902439,0.6737588652482269,471,92,349,190,92,0.8719379731074502,0.8721734625739465
395,gap,robust_balanced,0.044570231328764476,0.704721634954193,0.8347245409015025,0.6097560975609756,0.648936170212766,500,99,320,183,99,0.8719379731074502,0.8721734625739465
396,absolute,best_f1,0.34921352213815304,0.8508042151968941,0.7556650246305419,0.9733502538071066,0.16216216216216217,767,248,21,48,248,0.8599181003271085,0.86022279692367
396,absolute,tnr_0.5,0.47978406220422365,0.798240100565682,0.7907845579078456,0.8058375634517766,0.43243243243243246,635,168,153,128,168,0.8599181003271085,0.86022279692367
396,absolute,tnr_0.7,0.5505529232665857,0.7047756874095513,0.8198653198653199,0.618020304568528,0.6385135135135135,487,107,301,189,107,0.8599181003271085,0.86022279692367
396,absolute,robust_balanced,0.5495953464415451,0.7089337175792507,0.82,0.6243654822335025,0.6351351351351351,492,108,296,188,108,0.8599181003271085,0.86022279692367
396,gap,best_f1,7.786060185943633e-05,0.8423303046499199,0.7276084949215144,1.0,0.0033783783783783786,788,295,0,1,295,0.8733579159809258,0.8735694415521427
396,gap,tnr_0.5,0.026668933984525914,0.7644736842105263,0.7937158469945356,0.7373096446700508,0.48986486486486486,581,151,207,145,151,0.8733579159809258,0.8735694415521427
396,gap,tnr_0.7,0.048120095530385994,0.7301818181818182,0.8551959114139693,0.6370558375634517,0.7128378378378378,502,85,286,211,85,0.8733579159809258,0.8735694415521427
396,gap,robust_balanced,0.044570231328764476,0.7381974248927039,0.8459016393442623,0.6548223350253807,0.6824324324324325,516,94,272,202,94,0.8733579159809258,0.8735694415521427
397,absolute,best_f1,0.34921352213815304,0.8653106102253986,0.7700587084148728,0.9874529485570891,0.11320754716981132,787,235,10,30,235,0.8761906693816056,0.8765394631646661
397,absolute,tnr_0.5,0.47978406220422365,0.8214731585518102,0.8173913043478261,0.8255959849435383,0.44528301886792454,658,147,139,118,147,0.8761906693816056,0.8765394631646661
397,absolute,tnr_0.7,0.5505529232665857,0.7133479212253829,0.8519163763066202,0.6135508155583438,0.6792452830188679,489,85,308,180,85,0.8761906693816056,0.8765394631646661
397,absolute,robust_balanced,0.5495953464415451,0.719361856417694,0.852233676975945,0.6223337515683814,0.6754716981132075,496,86,301,179,86,0.8761906693816056,0.8765394631646661
397,gap,best_f1,7.786060185943633e-05,0.8579117330462863,0.7511781338360037,1.0,0.0037735849056603774,797,264,0,1,264,0.8826215455056658,0.8828377464931297
397,gap,tnr_0.5,0.026668933984525914,0.7624090006618134,0.8067226890756303,0.7227101631116688,0.47924528301886793,576,138,221,127,138,0.8826215455056658,0.8828377464931297
397,gap,tnr_0.7,0.048120095530385994,0.7052709725315516,0.8636363636363636,0.5959849435382685,0.7169811320754716,475,75,322,190,75,0.8826215455056658,0.8828377464931297
397,gap,robust_balanced,0.044570231328764476,0.7189542483660131,0.853448275862069,0.6210790464240903,0.6792452830188679,495,85,302,180,85,0.8826215455056658,0.8828377464931297
398,absolute,best_f1,0.34921352213815304,0.8715447154471545,0.7828627069133398,0.9828850855745721,0.12890625,804,223,14,33,223,0.8755204342424171,0.8758341101119407
398,absolute,tnr_0.5,0.47978406220422365,0.8308641975308642,0.8391521197007481,0.8227383863080685,0.49609375,673,129,145,127,129,0.8755204342424171,0.8758341101119407
398,absolute,tnr_0.7,0.5505529232665857,0.7313642756680732,0.8609271523178808,0.6356968215158925,0.671875,520,84,298,172,84,0.8755204342424171,0.8758341101119407
398,absolute,robust_balanced,0.5495953464415451,0.7366946778711485,0.8622950819672132,0.6430317848410758,0.671875,526,84,292,172,84,0.8755204342424171,0.8758341101119407
398,gap,best_f1,7.786060185943633e-05,0.8656084656084656,0.7630597014925373,1.0,0.0078125,818,254,0,2,254,0.888606175656338,0.8887947464788384
398,gap,tnr_0.5,0.026668933984525914,0.7886075949367088,0.8175853018372703,0.7616136919315404,0.45703125,623,139,195,117,139,0.888606175656338,0.8887947464788384
398,gap,tnr_0.7,0.048120095530385994,0.7333333333333333,0.8488745980707395,0.6454767726161369,0.6328125,528,94,290,162,94,0.888606175656338,0.8887947464788384
398,gap,robust_balanced,0.044570231328764476,0.7522184300341297,0.8516228748068007,0.6735941320293398,0.625,551,96,267,160,96,0.888606175656338,0.8887947464788384
399,absolute,best_f1,0.34921352213815304,0.878494623655914,0.7955209347614411,0.9807923169267707,0.24187725631768953,817,210,16,67,210,0.8879663079694817,0.8882032443761343
399,absolute,tnr_0.5,0.47978406220422365,0.8267477203647416,0.8374384236453202,0.8163265306122449,0.5234657039711191,680,132,153,145,132,0.8879663079694817,0.8882032443761343
399,absolute,tnr_0.7,0.5505529232665857,0.7258848022206801,0.8601973684210527,0.6278511404561825,0.6931407942238267,523,85,310,192,85,0.8879663079694817,0.8882032443761343
399,absolute,robust_balanced,0.5495953464415451,0.7302904564315352,0.8613376835236541,0.6338535414165666,0.6931407942238267,528,85,305,192,85,0.8879663079694817,0.8882032443761343
399,gap,best_f1,7.786060185943633e-05,0.8574369531652084,0.7504504504504504,1.0,0.0,833,277,0,0,277,0.8954694647446806,0.8956405367755451
399,gap,tnr_0.5,0.026668933984525914,0.776796973518285,0.8180610889774237,0.7394957983193278,0.5054151624548736,616,137,217,140,137,0.8954694647446806,0.8956405367755451
399,gap,tnr_0.7,0.048120095530385994,0.7240649258997883,0.8784246575342466,0.6158463385354142,0.7436823104693141,513,71,320,206,71,0.8954694647446806,0.8956405367755451
399,gap,robust_balanced,0.044570231328764476,0.740484429065744,0.8741830065359477,0.6422569027611045,0.7220216606498195,535,77,298,200,77,0.8954694647446806,0.8956405367755451
400,absolute,best_f1,0.34921352213815304,0.8705380927011188,0.7840690978886756,0.9784431137724551,0.13127413127413126,817,225,18,34,225,0.9025662454481141,0.902805662881569
400,absolute,tnr_0.5,0.47978406220422365,0.8323133414932681,0.851063829787234,0.8143712574850299,0.5405405405405406,680,119,155,140,119,0.9025662454481141,0.902805662881569
400,absolute,tnr_0.7,0.5505529232665857,0.7437325905292479,0.8885191347753744,0.6395209580838324,0.7413127413127413,534,67,301,192,67,0.9025662454481141,0.902805662881569
400,absolute,robust_balanced,0.5495953464415451,0.7467036780013879,0.8877887788778878,0.644311377245509,0.7374517374517374,538,68,297,191,68,0.9025662454481141,0.902805662881569
400,gap,best_f1,7.786060185943633e-05,0.8657335406946605,0.7632541133455211,1.0,0.0,835,259,0,0,259,0.9024728948219972,0.9026438710772345
400,gap,tnr_0.5,0.026668933984525914,0.7919547454431175,0.8333333333333334,0.7544910179640718,0.5135135135135135,630,126,205,133,126,0.9024728948219972,0.9026438710772345
400,gap,tnr_0.7,0.048120095530385994,0.7312280701754386,0.8830508474576271,0.6239520958083832,0.7335907335907336,521,69,314,190,69,0.9024728948219972,0.9026438710772345
400,gap,robust_balanced,0.044570231328764476,0.7496542185338866,0.8870703764320785,0.6491017964071857,0.7335907335907336,542,69,293,190,69,0.9024728948219972,0.9026438710772345
401,absolute,best_f1,0.34921352213815304,0.86302780638517,0.7666971637694419,0.9870435806831567,0.10839160839160839,838,255,11,31,255,0.8787746548878957,0.8790347153589322
401,absolute,tnr_0.5,0.47978406220422365,0.8371824480369515,0.8210645526613817,0.8539458186101295,0.44755244755244755,725,158,124,128,158,0.8787746548878957,0.8790347153589322
401,absolute,tnr_0.7,0.5505529232665857,0.7475280158206987,0.8488023952095808,0.6678445229681979,0.6468531468531469,567,101,282,185,101,0.8787746548878957,0.8790347153589322
401,absolute,robust_balanced,0.5495953464415451,0.75,0.849478390461997,0.6713780918727915,0.6468531468531469,570,101,279,185,101,0.8787746548878957,0.8790347153589322
401,gap,best_f1,7.786060185943633e-05,0.8558467741935484,0.7480176211453744,1.0,0.0,849,286,0,0,286,0.8510555331802178,0.8513712269322555
401,gap,tnr_0.5,0.026668933984525914,0.7656725502130249,0.792191435768262,0.7408716136631331,0.4230769230769231,629,165,220,121,165,0.8510555331802178,0.8513712269322555
401,gap,tnr_0.7,0.048120095530385994,0.6931506849315069,0.8281505728314239,0.5959952885747939,0.6328671328671329,506,105,343,181,105,0.8510555331802178,0.8513712269322555
401,gap,robust_balanced,0.044570231328764476,0.708502024291498,0.8293838862559242,0.6183745583038869,0.6223776223776224,525,108,324,178,108,0.8510555331802178,0.8513712269322555
402,absolute,best_f1,0.34921352213815304,0.8668763102725366,0.7750702905342081,0.9833531510107015,0.14285714285714285,827,240,14,40,240,0.8712439586996501,0.871605612952457
402,absolute,tnr_0.5,0.47978406220422365,0.8220140515222483,0.8096885813148789,0.8347205707491082,0.4107142857142857,702,165,139,115,165,0.8712439586996501,0.871605612952457
402,absolute,tnr_0.7,0.5505529232665857,0.7351567711807871,0.837386018237082,0.6551724137931034,0.6178571428571429,551,107,290,173,107,0.8712439586996501,0.871605612952457
402,absolute,robust_balanced,0.5495953464415451,0.738031914893617,0.8371040723981901,0.6599286563614745,0.6142857142857143,555,108,286,172,108,0.8712439586996501,0.871605612952457
402,gap,best_f1,7.786060185943633e-05,0.8572884811416922,0.7502230151650312,1.0,0.0,841,280,0,0,280,0.8879146164412866,0.8881156153889467
402,gap,tnr_0.5,0.026668933984525914,0.779874213836478,0.8277703604806409,0.737217598097503,0.5392857142857143,620,129,221,151,129,0.8879146164412866,0.8881156153889467
402,gap,tnr_0.7,0.048120095530385994,0.7221458046767538,0.8564437194127243,0.6242568370986921,0.6857142857142857,525,88,316,192,88,0.8879146164412866,0.8881156153889467
402,gap,robust_balanced,0.044570231328764476,0.7331975560081466,0.8544303797468354,0.6420927467300832,0.6714285714285714,540,92,301,188,92,0.8879146164412866,0.8881156153889467
403,absolute,best_f1,0.34921352213815304,0.8612021857923498,0.7687804878048781,0.9788819875776398,0.11235955056179775,788,237,17,30,237,0.8721418980834277,0.8724105703983333
403,absolute,tnr_0.5,0.47978406220422365,0.805,0.810062893081761,0.8,0.4344569288389513,644,151,161,116,151,0.8721418980834277,0.8724105703983333
403,absolute,tnr_0.7,0.5505529232665857,0.6997084548104956,0.8465608465608465,0.5962732919254659,0.6741573033707865,480,87,325,180,87,0.8721418980834277,0.8724105703983333
403,absolute,robust_balanced,0.5495953464415451,0.7019579405366208,0.8432055749128919,0.6012422360248447,0.6629213483146067,484,90,321,177,90,0.8721418980834277,0.8724105703983333
403,gap,best_f1,7.786060185943633e-05,0.8582089552238806,0.7516339869281046,1.0,0.003745318352059925,805,266,0,1,266,0.8506342941972923,0.8509513263049369
403,gap,tnr_0.5,0.026668933984525914,0.7514754098360655,0.7958333333333333,0.7118012422360248,0.449438202247191,573,147,232,120,147,0.8506342941972923,0.8509513263049369
403,gap,tnr_0.7,0.048120095530385994,0.6950252343186734,0.8281786941580757,0.5987577639751552,0.6254681647940075,482,100,323,167,100,0.8506342941972923,0.8509513263049369
403,gap,robust_balanced,0.044570231328764476,0.7051282051282052,0.8263772954924875,0.6149068322981367,0.6104868913857678,495,104,310,163,104,0.8506342941972923,0.8509513263049369
404,absolute,best_f1,0.34921352213815304,0.8715744223535733,0.7828185328185329,0.983030303030303,0.16974169741697417,811,225,14,46,225,0.908833432796488,0.9090358717306383
404,absolute,tnr_0.5,0.47978406220422365,0.8302583025830258,0.8426966292134831,0.8181818181818182,0.5350553505535055,675,126,150,145,126,0.908833432796488,0.9090358717306383
404,absolute,tnr_0.7,0.5505529232665857,0.7471751412429378,0.8950930626057529,0.6412121212121212,0.7712177121771218,529,62,296,209,62,0.908833432796488,0.9090358717306383
404,absolute,robust_balanced,0.5495953464415451,0.7494736842105263,0.89,0.6472727272727272,0.7564575645756457,534,66,291,205,66,0.908833432796488,0.9090358717306383
404,gap,best_f1,7.786060185943633e-05,0.8589276418532015,0.7527372262773723,1.0,0.0,825,271,0,0,271,0.8892744017317478,0.8894614911794841
404,gap,tnr_0.5,0.026668933984525914,0.7657657657657657,0.8161865569272977,0.7212121212121212,0.5055350553505535,595,134,230,137,134,0.8892744017317478,0.8894614911794841
404,gap,tnr_0.7,0.048120095530385994,0.7071583514099783,0.8763440860215054,0.5927272727272728,0.7453874538745388,489,69,336,202,69,0.8892744017317478,0.8894614911794841
404,gap,robust_balanced,0.044570231328764476,0.7230113636363636,0.8730703259005146,0.616969696969697,0.7269372693726938,509,74,316,197,74,0.8892744017317478,0.8894614911794841
405,absolute,best_f1,0.34921352213815304,0.857293868921776,0.7544186046511628,0.99265605875153,0.07692307692307693,811,264,6,22,264,0.8490650716564415,0.8494424330347886
405,absolute,tnr_0.5,0.47978406220422365,0.7787934186471663,0.7754854368932039,0.7821297429620563,0.3531468531468531,639,185,178,101,185,0.8490650716564415,0.8494424330347886
405,absolute,tnr_0.7,0.5505529232665857,0.6879432624113475,0.8178752107925801,0.5936352509179926,0.6223776223776224,485,108,332,178,108,0.8490650716564415,0.8494424330347886
405,absolute,robust_balanced,0.5495953464415451,0.6897526501766784,0.8160535117056856,0.5973072215422277,0.6153846153846154,488,110,329,176,110,0.8490650716564415,0.8494424330347886
405,gap,best_f1,7.786060185943633e-05,0.8510416666666667,0.7407071622846781,1.0,0.0,817,286,0,0,286,0.8448178970449348,0.8451667985931014
405,gap,tnr_0.5,0.026668933984525914,0.7444005270092227,0.8059914407988588,0.6915544675642595,0.5244755244755245,565,136,252,150,136,0.8448178970449348,0.8451667985931014
405,gap,tnr_0.7,0.048120095530385994,0.6647058823529411,0.8324125230202578,0.5532435740514076,0.6818181818181818,452,91,365,195,91,0.8448178970449348,0.8451667985931014
405,gap,robust_balanced,0.044570231328764476,0.6924731182795699,0.8356401384083045,0.591187270501836,0.6678321678321678,483,95,334,191,95,0.8448178970449348,0.8451667985931014
406,absolute,best_f1,0.34921352213815304,0.8645621181262729,0.7690217391304348,0.9872093023255814,0.15,849,255,11,45,255,0.8947703539686352,0.8949542697820072
406,absolute,tnr_0.5,0.47978406220422365,0.8082111436950147,0.8153846153846154,0.8011627906976744,0.48,689,156,171,144,156,0.8947703539686352,0.8949542697820072
406,absolute,tnr_0.7,0.5505529232665857,0.7103825136612022,0.8609271523178808,0.6046511627906976,0.72,520,84,340,216,84,0.8947703539686352,0.8949542697820072
406,absolute,robust_balanced,0.5495953464415451,0.7142857142857143,0.860655737704918,0.6104651162790697,0.7166666666666667,525,85,335,215,85,0.8947703539686352,0.8949542697820072
406,gap,best_f1,7.786060185943633e-05,0.8514851485148515,0.7413793103448276,1.0,0.0,860,300,0,0,300,0.8707023591971499,0.8709588051995838
406,gap,tnr_0.5,0.026668933984525914,0.7481203007518797,0.811141304347826,0.6941860465116279,0.5366666666666666,597,139,263,161,139,0.8707023591971499,0.8709588051995838
406,gap,tnr_0.7,0.048120095530385994,0.6968641114982579,0.8695652173913043,0.5813953488372093,0.75,500,75,360,225,75,0.8707023591971499,0.8709588051995838
406,gap,robust_balanced,0.044570231328764476,0.7156462585034014,0.8622950819672132,0.6116279069767442,0.72,526,84,334,216,84,0.8707023591971499,0.8709588051995838
407,absolute,best_f1,0.34921352213815304,0.8690601900739177,0.777882797731569,0.9844497607655502,0.1696113074204947,823,235,13,48,235,0.891041295510661,0.8912811485550054
407,absolute,tnr_0.5,0.47978406220422365,0.812958435207824,0.83125,0.7954545454545454,0.5229681978798587,665,135,171,148,135,0.891041295510661,0.8912811485550054
407,absolute,tnr_0.7,0.5505529232665857,0.7126119917298415,0.8406504065040651,0.618421052631579,0.6537102473498233,517,98,319,185,98,0.891041295510661,0.8912811485550054
407,absolute,robust_balanced,0.5495953464415451,0.7147766323024055,0.840064620355412,0.6220095693779905,0.6501766784452296,520,99,316,184,99,0.891041295510661,0.8912811485550054
407,gap,best_f1,7.786060185943633e-05,0.8552429667519181,0.7470956210902592,1.0,0.0,836,283,0,0,283,0.89166075485578,0.8918249440480931
407,gap,tnr_0.5,0.026668933984525914,0.770595690747782,0.8194070080862533,0.7272727272727273,0.5265017667844523,608,134,228,149,134,0.89166075485578,0.8918249440480931
407,gap,tnr_0.7,0.048120095530385994,0.6905444126074498,0.8607142857142858,0.5765550239234449,0.7243816254416962,482,78,354,205,78,0.89166075485578,0.8918249440480931
407,gap,robust_balanced,0.044570231328764476,0.7124824684431977,0.8610169491525423,0.6076555023923444,0.7102473498233216,508,82,328,201,82,0.89166075485578,0.8918249440480931
408,absolute,best_f1,0.34921352213815304,0.859538784067086,0.7635009310986964,0.9832134292565947,0.1360544217687075,820,254,14,40,254,0.8643468179949997,0.8646648722310541
408,absolute,tnr_0.5,0.47978406220422365,0.8007224563515954,0.8041112454655381,0.7973621103117506,0.4489795918367347,665,162,169,132,162,0.8643468179949997,0.8646648722310541
408,absolute,tnr_0.7,0.5505529232665857,0.6979310344827586,0.8214285714285714,0.6067146282973621,0.6258503401360545,506,110,328,184,110,0.8643468179949997,0.8646648722310541
408,absolute,robust_balanced,0.5495953464415451,0.6983471074380165,0.8203883495145631,0.6079136690647482,0.6224489795918368,507,111,327,183,111,0.8643468179949997,0.8646648722310541
408,gap,best_f1,7.786060185943633e-05,0.8501529051987767,0.7393617021276596,1.0,0.0,834,294,0,0,294,0.8560422009556898,0.8563451321229422
408,gap,tnr_0.5,0.026668933984525914,0.7712337259764415,0.7984595635430038,0.7458033573141487,0.46598639455782315,622,157,212,137,157,0.8560422009556898,0.8563451321229422
408,gap,tnr_0.7,0.048120095530385994,0.6963168867268936,0.828099173553719,0.6007194244604317,0.6462585034013606,501,104,333,190,104,0.8560422009556898,0.8563451321229422
408,gap,robust_balanced,0.044570231328764476,0.7204884667571235,0.8296875,0.6366906474820144,0.6292517006802721,531,109,303,185,109,0.8560422009556898,0.8563451321229422
409,absolute,best_f1,0.34921352213815304,0.8633316142341413,0.7671860678276811,0.9870283018867925,0.14189189189189189,837,254,11,42,254,0.8805845932248183,0.8808873945119261
409,absolute,tnr_0.5,0.47978406220422365,0.7945205479452054,0.802647412755716,0.7865566037735849,0.44594594594594594,667,164,181,132,164,0.8805845932248183,0.8808873945119261
409,absolute,tnr_0.7,0.5505529232665857,0.6825842696629213,0.84375,0.5731132075471698,0.6959459459459459,486,90,362,206,90,0.8805845932248183,0.8808873945119261
409,absolute,robust_balanced,0.5495953464415451,0.6843946815955213,0.8416523235800344,0.5766509433962265,0.6891891891891891,489,92,359,204,92,0.8805845932248183,0.8808873945119261
409,gap,best_f1,7.786060185943633e-05,0.8518332496233049,0.7419072615923009,1.0,0.0033783783783783786,848,295,0,1,295,0.8726774724618453,0.8729005259367062
409,gap,tnr_0.5,0.026668933984525914,0.7655860349127181,0.8121693121693122,0.7240566037735849,0.5202702702702703,614,142,234,154,142,0.8726774724618453,0.8729005259367062
409,gap,tnr_0.7,0.048120095530385994,0.6928471248246845,0.8546712802768166,0.5825471698113207,0.7162162162162162,494,84,354,212,84,0.8726774724618453,0.8729005259367062
409,gap,robust_balanced,0.044570231328764476,0.7155586017820424,0.8543371522094927,0.6155660377358491,0.6993243243243243,522,89,326,207,89,0.8726774724618453,0.8729005259367062
410,absolute,best_f1,0.34921352213815304,0.8542872172540767,0.752548656163114,0.9878345498783455,0.12459016393442623,812,267,10,38,267,0.8764590967251825,0.876702407116905
410,absolute,tnr_0.5,0.47978406220422365,0.8272564255827854,0.8131609870740305,0.8418491484184915,0.4786885245901639,692,159,130,146,159,0.8764590967251825,0.876702407116905
410,absolute,tnr_0.7,0.5505529232665857,0.7450980392156863,0.8386605783866058,0.670316301703163,0.6524590163934426,551,106,271,199,106,0.8764590967251825,0.876702407116905
410,absolute,robust_balanced,0.5495953464415451,0.7505043712172159,0.8390977443609022,0.6788321167883211,0.6491803278688525,558,107,264,198,107,0.8764590967251825,0.876702407116905
410,gap,best_f1,7.786060185943633e-05,0.8439425051334702,0.7300177619893428,1.0,0.003278688524590164,822,304,0,1,304,0.8538335070404496,0.8541064079226104
410,gap,tnr_0.5,0.026668933984525914,0.7564505978602895,0.7835723598435462,0.7311435523114356,0.4557377049180328,601,166,221,139,166,0.8538335070404496,0.8541064079226104
410,gap,tnr_0.7,0.048120095530385994,0.7091412742382271,0.8231511254019293,0.6228710462287105,0.639344262295082,512,110,310,195,110,0.8538335070404496,0.8541064079226104
410,gap,robust_balanced,0.044570231328764476,0.7269021739130435,0.823076923076923,0.6508515815085159,0.6229508196721312,535,115,287,190,115,0.8538335070404496,0.8541064079226104
411,absolute,best_f1,0.34921352213815304,0.868421052631579,0.773921200750469,0.9892086330935251,0.12681159420289856,825,241,9,35,241,0.8735137697147448,0.8738293455344077
411,absolute,tnr_0.5,0.47978406220422365,0.8041488712629652,0.8186335403726708,0.790167865707434,0.47101449275362317,659,146,175,130,146,0.8735137697147448,0.8738293455344077
411,absolute,tnr_0.7,0.5505529232665857,0.7125956854558108,0.8490878938640133,0.6139088729016786,0.6702898550724637,512,91,322,185,91,0.8735137697147448,0.8738293455344077
411,absolute,robust_balanced,0.5495953464415451,0.7152777777777778,0.8498349834983498,0.617505995203837,0.6702898550724637,515,91,319,185,91,0.8735137697147448,0.8738293455344077
411,gap,best_f1,7.786060185943633e-05,0.8584662892434379,0.7520288548241659,1.0,0.0036231884057971015,834,275,0,1,275,0.8633264473491791,0.8636607148537073
411,gap,tnr_0.5,0.026668933984525914,0.7801507537688442,0.8192612137203166,0.7446043165467626,0.5036231884057971,621,137,213,139,137,0.8633264473491791,0.8636607148537073
411,gap,tnr_0.7,0.048120095530385994,0.7103064066852368,0.8471760797342193,0.6115107913669064,0.6666666666666666,510,92,324,184,92,0.8633264473491791,0.8636607148537073
411,gap,robust_balanced,0.044570231328764476,0.7312414733969986,0.8481012658227848,0.6426858513189448,0.6521739130434783,536,96,298,180,96,0.8633264473491791,0.8636607148537073
412,absolute,best_f1,0.34921352213815304,0.8777720474471377,0.7894248608534323,0.9883855981416957,0.16544117647058823,851,227,10,45,227,0.8900209315565552,0.8902473895923672
412,absolute,tnr_0.5,0.47978406220422365,0.8350634371395617,0.8293241695303551,0.8408826945412311,0.4522058823529412,724,149,137,123,149,0.8900209315565552,0.8902473895923672
412,absolute,tnr_0.7,0.5505529232665857,0.7442773054283846,0.8517964071856288,0.6608594657375145,0.6360294117647058,569,99,292,173,99,0.8900209315565552,0.8902473895923672
412,absolute,robust_balanced,0.5495953464415451,0.75,0.8533333333333334,0.6689895470383276,0.6360294117647058,576,99,285,173,99,0.8900209315565552,0.8902473895923672
412,gap,best_f1,7.786060185943633e-05,0.8648920140632848,0.7619469026548673,1.0,0.011029411764705883,861,269,0,3,269,0.8819396137230681,0.8821752484970723
412,gap,tnr_0.5,0.026668933984525914,0.776602364654636,0.8364611260053619,0.7247386759581882,0.5514705882352942,624,122,237,150,122,0.8819396137230681,0.8821752484970723
412,gap,tnr_0.7,0.048120095530385994,0.6969909027291813,0.8767605633802817,0.578397212543554,0.7426470588235294,498,70,363,202,70,0.8819396137230681,0.8821752484970723
412,gap,robust_balanced,0.044570231328764476,0.7235494880546075,0.8774834437086093,0.6155632984901278,0.7279411764705882,530,74,331,198,74,0.8819396137230681,0.8821752484970723
413,absolute,best_f1,0.34921352213815304,0.8685470995210218,0.7764034253092293,0.9855072463768116,0.13284132841328414,816,235,12,36,235,0.8813315200618729,0.8816029735628489
413,absolute,tnr_0.5,0.47978406220422365,0.8170731707317073,0.8251231527093597,0.8091787439613527,0.47601476014760147,670,142,158,129,142,0.8813315200618729,0.8816029735628489
413,absolute,tnr_0.7,0.5505529232665857,0.7334254143646409,0.8564516129032258,0.6413043478260869,0.6715867158671587,531,89,297,182,89,0.8813315200618729,0.8816029735628489
413,absolute,robust_balanced,0.5495953464415451,0.7351724137931035,0.8569131832797428,0.643719806763285,0.6715867158671587,533,89,295,182,89,0.8813315200618729,0.8816029735628489
413,gap,best_f1,7.786060185943633e-05,0.8593668915412558,0.7534121929026387,1.0,0.0,828,271,0,0,271,0.8774531370548333,0.8777020167526949
413,gap,tnr_0.5,0.026668933984525914,0.7814652473387602,0.811443433029909,0.7536231884057971,0.46494464944649444,624,145,204,126,145,0.8774531370548333,0.8777020167526949
413,gap,tnr_0.7,0.048120095530385994,0.722183344996501,0.8585690515806988,0.6231884057971014,0.6863468634686347,516,85,312,186,85,0.8774531370548333,0.8777020167526949
413,gap,robust_balanced,0.044570231328764476,0.7414030261348006,0.8610223642172524,0.6509661835748792,0.6789667896678967,539,87,289,184,87,0.8774531370548333,0.8777020167526949
414,absolute,best_f1,0.34921352213815304,0.8748674443266172,0.786463298379409,0.985663082437276,0.17037037037037037,825,224,12,46,224,0.8877454320892125,0.8879610016261503
414,absolute,tnr_0.5,0.47978406220422365,0.7958179581795818,0.8200253485424588,0.7729988052568698,0.4740740740740741,647,142,190,128,142,0.8877454320892125,0.8879610016261503
414,absolute,tnr_0.7,0.5505529232665857,0.7077785564120532,0.8559322033898306,0.6033452807646356,0.6851851851851852,505,85,332,185,85,0.8877454320892125,0.8879610016261503
414,absolute,robust_balanced,0.5495953464415451,0.710801393728223,0.8528428093645485,0.6093189964157706,0.674074074074074,510,88,327,182,88,0.8877454320892125,0.8879610016261503
414,gap,best_f1,7.786060185943633e-05,0.8624420401854714,0.7581521739130435,1.0,0.011111111111111112,837,267,0,3,267,0.8781411341644879,0.8784023791678723
414,gap,tnr_0.5,0.026668933984525914,0.7686375321336761,0.8317107093184979,0.7144563918757467,0.5518518518518518,598,121,239,149,121,0.8781411341644879,0.8784023791678723
414,gap,tnr_0.7,0.048120095530385994,0.7025089605734767,0.8781362007168458,0.5854241338112306,0.7481481481481481,490,68,347,202,68,0.8781411341644879,0.8784023791678723
414,gap,robust_balanced,0.044570231328764476,0.7211267605633803,0.8782161234991424,0.6117084826762246,0.737037037037037,512,71,325,199,71,0.8781411341644879,0.8784023791678723
415,absolute,best_f1,0.34921352213815304,0.8690869086908691,0.7798617966436328,0.9813664596273292,0.19494584837545126,790,223,15,54,223,0.88667381295709,0.8869550008929096
415,absolute,tnr_0.5,0.47978406220422365,0.8284993694829761,0.8412291933418694,0.8161490683229814,0.5523465703971119,657,124,148,153,124,0.88667381295709,0.8869550008929096
415,absolute,tnr_0.7,0.5505529232665857,0.7339449541284404,0.8496732026143791,0.6459627329192547,0.6678700361010831,520,92,285,185,92,0.88667381295709,0.8869550008929096
415,absolute,robust_balanced,0.5495953464415451,0.7348377997179125,0.8499184339314845,0.6472049689440994,0.6678700361010831,521,92,284,185,92,0.88667381295709,0.8869550008929096
415,gap,best_f1,7.786060185943633e-05,0.8532061473237944,0.743992606284658,1.0,0.0,805,277,0,0,277,0.8627425856454091,0.8630173071825256
415,gap,tnr_0.5,0.026668933984525914,0.7552083333333334,0.7934336525307798,0.7204968944099379,0.4548736462093863,580,151,225,126,151,0.8627425856454091,0.8630173071825256
415,gap,tnr_0.7,0.048120095530385994,0.6926406926406926,0.8261617900172117,0.5962732919254659,0.6353790613718412,480,101,325,176,101,0.8627425856454091,0.8630173071825256
415,gap,robust_balanced,0.044570231328764476,0.7090395480225988,0.8216039279869067,0.6236024844720497,0.6064981949458483,502,109,303,168,109,0.8627425856454091,0.8630173071825256
416,absolute,best_f1,0.34921352213815304,0.8720682302771855,0.7790476190476191,0.9903147699757869,0.12781954887218044,818,232,8,34,232,0.908270736990201,0.9084781415384062
416,absolute,tnr_0.5,0.47978406220422365,0.8412698412698413,0.8485221674876847,0.8341404358353511,0.5375939849624061,689,123,137,143,123,0.908270736990201,0.9084781415384062
416,absolute,tnr_0.7,0.5505529232665857,0.7486111111111111,0.8778501628664495,0.652542372881356,0.7180451127819549,539,75,287,191,75,0.908270736990201,0.9084781415384062
416,absolute,robust_balanced,0.5495953464415451,0.7553411440385941,0.8768,0.6634382566585957,0.7105263157894737,548,77,278,189,77,0.908270736990201,0.9084781415384062
416,gap,best_f1,7.786060185943633e-05,0.8626631853785901,0.758494031221304,1.0,0.011278195488721804,826,263,0,3,263,0.8759602262795496,0.8761963347247312
416,gap,tnr_0.5,0.026668933984525914,0.7821720025109855,0.8122555410691004,0.7542372881355932,0.45864661654135336,623,144,203,122,144,0.8759602262795496,0.8761963347247312
416,gap,tnr_0.7,0.048120095530385994,0.718554551772064,0.8433931484502447,0.62590799031477,0.6390977443609023,517,96,309,170,96,0.8759602262795496,0.8761963347247312
416,gap,robust_balanced,0.044570231328764476,0.7351940095302927,0.8398133748055988,0.6537530266343826,0.6127819548872181,540,103,286,163,103,0.8759602262795496,0.8761963347247312
417,absolute,best_f1,0.34921352213815304,0.859565447800742,0.7665406427221172,0.9782870928829915,0.1453287197231834,811,247,18,42,247,0.8771180573208527,0.8773963780876916
417,absolute,tnr_0.5,0.47978406220422365,0.8033775633293124,0.8033775633293124,0.8033775633293124,0.4359861591695502,666,163,163,126,163,0.8771180573208527,0.8773963780876916
417,absolute,tnr_0.7,0.5505529232665857,0.7175893482831114,0.8561872909698997,0.617611580217129,0.7024221453287197,512,86,317,203,86,0.8771180573208527,0.8773963780876916
417,absolute,robust_balanced,0.5495953464415451,0.7196652719665272,0.8528925619834711,0.6224366706875754,0.6920415224913494,516,89,313,200,89,0.8771180573208527,0.8773963780876916
417,gap,best_f1,7.786060185943633e-05,0.8520041109969168,0.7421665174574754,1.0,0.0034602076124567475,829,288,0,1,288,0.8629030946248528,0.8631607474009693
417,gap,tnr_0.5,0.026668933984525914,0.7517639512508018,0.8027397260273973,0.706875753920386,0.5017301038062284,586,144,243,145,144,0.8629030946248528,0.8631607474009693
417,gap,tnr_0.7,0.048120095530385994,0.6855926188786373,0.8327586206896552,0.5826296743063932,0.6643598615916955,483,97,346,192,97,0.8629030946248528,0.8631607474009693
417,gap,robust_balanced,0.044570231328764476,0.7030048916841369,0.8355481727574751,0.6067551266586249,0.657439446366782,503,99,326,190,99,0.8629030946248528,0.8631607474009693
418,absolute,best_f1,0.34921352213815304,0.8687196110210696,0.7760617760617761,0.9865030674846625,0.14074074074074075,804,232,11,38,232,0.8999670879765322,0.9001827242920903
418,absolute,tnr_0.5,0.47978406220422365,0.821183800623053,0.8341772151898734,0.8085889570552147,0.5148148148148148,659,131,156,139,131,0.8999670879765322,0.9001827242920903
418,absolute,tnr_0.7,0.5505529232665857,0.7285714285714285,0.8717948717948718,0.6257668711656442,0.7222222222222222,510,75,305,195,75,0.8999670879765322,0.9001827242920903
418,absolute,robust_balanced,0.5495953464415451,0.7357954545454546,0.8735244519392917,0.6355828220858896,0.7222222222222222,518,75,297,195,75,0.8999670879765322,0.9001827242920903
418,gap,best_f1,7.786060185943633e-05,0.8583464981569247,0.7518450184501845,1.0,0.003703703703703704,815,269,0,1,269,0.8884932571176805,0.8887383066160797
418,gap,tnr_0.5,0.026668933984525914,0.7818181818181819,0.8303448275862069,0.7386503067484662,0.5444444444444444,602,123,213,147,123,0.8884932571176805,0.8887383066160797
418,gap,tnr_0.7,0.048120095530385994,0.7316017316017316,0.8879159369527145,0.6220858895705521,0.762962962962963,507,64,308,206,64,0.8884932571176805,0.8887383066160797
418,gap,robust_balanced,0.044570231328764476,0.7457386363636364,0.8853288364249579,0.6441717791411042,0.7481481481481481,525,68,290,202,68,0.8884932571176805,0.8887383066160797
419,absolute,best_f1,0.34921352213815304,0.8767268862911796,0.786463298379409,0.9903961584633854,0.16417910447761194,825,224,8,44,224,0.8865923708522829,0.8868813005320727
419,absolute,tnr_0.5,0.47978406220422365,0.8326232501521607,0.8444444444444444,0.8211284513805522,0.5298507462686567,684,126,149,142,126,0.8865923708522829,0.8868813005320727
419,absolute,tnr_0.7,0.5505529232665857,0.7369882026370576,0.8733552631578947,0.6374549819927972,0.7126865671641791,531,77,302,191,77,0.8865923708522829,0.8868813005320727
419,absolute,robust_balanced,0.5495953464415451,0.7382271468144044,0.8723404255319149,0.6398559423769508,0.7089552238805971,533,78,300,190,78,0.8865923708522829,0.8868813005320727
419,gap,best_f1,7.786060185943633e-05,0.8623188405797102,0.7579617834394905,1.0,0.007462686567164179,833,266,0,2,266,0.8750220537003757,0.8752622636736219
419,gap,tnr_0.5,0.026668933984525914,0.7689369828134945,0.8184281842818428,0.7250900360144058,0.5,604,134,229,134,134,0.8750220537003757,0.8752622636736219
419,gap,tnr_0.7,0.048120095530385994,0.7024734982332156,0.8539518900343642,0.5966386554621849,0.6828358208955224,497,85,336,183,85,0.8750220537003757,0.8752622636736219
419,gap,robust_balanced,0.044570231328764476,0.7103977669225401,0.8483333333333334,0.6110444177671068,0.6604477611940298,509,91,324,177,91,0.8750220537003757,0.8752622636736219
420,absolute,best_f1,0.34921352213815304,0.8616904500548848,0.7673509286412512,0.9824780976220275,0.18771331058020477,785,238,14,55,238,0.8797288996167971,0.8800490296450938
420,absolute,tnr_0.5,0.47978406220422365,0.8288973384030418,0.8395378690629012,0.818523153942428,0.5733788395904437,654,125,145,168,125,0.8797288996167971,0.8800490296450938
420,absolute,tnr_0.7,0.5505529232665857,0.7160674981658107,0.8652482269503546,0.6107634543178974,0.7406143344709898,488,76,311,217,76,0.8797288996167971,0.8800490296450938
420,absolute,robust_balanced,0.5495953464415451,0.719824433065106,0.8661971830985915,0.6157697121401752,0.7406143344709898,492,76,307,217,76,0.8797288996167971,0.8800490296450938
420,gap,best_f1,7.786060185943633e-05,0.8450555261766262,0.7316849816849816,1.0,0.0,799,293,0,0,293,0.8757083132402189,0.8759635027554865
420,gap,tnr_0.5,0.026668933984525914,0.7575757575757576,0.799721835883171,0.7196495619524406,0.5085324232081911,575,144,224,149,144,0.8757083132402189,0.8759635027554865
420,gap,tnr_0.7,0.048120095530385994,0.7230320699708455,0.8656195462478184,0.6207759699624531,0.7372013651877133,496,77,303,216,77,0.8757083132402189,0.8759635027554865
420,gap,robust_balanced,0.044570231328764476,0.7352517985611511,0.8646362098138748,0.639549436795995,0.726962457337884,511,80,288,213,80,0.8757083132402189,0.8759635027554865
421,absolute,best_f1,0.34921352213815304,0.8738786279683377,0.7818696883852692,0.9904306220095693,0.18661971830985916,828,231,8,53,231,0.9167231761687907,0.916945919280442
421,absolute,tnr_0.5,0.47978406220422365,0.859214501510574,0.8681318681318682,0.8504784688995215,0.6197183098591549,711,108,125,176,108,0.9167231761687907,0.916945919280442
421,absolute,tnr_0.7,0.5505529232665857,0.7567567567567568,0.899505766062603,0.65311004784689,0.7852112676056338,546,61,290,223,61,0.9167231761687907,0.916945919280442
421,absolute,robust_balanced,0.5495953464415451,0.761049723756906,0.9003267973856209,0.6590909090909091,0.7852112676056338,551,61,285,223,61,0.9167231761687907,0.916945919280442
421,gap,best_f1,7.786060185943633e-05,0.8548057259713702,0.7464285714285714,1.0,0.0,836,284,0,0,284,0.8857323803997766,0.8859464997055665
421,gap,tnr_0.5,0.026668933984525914,0.7754846779237023,0.8125819134993447,0.7416267942583732,0.4964788732394366,620,143,216,141,143,0.8857323803997766,0.8859464997055665
421,gap,tnr_0.7,0.048120095530385994,0.7214035087719298,0.8726655348047538,0.6148325358851675,0.7359154929577465,514,75,322,209,75,0.8857323803997766,0.8859464997055665
421,gap,robust_balanced,0.044570231328764476,0.7379310344827587,0.8713355048859935,0.6399521531100478,0.721830985915493,535,79,301,205,79,0.8857323803997766,0.8859464997055665
422,absolute,best_f1,0.34921352213815304,0.8660998937300743,0.7747148288973384,0.9819277108433735,0.16549295774647887,815,237,15,47,237,0.8887376133929792,0.8890155180060132
422,absolute,tnr_0.5,0.47978406220422365,0.8079061148857319,0.8288973384030418,0.7879518072289157,0.5246478873239436,654,135,176,149,135,0.8887376133929792,0.8890155180060132
422,absolute,tnr_0.7,0.5505529232665857,0.7224174279690794,0.866779089376054,0.619277108433735,0.721830985915493,514,79,316,205,79,0.8887376133929792,0.8890155180060132
422,absolute,robust_balanced,0.5495953464415451,0.7219101123595506,0.8653198653198653,0.619277108433735,0.7183098591549296,514,80,316,204,80,0.8887376133929792,0.8890155180060132
422,gap,best_f1,7.786060185943633e-05,0.8543489449305198,0.7457322551662174,1.0,0.0035211267605633804,830,283,0,1,283,0.8724502645439796,0.8726938280371873
422,gap,tnr_0.5,0.026668933984525914,0.756066411238825,0.8043478260869565,0.7132530120481928,0.49295774647887325,592,144,238,140,144,0.8724502645439796,0.8726938280371873
422,gap,tnr_0.7,0.048120095530385994,0.6931982633863966,0.8677536231884058,0.5771084337349398,0.7429577464788732,479,73,351,211,73,0.8724502645439796,0.8726938280371873
422,gap,robust_balanced,0.044570231328764476,0.7177304964539007,0.8724137931034482,0.6096385542168675,0.7394366197183099,506,74,324,210,74,0.8724502645439796,0.8726938280371873
423,absolute,best_f1,0.34921352213815304,0.865945945945946,0.7731660231660231,0.984029484029484,0.1896551724137931,801,235,13,55,235,0.908709200246646,0.9089309021328457
423,absolute,tnr_0.5,0.47978406220422365,0.8461538461538461,0.8546365914786967,0.8378378378378378,0.6,682,116,132,174,116,0.908709200246646,0.9089309021328457
423,absolute,tnr_0.7,0.5505529232665857,0.7593507410021172,0.8922056384742952,0.6609336609336609,0.7758620689655172,538,65,276,225,65,0.908709200246646,0.9089309021328457
423,absolute,robust_balanced,0.5495953464415451,0.7637130801687764,0.8930921052631579,0.6670761670761671,0.7758620689655172,543,65,271,225,65,0.908709200246646,0.9089309021328457
423,gap,best_f1,7.786060185943633e-05,0.848800834202294,0.7373188405797102,1.0,0.0,814,290,0,0,290,0.8713453574621716,0.8715708174508382
423,gap,tnr_0.5,0.026668933984525914,0.7467700258397932,0.7874659400544959,0.7100737100737101,0.46206896551724136,578,156,236,134,156,0.8713453574621716,0.8715708174508382
423,gap,tnr_0.7,0.048120095530385994,0.7052860246198407,0.8589065255731922,0.5982800982800983,0.7241379310344828,487,80,327,210,80,0.8713453574621716,0.8715708174508382
423,gap,robust_balanced,0.044570231328764476,0.7201704545454546,0.8535353535353535,0.6228501228501229,0.7,507,87,307,203,87,0.8713453574621716,0.8715708174508382
424,absolute,best_f1,0.34921352213815304,0.8667366211962224,0.7755868544600939,0.9821640903686087,0.1524822695035461,826,239,15,43,239,0.9195059258563502,0.9196630384190705
424,absolute,tnr_0.5,0.47978406220422365,0.854916067146283,0.8621523579201935,0.8478002378121284,0.5957446808510638,713,114,128,168,114,0.9195059258563502,0.9196630384190705
424,absolute,tnr_0.7,0.5505529232665857,0.7789046653144016,0.9028213166144201,0.6848989298454221,0.7801418439716312,576,62,265,220,62,0.9195059258563502,0.9196630384190705
424,absolute,robust_balanced,0.5495953464415451,0.7814391392064559,0.8993808049535603,0.6908442330558858,0.7695035460992907,581,65,260,217,65,0.9195059258563502,0.9196630384190705
424,gap,best_f1,7.786060185943633e-05,0.8564154786150713,0.748886910062333,1.0,0.0,841,282,0,0,282,0.8849405712817117,0.8851401424967373
424,gap,tnr_0.5,0.026668933984525914,0.7707558859975217,0.8046571798188874,0.7395957193816884,0.4645390070921986,622,151,219,131,151,0.8849405712817117,0.8851401424967373
424,gap,tnr_0.7,0.048120095530385994,0.6990838618745595,0.8581314878892734,0.5897740784780023,0.7092198581560284,496,82,345,200,82,0.8849405712817117,0.8851401424967373
424,gap,robust_balanced,0.044570231328764476,0.7165627165627165,0.8588039867109635,0.6147443519619501,0.6985815602836879,517,85,324,197,85,0.8849405712817117,0.8851401424967373
425,absolute,best_f1,0.34921352213815304,0.861729673744174,0.7668202764976959,0.983451536643026,0.099644128113879,832,253,14,28,253,0.8946157130483344,0.8948300189646825
425,absolute,tnr_0.5,0.47978406220422365,0.8367707719505009,0.8343125734430082,0.8392434988179669,0.498220640569395,710,141,136,140,141,0.8946157130483344,0.8948300189646825
425,absolute,tnr_0.7,0.5505529232665857,0.7365554799183118,0.8683788121990369,0.6394799054373522,0.708185053380783,541,82,305,199,82,0.8946157130483344,0.8948300189646825
425,absolute,robust_balanced,0.5495953464415451,0.7360544217687075,0.8669871794871795,0.6394799054373522,0.7046263345195729,541,83,305,198,83,0.8946157130483344,0.8948300189646825
425,gap,best_f1,7.786060185943633e-05,0.8575772934617334,0.7506654835847383,1.0,0.0,846,281,0,0,281,0.8711476114156133,0.8713732178049676
425,gap,tnr_0.5,0.026668933984525914,0.7517372078332281,0.8073270013568521,0.7033096926713948,0.49466192170818507,595,142,251,139,142,0.8711476114156133,0.8713732178049676
425,gap,tnr_0.7,0.048120095530385994,0.6923615977575333,0.8502581755593803,0.5839243498817966,0.6903914590747331,494,87,352,194,87,0.8711476114156133,0.8713732178049676
425,gap,robust_balanced,0.044570231328764476,0.7088781830695113,0.8484349258649094,0.6087470449172577,0.6725978647686833,515,92,331,189,92,0.8711476114156133,0.8713732178049676
426,absolute,best_f1,0.34921352213815304,0.8693693693693694,0.7774420946626385,0.9859514687100894,0.18450184501845018,772,221,11,50,221,0.8794587742583427,0.8797687790941439
426,absolute,tnr_0.5,0.47978406220422365,0.8107400130975769,0.831989247311828,0.7905491698595147,0.5387453874538746,619,125,164,146,125,0.8794587742583427,0.8797687790941439
426,absolute,tnr_0.7,0.5505529232665857,0.6977443609022557,0.8482632541133455,0.5925925925925926,0.6937269372693727,464,83,319,188,83,0.8794587742583427,0.8797687790941439
426,absolute,robust_balanced,0.5495953464415451,0.7030665669409125,0.8483754512635379,0.6002554278416348,0.6900369003690037,470,84,313,187,84,0.8794587742583427,0.8797687790941439
426,gap,best_f1,7.786060185943633e-05,0.8534059945504087,0.7442965779467681,1.0,0.007380073800738007,783,269,0,2,269,0.87847517138803,0.8787193149326706
426,gap,tnr_0.5,0.026668933984525914,0.7771043771043771,0.8219373219373219,0.7369093231162197,0.5387453874538746,577,125,206,146,125,0.87847517138803,0.8787193149326706
426,gap,tnr_0.7,0.048120095530385994,0.7232472324723247,0.8566433566433567,0.6257982120051085,0.6974169741697417,490,82,293,189,82,0.87847517138803,0.8787193149326706
426,gap,robust_balanced,0.044570231328764476,0.73821609862219,0.8540268456375839,0.6500638569604087,0.6789667896678967,509,87,274,184,87,0.87847517138803,0.8787193149326706
427,absolute,best_f1,0.34921352213815304,0.8563995837669095,0.76274328081557,0.9762752075919335,0.11724137931034483,823,256,20,34,256,0.8737684331507444,0.8740883480478296
427,absolute,tnr_0.5,0.47978406220422365,0.8092144122858831,0.8058823529411765,0.8125741399762753,0.43103448275862066,685,165,158,125,165,0.8737684331507444,0.8740883480478296
427,absolute,tnr_0.7,0.5505529232665857,0.7345844504021448,0.8443759630200308,0.6500593119810202,0.6517241379310345,548,101,295,189,101,0.8737684331507444,0.8740883480478296
427,absolute,robust_balanced,0.5495953464415451,0.7352941176470589,0.8422664624808576,0.6524317912218268,0.6448275862068965,550,103,293,187,103,0.8737684331507444,0.8740883480478296
427,gap,best_f1,7.786060185943633e-05,0.8536708860759493,0.7446996466431095,1.0,0.0034482758620689655,843,289,0,1,289,0.8775874245412667,0.8777871938070576
427,gap,tnr_0.5,0.026668933984525914,0.7754342431761787,0.812743823146944,0.741399762752076,0.503448275862069,625,144,218,146,144,0.8775874245412667,0.8777871938070576
427,gap,tnr_0.7,0.048120095530385994,0.7086183310533516,0.8368336025848142,0.6144721233689205,0.6517241379310345,518,101,325,189,101,0.8775874245412667,0.8777871938070576
427,gap,robust_balanced,0.044570231328764476,0.7258064516129032,0.8372093023255814,0.6405693950177936,0.6379310344827587,540,105,303,185,105,0.8775874245412667,0.8777871938070576
428,absolute,best_f1,0.34921352213815304,0.8797872340425532,0.7929050814956855,0.98805256869773,0.12195121951219512,827,216,10,30,216,0.8938772772220448,0.8942321011564968
428,absolute,tnr_0.5,0.47978406220422365,0.827710843373494,0.8347509113001215,0.8207885304659498,0.44715447154471544,687,136,150,110,136,0.8938772772220448,0.8942321011564968
428,absolute,tnr_0.7,0.5505529232665857,0.7374224672639559,0.8713355048859935,0.6391875746714456,0.6788617886178862,535,79,302,167,79,0.8938772772220448,0.8942321011564968
428,absolute,robust_balanced,0.5495953464415451,0.740893470790378,0.872168284789644,0.6439665471923537,0.6788617886178862,539,79,298,167,79,0.8938772772220448,0.8942321011564968
428,gap,best_f1,7.786060185943633e-05,0.872784150156413,0.7742830712303422,1.0,0.008130081300813009,837,244,0,2,244,0.8975065048373014,0.8977516656624903
428,gap,tnr_0.5,0.026668933984525914,0.8097014925373134,0.8443579766536965,0.7777777777777778,0.5121951219512195,651,120,186,126,120,0.8975065048373014,0.8977516656624903
428,gap,tnr_0.7,0.048120095530385994,0.7621658670322139,0.8938906752411575,0.6642771804062126,0.7317073170731707,556,66,281,180,66,0.8975065048373014,0.8977516656624903
428,gap,robust_balanced,0.044570231328764476,0.778001341381623,0.8868501529051988,0.6929510155316607,0.6991869918699187,580,74,257,172,74,0.8975065048373014,0.8977516656624903
429,absolute,best_f1,0.34921352213815304,0.846856528747985,0.7469194312796209,0.9776674937965261,0.1040268456375839,788,267,18,31,267,0.8592354794809776,0.8595902384568799
429,absolute,tnr_0.5,0.47978406220422365,0.7893101305158483,0.7907845579078456,0.7878411910669976,0.436241610738255,635,168,171,130,168,0.8592354794809776,0.8595902384568799
429,absolute,tnr_0.7,0.5505529232665857,0.7054648687012065,0.824212271973466,0.6166253101736973,0.6442953020134228,497,106,309,192,106,0.8592354794809776,0.8595902384568799
429,absolute,robust_balanced,0.5495953464415451,0.7072135785007072,0.8223684210526315,0.6203473945409429,0.6375838926174496,500,108,306,190,108,0.8592354794809776,0.8595902384568799
429,gap,best_f1,7.786060185943633e-05,0.8439790575916231,0.730072463768116,1.0,0.0,806,298,0,0,298,0.8485802310807039,0.8489020750797936
429,gap,tnr_0.5,0.026668933984525914,0.7564102564102564,0.7824933687002652,0.7320099255583127,0.44966442953020136,590,164,216,134,164,0.8485802310807039,0.8489020750797936
429,gap,tnr_0.7,0.048120095530385994,0.6954022988505747,0.825938566552901,0.6004962779156328,0.6577181208053692,484,102,322,196,102,0.8485802310807039,0.8489020750797936
429,gap,robust_balanced,0.044570231328764476,0.7198879551820728,0.8263665594855305,0.6377171215880894,0.6375838926174496,514,108,292,190,108,0.8485802310807039,0.8489020750797936
430,absolute,best_f1,0.34921352213815304,0.8734780307040763,0.7849666983824929,0.9844868735083532,0.14068441064638784,825,226,13,37,226,0.8830095538158129,0.8832802643977777
430,absolute,tnr_0.5,0.47978406220422365,0.8032078963602715,0.8314176245210728,0.7768496420047732,0.49809885931558934,651,132,187,131,132,0.8830095538158129,0.8832802643977777
430,absolute,tnr_0.7,0.5505529232665857,0.6877697841726619,0.8659420289855072,0.5704057279236276,0.7186311787072244,478,74,360,189,74,0.8830095538158129,0.8832802643977777
430,absolute,robust_balanced,0.5495953464415451,0.6896551724137931,0.8664259927797834,0.5727923627684964,0.7186311787072244,480,74,358,189,74,0.8830095538158129,0.8832802643977777
430,gap,best_f1,7.786060185943633e-05,0.8643630737493554,0.7611262488646685,1.0,0.0,838,263,0,0,263,0.8674036400858917,0.8676958196044281
430,gap,tnr_0.5,0.026668933984525914,0.7363636363636363,0.8076923076923077,0.6766109785202864,0.4866920152091255,567,135,271,128,135,0.8674036400858917,0.8676958196044281
430,gap,tnr_0.7,0.048120095530385994,0.6627565982404692,0.8593155893536122,0.5393794749403341,0.7186311787072244,452,74,386,189,74,0.8674036400858917,0.8676958196044281
430,gap,robust_balanced,0.044570231328764476,0.6862464183381088,0.8584229390681004,0.5715990453460621,0.6996197718631179,479,79,359,184,79,0.8674036400858917,0.8676958196044281
431,absolute,best_f1,0.34921352213815304,0.8736118455843469,0.785171102661597,0.9845053635280095,0.17518248175182483,826,226,13,48,226,0.8910511274116634,0.8912941208630523
431,absolute,tnr_0.5,0.47978406220422365,0.8174651303820497,0.8320987654320988,0.8033373063170441,0.5036496350364964,674,136,165,138,136,0.8910511274116634,0.8912941208630523
431,absolute,tnr_0.7,0.5505529232665857,0.7296551724137931,0.8657937806873978,0.6305125148986889,0.7007299270072993,529,82,310,192,82,0.8910511274116634,0.8912941208630523
431,absolute,robust_balanced,0.5495953464415451,0.7331499312242091,0.8666666666666667,0.635280095351609,0.7007299270072993,533,82,306,192,82,0.8910511274116634,0.8912941208630523
431,gap,best_f1,7.786060185943633e-05,0.8596311475409836,0.7538185085354897,1.0,0.0,839,274,0,0,274,0.8692120689266072,0.8694195076193699
431,gap,tnr_0.5,0.026668933984525914,0.7520608750792644,0.8035230352303523,0.7067938021454112,0.4708029197080292,593,145,246,129,145,0.8692120689266072,0.8694195076193699
431,gap,tnr_0.7,0.048120095530385994,0.6729241877256318,0.8534798534798534,0.5554231227651967,0.708029197080292,466,80,373,194,80,0.8692120689266072,0.8694195076193699
431,gap,robust_balanced,0.044570231328764476,0.6916548797736917,0.8504347826086956,0.5828367103694875,0.6861313868613139,489,86,350,188,86,0.8692120689266072,0.8694195076193699
432,absolute,best_f1,0.34921352213815304,0.8666309587573647,0.7786333012512031,0.9770531400966184,0.24836601307189543,809,230,19,76,230,0.9093426773834338,0.9095158021795196
432,absolute,tnr_0.5,0.47978406220422365,0.8219346888478127,0.8389937106918239,0.8055555555555556,0.5816993464052288,667,128,161,178,128,0.9093426773834338,0.9095158021795196
432,absolute,tnr_0.7,0.5505529232665857,0.7188612099644128,0.8752166377816292,0.6099033816425121,0.7647058823529411,505,72,323,234,72,0.9093426773834338,0.9095158021795196
432,absolute,robust_balanced,0.5495953464415451,0.7246992215145082,0.8752136752136752,0.6183574879227053,0.761437908496732,512,73,316,233,73,0.9093426773834338,0.9095158021795196
432,gap,best_f1,7.786060185943633e-05,0.8440366972477065,0.7301587301587301,1.0,0.0,828,306,0,0,306,0.8672739407958382,0.8675224834957013
432,gap,tnr_0.5,0.026668933984525914,0.76010101010101,0.7962962962962963,0.7270531400966184,0.49673202614379086,602,154,226,152,154,0.8672739407958382,0.8675224834957013
432,gap,tnr_0.7,0.048120095530385994,0.6871868289191124,0.843585237258348,0.5797101449275363,0.7091503267973857,480,89,348,217,89,0.8672739407958382,0.8675224834957013
432,gap,robust_balanced,0.044570231328764476,0.7078651685393258,0.8456375838926175,0.6086956521739131,0.6993464052287581,504,92,324,214,92,0.8672739407958382,0.8675224834957013
433,absolute,best_f1,0.34921352213815304,0.8671548117154811,0.773320895522388,0.986904761904762,0.13214285714285715,829,243,11,37,243,0.856146635983281,0.8564974715099722
433,absolute,tnr_0.5,0.47978406220422365,0.8083333333333333,0.8083333333333333,0.8083333333333333,0.425,679,161,161,119,161,0.856146635983281,0.8564974715099722
433,absolute,tnr_0.7,0.5505529232665857,0.7031141868512111,0.8396694214876033,0.6047619047619047,0.6535714285714286,508,97,332,183,97,0.856146635983281,0.8564974715099722
433,absolute,robust_balanced,0.5495953464415451,0.7058011049723757,0.8404605263157895,0.6083333333333333,0.6535714285714286,511,97,329,183,97,0.856146635983281,0.8564974715099722
433,gap,best_f1,7.786060185943633e-05,0.8575803981623277,0.7506702412868632,1.0,0.0035714285714285713,840,279,0,1,279,0.8744045597224923,0.874628228673269
433,gap,tnr_0.5,0.026668933984525914,0.7449238578680203,0.7975543478260869,0.6988095238095238,0.46785714285714286,587,149,253,131,149,0.8744045597224923,0.874628228673269
433,gap,tnr_0.7,0.048120095530385994,0.6930134086097389,0.8509532062391681,0.5845238095238096,0.6928571428571428,491,86,349,194,86,0.8744045597224923,0.874628228673269
433,gap,robust_balanced,0.044570231328764476,0.7112336319779462,0.8445171849427169,0.6142857142857143,0.6607142857142857,516,95,324,185,95,0.8744045597224923,0.874628228673269
434,absolute,best_f1,0.34921352213815304,0.8528925619834711,0.7543859649122807,0.9809885931558935,0.10954063604240283,774,252,15,31,252,0.8871169915172197,0.8873828435439153
434,absolute,tnr_0.5,0.47978406220422365,0.8254172015404364,0.8361508452535761,0.8149556400506971,0.5547703180212014,643,126,146,157,126,0.8871169915172197,0.8873828435439153
434,absolute,tnr_0.7,0.5505529232665857,0.7227648384673178,0.8874538745387454,0.6096324461343473,0.784452296819788,481,61,308,222,61,0.8871169915172197,0.8873828435439153
434,absolute,robust_balanced,0.5495953464415451,0.7298507462686568,0.8874773139745916,0.6197718631178707,0.7809187279151943,489,62,300,221,62,0.8871169915172197,0.8873828435439153
434,gap,best_f1,7.786060185943633e-05,0.8488434642280797,0.7373831775700934,1.0,0.007067137809187279,789,281,0,2,281,0.8699754051289899,0.8702205664878047
434,gap,tnr_0.5,0.026668933984525914,0.7551426675514267,0.7924791086350975,0.7211660329531052,0.4734982332155477,569,149,220,134,149,0.8699754051289899,0.8702205664878047
434,gap,tnr_0.7,0.048120095530385994,0.7051851851851851,0.8484848484848485,0.6032953105196451,0.6996466431095406,476,85,313,198,85,0.8699754051289899,0.8702205664878047
434,gap,robust_balanced,0.044570231328764476,0.717201166180758,0.8439108061749572,0.623574144486692,0.6784452296819788,492,91,297,192,91,0.8699754051289899,0.8702205664878047
435,absolute,best_f1,0.34921352213815304,0.8736349453978159,0.7784986098239111,0.995260663507109,0.1213235294117647,840,239,4,33,239,0.9130401786030057,0.9132129417637496
435,absolute,tnr_0.5,0.47978406220422365,0.829585798816568,0.8286052009456265,0.830568720379147,0.46691176470588236,701,145,143,127,145,0.9130401786030057,0.9132129417637496
435,absolute,tnr_0.7,0.5505529232665857,0.7462887989203779,0.8667711598746082,0.6552132701421801,0.6875,553,85,291,187,85,0.9130401786030057,0.9132129417637496
435,absolute,robust_balanced,0.5495953464415451,0.7508394895903291,0.8666666666666667,0.6623222748815166,0.6838235294117647,559,86,285,186,86,0.9130401786030057,0.9132129417637496
435,gap,best_f1,7.786060185943633e-05,0.8612244897959184,0.7562724014336918,1.0,0.0,844,272,0,0,272,0.8848504791242031,0.885074661032464
435,gap,tnr_0.5,0.026668933984525914,0.768361581920904,0.8170894526034713,0.7251184834123223,0.4963235294117647,612,137,232,135,137,0.8848504791242031,0.885074661032464
435,gap,tnr_0.7,0.048120095530385994,0.7233748271092669,0.8687707641196013,0.6196682464454977,0.7095588235294118,523,79,321,193,79,0.8848504791242031,0.885074661032464
435,gap,robust_balanced,0.044570231328764476,0.7329700272479565,0.8621794871794872,0.6374407582938388,0.6838235294117647,538,86,306,186,86,0.8848504791242031,0.885074661032464
436,absolute,best_f1,0.34921352213815304,0.8695652173913043,0.7774538386783285,0.9864364981504316,0.15808823529411764,800,229,11,43,229,0.8844175363508243,0.8847106395606814
436,absolute,tnr_0.5,0.47978406220422365,0.828641370869033,0.8226002430133658,0.8347718865598027,0.4632352941176471,677,146,134,126,146,0.8844175363508243,0.8847106395606814
436,absolute,tnr_0.7,0.5505529232665857,0.7231955150665732,0.8376623376623377,0.6362515413070283,0.6323529411764706,516,100,295,172,100,0.8844175363508243,0.8847106395606814
436,absolute,robust_balanced,0.5495953464415451,0.7253668763102725,0.8370967741935483,0.6399506781750924,0.6286764705882353,519,101,292,171,101,0.8844175363508243,0.8847106395606814
436,gap,best_f1,7.786060185943633e-05,0.8568409931325938,0.7495378927911276,1.0,0.003676470588235294,811,271,0,1,271,0.8903574435511399,0.890532447612377
436,gap,tnr_0.5,0.026668933984525914,0.7782152230971129,0.8316970546984572,0.7311960542540074,0.5588235294117647,593,120,218,152,120,0.8903574435511399,0.890532447612377
436,gap,tnr_0.7,0.048120095530385994,0.7098181818181818,0.8652482269503546,0.6017262638717632,0.7205882352941176,488,76,323,196,76,0.8903574435511399,0.890532447612377
436,gap,robust_balanced,0.044570231328764476,0.7311522048364154,0.8638655462184874,0.6337854500616523,0.7022058823529411,514,81,297,191,81,0.8903574435511399,0.890532447612377
437,absolute,best_f1,0.34921352213815304,0.8590381426202321,0.7662721893491125,0.9773584905660377,0.11895910780669144,777,237,18,32,237,0.9058720572857359,0.9060891946931809
437,absolute,tnr_0.5,0.47978406220422365,0.8393977415307403,0.83729662077597,0.8415094339622642,0.516728624535316,669,130,126,139,130,0.9058720572857359,0.9060891946931809
437,absolute,tnr_0.7,0.5505529232665857,0.7574221578566256,0.8924914675767918,0.6578616352201258,0.7657992565055762,523,63,272,206,63,0.9058720572857359,0.9060891946931809
437,absolute,robust_balanced,0.5495953464415451,0.7595667870036101,0.8915254237288136,0.6616352201257861,0.7620817843866171,526,64,269,205,64,0.9058720572857359,0.9060891946931809
437,gap,best_f1,7.786060185943633e-05,0.8562197092084006,0.748587570621469,1.0,0.007434944237918215,795,267,0,2,267,0.8774976616132828,0.8777265657845091
437,gap,tnr_0.5,0.026668933984525914,0.7624090006618134,0.8044692737430168,0.7245283018867924,0.4795539033457249,576,140,219,129,140,0.8774976616132828,0.8777265657845091
437,gap,tnr_0.7,0.048120095530385994,0.7155425219941349,0.8576449912126538,0.6138364779874214,0.6988847583643123,488,81,307,188,81,0.8774976616132828,0.8777265657845091
437,gap,robust_balanced,0.044570231328764476,0.7230657989877078,0.8503401360544217,0.6289308176100629,0.6728624535315985,500,88,295,181,88,0.8774976616132828,0.8777265657845091
438,absolute,best_f1,0.34921352213815304,0.8643006263048016,0.7666666666666667,0.9904306220095693,0.11578947368421053,828,252,8,33,252,0.8704598252976631,0.8707489217678674
438,absolute,tnr_0.5,0.47978406220422365,0.7893783946891973,0.7965895249695494,0.7822966507177034,0.41403508771929826,654,167,182,118,167,0.8704598252976631,0.8707489217678674
438,absolute,tnr_0.7,0.5505529232665857,0.697286012526096,0.8336106489184693,0.5992822966507177,0.6491228070175439,501,100,335,185,100,0.8704598252976631,0.8707489217678674
438,absolute,robust_balanced,0.5495953464415451,0.6986111111111111,0.8327814569536424,0.6016746411483254,0.6456140350877193,503,101,333,184,101,0.8704598252976631,0.8707489217678674
438,gap,best_f1,7.786060185943633e-05,0.8548057259713702,0.7464285714285714,1.0,0.0035087719298245615,836,284,0,1,284,0.8504720817887652,0.8507879214459277
438,gap,tnr_0.5,0.026668933984525914,0.7395171537484116,0.7886178861788617,0.6961722488038278,0.45263157894736844,582,156,254,129,156,0.8504720817887652,0.8507879214459277
438,gap,tnr_0.7,0.048120095530385994,0.6827880512091038,0.8421052631578947,0.5741626794258373,0.6842105263157895,480,90,356,195,90,0.8504720817887652,0.8507879214459277
438,gap,robust_balanced,0.044570231328764476,0.7030048916841369,0.8453781512605042,0.6016746411483254,0.6771929824561403,503,92,333,193,92,0.8504720817887652,0.8507879214459277
439,absolute,best_f1,0.34921352213815304,0.8538258575197889,0.7582005623242737,0.9770531400966184,0.11643835616438356,809,258,19,34,258,0.8911925618956554,0.8914126740028677
439,absolute,tnr_0.5,0.47978406220422365,0.8183464091732046,0.8178528347406514,0.8188405797101449,0.4828767123287671,678,151,150,141,151,0.8911925618956554,0.8914126740028677
439,absolute,tnr_0.7,0.5505529232665857,0.7186392629340893,0.869639794168096,0.6123188405797102,0.7397260273972602,507,76,321,216,76,0.8911925618956554,0.8914126740028677
439,absolute,robust_balanced,0.5495953464415451,0.7213578500707214,0.8703071672354948,0.6159420289855072,0.7397260273972602,510,76,318,216,76,0.8911925618956554,0.8914126740028677
439,gap,best_f1,7.786060185943633e-05,0.8501026694045175,0.7392857142857143,1.0,0.0,828,292,0,0,292,0.8791917007762858,0.8794131877166768
439,gap,tnr_0.5,0.026668933984525914,0.7604562737642585,0.8,0.7246376811594203,0.4863013698630137,600,150,228,142,150,0.8791917007762858,0.8794131877166768
439,gap,tnr_0.7,0.048120095530385994,0.7148876404494382,0.8540268456375839,0.6147342995169082,0.702054794520548,509,87,319,205,87,0.8791917007762858,0.8794131877166768
439,gap,robust_balanced,0.044570231328764476,0.7320441988950276,0.8548387096774194,0.6400966183574879,0.6917808219178082,530,90,298,202,90,0.8791917007762858,0.8794131877166768
440,absolute,best_f1,0.34921352213815304,0.8518321826872013,0.7523452157598499,0.981640146878825,0.09897610921501707,802,264,15,29,264,0.8766503669992323,0.8770027669527817
440,absolute,tnr_0.5,0.47978406220422365,0.8171912832929782,0.8083832335329342,0.8261933904528764,0.4539249146757679,675,160,142,133,160,0.8766503669992323,0.8770027669527817
440,absolute,tnr_0.7,0.5505529232665857,0.7356643356643356,0.8580750407830342,0.6438188494492044,0.7030716723549488,526,87,291,206,87,0.8766503669992323,0.8770027669527817
440,absolute,robust_balanced,0.5495953464415451,0.7362560890744607,0.853225806451613,0.6474908200734394,0.689419795221843,529,91,288,202,91,0.8766503669992323,0.8770027669527817
440,gap,best_f1,7.786060185943633e-05,0.8483904465212876,0.7366997294860235,1.0,0.0034129692832764505,817,292,0,1,292,0.8776828182516324,0.8779033563897177
440,gap,tnr_0.5,0.026668933984525914,0.7696301103179753,0.819060773480663,0.7258261933904528,0.552901023890785,593,131,224,162,131,0.8776828182516324,0.8779033563897177
440,gap,tnr_0.7,0.048120095530385994,0.7025089605734767,0.8477508650519031,0.5997552019583844,0.6996587030716723,490,88,327,205,88,0.8776828182516324,0.8779033563897177
440,gap,robust_balanced,0.044570231328764476,0.723943661971831,0.8524046434494196,0.6291309669522643,0.6962457337883959,514,89,303,204,89,0.8776828182516324,0.8779033563897177
441,absolute,best_f1,0.34921352213815304,0.8663446054750402,0.7767083734359962,0.9793689320388349,0.14705882352941177,807,232,17,40,232,0.8718144610585211,0.8721364348283778
441,absolute,tnr_0.5,0.47978406220422365,0.8272506082725061,0.8292682926829268,0.8252427184466019,0.4852941176470588,680,140,144,132,140,0.8718144610585211,0.8721364348283778
441,absolute,tnr_0.7,0.5505529232665857,0.7107670654468684,0.8458961474036851,0.6128640776699029,0.6617647058823529,505,92,319,180,92,0.8718144610585211,0.8721364348283778
441,absolute,robust_balanced,0.5495953464415451,0.7147862648913805,0.845771144278607,0.6189320388349514,0.6580882352941176,510,93,314,179,93,0.8718144610585211,0.8721364348283778
441,gap,best_f1,7.786060185943633e-05,0.8583333333333333,0.7518248175182481,1.0,0.0,824,272,0,0,272,0.8742263996200333,0.8744603184819406
441,gap,tnr_0.5,0.026668933984525914,0.7753807106598984,0.8125,0.741504854368932,0.48161764705882354,611,141,213,131,141,0.8742263996200333,0.8744603184819406
441,gap,tnr_0.7,0.048120095530385994,0.7041251778093883,0.8505154639175257,0.6007281553398058,0.6801470588235294,495,87,329,185,87,0.8742263996200333,0.8744603184819406
441,gap,robust_balanced,0.044570231328764476,0.7275242047026279,0.8456591639871383,0.6383495145631068,0.6470588235294118,526,96,298,176,96,0.8742263996200333,0.8744603184819406
442,absolute,best_f1,0.34921352213815304,0.8604651162790697,0.7693761814744802,0.9760191846522782,0.11272727272727273,814,244,20,31,244,0.8739099828650088,0.8742278852574009
442,absolute,tnr_0.5,0.47978406220422365,0.7966203983101992,0.8019441069258809,0.7913669064748201,0.4072727272727273,660,163,174,112,163,0.8739099828650088,0.8742278852574009
442,absolute,tnr_0.7,0.5505529232665857,0.7129951355107713,0.8479338842975207,0.6151079136690647,0.6654545454545454,513,92,321,183,92,0.8739099828650088,0.8742278852574009
442,absolute,robust_balanced,0.5495953464415451,0.7160664819944599,0.8475409836065574,0.6199040767386091,0.6618181818181819,517,93,317,182,93,0.8739099828650088,0.8742278852574009
442,gap,best_f1,7.786060185943633e-05,0.858908341915551,0.7527075812274369,1.0,0.0036363636363636364,834,274,0,1,274,0.8662044104633759,0.8664712836790062
442,gap,tnr_0.5,0.026668933984525914,0.7547649301143583,0.8027027027027027,0.7122302158273381,0.4690909090909091,594,146,240,129,146,0.8662044104633759,0.8664712836790062
442,gap,tnr_0.7,0.048120095530385994,0.6828919112383679,0.8472468916518651,0.5719424460431655,0.6872727272727273,477,86,357,189,86,0.8662044104633759,0.8664712836790062
442,gap,robust_balanced,0.044570231328764476,0.6985915492957746,0.8464163822525598,0.5947242206235012,0.6727272727272727,496,90,338,185,90,0.8662044104633759,0.8664712836790062
443,absolute,best_f1,0.34921352213815304,0.8781535158346753,0.7926356589147286,0.9843561973525873,0.21323529411764705,818,214,13,58,214,0.9299211446189958,0.9300365055578628
443,absolute,tnr_0.5,0.47978406220422365,0.8387909319899244,0.8797886393659181,0.8014440433212996,0.6654411764705882,666,91,165,181,91,0.9299211446189958,0.9300365055578628
443,absolute,tnr_0.7,0.5505529232665857,0.7451820128479657,0.9157894736842105,0.628158844765343,0.8235294117647058,522,48,309,224,48,0.9299211446189958,0.9300365055578628
443,absolute,robust_balanced,0.5495953464415451,0.7508871540099361,0.9152249134948097,0.6365824308062575,0.8198529411764706,529,49,302,223,49,0.9299211446189958,0.9300365055578628
443,gap,best_f1,7.786060185943633e-05,0.859358841778697,0.7533998186763372,1.0,0.0,831,272,0,0,272,0.8956682140444522,0.8958712883214414
443,gap,tnr_0.5,0.026668933984525914,0.7906683480453972,0.8304635761589404,0.7545126353790613,0.5294117647058824,627,128,204,144,128,0.8956682140444522,0.8958712883214414
443,gap,tnr_0.7,0.048120095530385994,0.7330508474576272,0.8871794871794871,0.6245487364620939,0.7573529411764706,519,66,312,206,66,0.8956682140444522,0.8958712883214414
443,gap,robust_balanced,0.044570231328764476,0.7527777777777778,0.8899835796387521,0.6522262334536703,0.7536764705882353,542,67,289,205,67,0.8956682140444522,0.8958712883214414
444,absolute,best_f1,0.34921352213815304,0.8626231207879731,0.7605118829981719,0.9964071856287425,0.11784511784511785,832,262,3,35,262,0.9042766991132687,0.904478627988359
444,absolute,tnr_0.5,0.47978406220422365,0.8403560830860534,0.8329411764705882,0.8479041916167664,0.5218855218855218,708,142,127,155,142,0.9042766991132687,0.904478627988359
444,absolute,tnr_0.7,0.5505529232665857,0.7513812154696132,0.8874388254486134,0.651497005988024,0.7676767676767676,544,69,291,228,69,0.9042766991132687,0.904478627988359
444,absolute,robust_balanced,0.5495953464415451,0.755677907777013,0.8883495145631068,0.6574850299401198,0.7676767676767676,549,69,286,228,69,0.9042766991132687,0.904478627988359
444,gap,best_f1,7.786060185943633e-05,0.8490086426029486,0.7376325088339223,1.0,0.0,835,297,0,0,297,0.868653641370521,0.8688838542347973
444,gap,tnr_0.5,0.026668933984525914,0.7587908698334361,0.7824427480916031,0.7365269461077845,0.42424242424242425,615,171,220,126,171,0.868653641370521,0.8688838542347973
444,gap,tnr_0.7,0.048120095530385994,0.7082467082467082,0.8404605263157895,0.6119760479041916,0.6734006734006734,511,97,324,200,97,0.868653641370521,0.8688838542347973
444,gap,robust_balanced,0.044570231328764476,0.7226775956284153,0.8410174880763116,0.6335329341317365,0.6632996632996633,529,100,306,197,100,0.868653641370521,0.8688838542347973
445,absolute,best_f1,0.34921352213815304,0.8657035848047084,0.7668246445497631,0.9938574938574939,0.15463917525773196,809,246,5,45,246,0.9009886468790373,0.9011575545939605
445,absolute,tnr_0.5,0.47978406220422365,0.8294190358467244,0.8345771144278606,0.8243243243243243,0.5429553264604811,671,133,143,158,133,0.9009886468790373,0.9011575545939605
445,absolute,tnr_0.7,0.5505529232665857,0.7275300778485492,0.8580968280467446,0.6314496314496314,0.7079037800687286,514,85,300,206,85,0.9009886468790373,0.9011575545939605
445,absolute,robust_balanced,0.5495953464415451,0.7277856135401974,0.8543046357615894,0.6339066339066339,0.697594501718213,516,88,298,203,88,0.9009886468790373,0.9011575545939605
445,gap,best_f1,7.786060185943633e-05,0.8483585200625325,0.7366515837104073,1.0,0.0,814,291,0,0,291,0.8658701843638384,0.8661496107819107
445,gap,tnr_0.5,0.026668933984525914,0.7588881706528765,0.800818553888131,0.7211302211302212,0.49828178694158076,587,146,227,145,146,0.8658701843638384,0.8661496107819107
445,gap,tnr_0.7,0.048120095530385994,0.6905109489051094,0.8507194244604317,0.581081081081081,0.7147766323024055,473,83,341,208,83,0.8658701843638384,0.8661496107819107
445,gap,robust_balanced,0.044570231328764476,0.7059669302659957,0.8509532062391681,0.6031941031941032,0.7044673539518901,491,86,323,205,86,0.8658701843638384,0.8661496107819107
446,absolute,best_f1,0.34921352213815304,0.8584905660377359,0.7569316081330869,0.9915254237288136,0.11447811447811448,819,263,7,34,263,0.9008462409133675,0.9010798470826883
446,absolute,tnr_0.5,0.47978406220422365,0.8497041420118343,0.8310185185185185,0.8692493946731235,0.5084175084175084,718,146,108,151,146,0.9008462409133675,0.9010798470826883
446,absolute,tnr_0.7,0.5505529232665857,0.766896551724138,0.8910256410256411,0.6731234866828087,0.7710437710437711,556,68,270,229,68,0.9008462409133675,0.9010798470826883
446,absolute,robust_balanced,0.5495953464415451,0.7709190672153635,0.8892405063291139,0.6803874092009685,0.7643097643097643,562,70,264,227,70,0.9008462409133675,0.9010798470826883
446,gap,best_f1,7.786060185943633e-05,0.8484848484848485,0.7368421052631579,1.0,0.006734006734006734,826,295,0,2,295,0.8788750613660762,0.8790919866896982
446,gap,tnr_0.5,0.026668933984525914,0.7638446849140674,0.8053691275167785,0.7263922518159807,0.5117845117845118,600,145,226,152,145,0.8788750613660762,0.8790919866896982
446,gap,tnr_0.7,0.048120095530385994,0.7124645892351275,0.8583617747440273,0.6089588377723971,0.7205387205387206,503,83,323,214,83,0.8788750613660762,0.8790919866896982
446,gap,robust_balanced,0.044570231328764476,0.7205574912891987,0.8489326765188834,0.62590799031477,0.6902356902356902,517,92,309,205,92,0.8788750613660762,0.8790919866896982
447,absolute,best_f1,0.34921352213815304,0.8635666836995401,0.7688808007279345,0.9848484848484849,0.15894039735099338,845,254,13,48,254,0.8545362562492334,0.8548880767709485
447,absolute,tnr_0.5,0.47978406220422365,0.8107791446983011,0.8150765606595995,0.8065268065268065,0.48013245033112584,692,157,166,145,157,0.8545362562492334,0.8548880767709485
447,absolute,tnr_0.7,0.5505529232665857,0.689795918367347,0.8284313725490197,0.5909090909090909,0.652317880794702,507,105,351,197,105,0.8545362562492334,0.8548880767709485
447,absolute,robust_balanced,0.5495953464415451,0.6946513202437373,0.8287560581583199,0.5979020979020979,0.6490066225165563,513,106,345,196,106,0.8545362562492334,0.8548880767709485
447,gap,best_f1,7.786060185943633e-05,0.8507684680218146,0.7402933563416738,1.0,0.0033112582781456954,858,301,0,1,301,0.8760182346767991,0.8762144316560024
447,gap,tnr_0.5,0.026668933984525914,0.7578172900061312,0.7994825355756792,0.7202797202797203,0.4867549668874172,618,155,240,147,155,0.8760182346767991,0.8762144316560024
447,gap,tnr_0.7,0.048120095530385994,0.6906574394463668,0.8500851788756388,0.5815850815850816,0.7086092715231788,499,88,359,214,88,0.8760182346767991,0.8762144316560024
447,gap,robust_balanced,0.044570231328764476,0.7110215053763441,0.8396825396825397,0.6165501165501166,0.6655629139072847,529,101,329,201,101,0.8760182346767991,0.8762144316560024
448,absolute,best_f1,0.34921352213815304,0.8645229309435951,0.775047258979206,0.9773539928486293,0.13454545454545455,820,238,19,37,238,0.8866126810740617,0.8868439107316545
448,absolute,tnr_0.5,0.47978406220422365,0.8248792270531401,0.835985312117503,0.8140643623361145,0.5127272727272727,683,134,156,141,134,0.8866126810740617,0.8868439107316545
448,absolute,tnr_0.7,0.5505529232665857,0.7268965517241379,0.8625204582651391,0.6281287246722288,0.6945454545454546,527,84,312,191,84,0.8866126810740617,0.8868439107316545
448,absolute,robust_balanced,0.5495953464415451,0.7285223367697594,0.8603896103896104,0.6317044100119189,0.6872727272727273,530,86,309,189,86,0.8866126810740617,0.8868439107316545
448,gap,best_f1,7.786060185943633e-05,0.8591909882232462,0.7531418312387792,1.0,0.0,839,275,0,0,275,0.8652248850344524,0.8655292370672514
448,gap,tnr_0.5,0.026668933984525914,0.7763239875389408,0.8133159268929504,0.7425506555423123,0.48,623,143,216,132,143,0.8652248850344524,0.8655292370672514
448,gap,tnr_0.7,0.048120095530385994,0.7126119917298415,0.8447712418300654,0.6162097735399285,0.6545454545454545,517,95,322,180,95,0.8652248850344524,0.8655292370672514
448,gap,robust_balanced,0.044570231328764476,0.7245590230664858,0.8409448818897638,0.636471990464839,0.6327272727272727,534,101,305,174,101,0.8652248850344524,0.8655292370672514
449,absolute,best_f1,0.34921352213815304,0.86697965571205,0.7715877437325905,0.9892857142857143,0.1276595744680851,831,246,9,36,246,0.8870364559137064,0.8872990534368707
449,absolute,tnr_0.5,0.47978406220422365,0.8051628764597418,0.832274459974587,0.7797619047619048,0.5319148936170213,655,132,185,150,132,0.8870364559137064,0.8872990534368707
449,absolute,tnr_0.7,0.5505529232665857,0.6942266571632216,0.8650088809946714,0.5797619047619048,0.7304964539007093,487,76,353,206,76,0.8870364559137064,0.8872990534368707
449,absolute,robust_balanced,0.5495953464415451,0.6950959488272921,0.8624338624338624,0.5821428571428572,0.723404255319149,489,78,351,204,78,0.8870364559137064,0.8872990534368707
449,gap,best_f1,7.786060185943633e-05,0.8571428571428571,0.75,1.0,0.0070921985815602835,840,280,0,2,280,0.8821787211015436,0.8823773826613539
449,gap,tnr_0.5,0.026668933984525914,0.7676894176581089,0.809775429326288,0.7297619047619047,0.48936170212765956,613,144,227,138,144,0.8821787211015436,0.8823773826613539
449,gap,tnr_0.7,0.048120095530385994,0.6866523911491792,0.857397504456328,0.5726190476190476,0.7163120567375887,481,80,359,202,80,0.8821787211015436,0.8823773826613539
449,gap,robust_balanced,0.044570231328764476,0.7061281337047354,0.8506711409395973,0.6035714285714285,0.6843971631205674,507,89,333,193,89,0.8821787211015436,0.8823773826613539
450,absolute,best_f1,0.34921352213815304,0.859538784067086,0.7649253731343284,0.9808612440191388,0.1,820,252,16,28,252,0.9056199814328336,0.9058170167313319
450,absolute,tnr_0.5,0.47978406220422365,0.837968561064087,0.8471882640586798,0.8289473684210527,0.5535714285714286,693,125,143,155,125,0.9056199814328336,0.9058170167313319
450,absolute,tnr_0.7,0.5505529232665857,0.7589531680440771,0.8944805194805194,0.6590909090909091,0.7678571428571429,551,65,285,215,65,0.9056199814328336,0.9058170167313319
450,absolute,robust_balanced,0.5495953464415451,0.7623626373626373,0.8951612903225806,0.6638755980861244,0.7678571428571429,555,65,281,215,65,0.9056199814328336,0.9058170167313319
450,gap,best_f1,7.786060185943633e-05,0.8565573770491803,0.7491039426523297,1.0,0.0,836,280,0,0,280,0.8800052353123192,0.8802173369884913
450,gap,tnr_0.5,0.026668933984525914,0.754983922829582,0.8164116828929068,0.7021531100478469,0.5285714285714286,587,132,249,148,132,0.8800052353123192,0.8802173369884913
450,gap,tnr_0.7,0.048120095530385994,0.6811909949164852,0.866913123844732,0.5610047846889952,0.7428571428571429,469,72,367,208,72,0.8800052353123192,0.8802173369884913
450,gap,robust_balanced,0.044570231328764476,0.7027797576621525,0.8694885361552028,0.5897129186602871,0.7357142857142858,493,74,343,206,74,0.8800052353123192,0.8802173369884913
451,absolute,best_f1,0.34921352213815304,0.8727082242011525,0.7814258911819888,0.9881376037959668,0.14338235294117646,833,233,10,39,233,0.8861592630535808,0.8864398282534319
451,absolute,tnr_0.5,0.47978406220422365,0.8213866039952996,0.8137369033760187,0.8291814946619217,0.4117647058823529,699,160,144,112,160,0.8861592630535808,0.8864398282534319
451,absolute,tnr_0.7,0.5505529232665857,0.7471798274717982,0.8478915662650602,0.66785290628707,0.6286764705882353,563,101,280,171,101,0.8861592630535808,0.8864398282534319
451,absolute,robust_balanced,0.5495953464415451,0.7513227513227513,0.8490284005979073,0.6737841043890866,0.6286764705882353,568,101,275,171,101,0.8861592630535808,0.8864398282534319
451,gap,best_f1,7.786060185943633e-05,0.86152273888605,0.7567324955116697,1.0,0.003676470588235294,843,271,0,1,271,0.8694809449243848,0.8697336419156126
451,gap,tnr_0.5,0.026668933984525914,0.7539135879774578,0.7984084880636605,0.7141162514827996,0.4411764705882353,602,152,241,120,152,0.8694809449243848,0.8697336419156126
451,gap,tnr_0.7,0.048120095530385994,0.6709310589907604,0.8368794326241135,0.5599051008303677,0.6617647058823529,472,92,371,180,92,0.8694809449243848,0.8697336419156126
451,gap,robust_balanced,0.044570231328764476,0.6970954356846473,0.835820895522388,0.597864768683274,0.6360294117647058,504,99,339,173,99,0.8694809449243848,0.8697336419156126
452,absolute,best_f1,0.34921352213815304,0.8685776095186587,0.7743490838958534,0.9889162561576355,0.12686567164179105,803,234,9,34,234,0.8857172998340376,0.8859823413320678
452,absolute,tnr_0.5,0.47978406220422365,0.8228713486637663,0.8306148055207027,0.8152709359605911,0.4962686567164179,662,135,150,133,135,0.8857172998340376,0.8859823413320678
452,absolute,tnr_0.7,0.5505529232665857,0.7155172413793104,0.8586206896551725,0.6133004926108374,0.6940298507462687,498,82,314,186,82,0.8857172998340376,0.8859823413320678
452,absolute,robust_balanced,0.5495953464415451,0.7205146533238027,0.858603066439523,0.6206896551724138,0.6902985074626866,504,83,308,185,83,0.8857172998340376,0.8859823413320678
452,gap,best_f1,7.786060185943633e-05,0.8597141344626786,0.7539461467038069,1.0,0.011194029850746268,812,265,0,3,265,0.8569430852857555,0.8572259622784922
452,gap,tnr_0.5,0.026668933984525914,0.7477243172951885,0.7920110192837465,0.708128078817734,0.43656716417910446,575,151,237,117,151,0.8569430852857555,0.8572259622784922
452,gap,tnr_0.7,0.048120095530385994,0.6773722627737226,0.8315412186379928,0.5714285714285714,0.6492537313432836,464,94,348,174,94,0.8569430852857555,0.8572259622784922
452,gap,robust_balanced,0.044570231328764476,0.698140200286123,0.8327645051194539,0.6009852216748769,0.6343283582089553,488,98,324,170,98,0.8569430852857555,0.8572259622784922
453,absolute,best_f1,0.34921352213815304,0.8613445378151261,0.7635009310986964,0.9879518072289156,0.13013698630136986,820,254,10,38,254,0.8738570936949738,0.8741481428154969
453,absolute,tnr_0.5,0.47978406220422365,0.8120845921450152,0.8145454545454546,0.8096385542168675,0.476027397260274,672,153,158,139,153,0.8738570936949738,0.8741481428154969
453,absolute,tnr_0.7,0.5505529232665857,0.719225449515906,0.8441558441558441,0.6265060240963856,0.6712328767123288,520,96,310,196,96,0.8738570936949738,0.8741481428154969
453,absolute,robust_balanced,0.5495953464415451,0.7204968944099379,0.8432956381260097,0.6289156626506024,0.6678082191780822,522,97,308,195,97,0.8738570936949738,0.8741481428154969
453,gap,best_f1,7.786060185943633e-05,0.8512820512820513,0.7410714285714286,1.0,0.00684931506849315,830,290,0,2,290,0.8616797058177883,0.8619831420001174
453,gap,tnr_0.5,0.026668933984525914,0.759493670886076,0.8,0.7228915662650602,0.4863013698630137,600,150,230,142,150,0.8616797058177883,0.8619831420001174
453,gap,tnr_0.7,0.048120095530385994,0.6963906581740976,0.8439108061749572,0.5927710843373494,0.6883561643835616,492,91,338,201,91,0.8616797058177883,0.8619831420001174
453,gap,robust_balanced,0.044570231328764476,0.7125956854558108,0.8434925864909391,0.6168674698795181,0.6746575342465754,512,95,318,197,95,0.8616797058177883,0.8619831420001174
454,absolute,best_f1,0.34921352213815304,0.8641188959660298,0.7664783427495292,0.9902676399026764,0.12367491166077739,814,248,8,35,248,0.8746804331178367,0.8750176393006489
454,absolute,tnr_0.5,0.47978406220422365,0.8108776266996292,0.8241206030150754,0.7980535279805353,0.5053003533568905,656,140,166,143,140,0.8746804331178367,0.8750176393006489
454,absolute,tnr_0.7,0.5505529232665857,0.7204450625869263,0.8409090909090909,0.6301703163017032,0.6537102473498233,518,98,304,185,98,0.8746804331178367,0.8750176393006489
454,absolute,robust_balanced,0.5495953464415451,0.7217210270645386,0.840064620355412,0.6326034063260341,0.6501766784452296,520,99,302,184,99,0.8746804331178367,0.8750176393006489
454,gap,best_f1,7.786060185943633e-05,0.8531395952257395,0.7438914027149321,1.0,0.0,822,283,0,0,283,0.8515295805516548,0.8518489370102632
454,gap,tnr_0.5,0.026668933984525914,0.7618437900128041,0.8040540540540541,0.7238442822384428,0.4876325088339223,595,145,227,138,145,0.8515295805516548,0.8518489370102632
454,gap,tnr_0.7,0.048120095530385994,0.678726483357453,0.8375,0.5705596107055961,0.6784452296819788,469,91,353,192,91,0.8515295805516548,0.8518489370102632
454,gap,robust_balanced,0.044570231328764476,0.7058823529411765,0.8455008488964346,0.6058394160583942,0.6784452296819788,498,91,324,192,91,0.8515295805516548,0.8518489370102632
455,absolute,best_f1,0.34921352213815304,0.8695652173913043,0.7757805108798487,0.9891435464414958,0.15357142857142858,820,237,9,43,237,0.8926581929274948,0.8929704634691029
455,absolute,tnr_0.5,0.47978406220422365,0.8392857142857143,0.8284371327849589,0.850422195416164,0.4785714285714286,705,146,124,134,146,0.8926581929274948,0.8929704634691029
455,absolute,tnr_0.7,0.5505529232665857,0.7647457627118645,0.8730650154798761,0.6803377563329313,0.7071428571428572,564,82,265,198,82,0.8926581929274948,0.8929704634691029
455,absolute,robust_balanced,0.5495953464415451,0.77088948787062,0.8732824427480916,0.6899879372738239,0.7035714285714286,572,83,257,197,83,0.8926581929274948,0.8929704634691029
455,gap,best_f1,7.786060185943633e-05,0.8559628291171916,0.7481949458483754,1.0,0.0035714285714285713,829,279,0,1,279,0.8767977019867312,0.8770296949782358
455,gap,tnr_0.5,0.026668933984525914,0.7514525500322788,0.8083333333333333,0.7020506634499397,0.5071428571428571,582,138,247,142,138,0.8767977019867312,0.8770296949782358
455,gap,tnr_0.7,0.048120095530385994,0.6846715328467153,0.866913123844732,0.5657418576598311,0.7428571428571429,469,72,360,208,72,0.8767977019867312,0.8770296949782358
455,gap,robust_balanced,0.044570231328764476,0.6996415770609319,0.8621908127208481,0.5886610373944512,0.7214285714285714,488,78,341,202,78,0.8767977019867312,0.8770296949782358
456,absolute,best_f1,0.34921352213815304,0.8675461741424803,0.7740112994350282,0.9867947178871549,0.08396946564885496,822,240,11,22,240,0.8743553249151592,0.8746583512648862
456,absolute,tnr_0.5,0.47978406220422365,0.8031784841075794,0.8181818181818182,0.7887154861944778,0.44274809160305345,657,146,176,116,146,0.8743553249151592,0.8746583512648862
456,absolute,tnr_0.7,0.5505529232665857,0.7055516514406184,0.8508474576271187,0.602641056422569,0.6641221374045801,502,88,331,174,88,0.8743553249151592,0.8746583512648862
456,absolute,robust_balanced,0.5495953464415451,0.7100840336134454,0.8521008403361344,0.6086434573829532,0.6641221374045801,507,88,326,174,88,0.8743553249151592,0.8746583512648862
456,gap,best_f1,7.786060185943633e-05,0.8641078838174274,0.7607305936073059,1.0,0.0,833,262,0,0,262,0.8865890256809044,0.8868119220536025
456,gap,tnr_0.5,0.026668933984525914,0.7786259541984732,0.8281461434370772,0.7346938775510204,0.5152671755725191,612,127,221,135,127,0.8865890256809044,0.8868119220536025
456,gap,tnr_0.7,0.048120095530385994,0.7150997150997151,0.8791593695271454,0.602641056422569,0.7366412213740458,502,69,331,193,69,0.8865890256809044,0.8868119220536025
456,gap,robust_balanced,0.044570231328764476,0.7304469273743017,0.8731218697829716,0.6278511404561825,0.7099236641221374,523,76,310,186,76,0.8865890256809044,0.8868119220536025
457,absolute,best_f1,0.34921352213815304,0.8802521008403361,0.7913125590179415,0.991715976331361,0.16917293233082706,838,221,7,45,221,0.903164627782487,0.903409391585724
457,absolute,tnr_0.5,0.47978406220422365,0.8340323547034152,0.8446601941747572,0.8236686390532545,0.518796992481203,696,128,149,138,128,0.903164627782487,0.903409391585724
457,absolute,tnr_0.7,0.5505529232665857,0.766042780748663,0.880184331797235,0.6781065088757396,0.706766917293233,573,78,272,188,78,0.903164627782487,0.903409391585724
457,absolute,robust_balanced,0.5495953464415451,0.7688207861425717,0.8795731707317073,0.6828402366863905,0.7030075187969925,577,79,268,187,79,0.903164627782487,0.903409391585724
457,gap,best_f1,7.786060185943633e-05,0.8644501278772379,0.7612612612612613,1.0,0.0037593984962406013,845,265,0,1,265,0.8979245604546776,0.8981049847108323
457,gap,tnr_0.5,0.026668933984525914,0.7736572890025576,0.8414464534075105,0.7159763313609467,0.5714285714285714,605,114,240,152,114,0.8979245604546776,0.8981049847108323
457,gap,tnr_0.7,0.048120095530385994,0.7210119465917076,0.8875432525951558,0.6071005917159763,0.7556390977443609,513,65,332,201,65,0.8979245604546776,0.8981049847108323
457,gap,robust_balanced,0.044570231328764476,0.7335640138408305,0.8833333333333333,0.6272189349112426,0.7368421052631579,530,70,315,196,70,0.8979245604546776,0.8981049847108323
458,absolute,best_f1,0.34921352213815304,0.8680257510729614,0.779383429672447,0.9794188861985472,0.16423357664233576,809,229,17,45,229,0.8976274582788044,0.8978437806549059
458,absolute,tnr_0.5,0.47978406220422365,0.8344615384615385,0.8485607008760951,0.8208232445520581,0.5583941605839416,678,121,148,153,121,0.8976274582788044,0.8978437806549059
458,absolute,tnr_0.7,0.5505529232665857,0.7221438645980254,0.8648648648648649,0.6198547215496368,0.708029197080292,512,80,314,194,80,0.8976274582788044,0.8978437806549059
458,absolute,robust_balanced,0.5495953464415451,0.7221438645980254,0.8648648648648649,0.6198547215496368,0.708029197080292,512,80,314,194,80,0.8976274582788044,0.8978437806549059
458,gap,best_f1,7.786060185943633e-05,0.8581818181818182,0.7515923566878981,1.0,0.0036496350364963502,826,273,0,1,273,0.8775302970545217,0.8777739350144069
458,gap,tnr_0.5,0.026668933984525914,0.7509677419354839,0.8038674033149171,0.7046004842615012,0.48175182481751827,582,142,244,132,142,0.8775302970545217,0.8777739350144069
458,gap,tnr_0.7,0.048120095530385994,0.6788321167883211,0.8547794117647058,0.562953995157385,0.7116788321167883,465,79,361,195,79,0.8775302970545217,0.8777739350144069
458,gap,robust_balanced,0.044570231328764476,0.6985714285714286,0.8519163763066202,0.5920096852300242,0.6897810218978102,489,85,337,189,85,0.8775302970545217,0.8777739350144069
459,absolute,best_f1,0.34921352213815304,0.8847583643122676,0.7986577181208053,0.9916666666666667,0.20754716981132076,833,210,7,55,210,0.9057160521102483,0.9059373892847522
459,absolute,tnr_0.5,0.47978406220422365,0.8516746411483254,0.8557692307692307,0.8476190476190476,0.5471698113207547,712,120,128,145,120,0.9057160521102483,0.9059373892847522
459,absolute,tnr_0.7,0.5505529232665857,0.7637102234258633,0.8854003139717426,0.6714285714285714,0.7245283018867924,564,73,276,192,73,0.9057160521102483,0.9059373892847522
459,absolute,robust_balanced,0.5495953464415451,0.7645466847090663,0.8855799373040752,0.6726190476190477,0.7245283018867924,565,73,275,192,73,0.9057160521102483,0.9059373892847522
459,gap,best_f1,7.786060185943633e-05,0.8641975308641975,0.7608695652173914,1.0,0.0037735849056603774,840,264,0,1,264,0.8818956504889617,0.8820979738639229
459,gap,tnr_0.5,0.026668933984525914,0.7715736040609137,0.8260869565217391,0.7238095238095238,0.5169811320754717,608,128,232,137,128,0.8818956504889617,0.8820979738639229
459,gap,tnr_0.7,0.048120095530385994,0.7008547008547008,0.8723404255319149,0.5857142857142857,0.7283018867924528,492,72,348,193,72,0.8818956504889617,0.8820979738639229
459,gap,robust_balanced,0.044570231328764476,0.7219512195121951,0.8705882352941177,0.6166666666666667,0.7094339622641509,518,77,322,188,77,0.8818956504889617,0.8820979738639229
460,absolute,best_f1,0.34921352213815304,0.8725747246984793,0.7878787878787878,0.9776733254994124,0.15471698113207547,832,224,19,41,224,0.8928746828389094,0.8931615115023839
460,absolute,tnr_0.5,0.47978406220422365,0.8293867638129934,0.8580402010050251,0.8025851938895417,0.5735849056603773,683,113,168,152,113,0.8928746828389094,0.8931615115023839
460,absolute,tnr_0.7,0.5505529232665857,0.724233983286908,0.8888888888888888,0.6110458284371327,0.7547169811320755,520,65,331,200,65,0.8928746828389094,0.8931615115023839
460,absolute,robust_balanced,0.5495953464415451,0.7286606523247745,0.8898305084745762,0.6169212690951822,0.7547169811320755,525,65,326,200,65,0.8928746828389094,0.8931615115023839
460,gap,best_f1,7.786060185943633e-05,0.8657171922685656,0.7632286995515695,1.0,0.0037735849056603774,851,264,0,1,264,0.8950322224295603,0.8952019587603439
460,gap,tnr_0.5,0.026668933984525914,0.7800982800982801,0.8172458172458172,0.7461809635722679,0.4641509433962264,635,142,216,123,142,0.8950322224295603,0.8952019587603439
460,gap,tnr_0.7,0.048120095530385994,0.7308743169398907,0.8727569331158238,0.6286721504112809,0.7056603773584905,535,78,316,187,78,0.8950322224295603,0.8952019587603439
460,gap,robust_balanced,0.044570231328764476,0.7483266398929049,0.8693623639191291,0.6568742655699178,0.6830188679245283,559,84,292,181,84,0.8950322224295603,0.8952019587603439
461,absolute,best_f1,0.34921352213815304,0.8702127659574468,0.7790476190476191,0.9855421686746988,0.18309859154929578,818,232,12,52,232,0.8720817845563354,0.8723695890498064
461,absolute,tnr_0.5,0.47978406220422365,0.8124618204031765,0.8240396530359355,0.8012048192771084,0.5,665,142,165,142,142,0.8720817845563354,0.8723695890498064
461,absolute,tnr_0.7,0.5505529232665857,0.7230240549828179,0.8416,0.6337349397590362,0.6514084507042254,526,99,304,185,99,0.8720817845563354,0.8723695890498064
461,absolute,robust_balanced,0.5495953464415451,0.7256515775034293,0.8423566878980892,0.6373493975903615,0.6514084507042254,529,99,301,185,99,0.8720817845563354,0.8723695890498064
461,gap,best_f1,7.786060185943633e-05,0.8539094650205762,0.7450628366247756,1.0,0.0,830,284,0,0,284,0.8721671146299246,0.8723786566442148
461,gap,tnr_0.5,0.026668933984525914,0.7555839183152521,0.8032564450474898,0.7132530120481928,0.4894366197183099,592,145,238,139,145,0.8721671146299246,0.8723786566442148
461,gap,tnr_0.7,0.048120095530385994,0.7069571328179901,0.8482293423271501,0.6060240963855422,0.6830985915492958,503,90,327,194,90,0.8721671146299246,0.8723786566442148
461,gap,robust_balanced,0.044570231328764476,0.7233748271092669,0.849025974025974,0.6301204819277109,0.6725352112676056,523,93,307,191,93,0.8721671146299246,0.8723786566442148
462,absolute,best_f1,0.34921352213815304,0.8493746601413812,0.7582524271844661,0.965389369592089,0.09454545454545454,781,249,28,26,249,0.8400009064610745,0.8403840002881592
462,absolute,tnr_0.5,0.47978406220422365,0.7933579335793358,0.7894736842105263,0.7972805933250927,0.37454545454545457,645,172,164,103,172,0.8400009064610745,0.8403840002881592
462,absolute,tnr_0.7,0.5505529232665857,0.7128851540616247,0.8222940226171244,0.6291718170580964,0.6,509,110,300,165,110,0.8400009064610745,0.8403840002881592
462,absolute,robust_balanced,0.5495953464415451,0.7145847871598046,0.8205128205128205,0.6328800988875154,0.5927272727272728,512,112,297,163,112,0.8400009064610745,0.8403840002881592
462,gap,best_f1,7.786060185943633e-05,0.8547279450607501,0.746309963099631,1.0,0.0,809,275,0,0,275,0.8424827511967848,0.8427657968898278
462,gap,tnr_0.5,0.026668933984525914,0.7490247074122237,0.7901234567901234,0.7119901112484549,0.44363636363636366,576,153,233,122,153,0.8424827511967848,0.8427657968898278
462,gap,tnr_0.7,0.048120095530385994,0.6714801444043321,0.8072916666666666,0.5747836835599506,0.5963636363636363,465,111,344,164,111,0.8424827511967848,0.8427657968898278
462,gap,robust_balanced,0.044570231328764476,0.6889204545454546,0.8096828046744574,0.5995055624227441,0.5854545454545454,485,114,324,161,114,0.8424827511967848,0.8427657968898278
463,absolute,best_f1,0.34921352213815304,0.8596112311015118,0.7675988428158148,0.9766871165644172,0.1602787456445993,796,241,19,46,241,0.8882638264596953,0.8884915807344685
463,absolute,tnr_0.5,0.47978406220422365,0.8136020151133502,0.8357050452781372,0.7926380368098159,0.5574912891986062,646,127,169,160,127,0.8882638264596953,0.8884915807344685
463,absolute,tnr_0.7,0.5505529232665857,0.706983441324694,0.8554006968641115,0.6024539877300613,0.710801393728223,491,83,324,204,83,0.8882638264596953,0.8884915807344685
463,absolute,robust_balanced,0.5495953464415451,0.706983441324694,0.8554006968641115,0.6024539877300613,0.710801393728223,491,83,324,204,83,0.8882638264596953,0.8884915807344685
463,gap,best_f1,7.786060185943633e-05,0.8507306889352818,0.740236148955495,1.0,0.003484320557491289,815,286,0,1,286,0.8562833225474287,0.8565847846682556
463,gap,tnr_0.5,0.026668933984525914,0.7556125721616421,0.7916666666666666,0.7226993865030675,0.45993031358885017,589,155,226,132,155,0.8562833225474287,0.8565847846682556
463,gap,tnr_0.7,0.048120095530385994,0.6734545454545454,0.8267857142857142,0.5680981595092025,0.662020905923345,463,97,352,190,97,0.8562833225474287,0.8565847846682556
463,gap,robust_balanced,0.044570231328764476,0.6908831908831908,0.8234295415959253,0.5950920245398773,0.6376306620209059,485,104,330,183,104,0.8562833225474287,0.8565847846682556
464,absolute,best_f1,0.34921352213815304,0.8706493506493507,0.7817164179104478,0.9824150058616647,0.17894736842105263,838,234,15,51,234,0.8898376241600896,0.8900996447851875
464,absolute,tnr_0.5,0.47978406220422365,0.8175355450236966,0.8263473053892215,0.8089097303634232,0.49122807017543857,690,145,163,140,145,0.8898376241600896,0.8900996447851875
464,absolute,tnr_0.7,0.5505529232665857,0.7152682255845942,0.8652246256239601,0.6096131301289566,0.7157894736842105,520,81,333,204,81,0.8898376241600896,0.8900996447851875
464,absolute,robust_balanced,0.5495953464415451,0.7204374572795625,0.8639344262295082,0.6178194607268465,0.7087719298245614,527,83,326,202,83,0.8898376241600896,0.8900996447851875
464,gap,best_f1,7.786060185943633e-05,0.85771744595274,0.7508802816901409,1.0,0.007017543859649123,853,283,0,2,283,0.8820745348419823,0.8823309537675377
464,gap,tnr_0.5,0.026668933984525914,0.7834045149481391,0.816793893129771,0.7526377491207503,0.49473684210526314,642,144,211,141,144,0.8820745348419823,0.8823309537675377
464,gap,tnr_0.7,0.048120095530385994,0.7329276538201488,0.865814696485623,0.6354044548651817,0.7052631578947368,542,84,311,201,84,0.8820745348419823,0.8823309537675377
464,gap,robust_balanced,0.044570231328764476,0.7431621080720481,0.8622291021671826,0.652989449003517,0.6877192982456141,557,89,296,196,89,0.8820745348419823,0.8823309537675377
465,absolute,best_f1,0.34921352213815304,0.8587806149035956,0.7615526802218114,0.984468339307049,0.11945392491467577,824,258,13,35,258,0.8849653819015122,0.8851836439318381
465,absolute,tnr_0.5,0.47978406220422365,0.8021647624774504,0.8075060532687651,0.7968936678614098,0.45733788395904434,667,159,170,134,159,0.8849653819015122,0.8851836439318381
465,absolute,tnr_0.7,0.5505529232665857,0.691496837666901,0.8395904436860068,0.5878136200716846,0.6791808873720137,492,94,345,199,94,0.8849653819015122,0.8851836439318381
465,absolute,robust_balanced,0.5495953464415451,0.6965034965034965,0.8397976391231029,0.5949820788530465,0.6757679180887372,498,95,339,198,95,0.8849653819015122,0.8851836439318381
465,gap,best_f1,7.786060185943633e-05,0.8510421962379258,0.7407079646017699,1.0,0.0,837,293,0,0,293,0.8694878304662144,0.8697387113203903
465,gap,tnr_0.5,0.026668933984525914,0.7600502512562815,0.8013245033112583,0.7228195937873357,0.4880546075085324,605,150,232,143,150,0.8694878304662144,0.8697387113203903
465,gap,tnr_0.7,0.048120095530385994,0.6952850105559465,0.8458904109589042,0.5902031063321386,0.6928327645051194,494,90,343,203,90,0.8694878304662144,0.8697387113203903
465,gap,robust_balanced,0.044570231328764476,0.7121212121212122,0.8406504065040651,0.6176821983273596,0.6655290102389079,517,98,320,195,98,0.8694878304662144,0.8697387113203903
466,absolute,best_f1,0.34921352213815304,0.8597333333333333,0.7596606974552309,0.9901719901719902,0.10839160839160839,806,255,8,31,255,0.8681583160866501,0.8685088194367157
466,absolute,tnr_0.5,0.47978406220422365,0.8049382716049382,0.8089330024813896,0.800982800982801,0.46153846153846156,652,154,162,132,154,0.8681583160866501,0.8685088194367157
466,absolute,tnr_0.7,0.5505529232665857,0.7090779127948534,0.8478632478632478,0.6093366093366094,0.6888111888111889,496,89,318,197,89,0.8681583160866501,0.8685088194367157
466,absolute,robust_balanced,0.5495953464415451,0.7136752136752137,0.8491525423728814,0.6154791154791155,0.6888111888111889,501,89,313,197,89,0.8681583160866501,0.8685088194367157
466,gap,best_f1,7.786060185943633e-05,0.851019341348667,0.740673339399454,1.0,0.0034965034965034965,814,285,0,1,285,0.875631113728702,0.8758948163547413
466,gap,tnr_0.5,0.026668933984525914,0.7768595041322314,0.8050065876152833,0.7506142506142506,0.4825174825174825,611,148,203,138,148,0.875631113728702,0.8758948163547413
466,gap,tnr_0.7,0.048120095530385994,0.7204529370134466,0.8497495826377296,0.6253071253071253,0.6853146853146853,509,90,305,196,90,0.875631113728702,0.8758948163547413
466,gap,robust_balanced,0.044570231328764476,0.732824427480916,0.8421052631578947,0.6486486486486487,0.6538461538461539,528,99,286,187,99,0.875631113728702,0.8758948163547413
467,absolute,best_f1,0.34921352213815304,0.8787718369507675,0.7889733840304183,0.991636798088411,0.16541353383458646,830,222,7,44,222,0.9066453954754417,0.906846851810771
467,absolute,tnr_0.5,0.47978406220422365,0.8354430379746836,0.843065693430657,0.8279569892473119,0.5150375939849624,693,129,144,137,129,0.9066453954754417,0.906846851810771
467,absolute,tnr_0.7,0.5505529232665857,0.7350069735006973,0.8827470686767169,0.6296296296296297,0.7368421052631579,527,70,310,196,70,0.9066453954754417,0.906846851810771
467,absolute,robust_balanced,0.5495953464415451,0.739251040221914,0.8809917355371901,0.6367980884109916,0.7293233082706767,533,72,304,194,72,0.9066453954754417,0.906846851810771
467,gap,best_f1,7.786060185943633e-05,0.8633316142341413,0.7595281306715064,1.0,0.0037593984962406013,837,265,0,1,265,0.8985142114883897,0.8986958875132788
467,gap,tnr_0.5,0.026668933984525914,0.7885215221459763,0.825065274151436,0.7550776583034647,0.49624060150375937,632,134,205,132,134,0.8985142114883897,0.8986958875132788
467,gap,tnr_0.7,0.048120095530385994,0.7413554633471646,0.8801313628899836,0.6403823178016727,0.7255639097744361,536,73,301,193,73,0.8985142114883897,0.8986958875132788
467,gap,robust_balanced,0.044570231328764476,0.7583390061266168,0.8813291139240507,0.6654719235364397,0.7180451127819549,557,75,280,191,75,0.8985142114883897,0.8986958875132788
468,absolute,best_f1,0.34921352213815304,0.856696195935383,0.7569060773480663,0.9867947178871549,0.0896551724137931,822,264,11,26,264,0.8733487576641693,0.873675730822886
468,absolute,tnr_0.5,0.47978406220422365,0.8173810921902525,0.8,0.8355342136854742,0.4,696,174,137,116,174,0.8733487576641693,0.873675730822886
468,absolute,tnr_0.7,0.5505529232665857,0.747209455022981,0.8246376811594203,0.6830732292917167,0.5827586206896552,569,121,264,169,121,0.8733487576641693,0.873675730822886
468,absolute,robust_balanced,0.5495953464415451,0.7513089005235603,0.8258992805755395,0.6890756302521008,0.5827586206896552,574,121,259,169,121,0.8733487576641693,0.873675730822886
468,gap,best_f1,7.786060185943633e-05,0.8517382413087935,0.7417631344612645,1.0,0.0,833,290,0,0,290,0.8850232632130254,0.8852281208139279
468,gap,tnr_0.5,0.026668933984525914,0.7790262172284644,0.811443433029909,0.7490996398559424,0.5,624,145,209,145,145,0.8850232632130254,0.8852281208139279
468,gap,tnr_0.7,0.048120095530385994,0.7331975560081466,0.84375,0.6482593037214885,0.6551724137931034,540,100,293,190,100,0.8850232632130254,0.8852281208139279
468,gap,robust_balanced,0.044570231328764476,0.7473262032085561,0.8431372549019608,0.6710684273709484,0.6413793103448275,559,104,274,186,104,0.8850232632130254,0.8852281208139279
469,absolute,best_f1,0.34921352213815304,0.856993190151912,0.7666354264292409,0.9714964370546318,0.11702127659574468,818,249,24,33,249,0.881319820729185,0.8816409120253866
469,absolute,tnr_0.5,0.47978406220422365,0.8278737343656939,0.8303464755077659,0.8254156769596199,0.49645390070921985,695,142,147,140,142,0.881319820729185,0.8816409120253866
469,absolute,tnr_0.7,0.5505529232665857,0.7292666209732693,0.8622366288492707,0.6318289786223278,0.6985815602836879,532,85,310,197,85,0.881319820729185,0.8816409120253866
469,absolute,robust_balanced,0.5495953464415451,0.7353342428376535,0.8637820512820513,0.6401425178147269,0.6985815602836879,539,85,303,197,85,0.881319820729185,0.8816409120253866
469,gap,best_f1,7.786060185943633e-05,0.8574338085539714,0.750445632798574,1.0,0.0070921985815602835,842,280,0,2,280,0.8710353400137975,0.8712996704109667
469,gap,tnr_0.5,0.026668933984525914,0.7631080227416298,0.815114709851552,0.7173396674584323,0.5141843971631206,604,137,238,145,137,0.8710353400137975,0.8712996704109667
469,gap,tnr_0.7,0.048120095530385994,0.6888260254596889,0.8513986013986014,0.5783847980997625,0.6985815602836879,487,85,355,197,85,0.8710353400137975,0.8712996704109667
469,gap,robust_balanced,0.044570231328764476,0.7078417765440667,0.8514190317195326,0.6057007125890737,0.6843971631205674,510,89,332,193,89,0.8710353400137975,0.8712996704109667
470,absolute,best_f1,0.34921352213815304,0.8688263409453001,0.7753554502369668,0.9879227053140096,0.11235955056179775,818,237,10,30,237,0.8862485344305177,0.8865475291956743
470,absolute,tnr_0.5,0.47978406220422365,0.831044776119403,0.8217237308146399,0.8405797101449275,0.4344569288389513,696,151,132,116,151,0.8862485344305177,0.8865475291956743
470,absolute,tnr_0.7,0.5505529232665857,0.7346657477601654,0.85553772070626,0.643719806763285,0.6629213483146067,533,90,295,177,90,0.8862485344305177,0.8865475291956743
470,absolute,robust_balanced,0.5495953464415451,0.7405886379192334,0.8546603475513428,0.6533816425120773,0.6554307116104869,541,92,287,175,92,0.8862485344305177,0.8865475291956743
470,gap,best_f1,7.786060185943633e-05,0.862051015096304,0.757548032936871,1.0,0.00749063670411985,828,265,0,2,265,0.8849966164860593,0.8852092844845003
470,gap,tnr_0.5,0.026668933984525914,0.7669270833333334,0.8319209039548022,0.711352657004831,0.5543071161048689,589,119,239,148,119,0.8849966164860593,0.8852092844845003
470,gap,tnr_0.7,0.048120095530385994,0.6937002172338885,0.8661844484629295,0.5785024154589372,0.7228464419475655,479,74,349,193,74,0.8849966164860593,0.8852092844845003
470,gap,robust_balanced,0.044570231328764476,0.7157001414427157,0.863481228668942,0.6111111111111112,0.700374531835206,506,80,322,187,80,0.8849966164860593,0.8852092844845003
471,absolute,best_f1,0.34921352213815304,0.8748674443266172,0.786463298379409,0.985663082437276,0.18840579710144928,825,224,12,52,224,0.8928899988126731,0.8931324980991115
471,absolute,tnr_0.5,0.47978406220422365,0.8389830508474576,0.8503067484662576,0.8279569892473119,0.5579710144927537,693,122,144,154,122,0.8928899988126731,0.8931324980991115
471,absolute,tnr_0.7,0.5505529232665857,0.710267229254571,0.8632478632478633,0.6033452807646356,0.7101449275362319,505,80,332,196,80,0.8928899988126731,0.8931324980991115
471,absolute,robust_balanced,0.5495953464415451,0.7124824684431977,0.8624787775891342,0.6069295101553166,0.7065217391304348,508,81,329,195,81,0.8928899988126731,0.8931324980991115
471,gap,best_f1,7.786060185943633e-05,0.8589020010261673,0.7526978417266187,1.0,0.0036231884057971015,837,275,0,1,275,0.883918050589975,0.884117392827362
471,gap,tnr_0.5,0.026668933984525914,0.7730138713745272,0.8184245660881175,0.7323775388291517,0.5072463768115942,613,136,224,140,136,0.883918050589975,0.884117392827362
471,gap,tnr_0.7,0.048120095530385994,0.7078651685393258,0.858603066439523,0.6021505376344086,0.6992753623188406,504,83,333,193,83,0.883918050589975,0.884117392827362
471,gap,robust_balanced,0.044570231328764476,0.7253957329662767,0.8555194805194806,0.6296296296296297,0.677536231884058,527,89,310,187,89,0.883918050589975,0.884117392827362
472,absolute,best_f1,0.34921352213815304,0.875,0.7878228782287823,0.9838709677419355,0.1320754716981132,854,230,14,35,230,0.9016166547076643,0.9018372055882719
472,absolute,tnr_0.5,0.47978406220422365,0.8203627852545348,0.8335315101070154,0.8076036866359447,0.4716981132075472,701,140,167,125,140,0.9016166547076643,0.9018372055882719
472,absolute,tnr_0.7,0.5505529232665857,0.737123745819398,0.8787878787878788,0.6347926267281107,0.7132075471698113,551,76,317,189,76,0.9016166547076643,0.9018372055882719
472,absolute,robust_balanced,0.5495953464415451,0.7433510638297872,0.8789308176100629,0.6440092165898618,0.7094339622641509,559,77,309,188,77,0.9016166547076643,0.9018372055882719
472,gap,best_f1,7.786060185943633e-05,0.8675662168915542,0.766107678729038,1.0,0.0,868,265,0,0,265,0.8926689583668996,0.8928574226826479
472,gap,tnr_0.5,0.026668933984525914,0.769895126465145,0.8286852589641435,0.7188940092165899,0.5132075471698113,624,129,244,136,129,0.8926689583668996,0.8928574226826479
472,gap,tnr_0.7,0.048120095530385994,0.7009021512838307,0.881326352530541,0.5817972350230415,0.7433962264150943,505,68,363,197,68,0.8926689583668996,0.8928574226826479
472,gap,robust_balanced,0.044570231328764476,0.720217835262083,0.8801996672212978,0.6094470046082949,0.7283018867924528,529,72,339,193,72,0.8926689583668996,0.8928574226826479
473,absolute,best_f1,0.34921352213815304,0.8714733542319749,0.7867924528301887,0.9765807962529274,0.14068441064638784,834,226,20,37,226,0.913165954520317,0.9133484986691012
473,absolute,tnr_0.5,0.47978406220422365,0.8317535545023697,0.841726618705036,0.8220140515222483,0.49809885931558934,702,132,152,131,132,0.913165954520317,0.9133484986691012
473,absolute,tnr_0.7,0.5505529232665857,0.7667774086378738,0.8863287250384024,0.6756440281030445,0.7186311787072244,577,74,277,189,74,0.913165954520317,0.9133484986691012
473,absolute,robust_balanced,0.5495953464415451,0.7670869276708693,0.885145482388974,0.6768149882903981,0.714828897338403,578,75,276,188,75,0.913165954520317,0.9133484986691012
473,gap,best_f1,7.786060185943633e-05,0.8678861788617886,0.7666068222621185,1.0,0.011406844106463879,854,260,0,3,260,0.9105542267213935,0.9106882586995467
473,gap,tnr_0.5,0.026668933984525914,0.8,0.8373879641485276,0.765807962529274,0.5171102661596958,654,127,200,136,127,0.9105542267213935,0.9106882586995467
473,gap,tnr_0.7,0.048120095530385994,0.7472972972972973,0.8833865814696485,0.6475409836065574,0.7224334600760456,553,73,301,190,73,0.9105542267213935,0.9106882586995467
473,gap,robust_balanced,0.044570231328764476,0.7586666666666667,0.8808049535603715,0.6662763466042154,0.7072243346007605,569,77,285,186,77,0.9105542267213935,0.9106882586995467
474,absolute,best_f1,0.34921352213815304,0.8579059829059829,0.7611374407582938,0.9828641370869033,0.09025270758122744,803,252,14,25,252,0.8778924849089544,0.8782134833966373
474,absolute,tnr_0.5,0.47978406220422365,0.8318042813455657,0.8312958435207825,0.8323133414932681,0.5018050541516246,680,138,137,139,138,0.8778924849089544,0.8782134833966373
474,absolute,tnr_0.7,0.5505529232665857,0.7416201117318436,0.8634146341463415,0.6499388004895961,0.6967509025270758,531,84,286,193,84,0.8778924849089544,0.8782134833966373
474,absolute,robust_balanced,0.5495953464415451,0.7442508710801393,0.8640776699029126,0.653610771113831,0.6967509025270758,534,84,283,193,84,0.8778924849089544,0.8782134833966373
474,gap,best_f1,7.786060185943633e-05,0.8550497121925693,0.746800731261426,1.0,0.0,817,277,0,0,277,0.8781557057690709,0.8783617883144388
474,gap,tnr_0.5,0.026668933984525914,0.7582631237848347,0.8057851239669421,0.7160342717258262,0.49097472924187724,585,141,232,136,141,0.8781557057690709,0.8783617883144388
474,gap,tnr_0.7,0.048120095530385994,0.6918604651162791,0.851520572450805,0.5826193390452876,0.7003610108303249,476,83,341,194,83,0.8781557057690709,0.8783617883144388
474,gap,robust_balanced,0.044570231328764476,0.7072297780959198,0.8517241379310345,0.6046511627906976,0.6895306859205776,494,86,323,191,86,0.8781557057690709,0.8783617883144388
475,absolute,best_f1,0.34921352213815304,0.8755955532027527,0.7876190476190477,0.9856972586412396,0.1647940074906367,827,223,12,44,223,0.8768924886176269,0.8772059235038038
475,absolute,tnr_0.5,0.47978406220422365,0.8085365853658537,0.8277153558052435,0.7902264600715138,0.48314606741573035,663,138,176,129,138,0.8768924886176269,0.8772059235038038
475,absolute,tnr_0.7,0.5505529232665857,0.7065446868402533,0.8625429553264605,0.5983313468414779,0.700374531835206,502,80,337,187,80,0.8768924886176269,0.8772059235038038
475,absolute,robust_balanced,0.5495953464415451,0.7109867039888034,0.8610169491525423,0.6054827175208581,0.6928838951310862,508,82,331,185,82,0.8768924886176269,0.8772059235038038
475,gap,best_f1,7.786060185943633e-05,0.8627249357326479,0.7585895117540687,1.0,0.0,839,267,0,0,267,0.8916030699651307,0.8918036925436272
475,gap,tnr_0.5,0.026668933984525914,0.7645569620253164,0.815114709851552,0.7199046483909416,0.4868913857677903,604,137,235,130,137,0.8916030699651307,0.8918036925436272
475,gap,tnr_0.7,0.048120095530385994,0.718816067653277,0.8793103448275862,0.6078665077473182,0.7378277153558053,510,70,329,197,70,0.8916030699651307,0.8918036925436272
475,gap,robust_balanced,0.044570231328764476,0.7337931034482759,0.8707037643207856,0.634088200238379,0.704119850187266,532,79,307,188,79,0.8916030699651307,0.8918036925436272
476,absolute,best_f1,0.34921352213815304,0.8738170347003155,0.7861873226111636,0.9834319526627219,0.16911764705882354,831,226,14,46,226,0.8875258758340939,0.8878202330599151
476,absolute,tnr_0.5,0.47978406220422365,0.8138686131386861,0.83729662077597,0.7917159763313609,0.5220588235294118,669,130,176,142,130,0.8875258758340939,0.8878202330599151
476,absolute,tnr_0.7,0.5505529232665857,0.6999297259311315,0.8615916955017301,0.5893491124260355,0.7058823529411765,498,80,347,192,80,0.8875258758340939,0.8878202330599151
476,absolute,robust_balanced,0.5495953464415451,0.7016806722689075,0.8593481989708405,0.5928994082840237,0.6985294117647058,501,82,344,190,82,0.8875258758340939,0.8878202330599151
476,gap,best_f1,7.786060185943633e-05,0.8618052014278429,0.757168458781362,1.0,0.003676470588235294,845,271,0,1,271,0.8990715966988758,0.899218778481931
476,gap,tnr_0.5,0.026668933984525914,0.7754077791718946,0.8251001335113485,0.7313609467455622,0.5183823529411765,618,131,227,141,131,0.8990715966988758,0.899218778481931
476,gap,tnr_0.7,0.048120095530385994,0.7115789473684211,0.8741379310344828,0.6,0.7316176470588235,507,73,338,199,73,0.8990715966988758,0.899218778481931
476,gap,robust_balanced,0.044570231328764476,0.7293956043956044,0.8690671031096563,0.6284023668639053,0.7058823529411765,531,80,314,192,80,0.8990715966988758,0.899218778481931
477,absolute,best_f1,0.34921352213815304,0.8686868686868687,0.7744075829383886,0.9891041162227603,0.14695340501792115,817,238,9,41,238,0.8860423370224362,0.8863160861425768
477,absolute,tnr_0.5,0.47978406220422365,0.8359469240048251,0.8329326923076923,0.8389830508474576,0.5017921146953405,693,139,133,140,139,0.8860423370224362,0.8863160861425768
477,absolute,tnr_0.7,0.5505529232665857,0.7436074637180373,0.8663446054750402,0.6513317191283293,0.7025089605734767,538,83,288,196,83,0.8860423370224362,0.8863160861425768
477,absolute,robust_balanced,0.5495953464415451,0.7453416149068323,0.8667736757624398,0.6537530266343826,0.7025089605734767,540,83,286,196,83,0.8860423370224362,0.8863160861425768
477,gap,best_f1,7.786060185943633e-05,0.8555152770585189,0.7475113122171946,1.0,0.0,826,279,0,0,279,0.8874807136987953,0.8876958246432382
477,gap,tnr_0.5,0.026668933984525914,0.7693298969072165,0.8223140495867769,0.7227602905569007,0.5376344086021505,597,129,229,150,129,0.8874807136987953,0.8876958246432382
477,gap,tnr_0.7,0.048120095530385994,0.7097701149425287,0.872791519434629,0.5980629539951574,0.7419354838709677,494,72,332,207,72,0.8874807136987953,0.8876958246432382
477,gap,robust_balanced,0.044570231328764476,0.7214741318214033,0.8700854700854701,0.6162227602905569,0.7275985663082437,509,76,317,203,76,0.8874807136987953,0.8876958246432382
478,absolute,best_f1,0.34921352213815304,0.883745963401507,0.8009756097560976,0.985594237695078,0.22137404580152673,821,204,12,58,204,0.911456216461328,0.9116879332687182
478,absolute,tnr_0.5,0.47978406220422365,0.8642857142857143,0.8571428571428571,0.8715486194477791,0.5381679389312977,726,121,107,141,121,0.911456216461328,0.9116879332687182
478,absolute,tnr_0.7,0.5505529232665857,0.7710027100271003,0.8849144634525661,0.6830732292917167,0.7175572519083969,569,74,264,188,74,0.911456216461328,0.9116879332687182
478,absolute,robust_balanced,0.5495953464415451,0.7743243243243243,0.8856259659969088,0.687875150060024,0.7175572519083969,573,74,260,188,74,0.911456216461328,0.9116879332687182
478,gap,best_f1,7.786060185943633e-05,0.8650051921079959,0.7621225983531564,1.0,0.007633587786259542,833,260,0,2,260,0.875398174317882,0.8756486866347328
478,gap,tnr_0.5,0.026668933984525914,0.7591994835377663,0.8212290502793296,0.7058823529411765,0.5114503816793893,588,128,245,134,128,0.875398174317882,0.8756486866347328
478,gap,tnr_0.7,0.048120095530385994,0.6802919708029197,0.8677839851024208,0.5594237695078031,0.7290076335877863,466,71,367,191,71,0.875398174317882,0.8756486866347328
478,gap,robust_balanced,0.044570231328764476,0.6905444126074498,0.8561278863232682,0.5786314525810324,0.6908396946564885,482,81,351,181,81,0.875398174317882,0.8756486866347328
479,absolute,best_f1,0.34921352213815304,0.8550185873605948,0.7623106060606061,0.973397823458283,0.12237762237762238,805,251,22,35,251,0.8573784645789512,0.8577316187013246
479,absolute,tnr_0.5,0.47978406220422365,0.8019500304692261,0.8083538083538083,0.7956469165659008,0.45454545454545453,658,156,169,130,156,0.8573784645789512,0.8577316187013246
479,absolute,tnr_0.7,0.5505529232665857,0.6993006993006993,0.8291873963515755,0.6045949214026602,0.6398601398601399,500,103,327,183,103,0.8573784645789512,0.8577316187013246
479,absolute,robust_balanced,0.5495953464415451,0.7010452961672474,0.8273026315789473,0.6082224909310762,0.6328671328671329,503,105,324,181,105,0.8573784645789512,0.8577316187013246
479,gap,best_f1,7.786060185943633e-05,0.853017019082001,0.7437050359712231,1.0,0.0034965034965034965,827,285,0,1,285,0.8648005838478636,0.865051254145064
479,gap,tnr_0.5,0.026668933984525914,0.7580853816300129,0.8150208623087621,0.7085852478839177,0.534965034965035,586,133,241,153,133,0.8648005838478636,0.865051254145064
479,gap,tnr_0.7,0.048120095530385994,0.6820143884892086,0.8419182948490231,0.5731559854897219,0.6888111888111889,474,89,353,197,89,0.8648005838478636,0.865051254145064
479,gap,robust_balanced,0.044570231328764476,0.7023977433004231,0.8426395939086294,0.6021765417170496,0.6748251748251748,498,93,329,193,93,0.8648005838478636,0.865051254145064
480,absolute,best_f1,0.34921352213815304,0.8589607635206787,0.7655954631379962,0.9782608695652174,0.13588850174216027,810,248,18,39,248,0.8893734677158456,0.8896453454670902
480,absolute,tnr_0.5,0.47978406220422365,0.8209500609013398,0.828009828009828,0.8140096618357487,0.5121951219512195,674,140,154,147,140,0.8893734677158456,0.8896453454670902
480,absolute,tnr_0.7,0.5505529232665857,0.7142857142857143,0.8741258741258742,0.6038647342995169,0.7491289198606271,500,72,328,215,72,0.8893734677158456,0.8896453454670902
480,absolute,robust_balanced,0.5495953464415451,0.717948717948718,0.875,0.6086956521739131,0.7491289198606271,504,72,324,215,72,0.8893734677158456,0.8896453454670902
480,gap,best_f1,7.786060185943633e-05,0.8527291452111225,0.7432675044883303,1.0,0.003484320557491289,828,286,0,1,286,0.8768078394223916,0.8769990741862572
480,gap,tnr_0.5,0.026668933984525914,0.7563451776649747,0.7967914438502673,0.7198067632850241,0.47038327526132406,596,152,232,135,152,0.8768078394223916,0.8769990741862572
480,gap,tnr_0.7,0.048120095530385994,0.6928011404133999,0.8452173913043478,0.5869565217391305,0.6898954703832753,486,89,342,198,89,0.8768078394223916,0.8769990741862572
480,gap,robust_balanced,0.044570231328764476,0.7104895104895105,0.8438538205980066,0.6135265700483091,0.6724738675958188,508,94,320,193,94,0.8768078394223916,0.8769990741862572
481,absolute,best_f1,0.34921352213815304,0.868632707774799,0.781099324975892,0.9782608695652174,0.21180555555555555,810,227,18,61,227,0.9115756239358611,0.9117450096382771
481,absolute,tnr_0.5,0.47978406220422365,0.8302808302808303,0.8395061728395061,0.821256038647343,0.5486111111111112,680,130,148,158,130,0.9115756239358611,0.9117450096382771
481,absolute,tnr_0.7,0.5505529232665857,0.7376586741889986,0.8864406779661017,0.6316425120772947,0.7673611111111112,523,67,305,221,67,0.9115756239358611,0.9117450096382771
481,absolute,robust_balanced,0.5495953464415451,0.7403237156931738,0.8870151770657673,0.6352657004830918,0.7673611111111112,526,67,302,221,67,0.9115756239358611,0.9117450096382771
481,gap,best_f1,7.786060185943633e-05,0.8522902727740608,0.7426008968609865,1.0,0.003472222222222222,828,287,0,1,287,0.8787260400617444,0.8789780495881904
481,gap,tnr_0.5,0.026668933984525914,0.7879548306148055,0.8198433420365535,0.7584541062801933,0.5208333333333334,628,138,200,150,138,0.8787260400617444,0.8789780495881904
481,gap,tnr_0.7,0.048120095530385994,0.7347795661301609,0.8735440931780366,0.6340579710144928,0.7361111111111112,525,76,303,212,76,0.8787260400617444,0.8789780495881904
481,gap,robust_balanced,0.044570231328764476,0.7481021394064873,0.8727858293075684,0.6545893719806763,0.7256944444444444,542,79,286,209,79,0.8787260400617444,0.8789780495881904
482,absolute,best_f1,0.34921352213815304,0.8725182863113897,0.7847744360902256,0.9823529411764705,0.17328519855595667,835,229,15,48,229,0.8959797045832638,0.8961910797142685
482,absolute,tnr_0.5,0.47978406220422365,0.8265550239234449,0.8406326034063261,0.8129411764705883,0.5270758122743683,691,131,159,146,131,0.8959797045832638,0.8961910797142685
482,absolute,tnr_0.7,0.5505529232665857,0.7231404958677686,0.872093023255814,0.6176470588235294,0.7220216606498195,525,77,325,200,77,0.8959797045832638,0.8961910797142685
482,absolute,robust_balanced,0.5495953464415451,0.7247769389155799,0.8698517298187809,0.6211764705882353,0.7148014440433214,528,79,322,198,79,0.8959797045832638,0.8961910797142685
482,gap,best_f1,7.786060185943633e-05,0.8603238866396761,0.7548845470692718,1.0,0.0036101083032490976,850,276,0,1,276,0.8703295670847132,0.8705819732780627
482,gap,tnr_0.5,0.026668933984525914,0.7663551401869159,0.8145695364238411,0.7235294117647059,0.49458483754512633,615,140,235,137,140,0.8703295670847132,0.8705819732780627
482,gap,tnr_0.7,0.048120095530385994,0.7048150732728542,0.8662092624356775,0.5941176470588235,0.7184115523465704,505,78,345,199,78,0.8703295670847132,0.8705819732780627
482,gap,robust_balanced,0.044570231328764476,0.7222982216142271,0.8627450980392157,0.6211764705882353,0.6967509025270758,528,84,322,193,84,0.8703295670847132,0.8705819732780627
483,absolute,best_f1,0.34921352213815304,0.8579003181336161,0.7603383458646616,0.9841849148418491,0.12371134020618557,809,255,13,36,255,0.8701150899105021,0.8704783070752052
483,absolute,tnr_0.5,0.47978406220422365,0.8043217286914766,0.7938388625592417,0.8150851581508516,0.4020618556701031,670,174,152,117,174,0.8701150899105021,0.8704783070752052
483,absolute,tnr_0.7,0.5505529232665857,0.7101346562721474,0.8505942275042445,0.6094890510948905,0.697594501718213,501,88,321,203,88,0.8701150899105021,0.8704783070752052
483,absolute,robust_balanced,0.5495953464415451,0.7128712871287128,0.8513513513513513,0.6131386861313869,0.697594501718213,504,88,318,203,88,0.8701150899105021,0.8704783070752052
483,gap,best_f1,7.786060185943633e-05,0.8496124031007752,0.738544474393531,1.0,0.0,822,291,0,0,291,0.8716345425521327,0.8718459821808171
483,gap,tnr_0.5,0.026668933984525914,0.7434420985284709,0.7840755735492577,0.7068126520681265,0.45017182130584193,581,160,241,131,160,0.8716345425521327,0.8718459821808171
483,gap,tnr_0.7,0.048120095530385994,0.6901509705248023,0.843585237258348,0.583941605839416,0.6941580756013745,480,89,342,202,89,0.8716345425521327,0.8718459821808171
483,gap,robust_balanced,0.044570231328764476,0.7061310782241015,0.8391959798994975,0.6094890510948905,0.6701030927835051,501,96,321,195,96,0.8716345425521327,0.8718459821808171
484,absolute,best_f1,0.34921352213815304,0.8602372356884992,0.7686635944700461,0.9765807962529274,0.09712230215827339,834,251,20,27,251,0.837814324596711,0.8382548292015946
484,absolute,tnr_0.5,0.47978406220422365,0.7886992348440259,0.7928994082840237,0.7845433255269321,0.37050359712230213,670,175,184,103,175,0.837814324596711,0.8382548292015946
484,absolute,tnr_0.7,0.5505529232665857,0.6839945280437757,0.8223684210526315,0.585480093676815,0.6115107913669064,500,108,354,170,108,0.837814324596711,0.8382548292015946
484,absolute,robust_balanced,0.5495953464415451,0.6853242320819113,0.8216039279869067,0.5878220140515222,0.6079136690647482,502,109,352,169,109,0.837814324596711,0.8382548292015946
484,gap,best_f1,7.786060185943633e-05,0.8600201409869084,0.7544169611307421,1.0,0.0,854,278,0,0,278,0.8767024164908789,0.8769313749198824
484,gap,tnr_0.5,0.026668933984525914,0.770573566084788,0.824,0.7236533957845434,0.5251798561151079,618,132,236,146,132,0.8767024164908789,0.8769313749198824
484,gap,tnr_0.7,0.048120095530385994,0.715368711233632,0.8693467336683417,0.607728337236534,0.7194244604316546,519,78,335,200,78,0.8767024164908789,0.8769313749198824
484,gap,robust_balanced,0.044570231328764476,0.7330623306233063,0.8697749196141479,0.6334894613583139,0.7086330935251799,541,81,313,197,81,0.8767024164908789,0.8769313749198824
485,absolute,best_f1,0.34921352213815304,0.8611410118406889,0.7714561234329798,0.97442143727162,0.19112627986348124,800,237,21,56,237,0.8630472044791037,0.8633748902391097
485,absolute,tnr_0.5,0.47978406220422365,0.8065693430656934,0.8055893074119077,0.807551766138855,0.4539249146757679,663,160,158,133,160,0.8630472044791037,0.8633748902391097
485,absolute,tnr_0.7,0.5505529232665857,0.690677966101695,0.8218487394957983,0.5956151035322778,0.6382252559726962,489,106,332,187,106,0.8630472044791037,0.8633748902391097
485,absolute,robust_balanced,0.5495953464415451,0.6933895921237694,0.8202995008319468,0.6004872107186358,0.6313993174061433,493,108,328,185,108,0.8630472044791037,0.8633748902391097
485,gap,best_f1,7.786060185943633e-05,0.8485788113695091,0.7369838420107719,1.0,0.0,821,293,0,0,293,0.8767782347465457,0.8769872258591501
485,gap,tnr_0.5,0.026668933984525914,0.7606727037516171,0.8110344827586207,0.7161997563946407,0.5324232081911263,588,137,233,156,137,0.8767782347465457,0.8769872258591501
485,gap,tnr_0.7,0.048120095530385994,0.6879535558780842,0.8509874326750448,0.5773447015834349,0.7167235494880546,474,83,347,210,83,0.8767782347465457,0.8769872258591501
485,gap,robust_balanced,0.044570231328764476,0.7087172218284904,0.847457627118644,0.6090133982947625,0.6928327645051194,500,90,321,203,90,0.8767782347465457,0.8769872258591501
486,absolute,best_f1,0.34921352213815304,0.865533230293663,0.7749077490774908,0.9801633605600933,0.13780918727915195,840,244,17,39,244,0.873424765448084,0.8737626233888598
486,absolute,tnr_0.5,0.47978406220422365,0.8100059559261465,0.8272506082725061,0.793465577596266,0.49823321554770317,680,142,177,141,142,0.873424765448084,0.8737626233888598
486,absolute,tnr_0.7,0.5505529232665857,0.6857142857142857,0.8512110726643599,0.574095682613769,0.696113074204947,492,86,365,197,86,0.873424765448084,0.8737626233888598
486,absolute,robust_balanced,0.5495953464415451,0.689367616400278,0.852233676975945,0.5787631271878646,0.696113074204947,496,86,361,197,86,0.873424765448084,0.8737626233888598
486,gap,best_f1,7.786060185943633e-05,0.8591478696741854,0.7530755711775043,1.0,0.007067137809187279,857,281,0,2,281,0.8874524071461053,0.887679227653434
486,gap,tnr_0.5,0.026668933984525914,0.7808814400993171,0.8342175066312998,0.733955659276546,0.558303886925795,629,125,228,158,125,0.8874524071461053,0.887679227653434
486,gap,tnr_0.7,0.048120095530385994,0.713091922005571,0.8842832469775475,0.5974329054842473,0.7632508833922261,512,67,345,216,67,0.8874524071461053,0.887679227653434
486,gap,robust_balanced,0.044570231328764476,0.7307430129516019,0.8786885245901639,0.6254375729288215,0.7385159010600707,536,74,321,209,74,0.8874524071461053,0.887679227653434
487,absolute,best_f1,0.34921352213815304,0.8685344827586207,0.7772420443587271,0.9841269841269841,0.16906474820143885,806,231,13,47,231,0.877843617927174,0.8782396501577159
487,absolute,tnr_0.5,0.47978406220422365,0.825925925925926,0.8352059925093633,0.8168498168498168,0.5251798561151079,669,132,150,146,132,0.877843617927174,0.8782396501577159
487,absolute,tnr_0.7,0.5505529232665857,0.6986201888162672,0.8620071684587813,0.5873015873015873,0.7230215827338129,481,77,338,201,77,0.877843617927174,0.8782396501577159
487,absolute,robust_balanced,0.5495953464415451,0.7023895727733527,0.8629893238434164,0.5921855921855922,0.7230215827338129,485,77,334,201,77,0.877843617927174,0.8782396501577159
487,gap,best_f1,7.786060185943633e-05,0.8557993730407524,0.7479452054794521,1.0,0.007194244604316547,819,276,0,2,276,0.8867065324215534,0.8869173976162041
487,gap,tnr_0.5,0.026668933984525914,0.7782051282051282,0.8191632928475033,0.7411477411477412,0.5179856115107914,607,134,212,144,134,0.8867065324215534,0.8869173976162041
487,gap,tnr_0.7,0.048120095530385994,0.7224982256919801,0.8627118644067797,0.6214896214896215,0.7086330935251799,509,81,310,197,81,0.8867065324215534,0.8869173976162041
487,gap,robust_balanced,0.044570231328764476,0.7323549965059399,0.8562091503267973,0.6398046398046398,0.6834532374100719,524,88,295,190,88,0.8867065324215534,0.8869173976162041
488,absolute,best_f1,0.34921352213815304,0.8642366613840465,0.7716981132075472,0.9819927971188476,0.12949640287769784,818,242,15,36,242,0.8904523221485585,0.8907700333039003
488,absolute,tnr_0.5,0.47978406220422365,0.831623415811708,0.8361650485436893,0.8271308523409364,0.5143884892086331,689,135,144,143,135,0.8904523221485585,0.8907700333039003
488,absolute,tnr_0.7,0.5505529232665857,0.7424242424242424,0.8707592891760905,0.6470588235294118,0.7122302158273381,539,80,294,198,80,0.8904523221485585,0.8907700333039003
488,absolute,robust_balanced,0.5495953464415451,0.7457162440027416,0.8690095846645367,0.6530612244897959,0.7050359712230215,544,82,289,196,82,0.8904523221485585,0.8907700333039003
488,gap,best_f1,7.786060185943633e-05,0.8569958847736625,0.7497749774977498,1.0,0.0,833,278,0,0,278,0.8947982414723942,0.8949946540023364
488,gap,tnr_0.5,0.026668933984525914,0.7852998065764023,0.8481894150417827,0.7310924369747899,0.6079136690647482,609,109,224,169,109,0.8947982414723942,0.8949946540023364
488,gap,tnr_0.7,0.048120095530385994,0.7054545454545454,0.8948339483394834,0.5822328931572629,0.7949640287769785,485,57,348,221,57,0.8947982414723942,0.8949946540023364
488,gap,robust_balanced,0.044570231328764476,0.7301136363636364,0.8939130434782608,0.617046818727491,0.7805755395683454,514,61,319,217,61,0.8947982414723942,0.8949946540023364
489,absolute,best_f1,0.34921352213815304,0.8655154369440083,0.7678737233054782,0.9916067146282974,0.16387959866220736,827,250,7,49,250,0.885193095987961,0.8854517464858442
489,absolute,tnr_0.5,0.47978406220422365,0.828486646884273,0.8202115158636898,0.8369304556354916,0.4882943143812709,698,153,136,146,153,0.885193095987961,0.8854517464858442
489,absolute,tnr_0.7,0.5505529232665857,0.7521944632005402,0.8608964451313755,0.6678657074340527,0.6989966555183946,557,90,277,209,90,0.885193095987961,0.8854517464858442
489,absolute,robust_balanced,0.5495953464415451,0.7572293207800942,0.8621745788667687,0.6750599520383693,0.6989966555183946,563,90,271,209,90,0.885193095987961,0.8854517464858442
489,gap,best_f1,7.786060185943633e-05,0.8484231943031536,0.7367491166077739,1.0,0.0033444816053511705,834,298,0,1,298,0.8624537345926381,0.8627329480892643
489,gap,tnr_0.5,0.026668933984525914,0.7795128044971893,0.8135593220338984,0.7482014388489209,0.5217391304347826,624,143,210,156,143,0.8624537345926381,0.8627329480892643
489,gap,tnr_0.7,0.048120095530385994,0.7081005586592178,0.8478260869565217,0.6079136690647482,0.6956521739130435,507,91,327,208,91,0.8624537345926381,0.8627329480892643
489,gap,robust_balanced,0.044570231328764476,0.7230240549828179,0.8470209339774557,0.6306954436450839,0.6822742474916388,526,95,308,204,95,0.8624537345926381,0.8627329480892643
490,absolute,best_f1,0.34921352213815304,0.8817759421786268,0.7973856209150327,0.9861431870669746,0.23591549295774647,854,217,12,67,217,0.900499982839348,0.900735724517271
490,absolute,tnr_0.5,0.47978406220422365,0.8344136711844431,0.851985559566787,0.8175519630484989,0.5669014084507042,708,123,158,161,123,0.900499982839348,0.900735724517271
490,absolute,tnr_0.7,0.5505529232665857,0.7457180500658761,0.8680981595092024,0.6535796766743649,0.6971830985915493,566,86,300,198,86,0.900499982839348,0.900735724517271
490,absolute,robust_balanced,0.5495953464415451,0.7463863337713534,0.8658536585365854,0.6558891454965358,0.6901408450704225,568,88,298,196,88,0.900499982839348,0.900735724517271
490,gap,best_f1,7.786060185943633e-05,0.8595533498759306,0.7536988685813751,1.0,0.0035211267605633804,866,283,0,1,283,0.8666269976149429,0.8668678222739401
490,gap,tnr_0.5,0.026668933984525914,0.7467968273337401,0.7917205692108668,0.7066974595842956,0.43309859154929575,612,161,254,123,161,0.8666269976149429,0.8668678222739401
490,gap,tnr_0.7,0.048120095530385994,0.6835616438356165,0.8400673400673401,0.5762124711316398,0.6654929577464789,499,95,367,189,95,0.8666269976149429,0.8668678222739401
490,gap,robust_balanced,0.044570231328764476,0.6983914209115282,0.8322683706070287,0.6016166281755196,0.6302816901408451,521,105,345,179,105,0.8666269976149429,0.8668678222739401
491,absolute,best_f1,0.34921352213815304,0.8678223185265439,0.7716763005780347,0.9913366336633663,0.15658362989323843,801,237,7,44,237,0.8977155292569219,0.8979479811378503
491,absolute,tnr_0.5,0.47978406220422365,0.8196517412935324,0.82375,0.8155940594059405,0.498220640569395,659,141,149,140,141,0.8977155292569219,0.8979479811378503
491,absolute,tnr_0.7,0.5505529232665857,0.7368421052631579,0.8662207357859532,0.6410891089108911,0.7153024911032029,518,80,290,201,80,0.8977155292569219,0.8979479811378503
491,absolute,robust_balanced,0.5495953464415451,0.739900779588944,0.8656716417910447,0.6460396039603961,0.7117437722419929,522,81,286,200,81,0.8977155292569219,0.8979479811378503
491,gap,best_f1,7.786060185943633e-05,0.8523206751054853,0.7426470588235294,1.0,0.0035587188612099642,808,280,0,1,280,0.8697519079228049,0.8700735221139348
491,gap,tnr_0.5,0.026668933984525914,0.7753246753246753,0.8155737704918032,0.7388613861386139,0.5195729537366548,597,135,211,146,135,0.8697519079228049,0.8700735221139348
491,gap,tnr_0.7,0.048120095530385994,0.7112727272727273,0.8624338624338624,0.6051980198019802,0.7224199288256228,489,78,319,203,78,0.8697519079228049,0.8700735221139348
491,gap,robust_balanced,0.044570231328764476,0.7315340909090909,0.8583333333333333,0.6373762376237624,0.697508896797153,515,85,293,196,85,0.8697519079228049,0.8700735221139348
492,absolute,best_f1,0.34921352213815304,0.8704771893025695,0.7757009345794392,0.991636798088411,0.14285714285714285,830,240,7,40,240,0.8844213605429566,0.8847700620586982
492,absolute,tnr_0.5,0.47978406220422365,0.8368298368298368,0.8168373151308305,0.8578255675029869,0.425,718,161,119,119,161,0.8844213605429566,0.8847700620586982
492,absolute,tnr_0.7,0.5505529232665857,0.7545931758530183,0.8369723435225619,0.6869772998805257,0.6,575,112,262,168,112,0.8844213605429566,0.8847700620586982
492,absolute,robust_balanced,0.5495953464415451,0.7586657946370177,0.838150289017341,0.6929510155316607,0.6,580,112,257,168,112,0.8844213605429566,0.8847700620586982
492,gap,best_f1,7.786060185943633e-05,0.8571428571428571,0.75,1.0,0.0035714285714285713,837,279,0,1,279,0.8790066919256102,0.8792400343207021
492,gap,tnr_0.5,0.026668933984525914,0.7762326169405815,0.8241610738255034,0.7335722819593787,0.5321428571428571,614,131,223,149,131,0.8790066919256102,0.8792400343207021
492,gap,tnr_0.7,0.048120095530385994,0.7124047124047124,0.8481848184818482,0.6140979689366786,0.6714285714285714,514,92,323,188,92,0.8790066919256102,0.8792400343207021
492,gap,robust_balanced,0.044570231328764476,0.7334696659850034,0.8539682539682539,0.6427718040621266,0.6714285714285714,538,92,299,188,92,0.8790066919256102,0.8792400343207021
493,absolute,best_f1,0.34921352213815304,0.8718232044198895,0.7835153922542205,0.9825653798256538,0.15503875968992248,789,218,14,40,218,0.899242272894474,0.8994837846049573
493,absolute,tnr_0.5,0.47978406220422365,0.8485607008760951,0.8528301886792453,0.8443337484433375,0.5465116279069767,678,117,125,141,117,0.899242272894474,0.8994837846049573
493,absolute,tnr_0.7,0.5505529232665857,0.7531914893617021,0.8747940691927513,0.6612702366127023,0.7054263565891473,531,76,272,182,76,0.899242272894474,0.8994837846049573
493,absolute,robust_balanced,0.5495953464415451,0.7547703180212014,0.8725490196078431,0.6650062266500623,0.6976744186046512,534,78,269,180,78,0.899242272894474,0.8994837846049573
493,gap,best_f1,7.786060185943633e-05,0.8625134264232008,0.7582625118035883,1.0,0.007751937984496124,803,256,0,2,256,0.874762189986338,0.8749990514899413
493,gap,tnr_0.5,0.026668933984525914,0.762402088772846,0.8010973936899863,0.7272727272727273,0.437984496124031,584,145,219,113,145,0.874762189986338,0.8749990514899413
493,gap,tnr_0.7,0.048120095530385994,0.6868537666174298,0.8439201451905626,0.5790784557907845,0.6666666666666666,465,86,338,172,86,0.874762189986338,0.8749990514899413
493,gap,robust_balanced,0.044570231328764476,0.7091172214182344,0.846286701208981,0.6102117061021171,0.6550387596899225,490,89,313,169,89,0.874762189986338,0.8749990514899413
494,absolute,best_f1,0.34921352213815304,0.8791910590739755,0.7919463087248322,0.9880382775119617,0.18421052631578946,826,217,10,49,217,0.9080301571181466,0.9082222147469086
494,absolute,tnr_0.5,0.47978406220422365,0.830142063001853,0.8582375478927203,0.8038277511961722,0.5827067669172933,672,111,164,155,111,0.9080301571181466,0.9082222147469086
494,absolute,tnr_0.7,0.5505529232665857,0.7361013370865588,0.8940170940170941,0.6255980861244019,0.7669172932330827,523,62,313,204,62,0.9080301571181466,0.9082222147469086
494,absolute,robust_balanced,0.5495953464415451,0.7403778866340098,0.8920741989881956,0.6327751196172249,0.7593984962406015,529,64,307,202,64,0.9080301571181466,0.9082222147469086
494,gap,best_f1,7.786060185943633e-05,0.8627450980392157,0.7586206896551724,1.0,0.0,836,266,0,0,266,0.8961542848736461,0.8963244296256997
494,gap,tnr_0.5,0.026668933984525914,0.7816236626809314,0.8247011952191236,0.742822966507177,0.5037593984962406,621,132,215,134,132,0.8961542848736461,0.8963244296256997
494,gap,tnr_0.7,0.048120095530385994,0.7279053583855254,0.870216306156406,0.6255980861244019,0.706766917293233,523,78,313,188,78,0.8961542848736461,0.8963244296256997
494,gap,robust_balanced,0.044570231328764476,0.7398764584763212,0.8679549114331723,0.6447368421052632,0.6917293233082706,539,82,297,184,82,0.8961542848736461,0.8963244296256997
495,absolute,best_f1,0.34921352213815304,0.8710021321961621,0.7780952380952381,0.9891041162227603,0.14652014652014653,817,233,9,40,233,0.9141756096821458,0.9143903092818876
495,absolute,tnr_0.5,0.47978406220422365,0.8548876745598057,0.8574908647990256,0.8523002421307506,0.5714285714285714,704,117,122,156,117,0.9141756096821458,0.9143903092818876
495,absolute,tnr_0.7,0.5505529232665857,0.7510548523206751,0.8959731543624161,0.6464891041162227,0.7728937728937729,534,62,292,211,62,0.9141756096821458,0.9143903092818876
495,absolute,robust_balanced,0.5495953464415451,0.7543736878936319,0.8938640132669984,0.652542372881356,0.7655677655677655,539,64,287,209,64,0.9141756096821458,0.9143903092818876
495,gap,best_f1,7.786060185943633e-05,0.8581818181818182,0.7515923566878981,1.0,0.0,826,273,0,0,273,0.9019538210011591,0.9020967316438243
495,gap,tnr_0.5,0.026668933984525914,0.7822784810126582,0.8196286472148541,0.7481840193704601,0.5018315018315018,618,136,208,137,136,0.9019538210011591,0.9020967316438243
495,gap,tnr_0.7,0.048120095530385994,0.7288256227758008,0.8842832469775475,0.6198547215496368,0.7545787545787546,512,67,314,206,67,0.9019538210011591,0.9020967316438243
495,gap,robust_balanced,0.044570231328764476,0.7405857740585774,0.8733552631578947,0.6428571428571429,0.717948717948718,531,77,295,196,77,0.9019538210011591,0.9020967316438243
496,absolute,best_f1,0.34921352213815304,0.8637837837837837,0.7682692307692308,0.9864197530864197,0.10740740740740741,799,241,11,29,241,0.8997815369165497,0.8999994964849111
496,absolute,tnr_0.5,0.47978406220422365,0.8197969543147208,0.8433420365535248,0.7975308641975308,0.5555555555555556,646,120,164,150,120,0.8997815369165497,0.8999994964849111
496,absolute,tnr_0.7,0.5505529232665857,0.7088607594936709,0.8930581613508443,0.5876543209876544,0.7888888888888889,476,57,334,213,57,0.8997815369165497,0.8999994964849111
496,absolute,robust_balanced,0.5495953464415451,0.7107806691449814,0.8934579439252337,0.5901234567901235,0.7888888888888889,478,57,332,213,57,0.8997815369165497,0.8999994964849111
496,gap,best_f1,7.786060185943633e-05,0.8571428571428571,0.75,1.0,0.0,810,270,0,0,270,0.887805098057297,0.8880064286254226
496,gap,tnr_0.5,0.026668933984525914,0.7638522427440633,0.8201133144475921,0.7148148148148148,0.5296296296296297,579,127,231,143,127,0.887805098057297,0.8880064286254226
496,gap,tnr_0.7,0.048120095530385994,0.6971935007385525,0.8676470588235294,0.582716049382716,0.7333333333333333,472,72,338,198,72,0.887805098057297,0.8880064286254226
496,gap,robust_balanced,0.044570231328764476,0.7200577200577201,0.8663194444444444,0.6160493827160494,0.7148148148148148,499,77,311,193,77,0.887805098057297,0.8880064286254226
497,absolute,best_f1,0.34921352213815304,0.8759124087591241,0.7857811038353602,0.9893992932862191,0.16117216117216118,840,229,9,44,229,0.8932889489352555,0.8935096658497373
497,absolute,tnr_0.5,0.47978406220422365,0.8137603795966786,0.8195937873357229,0.8080094228504122,0.4468864468864469,686,151,163,122,151,0.8932889489352555,0.8935096658497373
497,absolute,tnr_0.7,0.5505529232665857,0.7102931152010906,0.843042071197411,0.6136631330977621,0.6446886446886447,521,97,328,176,97,0.8932889489352555,0.8935096658497373
497,absolute,robust_balanced,0.5495953464415451,0.7155465037338764,0.844551282051282,0.6207302709069493,0.6446886446886447,527,97,322,176,97,0.8932889489352555,0.8935096658497373
497,gap,best_f1,7.786060185943633e-05,0.8619289340101522,0.7573595004460303,1.0,0.003663003663003663,849,272,0,1,272,0.8761679370670853,0.8764216322791964
497,gap,tnr_0.5,0.026668933984525914,0.764299182903834,0.8194070080862533,0.7161366313309776,0.5091575091575091,608,134,241,139,134,0.8761679370670853,0.8764216322791964
497,gap,tnr_0.7,0.048120095530385994,0.6926345609065155,0.8685612788632326,0.5759717314487632,0.7289377289377289,489,74,360,199,74,0.8761679370670853,0.8764216322791964
497,gap,robust_balanced,0.044570231328764476,0.7102154273801251,0.8661016949152542,0.6018845700824499,0.7106227106227107,511,79,338,194,79,0.8761679370670853,0.8764216322791964
498,absolute,best_f1,0.34921352213815304,0.8593996840442338,0.7626168224299066,0.9843184559710495,0.13310580204778158,816,254,13,39,254,0.8770086604291178,0.8772671951652442
498,absolute,tnr_0.5,0.47978406220422365,0.8190018039687312,0.8165467625899281,0.8214716525934861,0.4778156996587031,681,153,148,140,153,0.8770086604291178,0.8772671951652442
498,absolute,tnr_0.7,0.5505529232665857,0.7093184979137691,0.8374384236453202,0.6151990349819059,0.6621160409556314,510,99,319,194,99,0.8770086604291178,0.8772671951652442
498,absolute,robust_balanced,0.5495953464415451,0.7164591977869986,0.839546191247974,0.6248492159227985,0.6621160409556314,518,99,311,194,99,0.8770086604291178,0.8772671951652442
498,gap,best_f1,7.786060185943633e-05,0.849820604818042,0.7388591800356507,1.0,0.0,829,293,0,0,293,0.888247197836119,0.8884203207674556
498,gap,tnr_0.5,0.026668933984525914,0.7740292807129217,0.8194070080862533,0.7334137515078407,0.5426621160409556,608,134,221,159,134,0.888247197836119,0.8884203207674556
498,gap,tnr_0.7,0.048120095530385994,0.6995708154506438,0.859402460456942,0.5898673100120627,0.726962457337884,489,80,340,213,80,0.888247197836119,0.8884203207674556
498,gap,robust_balanced,0.044570231328764476,0.7143859649122807,0.8540268456375839,0.6139927623642943,0.7030716723549488,509,87,320,206,87,0.888247197836119,0.8884203207674556
499,absolute,best_f1,0.34921352213815304,0.8644251626898047,0.765609990393852,0.9925280199252802,0.11913357400722022,797,244,6,33,244,0.8639078439720734,0.8642504515099476
499,absolute,tnr_0.5,0.47978406220422365,0.8257904525728457,0.8222222222222222,0.8293897882938979,0.48014440433212996,666,144,137,133,144,0.8639078439720734,0.8642504515099476
499,absolute,tnr_0.7,0.5505529232665857,0.7290780141843972,0.8467874794069192,0.6400996264009963,0.6642599277978339,514,93,289,184,93,0.8639078439720734,0.8642504515099476
499,absolute,robust_balanced,0.5495953464415451,0.7348377997179125,0.8471544715447155,0.6488169364881694,0.6606498194945848,521,94,282,183,94,0.8639078439720734,0.8642504515099476
499,gap,best_f1,7.786060185943633e-05,0.8533475026567482,0.7442075996292864,1.0,0.0036101083032490976,803,276,0,1,276,0.8436950433774046,0.8440277774282812
499,gap,tnr_0.5,0.026668933984525914,0.7480519480519481,0.7815468113975577,0.7173100871731009,0.4187725631768953,576,161,227,116,161,0.8436950433774046,0.8440277774282812
499,gap,tnr_0.7,0.048120095530385994,0.662747979426892,0.8082437275985663,0.5616438356164384,0.6137184115523465,451,107,352,170,107,0.8436950433774046,0.8440277774282812
499,gap,robust_balanced,0.044570231328764476,0.6843997124370956,0.8095238095238095,0.5927770859277709,0.5956678700361011,476,112,327,165,112,0.8436950433774046,0.8440277774282812
