threshold,f1,precision,recall,tnr,tp,fp,fn,tn_unknown,fp_unknown,auc_pr_trapezoid,ap_pr_step
0.4659911520733991,0.0,,0.0,1.0,0,0,346944,231296,0,0.47954610004492026,0.47972230356968354
0.46599115207339903,0.0024009603841536613,1.0,0.001201923076923077,1.0,417,0,346527,231296,0,0.47954610004492026,0.47972230356968354
0.45918790643602114,0.004796163069544364,1.0,0.002403846153846154,1.0,834,0,346110,231296,0,0.47954610004492026,0.47972230356968354
0.441410292174164,0.00718562874251497,1.0,0.003605769230769231,1.0,1251,0,345693,231296,0,0.47954610004492026,0.47972230356968354
0.4370850989735509,0.009569377990430622,1.0,0.004807692307692308,1.0,1668,0,345276,231296,0,0.47954610004492026,0.47972230356968354
0.43067251823084596,0.011947431302270013,1.0,0.006009615384615385,1.0,2085,0,344859,231296,0,0.47954610004492026,0.47972230356968354
0.428965058392077,0.014319809069212411,1.0,0.007211538461538462,1.0,2502,0,344442,231296,0,0.47954610004492026,0.47972230356968354
0.4254813228974363,0.0166865315852205,1.0,0.008413461538461538,1.0,2919,0,344025,231296,0,0.47954610004492026,0.47972230356968354
0.42520873158063965,0.01904761904761905,1.0,0.009615384615384616,1.0,3336,0,343608,231296,0,0.47954610004492026,0.47972230356968354
0.4207125423596874,0.02140309155766944,1.0,0.010817307692307692,1.0,3753,0,343191,231296,0,0.47954610004492026,0.47972230356968354
0.4195493873167696,0.023752969121140142,1.0,0.01201923076923077,1.0,4170,0,342774,231296,0,0.47954610004492026,0.47972230356968354
0.4189615321349952,0.02609727164887307,1.0,0.013221153846153846,1.0,4587,0,342357,231296,0,0.47954610004492026,0.47972230356968354
0.4177763811108394,0.02843601895734597,1.0,0.014423076923076924,1.0,5004,0,341940,231296,0,0.47954610004492026,0.47972230356968354
0.41475428517173896,0.03076923076923077,1.0,0.015625,1.0,5421,0,341523,231296,0,0.47954610004492026,0.47972230356968354
0.4115717564701985,0.03309692671394799,1.0,0.016826923076923076,1.0,5838,0,341106,231296,0,0.47954610004492026,0.47972230356968354
0.4085741386390731,0.03541912632821724,1.0,0.018028846153846152,1.0,6255,0,340689,231296,0,0.47954610004492026,0.47972230356968354
0.40073032942405873,0.03773584905660377,1.0,0.019230769230769232,1.0,6672,0,340272,231296,0,0.47954610004492026,0.47972230356968354
0.4006725807718996,0.04004711425206125,1.0,0.020432692307692308,1.0,7089,0,339855,231296,0,0.47954610004492026,0.47972230356968354
0.3940780685824187,0.042352941176470586,1.0,0.021634615384615384,1.0,7506,0,339438,231296,0,0.47954610004492026,0.47972230356968354
0.3906259686650422,0.04465334900117509,1.0,0.02283653846153846,1.0,7923,0,339021,231296,0,0.47954610004492026,0.47972230356968354
0.38901710345481877,0.046948356807511735,1.0,0.02403846153846154,1.0,8340,0,338604,231296,0,0.47954610004492026,0.47972230356968354
0.3758639089853688,0.0492379835873388,1.0,0.025240384615384616,1.0,8757,0,338187,231296,0,0.47954610004492026,0.47972230356968354
0.3708364131032238,0.05152224824355972,1.0,0.026442307692307692,1.0,9174,0,337770,231296,0,0.47954610004492026,0.47972230356968354
0.36115628214223006,0.05380116959064327,1.0,0.027644230769230768,1.0,9591,0,337353,231296,0,0.47954610004492026,0.47972230356968354
0.3599096316795919,0.056074766355140186,1.0,0.028846153846153848,1.0,10008,0,336936,231296,0,0.47954610004492026,0.47972230356968354
0.35866826919845396,0.058343057176196034,1.0,0.030048076923076924,1.0,10425,0,336519,231296,0,0.47954610004492026,0.47972230356968354
0.3585616538795009,0.06060606060606061,1.0,0.03125,1.0,10842,0,336102,231296,0,0.47954610004492026,0.47972230356968354
0.3578272438328759,0.06286379511059371,1.0,0.03245192307692308,1.0,11259,0,335685,231296,0,0.47954610004492026,0.47972230356968354
0.3476404392549693,0.06511627906976744,1.0,0.03365384615384615,1.0,11676,0,335268,231296,0,0.47954610004492026,0.47972230356968354
0.3309251130639268,0.06736353077816493,1.0,0.03485576923076923,1.0,12093,0,334851,231296,0,0.47954610004492026,0.47972230356968354
0.3276711497743183,0.06960556844547564,1.0,0.036057692307692304,1.0,12510,0,334434,231296,0,0.47954610004492026,0.47972230356968354
0.32583988575110356,0.07184241019698726,1.0,0.037259615384615384,1.0,12927,0,334017,231296,0,0.47954610004492026,0.47972230356968354
0.3252255109883459,0.07407407407407407,1.0,0.038461538461538464,1.0,13344,0,333600,231296,0,0.47954610004492026,0.47972230356968354
0.3236250533118483,0.07630057803468208,1.0,0.039663461538461536,1.0,13761,0,333183,231296,0,0.47954610004492026,0.47972230356968354
0.32079479064480215,0.07852193995381063,1.0,0.040865384615384616,1.0,14178,0,332766,231296,0,0.47954610004492026,0.47972230356968354
0.3207722818278354,0.08073817762399077,1.0,0.042067307692307696,1.0,14595,0,332349,231296,0,0.47954610004492026,0.47972230356968354
0.32045454377983834,0.08294930875576037,1.0,0.04326923076923077,1.0,15012,0,331932,231296,0,0.47954610004492026,0.47972230356968354
0.3176688399355635,0.08515535097813579,1.0,0.04447115384615385,1.0,15429,0,331515,231296,0,0.47954610004492026,0.47972230356968354
0.316292797441068,0.08735632183908046,1.0,0.04567307692307692,1.0,15846,0,331098,231296,0,0.47954610004492026,0.47972230356968354
0.31604066345209963,0.08725602755453502,0.9743589743589743,0.04567307692307692,1.0,15846,417,331098,231296,0,0.47954610004492026,0.47972230356968354
0.31376022114172364,0.08944954128440367,0.975,0.046875,1.0,16263,417,330681,231296,0,0.47954610004492026,0.47972230356968354
0.31252687697570625,0.09163802978235967,0.975609756097561,0.04807692307692308,1.0,16680,417,330264,231296,0,0.47954610004492026,0.47972230356968354
0.309374939160766,0.09382151029748284,0.9761904761904762,0.04927884615384615,1.0,17097,417,329847,231296,0,0.47954610004492026,0.47972230356968354
0.3027388115210593,0.096,0.9767441860465116,0.05048076923076923,1.0,17514,417,329430,231296,0,0.47954610004492026,0.47972230356968354
0.30171689230330867,0.09817351598173515,0.9772727272727273,0.051682692307692304,1.0,17931,417,329013,231296,0,0.47954610004492026,0.47972230356968354
0.3012749848242824,0.10034207525655645,0.9777777777777777,0.052884615384615384,1.0,18348,417,328596,231296,0,0.47954610004492026,0.47972230356968354
0.29991754455812675,0.10250569476082004,0.9782608695652174,0.054086538461538464,1.0,18765,417,328179,231296,0,0.47954610004492026,0.47972230356968354
0.29984952903879847,0.10466439135381114,0.9787234042553191,0.055288461538461536,1.0,19182,417,327762,231296,0,0.47954610004492026,0.47972230356968354
0.29841394165583823,0.10681818181818181,0.9791666666666666,0.056490384615384616,1.0,19599,417,327345,231296,0,0.47954610004492026,0.47972230356968354
0.2964306470716582,0.10896708286038592,0.9795918367346939,0.057692307692307696,1.0,20016,417,326928,231296,0,0.47954610004492026,0.47972230356968354
0.29587430205775,0.1111111111111111,0.98,0.05889423076923077,1.0,20433,417,326511,231296,0,0.47954610004492026,0.47972230356968354
0.2948131004783555,0.11325028312570781,0.9803921568627451,0.06009615384615385,1.0,20850,417,326094,231296,0,0.47954610004492026,0.47972230356968354
0.29420389398657115,0.11538461538461539,0.9807692307692307,0.06129807692307692,1.0,21267,417,325677,231296,0,0.47954610004492026,0.47972230356968354
0.2929662841421055,0.11751412429378531,0.9811320754716981,0.0625,1.0,21684,417,325260,231296,0,0.47954610004492026,0.47972230356968354
0.2901332790715603,0.11963882618510158,0.9814814814814815,0.06370192307692307,1.0,22101,417,324843,231296,0,0.47954610004492026,0.47972230356968354
0.2899879539661485,0.12175873731679819,0.9818181818181818,0.06490384615384616,1.0,22518,417,324426,231296,0,0.47954610004492026,0.47972230356968354
0.28528834705497896,0.12387387387387387,0.9821428571428571,0.06610576923076923,1.0,22935,417,324009,231296,0,0.47954610004492026,0.47972230356968354
0.2850369227948614,0.12598425196850394,0.9824561403508771,0.0673076923076923,1.0,23352,417,323592,231296,0,0.47954610004492026,0.47972230356968354
0.2836279780035559,0.12808988764044943,0.9827586206896551,0.06850961538461539,1.0,23769,417,323175,231296,0,0.47954610004492026,0.47972230356968354
0.2830556698380191,0.13019079685746351,0.9830508474576272,0.06971153846153846,1.0,24186,417,322758,231296,0,0.47954610004492026,0.47972230356968354
0.2829082923371615,0.13228699551569506,0.9833333333333333,0.07091346153846154,1.0,24603,417,322341,231296,0,0.47954610004492026,0.47972230356968354
0.28268700424267557,0.1343784994400896,0.9836065573770492,0.07211538461538461,1.0,25020,417,321924,231296,0,0.47954610004492026,0.47972230356968354
0.2806100041822612,0.13646532438478748,0.9838709677419355,0.0733173076923077,1.0,25437,417,321507,231296,0,0.47954610004492026,0.47972230356968354
0.2779706585237448,0.13854748603351955,0.9841269841269841,0.07451923076923077,1.0,25854,417,321090,231296,0,0.47954610004492026,0.47972230356968354
0.2779044030857889,0.140625,0.984375,0.07572115384615384,1.0,26271,417,320673,231296,0,0.47954610004492026,0.47972230356968354
0.27556010515233487,0.1426978818283166,0.9846153846153847,0.07692307692307693,1.0,26688,417,320256,231296,0,0.47954610004492026,0.47972230356968354
0.2755501408707884,0.14238118229518168,0.9552922647385188,0.07692307692307693,0.9964028776978417,26688,1249,320256,230464,832,0.47954610004492026,0.47972230356968354
0.2752129415902547,0.14444521420311326,0.9559497778091275,0.078125,0.9964028776978417,27105,1249,319839,230464,832,0.47954610004492026,0.47972230356968354
0.27393929687677415,0.14650466443980145,0.9565882312050329,0.07932692307692307,0.9964028776978417,27522,1249,319422,230464,832,0.47954610004492026,0.47972230356968354
0.27279577945044226,0.14855954824370168,0.9572084418254077,0.08052884615384616,0.9964028776978417,27939,1249,319005,230464,832,0.47954610004492026,0.47972230356968354
0.27248791850335086,0.1506098807857676,0.9578111805438271,0.08173076923076923,0.9964028776978417,28356,1249,318588,230464,832,0.47954610004492026,0.47972230356968354
0.27230416235148125,0.15265567716982434,0.9583971754047033,0.0829326923076923,0.9964028776978417,28773,1249,318171,230464,832,0.47954610004492026,0.47972230356968354
0.2712684604942408,0.1546969524329395,0.9589671145569828,0.08413461538461539,0.9964028776978417,29190,1249,317754,230464,832,0.47954610004492026,0.47972230356968354
0.27123053757335414,0.15673372154579143,0.9595216489499611,0.08533653846153846,0.9964028776978417,29607,1249,317337,230464,832,0.47954610004492026,0.47972230356968354
0.2699239409387214,0.15876599941303537,0.9600613948134173,0.08653846153846154,0.9964028776978417,30024,1249,316920,230464,832,0.47954610004492026,0.47972230356968354
0.26466517862130906,0.16079380087366693,0.9605869359419376,0.08774038461538461,0.9964028776978417,30441,1249,316503,230464,832,0.47954610004492026,0.47972230356968354
0.26393713848129685,0.16061690907028342,0.9481110038309403,0.08774038461538461,0.9964028776978417,30441,1666,316503,230464,832,0.47954610004492026,0.47972230356968354
0.2637947203155959,0.16263821982354243,0.9487762882794244,0.0889423076923077,0.9964028776978417,30858,1666,316086,230464,832,0.47954610004492026,0.47972230356968354
0.2623918951123815,0.16465509298866762,0.9494247290610486,0.09014423076923077,0.9964028776978417,31275,1666,315669,230464,832,0.47954610004492026,0.47972230356968354
0.2609676919594689,0.16666754316306515,0.9500569578511902,0.09134615384615384,0.9964028776978417,31692,1666,315252,230464,832,0.47954610004492026,0.47972230356968354
0.25989703199095493,0.16630371470401487,0.9269377010821878,0.09134615384615384,0.9928057553956835,31692,2498,315252,229632,1664,0.47954610004492026,0.47972230356968354
0.25776489860310536,0.16830777536947877,0.9278180714884272,0.09254807692307693,0.9928057553956835,32109,2498,314835,229632,1664,0.47954610004492026,0.47972230356968354
0.2571084836080994,0.17030746031081137,0.9286774783005939,0.09375,0.9928057553956835,32526,2498,314418,229632,1664,0.47954610004492026,0.47972230356968354
0.2566925445091759,0.1723027838435085,0.9295166614937502,0.09495192307692307,0.9928057553956835,32943,2498,314001,229632,1664,0.47954610004492026,0.47972230356968354
0.25598012654659885,0.17429376022068852,0.9303363266216744,0.09615384615384616,0.9928057553956835,33360,2498,313584,229632,1664,0.47954610004492026,0.47972230356968354
0.2557036282633761,0.17391576346204976,0.9092395748160261,0.09615384615384616,0.9892086330935251,33360,3330,313584,228800,2496,0.47954610004492026,0.47972230356968354
0.25336783200188595,0.1758985134786786,0.9102595197671598,0.09735576923076923,0.9892086330935251,33777,3330,313167,228800,2496,0.47954610004492026,0.47972230356968354
0.25311688176050273,0.17787696245201162,0.9112567956507835,0.0985576923076923,0.9892086330935251,34194,3330,312750,228800,2496,0.47954610004492026,0.47972230356968354
0.2517963694785328,0.17985112436182235,0.9122321499169763,0.09975961538461539,0.9892086330935251,34611,3330,312333,228800,2496,0.47954610004492026,0.47972230356968354
0.25046183430512425,0.18182101312736504,0.9131862975129047,0.10096153846153846,0.9892086330935251,35028,3330,311916,228800,2496,0.47954610004492026,0.47972230356968354
0.2501901829521451,0.18378664260770147,0.914119922630561,0.10216346153846154,0.9892086330935251,35445,3330,311499,228800,2496,0.47954610004492026,0.47972230356968354
0.24958960624378546,0.18574802660202622,0.9150336803429271,0.10336538461538461,0.9892086330935251,35862,3330,311082,228800,2496,0.47954610004492026,0.47972230356968354
0.24952166035080925,0.18770517884998952,0.915928198136787,0.1045673076923077,0.9892086330935251,36279,3330,310665,228800,2496,0.47954610004492026,0.47972230356968354
0.24915541060942503,0.189658113032018,0.9168040773497227,0.10576923076923077,0.9892086330935251,36696,3330,310248,228800,2496,0.47954610004492026,0.47972230356968354
0.24875345963927586,0.19160684276963347,0.9176618945182108,0.10697115384615384,0.9892086330935251,37113,3330,309831,228800,2496,0.47954610004492026,0.47972230356968354
0.24623658439402163,0.1935513816257697,0.9185022026431718,0.10817307692307693,0.9892086330935251,37530,3330,309414,228800,2496,0.47954610004492026,0.47972230356968354
0.24320769467665138,0.19549174310508705,0.9193255323788067,0.109375,0.9892086330935251,37947,3330,308997,228800,2496,0.47954610004492026,0.47972230356968354
0.24273619417740455,0.19742794065428496,0.9201323931500935,0.11057692307692307,0.9892086330935251,38364,3330,308580,228800,2496,0.47954610004492026,0.47972230356968354
0.24249720668461705,0.19935998766241278,0.9209232742038898,0.11177884615384616,0.9892086330935251,38781,3330,308163,228800,2496,0.47954610004492026,0.47972230356968354
0.24123247975697343,0.2012878974611782,0.9216986455981941,0.11298076923076923,0.9892086330935251,39198,3330,307746,228800,2496,0.47954610004492026,0.47972230356968354
0.23921313295750202,0.2032116833252541,0.9224589591337757,0.1141826923076923,0.9892086330935251,39615,3330,307329,228800,2496,0.47954610004492026,0.47972230356968354
0.23885888337491995,0.20513135847258304,0.9232046492320465,0.11538461538461539,0.9892086330935251,40032,3330,306912,228800,2496,0.47954610004492026,0.47972230356968354
0.23879026257984393,0.20704693606468008,0.923936133762763,0.11658653846153846,0.9892086330935251,40449,3330,306495,228800,2496,0.47954610004492026,0.47972230356968354
0.2376758204855332,0.20895842920693358,0.9246538148248711,0.11778846153846154,0.9892086330935251,40866,3330,306078,228800,2496,0.47954610004492026,0.47972230356968354
0.23498129807624663,0.210865850948904,0.9253580794835586,0.11899038461538461,0.9892086330935251,41283,3330,305661,228800,2496,0.47954610004492026,0.47972230356968354
0.2337835793654619,0.21276921428462092,0.9260493004663558,0.1201923076923077,0.9892086330935251,41700,3330,305244,228800,2496,0.47954610004492026,0.47972230356968354
0.2328949758155887,0.21466853215287812,0.9267278368209123,0.12139423076923077,0.9892086330935251,42117,3330,304827,228800,2496,0.47954610004492026,0.47972230356968354
0.23178867369526884,0.21656381743752673,0.9273940345368917,0.12259615384615384,0.9892086330935251,42534,3330,304410,228800,2496,0.47954610004492026,0.47972230356968354
0.23104423491965664,0.21845508296776656,0.9280482271342452,0.12379807692307693,0.9892086330935251,42951,3330,303993,228800,2496,0.47954610004492026,0.47972230356968354
0.23078910540714143,0.22034234151843554,0.9286907362199666,0.125,0.9892086330935251,43368,3330,303576,228800,2496,0.47954610004492026,0.47972230356968354
0.23009053829681836,0.22222560581029743,0.9293218720152817,0.12620192307692307,0.9892086330935251,43785,3330,303159,228800,2496,0.47954610004492026,0.47972230356968354
0.2296563573469782,0.22410488851032762,0.929941933855087,0.12740384615384615,0.9892086330935251,44202,3330,302742,228800,2496,0.47954610004492026,0.47972230356968354
0.2296025451069369,0.22598020223199702,0.9305512106613276,0.12860576923076922,0.9892086330935251,44619,3330,302325,228800,2496,0.47954610004492026,0.47972230356968354
0.2293530261132668,0.2278515595355544,0.9311499813918869,0.12980769230769232,0.9892086330935251,45036,3330,301908,228800,2496,0.47954610004492026,0.47972230356968354
0.22547460796669228,0.22971897292830665,0.9317385154664535,0.1310096153846154,0.9892086330935251,45453,3330,301491,228800,2496,0.47954610004492026,0.47972230356968354
0.2233728071061134,0.23158245486489762,0.9323170731707318,0.13221153846153846,0.9892086330935251,45870,3330,301074,228800,2496,0.47954610004492026,0.47972230356968354
0.22300780508095575,0.23344201774758486,0.9328859060402684,0.13341346153846154,0.9892086330935251,46287,3330,300657,228800,2496,0.47954610004492026,0.47972230356968354
0.22191623687919843,0.23529767392651482,0.933445257225087,0.1346153846153846,0.9892086330935251,46704,3330,300240,228800,2496,0.47954610004492026,0.47972230356968354
0.22071506658632145,0.23480556044342776,0.9181771713914992,0.1346153846153846,0.9856115107913669,46704,4162,300240,227968,3328,0.47954610004492026,0.47972230356968354
0.21971433063853363,0.23665396871633515,0.9188425014137238,0.13581730769230768,0.9856115107913669,47121,4162,299823,227968,3328,0.47954610004492026,0.47972230356968354
0.21881688253768916,0.23849850994872618,0.9194970986460348,0.13701923076923078,0.9856115107913669,47538,4162,299406,227968,3328,0.47954610004492026,0.47972230356968354
0.21841322378515227,0.24033919626322792,0.9201412207149299,0.13822115384615385,0.9856115107913669,47955,4162,298989,227968,3328,0.47954610004492026,0.47972230356968354
0.21621295315127664,0.24217603973185006,0.9207751170670423,0.13942307692307693,0.9856115107913669,48372,4162,298572,227968,3328,0.47954610004492026,0.47972230356968354
0.21576868493174095,0.24400905237624876,0.9213990292912315,0.140625,0.9856115107913669,48789,4162,298155,227968,3328,0.47954610004492026,0.47972230356968354
0.21571626481514394,0.24583824616798897,0.9220131914255734,0.14182692307692307,0.9856115107913669,49206,4162,297738,227968,3328,0.47954610004492026,0.47972230356968354
0.21555761153093905,0.247663633028805,0.9226178302500697,0.14302884615384615,0.9856115107913669,49623,4162,297321,227968,3328,0.47954610004492026,0.47972230356968354
0.21521851808440806,0.24948522483085958,0.9232131655658463,0.14423076923076922,0.9856115107913669,50040,4162,296904,227968,3328,0.47954610004492026,0.47972230356968354
0.21514752975416018,0.2513030333970012,0.923799410461561,0.14543269230769232,0.9856115107913669,50457,4162,296487,227968,3328,0.47954610004492026,0.47972230356968354
0.2144625304992398,0.25311707050101995,0.9243767715677011,0.1466346153846154,0.9856115107913669,50874,4162,296070,227968,3328,0.47954610004492026,0.47972230356968354
0.21417106007860204,0.2528547678039349,0.9174255675977855,0.1466346153846154,0.9856115107913669,50874,4579,296070,227968,3328,0.47954610004492026,0.47972230356968354
0.21165942869088744,0.254663442680741,0.9180418829425452,0.14783653846153846,0.9856115107913669,51291,4579,295653,227968,3328,0.47954610004492026,0.47972230356968354
0.21130818627578596,0.25646837668730826,0.9186490663918845,0.14903846153846154,0.9856115107913669,51708,4579,295236,227968,3328,0.47954610004492026,0.47972230356968354
0.20988835311808302,0.25826958141747264,0.9192473194130926,0.1502403846153846,0.9856115107913669,52125,4579,294819,227968,3328,0.47954610004492026,0.47972230356968354
0.20952452770240082,0.2600670684172101,0.9198368375903783,0.15144230769230768,0.9856115107913669,52542,4579,294402,227968,3328,0.47954610004492026,0.47972230356968354
0.20942592616054978,0.2618608491848834,0.9204178108380549,0.15264423076923078,0.9856115107913669,52959,4579,293985,227968,3328,0.47954610004492026,0.47972230356968354
0.2091905262369056,0.2636509351714872,0.9209904236045208,0.15384615384615385,0.9856115107913669,53376,4579,293568,227968,3328,0.47954610004492026,0.47972230356968354
0.20911507377956218,0.26543733778089196,0.9215548550674981,0.15504807692307693,0.9856115107913669,53793,4579,293151,227968,3328,0.47954610004492026,0.47972230356968354
0.20889256713652238,0.2672200683700858,0.9221112793209614,0.15625,0.9856115107913669,54210,4579,292734,227968,3328,0.47954610004492026,0.47972230356968354
0.2076434854927518,0.26899913824941524,0.9226598655541668,0.15745192307692307,0.9856115107913669,54627,4579,292317,227968,3328,0.47954610004492026,0.47972230356968354
0.20749998315630214,0.27077455868282474,0.9232007782231689,0.15865384615384615,0.9856115107913669,55044,4579,291900,227968,3328,0.47954610004492026,0.47972230356968354
0.20324647175613553,0.2725463408880939,0.9237341772151899,0.15985576923076922,0.9856115107913669,55461,4579,291483,227968,3328,0.47954610004492026,0.47972230356968354
0.20294693758580296,0.27431449603707403,0.9242602180061862,0.16105769230769232,0.9856115107913669,55878,4579,291066,227968,3328,0.47954610004492026,0.47972230356968354
0.2014830779781691,0.276079035255923,0.9247790518119394,0.1622596153846154,0.9856115107913669,56295,4579,290649,227968,3328,0.47954610004492026,0.47972230356968354
0.20043454698027552,0.27783996962533836,0.9252908257329787,0.16346153846153846,0.9856115107913669,56712,4579,290232,227968,3328,0.47954610004492026,0.47972230356968354
0.19981724598712214,0.27959731018078954,0.925795682893628,0.16466346153846154,0.9856115107913669,57129,4579,289815,227968,3328,0.47954610004492026,0.47972230356968354
0.19785600477735188,0.2813510679127482,0.9262937625754527,0.1658653846153846,0.9856115107913669,57546,4579,289398,227968,3328,0.47954610004492026,0.47972230356968354
0.19692996764909793,0.2831012537669175,0.9267852003453679,0.16706730769230768,0.9856115107913669,57963,4579,288981,227968,3328,0.47954610004492026,0.47972230356968354
0.19526912962039789,0.28484787864445976,0.927270128178656,0.16826923076923078,0.9856115107913669,58380,4579,288564,227968,3328,0.47954610004492026,0.47972230356968354
0.19489620886721792,0.2865909534022227,0.927748674577127,0.16947115384615385,0.9856115107913669,58797,4579,288147,227968,3328,0.47954610004492026,0.47972230356968354
0.1947552163439793,0.2883304888529643,0.9282209646826455,0.17067307692307693,0.9856115107913669,59214,4579,287730,227968,3328,0.47954610004492026,0.47972230356968354
0.1922453307747654,0.2900664957655769,0.9286871203862327,0.171875,0.9856115107913669,59631,4579,287313,227968,3328,0.47954610004492026,0.47972230356968354
0.1917162557549178,0.2894807105095804,0.9168076012422742,0.171875,0.9820143884892086,59631,5411,287313,227136,4160,0.47954610004492026,0.47972230356968354
0.19158143220446883,0.29121029672432064,0.9173375700820361,0.17307692307692307,0.9820143884892086,60048,5411,286896,227136,4160,0.47954610004492026,0.47972230356968354
0.19157796175050523,0.2929363887408556,0.9178608294371243,0.17427884615384615,0.9820143884892086,60465,5411,286479,227136,4160,0.47954610004492026,0.47972230356968354
0.18958894632494427,0.29465899713723603,0.9183775059206855,0.17548076923076922,0.9820143884892086,60882,5411,286062,227136,4160,0.47954610004492026,0.47972230356968354
0.18940624785670723,0.2940669308738399,0.9069944134078213,0.17548076923076922,0.9784172661870504,60882,6243,286062,226304,4992,0.47954610004492026,0.47972230356968354
0.18917121042604568,0.29578321101315846,0.9075686239673092,0.17668269230769232,0.9784172661870504,61299,6243,285645,226304,4992,0.47954610004492026,0.47972230356968354
0.18886024530617507,0.297496041243375,0.9081357877543813,0.1778846153846154,0.9784172661870504,61716,6243,285228,226304,4992,0.47954610004492026,0.47972230356968354
0.18838257505703082,0.29920543195608207,0.9086960336960337,0.17908653846153846,0.9784172661870504,62133,6243,284811,226304,4992,0.47954610004492026,0.47972230356968354
0.18667268121839192,0.30091139350117985,0.9092494875932144,0.18028846153846154,0.9784172661870504,62550,6243,284394,226304,4992,0.47954610004492026,0.47972230356968354
0.18632131273087021,0.3026139361870846,0.9097962722149978,0.1814903846153846,0.9784172661870504,62967,6243,283977,226304,4992,0.47954610004492026,0.47972230356968354
0.18448271096572033,0.3043130702809365,0.9103365073893748,0.18269230769230768,0.9784172661870504,63384,6243,283560,226304,4992,0.47954610004492026,0.47972230356968354
0.1844504459049615,0.30600880600880603,0.9108703100908001,0.18389423076923078,0.9784172661870504,63801,6243,283143,226304,4992,0.47954610004492026,0.47972230356968354
0.1837005145941477,0.30770115355589894,0.9113977945246307,0.18509615384615385,0.9784172661870504,64218,6243,282726,226304,4992,0.47954610004492026,0.47972230356968354
0.18359860900663638,0.30739405775665235,0.9060357233556252,0.18509615384615385,0.9784172661870504,64218,6660,282726,226304,4992,0.47954610004492026,0.47972230356968354
0.18263998473805887,0.30708757432951017,0.9007363770250368,0.18509615384615385,0.9784172661870504,64218,7077,282726,226304,4992,0.47954610004492026,0.47972230356968354
0.1817928516453099,0.30877379041504244,0.9013135876840697,0.18629807692307693,0.9784172661870504,64635,7077,282309,226304,4992,0.47954610004492026,0.47972230356968354
0.18115500404019147,0.30846654401500456,0.8961028157883791,0.18629807692307693,0.9784172661870504,64635,7494,282309,226304,4992,0.47954610004492026,0.47972230356968354
0.17943205379721283,0.31014803690195236,0.8967000248118435,0.1875,0.9784172661870504,65052,7494,281892,226304,4992,0.47954610004492026,0.47972230356968354
0.1792386543958303,0.3118261900849474,0.8972904074667982,0.18870192307692307,0.9784172661870504,65469,7494,281475,226304,4992,0.47954610004492026,0.47972230356968354
0.1787655981427031,0.31350101350386844,0.8978740801308258,0.18990384615384615,0.9784172661870504,65886,7494,281058,226304,4992,0.47954610004492026,0.47972230356968354
0.1785640215682196,0.3151725170591884,0.8984511565510793,0.19110576923076922,0.9784172661870504,66303,7494,280641,226304,4992,0.47954610004492026,0.47972230356968354
0.17542014432210806,0.3168407106121693,0.8990217479181826,0.19230769230769232,0.9784172661870504,66720,7494,280224,226304,4992,0.47954610004492026,0.47972230356968354
0.17492779679270698,0.3162160240763999,0.889054713109293,0.19230769230769232,0.9748201438848921,66720,8326,280224,225472,5824,0.47954610004492026,0.47972230356968354
0.1747057913753971,0.3178782548584659,0.8896677842121304,0.1935096153846154,0.9748201438848921,67137,8326,279807,225472,5824,0.47954610004492026,0.47972230356968354
0.17466924163129527,0.3172533722081377,0.8799659217510977,0.1935096153846154,0.9712230215827338,67137,9158,279807,224640,6656,0.47954610004492026,0.47972230356968354
0.17449783988104584,0.31663094151686866,0.8704733750826559,0.1935096153846154,0.9676258992805755,67137,9990,279807,223808,7488,0.47954610004492026,0.47972230356968354
0.17261245947024056,0.3182846158195285,0.8711699164345403,0.19471153846153846,0.9676258992805755,67554,9990,279390,223808,7488,0.47954610004492026,0.47972230356968354
0.1725614145124722,0.3179722526211741,0.8665101781660061,0.19471153846153846,0.9676258992805755,67554,10407,279390,223808,7488,0.47954610004492026,0.47972230356968354
0.1710214130487221,0.3196213692214369,0.8672203934777616,0.19591346153846154,0.9676258992805755,67971,10407,278973,223808,7488,0.47954610004492026,0.47972230356968354
0.17090998509549427,0.321267255290213,0.8679230915667238,0.1971153846153846,0.9676258992805755,68388,10407,278556,223808,7488,0.47954610004492026,0.47972230356968354
0.17089047250899275,0.32290992031087207,0.8686183911528557,0.19831730769230768,0.9676258992805755,68805,10407,278139,223808,7488,0.47954610004492026,0.47972230356968354
0.17087396568220725,0.3222807198328759,0.859589725650892,0.19831730769230768,0.9640287769784173,68805,11239,278139,222976,8320,0.47954610004492026,0.47972230356968354
0.17060410901142853,0.3239175957230262,0.8603174208622811,0.19951923076923078,0.9640287769784173,69222,11239,277722,222976,8320,0.47954610004492026,0.47972230356968354
0.17058719683888057,0.32328827261539755,0.8515124303445561,0.19951923076923078,0.960431654676259,69222,12071,277722,222144,9152,0.47954610004492026,0.47972230356968354
0.17025647862068316,0.32491939886248583,0.8522702239627953,0.20072115384615385,0.960431654676259,69639,12071,277305,222144,9152,0.47954610004492026,0.47972230356968354
0.16974967852811185,0.3265473546336154,0.8530203221839346,0.20192307692307693,0.960431654676259,70056,12071,276888,222144,9152,0.47954610004492026,0.47972230356968354
0.16923602665696574,0.32817214916365534,0.8537628416359759,0.203125,0.960431654676259,70473,12071,276471,222144,9152,0.47954610004492026,0.47972230356968354
0.16893744298360686,0.32979379165164396,0.8544978966020178,0.20432692307692307,0.960431654676259,70890,12071,276054,222144,9152,0.47954610004492026,0.47972230356968354
0.16841051534722873,0.3291567708369608,0.8460133901399878,0.20432692307692307,0.9568345323741008,70890,12903,276054,221312,9984,0.47954610004492026,0.47972230356968354
0.16796160105038915,0.3285222061825571,0.8376957163958642,0.20432692307692307,0.9532374100719424,70890,13735,276054,220480,10816,0.47954610004492026,0.47972230356968354
0.16718452811487294,0.3301356988420921,0.8384915688718515,0.20552884615384615,0.9532374100719424,71307,13735,275637,220480,10816,0.47954610004492026,0.47972230356968354
0.16570586375488505,0.3298173231915597,0.8344001216957839,0.20552884615384615,0.9532374100719424,71307,14152,275637,220480,10816,0.47954610004492026,0.47972230356968354
0.16521809388641362,0.3291839301995453,0.8263550080541424,0.20552884615384615,0.9496402877697842,71307,14984,275637,219648,11648,0.47954610004492026,0.47972230356968354
0.16482914063158727,0.33079058784463117,0.8271901093324722,0.20673076923076922,0.9496402877697842,71724,14984,275220,219648,11648,0.47954610004492026,0.47972230356968354
0.1642765744505334,0.33239415853239923,0.8280172166427546,0.20793269230769232,0.9496402877697842,72141,14984,274803,219648,11648,0.47954610004492026,0.47972230356968354
0.16095865926770137,0.33399465115101523,0.8288364442210596,0.2091346153846154,0.9496402877697842,72558,14984,274386,219648,11648,0.47954610004492026,0.47972230356968354
0.1605662903108458,0.33559207455455586,0.8296479041371548,0.21033653846153846,0.9496402877697842,72975,14984,273969,219648,11648,0.47954610004492026,0.47972230356968354
0.15889716670475362,0.3371864375631719,0.8304517063456142,0.21153846153846154,0.9496402877697842,73392,14984,273552,219648,11648,0.47954610004492026,0.47972230356968354
0.15799221264493468,0.33877774896325075,0.831247958735486,0.2127403846153846,0.9496402877697842,73809,14984,273135,219648,11648,0.47954610004492026,0.47972230356968354
0.15686799962018827,0.3403660175075776,0.8320367671785674,0.21394230769230768,0.9496402877697842,74226,14984,272718,219648,11648,0.47954610004492026,0.47972230356968354
0.1568642762908149,0.34195125191549597,0.832818235576333,0.21514423076923078,0.9496402877697842,74643,14984,272301,219648,11648,0.47954610004492026,0.47972230356968354
0.1563320247668223,0.34353346087306746,0.8335924659055572,0.21634615384615385,0.9496402877697842,75060,14984,271884,219648,11648,0.47954610004492026,0.47972230356968354
0.15625030558137715,0.3451126530332301,0.8343595582626767,0.21754807692307693,0.9496402877697842,75477,14984,271467,219648,11648,0.47954610004492026,0.47972230356968354
0.15623309036920774,0.34668883701595626,0.8351196109069302,0.21875,0.9496402877697842,75894,14984,271050,219648,11648,0.47954610004492026,0.47972230356968354
0.15605340390840905,0.34826202140840956,0.8358727203023166,0.21995192307692307,0.9496402877697842,76311,14984,270633,219648,11648,0.47954610004492026,0.47972230356968354
0.15574575052007433,0.3498322147651007,0.8366189811584089,0.22115384615384615,0.9496402877697842,76728,14984,270216,219648,11648,0.47954610004492026,0.47972230356968354
0.15570104642513682,0.3513994256080424,0.8373584864700583,0.22235576923076922,0.9496402877697842,77145,14984,269799,219648,11648,0.47954610004492026,0.47972230356968354
0.15563042409721572,0.3529636624269039,0.8380913275560262,0.22355769230769232,0.9496402877697842,77562,14984,269382,219648,11648,0.47954610004492026,0.47972230356968354
0.1546102905324011,0.354524933679164,0.8388175940965761,0.2247596153846154,0.9496402877697842,77979,14984,268965,219648,11648,0.47954610004492026,0.47972230356968354
0.15453020721116317,0.3560832477902635,0.8395373741700578,0.22596153846153846,0.9496402877697842,78396,14984,268548,219648,11648,0.47954610004492026,0.47972230356968354
0.15445360876508274,0.35763861315375695,0.8402507542885167,0.22716346153846154,0.9496402877697842,78813,14984,268131,219648,11648,0.47954610004492026,0.47972230356968354
0.15430580914480818,0.3591910381314631,0.8409578194323561,0.2283653846153846,0.9496402877697842,79230,14984,267714,219648,11648,0.47954610004492026,0.47972230356968354
0.15421917200418683,0.3607405310536149,0.8416586530840845,0.22956730769230768,0.9496402877697842,79647,14984,267297,219648,11648,0.47954610004492026,0.47972230356968354
0.15420995953800365,0.3622871002190085,0.8423533372611733,0.23076923076923078,0.9496402877697842,80064,14984,266880,219648,11648,0.47954610004492026,0.47972230356968354
0.15387287962510288,0.3638307538951513,0.8430419525480543,0.23197115384615385,0.9496402877697842,80481,14984,266463,219648,11648,0.47954610004492026,0.47972230356968354
0.15384468288218384,0.3653715003184095,0.8437245781272814,0.23317307692307693,0.9496402877697842,80898,14984,266046,219648,11648,0.47954610004492026,0.47972230356968354
0.15359437580546081,0.36690934769415423,0.8444012918098838,0.234375,0.9496402877697842,81315,14984,265629,219648,11648,0.47954610004492026,0.47972230356968354
0.1534608858308557,0.36844430419690755,0.8450721700649324,0.23557692307692307,0.9496402877697842,81732,14984,265212,219648,11648,0.47954610004492026,0.47972230356968354
0.15324450913699716,0.3699763779704871,0.8457372880483461,0.23677884615384615,0.9496402877697842,82149,14984,264795,219648,11648,0.47954610004492026,0.47972230356968354
0.15297332535154773,0.3696292863345737,0.8421219887237315,0.23677884615384615,0.9496402877697842,82149,15401,264795,219648,11648,0.47954610004492026,0.47972230356968354
0.15224928534050453,0.3711573775429243,0.8427940020619188,0.23798076923076922,0.9496402877697842,82566,15401,264378,219648,11648,0.47954610004492026,0.47972230356968354
0.15110794733121535,0.3726826069773291,0.8434603187510165,0.23918269230769232,0.9496402877697842,82983,15401,263961,219648,11648,0.47954610004492026,0.47972230356968354
0.15082523501395273,0.3742049826694635,0.844121010920942,0.2403846153846154,0.9496402877697842,83400,15401,263544,219648,11648,0.47954610004492026,0.47972230356968354
0.1507518286023647,0.3757245126209762,0.844776149489004,0.24158653846153846,0.9496402877697842,83817,15401,263127,219648,11648,0.47954610004492026,0.47972230356968354
0.15023300865699218,0.3772412048036294,0.8454258041852762,0.24278846153846154,0.9496402877697842,84234,15401,262710,219648,11648,0.47954610004492026,0.47972230356968354
0.1499370949558595,0.3787550671594377,0.8460700435773398,0.2439903846153846,0.9496402877697842,84651,15401,262293,219648,11648,0.47954610004492026,0.47972230356968354
0.14945187629530082,0.37840205805374455,0.8425584010988464,0.2439903846153846,0.9496402877697842,84651,15818,262293,219648,11648,0.47954610004492026,0.47972230356968354
0.148724069509917,0.3799120201862314,0.8432091667823087,0.24519230769230768,0.9496402877697842,85068,15818,261876,219648,11648,0.47954610004492026,0.47972230356968354
0.1486261675286804,0.3814191729113636,0.8438545748891938,0.24639423076923078,0.9496402877697842,85485,15818,261459,219648,11648,0.47954610004492026,0.47972230356968354
0.14832201221361258,0.3810646720039941,0.8403952025167125,0.24639423076923078,0.9496402877697842,85485,16235,261459,219648,11648,0.47954610004492026,0.47972230356968354
0.1471736466617265,0.38256795544679023,0.8410468292587407,0.24759615384615385,0.9496402877697842,85902,16235,261042,219648,11648,0.47954610004492026,0.47972230356968354
0.14701084537890324,0.3840684496927684,0.8416931567759425,0.24879807692307693,0.9496402877697842,86319,16235,260625,219648,11648,0.47954610004492026,0.47972230356968354
0.14689768786163843,0.3855661624973606,0.8423342494488739,0.25,0.9496402877697842,86736,16235,260208,219648,11648,0.47954610004492026,0.47972230356968354
0.14658030710242365,0.38485447490499103,0.835582786624664,0.25,0.9460431654676259,86736,17067,260208,218816,12480,0.47954610004492026,0.47972230356968354
0.14648574160310435,0.38634731494534136,0.8362406447898676,0.2512019230769231,0.9460431654676259,87153,17067,259791,218816,12480,0.47954610004492026,0.47972230356968354
0.14647315124462706,0.3878373979418975,0.8368932595544597,0.25240384615384615,0.9460431654676259,87570,17067,259374,218816,12480,0.47954610004492026,0.47972230356968354
0.1459142149993395,0.38932473152536073,0.8375406933577018,0.2536057692307692,0.9460431654676259,87987,17067,258957,218816,12480,0.47954610004492026,0.47972230356968354
0.14566055270320155,0.39080932329829915,0.8381830076513923,0.2548076923076923,0.9460431654676259,88404,17067,258540,218816,12480,0.47954610004492026,0.47972230356968354
0.14539855973640692,0.3904494382022472,0.8348821396192203,0.2548076923076923,0.9460431654676259,88404,17484,258540,218816,12480,0.47954610004492026,0.47972230356968354
0.14515425886473476,0.38973337095295196,0.8283733133433283,0.2548076923076923,0.9424460431654677,88404,18316,258540,217984,13312,0.47954610004492026,0.47972230356968354
0.144669730212186,0.39121214056522957,0.829041320925544,0.25600961538461536,0.9424460431654677,88821,18316,258123,217984,13312,0.47954610004492026,0.47972230356968354
0.14440872546329708,0.39268819664773,0.8297041486137197,0.25721153846153844,0.9424460431654677,89238,18316,257706,217984,13312,0.47954610004492026,0.47972230356968354
0.1443815538711571,0.3923282371432026,0.8264997082549944,0.25721153846153844,0.9424460431654677,89238,18733,257706,217984,13312,0.47954610004492026,0.47972230356968354
0.1432014941244667,0.39380056749800146,0.8271672140827397,0.25841346153846156,0.9424460431654677,89655,18733,257289,217984,13312,0.47954610004492026,0.47972230356968354
0.14319035130635194,0.3934402489089389,0.8239970589586876,0.25841346153846156,0.9424460431654677,89655,19150,257289,217984,13312,0.47954610004492026,0.47972230356968354
0.1430668998489234,0.3949088708934905,0.8246690227243596,0.25961538461538464,0.9424460431654677,90072,19150,256872,217984,13312,0.47954610004492026,0.47972230356968354
0.14304679127051634,0.39637481027545923,0.8253358750079808,0.2608173076923077,0.9424460431654677,90489,19150,256455,217984,13312,0.47954610004492026,0.47972230356968354
0.14288368049492906,0.3978380743982495,0.8259976739114633,0.2620192307692308,0.9424460431654677,90906,19150,256038,217984,13312,0.47954610004492026,0.47972230356968354
0.14268758511742574,0.39929867057848745,0.8266544766594552,0.26322115384615385,0.9424460431654677,91323,19150,255621,217984,13312,0.47954610004492026,0.47972230356968354
0.14261240123278662,0.4007566061061433,0.8273063396158356,0.2644230769230769,0.9424460431654677,91740,19150,255204,217984,13312,0.47954610004492026,0.47972230356968354
0.14202720258432344,0.4022118882446519,0.8279533182998374,0.265625,0.9424460431654677,92157,19150,254787,217984,13312,0.47954610004492026,0.47972230356968354
0.141906117625474,0.40184621556332684,0.8248630553864882,0.265625,0.9424460431654677,92157,19567,254787,217984,13312,0.47954610004492026,0.47972230356968354
0.14103588674941514,0.40329786422993563,0.8255143078802579,0.2668269230769231,0.9424460431654677,92574,19567,254370,217984,13312,0.47954610004492026,0.47972230356968354
0.14008151381152611,0.4047468781419885,0.826160734910002,0.26802884615384615,0.9424460431654677,92991,19567,253953,217984,13312,0.47954610004492026,0.47972230356968354
0.1397536108324825,0.40619326446613424,0.826802389909272,0.2692307692307692,0.9424460431654677,93408,19567,253536,217984,13312,0.47954610004492026,0.47972230356968354
0.13973536345329285,0.40763703034305376,0.8274393255256103,0.2704326923076923,0.9424460431654677,93825,19567,253119,217984,13312,0.47954610004492026,0.47972230356968354
0.13972347406426983,0.4090781828875775,0.8280715936349498,0.27163461538461536,0.9424460431654677,94242,19567,252702,217984,13312,0.47954610004492026,0.47972230356968354
0.1391097924011958,0.40870828544788257,0.8250485878871711,0.27163461538461536,0.9424460431654677,94242,19984,252702,217984,13312,0.47954610004492026,0.47972230356968354
0.13892838270408014,0.41014586632639133,0.8256849524175047,0.27283653846153844,0.9424460431654677,94659,19984,252285,217984,13312,0.47954610004492026,0.47972230356968354
0.13860730574978686,0.4115808521138345,0.8263167043281766,0.27403846153846156,0.9424460431654677,95076,19984,251868,217984,13312,0.47954610004492026,0.47972230356968354
0.13857910743957524,0.4130132498307819,0.8269438935891996,0.27524038461538464,0.9424460431654677,95493,19984,251451,217984,13312,0.47954610004492026,0.47972230356968354
0.13846909392436635,0.41264114009653485,0.8239684539320413,0.27524038461538464,0.9424460431654677,95493,20401,251451,217984,13312,0.47954610004492026,0.47972230356968354
0.13642401918807479,0.41190070524295297,0.8180953686410911,0.27524038461538464,0.9388489208633094,95493,21233,251451,217152,14144,0.47954610004492026,0.47972230356968354
0.13632610318087313,0.4111629228722374,0.8123054151993059,0.27524038461538464,0.935251798561151,95493,22065,251451,216320,14976,0.47954610004492026,0.47972230356968354
0.13524913036910163,0.4125879991998606,0.8129688493324857,0.2764423076923077,0.935251798561151,95910,22065,251034,216320,14976,0.47954610004492026,0.47972230356968354
0.13467894616861065,0.41401052142967665,0.8136276099736469,0.2776442307692308,0.935251798561151,96327,22065,250617,216320,14976,0.47954610004492026,0.47972230356968354
0.13448141493218735,0.4154304964219232,0.8142817463323485,0.27884615384615385,0.935251798561151,96744,22065,250200,216320,14976,0.47954610004492026,0.47972230356968354
0.13327588018540737,0.4168479310122917,0.8149313069296965,0.2800480769230769,0.935251798561151,97161,22065,249783,216320,14976,0.47954610004492026,0.47972230356968354
0.1331732758754116,0.4164753840119849,0.812090970637647,0.2800480769230769,0.935251798561151,97161,22482,249783,216320,14976,0.47954610004492026,0.47972230356968354
0.13297961377708234,0.41788935426677287,0.8127436281859071,0.28125,0.935251798561151,97578,22482,249366,216320,14976,0.47954610004492026,0.47972230356968354
0.13217137399822476,0.41930080163278927,0.8133917677232999,0.2824519230769231,0.935251798561151,97995,22482,248949,216320,14976,0.47954610004492026,0.47972230356968354
0.13206539538599749,0.42070973285624513,0.8140354360017867,0.28365384615384615,0.935251798561151,98412,22482,248532,216320,14976,0.47954610004492026,0.47972230356968354
0.1315060048488994,0.42211615465932023,0.8146746791304993,0.2848557692307692,0.935251798561151,98829,22482,248115,216320,14976,0.47954610004492026,0.47972230356968354
0.1305512687745225,0.4235200737402704,0.8153095425867508,0.2860576923076923,0.935251798561151,99246,22482,247698,216320,14976,0.47954610004492026,0.47972230356968354
0.13053020748866184,0.42492149677353336,0.8159400712268206,0.28725961538461536,0.935251798561151,99663,22482,247281,216320,14976,0.47954610004492026,0.47972230356968354
0.13010148405393712,0.426320430409835,0.8165663092965193,0.28846153846153844,0.935251798561151,100080,22482,246864,216320,14976,0.47954610004492026,0.47972230356968354
0.1293759083279672,0.4277168812762942,0.8171883004415388,0.28966346153846156,0.935251798561151,100497,22482,246447,216320,14976,0.47954610004492026,0.47972230356968354
0.12743252146420947,0.4291108559765276,0.8178060877175921,0.29086538461538464,0.935251798561151,100914,22482,246030,216320,14976,0.47954610004492026,0.47972230356968354
0.12585472763587358,0.43050236109075385,0.8184197136003489,0.2920673076923077,0.935251798561151,101331,22482,245613,216320,14976,0.47954610004492026,0.47972230356968354
0.12545161561375595,0.4318914031758968,0.8190292199951702,0.2932692307692308,0.935251798561151,101748,22482,245196,216320,14976,0.47954610004492026,0.47972230356968354
0.12484458320743896,0.431130112752804,0.8135804640898114,0.2932692307692308,0.9316546762589928,101748,23314,245196,215488,15808,0.47954610004492026,0.47972230356968354
0.12476834953707039,0.43037150144446934,0.8082037269448902,0.2932692307692308,0.9280575539568345,101748,24146,245196,214656,16640,0.47954610004492026,0.47972230356968354
0.12447178433876316,0.43175455092920306,0.8088369183998226,0.29447115384615385,0.9280575539568345,102165,24146,244779,214656,16640,0.47954610004492026,0.47972230356968354
0.12440267316532672,0.4331351652620379,0.809465942806641,0.2956730769230769,0.9280575539568345,102582,24146,244362,214656,16640,0.47954610004492026,0.47972230356968354
0.12427117992172054,0.43451335086871873,0.8100908411655984,0.296875,0.9280575539568345,102999,24146,243945,214656,16640,0.47954610004492026,0.47972230356968354
0.12406601662619787,0.4358891141524027,0.8107116539408288,0.2980769230769231,0.9280575539568345,103416,24146,243528,214656,16640,0.47954610004492026,0.47972230356968354
0.12357324967513361,0.4372624614937579,0.8113284210690817,0.29927884615384615,0.9280575539568345,103833,24146,243111,214656,16640,0.47954610004492026,0.47972230356968354
0.12349697127741355,0.4386333992510624,0.8119411819682856,0.3004807692307692,0.9280575539568345,104250,24146,242694,214656,16640,0.47954610004492026,0.47972230356968354
0.12299476143333998,0.440001933760302,0.8125499755459464,0.3016826923076923,0.9280575539568345,104667,24146,242277,214656,16640,0.47954610004492026,0.47972230356968354
0.12298460361817809,0.4396166107347314,0.8099280352859243,0.3016826923076923,0.9280575539568345,104667,24563,242277,214656,16640,0.47954610004492026,0.47972230356968354
0.12287657154898202,0.4392319619967645,0.807322961580291,0.3016826923076923,0.9280575539568345,104667,24980,242277,214656,16640,0.47954610004492026,0.47972230356968354
0.12265046319670925,0.43846651711375445,0.8021750626537604,0.3016826923076923,0.9244604316546763,104667,25812,242277,213824,17472,0.47954610004492026,0.47972230356968354
0.12241194448065529,0.4398292315419387,0.8028052805280528,0.30288461538461536,0.9244604316546763,105084,25812,241860,213824,17472,0.47954610004492026,0.47972230356968354
0.12235830703715878,0.4411895696246997,0.803431495739188,0.30408653846153844,0.9244604316546763,105501,25812,241443,213824,17472,0.47954610004492026,0.47972230356968354
0.12232017518302973,0.44254753757254417,0.8040537462992484,0.30528846153846156,0.9244604316546763,105918,25812,241026,213824,17472,0.47954610004492026,0.47972230356968354
0.1205359420394796,0.44390314157435645,0.8046720697405162,0.30649038461538464,0.9244604316546763,106335,25812,240609,213824,17472,0.47954610004492026,0.47972230356968354
0.12050213100104623,0.44351710503265845,0.8021408527201955,0.30649038461538464,0.9244604316546763,106335,26229,240609,213824,17472,0.47954610004492026,0.47972230356968354
0.1203907465836005,0.444869510861072,0.8027612967266,0.3076923076923077,0.9244604316546763,106752,26229,240192,213824,17472,0.47954610004492026,0.47972230356968354
0.11911722994154628,0.44621956855740286,0.8033778617370575,0.3088942307692308,0.9244604316546763,107169,26229,239775,213824,17472,0.47954610004492026,0.47972230356968354
0.1189270684953132,0.44756728423180847,0.8039905840152449,0.31009615384615385,0.9244604316546763,107586,26229,239358,213824,17472,0.47954610004492026,0.47972230356968354
0.11849154111764881,0.4489126639732655,0.8045994993742178,0.3112980769230769,0.9244604316546763,108003,26229,238941,213824,17472,0.47954610004492026,0.47972230356968354
0.1184428139604971,0.45025571384966145,0.8052046431833879,0.3125,0.9244604316546763,108420,26229,238524,213824,17472,0.47954610004492026,0.47972230356968354
0.11826584592279565,0.44947919365704514,0.8002598150294137,0.3125,0.920863309352518,108420,27061,238524,212992,18304,0.47954610004492026,0.47972230356968354
0.11770526468306808,0.44870534725829114,0.7953753493797363,0.3125,0.9172661870503597,108420,27893,238524,212160,19136,0.47954610004492026,0.47972230356968354
0.11736227123583509,0.4479341608671133,0.7905501476539429,0.3125,0.9136690647482014,108420,28725,238524,211328,19968,0.47954610004492026,0.47972230356968354
0.11647304369689393,0.4492699780807668,0.7911850656431282,0.3137019230769231,0.9136690647482014,108837,28725,238107,211328,19968,0.47954610004492026,0.47972230356968354
0.11575463069631853,0.44888363719600843,0.7887939469049638,0.3137019230769231,0.9136690647482014,108837,29142,238107,211328,19968,0.47954610004492026,0.47972230356968354
0.1155498604255778,0.45021634318209913,0.7894303303563687,0.31490384615384615,0.9136690647482014,109254,29142,237690,211328,19968,0.47954610004492026,0.47972230356968354
0.11512267610673466,0.45154676103483843,0.7900628903632945,0.3161057692307692,0.9136690647482014,109671,29142,237273,211328,19968,0.47954610004492026,0.47972230356968354
0.1148512153930964,0.4511594614273902,0.7876966171083818,0.3161057692307692,0.9136690647482014,109671,29559,237273,211328,19968,0.47954610004492026,0.47972230356968354
0.11468692753520415,0.4524867907544529,0.7883305763818772,0.3173076923076923,0.9136690647482014,110088,29559,236856,211328,19968,0.47954610004492026,0.47972230356968354
0.11453118021964703,0.4538118470333136,0.7889607607950652,0.31850961538461536,0.9136690647482014,110505,29559,236439,211328,19968,0.47954610004492026,0.47972230356968354
0.1145016217852231,0.4551346360978612,0.7895872039635253,0.31971153846153844,0.9136690647482014,110922,29559,236022,211328,19968,0.47954610004492026,0.47972230356968354
0.11423325942674789,0.4564551637620377,0.7902099391048844,0.32091346153846156,0.9136690647482014,111339,29559,235605,211328,19968,0.47954610004492026,0.47972230356968354
0.1141593463155055,0.455678018474484,0.7855711564241868,0.32091346153846156,0.9100719424460432,111339,30391,235605,210496,20800,0.47954610004492026,0.47972230356968354
0.11323484092026381,0.4569947105957787,0.786200201200166,0.32211538461538464,0.9100719424460432,111756,30391,235188,210496,20800,0.47954610004492026,0.47972230356968354
0.1130365135750806,0.45621863027455334,0.7816252736415837,0.32211538461538464,0.9064748201438849,111756,31223,235188,209664,21632,0.47954610004492026,0.47972230356968354
0.11302378521977774,0.45753150874903126,0.7822603140952328,0.3233173076923077,0.9064748201438849,112173,31223,234771,209664,21632,0.47954610004492026,0.47972230356968354
0.1126539828965929,0.4571427407046665,0.7799920730392941,0.3233173076923077,0.9064748201438849,112173,31640,234771,209664,21632,0.47954610004492026,0.47972230356968354
0.11238047836966047,0.4584526053903505,0.7806281633502046,0.3245192307692308,0.9064748201438849,112590,31640,234354,209664,21632,0.47954610004492026,0.47972230356968354
0.11142798344740545,0.45976024784831293,0.7812605861165458,0.32572115384615385,0.9064748201438849,113007,31640,233937,209664,21632,0.47954610004492026,0.47972230356968354
0.11105400415784561,0.46106567372888246,0.7818893729664148,0.3269230769230769,0.9064748201438849,113424,31640,233520,209664,21632,0.47954610004492026,0.47972230356968354
0.11081937782447521,0.4623688886632482,0.7825145551652793,0.328125,0.9064748201438849,113841,31640,233103,209664,21632,0.47954610004492026,0.47972230356968354
0.11068630873425056,0.46197767235746956,0.7802780024400608,0.328125,0.9064748201438849,113841,32057,233103,209664,21632,0.47954610004492026,0.47972230356968354
0.11008108088074242,0.46327791282064795,0.7809042135119434,0.3293269230769231,0.9064748201438849,114258,32057,232686,209664,21632,0.47954610004492026,0.47972230356968354
0.11005356134067507,0.46457595670034596,0.7815268653054548,0.33052884615384615,0.9064748201438849,114675,32057,232269,209664,21632,0.47954610004492026,0.47972230356968354
0.1099082224314577,0.46587180955811963,0.7821459880801093,0.3317307692307692,0.9064748201438849,115092,32057,231852,209664,21632,0.47954610004492026,0.47972230356968354
0.1092012275602765,0.4671654769367657,0.7827616117533849,0.3329326923076923,0.9064748201438849,115509,32057,231435,209664,21632,0.47954610004492026,0.47972230356968354
0.10915884588418578,0.4663808035660211,0.7783730238952007,0.3329326923076923,0.9028776978417267,115509,32889,231435,208832,22464,0.47954610004492026,0.47972230356968354
0.1088664311166167,0.46598851458067325,0.7761919161374862,0.3329326923076923,0.9028776978417267,115509,33306,231435,208832,22464,0.47954610004492026,0.47972230356968354
0.10870544120458725,0.46559688497629875,0.7740229977484722,0.3329326923076923,0.9028776978417267,115509,33723,231435,208832,22464,0.47954610004492026,0.47972230356968354
0.10856560940889215,0.4668853568213809,0.7746526872882545,0.33413461538461536,0.9028776978417267,115926,33723,231018,208832,22464,0.47954610004492026,0.47972230356968354
0.10850341250465922,0.46817166656606507,0.7752788772939907,0.33533653846153844,0.9028776978417267,116343,33723,230601,208832,22464,0.47954610004492026,0.47972230356968354
0.10833573825967957,0.4677791917205942,0.7731305197264807,0.33533653846153844,0.9028776978417267,116343,34140,230601,208832,22464,0.47954610004492026,0.47972230356968354
0.10814533528880571,0.4690625979222407,0.7737574552683897,0.33653846153846156,0.9028776978417267,116760,34140,230184,208832,22464,0.47954610004492026,0.47972230356968354
0.1078908454230793,0.46828000545444337,0.7695146706034324,0.33653846153846156,0.8992805755395683,116760,34972,230184,208000,23296,0.47954610004492026,0.47972230356968354
0.10782378858644687,0.4695597814435386,0.7701463696770928,0.33774038461538464,0.8992805755395683,117177,34972,229767,208000,23296,0.47954610004492026,0.47972230356968354
0.10773810590956734,0.4708374206722588,0.7707746155762096,0.3389423076923077,0.8992805755395683,117594,34972,229350,208000,23296,0.47954610004492026,0.47972230356968354
0.10691973339437044,0.4721129284875592,0.7713994365387004,0.3401442307692308,0.8992805755395683,118011,34972,228933,208000,23296,0.47954610004492026,0.47972230356968354
0.10677722577680937,0.4713285233016281,0.7672268634398466,0.3401442307692308,0.89568345323741,118011,35804,228933,207168,24128,0.47954610004492026,0.47972230356968354
0.10642613964127307,0.47260044375628524,0.7678562166087453,0.34134615384615385,0.89568345323741,118428,35804,228516,207168,24128,0.47954610004492026,0.47972230356968354
0.10622967688355472,0.47220754675603527,0.7657857470788689,0.34134615384615385,0.89568345323741,118428,36221,228516,207168,24128,0.47954610004492026,0.47972230356968354
0.10622689258997442,0.47347662397163404,0.7664155907806999,0.3425480769230769,0.89568345323741,118845,36221,228099,207168,24128,0.47954610004492026,0.47972230356968354
0.1057177053232854,0.47474359459185117,0.7670420560447123,0.34375,0.89568345323741,119262,36221,227682,207168,24128,0.47954610004492026,0.47972230356968354
0.10514732407146149,0.4739587369525433,0.7629594088859034,0.34375,0.8920863309352518,119262,37053,227682,206336,24960,0.47954610004492026,0.47972230356968354
0.1048146581736008,0.4752221666309294,0.763590077329454,0.3449519230769231,0.8920863309352518,119679,37053,227265,206336,24960,0.47954610004492026,0.47972230356968354
0.10479266723098368,0.47648350601972256,0.7642173987744115,0.34615384615384615,0.8920863309352518,120096,37053,226848,206336,24960,0.47954610004492026,0.47972230356968354
0.10424439191937229,0.4777427603020753,0.7648413997943719,0.3473557692307692,0.8920863309352518,120513,37053,226431,206336,24960,0.47954610004492026,0.47972230356968354
0.10384741698491928,0.47899993464401786,0.7654621066823646,0.3485576923076923,0.8920863309352518,120930,37053,226014,206336,24960,0.47954610004492026,0.47972230356968354
0.10337379099188504,0.4786046732522796,0.7634469696969697,0.3485576923076923,0.8920863309352518,120930,37470,226014,206336,24960,0.47954610004492026,0.47972230356968354
0.10293650153453399,0.47781799216082943,0.7594578979099679,0.3485576923076923,0.8884892086330936,120930,38302,226014,205504,25792,0.47954610004492026,0.47972230356968354
0.10245067301112593,0.47703389295632415,0.7555102958816473,0.3485576923076923,0.8848920863309353,120930,39134,226014,204672,26624,0.47954610004492026,0.47972230356968354
0.10195307476844395,0.4766418682563926,0.7535471488836685,0.3485576923076923,0.8848920863309353,120930,39551,226014,204672,26624,0.47954610004492026,0.47972230356968354
0.101885760399828,0.4762504873563037,0.7515941776777835,0.3485576923076923,0.8848920863309353,120930,39968,226014,204672,26624,0.47954610004492026,0.47972230356968354
0.10128682662851629,0.477500644356519,0.7522363078448997,0.34975961538461536,0.8848920863309353,121347,39968,225597,204672,26624,0.47954610004492026,0.47972230356968354
0.10093190748297676,0.47672027201423717,0.7483764732002443,0.34975961538461536,0.8812949640287769,121347,40800,225597,203840,27456,0.47954610004492026,0.47972230356968354
0.10064900910295038,0.47796697991003084,0.7490219236731379,0.35096153846153844,0.8812949640287769,121764,40800,225180,203840,27456,0.47954610004492026,0.47972230356968354
0.1006383612658246,0.4792116487718782,0.7496640712721114,0.35216346153846156,0.8812949640287769,122181,40800,224763,203840,27456,0.47954610004492026,0.47972230356968354
0.10024632133849587,0.48045428359805775,0.7503029412844711,0.35336538461538464,0.8812949640287769,122598,40800,224346,203840,27456,0.47954610004492026,0.47972230356968354
0.09982314566057054,0.481694889370525,0.7509385587400421,0.3545673076923077,0.8812949640287769,123015,40800,223929,203840,27456,0.47954610004492026,0.47972230356968354
0.09944052195067443,0.4829334710549791,0.7515709484144382,0.3557692307692308,0.8812949640287769,123432,40800,223512,203840,27456,0.47954610004492026,0.47972230356968354
0.09931348340166513,0.48417003360092886,0.7522001348322795,0.35697115384615385,0.8812949640287769,123849,40800,223095,203840,27456,0.47954610004492026,0.47972230356968354
0.09908887206904204,0.48540458194175895,0.7528261422703646,0.3581730769230769,0.8812949640287769,124266,40800,222678,203840,27456,0.47954610004492026,0.47972230356968354
0.0982439163304829,0.4850095720951472,0.7509290984572433,0.3581730769230769,0.8812949640287769,124266,41217,222678,203840,27456,0.47954610004492026,0.47972230356968354
0.0981891974811207,0.4842233648119176,0.7471725340468388,0.3581730769230769,0.8776978417266187,124266,42049,222678,203008,28288,0.47954610004492026,0.47972230356968354
0.09809212413125168,0.4854538658609707,0.7478048604946861,0.359375,0.8776978417266187,124683,42049,222261,203008,28288,0.47954610004492026,0.47972230356968354
0.0980652953739991,0.4866823706994649,0.7484340319116477,0.3605769230769231,0.8776978417266187,125100,42049,221844,203008,28288,0.47954610004492026,0.47972230356968354
0.09767170962925686,0.4879088841810655,0.7490600718522851,0.36177884615384615,0.8776978417266187,125517,42049,221427,203008,28288,0.47954610004492026,0.47972230356968354
0.09605004226778968,0.4891334111437155,0.7496830036372728,0.3629807692307692,0.8776978417266187,125934,42049,221010,203008,28288,0.47954610004492026,0.47972230356968354
0.09585560952132244,0.49035595640969915,0.7503028503562945,0.3641826923076923,0.8776978417266187,126351,42049,220593,203008,28288,0.47954610004492026,0.47972230356968354
0.09558354414092252,0.491576524785705,0.7509196348708957,0.36538461538461536,0.8776978417266187,126768,42049,220176,203008,28288,0.47954610004492026,0.47972230356968354
0.09473974139208702,0.49279512106288914,0.7515333798172944,0.36658653846153844,0.8776978417266187,127185,42049,219759,203008,28288,0.47954610004492026,0.47972230356968354
0.09438479393875066,0.4940117500169378,0.7521441076091505,0.36778846153846156,0.8776978417266187,127602,42049,219342,203008,28288,0.47954610004492026,0.47972230356968354
0.09430921801096859,0.4932174007154632,0.7484734548312735,0.36778846153846156,0.8741007194244604,127602,42881,219342,202176,29120,0.47954610004492026,0.47972230356968354
0.09350009752891686,0.4944307552081322,0.7490871854885898,0.36899038461538464,0.8741007194244604,128019,42881,218925,202176,29120,0.47954610004492026,0.47972230356968354
0.09346746006164364,0.49564215713704096,0.7496979284017348,0.3701923076923077,0.8741007194244604,128436,42881,218508,202176,29120,0.47954610004492026,0.47972230356968354
0.09333201063494012,0.4968516112115802,0.7503057053349949,0.3713942307692308,0.8741007194244604,128853,42881,218091,202176,29120,0.47954610004492026,0.47972230356968354
0.09286521286314908,0.4980591221260078,0.7509105378417784,0.37259615384615385,0.8741007194244604,129270,42881,217674,202176,29120,0.47954610004492026,0.47972230356968354
0.09144955585270748,0.4972621156431576,0.7472988675187735,0.37259615384615385,0.8705035971223022,129270,43713,217674,201344,29952,0.47954610004492026,0.47972230356968354
0.09137875743251056,0.4984663991513307,0.7479065743944636,0.3737980769230769,0.8705035971223022,129687,43713,217257,201344,29952,0.47954610004492026,0.47972230356968354
0.0913304371212944,0.499668753996555,0.748511365401543,0.375,0.8705035971223022,130104,43713,216840,201344,29952,0.47954610004492026,0.47972230356968354
0.09105470590198417,0.5008691848082613,0.7491132614759461,0.3762019230769231,0.8705035971223022,130521,43713,216423,201344,29952,0.47954610004492026,0.47972230356968354
0.09084695301397794,0.5004687544934288,0.7473246646168645,0.3762019230769231,0.8705035971223022,130521,44130,216423,201344,29952,0.47954610004492026,0.47972230356968354
0.09084446896597853,0.5016666283533712,0.7479265199808075,0.37740384615384615,0.8705035971223022,130938,44130,216006,201344,29952,0.47954610004492026,0.47972230356968354
0.09075019317642896,0.5028625899404512,0.7485255150012822,0.3786057692307692,0.8705035971223022,131355,44130,215589,201344,29952,0.47954610004492026,0.47972230356968354
0.09071409755196636,0.5040566438301144,0.7491216700208071,0.3798076923076923,0.8705035971223022,131772,44130,215172,201344,29952,0.47954610004492026,0.47972230356968354
0.09060733659678899,0.503654949805356,0.7473499736273459,0.3798076923076923,0.8705035971223022,131772,44547,215172,201344,29952,0.47954610004492026,0.47972230356968354
0.09054311437106899,0.502855398353352,0.7438400009031843,0.3798076923076923,0.8669064748201439,131772,45379,215172,200512,30784,0.47954610004492026,0.47972230356968354
0.09047003592421021,0.5020583814511351,0.7403628436423704,0.3798076923076923,0.8633093525179856,131772,46211,215172,199680,31616,0.47954610004492026,0.47972230356968354
0.0898756781489286,0.5012638870661272,0.7369180437882727,0.3798076923076923,0.8597122302158273,131772,47043,215172,198848,32448,0.47954610004492026,0.47972230356968354
0.0896424648736247,0.500866630176975,0.7352035350830209,0.3798076923076923,0.8597122302158273,131772,47460,215172,198848,32448,0.47954610004492026,0.47972230356968354
0.08908356027907838,0.5004700024497097,0.7334969857889552,0.3798076923076923,0.8597122302158273,131772,47877,215172,198848,32448,0.47954610004492026,0.47972230356968354
0.08895821344891608,0.5016565150566403,0.7341141581420146,0.38100961538461536,0.8597122302158273,132189,47877,214755,198848,32448,0.47954610004492026,0.47972230356968354
0.0888173081939726,0.5028411514768868,0.7347284785824704,0.38221153846153844,0.8597122302158273,132606,47877,214338,198848,32448,0.47954610004492026,0.47972230356968354
0.08849255606957007,0.502443903880692,0.7330348258706467,0.38221153846153844,0.8597122302158273,132606,48294,214338,198848,32448,0.47954610004492026,0.47972230356968354
0.0884669520111867,0.5036260484873955,0.7336488029252635,0.38341346153846156,0.8597122302158273,133023,48294,213921,198848,32448,0.47954610004492026,0.47972230356968354
0.08817715169875917,0.5032288084618615,0.7319653999801908,0.38341346153846156,0.8597122302158273,133023,48711,213921,198848,32448,0.47954610004492026,0.47972230356968354
0.08711064099929966,0.5028321945964336,0.7302897046955548,0.38341346153846156,0.8597122302158273,133023,49128,213921,198848,32448,0.47954610004492026,0.47972230356968354
0.0867364110864205,0.5020427341879165,0.7269691719995847,0.38341346153846156,0.8561151079136691,133023,49960,213921,198016,33280,0.47954610004492026,0.47972230356968354
0.08642874239588838,0.5032205511894167,0.7275899672846238,0.38461538461538464,0.8561151079136691,133440,49960,213504,198016,33280,0.47954610004492026,0.47972230356968354
0.0861450648129568,0.5024323388104884,0.7243041382604543,0.38461538461538464,0.8525179856115108,133440,50792,213504,197184,34112,0.47954610004492026,0.47972230356968354
0.08569328068907467,0.5016465917805747,0.7210478537154714,0.38461538461538464,0.8489208633093526,133440,51624,213504,196352,34944,0.47954610004492026,0.47972230356968354
0.08568190459961555,0.5028201155092267,0.7216749963608132,0.3858173076923077,0.8489208633093526,133857,51624,213087,196352,34944,0.47954610004492026,0.47972230356968354
0.0855973026433583,0.5039918024480052,0.7222993254365297,0.3870192307692308,0.8489208633093526,134274,51624,212670,196352,34944,0.47954610004492026,0.47972230356968354
0.08501066387755163,0.5051616569059313,0.7229208598341519,0.38822115384615385,0.8489208633093526,134691,51624,212253,196352,34944,0.47954610004492026,0.47972230356968354
0.08493344790030166,0.5063296831785578,0.7235396182764604,0.3894230769230769,0.8489208633093526,135108,51624,211836,196352,34944,0.47954610004492026,0.47972230356968354
0.08487569952563656,0.5074958855480225,0.7241556193193659,0.390625,0.8489208633093526,135525,51624,211419,196352,34944,0.47954610004492026,0.47972230356968354
0.08473313703133983,0.5067065476468664,0.7209505215952676,0.390625,0.8453237410071942,135525,52456,211419,195520,35776,0.47954610004492026,0.47972230356968354
0.08436192866831133,0.5078697356082653,0.7215681695134768,0.3918269230769231,0.8453237410071942,135942,52456,211002,195520,35776,0.47954610004492026,0.47972230356968354
0.08435554525001038,0.5070816563279831,0.7183956032341595,0.3918269230769231,0.841726618705036,135942,53288,211002,194688,36608,0.47954610004492026,0.47972230356968354
0.08427912854783293,0.5082418452788063,0.719014801183251,0.39302884615384615,0.841726618705036,136359,53288,210585,194688,36608,0.47954610004492026,0.47972230356968354
0.08400982720819483,0.5074550214635399,0.7158741908556849,0.39302884615384615,0.8381294964028777,136359,54120,210585,193856,37440,0.47954610004492026,0.47972230356968354
0.0839413823382521,0.5086122266845159,0.7164948453608248,0.3942307692307692,0.8381294964028777,136776,54120,210168,193856,37440,0.47954610004492026,0.47972230356968354
0.08386628846271571,0.5097676388788256,0.717112794216807,0.3954326923076923,0.8381294964028777,137193,54120,209751,193856,37440,0.47954610004492026,0.47972230356968354
0.08300546955782884,0.5093730159614164,0.715553121577218,0.3954326923076923,0.8381294964028777,137193,54537,209751,193856,37440,0.47954610004492026,0.47972230356968354
0.08290144263193078,0.5105260521878495,0.71617043201299,0.39663461538461536,0.8381294964028777,137610,54537,209334,193856,37440,0.47954610004492026,0.47972230356968354
0.0828473797271756,0.5116773059899019,0.7167850688602231,0.39783653846153844,0.8381294964028777,138027,54537,208917,193856,37440,0.47954610004492026,0.47972230356968354
0.08267142684968642,0.5128267814974302,0.717397049450464,0.39903846153846156,0.8381294964028777,138444,54537,208500,193856,37440,0.47954610004492026,0.47972230356968354
0.08263886525423558,0.5139744828275425,0.7180063909657804,0.40024038461538464,0.8381294964028777,138861,54537,208083,193856,37440,0.47954610004492026,0.47972230356968354
0.08223959860026175,0.5131842993196273,0.7149307522009988,0.40024038461538464,0.8345323741007195,138861,55369,208083,193024,38272,0.47954610004492026,0.47972230356968354
0.08209647106831319,0.5143290785851315,0.7155414673742724,0.4014423076923077,0.8345323741007195,139278,55369,207666,193024,38272,0.47954610004492026,0.47972230356968354
0.08193384729260722,0.5139333736771413,0.7140118115080178,0.4014423076923077,0.8345323741007195,139278,55786,207666,193024,38272,0.47954610004492026,0.47972230356968354
0.08129444155715826,0.5150758169332166,0.7146218814104696,0.4026442307692308,0.8345323741007195,139695,55786,207249,193024,38272,0.47954610004492026,0.47972230356968354
0.08128358300491911,0.516216504986718,0.7152293540515983,0.40384615384615385,0.8345323741007195,140112,55786,206832,193024,38272,0.47954610004492026,0.47972230356968354
0.08127265013662377,0.5154265239831223,0.7122045442992935,0.40384615384615385,0.8309352517985612,140112,56618,206832,192192,39104,0.47954610004492026,0.47972230356968354
0.08074276186953455,0.5146389571464777,0.7092052115285328,0.40384615384615385,0.8273381294964028,140112,57450,206832,191360,39936,0.47954610004492026,0.47972230356968354
0.0806546937818301,0.5138537934271956,0.7062310352127584,0.40384615384615385,0.8237410071942446,140112,58282,206832,190528,40768,0.47954610004492026,0.47972230356968354
0.08054446189192177,0.5149893267125358,0.7068472066434955,0.4050480769230769,0.8237410071942446,140529,58282,206415,190528,40768,0.47954610004492026,0.47972230356968354
0.08041313372170378,0.5161231260482047,0.707460798682916,0.40625,0.8237410071942446,140946,58282,205998,190528,40768,0.47954610004492026,0.47972230356968354
0.08040168520081536,0.5172551954027614,0.7080718274938015,0.4074519230769231,0.8237410071942446,141363,58282,205581,190528,40768,0.47954610004492026,0.47972230356968354
0.07998297350660721,0.5183855387326647,0.7086803091041777,0.40865384615384615,0.8237410071942446,141780,58282,205164,190528,40768,0.47954610004492026,0.47972230356968354
0.07995338049766532,0.5195141599823172,0.7092862594087161,0.4098557692307692,0.8237410071942446,142197,58282,204747,190528,40768,0.47954610004492026,0.47972230356968354
0.07956831059744046,0.5206410630841122,0.7098896941701178,0.4110576923076923,0.8237410071942446,142614,58282,204330,190528,40768,0.47954610004492026,0.47972230356968354
0.07948397481323555,0.5217662519584794,0.7104906290204805,0.41225961538461536,0.8237410071942446,143031,58282,203913,190528,40768,0.47954610004492026,0.47972230356968354
0.07922429552773524,0.5213697022275522,0.7090219600456055,0.41225961538461536,0.8237410071942446,143031,58699,203913,190528,40768,0.47954610004492026,0.47972230356968354
0.07909149674436067,0.522492628726386,0.709622205622641,0.41346153846153844,0.8237410071942446,143448,58699,203496,190528,40768,0.47954610004492026,0.47972230356968354
0.07853408983892896,0.522096129628686,0.7081613712209475,0.41346153846153844,0.8237410071942446,143448,59116,203496,190528,40768,0.47954610004492026,0.47972230356968354
0.07841173318641559,0.5232168022912216,0.7087609185096142,0.41466346153846156,0.8237410071942446,143865,59116,203079,190528,40768,0.47954610004492026,0.47972230356968354
0.07812305715400514,0.5243357766625116,0.7093580074533673,0.41586538461538464,0.8237410071942446,144282,59116,202662,190528,40768,0.47954610004492026,0.47972230356968354
0.07799859595072267,0.5254530566000737,0.7099526531413292,0.4170673076923077,0.8237410071942446,144699,59116,202245,190528,40768,0.47954610004492026,0.47972230356968354
0.0778311093050651,0.5265686459497511,0.7105448705393865,0.4182692307692308,0.8237410071942446,145116,59116,201828,190528,40768,0.47954610004492026,0.47972230356968354
0.07754601468356048,0.5261705641659702,0.7090970393209838,0.4182692307692308,0.8237410071942446,145116,59533,201828,190528,40768,0.47954610004492026,0.47972230356968354
0.07736960460382275,0.525378105625198,0.7062258797650391,0.4182692307692308,0.8201438848920863,145116,60365,201828,189696,41600,0.47954610004492026,0.47972230356968354
0.07720192691450989,0.5249818212075059,0.704795578393185,0.4182692307692308,0.8201438848920863,145116,60782,201828,189696,41600,0.47954610004492026,0.47972230356968354
0.0769981339440261,0.5245861341613964,0.7033710588178271,0.4182692307692308,0.8201438848920863,145116,61199,201828,189696,41600,0.47954610004492026,0.47972230356968354
0.0767003410657856,0.5256973392381104,0.7039693903217692,0.41947115384615385,0.8201438848920863,145533,61199,201411,189696,41600,0.47954610004492026,0.47972230356968354
0.07650747667215552,0.5249085675950572,0.701147597849338,0.41947115384615385,0.8165467625899281,145533,62031,201411,188864,42432,0.47954610004492026,0.47972230356968354
0.07624536574083568,0.5260170293282876,0.7017467941783143,0.4206730769230769,0.8165467625899281,145950,62031,200994,188864,42432,0.47954610004492026,0.47972230356968354
0.07615593051761954,0.5271238263988677,0.7023435925488728,0.421875,0.8165467625899281,146367,62031,200577,188864,42432,0.47954610004492026,0.47972230356968354
0.07562626086452973,0.5263352835623384,0.699550733642403,0.421875,0.8129496402877698,146367,62863,200577,188032,43264,0.47954610004492026,0.47972230356968354
0.07538448398324338,0.5255490964190691,0.6967799982862203,0.421875,0.8093525179856115,146367,63695,200577,187200,44096,0.47954610004492026,0.47972230356968354
0.07538178664108952,0.5266521115920944,0.697380736320488,0.4230769230769231,0.8093525179856115,146784,63695,200160,187200,44096,0.47954610004492026,0.47972230356968354
0.07521255530677673,0.5262584253549405,0.6960018208026705,0.4230769230769231,0.8093525179856115,146784,64112,200160,187200,44096,0.47954610004492026,0.47972230356968354
0.07510562724070019,0.5254746971389295,0.6932668329177057,0.4230769230769231,0.8057553956834532,146784,64944,200160,186368,44928,0.47954610004492026,0.47972230356968354
0.07492743986279282,0.524693299779805,0.6905532555513737,0.4230769230769231,0.802158273381295,146784,65776,200160,185536,45760,0.47954610004492026,0.47972230356968354
0.07464129981311807,0.5257920313758548,0.6911591392497781,0.42427884615384615,0.802158273381295,147201,65776,199743,185536,45760,0.47954610004492026,0.47972230356968354
0.07430990719987618,0.5268891276336782,0.6917626549949858,0.4254807692307692,0.802158273381295,147618,65776,199326,185536,45760,0.47954610004492026,0.47972230356968354
0.07425184751441449,0.5264973116601724,0.6904134960315419,0.4254807692307692,0.802158273381295,147618,66193,199326,185536,45760,0.47954610004492026,0.47972230356968354
0.07403922553490683,0.5275922533554774,0.6910161136732826,0.4266826923076923,0.802158273381295,148035,66193,198909,185536,45760,0.47954610004492026,0.47972230356968354
0.07393721875934378,0.528685568983723,0.6916163898530131,0.42788461538461536,0.802158273381295,148452,66193,198492,185536,45760,0.47954610004492026,0.47972230356968354
0.07307812756473447,0.5297772621644609,0.6922143381908473,0.42908653846153844,0.802158273381295,148869,66193,198075,185536,45760,0.47954610004492026,0.47972230356968354
0.0726430907399967,0.5308673365065084,0.6928099722014674,0.43028846153846156,0.802158273381295,149286,66193,197658,185536,45760,0.47954610004492026,0.47972230356968354
0.07262673843088013,0.5300831772465402,0.6901452075946207,0.43028846153846156,0.7985611510791367,149286,67025,197658,184704,46592,0.47954610004492026,0.47972230356968354
0.072523898097,0.5311706098582154,0.6907413901295634,0.43149038461538464,0.7985611510791367,149703,67025,197241,184704,46592,0.47954610004492026,0.47972230356968354
0.07207296630851301,0.5322564347115437,0.691335282875498,0.4326923076923077,0.7985611510791367,150120,67025,196824,184704,46592,0.47954610004492026,0.47972230356968354
0.07203077549245251,0.5333406553694735,0.691926898998906,0.4338942307692308,0.7985611510791367,150537,67025,196407,184704,46592,0.47954610004492026,0.47972230356968354
0.07172686620242302,0.5329469679938682,0.690603223246276,0.4338942307692308,0.7985611510791367,150537,67442,196407,184704,46592,0.47954610004492026,0.47972230356968354
0.07153418012923118,0.532553861393144,0.6892846022820931,0.4338942307692308,0.7985611510791367,150537,67859,196407,184704,46592,0.47954610004492026,0.47972230356968354
0.07101725739861475,0.5317712638562133,0.6866686737095626,0.4338942307692308,0.7949640287769785,150537,68691,196407,183872,47424,0.47954610004492026,0.47972230356968354
0.07076351535109948,0.5313798891259802,0.685365020829065,0.4338942307692308,0.7949640287769785,150537,69108,196407,183872,47424,0.47954610004492026,0.47972230356968354
0.07041405568451176,0.5306007356090099,0.6827787025404011,0.4338942307692308,0.7913669064748201,150537,69940,196407,183040,48256,0.47954610004492026,0.47972230356968354
0.07030944573492459,0.5302110813295341,0.6814897643213487,0.4338942307692308,0.7913669064748201,150537,70357,196407,183040,48256,0.47954610004492026,0.47972230356968354
0.0702911600714855,0.5298219989265383,0.6802056834048014,0.4338942307692308,0.7913669064748201,150537,70774,196407,183040,48256,0.47954610004492026,0.47972230356968354
0.06978666550806573,0.5294334871419729,0.6789264323856257,0.4338942307692308,0.7913669064748201,150537,71191,196407,183040,48256,0.47954610004492026,0.47972230356968354
0.06964529719138735,0.5286600269708378,0.6763883896477354,0.4338942307692308,0.7877697841726619,150537,72023,196407,182208,49088,0.47954610004492026,0.47972230356968354
0.06937678331924363,0.5278888234303989,0.6738692522561238,0.4338942307692308,0.7841726618705036,150537,72855,196407,181376,49920,0.47954610004492026,0.47972230356968354
0.06936458256835143,0.5271198666591966,0.6713688097616669,0.4338942307692308,0.7805755395683454,150537,73687,196407,180544,50752,0.47954610004492026,0.47972230356968354
0.06879714595638464,0.5263531468531468,0.668886854827243,0.4338942307692308,0.7769784172661871,150537,74519,196407,179712,51584,0.47954610004492026,0.47972230356968354
0.06828978108451789,0.5274266836938805,0.6694992305065351,0.43509615384615385,0.7769784172661871,150954,74519,195990,179712,51584,0.47954610004492026,0.47972230356968354
0.06823812763424508,0.5284986575517515,0.6701093452565408,0.4362980769230769,0.7769784172661871,151371,74519,195573,179712,51584,0.47954610004492026,0.47972230356968354
0.06731704478322953,0.5281142117501757,0.668874581873296,0.4362980769230769,0.7769784172661871,151371,74936,195573,179712,51584,0.47954610004492026,0.47972230356968354
0.06731001164683181,0.529184127404701,0.6694836012067535,0.4375,0.7769784172661871,151788,74936,195156,179712,51584,0.47954610004492026,0.47972230356968354
0.06679611818853937,0.5287997421984549,0.6682545203199775,0.4375,0.7769784172661871,151788,75353,195156,179712,51584,0.47954610004492026,0.47972230356968354
0.06590595770794239,0.5280344814990685,0.6658156886999776,0.4375,0.7733812949640287,151788,76185,195156,178880,52416,0.47954610004492026,0.47972230356968354
0.0658080521532019,0.5291013567771069,0.6664258505188493,0.4387019230769231,0.7733812949640287,152205,76185,194739,178880,52416,0.47954610004492026,0.47972230356968354
0.06573012901236219,0.530166686640579,0.6670337883019313,0.43990384615384615,0.7733812949640287,152622,76185,194322,178880,52416,0.47954610004492026,0.47972230356968354
0.06566185847722061,0.5312304744449535,0.6676395141869961,0.4411057692307692,0.7733812949640287,153039,76185,193905,178880,52416,0.47954610004492026,0.47972230356968354
0.0656022322503434,0.5304644714038128,0.6652249886984039,0.4411057692307692,0.7697841726618705,153039,77017,193905,178048,53248,0.47954610004492026,0.47972230356968354
0.06540856347964463,0.5315257430938126,0.6658307046812425,0.4423076923076923,0.7697841726618705,153456,77017,193488,178048,53248,0.47954610004492026,0.47972230356968354
0.06536920610725838,0.5311421619357809,0.6646281779202218,0.4423076923076923,0.7697841726618705,153456,77434,193488,178048,53248,0.47954610004492026,0.47972230356968354
0.06485736521715568,0.5307591340092797,0.6634299869869913,0.4423076923076923,0.7697841726618705,153456,77851,193488,178048,53248,0.47954610004492026,0.47972230356968354
0.06453910056318057,0.531817899037099,0.6640356631164661,0.44350961538461536,0.7697841726618705,153873,77851,193071,178048,53248,0.47954610004492026,0.47972230356968354
0.06438492366575915,0.5310543572044866,0.6616599872718829,0.44350961538461536,0.7661870503597122,153873,78683,193071,177216,54080,0.47954610004492026,0.47972230356968354
0.06437851700951847,0.5321106296245842,0.6622655844239461,0.44471153846153844,0.7661870503597122,154290,78683,192654,177216,54080,0.47954610004492026,0.47972230356968354
0.06386876527238022,0.5317282806108207,0.6610823085822015,0.44471153846153844,0.7661870503597122,154290,79100,192654,177216,54080,0.47954610004492026,0.47972230356968354
0.06372543392490426,0.5327825522470043,0.6616867758450345,0.44591346153846156,0.7661870503597122,154707,79100,192237,177216,54080,0.47954610004492026,0.47972230356968354
0.06336735942537186,0.5338353109599978,0.6622890907848897,0.44711538461538464,0.7661870503597122,155124,79100,191820,177216,54080,0.47954610004492026,0.47972230356968354
0.06292361368930577,0.5348865600041266,0.6628892648769823,0.4483173076923077,0.7661870503597122,155541,79100,191403,177216,54080,0.47954610004492026,0.47972230356968354
0.06272704359703163,0.5345033178580142,0.6617132792757532,0.4483173076923077,0.7661870503597122,155541,79517,191403,177216,54080,0.47954610004492026,0.47972230356968354
0.06165774200889573,0.5341206244988573,0.6605414587535832,0.4483173076923077,0.7661870503597122,155541,79934,191403,177216,54080,0.47954610004492026,0.47972230356968354
0.06156170803039451,0.5337384787487389,0.6593737812219151,0.4483173076923077,0.7661870503597122,155541,80351,191403,177216,54080,0.47954610004492026,0.47972230356968354
0.06134823792379285,0.5333568794331105,0.6582102247481052,0.4483173076923077,0.7661870503597122,155541,80768,191403,177216,54080,0.47954610004492026,0.47972230356968354
0.06114536086828881,0.5344047149930612,0.6588122977619696,0.4495192307692308,0.7661870503597122,155958,80768,190986,177216,54080,0.47954610004492026,0.47972230356968354
0.061071833031115186,0.5336440251701449,0.65650493774152,0.4495192307692308,0.762589928057554,155958,81600,190986,176384,54912,0.47954610004492026,0.47972230356968354
0.06085446225266278,0.5328854978525082,0.6542136834598766,0.4495192307692308,0.7589928057553957,155958,82432,190986,175552,55744,0.47954610004492026,0.47972230356968354
0.06075140997801087,0.5339299463423878,0.6548174885995804,0.45072115384615385,0.7589928057553957,156375,82432,190569,175552,55744,0.47954610004492026,0.47972230356968354
0.06074988185485497,0.5331726285964646,0.652544034985958,0.45072115384615385,0.7553956834532374,156375,83264,190569,174720,56576,0.47954610004492026,0.47972230356968354
0.060580588225517484,0.5342146507666099,0.6531475988935915,0.4519230769230769,0.7553956834532374,156792,83264,190152,174720,56576,0.47954610004492026,0.47972230356968354
0.06046282861843072,0.533458539174458,0.6508917007073827,0.4519230769230769,0.7517985611510791,156792,84096,190152,173888,57408,0.47954610004492026,0.47972230356968354
0.06023267895705564,0.5327045649130914,0.6486513321198081,0.4519230769230769,0.7482014388489209,156792,84928,190152,173056,58240,0.47954610004492026,0.47972230356968354
0.060163762758005446,0.5323274727923664,0.6475342471410813,0.4519230769230769,0.7482014388489209,156792,85345,190152,173056,58240,0.47954610004492026,0.47972230356968354
0.060068200352793644,0.5333656772372425,0.6481402079536928,0.453125,0.7482014388489209,157209,85345,189735,173056,58240,0.47954610004492026,0.47972230356968354
0.05989274970324565,0.5344024139070883,0.6487440888007211,0.4543269230769231,0.7482014388489209,157626,85345,189318,173056,58240,0.47954610004492026,0.47972230356968354
0.059744849255795984,0.5354376859123341,0.6493459003730668,0.45552884615384615,0.7482014388489209,158043,85345,188901,173056,58240,0.47954610004492026,0.47972230356968354
0.059722028552749995,0.5364714963546278,0.6499456532884887,0.4567307692307692,0.7482014388489209,158460,85345,188484,173056,58240,0.47954610004492026,0.47972230356968354
0.05938134866688394,0.5375038483268659,0.6505433580922275,0.4579326923076923,0.7482014388489209,158877,85345,188067,173056,58240,0.47954610004492026,0.47972230356968354
0.05934349849846754,0.5371249680940798,0.6494344728354842,0.4579326923076923,0.7482014388489209,158877,85762,188067,173056,58240,0.47954610004492026,0.47972230356968354
0.05920840497096164,0.5363706185697527,0.6472332780654334,0.4579326923076923,0.7446043165467626,158877,86594,188067,172224,59072,0.47954610004492026,0.47972230356968354
0.059167207561452995,0.5359933336931879,0.6461356389901093,0.4579326923076923,0.7446043165467626,158877,87011,188067,172224,59072,0.47954610004492026,0.47972230356968354
0.05895652387729611,0.5370223970036191,0.646734739449057,0.45913461538461536,0.7446043165467626,159294,87011,187650,172224,59072,0.47954610004492026,0.47972230356968354
0.05857545283560228,0.536270306574356,0.6445574721713058,0.45913461538461536,0.7410071942446043,159294,87843,187650,171392,59904,0.47954610004492026,0.47972230356968354
0.05844204255713292,0.5372970136148482,0.6451562083424223,0.46033653846153844,0.7410071942446043,159711,87843,187233,171392,59904,0.47954610004492026,0.47972230356968354
0.05828283473113549,0.5365461172794921,0.64299517686182,0.46033653846153844,0.737410071942446,159711,88675,187233,170560,60736,0.47954610004492026,0.47972230356968354
0.05796132887295702,0.5357973168366987,0.6408485743405372,0.46033653846153844,0.7338129496402878,159711,89507,187233,169728,61568,0.47954610004492026,0.47972230356968354
0.057922728857293604,0.5354228023447021,0.6397780759909468,0.46033653846153844,0.7338129496402878,159711,89924,187233,169728,61568,0.47954610004492026,0.47972230356968354
0.05790177632174831,0.536445805332029,0.6403788012093484,0.46153846153846156,0.7338129496402878,160128,89924,186816,169728,61568,0.47954610004492026,0.47972230356968354
0.05780929136449642,0.536071361018257,0.639312649469595,0.46153846153846156,0.7338129496402878,160128,90341,186816,169728,61568,0.47954610004492026,0.47972230356968354
0.05778522504403416,0.5370924844855561,0.6399121513356664,0.46274038461538464,0.7338129496402878,160545,90341,186399,169728,61568,0.47954610004492026,0.47972230356968354
0.057741003732047824,0.5381121844321827,0.6405096636331441,0.4639423076923077,0.7338129496402878,160962,90341,185982,169728,61568,0.47954610004492026,0.47972230356968354
0.05749191509202212,0.5373648550525056,0.638396097328812,0.4639423076923077,0.7302158273381295,160962,91173,185982,168896,62400,0.47954610004492026,0.47972230356968354
0.05730539219770325,0.5369910725009007,0.6373420127340113,0.4639423076923077,0.7302158273381295,160962,91590,185982,168896,62400,0.47954610004492026,0.47972230356968354
0.05710302899122777,0.5366178095823895,0.6362914032944749,0.4639423076923077,0.7302158273381295,160962,92007,185982,168896,62400,0.47954610004492026,0.47972230356968354
0.05695238216562559,0.537634301134376,0.6368899623499326,0.4651442307692308,0.7302158273381295,161379,92007,185565,168896,62400,0.47954610004492026,0.47972230356968354
0.05676685592060671,0.5372611099181519,0.6358435479486058,0.4651442307692308,0.7302158273381295,161379,92424,185565,168896,62400,0.47954610004492026,0.47972230356968354
0.05671691290245651,0.5368884364333194,0.6348005664385178,0.4651442307692308,0.7302158273381295,161379,92841,185565,168896,62400,0.47954610004492026,0.47972230356968354
0.056543827871121444,0.5379026265789645,0.635398626279763,0.46634615384615385,0.7302158273381295,161796,92841,185148,168896,62400,0.47954610004492026,0.47972230356968354
0.05609336663898973,0.5371597226487477,0.6333292884851,0.46634615384615385,0.7266187050359713,161796,93673,185148,168064,63232,0.47954610004492026,0.47972230356968354
0.05601171007993311,0.5367881492294677,0.6322971948445792,0.46634615384615385,0.7266187050359713,161796,94090,185148,168064,63232,0.47954610004492026,0.47972230356968354
0.05580322124657666,0.5377996077891809,0.63289544016262,0.4675480769230769,0.7266187050359713,162213,94090,184731,168064,63232,0.47954610004492026,0.47972230356968354
0.05571039409855649,0.5388096689549153,0.6334917419756934,0.46875,0.7266187050359713,162630,94090,184314,168064,63232,0.47954610004492026,0.47972230356968354
0.05556087679410715,0.5384377260665374,0.6324644061336953,0.46875,0.7266187050359713,162630,94507,184314,168064,63232,0.47954610004492026,0.47972230356968354
0.055494275327387044,0.5394459535019139,0.6330594749062333,0.4699519230769231,0.7266187050359713,163047,94507,183897,168064,63232,0.47954610004492026,0.47972230356968354
0.05539007831980913,0.540452790887976,0.6336526198681247,0.47115384615384615,0.7266187050359713,163464,94507,183480,168064,63232,0.47954610004492026,0.47972230356968354
0.055122637654646534,0.5414582410974473,0.6342438503336069,0.4723557692307692,0.7266187050359713,163881,94507,183063,168064,63232,0.47954610004492026,0.47972230356968354
0.05501941635094876,0.5424623069951415,0.6348331755568865,0.4735576923076923,0.7266187050359713,164298,94507,182646,168064,63232,0.47954610004492026,0.47972230356968354
0.054941423075173745,0.5420891307001713,0.6338119449738062,0.4735576923076923,0.7266187050359713,164298,94924,182646,168064,63232,0.47954610004492026,0.47972230356968354
0.05439263608421596,0.543091382382955,0.6344000708676277,0.47475961538461536,0.7266187050359713,164715,94924,182229,168064,63232,0.47954610004492026,0.47972230356968354
0.05399459335712464,0.5427182866556837,0.6333828098563387,0.47475961538461536,0.7266187050359713,164715,95341,182229,168064,63232,0.47954610004492026,0.47972230356968354
0.05377180242799995,0.5419754142592031,0.6313628836895526,0.47475961538461536,0.7230215827338129,164715,96173,182229,167232,64064,0.47954610004492026,0.47972230356968354
0.053559897650277244,0.5429749987258508,0.631951168175121,0.47596153846153844,0.7230215827338129,165132,96173,181812,167232,64064,0.47954610004492026,0.47972230356968354
0.05345925093426984,0.5439732135522601,0.6325375780408219,0.47716346153846156,0.7230215827338129,165549,96173,181395,167232,64064,0.47954610004492026,0.47972230356968354
0.05345775976295242,0.5432306586732032,0.6305331474668068,0.47716346153846156,0.7194244604316546,165549,97005,181395,166400,64896,0.47954610004492026,0.47972230356968354
0.052980488016831084,0.5428592508792208,0.6295332945457864,0.47716346153846156,0.7194244604316546,165549,97422,181395,166400,64896,0.47954610004492026,0.47972230356968354
0.05277700930184814,0.5424883506026228,0.628536607590323,0.47716346153846156,0.7194244604316546,165549,97839,181395,166400,64896,0.47954610004492026,0.47972230356968354
0.05261647926838853,0.5421179568038589,0.6275430715869676,0.47716346153846156,0.7194244604316546,165549,98256,181395,166400,64896,0.47954610004492026,0.47972230356968354
0.052606926479255134,0.5431126731526296,0.628130889933465,0.47836538461538464,0.7194244604316546,165966,98256,180978,166400,64896,0.47954610004492026,0.47972230356968354
0.05248954848126719,0.5427423587640599,0.6271411243240792,0.47836538461538464,0.7194244604316546,165966,98673,180978,166400,64896,0.47954610004492026,0.47972230356968354
0.05240509830689977,0.5423725490196079,0.6261544730170229,0.47836538461538464,0.7194244604316546,165966,99090,180978,166400,64896,0.47954610004492026,0.47972230356968354
0.05210395338589946,0.543365060081611,0.6267417025460217,0.4795673076923077,0.7194244604316546,166383,99090,180561,166400,64896,0.47954610004492026,0.47972230356968354
0.052080268392782125,0.5443562204446881,0.627327090150062,0.4807692307692308,0.7194244604316546,166800,99090,180144,166400,64896,0.47954610004492026,0.47972230356968354
0.052062986626316254,0.5436181896992827,0.6253702356760972,0.4807692307692308,0.7158273381294964,166800,99922,180144,165568,65728,0.47954610004492026,0.47972230356968354
0.05166381376538032,0.5432490396249366,0.6243940420530136,0.4807692307692308,0.7158273381294964,166800,100339,180144,165568,65728,0.47954610004492026,0.47972230356968354
0.05098768953173649,0.5425140060008293,0.6224554149516179,0.4807692307692308,0.7122302158273381,166800,101171,180144,164736,66560,0.47954610004492026,0.47972230356968354
0.050924599178155505,0.5435017193970084,0.6230420138009151,0.48197115384615385,0.7122302158273381,167217,101171,179727,164736,66560,0.47954610004492026,0.47972230356968354
0.05083744869222273,0.5431336469892765,0.6220754822268931,0.48197115384615385,0.7122302158273381,167217,101588,179727,164736,66560,0.47954610004492026,0.47972230356968354
0.05041902321665359,0.5441196041326526,0.622660852382049,0.4831730769230769,0.7122302158273381,167634,101588,179310,164736,66560,0.47954610004492026,0.47972230356968354
0.05041882821145327,0.5433858780741591,0.620742518163034,0.4831730769230769,0.7086330935251799,167634,102420,179310,163904,67392,0.47954610004492026,0.47972230356968354
0.05016941035769096,0.5430188770923933,0.6197854853200528,0.4831730769230769,0.7086330935251799,167634,102837,179310,163904,67392,0.47954610004492026,0.47972230356968354
0.05001217576803296,0.5440022530396613,0.6203707805439886,0.484375,0.7086330935251799,168051,102837,178893,163904,67392,0.47954610004492026,0.47972230356968354
0.04994639830927072,0.5449843024412494,0.6209542765522198,0.4855769230769231,0.7086330935251799,168468,102837,178476,163904,67392,0.47954610004492026,0.47972230356968354
0.04974890318173053,0.5446169661820757,0.6200013248835207,0.4855769230769231,0.7086330935251799,168468,103254,178476,163904,67392,0.47954610004492026,0.47972230356968354
0.04967789104850023,0.5442501247813298,0.6190512936403822,0.4855769230769231,0.7086330935251799,168468,103671,178476,163904,67392,0.47954610004492026,0.47972230356968354
0.04927058660146855,0.5438837772397095,0.6181041694183947,0.4855769230769231,0.7086330935251799,168468,104088,178476,163904,67392,0.47954610004492026,0.47972230356968354
0.04901903265095153,0.5435179225606008,0.6171599388950556,0.4855769230769231,0.7086330935251799,168468,104505,178476,163904,67392,0.47954610004492026,0.47972230356968354
0.048919412820674024,0.5444969967791544,0.617743882365851,0.48677884615384615,0.7086330935251799,168885,104505,178059,163904,67392,0.47954610004492026,0.47972230356968354
0.04868287857851389,0.5437676885083859,0.6158696238813808,0.48677884615384615,0.7050359712230215,168885,105337,178059,163072,68224,0.47954610004492026,0.47972230356968354
0.04861330928079488,0.5447446278292681,0.6164528708595647,0.4879807692307692,0.7050359712230215,169302,105337,177642,163072,68224,0.47954610004492026,0.47972230356968354
0.048447963157630336,0.544379421221865,0.6155182944564016,0.4879807692307692,0.7050359712230215,169302,105754,177642,163072,68224,0.47954610004492026,0.47972230356968354
0.0483879887861568,0.5440147039685612,0.6145865475019331,0.4879807692307692,0.7050359712230215,169302,106171,177642,163072,68224,0.47954610004492026,0.47972230356968354
0.04833023631434025,0.5432884769971552,0.6127359258790105,0.4879807692307692,0.7014388489208633,169302,107003,177642,162240,69056,0.47954610004492026,0.47972230356968354
0.048272646154721155,0.5442624738241302,0.6133195047737441,0.4891826923076923,0.7014388489208633,169719,107003,177225,162240,69056,0.47954610004492026,0.47972230356968354
0.048228321261391816,0.5435373692149534,0.6114810091009317,0.4891826923076923,0.697841726618705,169719,107835,177225,161408,69888,0.47954610004492026,0.47972230356968354
0.04812009553038599,0.5428141941055122,0.6096535026905089,0.4891826923076923,0.6942446043165468,169719,108667,177225,160576,70720,0.47954610004492026,0.47972230356968354
0.04803619557329908,0.5437852678478682,0.6102373360401431,0.49038461538461536,0.6942446043165468,170136,108667,176808,160576,70720,0.47954610004492026,0.47972230356968354
0.04801467828675454,0.5434231287649881,0.6093259795143614,0.49038461538461536,0.6942446043165468,170136,109084,176808,160576,70720,0.47954610004492026,0.47972230356968354
0.04775969194017049,0.5427020268071886,0.6075157470755431,0.49038461538461536,0.6906474820143885,170136,109916,176808,159744,71552,0.47954610004492026,0.47972230356968354
0.04771604142120939,0.5436705965607981,0.6080992908307157,0.49158653846153844,0.6906474820143885,170553,109916,176391,159744,71552,0.47954610004492026,0.47972230356968354
0.047679454116487,0.5446378796808053,0.608681101941713,0.49278846153846156,0.6906474820143885,170970,109916,175974,159744,71552,0.47954610004492026,0.47972230356968354
0.04761778508437964,0.5439170810387776,0.6068834792239047,0.49278846153846156,0.6870503597122302,170970,110748,175974,158912,72384,0.47954610004492026,0.47972230356968354
0.04758514825771332,0.5435565326453434,0.605986495826466,0.49278846153846156,0.6870503597122302,170970,111165,175974,158912,72384,0.47954610004492026,0.47972230356968354
0.04717004963113447,0.544521331350795,0.6065679945638325,0.49399038461538464,0.6870503597122302,171387,111165,175557,158912,72384,0.47954610004492026,0.47972230356968354
0.047160485504379124,0.5441608603092808,0.6056741197799053,0.49399038461538464,0.6870503597122302,171387,111582,175557,158912,72384,0.47954610004492026,0.47972230356968354
0.046963353514972606,0.5451239826757412,0.6062543668353412,0.4951923076923077,0.6870503597122302,171804,111582,175140,158912,72384,0.47954610004492026,0.47972230356968354
0.046884416334294965,0.5460858315616246,0.6068329087430365,0.4963942307692308,0.6870503597122302,172221,111582,174723,158912,72384,0.47954610004492026,0.47972230356968354
0.04677363236990151,0.5453664545527954,0.605059110791013,0.4963942307692308,0.6834532374100719,172221,112414,174723,158080,73216,0.47954610004492026,0.47972230356968354
0.046603826950176064,0.5463262425711555,0.6056368662559813,0.49759615384615385,0.6834532374100719,172638,112414,174306,158080,73216,0.47954610004492026,0.47972230356968354
0.04632135019364503,0.5459660063913929,0.6047521797463122,0.49759615384615385,0.6834532374100719,172638,112831,174306,158080,73216,0.47954610004492026,0.47972230356968354
0.046214012333174015,0.5456062449631023,0.6038700740854747,0.49759615384615385,0.6834532374100719,172638,113248,174306,158080,73216,0.47954610004492026,0.47972230356968354
0.045819495495835305,0.5465639789845037,0.6044470368805077,0.4987980769230769,0.6834532374100719,173055,113248,173889,158080,73216,0.47954610004492026,0.47972230356968354
0.04573841471292356,0.5458468108863407,0.6026955961481533,0.4987980769230769,0.6798561151079137,173055,114080,173889,157248,74048,0.47954610004492026,0.47972230356968354
0.04556397362192666,0.5454880724228364,0.6018215835744491,0.4987980769230769,0.6798561151079137,173055,114497,173889,157248,74048,0.47954610004492026,0.47972230356968354
0.04554139213648545,0.5451298051859074,0.6009501022679524,0.4987980769230769,0.6798561151079137,173055,114914,173889,157248,74048,0.47954610004492026,0.47972230356968354
0.045455807156442485,0.546084711882014,0.6015271199017983,0.5,0.6798561151079137,173472,114914,173472,157248,74048,0.47954610004492026,0.47972230356968354
0.04528841082302837,0.5470383658908339,0.602102471234717,0.5012019230769231,0.6798561151079137,173889,114914,173055,157248,74048,0.47954610004492026,0.47972230356968354
0.04517222131034537,0.547990769675744,0.6026761634741719,0.5024038461538461,0.6798561151079137,174306,114914,172638,157248,74048,0.47954610004492026,0.47972230356968354
0.04501267440119383,0.5489419256936666,0.6032482037861184,0.5036057692307693,0.6798561151079137,174723,114914,172221,157248,74048,0.47954610004492026,0.47972230356968354
0.04495178768354291,0.5485825701179595,0.6023809359636482,0.5036057692307693,0.6798561151079137,174723,115331,172221,157248,74048,0.47954610004492026,0.47972230356968354
0.04494682571882247,0.5478669865011053,0.6006579897279346,0.5036057692307693,0.6762589928057554,174723,116163,172221,156416,74880,0.47954610004492026,0.47972230356968354
0.04477839235925807,0.5475090364702067,0.5997981483197907,0.5036057692307693,0.6762589928057554,174723,116580,172221,156416,74880,0.47954610004492026,0.47972230356968354
0.04475356671036895,0.5467962489770435,0.5980899241788898,0.5036057692307693,0.6726618705035972,174723,117412,172221,155584,75712,0.47954610004492026,0.47972230356968354
0.044637684330716354,0.5477438482805209,0.5986628018266839,0.5048076923076923,0.6726618705035972,175140,117412,171804,155584,75712,0.47954610004492026,0.47972230356968354
0.044570231328764476,0.5473869104081336,0.5978106898682113,0.5048076923076923,0.6726618705035972,175140,117829,171804,155584,75712,0.47954610004492026,0.47972230356968354
0.044460666203790966,0.5466761348118206,0.5961177804023812,0.5048076923076923,0.6690647482014388,175140,118661,171804,154752,76544,0.47954610004492026,0.47972230356968354
0.044350634610017536,0.5459672026896226,0.5944344319882702,0.5048076923076923,0.6654676258992805,175140,119493,171804,153920,77376,0.47954610004492026,0.47972230356968354
0.04434081986501015,0.545260106878951,0.5927605638569712,0.5048076923076923,0.6618705035971223,175140,120325,171804,153088,78208,0.47954610004492026,0.47972230356968354
0.04406507509347202,0.5462037938726809,0.5933345049715765,0.5060096153846154,0.6618705035971223,175557,120325,171387,153088,78208,0.47954610004492026,0.47972230356968354
0.04397485028180326,0.5458497022120723,0.5924994684423505,0.5060096153846154,0.6618705035971223,175557,120742,171387,153088,78208,0.47954610004492026,0.47972230356968354
0.043522070749571484,0.5454960693533853,0.5916667790075358,0.5060096153846154,0.6618705035971223,175557,121159,171387,153088,78208,0.47954610004492026,0.47972230356968354
0.04324649602721903,0.5447918670829118,0.5900123677524298,0.5060096153846154,0.658273381294964,175557,121991,171387,152256,79040,0.47954610004492026,0.47972230356968354
0.04320050767917982,0.5457328088148871,0.590586142667763,0.5072115384615384,0.658273381294964,175974,121991,170970,152256,79040,0.47954610004492026,0.47972230356968354
0.04315085388053663,0.545029663595776,0.5889416560407233,0.5072115384615384,0.6546762589928058,175974,122823,170970,151424,79872,0.47954610004492026,0.47972230356968354
0.043120235300970255,0.5446779270704688,0.588120876696946,0.5072115384615384,0.6546762589928058,175974,123240,170970,151424,79872,0.47954610004492026,0.47972230356968354
0.043082604267955515,0.5439774957881883,0.5864900715223665,0.5072115384615384,0.6510791366906474,175974,124072,170970,150592,80704,0.47954610004492026,0.47972230356968354
0.04306063260961018,0.544915331468458,0.5870639646146114,0.5084134615384616,0.6510791366906474,176391,124072,170553,150592,80704,0.47954610004492026,0.47972230356968354
0.043027731826864146,0.5458519597915483,0.5876362669502792,0.5096153846153846,0.6510791366906474,176808,124072,170136,150592,80704,0.47954610004492026,0.47972230356968354
0.04298498574401044,0.5455008245390217,0.5868229686986595,0.5096153846153846,0.6510791366906474,176808,124489,170136,150592,80704,0.47954610004492026,0.47972230356968354
0.04294015627686376,0.5448015862622541,0.585206981123957,0.5096153846153846,0.6474820143884892,176808,125321,170136,149760,81536,0.47954610004492026,0.47972230356968354
0.04260456317153122,0.545735885079062,0.5857786915047629,0.5108173076923077,0.6474820143884892,177225,125321,169719,149760,81536,0.47954610004492026,0.47972230356968354
0.04257707076098327,0.5450376890217461,0.5841722207938611,0.5108173076923077,0.6438848920863309,177225,126153,169719,148928,82368,0.47954610004492026,0.47972230356968354
0.0423566894391213,0.5443412771786705,0.5825745373261891,0.5108173076923077,0.6402877697841727,177225,126985,169719,148096,83200,0.47954610004492026,0.47972230356968354
0.04234350086420935,0.5436466427193222,0.5809855692003069,0.5108173076923077,0.6366906474820144,177225,127817,169719,147264,84032,0.47954610004492026,0.47972230356968354
0.04216510835965892,0.5445775080739972,0.5815575903803784,0.5120192307692307,0.6366906474820144,177642,127817,169302,147264,84032,0.47954610004492026,0.47972230356968354
0.041339208161713215,0.5438839008932467,0.5799778641879781,0.5120192307692307,0.6330935251798561,177642,128649,169302,146432,84864,0.47954610004492026,0.47972230356968354
0.04125465890366942,0.5448128361880634,0.5805489260143198,0.5132211538461539,0.6330935251798561,178059,128649,168885,146432,84864,0.47954610004492026,0.47972230356968354
0.041229369673679184,0.5441202535126909,0.5789783442804188,0.5132211538461539,0.6294964028776978,178059,129481,168885,145600,85696,0.47954610004492026,0.47972230356968354
0.04112859054239315,0.5434294294660896,0.5774162375312933,0.5132211538461539,0.6258992805755396,178059,130313,168885,144768,86528,0.47954610004492026,0.47972230356968354
0.04092977155707389,0.5427403573584009,0.5758625373539799,0.5132211538461539,0.6223021582733813,178059,131145,168885,143936,87360,0.47954610004492026,0.47972230356968354
0.04090658930180302,0.542053030533654,0.5743171760698758,0.5132211538461539,0.6187050359712231,178059,131977,168885,143104,88192,0.47954610004492026,0.47972230356968354
0.04073396552330477,0.5417091955089542,0.5735457541077071,0.5132211538461539,0.6187050359712231,178059,132394,168885,143104,88192,0.47954610004492026,0.47972230356968354
0.04066576335997352,0.5426336319993189,0.5741177984366456,0.5144230769230769,0.6187050359712231,178476,132394,168468,143104,88192,0.47954610004492026,0.47972230356968354
0.04056839352658248,0.5435568971987038,0.5746883101446575,0.515625,0.6187050359712231,178893,132394,168051,143104,88192,0.47954610004492026,0.47972230356968354
0.04035485895064728,0.5444789933317948,0.575257295382799,0.5168269230769231,0.6187050359712231,179310,132394,167634,143104,88192,0.47954610004492026,0.47972230356968354
0.040130890076188086,0.5441344935628504,0.5744887399438039,0.5168269230769231,0.6187050359712231,179310,132811,167634,143104,88192,0.47954610004492026,0.47972230356968354
0.03986747712702843,0.543448447257678,0.5729614351036737,0.5168269230769231,0.6151079136690647,179310,133643,167634,142272,89024,0.47954610004492026,0.47972230356968354
0.03972832536799742,0.5443682853914955,0.5735296933337588,0.5180288461538461,0.6151079136690647,179727,133643,167217,142272,89024,0.47954610004492026,0.47972230356968354
0.039713368752063105,0.5452869624703548,0.574096441216494,0.5192307692307693,0.6151079136690647,180144,133643,166800,142272,89024,0.47954610004492026,0.47972230356968354
0.03945421001563021,0.5462044806911615,0.5746616847653117,0.5204326923076923,0.6151079136690647,180561,133643,166383,142272,89024,0.47954610004492026,0.47972230356968354
0.03928890712217459,0.5458601951433344,0.5739000257452618,0.5204326923076923,0.6151079136690647,180561,134060,166383,142272,89024,0.47954610004492026,0.47972230356968354
0.03904217379165725,0.5467761963316223,0.5744640329103156,0.5216346153846154,0.6151079136690647,180978,134060,165966,142272,89024,0.47954610004492026,0.47972230356968354
0.03859288966799279,0.5464319843478025,0.5737046488405636,0.5216346153846154,0.6151079136690647,180978,134477,165966,142272,89024,0.47954610004492026,0.47972230356968354
0.03858480178823587,0.5460882054748226,0.5729472697801641,0.5216346153846154,0.6151079136690647,180978,134894,165966,142272,89024,0.47954610004492026,0.47972230356968354
0.038440546398190945,0.5470023355291429,0.5735103022868326,0.5228365384615384,0.6151079136690647,181395,134894,165549,142272,89024,0.47954610004492026,0.47972230356968354
0.03840808373654975,0.546658630302117,0.5727551735679147,0.5228365384615384,0.6151079136690647,181395,135311,165549,142272,89024,0.47954610004492026,0.47972230356968354
0.0383238111298021,0.547571254105384,0.573316977954926,0.5240384615384616,0.6151079136690647,181812,135311,165132,142272,89024,0.47954610004492026,0.47972230356968354
0.038056209370321836,0.548482732466094,0.5738773067959942,0.5252403846153846,0.6151079136690647,182229,135311,164715,142272,89024,0.47954610004492026,0.47972230356968354
0.03801049255582034,0.549393067539378,0.5744361658966464,0.5264423076923077,0.6151079136690647,182646,135311,164298,142272,89024,0.47954610004492026,0.47972230356968354
0.03800833120940372,0.5487064634019945,0.5729369583015725,0.5264423076923077,0.6115107913669064,182646,136143,164298,141440,89856,0.47954610004492026,0.47972230356968354
0.037796846191511746,0.5480215732899267,0.5714455558301864,0.5264423076923077,0.6079136690647482,182646,136975,164298,140608,90688,0.47954610004492026,0.47972230356968354
0.037624719922689176,0.5476789478576634,0.570700979258713,0.5264423076923077,0.6079136690647482,182646,137392,164298,140608,90688,0.47954610004492026,0.47972230356968354
0.037545951781399745,0.5473367505794884,0.5699583404846235,0.5264423076923077,0.6079136690647482,182646,137809,164298,140608,90688,0.47954610004492026,0.47972230356968354
0.03680115924151417,0.5469949806533536,0.5692176319529283,0.5264423076923077,0.6079136690647482,182646,138226,164298,140608,90688,0.47954610004492026,0.47972230356968354
0.036765846385288126,0.5463143537406827,0.5677455051848904,0.5264423076923077,0.60431654676259,182646,139058,164298,139776,91520,0.47954610004492026,0.47972230356968354
0.036712084712900106,0.545973859042096,0.5670105333089118,0.5264423076923077,0.60431654676259,182646,139475,164298,139776,91520,0.47954610004492026,0.47972230356968354
0.03667391993453606,0.5452957693496164,0.5655497858821562,0.5264423076923077,0.6007194244604317,182646,140307,164298,138944,92352,0.47954610004492026,0.47972230356968354
0.0366445580132993,0.5449565427545896,0.5648204842749791,0.5264423076923077,0.6007194244604317,182646,140724,164298,138944,92352,0.47954610004492026,0.47972230356968354
0.03662205689763809,0.54428097612144,0.5633709847564173,0.5264423076923077,0.5971223021582733,182646,141556,164298,138112,93184,0.47954610004492026,0.47972230356968354
0.0365326240711179,0.5439430105589498,0.5626472880515312,0.5264423076923077,0.5971223021582733,182646,141973,164298,138112,93184,0.47954610004492026,0.47972230356968354
0.03649483154839084,0.5436054644483467,0.5619254482580391,0.5264423076923077,0.5971223021582733,182646,142390,164298,138112,93184,0.47954610004492026,0.47972230356968354
0.03637860658337544,0.5432683370092372,0.5612054582382096,0.5264423076923077,0.5971223021582733,182646,142807,164298,138112,93184,0.47954610004492026,0.47972230356968354
0.035654113910655316,0.5425969469526714,0.5597744303293133,0.5264423076923077,0.5935251798561151,182646,143639,164298,137280,94016,0.47954610004492026,0.47972230356968354
0.035607588312845384,0.5434991078400228,0.5603363309682831,0.5276442307692307,0.5935251798561151,183063,143639,163881,137280,94016,0.47954610004492026,0.47972230356968354
0.03545758496316964,0.5431628794341182,0.5596220335718806,0.5276442307692307,0.5935251798561151,183063,144056,163881,137280,94016,0.47954610004492026,0.47972230356968354
0.035455802599810016,0.542493276731936,0.5582022924156352,0.5276442307692307,0.5899280575539568,183063,144888,163881,136448,94848,0.47954610004492026,0.47972230356968354
0.035213007443930966,0.5421582912786979,0.5574934220143254,0.5276442307692307,0.5899280575539568,183063,145305,163881,136448,94848,0.47954610004492026,0.47972230356968354
0.03516623119360818,0.5414911616460399,0.5560844471445929,0.5276442307692307,0.5863309352517986,183063,146137,163881,135616,95680,0.47954610004492026,0.47972230356968354
0.03511712621218743,0.540825671811113,0.5546825762350317,0.5276442307692307,0.5827338129496403,183063,146969,163881,134784,96512,0.47954610004492026,0.47972230356968354
0.03511238473208883,0.5404927420271541,0.5539826115376352,0.5276442307692307,0.5827338129496403,183063,147386,163881,134784,96512,0.47954610004492026,0.47972230356968354
0.03504753906564023,0.5401602218910905,0.5532844112117896,0.5276442307692307,0.5827338129496403,183063,147803,163881,134784,96512,0.47954610004492026,0.47972230356968354
0.03495428624382141,0.5398281106473202,0.5525879685948267,0.5276442307692307,0.5827338129496403,183063,148220,163881,134784,96512,0.47954610004492026,0.47972230356968354
0.03483387578220121,0.5407253287437891,0.5531504371419957,0.5288461538461539,0.5827338129496403,183480,148220,163464,134784,96512,0.47954610004492026,0.47972230356968354
0.03470480674065579,0.5403932783652721,0.5524559116215069,0.5288461538461539,0.5827338129496403,183480,148637,163464,134784,96512,0.47954610004492026,0.47972230356968354
0.034699450535276566,0.5397319872391685,0.551075389924583,0.5288461538461539,0.579136690647482,183480,149469,163464,133952,97344,0.47954610004492026,0.47972230356968354
0.034467987109525144,0.5406270670723641,0.5516369395799212,0.5300480769230769,0.579136690647482,183897,149469,163047,133952,97344,0.47954610004492026,0.47972230356968354
0.034447572098856516,0.5402958895416224,0.5509477714563055,0.5300480769230769,0.579136690647482,183897,149886,163047,133952,97344,0.47954610004492026,0.47972230356968354
0.03412869717554934,0.5411895282054896,0.551508078994614,0.53125,0.579136690647482,184314,149886,162630,133952,97344,0.47954610004492026,0.47972230356968354
0.03404982339889029,0.5408584117929283,0.550820789141018,0.53125,0.579136690647482,184314,150303,162630,133952,97344,0.47954610004492026,0.47972230356968354
0.0339690253188879,0.540527700307048,0.550135210157775,0.53125,0.579136690647482,184314,150720,162630,133952,97344,0.47954610004492026,0.47972230356968354
0.03352325280964219,0.5398690704588393,0.5487724270989025,0.53125,0.5755395683453237,184314,151552,162630,133120,98176,0.47954610004492026,0.47972230356968354
0.033387338244410425,0.5407602451308277,0.5493319614729261,0.5324519230769231,0.5755395683453237,184731,151552,162213,133120,98176,0.47954610004492026,0.47972230356968354
0.03338406538055827,0.5404303994476658,0.5486516186516186,0.5324519230769231,0.5755395683453237,184731,151969,162213,133120,98176,0.47954610004492026,0.47972230356968354
0.03328087848321909,0.5397734909624297,0.5472992190370098,0.5324519230769231,0.5719424460431655,184731,152801,162213,132288,99008,0.47954610004492026,0.47972230356968354
0.03321534019781763,0.5406625560489011,0.5478578128652548,0.5336538461538461,0.5719424460431655,185148,152801,161796,132288,99008,0.47954610004492026,0.47972230356968354
0.03318858906880995,0.5400065623974626,0.546512348685434,0.5336538461538461,0.5683453237410072,185148,153633,161796,131456,99840,0.47954610004492026,0.47972230356968354
0.0331748721148476,0.540893867450178,0.5470698530062088,0.5348557692307693,0.5683453237410072,185565,153633,161379,131456,99840,0.47954610004492026,0.47972230356968354
0.033096599119490866,0.541780094645908,0.5476259882514023,0.5360576923076923,0.5683453237410072,185982,153633,160962,131456,99840,0.47954610004492026,0.47972230356968354
0.03279742799641627,0.5411243382587203,0.5462876747335121,0.5360576923076923,0.564748201438849,185982,154465,160962,130624,100672,0.47954610004492026,0.47972230356968354
0.032676851064467605,0.5407962687261562,0.5456193672549756,0.5360576923076923,0.564748201438849,185982,154882,160962,130624,100672,0.47954610004492026,0.47972230356968354
0.03265944312617486,0.5404685967525156,0.5449526929421796,0.5360576923076923,0.564748201438849,185982,155299,160962,130624,100672,0.47954610004492026,0.47972230356968354
0.032441704825759476,0.5401413216155855,0.544287645815896,0.5360576923076923,0.564748201438849,185982,155716,160962,130624,100672,0.47954610004492026,0.47972230356968354
0.03227979088432742,0.539489523897928,0.5429655796572563,0.5360576923076923,0.5611510791366906,185982,156548,160962,129792,101504,0.47954610004492026,0.47972230356968354
0.03213285946785216,0.5391634330640638,0.5423053708007359,0.5360576923076923,0.5611510791366906,185982,156965,160962,129792,101504,0.47954610004492026,0.47972230356968354
0.03202459837940452,0.5385139918607025,0.5409929053258052,0.5360576923076923,0.5575539568345323,185982,157797,160962,128960,102336,0.47954610004492026,0.47972230356968354
0.031973661055899716,0.5381890789131001,0.5403374821322735,0.5360576923076923,0.5575539568345323,185982,158214,160962,128960,102336,0.47954610004492026,0.47972230356968354
0.03183225424516839,0.5375419814674582,0.5390345131409625,0.5360576923076923,0.5539568345323741,185982,159046,160962,128128,103168,0.47954610004492026,0.47972230356968354
0.03177499591455102,0.5372182400355869,0.5383838237635513,0.5360576923076923,0.5539568345323741,185982,159463,160962,128128,103168,0.47954610004492026,0.47972230356968354
0.031524792613783215,0.5365734736829958,0.5370902485582352,0.5360576923076923,0.5503597122302158,185982,160295,160962,127296,104000,0.47954610004492026,0.47972230356968354
0.031035118632921632,0.5359302531651041,0.53580287460135,0.5360576923076923,0.5467625899280576,185982,161127,160962,126464,104832,0.47954610004492026,0.47972230356968354
0.030861884265042105,0.5356084496090544,0.5351599592548472,0.5360576923076923,0.5467625899280576,185982,161544,160962,126464,104832,0.47954610004492026,0.47972230356968354
0.030848230401737398,0.5349675392850877,0.533881811240161,0.5360576923076923,0.5431654676258992,185982,162376,160962,125632,105664,0.47954610004492026,0.47972230356968354
0.030781039408642075,0.5343281609575168,0.5326097540021192,0.5360576923076923,0.539568345323741,185982,163208,160962,124800,106496,0.47954610004492026,0.47972230356968354
0.030731297059761742,0.5340082779293979,0.5319744741953107,0.5360576923076923,0.539568345323741,185982,163625,160962,124800,106496,0.47954610004492026,0.47972230356968354
0.030712396181677926,0.5333711891457061,0.5307114790305874,0.5360576923076923,0.5359712230215827,185982,164457,160962,123968,107328,0.47954610004492026,0.47972230356968354
0.030653302213250355,0.5342476354256234,0.5312692386620151,0.5372596153846154,0.5359712230215827,186399,164457,160545,123968,107328,0.47954610004492026,0.47972230356968354
0.030629876118492827,0.5336114005656769,0.5300123973521985,0.5372596153846154,0.5323741007194245,186399,165289,160545,123136,108160,0.47954610004492026,0.47972230356968354
0.03038189655192014,0.5329766792858531,0.5287614887098604,0.5372596153846154,0.5287769784172662,186399,166121,160545,122304,108992,0.47954610004492026,0.47972230356968354
0.030286374217236234,0.532343466191439,0.5275164708279563,0.5372596153846154,0.5251798561151079,186399,166953,160545,121472,109824,0.47954610004492026,0.47972230356968354
0.030078727888429357,0.5320266642691087,0.5268946685549045,0.5372596153846154,0.5251798561151079,186399,167370,160545,121472,109824,0.47954610004492026,0.47972230356968354
0.029894174452731626,0.5313957051935371,0.5256584160789168,0.5372596153846154,0.5215827338129496,186399,168202,160545,120640,110656,0.47954610004492026,0.47972230356968354
0.029627125529410048,0.5310800299731324,0.5250409838374392,0.5372596153846154,0.5215827338129496,186399,168619,160545,120640,110656,0.47954610004492026,0.47972230356968354
0.02958591152061174,0.5304513129025006,0.5238134045243783,0.5372596153846154,0.5179856115107914,186399,169451,160545,119808,111488,0.47954610004492026,0.47972230356968354
0.029417216226223064,0.5298240826802876,0.52259155213888,0.5372596153846154,0.5143884892086331,186399,170283,160545,118976,112320,0.47954610004492026,0.47972230356968354
0.029232360954147163,0.5295102713896737,0.5219812993035545,0.5372596153846154,0.5143884892086331,186399,170700,160545,118976,112320,0.47954610004492026,0.47972230356968354
0.029127625369061105,0.5291968316157056,0.5213724700432988,0.5372596153846154,0.5143884892086331,186399,171117,160545,118976,112320,0.47954610004492026,0.47972230356968354
0.029069580501903447,0.528883762699024,0.5207650593826219,0.5372596153846154,0.5143884892086331,186399,171534,160545,118976,112320,0.47954610004492026,0.47972230356968354
0.028943173011295564,0.5285710639818288,0.5201590623691922,0.5372596153846154,0.5143884892086331,186399,171951,160545,118976,112320,0.47954610004492026,0.47972230356968354
0.028826694872602365,0.5282587348078747,0.5195544740737025,0.5372596153846154,0.5143884892086331,186399,172368,160545,118976,112320,0.47954610004492026,0.47972230356968354
0.028461585581960103,0.5291278635035008,0.520112254443405,0.5384615384615384,0.5143884892086331,186816,172368,160128,118976,112320,0.47954610004492026,0.47972230356968354
0.02838334542525811,0.528505148806156,0.5189102706546376,0.5384615384615384,0.5107913669064749,186816,173200,160128,118144,113152,0.47954610004492026,0.47972230356968354
0.02827059849369218,0.5293725976388828,0.5194668634669967,0.5396634615384616,0.5107913669064749,187233,173200,159711,118144,113152,0.47954610004492026,0.47972230356968354
0.02818841814678913,0.5302390243488925,0.52002216987668,0.5408653846153846,0.5107913669064749,187650,173200,159294,118144,113152,0.47954610004492026,0.47972230356968354
0.02808840518137501,0.529926815595917,0.5194219233973765,0.5408653846153846,0.5107913669064749,187650,173617,159294,118144,113152,0.47954610004492026,0.47972230356968354
0.027986621158239577,0.5296149742883431,0.5188230610145873,0.5408653846153846,0.5107913669064749,187650,174034,159294,118144,113152,0.47954610004492026,0.47972230356968354
0.027866127980534117,0.5289938826713275,0.5176323251939224,0.5408653846153846,0.5071942446043165,187650,174866,159294,117312,113984,0.47954610004492026,0.47972230356968354
0.02774779170353814,0.5286831380647633,0.517037579938997,0.5408653846153846,0.5071942446043165,187650,175283,159294,117312,113984,0.47954610004492026,0.47972230356968354
0.027637598763538607,0.5283727583226101,0.5164441998073482,0.5408653846153846,0.5071942446043165,187650,175700,159294,117312,113984,0.47954610004492026,0.47972230356968354
0.027535914050632937,0.52806274280263,0.5158521801042976,0.5408653846153846,0.5071942446043165,187650,176117,159294,117312,113984,0.47954610004492026,0.47972230356968354
0.027518697050422203,0.527753090864092,0.515261516156668,0.5408653846153846,0.5071942446043165,187650,176534,159294,117312,113984,0.47954610004492026,0.47972230356968354
0.02745859102960646,0.5271363559750548,0.5140870537181932,0.5408653846153846,0.5035971223021583,187650,177366,159294,116480,114816,0.47954610004492026,0.47972230356968354
0.027454718035550885,0.5268277892183493,0.5135004227861195,0.5408653846153846,0.5035971223021583,187650,177783,159294,116480,114816,0.47954610004492026,0.47972230356968354
0.027434978815562228,0.5265195834981776,0.5129151291512916,0.5408653846153846,0.5035971223021583,187650,178200,159294,116480,114816,0.47954610004492026,0.47972230356968354
0.027431955280181664,0.5259057265290222,0.511751326762699,0.5408653846153846,0.5,187650,179032,159294,115648,115648,0.47954610004492026,0.47972230356968354
0.02735557210337003,0.5255985984037376,0.5111700113593336,0.5408653846153846,0.5,187650,179449,159294,115648,115648,0.47954610004492026,0.47972230356968354
0.027081798266433144,0.5249868858191992,0.5100141059057269,0.5408653846153846,0.49640287769784175,187650,180281,159294,114816,116480,0.47954610004492026,0.47972230356968354
0.027047692739719742,0.524680829647193,0.5094367283112708,0.5408653846153846,0.49640287769784175,187650,180698,159294,114816,116480,0.47954610004492026,0.47972230356968354
0.02687701485401761,0.5243751301157314,0.5088606565156671,0.5408653846153846,0.49640287769784175,187650,181115,159294,114816,116480,0.47954610004492026,0.47972230356968354
0.02679660027967712,0.5252343861275809,0.5094154102854419,0.5420673076923077,0.49640287769784175,188067,181115,158877,114816,116480,0.47954610004492026,0.47972230356968354
0.026763213014060594,0.5249287202582399,0.5088406624476798,0.5420673076923077,0.49640287769784175,188067,181532,158877,114816,116480,0.47954610004492026,0.47972230356968354
0.02666893398452591,0.5243199163617355,0.507697789871798,0.5420673076923077,0.49280575539568344,188067,182364,158877,113984,117312,0.47954610004492026,0.47972230356968354
0.02657699215838194,0.525177210111007,0.5082513590473725,0.5432692307692307,0.49280575539568344,188484,182364,158460,113984,117312,0.47954610004492026,0.47972230356968354
0.02655347812559916,0.5245691766487064,0.5071136461472234,0.5432692307692307,0.4892086330935252,188484,183196,158460,113152,118144,0.47954610004492026,0.47972230356968354
0.026162885232769995,0.5242649584655117,0.5065453362967183,0.5432692307692307,0.4892086330935252,188484,183613,158460,113152,118144,0.47954610004492026,0.47972230356968354
0.02613776615460206,0.5239610929338474,0.5059782988021927,0.5432692307692307,0.4892086330935252,188484,184030,158460,113152,118144,0.47954610004492026,0.47972230356968354
0.02610756215875587,0.5248161139086647,0.5065306987083401,0.5444711538461539,0.4892086330935252,188901,184030,158043,113152,118144,0.47954610004492026,0.47972230356968354
0.02594550747206481,0.524210254652723,0.5054031565457255,0.5444711538461539,0.4856115107913669,188901,184862,158043,112320,118976,0.47954610004492026,0.47972230356968354
0.025772803251469023,0.5239071227694544,0.5048399166176707,0.5444711538461539,0.4856115107913669,188901,185279,158043,112320,118976,0.47954610004492026,0.47972230356968354
0.025547801733996678,0.5233033592074863,0.5037198809638092,0.5444711538461539,0.48201438848920863,188901,186111,158043,111488,119808,0.47954610004492026,0.47972230356968354
0.025531617494420344,0.5241558031654007,0.5042711138457604,0.5456730769230769,0.48201438848920863,189318,186111,157626,111488,119808,0.47954610004492026,0.47972230356968354
0.025528970978352883,0.5235527962334331,0.5031560539093873,0.5456730769230769,0.4784172661870504,189318,186943,157626,110656,120640,0.47954610004492026,0.47972230356968354
0.025504288243037687,0.5232510896573073,0.5025990368431392,0.5456730769230769,0.4784172661870504,189318,187360,157626,110656,120640,0.47954610004492026,0.47972230356968354
0.02543364629566436,0.5229497306084341,0.5020432517004999,0.5456730769230769,0.4784172661870504,189318,187777,157626,110656,120640,0.47954610004492026,0.47972230356968354
0.025293654230721607,0.522648718486699,0.5014886943991185,0.5456730769230769,0.4784172661870504,189318,188194,157626,110656,120640,0.47954610004492026,0.47972230356968354
0.025269107622274134,0.522049172190909,0.5003858922039203,0.5456730769230769,0.4748201438848921,189318,189026,157626,109824,121472,0.47954610004492026,0.47972230356968354
0.02511276027337117,0.5217491956097864,0.4998349882907691,0.5456730769230769,0.4748201438848921,189318,189443,157626,109824,121472,0.47954610004492026,0.47972230356968354
0.025007400103943755,0.5214495635719617,0.4992852960878532,0.5456730769230769,0.4748201438848921,189318,189860,157626,109824,121472,0.47954610004492026,0.47972230356968354
0.024873714121160462,0.5211502754841791,0.4987368116018388,0.5456730769230769,0.4748201438848921,189318,190277,157626,109824,121472,0.47954610004492026,0.47972230356968354
0.0247594347092156,0.5205541601191139,0.49764606613095286,0.5456730769230769,0.4712230215827338,189318,191109,157626,108992,122304,0.47954610004492026,0.47972230356968354
0.024708006285750428,0.5214018367986282,0.49819611179380535,0.546875,0.4712230215827338,189735,191109,157209,108992,122304,0.47954610004492026,0.47972230356968354
0.024695096019952234,0.5208064560401856,0.4971101143378153,0.546875,0.4676258992805755,189735,191941,157209,108160,123136,0.47954610004492026,0.47972230356968354
0.024692043935748365,0.5202124334431875,0.49602884122685015,0.546875,0.46402877697841727,189735,192773,157209,107328,123968,0.47954610004492026,0.47972230356968354
0.02459946009173075,0.5199152176623476,0.4954886727165894,0.546875,0.46402877697841727,189735,193190,157209,107328,123968,0.47954610004492026,0.47972230356968354
0.02456460342208666,0.5193232252316611,0.49441443413410047,0.546875,0.460431654676259,189735,194022,157209,106496,124800,0.47954610004492026,0.47972230356968354
0.02448475371925074,0.520167743100293,0.4949632197910322,0.5480769230769231,0.460431654676259,190152,194022,156792,106496,124800,0.47954610004492026,0.47972230356968354
0.0242506132051743,0.5210112981607169,0.49551081538569547,0.5492788461538461,0.460431654676259,190569,194022,156375,106496,124800,0.47954610004492026,0.47972230356968354
0.024230468556705187,0.5218538920584956,0.4960572247849395,0.5504807692307693,0.460431654676259,190986,194022,155958,106496,124800,0.47954610004492026,0.47972230356968354
0.024141509634624525,0.5215567562253455,0.4955205292858533,0.5504807692307693,0.460431654676259,190986,194439,155958,106496,124800,0.47954610004492026,0.47972230356968354
0.02408677073662502,0.5212599585690775,0.4949849938575894,0.5504807692307693,0.460431654676259,190986,194856,155958,106496,124800,0.47954610004492026,0.47972230356968354
0.023982783381420347,0.5209634985126902,0.49445061474295743,0.5504807692307693,0.460431654676259,190986,195273,155958,106496,124800,0.47954610004492026,0.47972230356968354
0.023717813295139112,0.520373006736736,0.4933878597022406,0.5504807692307693,0.4568345323741007,190986,196105,155958,105664,125632,0.47954610004492026,0.47972230356968354
0.02352432013662631,0.5200775544215279,0.49285692166355277,0.5504807692307693,0.4568345323741007,190986,196522,155958,105664,125632,0.47954610004492026,0.47972230356968354
0.023463455403750944,0.5209173335655742,0.49340207514339113,0.5516826923076923,0.4568345323741007,191403,196522,155541,105664,125632,0.47954610004492026,0.47972230356968354
0.02329975292005798,0.5206219076658606,0.49287226207827123,0.5516826923076923,0.4568345323741007,191403,196939,155541,105664,125632,0.47954610004492026,0.47972230356968354
0.023299152914773025,0.5203268166637895,0.4923435856147382,0.5516826923076923,0.4568345323741007,191403,197356,155541,105664,125632,0.47954610004492026,0.47972230356968354
0.02320622789622956,0.5211650274411781,0.4928875367443008,0.5528846153846154,0.4568345323741007,191820,197356,155124,105664,125632,0.47954610004492026,0.47972230356968354
0.023174586085443316,0.520576645426025,0.4918360649012328,0.5528846153846154,0.45323741007194246,191820,198188,155124,104832,126464,0.47954610004492026,0.47972230356968354
0.023171088090612246,0.5202822467448456,0.4913107511045655,0.5528846153846154,0.45323741007194246,191820,198605,155124,104832,126464,0.47954610004492026,0.47972230356968354
0.02311103448640489,0.519988180854611,0.4907865582511603,0.5528846153846154,0.45323741007194246,191820,199022,155124,104832,126464,0.47954610004492026,0.47972230356968354
0.02309919043715314,0.5196944471913553,0.49026348275694615,0.5528846153846154,0.45323741007194246,191820,199439,155124,104832,126464,0.47954610004492026,0.47972230356968354
0.023008958510541022,0.5194010451923858,0.4897415210531153,0.5528846153846154,0.45323741007194246,191820,199856,155124,104832,126464,0.47954610004492026,0.47972230356968354
0.02287508042940012,0.5188166371853751,0.4887034149622428,0.5528846153846154,0.44964028776978415,191820,200688,155124,104000,127296,0.47954610004492026,0.47972230356968354
0.022641770865044153,0.518233542802492,0.48766970051355063,0.5528846153846154,0.4460431654676259,191820,201520,155124,103168,128128,0.47954610004492026,0.47972230356968354
0.02259441265792128,0.5179417875769035,0.48715324425978457,0.5528846153846154,0.4460431654676259,191820,201937,155124,103168,128128,0.47954610004492026,0.47972230356968354
0.02258142515178546,0.5176503606713101,0.48663788073287434,0.5528846153846154,0.4460431654676259,191820,202354,155124,103168,128128,0.47954610004492026,0.47972230356968354
0.02241992226057743,0.5184839555786308,0.4871803969173144,0.5540865384615384,0.4460431654676259,192237,202354,154707,103168,128128,0.47954610004492026,0.47972230356968354
0.022370495388841283,0.5179028701437429,0.48615533239088266,0.5540865384615384,0.44244604316546765,192237,203186,154707,102336,128960,0.47954610004492026,0.47972230356968354
0.022321649423851064,0.517323085741504,0.4851345724344172,0.5540865384615384,0.43884892086330934,192237,204018,154707,101504,129792,0.47954610004492026,0.47972230356968354
0.022219525855491584,0.5167445980073411,0.48411808999035477,0.5540865384615384,0.4352517985611511,192237,204850,154707,100672,130624,0.47954610004492026,0.47972230356968354
0.02211438003444055,0.5164551452888583,0.48361022782160684,0.5540865384615384,0.4352517985611511,192237,205267,154707,100672,130624,0.47954610004492026,0.47972230356968354
0.02181216915291523,0.515878595963933,0.48260011648457585,0.5540865384615384,0.4316546762589928,192237,206099,154707,99840,131456,0.47954610004492026,0.47972230356968354
0.02180994929204627,0.515590112337853,0.4820954325108526,0.5540865384615384,0.4316546762589928,192237,206516,154707,99840,131456,0.47954610004492026,0.47972230356968354
0.02173667371591881,0.5164197428275036,0.48263647067665405,0.5552884615384616,0.4316546762589928,192654,206516,154290,99840,131456,0.47954610004492026,0.47972230356968354
0.02173167164565143,0.515844518880883,0.4816325918370408,0.5552884615384616,0.42805755395683454,192654,207348,154290,99008,132288,0.47954610004492026,0.47972230356968354
0.02161167669158187,0.5155566973478751,0.4811310152615136,0.5552884615384616,0.42805755395683454,192654,207765,154290,99008,132288,0.47954610004492026,0.47972230356968354
0.021492786604265013,0.5149833933667025,0.4801333828451518,0.5552884615384616,0.4244604316546763,192654,208597,154290,98176,133120,0.47954610004492026,0.47972230356968354
0.0214810395261813,0.5144113630082761,0.4791398790796925,0.5552884615384616,0.420863309352518,192654,209429,154290,97344,133952,0.47954610004492026,0.47972230356968354
0.02144969936330482,0.5152379630766275,0.47967950310559004,0.5564903846153846,0.420863309352518,193071,209429,153873,97344,133952,0.47954610004492026,0.47972230356968354
0.021445885282858623,0.5160636437953168,0.4802180101609016,0.5576923076923077,0.420863309352518,193488,209429,153456,97344,133952,0.47954610004492026,0.47972230356968354
0.021397282401370177,0.5154916856824294,0.479228431525527,0.5576923076923077,0.4172661870503597,193488,210261,153456,96512,134784,0.47954610004492026,0.47972230356968354
0.0213304038795733,0.5152054958661182,0.4787339855405947,0.5576923076923077,0.4172661870503597,193488,210678,153456,96512,134784,0.47954610004492026,0.47972230356968354
0.02132203401063526,0.5146354373076647,0.47775050740991315,0.5576923076923077,0.4136690647482014,193488,211510,153456,95680,135616,0.47954610004492026,0.47972230356968354
0.021258560002191507,0.5154587105357947,0.47828768052489423,0.5588942307692307,0.4136690647482014,193905,211510,153039,95680,135616,0.47954610004492026,0.47972230356968354
0.021245924089862034,0.5151731723646875,0.4777962309527095,0.5588942307692307,0.4136690647482014,193905,211927,153039,95680,135616,0.47954610004492026,0.47972230356968354
0.020966308237018172,0.514604409719642,0.47681870045049474,0.5588942307692307,0.41007194244604317,193905,212759,153039,94848,136448,0.47954610004492026,0.47972230356968354
0.020940260467366356,0.5140369015428662,0.4758451616702986,0.5588942307692307,0.4064748201438849,193905,213591,153039,94016,137280,0.47954610004492026,0.47972230356968354
0.02063405462894602,0.5134706436886314,0.47487559021179054,0.5588942307692307,0.4028776978417266,193905,214423,153039,93184,138112,0.47954610004492026,0.47972230356968354
0.020633460465515285,0.5131873032424714,0.4743911240504471,0.5588942307692307,0.4028776978417266,193905,214840,153039,93184,138112,0.47954610004492026,0.47972230356968354
0.02058162253268131,0.5126229146315833,0.4734274629678913,0.5588942307692307,0.39928057553956836,193905,215672,153039,92352,138944,0.47954610004492026,0.47972230356968354
0.020575317018824535,0.5120597660536104,0.4724677090414684,0.5588942307692307,0.39568345323741005,193905,216504,153039,91520,139776,0.47954610004492026,0.47972230356968354
0.02053344530344603,0.5117779801258957,0.471988140964788,0.5588942307692307,0.39568345323741005,193905,216921,153039,91520,139776,0.47954610004492026,0.47972230356968354
0.02009177054586031,0.5114965041605831,0.4715095454512296,0.5588942307692307,0.39568345323741005,193905,217338,153039,91520,139776,0.47954610004492026,0.47972230356968354
0.020018549128762386,0.5109358263758879,0.47055754413638295,0.5588942307692307,0.3920863309352518,193905,218170,153039,90688,140608,0.47954610004492026,0.47972230356968354
0.0199923170411338,0.5103763764211667,0.4696093793517669,0.5588942307692307,0.38848920863309355,193905,219002,153039,89856,141440,0.47954610004492026,0.47972230356968354
0.019902374649885868,0.5098181502675885,0.4686650279524048,0.5588942307692307,0.38489208633093525,193905,219834,153039,89024,142272,0.47954610004492026,0.47972230356968354
0.019883207117152413,0.5092611439039284,0.4677244669791182,0.5588942307692307,0.381294964028777,193905,220666,153039,88192,143104,0.47954610004492026,0.47972230356968354
0.019701081700422063,0.5100770147467228,0.46825932316115165,0.5600961538461539,0.381294964028777,194322,220666,152622,88192,143104,0.47954610004492026,0.47972230356968354
0.019664077662876034,0.5095206381003823,0.4673223991150017,0.5600961538461539,0.3776978417266187,194322,221498,152622,87360,143936,0.47954610004492026,0.47972230356968354
0.01946912006084034,0.5092422374246738,0.466854220071738,0.5600961538461539,0.3776978417266187,194322,221915,152622,87360,143936,0.47954610004492026,0.47972230356968354
0.019408578407632104,0.5086876793981254,0.4659229048430835,0.5600961538461539,0.37410071942446044,194322,222747,152622,86528,144768,0.47954610004492026,0.47972230356968354
0.019174983593876926,0.5084101879832031,0.465457524324169,0.5600961538461539,0.37410071942446044,194322,223164,152622,86528,144768,0.47954610004492026,0.47972230356968354
0.018993987473096552,0.5078574396742553,0.46453176769825827,0.5600961538461539,0.37050359712230213,194322,223996,152622,85696,145600,0.47954610004492026,0.47972230356968354
0.01898359487110779,0.5075808530728935,0.46406916068635296,0.5600961538461539,0.37050359712230213,194322,224413,152622,85696,145600,0.47954610004492026,0.47972230356968354
0.01896715109135616,0.5083932039848792,0.46460233996259115,0.5612980769230769,0.37050359712230213,194739,224413,152205,85696,145600,0.47954610004492026,0.47972230356968354
0.018901410826220655,0.5081166268543391,0.46414058235951655,0.5612980769230769,0.37050359712230213,194739,224830,152205,85696,145600,0.47954610004492026,0.47972230356968354
0.01888253115608235,0.507565697306948,0.46322201897711945,0.5612980769230769,0.3669064748201439,194739,225662,152205,84864,146432,0.47954610004492026,0.47972230356968354
0.018838394018661053,0.5070159611652002,0.46230708420280464,0.5612980769230769,0.36330935251798563,194739,226494,152205,84032,147264,0.47954610004492026,0.47972230356968354
0.018715517643145163,0.5067408801005472,0.46184987548914974,0.5612980769230769,0.36330935251798563,194739,226911,152205,84032,147264,0.47954610004492026,0.47972230356968354
0.018587265998388114,0.5075506072084794,0.46238156501219,0.5625,0.36330935251798563,195156,226911,151788,84032,147264,0.47954610004492026,0.47972230356968354
0.0185761829874857,0.5070020770468784,0.4614718880867536,0.5625,0.3597122302158273,195156,227743,151788,83200,148096,0.47954610004492026,0.47972230356968354
0.018556592593147514,0.5078103497520318,0.46200238119986015,0.5637019230769231,0.3597122302158273,195573,227743,151371,83200,148096,0.47954610004492026,0.47972230356968354
0.018554087416169096,0.5072624278296235,0.4610961268236559,0.5637019230769231,0.35611510791366907,195573,228575,151371,82368,148928,0.47954610004492026,0.47972230356968354
0.018552996427417756,0.5067156870365477,0.4601934208668643,0.5637019230769231,0.35251798561151076,195573,229407,151371,81536,149760,0.47954610004492026,0.47972230356968354
0.018543055611652592,0.5075219365539315,0.4607225720914816,0.5649038461538461,0.35251798561151076,195990,229407,150954,81536,149760,0.47954610004492026,0.47972230356968354
0.018525243472303443,0.5072480647240145,0.46027138609815554,0.5649038461538461,0.35251798561151076,195990,229824,150954,81536,149760,0.47954610004492026,0.47972230356968354
0.01847024219514859,0.5067025168370842,0.4593738134190875,0.5649038461538461,0.3489208633093525,195990,230656,150954,80704,150592,0.47954610004492026,0.47972230356968354
0.018445373945497945,0.5064295284151177,0.4589252639540302,0.5649038461538461,0.3489208633093525,195990,231073,150954,80704,150592,0.47954610004492026,0.47972230356968354
0.01841220665113208,0.5058857388438114,0.4580329286390353,0.5649038461538461,0.34532374100719426,195990,231905,150954,79872,151424,0.47954610004492026,0.47972230356968354
0.01838838170903323,0.5056136295623639,0.4575869926595566,0.5649038461538461,0.34532374100719426,195990,232322,150954,79872,151424,0.47954610004492026,0.47972230356968354
0.018284738797652744,0.5053418128515496,0.4571419241525532,0.5649038461538461,0.34532374100719426,195990,232739,150954,79872,151424,0.47954610004492026,0.47972230356968354
0.018264947688808375,0.5048003554387931,0.4562565037328808,0.5649038461538461,0.34172661870503596,195990,233571,150954,79040,152256,0.47954610004492026,0.47972230356968354
0.018202038785135988,0.5042600570923551,0.4553745065556364,0.5649038461538461,0.3381294964028777,195990,234403,150954,78208,153088,0.47954610004492026,0.47972230356968354
0.01820051274298551,0.5039896933991982,0.4549337294863165,0.5649038461538461,0.3381294964028777,195990,234820,150954,78208,153088,0.47954610004492026,0.47972230356968354
0.01818197100784391,0.5047913633378782,0.4554608129824895,0.5661057692307693,0.3381294964028777,196407,234820,150537,78208,153088,0.47954610004492026,0.47972230356968354
0.018142983797679313,0.5045210046905424,0.4550208041812234,0.5661057692307693,0.3381294964028777,196407,235237,150537,78208,153088,0.47954610004492026,0.47972230356968354
0.018128812602043243,0.5053215319542237,0.45554678621768685,0.5673076923076923,0.3381294964028777,196824,235237,150120,78208,153088,0.47954610004492026,0.47972230356968354
0.018102596530951642,0.5061212026347729,0.4560717539389287,0.5685096153846154,0.3381294964028777,197241,235237,149703,78208,153088,0.47954610004492026,0.47972230356968354
0.01809864216832735,0.5058505665913092,0.45563242818697375,0.5685096153846154,0.3381294964028777,197241,235654,149703,78208,153088,0.47954610004492026,0.47972230356968354
0.017603953985871723,0.5053114564265869,0.4547584079386342,0.5685096153846154,0.3345323741007194,197241,236486,149703,77376,153920,0.47954610004492026,0.47972230356968354
0.017531601371267636,0.5061094268507518,0.4552821183754699,0.5697115384615384,0.3345323741007194,197658,236486,149286,77376,153920,0.47954610004492026,0.47972230356968354
0.017467899927391173,0.5069065457034824,0.4558048237186494,0.5709134615384616,0.3345323741007194,198075,236486,148869,77376,153920,0.47954610004492026,0.47972230356968354
0.017342583636995812,0.5063674605700612,0.45493381841233094,0.5709134615384616,0.33093525179856115,198075,237318,148869,76544,154752,0.47954610004492026,0.47972230356968354
0.01730801999007414,0.5060977011934784,0.4544985199972465,0.5709134615384616,0.33093525179856115,198075,237735,148869,76544,154752,0.47954610004492026,0.47972230356968354
0.01728072501586464,0.5068931306189836,0.45501997813065215,0.5721153846153846,0.33093525179856115,198492,237735,148452,76544,154752,0.47954610004492026,0.47972230356968354
0.017140164011619663,0.5076877134412472,0.45554044026712837,0.5733173076923077,0.33093525179856115,198909,237735,148035,76544,154752,0.47954610004492026,0.47972230356968354
0.017082072228083334,0.5074176822851895,0.4551058090289456,0.5733173076923077,0.33093525179856115,198909,238152,148035,76544,154752,0.47954610004492026,0.47972230356968354
0.01681831154311375,0.5068797724877905,0.4542411045620734,0.5733173076923077,0.3273381294964029,198909,238984,148035,75712,155584,0.47954610004492026,0.47972230356968354
0.01671555446310613,0.5076726766116442,0.4547603294471949,0.5745192307692307,0.3273381294964029,199326,238984,147618,75712,155584,0.47954610004492026,0.47972230356968354
0.016662479778228823,0.5074032260322705,0.4543280901334999,0.5745192307692307,0.3273381294964029,199326,239401,147618,75712,155584,0.47954610004492026,0.47972230356968354
0.016635029811621405,0.5071340613264672,0.453896671706775,0.5745192307692307,0.3273381294964029,199326,239818,147618,75712,155584,0.47954610004492026,0.47972230356968354
0.01662772464634321,0.5068651820395293,0.45346607183075843,0.5745192307692307,0.3273381294964029,199326,240235,147618,75712,155584,0.47954610004492026,0.47972230356968354
0.016621033229180515,0.5065965877177153,0.45303628817804525,0.5745192307692307,0.3273381294964029,199326,240652,147618,75712,155584,0.47954610004492026,0.47972230356968354
0.016232259252292103,0.5060615369772797,0.45218121185998505,0.5745192307692307,0.3237410071942446,199326,241484,147618,74880,156416,0.47954610004492026,0.47972230356968354
0.016139112127542043,0.5057937934788262,0.45175385912466826,0.5745192307692307,0.3237410071942446,199326,241901,147618,74880,156416,0.47954610004492026,0.47972230356968354
0.015992686280534296,0.5065839196132835,0.45227151280216643,0.5757211538461539,0.3237410071942446,199743,241901,147201,74880,156416,0.47954610004492026,0.47972230356968354
0.01598507711637631,0.5073732105626707,0.4527881898651996,0.5769230769230769,0.3237410071942446,200160,241901,146784,74880,156416,0.47954610004492026,0.47972230356968354
0.01594020095079207,0.5071051984869943,0.45236147333878746,0.5769230769230769,0.3237410071942446,200160,242318,146784,74880,156416,0.47954610004492026,0.47972230356968354
0.015852562030348127,0.5065713049222149,0.4515124856195439,0.5769230769230769,0.32014388489208634,200160,243150,146784,74048,157248,0.47954610004492026,0.47972230356968354
0.01579374832932212,0.5060385343692089,0.45066667867483823,0.5769230769230769,0.31654676258992803,200160,243982,146784,73216,158080,0.47954610004492026,0.47972230356968354
0.01573286076245589,0.5055068832884213,0.4498240346626994,0.5769230769230769,0.3129496402877698,200160,244814,146784,72384,158912,0.47954610004492026,0.47972230356968354
0.015666209887013505,0.5049763481551561,0.44898453587434894,0.5769230769230769,0.30935251798561153,200160,245646,146784,71552,159744,0.47954610004492026,0.47972230356968354
0.015628494635628654,0.5047108616470428,0.44856495519056616,0.5769230769230769,0.30935251798561153,200160,246063,146784,71552,159744,0.47954610004492026,0.47972230356968354
0.015621604258987176,0.504445654146253,0.44814615797958085,0.5769230769230769,0.30935251798561153,200160,246480,146784,71552,159744,0.47954610004492026,0.47972230356968354
0.015482284676618219,0.5039173430545205,0.4473129044945829,0.5769230769230769,0.3057553956834532,200160,247312,146784,70720,160576,0.47954610004492026,0.47972230356968354
0.01533874267070462,0.5036529686110164,0.44689644085923075,0.5769230769230769,0.3057553956834532,200160,247729,146784,70720,160576,0.47954610004492026,0.47972230356968354
0.015316267198423605,0.5044375982395473,0.4474109202196714,0.578125,0.3057553956834532,200577,247729,146367,70720,160576,0.47954610004492026,0.47972230356968354
0.015191537138506295,0.5041732282474956,0.4469951395404292,0.578125,0.3057553956834532,200577,248146,146367,70720,160576,0.47954610004492026,0.47972230356968354
0.01503801578547126,0.5039091352168866,0.4465801309168633,0.578125,0.3057553956834532,200577,248563,146367,70720,160576,0.47954610004492026,0.47972230356968354
0.015009099676685123,0.5046923983774032,0.44709347201800886,0.5793269230769231,0.3057553956834532,200994,248563,145950,70720,160576,0.47954610004492026,0.47972230356968354
0.014983365284051087,0.5041657626111048,0.4462675598205107,0.5793269230769231,0.302158273381295,200994,249395,145950,69888,161408,0.47954610004492026,0.47972230356968354
0.014893122004010939,0.503640224765556,0.4454446933985785,0.5793269230769231,0.29856115107913667,200994,250227,145950,69056,162240,0.47954610004492026,0.47972230356968354
0.014741651416531942,0.5031157814109439,0.44462485593503415,0.5793269230769231,0.2949640287769784,200994,251059,145950,68224,163072,0.47954610004492026,0.47972230356968354
0.014718828931080508,0.5025924291317269,0.4438080307362796,0.5793269230769231,0.29136690647482016,200994,251891,145950,67392,163904,0.47954610004492026,0.47972230356968354
0.014660000345535384,0.5033727128907861,0.44431968091912233,0.5805288461538461,0.29136690647482016,201411,251891,145533,67392,163904,0.47954610004492026,0.47972230356968354
0.01464874433117802,0.5031105471340627,0.4439113195612262,0.5805288461538461,0.29136690647482016,201411,252308,145533,67392,163904,0.47954610004492026,0.47972230356968354
0.014648090158009053,0.5028486543166725,0.4435037081402928,0.5805288461538461,0.29136690647482016,201411,252725,145533,67392,163904,0.47954610004492026,0.47972230356968354
0.014640775028338826,0.5036275868780544,0.44401422936379253,0.5817307692307693,0.29136690647482016,201828,252725,145116,67392,163904,0.47954610004492026,0.47972230356968354
0.0146289050788585,0.5044057093404031,0.44452381475701697,0.5829326923076923,0.29136690647482016,202245,252725,144699,67392,163904,0.47954610004492026,0.47972230356968354
0.014621413517633186,0.5041435517261579,0.444116762226414,0.5829326923076923,0.29136690647482016,202245,253142,144699,67392,163904,0.47954610004492026,0.47972230356968354
0.014437622229948599,0.5049205977467399,0.44462532141007977,0.5841346153846154,0.29136690647482016,202662,253142,144282,67392,163904,0.47954610004492026,0.47972230356968354
0.014405911891214873,0.5046584450268625,0.44421892021629866,0.5841346153846154,0.29136690647482016,202662,253559,144282,67392,163904,0.47954610004492026,0.47972230356968354
0.01428667784263693,0.5043965643829752,0.44381326127041554,0.5841346153846154,0.29136690647482016,202662,253976,144282,67392,163904,0.47954610004492026,0.47972230356968354
0.01424190300782091,0.5041349553917356,0.44340834254083206,0.5841346153846154,0.29136690647482016,202662,254393,144282,67392,163904,0.47954610004492026,0.47972230356968354
0.014166896076003355,0.5038736176306786,0.44300416200335757,0.5841346153846154,0.29136690647482016,202662,254810,144282,67392,163904,0.47954610004492026,0.47972230356968354
0.014106795350458723,0.5033530042918455,0.4421999371596146,0.5841346153846154,0.28776978417266186,202662,255642,144282,66560,164736,0.47954610004492026,0.47972230356968354
0.014095608675511517,0.503092476401482,0.4417979556200828,0.5841346153846154,0.28776978417266186,202662,256059,144282,66560,164736,0.47954610004492026,0.47972230356968354
0.014086906930552257,0.5025734751648178,0.44099810032792736,0.5841346153846154,0.2841726618705036,202662,256891,144282,65728,165568,0.47954610004492026,0.47972230356968354
0.014046199915276447,0.5023137533863584,0.4405982998891232,0.5841346153846154,0.2841726618705036,202662,257308,144282,65728,165568,0.47954610004492026,0.47972230356968354
0.01401651295019779,0.501796356775521,0.4398027786337733,0.5841346153846154,0.2805755395683453,202662,258140,144282,64896,166400,0.47954610004492026,0.47972230356968354
0.013998248675060887,0.5015374373734012,0.43940514159217203,0.5841346153846154,0.2805755395683453,202662,258557,144282,64896,166400,0.47954610004492026,0.47972230356968354
0.013998007234146681,0.5023102228598283,0.4399115320295644,0.5853365384615384,0.2805755395683453,203079,258557,143865,64896,166400,0.47954610004492026,0.47972230356968354
0.013993453242402698,0.5017938948273561,0.4391201120942422,0.5853365384615384,0.27697841726618705,203079,259389,143865,64064,167232,0.47954610004492026,0.47972230356968354
0.013881666796329517,0.5015355093482698,0.43872452120937167,0.5853365384615384,0.27697841726618705,203079,259806,143865,64064,167232,0.47954610004492026,0.47972230356968354
0.013829986131708938,0.5010207719379617,0.43793736265869054,0.5853365384615384,0.2733812949640288,203079,260638,143865,63232,168064,0.47954610004492026,0.47972230356968354
0.013740269753053758,0.5007631818394779,0.43754389896021406,0.5853365384615384,0.2733812949640288,203079,261055,143865,63232,168064,0.47954610004492026,0.47972230356968354
0.01370180279705846,0.5015335892396133,0.43804878258791824,0.5865384615384616,0.2733812949640288,203496,261055,143448,63232,168064,0.47954610004492026,0.47972230356968354
0.013646578014916866,0.5023032052734779,0.4385527606200857,0.5877403846153846,0.2733812949640288,203913,261055,143031,63232,168064,0.47954610004492026,0.47972230356968354
0.013566180433001618,0.5020453535451769,0.4381598031737164,0.5877403846153846,0.2733812949640288,203913,261472,143031,63232,168064,0.47954610004492026,0.47972230356968354
0.013426074486829864,0.502813917263204,0.4386627794642359,0.5889423076923077,0.2733812949640288,204330,261472,142614,63232,168064,0.47954610004492026,0.47972230356968354
0.013423858993484639,0.5035816927233532,0.4391648560011497,0.5901442307692307,0.2733812949640288,204747,261472,142197,63232,168064,0.47954610004492026,0.47972230356968354
0.013362938625780585,0.5043486811376877,0.43966603519659864,0.5913461538461539,0.2733812949640288,205164,261472,141780,63232,168064,0.47954610004492026,0.47972230356968354
0.01328679069275629,0.5038334405681645,0.4388835171605329,0.5913461538461539,0.2697841726618705,205164,262304,141780,62400,168896,0.47954610004492026,0.47972230356968354
0.013166009661915612,0.5033192516596259,0.4381037796284433,0.5913461538461539,0.26618705035971224,205164,263136,141780,61568,169728,0.47954610004492026,0.47972230356968354
0.013033415257624914,0.5028061111955259,0.43732680780675803,0.5913461538461539,0.26258992805755393,205164,263968,141780,60736,170560,0.47954610004492026,0.47972230356968354
0.012851530380304066,0.5035707593329031,0.4378265101192847,0.5925480769230769,0.26258992805755393,205581,263968,141363,60736,170560,0.47954610004492026,0.47972230356968354
0.0127175852879583,0.5043346268254765,0.4383253256618564,0.59375,0.26258992805755393,205998,263968,140946,60736,170560,0.47954610004492026,0.47972230356968354
0.012628732134005838,0.5038214987123077,0.4375507117702284,0.59375,0.2589928057553957,205998,264800,140946,59904,171392,0.47954610004492026,0.47972230356968354
0.012436642916887286,0.5045840722891272,0.43804844922169284,0.5949519230769231,0.2589928057553957,206415,264800,140529,59904,171392,0.47954610004492026,0.47972230356968354
0.012380920154023811,0.5043270264459256,0.43766114258574484,0.5949519230769231,0.2589928057553957,206415,265217,140529,59904,171392,0.47954610004492026,0.47972230356968354
0.012305150472341264,0.5040702423586038,0.4372745202298914,0.5949519230769231,0.2589928057553957,206415,265634,140529,59904,171392,0.47954610004492026,0.47972230356968354
0.01230409365561791,0.5038137196275368,0.43688858034228917,0.5949519230769231,0.2589928057553957,206415,266051,140529,59904,171392,0.47954610004492026,0.47972230356968354
0.012174067833769453,0.5033026838420857,0.436120583649202,0.5949519230769231,0.25539568345323743,206415,266883,140529,59072,172224,0.47954610004492026,0.47972230356968354
0.012159458938567957,0.5027926837288722,0.4353552823065404,0.5949519230769231,0.2517985611510791,206415,267715,140529,58240,173056,0.47954610004492026,0.47972230356968354
0.012009827473489387,0.5025374593270042,0.4349727213532063,0.5949519230769231,0.2517985611510791,206415,268132,140529,58240,173056,0.47954610004492026,0.47972230356968354
0.011912801804374984,0.5020290080661736,0.43421143971441734,0.5949519230769231,0.24820143884892087,206415,268964,140529,57408,173888,0.47954610004492026,0.47972230356968354
0.011908323710755342,0.5027882441597589,0.43470731153687714,0.5961538461538461,0.24820143884892087,206832,268964,140112,57408,173888,0.47954610004492026,0.47972230356968354
0.011811998498756804,0.503546711016246,0.43520231493050376,0.5973557692307693,0.24820143884892087,207249,268964,139695,57408,173888,0.47954610004492026,0.47972230356968354
0.01169376350414636,0.5043044098040977,0.4356964521746428,0.5985576923076923,0.24820143884892087,207666,268964,139278,57408,173888,0.47954610004492026,0.47972230356968354
0.011629664599162814,0.50379546000393,0.43493723060683365,0.5985576923076923,0.2446043165467626,207666,269796,139278,56576,174720,0.47954610004492026,0.47972230356968354
0.011623219982212385,0.5032875364440319,0.43418065039494536,0.5985576923076923,0.24100719424460432,207666,270628,139278,55744,175552,0.47954610004492026,0.47972230356968354
0.011553757612657978,0.5027806360235816,0.4334266977788724,0.5985576923076923,0.23741007194244604,207666,271460,139278,54912,176384,0.47954610004492026,0.47972230356968354
0.011446229802922259,0.5022747556542372,0.43267535909392074,0.5985576923076923,0.23381294964028776,207666,272292,139278,54080,177216,0.47954610004492026,0.47972230356968354
0.01130438841776038,0.5020215902209426,0.43229976580796253,0.5985576923076923,0.23381294964028776,207666,272709,139278,54080,177216,0.47954610004492026,0.47972230356968354
0.011297912746024485,0.5017686798689437,0.43192482404033344,0.5985576923076923,0.23381294964028776,207666,273126,139278,54080,177216,0.47954610004492026,0.47972230356968354
0.011292530130707412,0.5015160242129172,0.43155053209727995,0.5985576923076923,0.23381294964028776,207666,273543,139278,54080,177216,0.47954610004492026,0.47972230356968354
0.011223088082448651,0.5012636228683153,0.43117688829091455,0.5985576923076923,0.23381294964028776,207666,273960,139278,54080,177216,0.47954610004492026,0.47972230356968354
0.011047975908991092,0.5020175225908247,0.43166895899328483,0.5997596153846154,0.23381294964028776,208083,273960,138861,54080,177216,0.47954610004492026,0.47972230356968354
0.010922851439441161,0.5017651229075336,0.4312958587240393,0.5997596153846154,0.23381294964028776,208083,274377,138861,54080,177216,0.47954610004492026,0.47972230356968354
0.01090207363177953,0.5025180129208588,0.4317869768077585,0.6009615384615384,0.23381294964028776,208500,274377,138444,54080,177216,0.47954610004492026,0.47972230356968354
0.010882012515418649,0.502014680016806,0.4310442848902956,0.6009615384615384,0.2302158273381295,208500,275209,138444,53248,178048,0.47954610004492026,0.47972230356968354
0.010833423734455672,0.5017627877314786,0.43067300661398067,0.6009615384615384,0.2302158273381295,208500,275626,138444,53248,178048,0.47954610004492026,0.47972230356968354
0.01079433595120749,0.5012609658349181,0.42993413862643776,0.6009615384615384,0.22661870503597123,208500,276458,138444,52416,178880,0.47954610004492026,0.47972230356968354
0.010788811341696125,0.5007601466975048,0.42919780151917497,0.6009615384615384,0.22302158273381295,208500,277290,138444,51584,179712,0.47954610004492026,0.47972230356968354
0.010654820030779777,0.5005095114811121,0.4288296959936817,0.6009615384615384,0.22302158273381295,208500,277707,138444,51584,179712,0.47954610004492026,0.47972230356968354
0.010551181129445253,0.5002591270298284,0.42846222134543305,0.6009615384615384,0.22302158273381295,208500,278124,138444,51584,179712,0.47954610004492026,0.47972230356968354
0.010522842311940728,0.5010090109534344,0.4289515667058831,0.6021634615384616,0.22302158273381295,208917,278124,138027,51584,179712,0.47954610004492026,0.47972230356968354
0.010432242036843564,0.5017581453543976,0.42944007483721675,0.6033653846153846,0.22302158273381295,209334,278124,137610,51584,179712,0.47954610004492026,0.47972230356968354
0.01041760803122671,0.5012583300009339,0.42870834954637616,0.6033653846153846,0.21942446043165467,209334,278956,137610,50752,180544,0.47954610004492026,0.47972230356968354
0.010407302292236298,0.5020062203001013,0.4291958167163556,0.6045673076923077,0.21942446043165467,209751,278956,137193,50752,180544,0.47954610004492026,0.47972230356968354
0.010327609065707288,0.5017558380418817,0.4288299081623474,0.6045673076923077,0.21942446043165467,209751,279373,137193,50752,180544,0.47954610004492026,0.47972230356968354
0.010305257294174086,0.5025027346575253,0.42931644131952174,0.6057692307692307,0.21942446043165467,210168,279373,136776,50752,180544,0.47954610004492026,0.47972230356968354
0.010006764769045384,0.5020034228374678,0.42858803400676626,0.6057692307692307,0.2158273381294964,210168,280205,136776,49920,181376,0.47954610004492026,0.47972230356968354
0.009978985215224223,0.501753539906462,0.4282238839422156,0.6057692307692307,0.2158273381294964,210168,280622,136776,49920,181376,0.47954610004492026,0.47972230356968354
0.009626822325287887,0.5012557151136583,0.427499176196346,0.6057692307692307,0.21223021582733814,210168,281454,136776,49088,182208,0.47954610004492026,0.47972230356968354
0.009519947906282189,0.5010065758185803,0.4271368732966289,0.6057692307692307,0.21223021582733814,210168,281871,136776,49088,182208,0.47954610004492026,0.47972230356968354
0.009502116686646023,0.5017512508934954,0.4276219601345095,0.6069711538461539,0.21223021582733814,210585,281871,136359,49088,182208,0.47954610004492026,0.47972230356968354
0.009407887333757414,0.5024951864513341,0.42810622614750654,0.6081730769230769,0.21223021582733814,211002,281871,135942,49088,182208,0.47954610004492026,0.47972230356968354
0.009373741927124923,0.5032383835931419,0.4285896734172596,0.609375,0.21223021582733814,211419,281871,135525,49088,182208,0.47954610004492026,0.47972230356968354
0.009219370510022973,0.5029887551433353,0.42822767349865404,0.609375,0.21223021582733814,211419,282288,135525,49088,182208,0.47954610004492026,0.47972230356968354
0.009172861155899159,0.5027393742242007,0.4278662845763412,0.609375,0.21223021582733814,211419,282705,135525,49088,182208,0.47954610004492026,0.47972230356968354
0.009166451371699802,0.5022425466207388,0.42714705953660526,0.609375,0.20863309352517986,211419,283537,135525,48256,183040,0.47954610004492026,0.47972230356968354
0.009147480838262834,0.5019939049075348,0.42678749144583983,0.609375,0.20863309352517986,211419,283954,135525,48256,183040,0.47954610004492026,0.47972230356968354
0.009083778142936039,0.5014985488923073,0.4260718856117935,0.609375,0.20503597122302158,211419,284786,135525,47424,183872,0.47954610004492026,0.47972230356968354
0.00903567966242752,0.5012506431032071,0.4257141246259731,0.609375,0.20503597122302158,211419,285203,135525,47424,183872,0.47954610004492026,0.47972230356968354
0.008929703776010822,0.5010029822875579,0.42535696394045536,0.609375,0.20503597122302158,211419,285620,135525,47424,183872,0.47954610004492026,0.47972230356968354
0.008816083418067111,0.5007555660824254,0.42500040204560807,0.609375,0.20503597122302158,211419,286037,135525,47424,183872,0.47954610004492026,0.47972230356968354
0.008782097452830206,0.5005083941255917,0.42464443743685637,0.609375,0.20503597122302158,211419,286454,135525,47424,183872,0.47954610004492026,0.47972230356968354
0.008722501803060445,0.5002614660555539,0.42428906861466215,0.609375,0.20503597122302158,211419,286871,135525,47424,183872,0.47954610004492026,0.47972230356968354
0.008675199747776086,0.4997695215266894,0.42358180965775905,0.609375,0.2014388489208633,211419,287703,135525,46592,184704,0.47954610004492026,0.47972230356968354
0.008674242270100052,0.5005085748916399,0.42406298607315945,0.6105769230769231,0.2014388489208633,211836,287703,135108,46592,184704,0.47954610004492026,0.47972230356968354
0.008651829445626563,0.5000171128800978,0.4233578684616015,0.6105769230769231,0.19784172661870503,211836,288535,135108,45760,185536,0.47954610004492026,0.47972230356968354
0.008620999223615922,0.49977115409115147,0.42300534357852027,0.6105769230769231,0.19784172661870503,211836,288952,135108,45760,185536,0.47954610004492026,0.47972230356968354
0.008617153209613204,0.49928113848808103,0.4223037358956979,0.6105769230769231,0.19424460431654678,211836,289784,135108,44928,186368,0.47954610004492026,0.47972230356968354
0.008451880175948223,0.4990359030414108,0.4219529636261869,0.6105769230769231,0.19424460431654678,211836,290201,135108,44928,186368,0.47954610004492026,0.47972230356968354
0.008399022335830397,0.49879090838452644,0.42160277358723386,0.6105769230769231,0.19424460431654678,211836,290618,135108,44928,186368,0.47954610004492026,0.47972230356968354
0.008021364445995882,0.49952754423021484,0.4220824028428762,0.6117788461538461,0.19424460431654678,212253,290618,134691,44928,186368,0.47954610004492026,0.47972230356968354
0.00781046885038017,0.49903896680996934,0.42138522105288234,0.6117788461538461,0.1906474820143885,212253,291450,134691,44096,187200,0.47954610004492026,0.47972230356968354
0.007754190706898534,0.49977440004511997,0.4218638419423947,0.6129807692307693,0.1906474820143885,212670,291450,134274,44096,187200,0.47954610004492026,0.47972230356968354
0.0076053527345295024,0.4992862978579545,0.4211687447519764,0.6129807692307693,0.18705035971223022,212670,292282,134274,43264,188032,0.47954610004492026,0.47972230356968354
0.007485728629606503,0.4990420186011477,0.4208212217211582,0.6129807692307693,0.18705035971223022,212670,292699,134274,43264,188032,0.47954610004492026,0.47972230356968354
0.007161056105460806,0.4985553452226761,0.4201295532802187,0.6129807692307693,0.18345323741007194,212670,293531,134274,42432,188864,0.47954610004492026,0.47972230356968354
0.007117787128649078,0.49806962014199446,0.41944015478282476,0.6129807692307693,0.17985611510791366,212670,294363,134274,41600,189696,0.47954610004492026,0.47972230356968354
0.007067550370128073,0.49758484059012015,0.41875301507290325,0.6129807692307693,0.17625899280575538,212670,295195,134274,40768,190528,0.47954610004492026,0.47972230356968354
0.007031103578657438,0.49710100380884037,0.41806812306736624,0.6129807692307693,0.17266187050359713,212670,296027,134274,39936,191360,0.47954610004492026,0.47972230356968354
0.006947656048717721,0.49685885769422167,0.4177256960130737,0.6129807692307693,0.17266187050359713,212670,296444,134274,39936,191360,0.47954610004492026,0.47972230356968354
0.006894897395575583,0.49661694737149364,0.4173838294431546,0.6129807692307693,0.17266187050359713,212670,296861,134274,39936,191360,0.47954610004492026,0.47972230356968354
0.006853875982214597,0.4961349901493864,0.41670340522334104,0.6129807692307693,0.16906474820143885,212670,297693,134274,39104,192192,0.47954610004492026,0.47972230356968354
0.006818000514669298,0.49589378401443823,0.41636320920944436,0.6129807692307693,0.16906474820143885,212670,298110,134274,39104,192192,0.47954610004492026,0.47972230356968354
0.006779575458611409,0.4956528123000766,0.4160235682134285,0.6129807692307693,0.16906474820143885,212670,298527,134274,39104,192192,0.47954610004492026,0.47972230356968354
0.006742276232600153,0.4963834708895613,0.4164995484877271,0.6141826923076923,0.16906474820143885,213087,298527,133857,39104,192192,0.47954610004492026,0.47972230356968354
0.006709162199476926,0.4961424954160482,0.4161603496663288,0.6141826923076923,0.16906474820143885,213087,298944,133857,39104,192192,0.47954610004492026,0.47972230356968354
0.006612050408464354,0.495901753798034,0.41582170288497566,0.6141826923076923,0.16906474820143885,213087,299361,133857,39104,192192,0.47954610004492026,0.47972230356968354
0.006542643553527794,0.49542212260992485,0.415147677680798,0.6141826923076923,0.16546762589928057,213087,300193,133857,38272,193024,0.47954610004492026,0.47972230356968354
0.006535913441235719,0.4951820794036073,0.4148106763325462,0.6141826923076923,0.16546762589928057,213087,300610,133857,38272,193024,0.47954610004492026,0.47972230356968354
0.0064621803090534335,0.495910844565639,0.41528532582267746,0.6153846153846154,0.16546762589928057,213504,300610,133440,38272,193024,0.47954610004492026,0.47972230356968354
0.006301035066350935,0.4956707971792565,0.41494875916125556,0.6153846153846154,0.16546762589928057,213504,301027,133440,38272,193024,0.47954610004492026,0.47972230356968354
0.006205463661760835,0.4951925474338026,0.4142788675166824,0.6153846153846154,0.1618705035971223,213504,301859,133440,37440,193856,0.47954610004492026,0.47972230356968354
0.006189798687571746,0.4947152196807235,0.413611135326766,0.6153846153846154,0.15827338129496402,213504,302691,133440,36608,194688,0.47954610004492026,0.47972230356968354
0.006130820559042793,0.49423881125639635,0.4129455521665213,0.6153846153846154,0.15467625899280577,213504,303523,133440,35776,195520,0.47954610004492026,0.47972230356968354
0.006128647633246942,0.4940003794592243,0.41261276582586714,0.6153846153846154,0.15467625899280577,213504,303940,133440,35776,195520,0.47954610004492026,0.47972230356968354
0.006068561094502045,0.4937621776007308,0.4122805154278851,0.6153846153846154,0.15467625899280577,213504,304357,133440,35776,195520,0.47954610004492026,0.47972230356968354
0.00604598985852578,0.4944881198120251,0.4127533871783097,0.6165865384615384,0.15467625899280577,213921,304357,133023,35776,195520,0.47954610004492026,0.47972230356968354
0.0060176060699506095,0.4940130753971461,0.4120918495116642,0.6165865384615384,0.1510791366906475,213921,305189,133023,34944,196352,0.47954610004492026,0.47972230356968354
0.005984557359780762,0.49377532542924113,0.41176108267712747,0.6165865384615384,0.1510791366906475,213921,305606,133023,34944,196352,0.47954610004492026,0.47972230356968354
0.005954240139697475,0.49449986618801967,0.4122328558460142,0.6177884615384616,0.1510791366906475,214338,305606,132606,34944,196352,0.47954610004492026,0.47972230356968354
0.005855810315336107,0.49522371022881223,0.4127038728882449,0.6189903846153846,0.1510791366906475,214755,305606,132189,34944,196352,0.47954610004492026,0.47972230356968354
0.005846054789079402,0.4949857212332982,0.41237341055113697,0.6189903846153846,0.1510791366906475,214755,306023,132189,34944,196352,0.47954610004492026,0.47972230356968354
0.005805876797418619,0.4957086365201886,0.41284356143094236,0.6201923076923077,0.1510791366906475,215172,306023,131772,34944,196352,0.47954610004492026,0.47972230356968354
0.005732372434787414,0.49523401816631396,0.41218557660810645,0.6201923076923077,0.1474820143884892,215172,306855,131772,34112,197184,0.47954610004492026,0.47972230356968354
0.00567770846265514,0.4947603077938338,0.4115296858235203,0.6201923076923077,0.14388489208633093,215172,307687,131772,33280,198016,0.47954610004492026,0.47972230356968354
0.00564714879281758,0.49548160235342786,0.4119986393413801,0.6213942307692307,0.14388489208633093,215589,307687,131355,33280,198016,0.47954610004492026,0.47972230356968354
0.005524848458342779,0.4950083347492457,0.4113446083631618,0.6213942307692307,0.14028776978417265,215589,308519,131355,32448,198848,0.47954610004492026,0.47972230356968354
0.005507654920144933,0.49572847685918836,0.4118125923454554,0.6225961538461539,0.14028776978417265,216006,308519,130938,32448,198848,0.47954610004492026,0.47972230356968354
0.005391476626689484,0.4952556514322464,0.411160410920574,0.6225961538461539,0.1366906474820144,216006,309351,130938,31616,199680,0.47954610004492026,0.47972230356968354
0.005283414384597729,0.49478372710686686,0.41051029192932575,0.6225961538461539,0.13309352517985612,216006,310183,130938,30784,200512,0.47954610004492026,0.47972230356968354
0.005205012861744962,0.494312701309549,0.40986222560391333,0.6225961538461539,0.12949640287769784,216006,311015,130938,29952,201344,0.47954610004492026,0.47972230356968354
0.005157337319680044,0.4940769594982513,0.40953818268687503,0.6225961538461539,0.12949640287769784,216006,311432,130938,29952,201344,0.47954610004492026,0.47972230356968354
0.005135959519778188,0.4938414424342049,0.40921465175095434,0.6225961538461539,0.12949640287769784,216006,311849,130938,29952,201344,0.47954610004492026,0.47972230356968354
0.0050071175743132135,0.4933722081561754,0.4085706665758757,0.6225961538461539,0.12589928057553956,216006,312681,130938,29120,202176,0.47954610004492026,0.47972230356968354
0.004981334898447098,0.4929038647381578,0.4079287051078432,0.6225961538461539,0.1223021582733813,216006,313513,130938,28288,203008,0.47954610004492026,0.47972230356968354
0.004892369281218278,0.4926694644649211,0.40760771111983335,0.6225961538461539,0.1223021582733813,216006,313930,130938,28288,203008,0.47954610004492026,0.47972230356968354
0.004856574205641118,0.4933859342959112,0.4080734906750787,0.6237980769230769,0.1223021582733813,216423,313930,130521,28288,203008,0.47954610004492026,0.47972230356968354
0.004833834667153036,0.49315152771859627,0.4077528873146561,0.6237980769230769,0.1223021582733813,216423,314347,130521,28288,203008,0.47954610004492026,0.47972230356968354
0.0047593946551565125,0.49291734376761553,0.4074327873234849,0.6237980769230769,0.1223021582733813,216423,314764,130521,28288,203008,0.47954610004492026,0.47972230356968354
0.004678894516338961,0.4926833821259624,0.4071131895170089,0.6237980769230769,0.1223021582733813,216423,315181,130521,28288,203008,0.47954610004492026,0.47972230356968354
0.004599121554253793,0.4922172439673406,0.40647702259050855,0.6237980769230769,0.11870503597122302,216423,316013,130521,27456,203840,0.47954610004492026,0.47972230356968354
0.004552853386937616,0.4917519870213085,0.40584284074799165,0.6237980769230769,0.11510791366906475,216423,316845,130521,26624,204672,0.47954610004492026,0.47972230356968354
0.004485247943258663,0.4912876087913884,0.40521063471260066,0.6237980769230769,0.11151079136690648,216423,317677,130521,25792,205504,0.47954610004492026,0.47972230356968354
0.004473495848585918,0.4920013477624081,0.40567465581076,0.625,0.11151079136690648,216840,317677,130104,25792,205504,0.47954610004492026,0.47972230356968354
0.004461580001168086,0.49176870270037354,0.40535841804783396,0.625,0.11151079136690648,216840,318094,130104,25792,205504,0.47954610004492026,0.47972230356968354
0.004403298912108,0.4924815396211018,0.40582160115513,0.6262019230769231,0.11151079136690648,217257,318094,129687,25792,205504,0.47954610004492026,0.47972230356968354
0.00431034195777158,0.4922488875193721,0.4055057412910066,0.6262019230769231,0.11151079136690648,217257,318511,129687,25792,205504,0.47954610004492026,0.47972230356968354
0.004290274033935837,0.49201645512716713,0.4051903727258316,0.6262019230769231,0.11151079136690648,217257,318928,129687,25792,205504,0.47954610004492026,0.47972230356968354
0.004248637138867362,0.4915533603858089,0.4045626116119229,0.6262019230769231,0.1079136690647482,217257,319760,129687,24960,206336,0.47954610004492026,0.47972230356968354
0.004245596025716392,0.491321584209467,0.40424870774830024,0.6262019230769231,0.1079136690647482,217257,320177,129687,24960,206336,0.47954610004492026,0.47972230356968354
0.004125855177701476,0.49085979598061474,0.4036238588355943,0.6262019230769231,0.10431654676258993,217257,321009,129687,24128,207168,0.47954610004492026,0.47972230356968354
0.004024963715059338,0.49039887499689633,0.40300093860485475,0.6262019230769231,0.10071942446043165,217257,321841,129687,23296,208000,0.47954610004492026,0.47972230356968354
0.0038642367591675275,0.4899388188175547,0.4023799381401293,0.6262019230769231,0.09712230215827339,217257,322673,129687,22464,208832,0.47954610004492026,0.47972230356968354
0.00382081814573898,0.48970856235440235,0.4020694109525916,0.6262019230769231,0.09712230215827339,217257,323090,129687,22464,208832,0.47954610004492026,0.47972230356968354
0.003804752893642349,0.49041802034002174,0.4025304938938243,0.6274038461538461,0.09712230215827339,217674,323090,129270,22464,208832,0.47954610004492026,0.47972230356968354
0.003655963095216541,0.4901877551020408,0.4022203292428966,0.6274038461538461,0.09712230215827339,217674,323507,129270,22464,208832,0.47954610004492026,0.47972230356968354
0.0036167779475778095,0.4897289745173276,0.40160291358325356,0.6274038461538461,0.09352517985611511,217674,324339,129270,21632,209664,0.47954610004492026,0.47972230356968354
0.003494084122758867,0.4904370939559735,0.4020629389967369,0.6286057692307693,0.09352517985611511,218091,324339,128853,21632,209664,0.47954610004492026,0.47972230356968354
0.0034712387736377526,0.4902072509162264,0.40175408540527996,0.6286057692307693,0.09352517985611511,218091,324756,128853,21632,209664,0.47954610004492026,0.47972230356968354
0.003423132540307794,0.4897493103142407,0.4011392751973131,0.6286057692307693,0.08992805755395683,218091,325588,128853,20800,210496,0.47954610004492026,0.47972230356968354
0.0033715708708511594,0.48952011133058,0.4008318384990884,0.6286057692307693,0.08992805755395683,218091,326005,128853,20800,210496,0.47954610004492026,0.47972230356968354
0.0033528778771380052,0.4892911267733609,0.40052487268439874,0.6286057692307693,0.08992805755395683,218091,326422,128853,20800,210496,0.47954610004492026,0.47972230356968354
0.0033162992743872577,0.48883489542065406,0.3999138160247183,0.6286057692307693,0.08633093525179857,218091,327254,128853,19968,211328,0.47954610004492026,0.47972230356968354
0.00324950086662229,0.4886065513170069,0.39960825414741225,0.6286057692307693,0.08633093525179857,218091,327671,128853,19968,211328,0.47954610004492026,0.47972230356968354
0.003101166529599464,0.48931222239266037,0.40006664481790766,0.6298076923076923,0.08633093525179857,218508,327671,128436,19968,211328,0.47954610004492026,0.47972230356968354
0.0030676883758997686,0.48908386865725095,0.3997614325754305,0.6298076923076923,0.08633093525179857,218508,328088,128436,19968,211328,0.47954610004492026,0.47972230356968354
0.0030633218704887444,0.488628892675531,0.3991538613297091,0.6298076923076923,0.08273381294964029,218508,328920,128436,19136,212160,0.47954610004492026,0.47972230356968354
0.003053068023611105,0.4881747624005255,0.39854813409696127,0.6298076923076923,0.07913669064748201,218508,329752,128436,18304,212992,0.47954610004492026,0.47972230356968354
0.0030086400714074424,0.48794746885122164,0.3982452335344839,0.6298076923076923,0.07913669064748201,218508,330169,128436,18304,212992,0.47954610004492026,0.47972230356968354
0.002764172417588806,0.48772038685859304,0.3979427930372577,0.6298076923076923,0.07913669064748201,218508,330586,128436,18304,212992,0.47954610004492026,0.47972230356968354
0.0027164333762563775,0.487493516127413,0.3976408115579124,0.6298076923076923,0.07913669064748201,218508,331003,128436,18304,212992,0.47954610004492026,0.47972230356968354
0.002585964965363896,0.4870414928556861,0.3970396643547751,0.6298076923076923,0.07553956834532374,218508,331835,128436,17472,213824,0.47954610004492026,0.47972230356968354
0.002513185311893651,0.48659030707512035,0.39644033201796164,0.6298076923076923,0.07194244604316546,218508,332667,128436,16640,214656,0.47954610004492026,0.47972230356968354
0.002487820397763185,0.48613995646036323,0.39584280634122393,0.6298076923076923,0.0683453237410072,218508,333499,128436,15808,215488,0.47954610004492026,0.47972230356968354
0.0024610796644569666,0.48569043869466305,0.3952470791677143,0.6298076923076923,0.06474820143884892,218508,334331,128436,14976,216320,0.47954610004492026,0.47972230356968354
0.0022533757590540437,0.48546545212175074,0.3949491736194456,0.6298076923076923,0.06474820143884892,218508,334748,128436,14976,216320,0.47954610004492026,0.47972230356968354
0.0022382322265975807,0.48524067389356407,0.39465171680757416,0.6298076923076923,0.06474820143884892,218508,335165,128436,14976,216320,0.47954610004492026,0.47972230356968354
0.002202565048136318,0.4850161037208363,0.39435470771896264,0.6298076923076923,0.06474820143884892,218508,335582,128436,14976,216320,0.47954610004492026,0.47972230356968354
0.002163327349003319,0.48456866097624257,0.39376344783591205,0.6298076923076923,0.06115107913669065,218508,336414,128436,14144,217152,0.47954610004492026,0.47972230356968354
0.0021573912204483348,0.48434471224660114,0.39346777373820313,0.6298076923076923,0.06115107913669065,218508,336831,128436,14144,217152,0.47954610004492026,0.47972230356968354
0.002056042126083568,0.48412097042206714,0.39317254334636065,0.6298076923076923,0.06115107913669065,218508,337248,128436,14144,217152,0.47954610004492026,0.47972230356968354
0.0019764931541447206,0.4838974352160351,0.39287775566235683,0.6298076923076923,0.06115107913669065,218508,337665,128436,14144,217152,0.47954610004492026,0.47972230356968354
0.001896903190325927,0.4834520531578662,0.3922909130079622,0.6298076923076923,0.05755395683453238,218508,338497,128436,13312,217984,0.47954610004492026,0.47972230356968354
0.0018709807684619273,0.4830074902103382,0.39170582087599065,0.6298076923076923,0.0539568345323741,218508,339329,128436,12480,218816,0.47954610004492026,0.47972230356968354
0.0018663380309053013,0.4837063272344835,0.39216019947909014,0.6310096153846154,0.0539568345323741,218925,339329,128019,12480,218816,0.47954610004492026,0.47972230356968354
0.0017923647135643095,0.4832621436376279,0.391576608965347,0.6310096153846154,0.050359712230215826,218925,340161,128019,11648,219648,0.47954610004492026,0.47972230356968354
0.0017683020398736593,0.48303982472223966,0.39128476522914085,0.6310096153846154,0.050359712230215826,218925,340578,128019,11648,219648,0.47954610004492026,0.47972230356968354
0.0016838246948907565,0.48259686380925826,0.39070377542006124,0.6310096153846154,0.046762589928057555,218925,341410,128019,10816,220480,0.47954610004492026,0.47972230356968354
0.00153021030487821,0.48215471456683157,0.3901245083905504,0.6310096153846154,0.04316546762589928,218925,342242,128019,9984,221312,0.47954610004492026,0.47972230356968354
0.0014489456553175017,0.48171337476607445,0.3895469564892464,0.6310096153846154,0.039568345323741004,218925,343074,128019,9152,222144,0.47954610004492026,0.47972230356968354
0.001442599342449391,0.481492478226445,0.38925812921396263,0.6310096153846154,0.039568345323741004,218925,343491,128019,9152,222144,0.47954610004492026,0.47972230356968354
0.0014356518764628845,0.48127178418447597,0.38896972991988743,0.6310096153846154,0.039568345323741004,218925,343908,128019,9152,222144,0.47954610004492026,0.47972230356968354
0.0014294571284675373,0.48196758053777544,0.389422103861518,0.6322115384615384,0.039568345323741004,219342,343908,127602,9152,222144,0.47954610004492026,0.47972230356968354
0.0013954537811067258,0.48152742073222937,0.3888477207214554,0.6322115384615384,0.03597122302158273,219342,344740,127602,8320,222976,0.47954610004492026,0.47972230356968354
0.001259202250116942,0.48130711410367955,0.38856047574929276,0.6322115384615384,0.03597122302158273,219342,345157,127602,8320,222976,0.47954610004492026,0.47972230356968354
0.0012560331586618512,0.4810870089706753,0.38827365484426,0.6322115384615384,0.03597122302158273,219342,345574,127602,8320,222976,0.47954610004492026,0.47972230356968354
0.0011916110220387965,0.48086710505690705,0.38798725706795817,0.6322115384615384,0.03597122302158273,219342,345991,127602,8320,222976,0.47954610004492026,0.47972230356968354
0.0011638291251129251,0.4804289520747249,0.3874170957229783,0.6322115384615384,0.03237410071942446,219342,346823,127602,7488,223808,0.47954610004492026,0.47972230356968354
0.0010419887381770687,0.479991596831743,0.38684860766459084,0.6322115384615384,0.02877697841726619,219342,347655,127602,6656,224640,0.47954610004492026,0.47972230356968354
0.0008348952843032498,0.47977269297146197,0.3865643075426408,0.6322115384615384,0.02877697841726619,219342,348072,127602,6656,224640,0.47954610004492026,0.47972230356968354
0.0008327433450860955,0.479336531212098,0.3859983176300405,0.6322115384615384,0.025179856115107913,219342,348904,127602,5824,225472,0.47954610004492026,0.47972230356968354
0.0007305228101415207,0.4791182243036587,0.3857152654559906,0.6322115384615384,0.025179856115107913,219342,349321,127602,5824,225472,0.47954610004492026,0.47972230356968354
0.0007126201951412336,0.4789001161541619,0.38543262810149714,0.6322115384615384,0.025179856115107913,219342,349738,127602,5824,225472,0.47954610004492026,0.47972230356968354
0.0006941654901413408,0.4786822064922892,0.3851504046553362,0.6322115384615384,0.025179856115107913,219342,350155,127602,5824,225472,0.47954610004492026,0.47972230356968354
0.0006922923875236076,0.4782480243068312,0.38458854450676716,0.6322115384615384,0.02158273381294964,219342,350987,127602,4992,226304,0.47954610004492026,0.47972230356968354
0.0006777436054823949,0.4780307075374037,0.3843075553748953,0.6322115384615384,0.02158273381294964,219342,351404,127602,4992,226304,0.47954610004492026,0.47972230356968354
0.0006138535533261047,0.4778135881765415,0.38402697653734574,0.6322115384615384,0.02158273381294964,219342,351821,127602,4992,226304,0.47954610004492026,0.47972230356968354
0.0005118689643710816,0.4773809795862402,0.3834683869614245,0.6322115384615384,0.017985611510791366,219342,352653,127602,4160,227136,0.47954610004492026,0.47972230356968354
0.00047864083835436055,0.4780716066463916,0.38391752793442485,0.6334134615384616,0.017985611510791366,219759,352653,127185,4160,227136,0.47954610004492026,0.47972230356968354
0.0004307494824709046,0.4778548620148667,0.38363804905128757,0.6334134615384616,0.017985611510791366,219759,353070,127185,4160,227136,0.47954610004492026,0.47972230356968354
0.00041094423678222913,0.47742299900608837,0.38308164578034765,0.6334134615384616,0.014388489208633094,219759,353902,127185,3328,227968,0.47954610004492026,0.47972230356968354
0.0003817859449043448,0.4769919158879012,0.38252685411310494,0.6334134615384616,0.01079136690647482,219759,354734,127185,2496,228800,0.47954610004492026,0.47972230356968354
0.00031634869677921174,0.4765616105496336,0.38197366705775,0.6334134615384616,0.007194244604316547,219759,355566,127185,1664,229632,0.47954610004492026,0.47972230356968354
0.00028764100320777253,0.4763462326295186,0.38169701011911583,0.6334134615384616,0.007194244604316547,219759,355983,127185,1664,229632,0.47954610004492026,0.47972230356968354
0.0002818154679871121,0.47591709095004103,0.3811462188721656,0.6334134615384616,0.0035971223021582736,219759,356815,127185,832,230464,0.47954610004492026,0.47972230356968354
0.0002749572634701547,0.47570229507487,0.3808707588159954,0.6334134615384616,0.0035971223021582736,219759,357232,127185,832,230464,0.47954610004492026,0.47972230356968354
7.786060185943633e-05,0.4763899466869764,0.3813178896031922,0.6346153846153846,0.0035971223021582736,220176,357232,126768,832,230464,0.47954610004492026,0.47972230356968354
5.8617359000590064e-05,0.47596153846153844,0.38076923076923075,0.6346153846153846,0.0,220176,358064,126768,0,231296,0.47954610004492026,0.47972230356968354
