threshold,f1,precision,recall,tnr,tp,fp,fn,tn_unknown,fp_unknown,auc_pr_trapezoid,ap_pr_step
0.9937305085899049,0.0,,0.0,1.0,0,0,1040832,115648,0,0.9664287398471718,0.9664326569532451
0.9937305085899047,0.0024009603841536613,1.0,0.001201923076923077,1.0,1251,0,1039581,115648,0,0.9664287398471718,0.9664326569532451
0.9923632510373781,0.004796163069544364,1.0,0.002403846153846154,1.0,2502,0,1038330,115648,0,0.9664287398471718,0.9664326569532451
0.9910694335090667,0.00718562874251497,1.0,0.003605769230769231,1.0,3753,0,1037079,115648,0,0.9664287398471718,0.9664326569532451
0.9902003219656318,0.009569377990430622,1.0,0.004807692307692308,1.0,5004,0,1035828,115648,0,0.9664287398471718,0.9664326569532451
0.9901603237315614,0.011947431302270013,1.0,0.006009615384615385,1.0,6255,0,1034577,115648,0,0.9664287398471718,0.9664326569532451
0.9899389653955575,0.014319809069212411,1.0,0.007211538461538462,1.0,7506,0,1033326,115648,0,0.9664287398471718,0.9664326569532451
0.9898517056343388,0.0166865315852205,1.0,0.008413461538461538,1.0,8757,0,1032075,115648,0,0.9664287398471718,0.9664326569532451
0.9898152601779763,0.01904761904761905,1.0,0.009615384615384616,1.0,10008,0,1030824,115648,0,0.9664287398471718,0.9664326569532451
0.9894414432582389,0.02140309155766944,1.0,0.010817307692307692,1.0,11259,0,1029573,115648,0,0.9664287398471718,0.9664326569532451
0.9889369087391123,0.023752969121140142,1.0,0.01201923076923077,1.0,12510,0,1028322,115648,0,0.9664287398471718,0.9664326569532451
0.9888915652167614,0.02609727164887307,1.0,0.013221153846153846,1.0,13761,0,1027071,115648,0,0.9664287398471718,0.9664326569532451
0.9879799199473367,0.02843601895734597,1.0,0.014423076923076924,1.0,15012,0,1025820,115648,0,0.9664287398471718,0.9664326569532451
0.9879680005728431,0.03076923076923077,1.0,0.015625,1.0,16263,0,1024569,115648,0,0.9664287398471718,0.9664326569532451
0.9879092373647259,0.03309692671394799,1.0,0.016826923076923076,1.0,17514,0,1023318,115648,0,0.9664287398471718,0.9664326569532451
0.9877905455759708,0.03541912632821724,1.0,0.018028846153846152,1.0,18765,0,1022067,115648,0,0.9664287398471718,0.9664326569532451
0.9871871033951956,0.03773584905660377,1.0,0.019230769230769232,1.0,20016,0,1020816,115648,0,0.9664287398471718,0.9664326569532451
0.9867970884289798,0.04004711425206125,1.0,0.020432692307692308,1.0,21267,0,1019565,115648,0,0.9664287398471718,0.9664326569532451
0.9865050870647817,0.042352941176470586,1.0,0.021634615384615384,1.0,22518,0,1018314,115648,0,0.9664287398471718,0.9664326569532451
0.9856580495552648,0.04465334900117509,1.0,0.02283653846153846,1.0,23769,0,1017063,115648,0,0.9664287398471718,0.9664326569532451
0.9853094056212048,0.046948356807511735,1.0,0.02403846153846154,1.0,25020,0,1015812,115648,0,0.9664287398471718,0.9664326569532451
0.9852828553016093,0.0492379835873388,1.0,0.025240384615384616,1.0,26271,0,1014561,115648,0,0.9664287398471718,0.9664326569532451
0.9850950966782361,0.05152224824355972,1.0,0.026442307692307692,1.0,27522,0,1013310,115648,0,0.9664287398471718,0.9664326569532451
0.9850131369066459,0.05380116959064327,1.0,0.027644230769230768,1.0,28773,0,1012059,115648,0,0.9664287398471718,0.9664326569532451
0.9844820164871295,0.056074766355140186,1.0,0.028846153846153848,1.0,30024,0,1010808,115648,0,0.9664287398471718,0.9664326569532451
0.9844254637751915,0.058343057176196034,1.0,0.030048076923076924,1.0,31275,0,1009557,115648,0,0.9664287398471718,0.9664326569532451
0.9841907750368344,0.06060606060606061,1.0,0.03125,1.0,32526,0,1008306,115648,0,0.9664287398471718,0.9664326569532451
0.9841903192888778,0.06286379511059371,1.0,0.03245192307692308,1.0,33777,0,1007055,115648,0,0.9664287398471718,0.9664326569532451
0.9839974369759253,0.06511627906976744,1.0,0.03365384615384615,1.0,35028,0,1005804,115648,0,0.9664287398471718,0.9664326569532451
0.9839281554516226,0.06736353077816493,1.0,0.03485576923076923,1.0,36279,0,1004553,115648,0,0.9664287398471718,0.9664326569532451
0.9838609224168613,0.06960556844547564,1.0,0.036057692307692304,1.0,37530,0,1003302,115648,0,0.9664287398471718,0.9664326569532451
0.98376356857034,0.07184241019698726,1.0,0.037259615384615384,1.0,38781,0,1002051,115648,0,0.9664287398471718,0.9664326569532451
0.9836897120476052,0.07407407407407407,1.0,0.038461538461538464,1.0,40032,0,1000800,115648,0,0.9664287398471718,0.9664326569532451
0.9836464641343814,0.07630057803468208,1.0,0.039663461538461536,1.0,41283,0,999549,115648,0,0.9664287398471718,0.9664326569532451
0.9836224445509449,0.07852193995381063,1.0,0.040865384615384616,1.0,42534,0,998298,115648,0,0.9664287398471718,0.9664326569532451
0.9833306364012608,0.08073817762399077,1.0,0.042067307692307696,1.0,43785,0,997047,115648,0,0.9664287398471718,0.9664326569532451
0.9833111930008662,0.08294930875576037,1.0,0.04326923076923077,1.0,45036,0,995796,115648,0,0.9664287398471718,0.9664326569532451
0.9830741982466424,0.08515535097813579,1.0,0.04447115384615385,1.0,46287,0,994545,115648,0,0.9664287398471718,0.9664326569532451
0.9829196351480447,0.08735632183908046,1.0,0.04567307692307692,1.0,47538,0,993294,115648,0,0.9664287398471718,0.9664326569532451
0.9826323202879019,0.08955223880597014,1.0,0.046875,1.0,48789,0,992043,115648,0,0.9664287398471718,0.9664326569532451
0.9823835534429258,0.09174311926605505,1.0,0.04807692307692308,1.0,50040,0,990792,115648,0,0.9664287398471718,0.9664326569532451
0.9823358634006479,0.09392898052691867,1.0,0.04927884615384615,1.0,51291,0,989541,115648,0,0.9664287398471718,0.9664326569532451
0.982092632084682,0.09610983981693363,1.0,0.05048076923076923,1.0,52542,0,988290,115648,0,0.9664287398471718,0.9664326569532451
0.9818664186208839,0.09828571428571428,1.0,0.051682692307692304,1.0,53793,0,987039,115648,0,0.9664287398471718,0.9664326569532451
0.981592514895701,0.1004566210045662,1.0,0.052884615384615384,1.0,55044,0,985788,115648,0,0.9664287398471718,0.9664326569532451
0.981436705723112,0.10262257696693272,1.0,0.054086538461538464,1.0,56295,0,984537,115648,0,0.9664287398471718,0.9664326569532451
0.981274812705875,0.10478359908883828,1.0,0.055288461538461536,1.0,57546,0,983286,115648,0,0.9664287398471718,0.9664326569532451
0.9812516332805041,0.10693970420932879,1.0,0.056490384615384616,1.0,58797,0,982035,115648,0,0.9664287398471718,0.9664326569532451
0.9812008029198485,0.10909090909090909,1.0,0.057692307692307696,1.0,60048,0,980784,115648,0,0.9664287398471718,0.9664326569532451
0.9808243397026812,0.1112372304199773,1.0,0.05889423076923077,1.0,61299,0,979533,115648,0,0.9664287398471718,0.9664326569532451
0.9802897793542534,0.11337868480725624,1.0,0.06009615384615385,1.0,62550,0,978282,115648,0,0.9664287398471718,0.9664326569532451
0.9802495425023874,0.11551528878822197,1.0,0.06129807692307692,1.0,63801,0,977031,115648,0,0.9664287398471718,0.9664326569532451
0.9796893869311512,0.11764705882352941,1.0,0.0625,1.0,65052,0,975780,115648,0,0.9664287398471718,0.9664326569532451
0.9794917120135257,0.11977401129943503,1.0,0.06370192307692307,1.0,66303,0,974529,115648,0,0.9664287398471718,0.9664326569532451
0.9793131691293879,0.12189616252821671,1.0,0.06490384615384616,1.0,67554,0,973278,115648,0,0.9664287398471718,0.9664326569532451
0.9792373321706098,0.12401352874859076,1.0,0.06610576923076923,1.0,68805,0,972027,115648,0,0.9664287398471718,0.9664326569532451
0.9791388907444901,0.12612612612612611,1.0,0.0673076923076923,1.0,70056,0,970776,115648,0,0.9664287398471718,0.9664326569532451
0.9790771109811462,0.12823397075365578,1.0,0.06850961538461539,1.0,71307,0,969525,115648,0,0.9664287398471718,0.9664326569532451
0.9789463022128457,0.1303370786516854,1.0,0.06971153846153846,1.0,72558,0,968274,115648,0,0.9664287398471718,0.9664326569532451
0.97894535661636,0.1324354657687991,1.0,0.07091346153846154,1.0,73809,0,967023,115648,0,0.9664287398471718,0.9664326569532451
0.9789286995284523,0.13452914798206278,1.0,0.07211538461538461,1.0,75060,0,965772,115648,0,0.9664287398471718,0.9664326569532451
0.9787601973125877,0.1366181410974244,1.0,0.0733173076923077,1.0,76311,0,964521,115648,0,0.9664287398471718,0.9664326569532451
0.9787481433018735,0.13870246085011187,1.0,0.07451923076923077,1.0,77562,0,963270,115648,0,0.9664287398471718,0.9664326569532451
0.978726540856405,0.14078212290502792,1.0,0.07572115384615384,1.0,78813,0,962019,115648,0,0.9664287398471718,0.9664326569532451
0.9784645320448377,0.14285714285714285,1.0,0.07692307692307693,1.0,80064,0,960768,115648,0,0.9664287398471718,0.9664326569532451
0.978458925041557,0.14492753623188406,1.0,0.078125,1.0,81315,0,959517,115648,0,0.9664287398471718,0.9664326569532451
0.9783776670918822,0.14699331848552338,1.0,0.07932692307692307,1.0,82566,0,958266,115648,0,0.9664287398471718,0.9664326569532451
0.9782968596834225,0.14905450500556172,1.0,0.08052884615384616,1.0,83817,0,957015,115648,0,0.9664287398471718,0.9664326569532451
0.9777715396566695,0.1511111111111111,1.0,0.08173076923076923,1.0,85068,0,955764,115648,0,0.9664287398471718,0.9664326569532451
0.9775539881579317,0.15316315205327413,1.0,0.0829326923076923,1.0,86319,0,954513,115648,0,0.9664287398471718,0.9664326569532451
0.9775374806587724,0.15521064301552107,1.0,0.08413461538461539,1.0,87570,0,953262,115648,0,0.9664287398471718,0.9664326569532451
0.9773698280205493,0.15725359911406422,1.0,0.08533653846153846,1.0,88821,0,952011,115648,0,0.9664287398471718,0.9664326569532451
0.9773030213482737,0.1592920353982301,1.0,0.08653846153846154,1.0,90072,0,950760,115648,0,0.9664287398471718,0.9664326569532451
0.9770404609434844,0.16132596685082873,1.0,0.08774038461538461,1.0,91323,0,949509,115648,0,0.9664287398471718,0.9664326569532451
0.9769209204346776,0.16335540838852097,1.0,0.0889423076923077,1.0,92574,0,948258,115648,0,0.9664287398471718,0.9664326569532451
0.9769111272350046,0.16538037486218302,1.0,0.09014423076923077,1.0,93825,0,947007,115648,0,0.9664287398471718,0.9664326569532451
0.9767706853382687,0.16740088105726872,1.0,0.09134615384615384,1.0,95076,0,945756,115648,0,0.9664287398471718,0.9664326569532451
0.9767282295600299,0.1694169416941694,1.0,0.09254807692307693,1.0,96327,0,944505,115648,0,0.9664287398471718,0.9664326569532451
0.9767175999421509,0.17142857142857143,1.0,0.09375,1.0,97578,0,943254,115648,0,0.9664287398471718,0.9664326569532451
0.9766337898148094,0.1734357848518112,1.0,0.09495192307692307,1.0,98829,0,942003,115648,0,0.9664287398471718,0.9664326569532451
0.9762796105421448,0.17543859649122806,1.0,0.09615384615384616,1.0,100080,0,940752,115648,0,0.9664287398471718,0.9664326569532451
0.9761641203920897,0.1774370208105148,1.0,0.09735576923076923,1.0,101331,0,939501,115648,0,0.9664287398471718,0.9664326569532451
0.9754423842560829,0.17943107221006566,1.0,0.0985576923076923,1.0,102582,0,938250,115648,0,0.9664287398471718,0.9664326569532451
0.9754244887384871,0.1814207650273224,1.0,0.09975961538461539,1.0,103833,0,936999,115648,0,0.9664287398471718,0.9664326569532451
0.9754167102566842,0.18340611353711792,1.0,0.10096153846153846,1.0,105084,0,935748,115648,0,0.9664287398471718,0.9664326569532451
0.9753857593666156,0.18538713195201745,1.0,0.10216346153846154,1.0,106335,0,934497,115648,0,0.9664287398471718,0.9664326569532451
0.9753732023639652,0.18736383442265794,1.0,0.10336538461538461,1.0,107586,0,933246,115648,0,0.9664287398471718,0.9664326569532451
0.974824652626511,0.1893362350380849,1.0,0.1045673076923077,1.0,108837,0,931995,115648,0,0.9664287398471718,0.9664326569532451
0.9746440788159142,0.19130434782608696,1.0,0.10576923076923077,1.0,110088,0,930744,115648,0,0.9664287398471718,0.9664326569532451
0.9741602582063262,0.19326818675352878,1.0,0.10697115384615384,1.0,111339,0,929493,115648,0,0.9664287398471718,0.9664326569532451
0.9740848009639964,0.19522776572668113,1.0,0.10817307692307693,1.0,112590,0,928242,115648,0,0.9664287398471718,0.9664326569532451
0.9740814285530799,0.19718309859154928,1.0,0.109375,1.0,113841,0,926991,115648,0,0.9664287398471718,0.9664326569532451
0.9740027297712347,0.19913419913419914,1.0,0.11057692307692307,1.0,115092,0,925740,115648,0,0.9664287398471718,0.9664326569532451
0.9739634966870292,0.20108108108108108,1.0,0.11177884615384616,1.0,116343,0,924489,115648,0,0.9664287398471718,0.9664326569532451
0.9737593308543824,0.20302375809935205,1.0,0.11298076923076923,1.0,117594,0,923238,115648,0,0.9664287398471718,0.9664326569532451
0.9732148805431007,0.20496224379719524,1.0,0.1141826923076923,1.0,118845,0,921987,115648,0,0.9664287398471718,0.9664326569532451
0.973096549311286,0.20689655172413793,1.0,0.11538461538461539,1.0,120096,0,920736,115648,0,0.9664287398471718,0.9664326569532451
0.9728116760412269,0.20882669537136705,1.0,0.11658653846153846,1.0,121347,0,919485,115648,0,0.9664287398471718,0.9664326569532451
0.9727645845966719,0.210752688172043,1.0,0.11778846153846154,1.0,122598,0,918234,115648,0,0.9664287398471718,0.9664326569532451
0.9726732860324591,0.21267454350161116,1.0,0.11899038461538461,1.0,123849,0,916983,115648,0,0.9664287398471718,0.9664326569532451
0.9726472666363475,0.2145922746781116,1.0,0.1201923076923077,1.0,125100,0,915732,115648,0,0.9664287398471718,0.9664326569532451
0.9722885115040062,0.2165058949624866,1.0,0.12139423076923077,1.0,126351,0,914481,115648,0,0.9664287398471718,0.9664326569532451
0.9720239906123804,0.21841541755888652,1.0,0.12259615384615384,1.0,127602,0,913230,115648,0,0.9664287398471718,0.9664326569532451
0.9719756706119325,0.22032085561497325,1.0,0.12379807692307693,1.0,128853,0,911979,115648,0,0.9664287398471718,0.9664326569532451
0.971945781641452,0.2222222222222222,1.0,0.125,1.0,130104,0,910728,115648,0,0.9664287398471718,0.9664326569532451
0.9718958619745823,0.22411953041622198,1.0,0.12620192307692307,1.0,131355,0,909477,115648,0,0.9664287398471718,0.9664326569532451
0.971877475283788,0.2260127931769723,1.0,0.12740384615384615,1.0,132606,0,908226,115648,0,0.9664287398471718,0.9664326569532451
0.9716460299413592,0.22790202342917998,1.0,0.12860576923076922,1.0,133857,0,906975,115648,0,0.9664287398471718,0.9664326569532451
0.9714680251716772,0.2297872340425532,1.0,0.12980769230769232,1.0,135108,0,905724,115648,0,0.9664287398471718,0.9664326569532451
0.9713662077148493,0.2316684378320935,1.0,0.1310096153846154,1.0,136359,0,904473,115648,0,0.9664287398471718,0.9664326569532451
0.9713651276673083,0.23354564755838642,1.0,0.13221153846153846,1.0,137610,0,903222,115648,0,0.9664287398471718,0.9664326569532451
0.9713551656898056,0.2354188759278897,1.0,0.13341346153846154,1.0,138861,0,901971,115648,0,0.9664287398471718,0.9664326569532451
0.971296199885563,0.23728813559322035,1.0,0.1346153846153846,1.0,140112,0,900720,115648,0,0.9664287398471718,0.9664326569532451
0.971222423113269,0.23915343915343915,1.0,0.13581730769230768,1.0,141363,0,899469,115648,0,0.9664287398471718,0.9664326569532451
0.9709735966829199,0.24101479915433405,1.0,0.13701923076923078,1.0,142614,0,898218,115648,0,0.9664287398471718,0.9664326569532451
0.9709066680939853,0.24287222808870115,1.0,0.13822115384615385,1.0,143865,0,896967,115648,0,0.9664287398471718,0.9664326569532451
0.9708325885919685,0.24472573839662448,1.0,0.13942307692307693,1.0,145116,0,895716,115648,0,0.9664287398471718,0.9664326569532451
0.9705183076666919,0.2465753424657534,1.0,0.140625,1.0,146367,0,894465,115648,0,0.9664287398471718,0.9664326569532451
0.970502137777314,0.24842105263157896,1.0,0.14182692307692307,1.0,147618,0,893214,115648,0,0.9664287398471718,0.9664326569532451
0.9702451591921908,0.2502628811777077,1.0,0.14302884615384615,1.0,148869,0,891963,115648,0,0.9664287398471718,0.9664326569532451
0.9700033875546541,0.25210084033613445,1.0,0.14423076923076922,1.0,150120,0,890712,115648,0,0.9664287398471718,0.9664326569532451
0.9696569720023834,0.2539349422875131,1.0,0.14543269230769232,1.0,151371,0,889461,115648,0,0.9664287398471718,0.9664326569532451
0.9696427235569302,0.2557651991614256,1.0,0.1466346153846154,1.0,152622,0,888210,115648,0,0.9664287398471718,0.9664326569532451
0.9694419388764294,0.25759162303664923,1.0,0.14783653846153846,1.0,153873,0,886959,115648,0,0.9664287398471718,0.9664326569532451
0.9694343348763192,0.2594142259414226,1.0,0.14903846153846154,1.0,155124,0,885708,115648,0,0.9664287398471718,0.9664326569532451
0.9692356112760567,0.2612330198537095,1.0,0.1502403846153846,1.0,156375,0,884457,115648,0,0.9664287398471718,0.9664326569532451
0.9691992658540896,0.2630480167014614,1.0,0.15144230769230768,1.0,157626,0,883206,115648,0,0.9664287398471718,0.9664326569532451
0.9689064717802157,0.264859228362878,1.0,0.15264423076923078,1.0,158877,0,881955,115648,0,0.9664287398471718,0.9664326569532451
0.9688627979336671,0.26666666666666666,1.0,0.15384615384615385,1.0,160128,0,880704,115648,0,0.9664287398471718,0.9664326569532451
0.9688258742383128,0.2684703433922997,1.0,0.15504807692307693,1.0,161379,0,879453,115648,0,0.9664287398471718,0.9664326569532451
0.9686679027646632,0.2702702702702703,1.0,0.15625,1.0,162630,0,878202,115648,0,0.9664287398471718,0.9664326569532451
0.9683792557378579,0.2720664589823468,1.0,0.15745192307692307,1.0,163881,0,876951,115648,0,0.9664287398471718,0.9664326569532451
0.968229370904568,0.27385892116182575,1.0,0.15865384615384615,1.0,165132,0,875700,115648,0,0.9664287398471718,0.9664326569532451
0.9681480561801932,0.2756476683937824,1.0,0.15985576923076922,1.0,166383,0,874449,115648,0,0.9664287398471718,0.9664326569532451
0.9681384040399952,0.2774327122153209,1.0,0.16105769230769232,1.0,167634,0,873198,115648,0,0.9664287398471718,0.9664326569532451
0.968070600497285,0.2792140641158221,1.0,0.1622596153846154,1.0,168885,0,871947,115648,0,0.9664287398471718,0.9664326569532451
0.9679792445921372,0.2809917355371901,1.0,0.16346153846153846,1.0,170136,0,870696,115648,0,0.9664287398471718,0.9664326569532451
0.9679608813739659,0.28276573787409703,1.0,0.16466346153846154,1.0,171387,0,869445,115648,0,0.9664287398471718,0.9664326569532451
0.9676560787316139,0.2845360824742268,1.0,0.1658653846153846,1.0,172638,0,868194,115648,0,0.9664287398471718,0.9664326569532451
0.9675784991950331,0.286302780638517,1.0,0.16706730769230768,1.0,173889,0,866943,115648,0,0.9664287398471718,0.9664326569532451
0.9674942207005837,0.2880658436213992,1.0,0.16826923076923078,1.0,175140,0,865692,115648,0,0.9664287398471718,0.9664326569532451
0.9673571711307621,0.289825282631038,1.0,0.16947115384615385,1.0,176391,0,864441,115648,0,0.9664287398471718,0.9664326569532451
0.9666697482862142,0.2915811088295688,1.0,0.17067307692307693,1.0,177642,0,863190,115648,0,0.9664287398471718,0.9664326569532451
0.9665007218743941,0.29333333333333333,1.0,0.171875,1.0,178893,0,861939,115648,0,0.9664287398471718,0.9664326569532451
0.9663539869957868,0.29508196721311475,1.0,0.17307692307692307,1.0,180144,0,860688,115648,0,0.9664287398471718,0.9664326569532451
0.9661583955060569,0.2968270214943705,1.0,0.17427884615384615,1.0,181395,0,859437,115648,0,0.9664287398471718,0.9664326569532451
0.9660115192455134,0.2985685071574642,1.0,0.17548076923076922,1.0,182646,0,858186,115648,0,0.9664287398471718,0.9664326569532451
0.9657971132546157,0.3003064351378958,1.0,0.17668269230769232,1.0,183897,0,856935,115648,0,0.9664287398471718,0.9664326569532451
0.9656438126987287,0.3020408163265306,1.0,0.1778846153846154,1.0,185148,0,855684,115648,0,0.9664287398471718,0.9664326569532451
0.9654652761424343,0.3037716615698267,1.0,0.17908653846153846,1.0,186399,0,854433,115648,0,0.9664287398471718,0.9664326569532451
0.965160603881617,0.3054989816700611,1.0,0.18028846153846154,1.0,187650,0,853182,115648,0,0.9664287398471718,0.9664326569532451
0.9649168993337504,0.3072227873855544,1.0,0.1814903846153846,1.0,188901,0,851931,115648,0,0.9664287398471718,0.9664326569532451
0.9648168659062464,0.3089430894308943,1.0,0.18269230769230768,1.0,190152,0,850680,115648,0,0.9664287398471718,0.9664326569532451
0.9646934142176955,0.31065989847715736,1.0,0.18389423076923078,1.0,191403,0,849429,115648,0,0.9664287398471718,0.9664326569532451
0.9645349498570097,0.31237322515212984,1.0,0.18509615384615385,1.0,192654,0,848178,115648,0,0.9664287398471718,0.9664326569532451
0.9644394079671764,0.3140830800405269,1.0,0.18629807692307693,1.0,193905,0,846927,115648,0,0.9664287398471718,0.9664326569532451
0.9644197615853177,0.3157894736842105,1.0,0.1875,1.0,195156,0,845676,115648,0,0.9664287398471718,0.9664326569532451
0.9642817987340322,0.31749241658240646,1.0,0.18870192307692307,1.0,196407,0,844425,115648,0,0.9664287398471718,0.9664326569532451
0.9639873986038223,0.3191919191919192,1.0,0.18990384615384615,1.0,197658,0,843174,115648,0,0.9664287398471718,0.9664326569532451
0.9639113074435599,0.32088799192734613,1.0,0.19110576923076922,1.0,198909,0,841923,115648,0,0.9664287398471718,0.9664326569532451
0.9638438250346413,0.3225806451612903,1.0,0.19230769230769232,1.0,200160,0,840672,115648,0,0.9664287398471718,0.9664326569532451
0.9636547862500255,0.324269889224572,1.0,0.1935096153846154,1.0,201411,0,839421,115648,0,0.9664287398471718,0.9664326569532451
0.9636456624756078,0.32595573440643866,1.0,0.19471153846153846,1.0,202662,0,838170,115648,0,0.9664287398471718,0.9664326569532451
0.9636063194851898,0.32763819095477387,1.0,0.19591346153846154,1.0,203913,0,836919,115648,0,0.9664287398471718,0.9664326569532451
0.9633882525626531,0.3293172690763052,1.0,0.1971153846153846,1.0,205164,0,835668,115648,0,0.9664287398471718,0.9664326569532451
0.9632542960456946,0.33099297893681046,1.0,0.19831730769230768,1.0,206415,0,834417,115648,0,0.9664287398471718,0.9664326569532451
0.9630190135310861,0.33266533066132264,1.0,0.19951923076923078,1.0,207666,0,833166,115648,0,0.9664287398471718,0.9664326569532451
0.9624957713171682,0.33433433433433435,1.0,0.20072115384615385,1.0,208917,0,831915,115648,0,0.9664287398471718,0.9664326569532451
0.9622714318773825,0.336,1.0,0.20192307692307693,1.0,210168,0,830664,115648,0,0.9664287398471718,0.9664326569532451
0.9622169155782971,0.33766233766233766,1.0,0.203125,1.0,211419,0,829413,115648,0,0.9664287398471718,0.9664326569532451
0.9620282466157873,0.3393213572854291,1.0,0.20432692307692307,1.0,212670,0,828162,115648,0,0.9664287398471718,0.9664326569532451
0.9618098892421485,0.34097706879361916,1.0,0.20552884615384615,1.0,213921,0,826911,115648,0,0.9664287398471718,0.9664326569532451
0.9615206280969828,0.3426294820717131,1.0,0.20673076923076922,1.0,215172,0,825660,115648,0,0.9664287398471718,0.9664326569532451
0.9612162038814203,0.34427860696517415,1.0,0.20793269230769232,1.0,216423,0,824409,115648,0,0.9664287398471718,0.9664326569532451
0.9608568813590643,0.34592445328031807,1.0,0.2091346153846154,1.0,217674,0,823158,115648,0,0.9664287398471718,0.9664326569532451
0.9608459042977284,0.34756703078450846,1.0,0.21033653846153846,1.0,218925,0,821907,115648,0,0.9664287398471718,0.9664326569532451
0.9607306335819313,0.3492063492063492,1.0,0.21153846153846154,1.0,220176,0,820656,115648,0,0.9664287398471718,0.9664326569532451
0.9603631949683543,0.3508424182358771,1.0,0.2127403846153846,1.0,221427,0,819405,115648,0,0.9664287398471718,0.9664326569532451
0.9602527816168629,0.35247524752475246,1.0,0.21394230769230768,1.0,222678,0,818154,115648,0,0.9664287398471718,0.9664326569532451
0.9601672948726941,0.35410484668644904,1.0,0.21514423076923078,1.0,223929,0,816903,115648,0,0.9664287398471718,0.9664326569532451
0.9601611544206765,0.3557312252964427,1.0,0.21634615384615385,1.0,225180,0,815652,115648,0,0.9664287398471718,0.9664326569532451
0.9601167230500052,0.35735439289239884,1.0,0.21754807692307693,1.0,226431,0,814401,115648,0,0.9664287398471718,0.9664326569532451
0.9600931619667386,0.358974358974359,1.0,0.21875,1.0,227682,0,813150,115648,0,0.9664287398471718,0.9664326569532451
0.9598039116864077,0.3605911330049261,1.0,0.21995192307692307,1.0,228933,0,811899,115648,0,0.9664287398471718,0.9664326569532451
0.9592196930805119,0.36220472440944884,1.0,0.22115384615384615,1.0,230184,0,810648,115648,0,0.9664287398471718,0.9664326569532451
0.9590438779577775,0.3638151425762045,1.0,0.22235576923076922,1.0,231435,0,809397,115648,0,0.9664287398471718,0.9664326569532451
0.9587092101503234,0.3654223968565815,1.0,0.22355769230769232,1.0,232686,0,808146,115648,0,0.9664287398471718,0.9664326569532451
0.9584298596778651,0.36702649656526004,1.0,0.2247596153846154,1.0,233937,0,806895,115648,0,0.9664287398471718,0.9664326569532451
0.9582212559022293,0.3686274509803922,1.0,0.22596153846153846,1.0,235188,0,805644,115648,0,0.9664287398471718,0.9664326569532451
0.9582205002667965,0.3702252693437806,1.0,0.22716346153846154,1.0,236439,0,804393,115648,0,0.9664287398471718,0.9664326569532451
0.9581721231166815,0.37181996086105673,1.0,0.2283653846153846,1.0,237690,0,803142,115648,0,0.9664287398471718,0.9664326569532451
0.9581259226698375,0.3734115347018573,1.0,0.22956730769230768,1.0,238941,0,801891,115648,0,0.9664287398471718,0.9664326569532451
0.9581111477081619,0.375,1.0,0.23076923076923078,1.0,240192,0,800640,115648,0,0.9664287398471718,0.9664326569532451
0.9579410537406299,0.37658536585365854,1.0,0.23197115384615385,1.0,241443,0,799389,115648,0,0.9664287398471718,0.9664326569532451
0.9576610413125246,0.37816764132553604,1.0,0.23317307692307693,1.0,242694,0,798138,115648,0,0.9664287398471718,0.9664326569532451
0.957450969317138,0.379746835443038,1.0,0.234375,1.0,243945,0,796887,115648,0,0.9664287398471718,0.9664326569532451
0.9567434145194373,0.38132295719844356,1.0,0.23557692307692307,1.0,245196,0,795636,115648,0,0.9664287398471718,0.9664326569532451
0.9565864427200506,0.38289601554907676,1.0,0.23677884615384615,1.0,246447,0,794385,115648,0,0.9664287398471718,0.9664326569532451
0.9563369930211978,0.3844660194174757,1.0,0.23798076923076922,1.0,247698,0,793134,115648,0,0.9664287398471718,0.9664326569532451
0.9561922274468999,0.3860329776915616,1.0,0.23918269230769232,1.0,248949,0,791883,115648,0,0.9664287398471718,0.9664326569532451
0.9560159188477801,0.3875968992248062,1.0,0.2403846153846154,1.0,250200,0,790632,115648,0,0.9664287398471718,0.9664326569532451
0.9559662418750519,0.38915779283639884,1.0,0.24158653846153846,1.0,251451,0,789381,115648,0,0.9664287398471718,0.9664326569532451
0.9557873143688806,0.390715667311412,1.0,0.24278846153846154,1.0,252702,0,788130,115648,0,0.9664287398471718,0.9664326569532451
0.9555243301450002,0.3922705314009662,1.0,0.2439903846153846,1.0,253953,0,786879,115648,0,0.9664287398471718,0.9664326569532451
0.9555215472903201,0.3938223938223938,1.0,0.24519230769230768,1.0,255204,0,785628,115648,0,0.9664287398471718,0.9664326569532451
0.9555048522612299,0.39537126325940214,1.0,0.24639423076923078,1.0,256455,0,784377,115648,0,0.9664287398471718,0.9664326569532451
0.9554385328052758,0.3969171483622351,1.0,0.24759615384615385,1.0,257706,0,783126,115648,0,0.9664287398471718,0.9664326569532451
0.9552465405490911,0.39846005774783444,1.0,0.24879807692307693,1.0,258957,0,781875,115648,0,0.9664287398471718,0.9664326569532451
0.95424272407379,0.4,1.0,0.25,1.0,260208,0,780624,115648,0,0.9664287398471718,0.9664326569532451
0.9541162704225307,0.4015369836695485,1.0,0.2512019230769231,1.0,261459,0,779373,115648,0,0.9664287398471718,0.9664326569532451
0.9540064349821984,0.40307101727447214,1.0,0.25240384615384615,1.0,262710,0,778122,115648,0,0.9664287398471718,0.9664326569532451
0.9537970005180225,0.4046021093000959,1.0,0.2536057692307692,1.0,263961,0,776871,115648,0,0.9664287398471718,0.9664326569532451
0.9537598084105208,0.4061302681992337,1.0,0.2548076923076923,1.0,265212,0,775620,115648,0,0.9664287398471718,0.9664326569532451
0.9537397198737971,0.4076555023923445,1.0,0.25600961538461536,1.0,266463,0,774369,115648,0,0.9664287398471718,0.9664326569532451
0.9535718316887956,0.4091778202676864,1.0,0.25721153846153844,1.0,267714,0,773118,115648,0,0.9664287398471718,0.9664326569532451
0.9531686005334798,0.41069723018147086,1.0,0.25841346153846156,1.0,268965,0,771867,115648,0,0.9664287398471718,0.9664326569532451
0.9531383408589171,0.4122137404580153,1.0,0.25961538461538464,1.0,270216,0,770616,115648,0,0.9664287398471718,0.9664326569532451
0.9530386376030011,0.41372735938989513,1.0,0.2608173076923077,1.0,271467,0,769365,115648,0,0.9664287398471718,0.9664326569532451
0.9528466574523176,0.41523809523809524,1.0,0.2620192307692308,1.0,272718,0,768114,115648,0,0.9664287398471718,0.9664326569532451
0.9528430584099995,0.4167459562321599,1.0,0.26322115384615385,1.0,273969,0,766863,115648,0,0.9664287398471718,0.9664326569532451
0.952786007685636,0.41825095057034223,1.0,0.2644230769230769,1.0,275220,0,765612,115648,0,0.9664287398471718,0.9664326569532451
0.9526238498836759,0.41975308641975306,1.0,0.265625,1.0,276471,0,764361,115648,0,0.9664287398471718,0.9664326569532451
0.952623634696142,0.42125237191650855,1.0,0.2668269230769231,1.0,277722,0,763110,115648,0,0.9664287398471718,0.9664326569532451
0.9525491194015192,0.4208530805687204,0.9955156950672646,0.2668269230769231,1.0,277722,1251,763110,115648,0,0.9664287398471718,0.9664326569532451
0.9523750404879376,0.42234848484848486,0.9955357142857143,0.26802884615384615,1.0,278973,1251,761859,115648,0,0.9664287398471718,0.9664326569532451
0.9523423851558935,0.423841059602649,0.9955555555555555,0.2692307692307692,1.0,280224,1251,760608,115648,0,0.9664287398471718,0.9664326569532451
0.9522268953422124,0.42533081285444235,0.995575221238938,0.2704326923076923,1.0,281475,1251,759357,115648,0,0.9664287398471718,0.9664326569532451
0.9521220123902417,0.42681775259678945,0.9955947136563876,0.27163461538461536,1.0,282726,1251,758106,115648,0,0.9664287398471718,0.9664326569532451
0.9510391817668069,0.42830188679245285,0.9956140350877193,0.27283653846153844,1.0,283977,1251,756855,115648,0,0.9664287398471718,0.9664326569532451
0.9507804449293462,0.4297832233741753,0.9956331877729258,0.27403846153846156,1.0,285228,1251,755604,115648,0,0.9664287398471718,0.9664326569532451
0.9506701942885919,0.4312617702448211,0.9956521739130435,0.27524038461538464,1.0,286479,1251,754353,115648,0,0.9664287398471718,0.9664326569532451
0.9506700542988566,0.43273753527751646,0.9956709956709957,0.2764423076923077,1.0,287730,1251,753102,115648,0,0.9664287398471718,0.9664326569532451
0.9506596152486745,0.4342105263157895,0.9956896551724138,0.2776442307692308,1.0,288981,1251,751851,115648,0,0.9664287398471718,0.9664326569532451
0.9504939809574128,0.4356807511737089,0.9957081545064378,0.27884615384615385,1.0,290232,1251,750600,115648,0,0.9664287398471718,0.9664326569532451
0.9503806691495649,0.4371482176360225,0.9957264957264957,0.2800480769230769,1.0,291483,1251,749349,115648,0,0.9664287398471718,0.9664326569532451
0.950367841761697,0.4386129334582943,0.9957446808510638,0.28125,1.0,292734,1251,748098,115648,0,0.9664287398471718,0.9664326569532451
0.9503583246063549,0.4400749063670412,0.9957627118644068,0.2824519230769231,1.0,293985,1251,746847,115648,0,0.9664287398471718,0.9664326569532451
0.950350219220577,0.441534144059869,0.9957805907172996,0.28365384615384615,1.0,295236,1251,745596,115648,0,0.9664287398471718,0.9664326569532451
0.950177666642516,0.44299065420560746,0.9957983193277311,0.2848557692307692,1.0,296487,1251,744345,115648,0,0.9664287398471718,0.9664326569532451
0.9500068505350125,0.4444444444444444,0.99581589958159,0.2860576923076923,1.0,297738,1251,743094,115648,0,0.9664287398471718,0.9664326569532451
0.9498805261426749,0.4458955223880597,0.9958333333333333,0.28725961538461536,1.0,298989,1251,741843,115648,0,0.9664287398471718,0.9664326569532451
0.9498053811752245,0.4473438956197577,0.995850622406639,0.28846153846153844,1.0,300240,1251,740592,115648,0,0.9664287398471718,0.9664326569532451
0.9489614345438131,0.44878957169459965,0.9958677685950413,0.28966346153846156,1.0,301491,1251,739341,115648,0,0.9664287398471718,0.9664326569532451
0.9487818575068012,0.4502325581395349,0.9958847736625515,0.29086538461538464,1.0,302742,1251,738090,115648,0,0.9664287398471718,0.9664326569532451
0.948497185168399,0.4516728624535316,0.9959016393442623,0.2920673076923077,1.0,303993,1251,736839,115648,0,0.9664287398471718,0.9664326569532451
0.9484349426696368,0.4531104921077066,0.9959183673469387,0.2932692307692308,1.0,305244,1251,735588,115648,0,0.9664287398471718,0.9664326569532451
0.948430540401305,0.45454545454545453,0.9959349593495935,0.29447115384615385,1.0,306495,1251,734337,115648,0,0.9664287398471718,0.9664326569532451
0.9483026026542241,0.45597775718257644,0.9959514170040485,0.2956730769230769,1.0,307746,1251,733086,115648,0,0.9664287398471718,0.9664326569532451
0.9482827192344596,0.45740740740740743,0.9959677419354839,0.296875,1.0,308997,1251,731835,115648,0,0.9664287398471718,0.9664326569532451
0.9481278723910951,0.4588344125809436,0.9959839357429718,0.2980769230769231,1.0,310248,1251,730584,115648,0,0.9664287398471718,0.9664326569532451
0.9478953955893965,0.4602587800369686,0.996,0.29927884615384615,1.0,311499,1251,729333,115648,0,0.9664287398471718,0.9664326569532451
0.947203738744163,0.4616805170821791,0.9960159362549801,0.3004807692307692,1.0,312750,1251,728082,115648,0,0.9664287398471718,0.9664326569532451
0.9471414399489693,0.46309963099630996,0.996031746031746,0.3016826923076923,1.0,314001,1251,726831,115648,0,0.9664287398471718,0.9664326569532451
0.9466719582025915,0.4645161290322581,0.9960474308300395,0.30288461538461536,1.0,315252,1251,725580,115648,0,0.9664287398471718,0.9664326569532451
0.9464357316165688,0.46593001841620624,0.9960629921259843,0.30408653846153844,1.0,316503,1251,724329,115648,0,0.9664287398471718,0.9664326569532451
0.9463963759739884,0.46734130634774607,0.996078431372549,0.30528846153846156,1.0,317754,1251,723078,115648,0,0.9664287398471718,0.9664326569532451
0.9461849554585702,0.46875,0.99609375,0.30649038461538464,1.0,319005,1251,721827,115648,0,0.9664287398471718,0.9664326569532451
0.9459290390688031,0.4701561065197429,0.9961089494163424,0.3076923076923077,1.0,320256,1251,720576,115648,0,0.9664287398471718,0.9664326569532451
0.9457434705103943,0.47155963302752296,0.9961240310077519,0.3088942307692308,1.0,321507,1251,719325,115648,0,0.9664287398471718,0.9664326569532451
0.9453255922563613,0.47296058661778184,0.9961389961389961,0.31009615384615385,1.0,322758,1251,718074,115648,0,0.9664287398471718,0.9664326569532451
0.9451559228134958,0.47435897435897434,0.9961538461538462,0.3112980769230769,1.0,324009,1251,716823,115648,0,0.9664287398471718,0.9664326569532451
0.9451428107853377,0.4757548032936871,0.9961685823754789,0.3125,1.0,325260,1251,715572,115648,0,0.9664287398471718,0.9664326569532451
0.9451149663532676,0.47714808043875684,0.9961832061068703,0.3137019230769231,1.0,326511,1251,714321,115648,0,0.9664287398471718,0.9664326569532451
0.9448438175088676,0.4785388127853881,0.9961977186311787,0.31490384615384615,1.0,327762,1251,713070,115648,0,0.9664287398471718,0.9664326569532451
0.9447892247735599,0.47992700729927007,0.9962121212121212,0.3161057692307692,1.0,329013,1251,711819,115648,0,0.9664287398471718,0.9664326569532451
0.9447142756806768,0.4813126709206928,0.9962264150943396,0.3173076923076923,1.0,330264,1251,710568,115648,0,0.9664287398471718,0.9664326569532451
0.9447032629321777,0.48269581056466304,0.9962406015037594,0.31850961538461536,1.0,331515,1251,709317,115648,0,0.9664287398471718,0.9664326569532451
0.9438433552759993,0.4840764331210191,0.9962546816479401,0.31971153846153844,1.0,332766,1251,708066,115648,0,0.9664287398471718,0.9664326569532451
0.9437765736816348,0.48545454545454547,0.996268656716418,0.32091346153846156,1.0,334017,1251,706815,115648,0,0.9664287398471718,0.9664326569532451
0.9437705969288107,0.4868301544050863,0.9962825278810409,0.32211538461538464,1.0,335268,1251,705564,115648,0,0.9664287398471718,0.9664326569532451
0.9437566034670317,0.4882032667876588,0.9962962962962963,0.3233173076923077,1.0,336519,1251,704313,115648,0,0.9664287398471718,0.9664326569532451
0.9430314120881722,0.48957388939256574,0.996309963099631,0.3245192307692308,1.0,337770,1251,703062,115648,0,0.9664287398471718,0.9664326569532451
0.9429629124439495,0.49094202898550726,0.9963235294117647,0.32572115384615385,1.0,339021,1251,701811,115648,0,0.9664287398471718,0.9664326569532451
0.9426591751478306,0.49230769230769234,0.9963369963369964,0.3269230769230769,1.0,340272,1251,700560,115648,0,0.9664287398471718,0.9664326569532451
0.9426457361963712,0.4936708860759494,0.9963503649635036,0.328125,1.0,341523,1251,699309,115648,0,0.9664287398471718,0.9664326569532451
0.9426281052284273,0.4950316169828365,0.9963636363636363,0.3293269230769231,1.0,342774,1251,698058,115648,0,0.9664287398471718,0.9664326569532451
0.9426085273988549,0.4963898916967509,0.9963768115942029,0.33052884615384615,1.0,344025,1251,696807,115648,0,0.9664287398471718,0.9664326569532451
0.942122865085061,0.4977457168620379,0.9963898916967509,0.3317307692307692,1.0,345276,1251,695556,115648,0,0.9664287398471718,0.9664326569532451
0.9418071474380395,0.4990990990990991,0.9964028776978417,0.3329326923076923,1.0,346527,1251,694305,115648,0,0.9664287398471718,0.9664326569532451
0.9416998071913738,0.5004500450045004,0.996415770609319,0.33413461538461536,1.0,347778,1251,693054,115648,0,0.9664287398471718,0.9664326569532451
0.941643618816674,0.5017985611510791,0.9964285714285714,0.33533653846153844,1.0,349029,1251,691803,115648,0,0.9664287398471718,0.9664326569532451
0.9416027202201203,0.5031446540880503,0.99644128113879,0.33653846153846156,1.0,350280,1251,690552,115648,0,0.9664287398471718,0.9664326569532451
0.9415474423386156,0.5044883303411131,0.9964539007092199,0.33774038461538464,1.0,351531,1251,689301,115648,0,0.9664287398471718,0.9664326569532451
0.9414790874541543,0.5058295964125561,0.9964664310954063,0.3389423076923077,1.0,352782,1251,688050,115648,0,0.9664287398471718,0.9664326569532451
0.9412485697735267,0.507168458781362,0.9964788732394366,0.3401442307692308,1.0,354033,1251,686799,115648,0,0.9664287398471718,0.9664326569532451
0.9411319779829155,0.5085049239033125,0.9964912280701754,0.34134615384615385,1.0,355284,1251,685548,115648,0,0.9664287398471718,0.9664326569532451
0.9411250448455077,0.5098389982110912,0.9965034965034965,0.3425480769230769,1.0,356535,1251,684297,115648,0,0.9664287398471718,0.9664326569532451
0.9410940777881592,0.5111706881143878,0.9965156794425087,0.34375,1.0,357786,1251,683046,115648,0,0.9664287398471718,0.9664326569532451
0.9410630636312989,0.5125,0.9965277777777778,0.3449519230769231,1.0,359037,1251,681795,115648,0,0.9664287398471718,0.9664326569532451
0.9407580543472108,0.5138269402319358,0.9965397923875432,0.34615384615384615,1.0,360288,1251,680544,115648,0,0.9664287398471718,0.9664326569532451
0.940718077978219,0.5151515151515151,0.996551724137931,0.3473557692307692,1.0,361539,1251,679293,115648,0,0.9664287398471718,0.9664326569532451
0.9404973600618218,0.5164737310774711,0.9965635738831615,0.3485576923076923,1.0,362790,1251,678042,115648,0,0.9664287398471718,0.9664326569532451
0.9400994317072302,0.5177935943060499,0.9965753424657534,0.34975961538461536,1.0,364041,1251,676791,115648,0,0.9664287398471718,0.9664326569532451
0.9399415761660012,0.5191111111111111,0.9965870307167235,0.35096153846153844,1.0,365292,1251,675540,115648,0,0.9664287398471718,0.9664326569532451
0.9395824689976343,0.5204262877442274,0.9965986394557823,0.35216346153846156,1.0,366543,1251,674289,115648,0,0.9664287398471718,0.9664326569532451
0.9386489660936955,0.5217391304347826,0.9966101694915255,0.35336538461538464,1.0,367794,1251,673038,115648,0,0.9664287398471718,0.9664326569532451
0.9383985894991148,0.5230496453900709,0.9966216216216216,0.3545673076923077,1.0,369045,1251,671787,115648,0,0.9664287398471718,0.9664326569532451
0.9381547657626133,0.5243578387953941,0.9966329966329966,0.3557692307692308,1.0,370296,1251,670536,115648,0,0.9664287398471718,0.9664326569532451
0.9381026685320947,0.5256637168141592,0.9966442953020134,0.35697115384615385,1.0,371547,1251,669285,115648,0,0.9664287398471718,0.9664326569532451
0.9378886925447436,0.5269672855879752,0.9966555183946488,0.3581730769230769,1.0,372798,1251,668034,115648,0,0.9664287398471718,0.9664326569532451
0.9378041667587834,0.5282685512367491,0.9966666666666667,0.359375,1.0,374049,1251,666783,115648,0,0.9664287398471718,0.9664326569532451
0.9376761043931852,0.529567519858782,0.9966777408637874,0.3605769230769231,1.0,375300,1251,665532,115648,0,0.9664287398471718,0.9664326569532451
0.9376543723201627,0.5308641975308642,0.9966887417218543,0.36177884615384615,1.0,376551,1251,664281,115648,0,0.9664287398471718,0.9664326569532451
0.9376283475602991,0.5321585903083701,0.9966996699669967,0.3629807692307692,1.0,377802,1251,663030,115648,0,0.9664287398471718,0.9664326569532451
0.937543935316189,0.5334507042253521,0.9967105263157895,0.3641826923076923,1.0,379053,1251,661779,115648,0,0.9664287398471718,0.9664326569532451
0.9375196283949216,0.534740545294635,0.9967213114754099,0.36538461538461536,1.0,380304,1251,660528,115648,0,0.9664287398471718,0.9664326569532451
0.9372293233560316,0.5360281195079086,0.9967320261437909,0.36658653846153844,1.0,381555,1251,659277,115648,0,0.9664287398471718,0.9664326569532451
0.9371935437968031,0.5373134328358209,0.996742671009772,0.36778846153846156,1.0,382806,1251,658026,115648,0,0.9664287398471718,0.9664326569532451
0.9359593099280858,0.5385964912280702,0.9967532467532467,0.36899038461538464,1.0,384057,1251,656775,115648,0,0.9664287398471718,0.9664326569532451
0.935845937226603,0.5398773006134969,0.9967637540453075,0.3701923076923077,1.0,385308,1251,655524,115648,0,0.9664287398471718,0.9664326569532451
0.9358099928863471,0.5411558669001751,0.9967741935483871,0.3713942307692308,1.0,386559,1251,654273,115648,0,0.9664287398471718,0.9664326569532451
0.9356011276151458,0.5424321959755031,0.9967845659163987,0.37259615384615385,1.0,387810,1251,653022,115648,0,0.9664287398471718,0.9664326569532451
0.9354861816044564,0.5437062937062938,0.9967948717948718,0.3737980769230769,1.0,389061,1251,651771,115648,0,0.9664287398471718,0.9664326569532451
0.9352349579819293,0.5449781659388646,0.9968051118210862,0.375,1.0,390312,1251,650520,115648,0,0.9664287398471718,0.9664326569532451
0.9351875842993813,0.5462478184991274,0.9968152866242038,0.3762019230769231,1.0,391563,1251,649269,115648,0,0.9664287398471718,0.9664326569532451
0.9350870070524822,0.5475152571926766,0.9968253968253968,0.37740384615384615,1.0,392814,1251,648018,115648,0,0.9664287398471718,0.9664326569532451
0.9349911831124447,0.5487804878048781,0.9968354430379747,0.3786057692307692,1.0,394065,1251,646767,115648,0,0.9664287398471718,0.9664326569532451
0.9348745665794904,0.5500435161009574,0.9968454258675079,0.3798076923076923,1.0,395316,1251,645516,115648,0,0.9664287398471718,0.9664326569532451
0.9345201310419673,0.551304347826087,0.9968553459119497,0.38100961538461536,1.0,396567,1251,644265,115648,0,0.9664287398471718,0.9664326569532451
0.9345104217303613,0.5525629887054735,0.9968652037617555,0.38221153846153844,1.0,397818,1251,643014,115648,0,0.9664287398471718,0.9664326569532451
0.9344370718898762,0.5538194444444444,0.996875,0.38341346153846156,1.0,399069,1251,641763,115648,0,0.9664287398471718,0.9664326569532451
0.9343827199848009,0.5550737207285342,0.9968847352024922,0.38461538461538464,1.0,400320,1251,640512,115648,0,0.9664287398471718,0.9664326569532451
0.9342959219630689,0.5563258232235702,0.9968944099378882,0.3858173076923077,1.0,401571,1251,639261,115648,0,0.9664287398471718,0.9664326569532451
0.9341479190758332,0.5575757575757576,0.9969040247678018,0.3870192307692308,1.0,402822,1251,638010,115648,0,0.9664287398471718,0.9664326569532451
0.934089025756616,0.5588235294117647,0.9969135802469136,0.38822115384615385,1.0,404073,1251,636759,115648,0,0.9664287398471718,0.9664326569532451
0.9337691544120583,0.5600691443388073,0.9969230769230769,0.3894230769230769,1.0,405324,1251,635508,115648,0,0.9664287398471718,0.9664326569532451
0.933512921632456,0.5613126079447323,0.9969325153374233,0.390625,1.0,406575,1251,634257,115648,0,0.9664287398471718,0.9664326569532451
0.9334175159023838,0.5625539257981018,0.9969418960244648,0.3918269230769231,1.0,407826,1251,633006,115648,0,0.9664287398471718,0.9664326569532451
0.9331037168189591,0.5637931034482758,0.9969512195121951,0.39302884615384615,1.0,409077,1251,631755,115648,0,0.9664287398471718,0.9664326569532451
0.9327843787147818,0.5650301464254953,0.9969604863221885,0.3942307692307692,1.0,410328,1251,630504,115648,0,0.9664287398471718,0.9664326569532451
0.9327365127108586,0.5662650602409639,0.996969696969697,0.3954326923076923,1.0,411579,1251,629253,115648,0,0.9664287398471718,0.9664326569532451
0.932635424810987,0.5674978503869303,0.9969788519637462,0.39663461538461536,1.0,412830,1251,628002,115648,0,0.9664287398471718,0.9664326569532451
0.9326298528386707,0.5687285223367697,0.9969879518072289,0.39783653846153844,1.0,414081,1251,626751,115648,0,0.9664287398471718,0.9664326569532451
0.9325615124953824,0.5699570815450644,0.996996996996997,0.39903846153846156,1.0,415332,1251,625500,115648,0,0.9664287398471718,0.9664326569532451
0.9324012246871811,0.5711835334476844,0.9970059880239521,0.40024038461538464,1.0,416583,1251,624249,115648,0,0.9664287398471718,0.9664326569532451
0.9322592215415173,0.572407883461868,0.9970149253731343,0.4014423076923077,1.0,417834,1251,622998,115648,0,0.9664287398471718,0.9664326569532451
0.9322272595552771,0.5736301369863014,0.9970238095238095,0.4026442307692308,1.0,419085,1251,621747,115648,0,0.9664287398471718,0.9664326569532451
0.9320916458372496,0.5748502994011976,0.9970326409495549,0.40384615384615385,1.0,420336,1251,620496,115648,0,0.9664287398471718,0.9664326569532451
0.9319718139564533,0.576068376068376,0.9970414201183432,0.4050480769230769,1.0,421587,1251,619245,115648,0,0.9664287398471718,0.9664326569532451
0.931327735639017,0.5772843723313408,0.9970501474926253,0.40625,1.0,422838,1251,617994,115648,0,0.9664287398471718,0.9664326569532451
0.9312411923016752,0.5784982935153583,0.9970588235294118,0.4074519230769231,1.0,424089,1251,616743,115648,0,0.9664287398471718,0.9664326569532451
0.9311971077896579,0.5797101449275363,0.9970674486803519,0.40865384615384615,1.0,425340,1251,615492,115648,0,0.9664287398471718,0.9664326569532451
0.9310270331718499,0.5809199318568995,0.9970760233918129,0.4098557692307692,1.0,426591,1251,614241,115648,0,0.9664287398471718,0.9664326569532451
0.9310012387802031,0.5821276595744681,0.9970845481049563,0.4110576923076923,1.0,427842,1251,612990,115648,0,0.9664287398471718,0.9664326569532451
0.9308735374909897,0.5833333333333334,0.997093023255814,0.41225961538461536,1.0,429093,1251,611739,115648,0,0.9664287398471718,0.9664326569532451
0.9303050547138851,0.5845369583687341,0.9971014492753624,0.41346153846153844,1.0,430344,1251,610488,115648,0,0.9664287398471718,0.9664326569532451
0.9301532203711917,0.5857385398981324,0.9971098265895953,0.41466346153846156,1.0,431595,1251,609237,115648,0,0.9664287398471718,0.9664326569532451
0.9297767930886272,0.5869380831212893,0.9971181556195965,0.41586538461538464,1.0,432846,1251,607986,115648,0,0.9664287398471718,0.9664326569532451
0.9296146410166286,0.588135593220339,0.9971264367816092,0.4170673076923077,1.0,434097,1251,606735,115648,0,0.9664287398471718,0.9664326569532451
0.9294880609105594,0.5893310753598645,0.997134670487106,0.4182692307692308,1.0,435348,1251,605484,115648,0,0.9664287398471718,0.9664326569532451
0.9292591503439107,0.5905245346869712,0.9971428571428571,0.41947115384615385,1.0,436599,1251,604233,115648,0,0.9664287398471718,0.9664326569532451
0.92923528799657,0.591715976331361,0.9971509971509972,0.4206730769230769,1.0,437850,1251,602982,115648,0,0.9664287398471718,0.9664326569532451
0.9291054123720535,0.5929054054054054,0.9971590909090909,0.421875,1.0,439101,1251,601731,115648,0,0.9664287398471718,0.9664326569532451
0.928846369883126,0.5940928270042194,0.9971671388101983,0.4230769230769231,1.0,440352,1251,600480,115648,0,0.9664287398471718,0.9664326569532451
0.9274998668500616,0.5952782462057336,0.9971751412429378,0.42427884615384615,1.0,441603,1251,599229,115648,0,0.9664287398471718,0.9664326569532451
0.9272885758357405,0.5964616680707666,0.9971830985915493,0.4254807692307692,1.0,442854,1251,597978,115648,0,0.9664287398471718,0.9664326569532451
0.9270542235947152,0.5976430976430976,0.9971910112359551,0.4266826923076923,1.0,444105,1251,596727,115648,0,0.9664287398471718,0.9664326569532451
0.9270131936962129,0.5988225399495374,0.9971988795518207,0.42788461538461536,1.0,445356,1251,595476,115648,0,0.9664287398471718,0.9664326569532451
0.9269969519092267,0.6,0.9972067039106145,0.42908653846153844,1.0,446607,1251,594225,115648,0,0.9664287398471718,0.9664326569532451
0.9268731318943731,0.6011754827875735,0.9972144846796658,0.43028846153846156,1.0,447858,1251,592974,115648,0,0.9664287398471718,0.9664326569532451
0.9267955271808965,0.6023489932885906,0.9972222222222222,0.43149038461538464,1.0,449109,1251,591723,115648,0,0.9664287398471718,0.9664326569532451
0.9264798058291506,0.6035205364626991,0.997229916897507,0.4326923076923077,1.0,450360,1251,590472,115648,0,0.9664287398471718,0.9664326569532451
0.9264118361716844,0.6046901172529313,0.9972375690607734,0.4338942307692308,1.0,451611,1251,589221,115648,0,0.9664287398471718,0.9664326569532451
0.926359289639123,0.605857740585774,0.9972451790633609,0.43509615384615385,1.0,452862,1251,587970,115648,0,0.9664287398471718,0.9664326569532451
0.9263003314512007,0.6070234113712375,0.9972527472527473,0.4362980769230769,1.0,454113,1251,586719,115648,0,0.9664287398471718,0.9664326569532451
0.9257644048871752,0.6081871345029239,0.9972602739726028,0.4375,1.0,455364,1251,585468,115648,0,0.9664287398471718,0.9664326569532451
0.925690086417303,0.6093489148580968,0.9972677595628415,0.4387019230769231,1.0,456615,1251,584217,115648,0,0.9664287398471718,0.9664326569532451
0.9254620906601422,0.6105087572977481,0.997275204359673,0.43990384615384615,1.0,457866,1251,582966,115648,0,0.9664287398471718,0.9664326569532451
0.9245832445697841,0.6116666666666667,0.9972826086956522,0.4411057692307692,1.0,459117,1251,581715,115648,0,0.9664287398471718,0.9664326569532451
0.9244897694897867,0.6128226477935054,0.997289972899729,0.4423076923076923,1.0,460368,1251,580464,115648,0,0.9664287398471718,0.9664326569532451
0.923361884086384,0.6139767054908486,0.9972972972972973,0.44350961538461536,1.0,461619,1251,579213,115648,0,0.9664287398471718,0.9664326569532451
0.9232045080132643,0.6151288445552785,0.9973045822102425,0.44471153846153844,1.0,462870,1251,577962,115648,0,0.9664287398471718,0.9664326569532451
0.9223753361713859,0.6162790697674418,0.9973118279569892,0.44591346153846156,1.0,464121,1251,576711,115648,0,0.9664287398471718,0.9664326569532451
0.9223109598861505,0.6174273858921162,0.9973190348525469,0.44711538461538464,1.0,465372,1251,575460,115648,0,0.9664287398471718,0.9664326569532451
0.9222758574871701,0.6185737976782753,0.9973262032085561,0.4483173076923077,1.0,466623,1251,574209,115648,0,0.9664287398471718,0.9664326569532451
0.9219069851819794,0.6197183098591549,0.9973333333333333,0.4495192307692308,1.0,467874,1251,572958,115648,0,0.9664287398471718,0.9664326569532451
0.9209974049323202,0.6208609271523179,0.9973404255319149,0.45072115384615385,1.0,469125,1251,571707,115648,0,0.9664287398471718,0.9664326569532451
0.9209512846900536,0.6220016542597188,0.9973474801061007,0.4519230769230769,1.0,470376,1251,570456,115648,0,0.9664287398471718,0.9664326569532451
0.9203370552764083,0.6231404958677685,0.9973544973544973,0.453125,1.0,471627,1251,569205,115648,0,0.9664287398471718,0.9664326569532451
0.9202272095770321,0.6242774566473989,0.9973614775725593,0.4543269230769231,1.0,472878,1251,567954,115648,0,0.9664287398471718,0.9664326569532451
0.9201350170419812,0.6254125412541254,0.9973684210526316,0.45552884615384615,1.0,474129,1251,566703,115648,0,0.9664287398471718,0.9664326569532451
0.9198540636777741,0.6265457543281121,0.9973753280839895,0.4567307692307692,1.0,475380,1251,565452,115648,0,0.9664287398471718,0.9664326569532451
0.919696911592333,0.627677100494234,0.9973821989528796,0.4579326923076923,1.0,476631,1251,564201,115648,0,0.9664287398471718,0.9664326569532451
0.919591429635346,0.6288065843621399,0.9973890339425587,0.45913461538461536,1.0,477882,1251,562950,115648,0,0.9664287398471718,0.9664326569532451
0.919458227156358,0.6299342105263158,0.9973958333333334,0.46033653846153844,1.0,479133,1251,561699,115648,0,0.9664287398471718,0.9664326569532451
0.9194281061751681,0.6310599835661462,0.9974025974025974,0.46153846153846156,1.0,480384,1251,560448,115648,0,0.9664287398471718,0.9664326569532451
0.9193882930055554,0.632183908045977,0.9974093264248705,0.46274038461538464,1.0,481635,1251,559197,115648,0,0.9664287398471718,0.9664326569532451
0.9193528753162937,0.6333059885151764,0.9974160206718347,0.4639423076923077,1.0,482886,1251,557946,115648,0,0.9664287398471718,0.9664326569532451
0.9189951534663557,0.6344262295081967,0.9974226804123711,0.4651442307692308,1.0,484137,1251,556695,115648,0,0.9664287398471718,0.9664326569532451
0.9184376931834588,0.6355446355446356,0.9974293059125964,0.46634615384615385,1.0,485388,1251,555444,115648,0,0.9664287398471718,0.9664326569532451
0.9182388225857514,0.6366612111292962,0.9974358974358974,0.4675480769230769,1.0,486639,1251,554193,115648,0,0.9664287398471718,0.9664326569532451
0.9181435276133778,0.6377759607522485,0.9974424552429667,0.46875,1.0,487890,1251,552942,115648,0,0.9664287398471718,0.9664326569532451
0.9173558229339573,0.6388888888888888,0.9974489795918368,0.4699519230769231,1.0,489141,1251,551691,115648,0,0.9664287398471718,0.9664326569532451
0.9169110418081685,0.64,0.9974554707379135,0.47115384615384615,1.0,490392,1251,550440,115648,0,0.9664287398471718,0.9664326569532451
0.9163128623064896,0.6411092985318108,0.9974619289340102,0.4723557692307692,1.0,491643,1251,549189,115648,0,0.9664287398471718,0.9664326569532451
0.9157111307433465,0.6422167889160554,0.9974683544303797,0.4735576923076923,1.0,492894,1251,547938,115648,0,0.9664287398471718,0.9664326569532451
0.9156781394814874,0.6433224755700325,0.9974747474747475,0.47475961538461536,1.0,494145,1251,546687,115648,0,0.9664287398471718,0.9664326569532451
0.915675702458333,0.644426362896664,0.9974811083123426,0.47596153846153844,1.0,495396,1251,545436,115648,0,0.9664287398471718,0.9664326569532451
0.9152824932909855,0.6455284552845528,0.9974874371859297,0.47716346153846156,1.0,496647,1251,544185,115648,0,0.9664287398471718,0.9664326569532451
0.9150220912964104,0.6466287571080422,0.9974937343358395,0.47836538461538464,1.0,497898,1251,542934,115648,0,0.9664287398471718,0.9664326569532451
0.91464532334868,0.6477272727272727,0.9975,0.4795673076923077,1.0,499149,1251,541683,115648,0,0.9664287398471718,0.9664326569532451
0.9144131978366177,0.64882400648824,0.9975062344139651,0.4807692307692308,1.0,500400,1251,540432,115648,0,0.9664287398471718,0.9664326569532451
0.9143429661853297,0.6499189627228525,0.9975124378109452,0.48197115384615385,1.0,501651,1251,539181,115648,0,0.9664287398471718,0.9664326569532451
0.9141190309661705,0.6510121457489878,0.9975186104218362,0.4831730769230769,1.0,502902,1251,537930,115648,0,0.9664287398471718,0.9664326569532451
0.9140433365630765,0.6521035598705501,0.9975247524752475,0.484375,1.0,504153,1251,536679,115648,0,0.9664287398471718,0.9664326569532451
0.9138402003207318,0.6531932093775262,0.9975308641975309,0.4855769230769231,1.0,505404,1251,535428,115648,0,0.9664287398471718,0.9664326569532451
0.913267921263031,0.654281098546042,0.9975369458128078,0.48677884615384615,1.0,506655,1251,534177,115648,0,0.9664287398471718,0.9664326569532451
0.9132246812948008,0.655367231638418,0.9975429975429976,0.4879807692307692,1.0,507906,1251,532926,115648,0,0.9664287398471718,0.9664326569532451
0.913158063234883,0.6564516129032258,0.9975490196078431,0.4891826923076923,1.0,509157,1251,531675,115648,0,0.9664287398471718,0.9664326569532451
0.91310693973357,0.6575342465753424,0.9975550122249389,0.49038461538461536,1.0,510408,1251,530424,115648,0,0.9664287398471718,0.9664326569532451
0.9130182582815555,0.6586151368760065,0.9975609756097561,0.49158653846153844,1.0,511659,1251,529173,115648,0,0.9664287398471718,0.9664326569532451
0.9128021564704429,0.6596942880128721,0.9975669099756691,0.49278846153846156,1.0,512910,1251,527922,115648,0,0.9664287398471718,0.9664326569532451
0.9124281172356312,0.6607717041800643,0.9975728155339806,0.49399038461538464,1.0,514161,1251,526671,115648,0,0.9664287398471718,0.9664326569532451
0.9123162114706735,0.661847389558233,0.9975786924939467,0.4951923076923077,1.0,515412,1251,525420,115648,0,0.9664287398471718,0.9664326569532451
0.9123098052985978,0.6629213483146067,0.9975845410628019,0.4963942307692308,1.0,516663,1251,524169,115648,0,0.9664287398471718,0.9664326569532451
0.9121917139689724,0.6639935846030474,0.9975903614457832,0.49759615384615385,1.0,517914,1251,522918,115648,0,0.9664287398471718,0.9664326569532451
0.9119551553422875,0.6650641025641025,0.9975961538461539,0.4987980769230769,1.0,519165,1251,521667,115648,0,0.9664287398471718,0.9664326569532451
0.9117189603243621,0.6661329063250601,0.9976019184652278,0.5,1.0,520416,1251,520416,115648,0,0.9664287398471718,0.9664326569532451
0.9113579111118724,0.6672,0.9976076555023924,0.5012019230769231,1.0,521667,1251,519165,115648,0,0.9664287398471718,0.9664326569532451
0.9113073571357425,0.6682653876898481,0.9976133651551312,0.5024038461538461,1.0,522918,1251,517914,115648,0,0.9664287398471718,0.9664326569532451
0.9104263115357195,0.6693290734824281,0.9976190476190476,0.5036057692307693,1.0,524169,1251,516663,115648,0,0.9664287398471718,0.9664326569532451
0.9103497622887248,0.6703910614525139,0.997624703087886,0.5048076923076923,1.0,525420,1251,515412,115648,0,0.9664287398471718,0.9664326569532451
0.9098547141587681,0.671451355661882,0.9976303317535545,0.5060096153846154,1.0,526671,1251,514161,115648,0,0.9664287398471718,0.9664326569532451
0.909526943411761,0.6725099601593626,0.9976359338061466,0.5072115384615384,1.0,527922,1251,512910,115648,0,0.9664287398471718,0.9664326569532451
0.9095010801541945,0.6735668789808917,0.9976415094339622,0.5084134615384616,1.0,529173,1251,511659,115648,0,0.9664287398471718,0.9664326569532451
0.9094782751953417,0.6746221161495625,0.9976470588235294,0.5096153846153846,1.0,530424,1251,510408,115648,0,0.9664287398471718,0.9664326569532451
0.9093928615320057,0.6756756756756757,0.9976525821596244,0.5108173076923077,1.0,531675,1251,509157,115648,0,0.9664287398471718,0.9664326569532451
0.9091769578732131,0.6767275615567911,0.9976580796252927,0.5120192307692307,1.0,532926,1251,507906,115648,0,0.9664287398471718,0.9664326569532451
0.9079493640727615,0.6777777777777778,0.9976635514018691,0.5132211538461539,1.0,534177,1251,506655,115648,0,0.9664287398471718,0.9664326569532451
0.9073578911316802,0.6788263283108644,0.9976689976689976,0.5144230769230769,1.0,535428,1251,505404,115648,0,0.9664287398471718,0.9664326569532451
0.9068152107225932,0.6798732171156894,0.9976744186046511,0.515625,1.0,536679,1251,504153,115648,0,0.9664287398471718,0.9664326569532451
0.9067925833045173,0.6809184481393508,0.9976798143851509,0.5168269230769231,1.0,537930,1251,502902,115648,0,0.9664287398471718,0.9664326569532451
0.9067836138673357,0.6819620253164557,0.9976851851851852,0.5180288461538461,1.0,539181,1251,501651,115648,0,0.9664287398471718,0.9664326569532451
0.9067656224789152,0.68300395256917,0.9976905311778291,0.5192307692307693,1.0,540432,1251,500400,115648,0,0.9664287398471718,0.9664326569532451
0.9066476159104556,0.684044233807267,0.9976958525345622,0.5204326923076923,1.0,541683,1251,499149,115648,0,0.9664287398471718,0.9664326569532451
0.9066020793549261,0.6850828729281768,0.9977011494252873,0.5216346153846154,1.0,542934,1251,497898,115648,0,0.9664287398471718,0.9664326569532451
0.9065136866261185,0.6861198738170347,0.9977064220183486,0.5228365384615384,1.0,544185,1251,496647,115648,0,0.9664287398471718,0.9664326569532451
0.9063123220373595,0.6871552403467297,0.9977116704805492,0.5240384615384616,1.0,545436,1251,495396,115648,0,0.9664287398471718,0.9664326569532451
0.9057847967052386,0.6881889763779527,0.997716894977169,0.5252403846153846,1.0,546687,1251,494145,115648,0,0.9664287398471718,0.9664326569532451
0.9056407458352339,0.6892210857592447,0.9977220956719818,0.5264423076923077,1.0,547938,1251,492894,115648,0,0.9664287398471718,0.9664326569532451
0.9055958271462723,0.690251572327044,0.9977272727272727,0.5276442307692307,1.0,549189,1251,491643,115648,0,0.9664287398471718,0.9664326569532451
0.9055613926856265,0.6912804399057345,0.9977324263038548,0.5288461538461539,1.0,550440,1251,490392,115648,0,0.9664287398471718,0.9664326569532451
0.9054845385677834,0.6923076923076923,0.997737556561086,0.5300480769230769,1.0,551691,1251,489141,115648,0,0.9664287398471718,0.9664326569532451
0.905401776325155,0.6933333333333334,0.9977426636568849,0.53125,1.0,552942,1251,487890,115648,0,0.9664287398471718,0.9664326569532451
0.9042221882686139,0.6943573667711599,0.9977477477477478,0.5324519230769231,1.0,554193,1251,486639,115648,0,0.9664287398471718,0.9664326569532451
0.9039223279930375,0.6953797963978073,0.9977528089887641,0.5336538461538461,1.0,555444,1251,485388,115648,0,0.9664287398471718,0.9664326569532451
0.9038374988103273,0.6964006259780907,0.9977578475336323,0.5348557692307693,1.0,556695,1251,484137,115648,0,0.9664287398471718,0.9664326569532451
0.9037950476175864,0.6974198592650508,0.9977628635346756,0.5360576923076923,1.0,557946,1251,482886,115648,0,0.9664287398471718,0.9664326569532451
0.9030520798042803,0.6984375,0.9977678571428571,0.5372596153846154,1.0,559197,1251,481635,115648,0,0.9664287398471718,0.9664326569532451
0.9028740285791255,0.6994535519125683,0.9977728285077951,0.5384615384615384,1.0,560448,1251,480384,115648,0,0.9664287398471718,0.9664326569532451
0.9018670691731234,0.7004680187207488,0.9977777777777778,0.5396634615384616,1.0,561699,1251,479133,115648,0,0.9664287398471718,0.9664326569532451
0.9018480567725875,0.7014809041309431,0.9977827050997783,0.5408653846153846,1.0,562950,1251,477882,115648,0,0.9664287398471718,0.9664326569532451
0.9016686933362581,0.7024922118380063,0.9977876106194691,0.5420673076923077,1.0,564201,1251,476631,115648,0,0.9664287398471718,0.9664326569532451
0.9015028965429119,0.7035019455252919,0.9977924944812362,0.5432692307692307,1.0,565452,1251,475380,115648,0,0.9664287398471718,0.9664326569532451
0.901111520936956,0.7045101088646968,0.9977973568281938,0.5444711538461539,1.0,566703,1251,474129,115648,0,0.9664287398471718,0.9664326569532451
0.9010481109403828,0.7055167055167055,0.9978021978021978,0.5456730769230769,1.0,567954,1251,472878,115648,0,0.9664287398471718,0.9664326569532451
0.9010352763173494,0.7065217391304348,0.9978070175438597,0.546875,1.0,569205,1251,471627,115648,0,0.9664287398471718,0.9664326569532451
0.9006583430587456,0.7075252133436772,0.9978118161925602,0.5480769230769231,1.0,570456,1251,470376,115648,0,0.9664287398471718,0.9664326569532451
0.9005512327239654,0.7085271317829457,0.9978165938864629,0.5492788461538461,1.0,571707,1251,469125,115648,0,0.9664287398471718,0.9664326569532451
0.9001331697588397,0.7095274980635167,0.9978213507625272,0.5504807692307693,1.0,572958,1251,467874,115648,0,0.9664287398471718,0.9664326569532451
0.9000832274892738,0.7105263157894737,0.9978260869565218,0.5516826923076923,1.0,574209,1251,466623,115648,0,0.9664287398471718,0.9664326569532451
0.9000739245339946,0.711523588553751,0.9978308026030369,0.5528846153846154,1.0,575460,1251,465372,115648,0,0.9664287398471718,0.9664326569532451
0.8996759989113234,0.7125193199381762,0.9978354978354979,0.5540865384615384,1.0,576711,1251,464121,115648,0,0.9664287398471718,0.9664326569532451
0.8992033925852115,0.7135135135135136,0.9978401727861771,0.5552884615384616,1.0,577962,1251,462870,115648,0,0.9664287398471718,0.9664326569532451
0.899128823352489,0.7145061728395061,0.9978448275862069,0.5564903846153846,1.0,579213,1251,461619,115648,0,0.9664287398471718,0.9664326569532451
0.8989917544489503,0.7154973014649191,0.9978494623655914,0.5576923076923077,1.0,580464,1251,460368,115648,0,0.9664287398471718,0.9664326569532451
0.8989905390914255,0.7164869029275809,0.9978540772532188,0.5588942307692307,1.0,581715,1251,459117,115648,0,0.9664287398471718,0.9664326569532451
0.8987085875394243,0.7174749807544265,0.9978586723768736,0.5600961538461539,1.0,582966,1251,457866,115648,0,0.9664287398471718,0.9664326569532451
0.8986907333556426,0.7184615384615385,0.9978632478632479,0.5612980769230769,1.0,584217,1251,456615,115648,0,0.9664287398471718,0.9664326569532451
0.8985832305262501,0.7194465795541891,0.997867803837953,0.5625,1.0,585468,1251,455364,115648,0,0.9664287398471718,0.9664326569532451
0.8980139747187856,0.7204301075268817,0.997872340425532,0.5637019230769231,1.0,586719,1251,454113,115648,0,0.9664287398471718,0.9664326569532451
0.8966020077175829,0.7214121258633922,0.9978768577494692,0.5649038461538461,1.0,587970,1251,452862,115648,0,0.9664287398471718,0.9664326569532451
0.8965013023132584,0.7223926380368099,0.9978813559322034,0.5661057692307693,1.0,589221,1251,451611,115648,0,0.9664287398471718,0.9664326569532451
0.8964524268433298,0.7233716475095785,0.9978858350951374,0.5673076923076923,1.0,590472,1251,450360,115648,0,0.9664287398471718,0.9664326569532451
0.8956639286380879,0.7243491577335375,0.9978902953586498,0.5685096153846154,1.0,591723,1251,449109,115648,0,0.9664287398471718,0.9664326569532451
0.8950348173165865,0.7253251721499617,0.9978947368421053,0.5697115384615384,1.0,592974,1251,447858,115648,0,0.9664287398471718,0.9664326569532451
0.894640628714044,0.7262996941896025,0.9978991596638656,0.5709134615384616,1.0,594225,1251,446607,115648,0,0.9664287398471718,0.9664326569532451
0.8944498817801663,0.7272727272727273,0.9979035639412998,0.5721153846153846,1.0,595476,1251,445356,115648,0,0.9664287398471718,0.9664326569532451
0.894049329687177,0.7282442748091603,0.997907949790795,0.5733173076923077,1.0,596727,1251,444105,115648,0,0.9664287398471718,0.9664326569532451
0.8937401272944633,0.7292143401983219,0.9979123173277662,0.5745192307692307,1.0,597978,1251,442854,115648,0,0.9664287398471718,0.9664326569532451
0.893246178837471,0.7301829268292683,0.9979166666666667,0.5757211538461539,1.0,599229,1251,441603,115648,0,0.9664287398471718,0.9664326569532451
0.8930725757794242,0.7311500380807312,0.997920997920998,0.5769230769230769,1.0,600480,1251,440352,115648,0,0.9664287398471718,0.9664326569532451
0.8929535516051899,0.7321156773211568,0.9979253112033195,0.578125,1.0,601731,1251,439101,115648,0,0.9664287398471718,0.9664326569532451
0.8926704153933209,0.7330798479087453,0.9979296066252588,0.5793269230769231,1.0,602982,1251,437850,115648,0,0.9664287398471718,0.9664326569532451
0.8926030198999886,0.7340425531914894,0.9979338842975206,0.5805288461538461,1.0,604233,1251,436599,115648,0,0.9664287398471718,0.9664326569532451
0.8910077429684389,0.7350037965072134,0.9979381443298969,0.5817307692307693,1.0,605484,1251,435348,115648,0,0.9664287398471718,0.9664326569532451
0.8907148791755863,0.7359635811836115,0.9979423868312757,0.5829326923076923,1.0,606735,1251,434097,115648,0,0.9664287398471718,0.9664326569532451
0.8906563338977231,0.7369219105382866,0.997946611909651,0.5841346153846154,1.0,607986,1251,432846,115648,0,0.9664287398471718,0.9664326569532451
0.8898097665204829,0.7378787878787879,0.9979508196721312,0.5853365384615384,1.0,609237,1251,431595,115648,0,0.9664287398471718,0.9664326569532451
0.8895229836265346,0.7388342165026495,0.9979550102249489,0.5865384615384616,1.0,610488,1251,430344,115648,0,0.9664287398471718,0.9664326569532451
0.8887631830467859,0.7397881996974282,0.9979591836734694,0.5877403846153846,1.0,611739,1251,429093,115648,0,0.9664287398471718,0.9664326569532451
0.8882238561038052,0.7407407407407407,0.9979633401221996,0.5889423076923077,1.0,612990,1251,427842,115648,0,0.9664287398471718,0.9664326569532451
0.8882135137783068,0.7416918429003021,0.9979674796747967,0.5901442307692307,1.0,614241,1251,426591,115648,0,0.9664287398471718,0.9664326569532451
0.8878564987073394,0.7426415094339622,0.9979716024340771,0.5913461538461539,1.0,615492,1251,425340,115648,0,0.9664287398471718,0.9664326569532451
0.8878227497506417,0.7435897435897436,0.9979757085020243,0.5925480769230769,1.0,616743,1251,424089,115648,0,0.9664287398471718,0.9664326569532451
0.8877703505911985,0.7445365486058779,0.997979797979798,0.59375,1.0,617994,1251,422838,115648,0,0.9664287398471718,0.9664326569532451
0.8874071781380714,0.7454819277108434,0.9979838709677419,0.5949519230769231,1.0,619245,1251,421587,115648,0,0.9664287398471718,0.9664326569532451
0.8868666570078251,0.746425884123401,0.9979879275653923,0.5961538461538461,1.0,620496,1251,420336,115648,0,0.9664287398471718,0.9664326569532451
0.8868194221971868,0.7473684210526316,0.9979919678714859,0.5973557692307693,1.0,621747,1251,419085,115648,0,0.9664287398471718,0.9664326569532451
0.88678073854696,0.7483095416979715,0.9979959919839679,0.5985576923076923,1.0,622998,1251,417834,115648,0,0.9664287398471718,0.9664326569532451
0.8860345169095492,0.7492492492492493,0.998,0.5997596153846154,1.0,624249,1251,416583,115648,0,0.9664287398471718,0.9664326569532451
0.8858377533287081,0.7501875468867217,0.998003992015968,0.6009615384615384,1.0,625500,1251,415332,115648,0,0.9664287398471718,0.9664326569532451
0.8853283078299363,0.7511244377811095,0.99800796812749,0.6021634615384616,1.0,626751,1251,414081,115648,0,0.9664287398471718,0.9664326569532451
0.8852319263213442,0.752059925093633,0.9980119284294234,0.6033653846153846,1.0,628002,1251,412830,115648,0,0.9664287398471718,0.9664326569532451
0.8847816290510169,0.7529940119760479,0.998015873015873,0.6045673076923077,1.0,629253,1251,411579,115648,0,0.9664287398471718,0.9664326569532451
0.8847233964736376,0.7539267015706806,0.998019801980198,0.6057692307692307,1.0,630504,1251,410328,115648,0,0.9664287398471718,0.9664326569532451
0.8842008422594826,0.7548579970104634,0.9980237154150198,0.6069711538461539,1.0,631755,1251,409077,115648,0,0.9664287398471718,0.9664326569532451
0.8839842248177052,0.7557879014189693,0.9980276134122288,0.6081730769230769,1.0,633006,1251,407826,115648,0,0.9664287398471718,0.9664326569532451
0.8839150081932753,0.7567164179104477,0.9980314960629921,0.609375,1.0,634257,1251,406575,115648,0,0.9664287398471718,0.9664326569532451
0.882487173465275,0.7576435495898584,0.9980353634577603,0.6105769230769231,1.0,635508,1251,405324,115648,0,0.9664287398471718,0.9664326569532451
0.8824671827916698,0.7585692995529061,0.9980392156862745,0.6117788461538461,1.0,636759,1251,404073,115648,0,0.9664287398471718,0.9664326569532451
0.8823468877164586,0.759493670886076,0.9980430528375733,0.6129807692307693,1.0,638010,1251,402822,115648,0,0.9664287398471718,0.9664326569532451
0.8819803999253741,0.7604166666666666,0.998046875,0.6141826923076923,1.0,639261,1251,401571,115648,0,0.9664287398471718,0.9664326569532451
0.8817010075513536,0.7613382899628253,0.9980506822612085,0.6153846153846154,1.0,640512,1251,400320,115648,0,0.9664287398471718,0.9664326569532451
0.8815905125685635,0.7622585438335809,0.9980544747081712,0.6165865384615384,1.0,641763,1251,399069,115648,0,0.9664287398471718,0.9664326569532451
0.8814359855655074,0.7631774313288789,0.9980582524271845,0.6177884615384616,1.0,643014,1251,397818,115648,0,0.9664287398471718,0.9664326569532451
0.8812992016548303,0.7640949554896143,0.998062015503876,0.6189903846153846,1.0,644265,1251,396567,115648,0,0.9664287398471718,0.9664326569532451
0.8809568022489396,0.765011119347665,0.9980657640232108,0.6201923076923077,1.0,645516,1251,395316,115648,0,0.9664287398471718,0.9664326569532451
0.8804682598520721,0.7659259259259259,0.9980694980694981,0.6213942307692307,1.0,646767,1251,394065,115648,0,0.9664287398471718,0.9664326569532451
0.880163043221541,0.7668393782383419,0.9980732177263969,0.6225961538461539,1.0,648018,1251,392814,115648,0,0.9664287398471718,0.9664326569532451
0.8801242113111118,0.7677514792899408,0.9980769230769231,0.6237980769230769,1.0,649269,1251,391563,115648,0,0.9664287398471718,0.9664326569532451
0.8798124223480627,0.7686622320768662,0.9980806142034548,0.625,1.0,650520,1251,390312,115648,0,0.9664287398471718,0.9664326569532451
0.879388772547478,0.7695716395864106,0.9980842911877394,0.6262019230769231,1.0,651771,1251,389061,115648,0,0.9664287398471718,0.9664326569532451
0.8790304777663664,0.770479704797048,0.9980879541108987,0.6274038461538461,1.0,653022,1251,387810,115648,0,0.9664287398471718,0.9664326569532451
0.8787885549101897,0.7713864306784661,0.9980916030534351,0.6286057692307693,1.0,654273,1251,386559,115648,0,0.9664287398471718,0.9664326569532451
0.878510068795921,0.7722918201915991,0.9980952380952381,0.6298076923076923,1.0,655524,1251,385308,115648,0,0.9664287398471718,0.9664326569532451
0.8784092828437837,0.7731958762886598,0.9980988593155894,0.6310096153846154,1.0,656775,1251,384057,115648,0,0.9664287398471718,0.9664326569532451
0.8783087095783325,0.7740986019131715,0.9981024667931688,0.6322115384615384,1.0,658026,1251,382806,115648,0,0.9664287398471718,0.9664326569532451
0.8773189307683344,0.775,0.9981060606060606,0.6334134615384616,1.0,659277,1251,381555,115648,0,0.9664287398471718,0.9664326569532451
0.8768041558353856,0.7759000734753857,0.998109640831758,0.6346153846153846,1.0,660528,1251,380304,115648,0,0.9664287398471718,0.9664326569532451
0.8767532204617101,0.7767988252569751,0.9981132075471698,0.6358173076923077,1.0,661779,1251,379053,115648,0,0.9664287398471718,0.9664326569532451
0.8755570787949025,0.7776962582538518,0.9981167608286252,0.6370192307692307,1.0,663030,1251,377802,115648,0,0.9664287398471718,0.9664326569532451
0.8753391445487164,0.7785923753665689,0.9981203007518797,0.6382211538461539,1.0,664281,1251,376551,115648,0,0.9664287398471718,0.9664326569532451
0.8742297184459771,0.7794871794871795,0.99812382739212,0.6394230769230769,1.0,665532,1251,375300,115648,0,0.9664287398471718,0.9664326569532451
0.8739689643496706,0.780380673499268,0.99812734082397,0.640625,1.0,666783,1251,374049,115648,0,0.9664287398471718,0.9664326569532451
0.8736687850324494,0.7812728602779809,0.9981308411214953,0.6418269230769231,1.0,668034,1251,372798,115648,0,0.9664287398471718,0.9664326569532451
0.8733602350983897,0.7821637426900585,0.9981343283582089,0.6430288461538461,1.0,669285,1251,371547,115648,0,0.9664287398471718,0.9664326569532451
0.8733282805107001,0.7830533235938641,0.9981378026070763,0.6442307692307693,1.0,670536,1251,370296,115648,0,0.9664287398471718,0.9664326569532451
0.8732486629061169,0.7839416058394161,0.9981412639405205,0.6454326923076923,1.0,671787,1251,369045,115648,0,0.9664287398471718,0.9664326569532451
0.8730614481189084,0.7848285922684172,0.9981447124304267,0.6466346153846154,1.0,673038,1251,367794,115648,0,0.9664287398471718,0.9664326569532451
0.8715263996263881,0.7857142857142857,0.9981481481481481,0.6478365384615384,1.0,674289,1251,366543,115648,0,0.9664287398471718,0.9664326569532451
0.8714771426695914,0.786598689002185,0.9981515711645101,0.6490384615384616,1.0,675540,1251,365292,115648,0,0.9664287398471718,0.9664326569532451
0.8712687036471476,0.7874818049490538,0.9981549815498155,0.6502403846153846,1.0,676791,1251,364041,115648,0,0.9664287398471718,0.9664326569532451
0.8700770784985958,0.7883636363636364,0.998158379373849,0.6514423076923077,1.0,678042,1251,362790,115648,0,0.9664287398471718,0.9664326569532451
0.8698162670594373,0.7892441860465116,0.9981617647058824,0.6526442307692307,1.0,679293,1251,361539,115648,0,0.9664287398471718,0.9664326569532451
0.8690926960850179,0.7901234567901234,0.998165137614679,0.6538461538461539,1.0,680544,1251,360288,115648,0,0.9664287398471718,0.9664326569532451
0.8690688672399014,0.7910014513788098,0.9981684981684982,0.6550480769230769,1.0,681795,1251,359037,115648,0,0.9664287398471718,0.9664326569532451
0.8681535635522126,0.7918781725888325,0.9981718464351006,0.65625,1.0,683046,1251,357786,115648,0,0.9664287398471718,0.9664326569532451
0.8679499523404126,0.7927536231884058,0.9981751824817519,0.6574519230769231,1.0,684297,1251,356535,115648,0,0.9664287398471718,0.9664326569532451
0.8678946271690815,0.7936278059377263,0.9981785063752276,0.6586538461538461,1.0,685548,1251,355284,115648,0,0.9664287398471718,0.9664326569532451
0.8677641665149887,0.7945007235890015,0.9981818181818182,0.6598557692307693,1.0,686799,1251,354033,115648,0,0.9664287398471718,0.9664326569532451
0.8673316177694645,0.7953723788864787,0.9981851179673321,0.6610576923076923,1.0,688050,1251,352782,115648,0,0.9664287398471718,0.9664326569532451
0.8665320681649317,0.796242774566474,0.9981884057971014,0.6622596153846154,1.0,689301,1251,351531,115648,0,0.9664287398471718,0.9664326569532451
0.866476778374905,0.7971119133574007,0.9981916817359855,0.6634615384615384,1.0,690552,1251,350280,115648,0,0.9664287398471718,0.9664326569532451
0.8661080478049464,0.797979797979798,0.9981949458483754,0.6646634615384616,1.0,691803,1251,349029,115648,0,0.9664287398471718,0.9664326569532451
0.866029527915638,0.798846431146359,0.9981981981981982,0.6658653846153846,1.0,693054,1251,347778,115648,0,0.9664287398471718,0.9664326569532451
0.8659336780781903,0.7997118155619597,0.9982014388489209,0.6670673076923077,1.0,694305,1251,346527,115648,0,0.9664287398471718,0.9664326569532451
0.865276451933133,0.8005759539236861,0.9982046678635548,0.6682692307692307,1.0,695556,1251,345276,115648,0,0.9664287398471718,0.9664326569532451
0.8651647657523325,0.8014388489208633,0.9982078853046595,0.6694711538461539,1.0,696807,1251,344025,115648,0,0.9664287398471718,0.9664326569532451
0.8646434800695451,0.8023005032350827,0.998211091234347,0.6706730769230769,1.0,698058,1251,342774,115648,0,0.9664287398471718,0.9664326569532451
0.8643304665695963,0.8031609195402298,0.9982142857142857,0.671875,1.0,699309,1251,341523,115648,0,0.9664287398471718,0.9664326569532451
0.8638570638753196,0.8040201005025126,0.9982174688057041,0.6730769230769231,1.0,700560,1251,340272,115648,0,0.9664287398471718,0.9664326569532451
0.8626549052994913,0.8048780487804879,0.998220640569395,0.6742788461538461,1.0,701811,1251,339021,115648,0,0.9664287398471718,0.9664326569532451
0.8609012824180667,0.8057347670250896,0.9982238010657194,0.6754807692307693,1.0,703062,1251,337770,115648,0,0.9664287398471718,0.9664326569532451
0.8608046229098812,0.8065902578796562,0.99822695035461,0.6766826923076923,1.0,704313,1251,336519,115648,0,0.9664287398471718,0.9664326569532451
0.8607068867897633,0.807444523979957,0.9982300884955753,0.6778846153846154,1.0,705564,1251,335268,115648,0,0.9664287398471718,0.9664326569532451
0.8605295427968963,0.8082975679542204,0.9982332155477032,0.6790865384615384,1.0,706815,1251,334017,115648,0,0.9664287398471718,0.9664326569532451
0.8593887338131235,0.8091493924231594,0.9982363315696648,0.6802884615384616,1.0,708066,1251,332766,115648,0,0.9664287398471718,0.9664326569532451
0.8593868254765562,0.81,0.9982394366197183,0.6814903846153846,1.0,709317,1251,331515,115648,0,0.9664287398471718,0.9664326569532451
0.8591286634704518,0.8108493932905068,0.9982425307557118,0.6826923076923077,1.0,710568,1251,330264,115648,0,0.9664287398471718,0.9664326569532451
0.8590371352554753,0.81169757489301,0.9982456140350877,0.6838942307692307,1.0,711819,1251,329013,115648,0,0.9664287398471718,0.9664326569532451
0.8585395454813833,0.812544547398432,0.9982486865148862,0.6850961538461539,1.0,713070,1251,327762,115648,0,0.9664287398471718,0.9664326569532451
0.8583727063464044,0.8133903133903134,0.9982517482517482,0.6862980769230769,1.0,714321,1251,326511,115648,0,0.9664287398471718,0.9664326569532451
0.8577605213945143,0.8142348754448399,0.9982547993019197,0.6875,1.0,715572,1251,325260,115648,0,0.9664287398471718,0.9664326569532451
0.8577409399435474,0.8150782361308677,0.9982578397212544,0.6887019230769231,1.0,716823,1251,324009,115648,0,0.9664287398471718,0.9664326569532451
0.8574470227220494,0.8159203980099502,0.9982608695652174,0.6899038461538461,1.0,718074,1251,322758,115648,0,0.9664287398471718,0.9664326569532451
0.8553705842222419,0.8167613636363636,0.9982638888888888,0.6911057692307693,1.0,719325,1251,321507,115648,0,0.9664287398471718,0.9664326569532451
0.8550758262404106,0.8176011355571328,0.9982668977469671,0.6923076923076923,1.0,720576,1251,320256,115648,0,0.9664287398471718,0.9664326569532451
0.8541829650732089,0.8184397163120567,0.9982698961937716,0.6935096153846154,1.0,721827,1251,319005,115648,0,0.9664287398471718,0.9664326569532451
0.8537832501181415,0.8192771084337349,0.998272884283247,0.6947115384615384,1.0,723078,1251,317754,115648,0,0.9664287398471718,0.9664326569532451
0.8525714289488742,0.8201133144475921,0.9982758620689656,0.6959134615384616,1.0,724329,1251,316503,115648,0,0.9664287398471718,0.9664326569532451
0.8514622015760989,0.8209483368719037,0.9982788296041308,0.6971153846153846,1.0,725580,1251,315252,115648,0,0.9664287398471718,0.9664326569532451
0.8507631401929872,0.8217821782178217,0.9982817869415808,0.6983173076923077,1.0,726831,1251,314001,115648,0,0.9664287398471718,0.9664326569532451
0.850190899959854,0.8226148409893993,0.9982847341337907,0.6995192307692307,1.0,728082,1251,312750,115648,0,0.9664287398471718,0.9664326569532451
0.8501729367658422,0.8234463276836158,0.9982876712328768,0.7007211538461539,1.0,729333,1251,311499,115648,0,0.9664287398471718,0.9664326569532451
0.8494508832056854,0.8242766407904023,0.9982905982905983,0.7019230769230769,1.0,730584,1251,310248,115648,0,0.9664287398471718,0.9664326569532451
0.8482251368520096,0.8251057827926658,0.9982935153583617,0.703125,1.0,731835,1251,308997,115648,0,0.9664287398471718,0.9664326569532451
0.846998118510121,0.8259337561663143,0.9982964224872232,0.7043269230769231,1.0,733086,1251,307746,115648,0,0.9664287398471718,0.9664326569532451
0.8458677358308249,0.8267605633802817,0.9982993197278912,0.7055288461538461,1.0,734337,1251,306495,115648,0,0.9664287398471718,0.9664326569532451
0.8458025265758671,0.8275862068965517,0.99830220713073,0.7067307692307693,1.0,735588,1251,305244,115648,0,0.9664287398471718,0.9664326569532451
0.8446182472758543,0.8284106891701828,0.9983050847457627,0.7079326923076923,1.0,736839,1251,303993,115648,0,0.9664287398471718,0.9664326569532451
0.8440416940920443,0.8292340126493324,0.9983079526226735,0.7091346153846154,1.0,738090,1251,302742,115648,0,0.9664287398471718,0.9664326569532451
0.8427702746189324,0.8300561797752809,0.9983108108108109,0.7103365384615384,1.0,739341,1251,301491,115648,0,0.9664287398471718,0.9664326569532451
0.8418121991297294,0.8308771929824561,0.9983136593591906,0.7115384615384616,1.0,740592,1251,300240,115648,0,0.9664287398471718,0.9664326569532451
0.8414380049832157,0.8316970546984572,0.9983164983164983,0.7127403846153846,1.0,741843,1251,298989,115648,0,0.9664287398471718,0.9664326569532451
0.840392931400928,0.8325157673440785,0.9983193277310924,0.7139423076923077,1.0,743094,1251,297738,115648,0,0.9664287398471718,0.9664326569532451
0.8395712327053351,0.8333333333333334,0.9983221476510067,0.7151442307692307,1.0,744345,1251,296487,115648,0,0.9664287398471718,0.9664326569532451
0.8390871399228982,0.834149755073478,0.998324958123953,0.7163461538461539,1.0,745596,1251,295236,115648,0,0.9664287398471718,0.9664326569532451
0.838942044390304,0.8349650349650349,0.9983277591973244,0.7175480769230769,1.0,746847,1251,293985,115648,0,0.9664287398471718,0.9664326569532451
0.8388566292179092,0.8357791754018169,0.998330550918197,0.71875,1.0,748098,1251,292734,115648,0,0.9664287398471718,0.9664326569532451
0.8383053536067087,0.8365921787709497,0.9983333333333333,0.7199519230769231,1.0,749349,1251,291483,115648,0,0.9664287398471718,0.9664326569532451
0.838014232214479,0.837404047452896,0.9983361064891847,0.7211538461538461,1.0,750600,1251,290232,115648,0,0.9664287398471718,0.9664326569532451
0.8374229091110321,0.8382147838214784,0.9983388704318937,0.7223557692307693,1.0,751851,1251,288981,115648,0,0.9664287398471718,0.9664326569532451
0.8373475231478335,0.8390243902439024,0.9983416252072969,0.7235576923076923,1.0,753102,1251,287730,115648,0,0.9664287398471718,0.9664326569532451
0.8367617602396519,0.8398328690807799,0.9983443708609272,0.7247596153846154,1.0,754353,1251,286479,115648,0,0.9664287398471718,0.9664326569532451
0.8352186386211632,0.8406402226861517,0.9983471074380166,0.7259615384615384,1.0,755604,1251,285228,115648,0,0.9664287398471718,0.9664326569532451
0.8351996372526307,0.8414464534075105,0.9983498349834984,0.7271634615384616,1.0,756855,1251,283977,115648,0,0.9664287398471718,0.9664326569532451
0.8351468265575899,0.8422515635858235,0.9983525535420099,0.7283653846153846,1.0,758106,1251,282726,115648,0,0.9664287398471718,0.9664326569532451
0.8351456209894677,0.8430555555555556,0.9983552631578947,0.7295673076923077,1.0,759357,1251,281475,115648,0,0.9664287398471718,0.9664326569532451
0.8346129161533851,0.8438584316446912,0.9983579638752053,0.7307692307692307,1.0,760608,1251,280224,115648,0,0.9664287398471718,0.9664326569532451
0.8344094349482226,0.8446601941747572,0.9983606557377049,0.7319711538461539,1.0,761859,1251,278973,115648,0,0.9664287398471718,0.9664326569532451
0.8343471786602583,0.8454608454608454,0.9983633387888707,0.7331730769230769,1.0,763110,1251,277722,115648,0,0.9664287398471718,0.9664326569532451
0.8321504014366176,0.8462603878116344,0.9983660130718954,0.734375,1.0,764361,1251,276471,115648,0,0.9664287398471718,0.9664326569532451
0.8310010430013397,0.8470588235294118,0.99836867862969,0.7355769230769231,1.0,765612,1251,275220,115648,0,0.9664287398471718,0.9664326569532451
0.8297326973282523,0.8478561549100968,0.998371335504886,0.7367788461538461,1.0,766863,1251,273969,115648,0,0.9664287398471718,0.9664326569532451
0.8295882070818331,0.848652384243262,0.9983739837398374,0.7379807692307693,1.0,768114,1251,272718,115648,0,0.9664287398471718,0.9664326569532451
0.8286252532842197,0.8494475138121547,0.9983766233766234,0.7391826923076923,1.0,769365,1251,271467,115648,0,0.9664287398471718,0.9664326569532451
0.8264071423395172,0.8502415458937198,0.9983792544570502,0.7403846153846154,1.0,770616,1251,270216,115648,0,0.9664287398471718,0.9664326569532451
0.8262531140277609,0.8510344827586207,0.9983818770226537,0.7415865384615384,1.0,771867,1251,268965,115648,0,0.9664287398471718,0.9664326569532451
0.8255655776973709,0.8518263266712612,0.9983844911147012,0.7427884615384616,1.0,773118,1251,267714,115648,0,0.9664287398471718,0.9664326569532451
0.8238237089642433,0.8526170798898072,0.9983870967741936,0.7439903846153846,1.0,774369,1251,266463,115648,0,0.9664287398471718,0.9664326569532451
0.8237066976057388,0.8534067446662078,0.998389694041868,0.7451923076923077,1.0,775620,1251,265212,115648,0,0.9664287398471718,0.9664326569532451
0.8234400118639542,0.8541953232462174,0.9983922829581994,0.7463942307692307,1.0,776871,1251,263961,115648,0,0.9664287398471718,0.9664326569532451
0.8230170634884157,0.8549828178694158,0.9983948635634029,0.7475961538461539,1.0,778122,1251,262710,115648,0,0.9664287398471718,0.9664326569532451
0.8219848944889141,0.8557692307692307,0.9983974358974359,0.7487980769230769,1.0,779373,1251,261459,115648,0,0.9664287398471718,0.9664326569532451
0.821913463275781,0.8565545641729582,0.9984,0.75,1.0,780624,1251,260208,115648,0,0.9664287398471718,0.9664326569532451
0.8219074492017706,0.8573388203017832,0.9984025559105432,0.7512019230769231,1.0,781875,1251,258957,115648,0,0.9664287398471718,0.9664326569532451
0.8213589541590434,0.858122001370802,0.9984051036682615,0.7524038461538461,1.0,783126,1251,257706,115648,0,0.9664287398471718,0.9664326569532451
0.8212270383533216,0.8589041095890411,0.9984076433121019,0.7536057692307693,1.0,784377,1251,256455,115648,0,0.9664287398471718,0.9664326569532451
0.8185985281969632,0.8596851471594799,0.9984101748807631,0.7548076923076923,1.0,785628,1251,255204,115648,0,0.9664287398471718,0.9664326569532451
0.8183831681566422,0.8604651162790697,0.9984126984126984,0.7560096153846154,1.0,786879,1251,253953,115648,0,0.9664287398471718,0.9664326569532451
0.8167670973506591,0.861244019138756,0.9984152139461173,0.7572115384615384,1.0,788130,1251,252702,115648,0,0.9664287398471718,0.9664326569532451
0.8154141307149377,0.8620218579234973,0.9984177215189873,0.7584134615384616,1.0,789381,1251,251451,115648,0,0.9664287398471718,0.9664326569532451
0.8146325852304506,0.8627986348122867,0.9984202211690363,0.7596153846153846,1.0,790632,1251,250200,115648,0,0.9664287398471718,0.9664326569532451
0.8122821923967973,0.8635743519781719,0.998422712933754,0.7608173076923077,1.0,791883,1251,248949,115648,0,0.9664287398471718,0.9664326569532451
0.8092997487186663,0.8643490115882754,0.9984251968503937,0.7620192307692307,1.0,793134,1251,247698,115648,0,0.9664287398471718,0.9664326569532451
0.8090926881465854,0.8651226158038147,0.9984276729559748,0.7632211538461539,1.0,794385,1251,246447,115648,0,0.9664287398471718,0.9664326569532451
0.8080183469976174,0.8658951667801226,0.9984301412872841,0.7644230769230769,1.0,795636,1251,245196,115648,0,0.9664287398471718,0.9664326569532451
0.8072022822204298,0.8666666666666667,0.9984326018808778,0.765625,1.0,796887,1251,243945,115648,0,0.9664287398471718,0.9664326569532451
0.8060767489774157,0.86743711760707,0.9984350547730829,0.7668269230769231,1.0,798138,1251,242694,115648,0,0.9664287398471718,0.9664326569532451
0.8060217690216565,0.8682065217391305,0.9984375,0.7680288461538461,1.0,799389,1251,241443,115648,0,0.9664287398471718,0.9664326569532451
0.8055984521283619,0.8689748811948405,0.9984399375975039,0.7692307692307693,1.0,800640,1251,240192,115648,0,0.9664287398471718,0.9664326569532451
0.8046338826653858,0.8697421981004071,0.9984423676012462,0.7704326923076923,1.0,801891,1251,238941,115648,0,0.9664287398471718,0.9664326569532451
0.8039933271188962,0.8705084745762712,0.9984447900466563,0.7716346153846154,1.0,803142,1251,237690,115648,0,0.9664287398471718,0.9664326569532451
0.8039072474833819,0.8712737127371274,0.9984472049689441,0.7728365384615384,1.0,804393,1251,236439,115648,0,0.9664287398471718,0.9664326569532451
0.8036734742672904,0.8720379146919431,0.9984496124031008,0.7740384615384616,1.0,805644,1251,235188,115648,0,0.9664287398471718,0.9664326569532451
0.803080578435513,0.8728010825439784,0.9984520123839009,0.7752403846153846,1.0,806895,1251,233937,115648,0,0.9664287398471718,0.9664326569532451
0.8020783214716126,0.8735632183908046,0.9984544049459042,0.7764423076923077,1.0,808146,1251,232686,115648,0,0.9664287398471718,0.9664326569532451
0.8020525151497088,0.8733668531782163,0.9979415000747086,0.7764423076923077,0.9964028776978417,808146,1667,232686,115232,416,0.9664287398471718,0.9664326569532451
0.8020006681060681,0.8731705762262832,0.997429121890231,0.7764423076923077,0.9928057553956835,808146,2083,232686,114816,832,0.9664287398471718,0.9664326569532451
0.8015123967727227,0.8739316054746716,0.9974330852269927,0.7776442307692307,0.9928057553956835,809397,2083,231435,114816,832,0.9664287398471718,0.9664326569532451
0.8014640661320883,0.874691607460874,0.997437036362585,0.7788461538461539,0.9928057553956835,810648,2083,230184,114816,832,0.9664287398471718,0.9664326569532451
0.8012798509898433,0.8754505842634356,0.9974409753532634,0.7800480769230769,0.9928057553956835,811899,2083,228933,114816,832,0.9664287398471718,0.9664326569532451
0.801190309426125,0.8762085379552979,0.9974449022549382,0.78125,0.9928057553956835,813150,2083,227682,114816,832,0.9664287398471718,0.9664326569532451
0.8003173693049919,0.8769654706038176,0.9974488171231769,0.7824519230769231,0.9928057553956835,814401,2083,226431,114816,832,0.9664287398471718,0.9664326569532451
0.7993620168021407,0.8777213842707849,0.9974527200132072,0.7836538461538461,0.9928057553956835,815652,2083,225180,114816,832,0.9664287398471718,0.9664326569532451
0.7976707795853653,0.8784762810124431,0.9974566109799191,0.7848557692307693,0.9928057553956835,816903,2083,223929,114816,832,0.9664287398471718,0.9664326569532451
0.7972908600247783,0.8792301628795064,0.9974604900778677,0.7860576923076923,0.9928057553956835,818154,2083,222678,114816,832,0.9664287398471718,0.9664326569532451
0.7962217866531143,0.8799830319171785,0.9974643573612761,0.7872596153846154,0.9928057553956835,819405,2083,221427,114816,832,0.9664287398471718,0.9664326569532451
0.7952255357669527,0.8807348901651721,0.9974682128840373,0.7884615384615384,0.9928057553956835,820656,2083,220176,114816,832,0.9664287398471718,0.9664326569532451
0.7942526284613595,0.8801440566445484,0.9959538343911941,0.7884615384615384,0.9928057553956835,820656,3334,220176,114816,832,0.9664287398471718,0.9664326569532451
0.7942406750991537,0.88089479886371,0.9959599680578158,0.7896634615384616,0.9928057553956835,821907,3334,218925,114816,832,0.9664287398471718,0.9664326569532451
0.7937652624179398,0.8816445351743993,0.9959660831562798,0.7908653846153846,0.9928057553956835,823158,3334,217674,114816,832,0.9664287398471718,0.9664326569532451
0.7929490418207301,0.8823932675969656,0.9959721797707742,0.7920673076923077,0.9928057553956835,824409,3334,216423,114816,832,0.9664287398471718,0.9664326569532451
0.7923510785594627,0.8831409981463516,0.9959782579849794,0.7932692307692307,0.9928057553956835,825660,3334,215172,114816,832,0.9664287398471718,0.9664326569532451
0.7916656838689671,0.8838877288321111,0.995984317882071,0.7944711538461539,0.9928057553956835,826911,3334,213921,114816,832,0.9664287398471718,0.9664326569532451
0.7899764267694629,0.8846334616584274,0.9959903595447243,0.7956730769230769,0.9928057553956835,828162,3334,212670,114816,832,0.9664287398471718,0.9664326569532451
0.7889109439964905,0.884436954543707,0.9954923116868131,0.7956730769230769,0.9892086330935251,828162,3750,212670,114400,1248,0.9664287398471718,0.9664326569532451
0.788793664801615,0.8851816573683494,0.9954990800119544,0.796875,0.9892086330935251,829413,3750,211419,114400,1248,0.9664287398471718,0.9664326569532451
0.788659318905724,0.8859253665919031,0.9955058280421949,0.7980769230769231,0.9892086330935251,830664,3750,210168,114400,1248,0.9664287398471718,0.9664326569532451
0.7877573113707781,0.8866680842015735,0.9955125558686795,0.7992788461538461,0.9892086330935251,831915,3750,208917,114400,1248,0.9664287398471718,0.9664326569532451
0.7860706880011653,0.8874098121792701,0.9955192635820083,0.8004807692307693,0.9892086330935251,833166,3750,207666,114400,1248,0.9664287398471718,0.9664326569532451
0.7858513361280458,0.8881505525016246,0.9955259512722405,0.8016826923076923,0.9892086330935251,834417,3750,206415,114400,1248,0.9664287398471718,0.9664326569532451
0.7845726488836745,0.8888903071400079,0.9955326190288986,0.8028846153846154,0.9892086330935251,835668,3750,205164,114400,1248,0.9664287398471718,0.9664326569532451
0.7843437215596463,0.8896290780605485,0.9955392669409721,0.8040865384615384,0.9892086330935251,836919,3750,203913,114400,1248,0.9664287398471718,0.9664326569532451
0.7839980507473956,0.8903668672241485,0.9955458950969214,0.8052884615384616,0.9892086330935251,838170,3750,202662,114400,1248,0.9664287398471718,0.9664326569532451
0.7802645908996826,0.8911036765865022,0.9955525035846821,0.8064903846153846,0.9892086330935251,839421,3750,201411,114400,1248,0.9664287398471718,0.9664326569532451
0.7792533827099346,0.8918395080981131,0.9955590924916689,0.8076923076923077,0.9892086330935251,840672,3750,200160,114400,1248,0.9664287398471718,0.9664326569532451
0.7789542283246489,0.8925743637043103,0.9955656619047788,0.8088942307692307,0.9892086330935251,841923,3750,198909,114400,1248,0.9664287398471718,0.9664326569532451
0.7785026637087866,0.8933082453452671,0.9955722119103957,0.8100961538461539,0.9892086330935251,843174,3750,197658,114400,1248,0.9664287398471718,0.9664326569532451
0.7776482295264979,0.8940411549560165,0.9955787425943938,0.8112980769230769,0.9892086330935251,844425,3750,196407,114400,1248,0.9664287398471718,0.9664326569532451
0.7738781252079681,0.8938443111997684,0.995090685618867,0.8112980769230769,0.9856115107913669,844425,4166,196407,113984,1664,0.9664287398471718,0.9664326569532451
0.7726172479835604,0.894576219908879,0.9950979123178191,0.8125,0.9856115107913669,845676,4166,195156,113984,1664,0.9664287398471718,0.9664326569532451
0.7723353306858383,0.8953071606961164,0.9951051177720883,0.8137019230769231,0.9856115107913669,846927,4166,193905,113984,1664,0.9664287398471718,0.9664326569532451
0.7718835881873759,0.8960371354802723,0.9951123020752185,0.8149038461538461,0.9856115107913669,848178,4166,192654,113984,1664,0.9664287398471718,0.9664326569532451
0.7717909294371836,0.8967661461750703,0.9951194653202046,0.8161057692307693,0.9856115107913669,849429,4166,191403,113984,1664,0.9664287398471718,0.9664326569532451
0.7716955991845798,0.8974941946891825,0.9951266075994974,0.8173076923076923,0.9856115107913669,850680,4166,190152,113984,1664,0.9664287398471718,0.9664326569532451
0.7716502822107961,0.8982212829262455,0.9951337290050076,0.8185096153846154,0.9856115107913669,851931,4166,188901,113984,1664,0.9664287398471718,0.9664326569532451
0.7713854502408974,0.8989474127848781,0.995140829628109,0.8197115384615384,0.9856115107913669,853182,4166,187650,113984,1664,0.9664287398471718,0.9664326569532451
0.7696662200523857,0.899672586158697,0.995147909559643,0.8209134615384616,0.9856115107913669,854433,4166,186399,113984,1664,0.9664287398471718,0.9664326569532451
0.7688556859739895,0.9003968049363333,0.9951549688899226,0.8221153846153846,0.9856115107913669,855684,4166,185148,113984,1664,0.9664287398471718,0.9664326569532451
0.7687547551168975,0.9011200710014495,0.9951620077087356,0.8233173076923077,0.9856115107913669,856935,4166,183897,113984,1664,0.9664287398471718,0.9664326569532451
0.7678594505260692,0.9018423862327553,0.9951690261053491,0.8245192307692307,0.9856115107913669,858186,4166,182646,113984,1664,0.9664287398471718,0.9664326569532451
0.7674152192234989,0.9025637525040235,0.9951760241685126,0.8257211538461539,0.9856115107913669,859437,4166,181395,113984,1664,0.9664287398471718,0.9664326569532451
0.7663231405590576,0.9032841716841075,0.9951830019864625,0.8269230769230769,0.9856115107913669,860688,4166,180144,113984,1664,0.9664287398471718,0.9664326569532451
0.7655261280773521,0.904003645636956,0.995189959646925,0.828125,0.9856115107913669,861939,4166,178893,113984,1664,0.9664287398471718,0.9664326569532451
0.7655219544864508,0.9047221762216302,0.9951968972371207,0.8293269230769231,0.9856115107913669,863190,4166,177642,113984,1664,0.9664287398471718,0.9664326569532451
0.7645959156439381,0.9054397652923188,0.9952038148437671,0.8305288461538461,0.9856115107913669,864441,4166,176391,113984,1664,0.9664287398471718,0.9664326569532451
0.7645886562511701,0.9061564146983551,0.9952107125530834,0.8317307692307693,0.9856115107913669,865692,4166,175140,113984,1664,0.9664287398471718,0.9664326569532451
0.7620880812875992,0.9068721262842315,0.9952175904507932,0.8329326923076923,0.9856115107913669,866943,4166,173889,113984,1664,0.9664287398471718,0.9664326569532451
0.7617429249144665,0.9075869018896169,0.9952244486221284,0.8341346153846154,0.9856115107913669,868194,4166,172638,113984,1664,0.9664287398471718,0.9664326569532451
0.7615743680827468,0.908300743349371,0.9952312871518331,0.8353365384615384,0.9856115107913669,869445,4166,171387,113984,1664,0.9664287398471718,0.9664326569532451
0.7613188496336293,0.909013652493561,0.9952381061241659,0.8365384615384616,0.9856115107913669,870696,4166,170136,113984,1664,0.9664287398471718,0.9664326569532451
0.7612552863905411,0.9097256311474768,0.9952449056229048,0.8377403846153846,0.9856115107913669,871947,4166,168885,113984,1664,0.9664287398471718,0.9664326569532451
0.7593175440071402,0.9104366811316467,0.9952516857313498,0.8389423076923077,0.9856115107913669,873198,4166,167634,113984,1664,0.9664287398471718,0.9664326569532451
0.7567782044176172,0.9111468042618525,0.9952584465323264,0.8401442307692307,0.9856115107913669,874449,4166,166383,113984,1664,0.9664287398471718,0.9664326569532451
0.7551624557484997,0.911856002349146,0.9952651881081892,0.8413461538461539,0.9856115107913669,875700,4166,165132,113984,1664,0.9664287398471718,0.9664326569532451
0.7517382484167909,0.9125642771998632,0.9952719105408249,0.8425480769230769,0.9856115107913669,876951,4166,163881,113984,1664,0.9664287398471718,0.9664326569532451
0.7493759781064371,0.9132716306156407,0.995278613911656,0.84375,0.9856115107913669,878202,4166,162630,113984,1664,0.9664287398471718,0.9664326569532451
0.7487212570864553,0.9139780643934297,0.9952852983016436,0.8449519230769231,0.9856115107913669,879453,4166,161379,113984,1664,0.9664287398471718,0.9664326569532451
0.7481242594646672,0.9146835803255124,0.9952919637912914,0.8461538461538461,0.9856115107913669,880704,4166,160128,113984,1664,0.9664287398471718,0.9664326569532451
0.7471969075204781,0.9153881801995171,0.9952986104606482,0.8473557692307693,0.9856115107913669,881955,4166,158877,113984,1664,0.9664287398471718,0.9664326569532451
0.74674475961147,0.9160918657984322,0.9953052383893114,0.8485576923076923,0.9856115107913669,883206,4166,157626,113984,1664,0.9664287398471718,0.9664326569532451
0.7459446290519318,0.9167946389006222,0.9953118476564302,0.8497596153846154,0.9856115107913669,884457,4166,156375,113984,1664,0.9664287398471718,0.9664326569532451
0.7446092646621891,0.9174965012798427,0.9953184383407089,0.8509615384615384,0.9856115107913669,885708,4166,155124,113984,1664,0.9664287398471718,0.9664326569532451
0.7435634895611984,0.9172988552768805,0.9948533623875366,0.8509615384615384,0.9820143884892086,885708,4582,155124,113568,2080,0.9664287398471718,0.9664326569532451
0.7417101584425994,0.9171012944089114,0.9943887208573873,0.8509615384615384,0.9784172661870504,885708,4998,155124,113152,2496,0.9664287398471718,0.9664326569532451
0.7412548519121789,0.9178022018958096,0.9943965908670486,0.8521634615384616,0.9784172661870504,886959,4998,153873,113152,2496,0.9664287398471718,0.9664326569532451
0.7410770928402974,0.9185022026431718,0.9944044388317167,0.8533653846153846,0.9784172661870504,888210,4998,152622,113152,2496,0.9664287398471718,0.9664326569532451
0.7406288047793628,0.9192012984093865,0.9944122648438889,0.8545673076923077,0.9784172661870504,889461,4998,151371,113152,2496,0.9664287398471718,0.9664326569532451
0.7403816730131678,0.9198994909482986,0.9944200689955455,0.8557692307692307,0.9784172661870504,890712,4998,150120,113152,2496,0.9664287398471718,0.9664326569532451
0.7402650103258195,0.9197019243576784,0.9939584388802467,0.8557692307692307,0.9748201438848921,890712,5414,150120,112736,2912,0.9664287398471718,0.9664326569532451
0.7387026327927921,0.9203991932758542,0.9939668611965763,0.8569711538461539,0.9748201438848921,891963,5414,148869,112736,2912,0.9664287398471718,0.9664326569532451
0.7373535524186154,0.9210955626823961,0.9939752600631184,0.8581730769230769,0.9748201438848921,893214,5414,147618,112736,2912,0.9664287398471718,0.9664326569532451
0.7344858873403115,0.9217910343168045,0.9939836355776721,0.859375,0.9748201438848921,894465,5414,146367,112736,2912,0.9664287398471718,0.9664326569532451
0.7340602309507394,0.9224856099140972,0.9939919878374929,0.8605769230769231,0.9748201438848921,895716,5414,145116,112736,2912,0.9664287398471718,0.9664326569532451
0.7340584648018738,0.9231792912048242,0.9940003169392972,0.8617788461538461,0.9748201438848921,896967,5414,143865,112736,2912,0.9664287398471718,0.9664326569532451
0.7314674165406672,0.923872079915082,0.9940086229792658,0.8629807692307693,0.9748201438848921,898218,5414,142614,112736,2912,0.9664287398471718,0.9664326569532451
0.7307740005852321,0.924563977766528,0.9940169060530477,0.8641826923076923,0.9748201438848921,899469,5414,141363,112736,2912,0.9664287398471718,0.9664326569532451
0.7304161024198919,0.9252549864763946,0.9940251662557635,0.8653846153846154,0.9748201438848921,900720,5414,140112,112736,2912,0.9664287398471718,0.9664326569532451
0.7293964813595252,0.9259451077575034,0.9940334036820093,0.8665865384615384,0.9748201438848921,901971,5414,138861,112736,2912,0.9664287398471718,0.9664326569532451
0.7283626373974937,0.9257474342269684,0.9935778876648076,0.8665865384615384,0.9712230215827338,901971,5830,138861,112320,3328,0.9664287398471718,0.9664326569532451
0.7273533100142006,0.9264366495647947,0.9935867255118519,0.8677884615384616,0.9712230215827338,903222,5830,137610,112320,3328,0.9664287398471718,0.9664326569532451
0.7270579983878089,0.9271249811007439,0.993595539067761,0.8689903846153846,0.9712230215827338,904473,5830,136359,112320,3328,0.9664287398471718,0.9664326569532451
0.7241526962101043,0.9278124305337162,0.9936043284325449,0.8701923076923077,0.9712230215827338,905724,5830,135108,112320,3328,0.9664287398471718,0.9664326569532451
0.7235337031576884,0.9284989995582598,0.9936130937056655,0.8713942307692307,0.9712230215827338,906975,5830,133857,112320,3328,0.9664287398471718,0.9664326569532451
0.7232927498397532,0.9291846898645856,0.9936218349860403,0.8725961538461539,0.9712230215827338,908226,5830,132606,112320,3328,0.9664287398471718,0.9664326569532451
0.7218639486690314,0.9298695031385806,0.9936305523720457,0.8737980769230769,0.9712230215827338,909477,5830,131355,112320,3328,0.9664287398471718,0.9664326569532451
0.7210838248559903,0.9305534410618221,0.9936392459615213,0.875,0.9712230215827338,910728,5830,130104,112320,3328,0.9664287398471718,0.9664326569532451
0.7185303656924527,0.9303557145089963,0.9931884655399171,0.875,0.9676258992805755,910728,6246,130104,111904,3744,0.9664287398471718,0.9664326569532451
0.7180052138843098,0.9297616148994133,0.9918353344768439,0.875,0.9676258992805755,910728,7497,130104,111904,3744,0.9664287398471718,0.9664326569532451
0.7179629558793569,0.9304446036031072,0.9918464429740418,0.8762019230769231,0.9676258992805755,911979,7497,128853,111904,3744,0.9664287398471718,0.9664326569532451
0.7176642017424453,0.9311267211437433,0.9918575212848109,0.8774038461538461,0.9676258992805755,913230,7497,127602,111904,3744,0.9664287398471718,0.9664326569532451
0.7171326814603931,0.9309292931867124,0.991409585699506,0.8774038461538461,0.9640287769784173,913230,7913,127602,111488,4160,0.9664287398471718,0.9664326569532451
0.7154499027056664,0.9303360896809639,0.9900649830766463,0.8774038461538461,0.9640287769784173,913230,9164,127602,111488,4160,0.9664287398471718,0.9664326569532451
0.7132950665973852,0.9310172631188861,0.9900784392271923,0.8786057692307693,0.9640287769784173,914481,9164,126351,111488,4160,0.9664287398471718,0.9664326569532451
0.7130616088944546,0.9316975695518404,0.9900918589765768,0.8798076923076923,0.9640287769784173,915732,9164,125100,111488,4160,0.9664287398471718,0.9664326569532451
0.7116769069913624,0.9311050092553098,0.9887544849791664,0.8798076923076923,0.9640287769784173,915732,10415,125100,111488,4160,0.9664287398471718,0.9664326569532451
0.7107596530403861,0.9309081297858336,0.9883105628003709,0.8798076923076923,0.960431654676259,915732,10831,125100,111072,4576,0.9664287398471718,0.9664326569532451
0.7106884714667282,0.9307113335579484,0.9878670390591373,0.8798076923076923,0.9568345323741008,915732,11247,125100,110656,4992,0.9664287398471718,0.9664326569532451
0.7094435934443495,0.9313906824670833,0.9878833909699105,0.8810096153846154,0.9568345323741008,916983,11247,123849,110656,4992,0.9664287398471718,0.9664326569532451
0.7086942956825036,0.9320691687056828,0.9878996988642048,0.8822115384615384,0.9568345323741008,918234,11247,122598,110656,4992,0.9664287398471718,0.9664326569532451
0.7077649075596064,0.9327467939158962,0.9879159629195086,0.8834134615384616,0.9568345323741008,919485,11247,121347,110656,4992,0.9664287398471718,0.9664326569532451
0.7077060470978161,0.9334235597357076,0.9879321833123565,0.8846153846153846,0.9568345323741008,920736,11247,120096,110656,4992,0.9664287398471718,0.9664326569532451
0.705706220477327,0.9340994677989489,0.9879483602183375,0.8858173076923077,0.9568345323741008,921987,11247,118845,110656,4992,0.9664287398471718,0.9664326569532451
0.7055400075728648,0.9347745197353133,0.9879644938120997,0.8870192307692307,0.9568345323741008,923238,11247,117594,110656,4992,0.9664287398471718,0.9664326569532451
0.7046172254714673,0.9345776985048081,0.9875248823137424,0.8870192307692307,0.9532374100719424,923238,11663,117594,110240,5408,0.9664287398471718,0.9664326569532451
0.7037551152010246,0.9352518786191492,0.9875415530811236,0.8882211538461539,0.9532374100719424,924489,11663,116343,110240,5408,0.9664287398471718,0.9664326569532451
0.7032863882646998,0.9346604422629263,0.9862236412727503,0.8882211538461539,0.9532374100719424,924489,12914,116343,110240,5408,0.9664287398471718,0.9664326569532451
0.7021548655547184,0.9353337179449615,0.9862420018451954,0.8894230769230769,0.9532374100719424,925740,12914,115092,110240,5408,0.9664287398471718,0.9664326569532451
0.7019317198716611,0.9360061431679219,0.9862603135423261,0.890625,0.9532374100719424,926991,12914,113841,110240,5408,0.9664287398471718,0.9664326569532451
0.6998659328976004,0.9358096017823964,0.9858239898928132,0.890625,0.9496402877697842,926991,13330,113841,109824,5824,0.9664287398471718,0.9664326569532451
0.6996674520203167,0.9364811612567367,0.9858428245529816,0.8918269230769231,0.9496402877697842,928242,13330,112590,109824,5824,0.9664287398471718,0.9664326569532451
0.699630415971713,0.9371518736877128,0.985861609231001,0.8930288461538461,0.9496402877697842,929493,13330,111339,109824,5824,0.9664287398471718,0.9664326569532451
0.6988104999111128,0.9378217406768885,0.9858803441255665,0.8942307692307693,0.9496402877697842,930744,13330,110088,109824,5824,0.9664287398471718,0.9664326569532451
0.6969359667215557,0.9384907638217925,0.9858990294343215,0.8954326923076923,0.9496402877697842,931995,13330,108837,109824,5824,0.9664287398471718,0.9664326569532451
0.6961029850081251,0.9391589447159315,0.9859176653538648,0.8966346153846154,0.9496402877697842,933246,13330,107586,109824,5824,0.9664287398471718,0.9664326569532451
0.6932069000574821,0.9389624031101345,0.9854845658675047,0.8966346153846154,0.9460431654676259,933246,13746,107586,109408,6240,0.9664287398471718,0.9664326569532451
0.6931543487465883,0.9396297273858452,0.9855037158196791,0.8978365384615384,0.9460431654676259,934497,13746,106335,109408,6240,0.9664287398471718,0.9664326569532451
0.6924180700783253,0.9402962127812228,0.9855228153100494,0.8990384615384616,0.9460431654676259,935748,13746,105084,109408,6240,0.9664287398471718,0.9664326569532451
0.6919303322648329,0.9400997216113389,0.9850912191681317,0.8990384615384616,0.9424460431654677,935748,14162,105084,108992,6656,0.9664287398471718,0.9664326569532451
0.6907934239005187,0.9395093255849795,0.9837955929648082,0.8990384615384616,0.9424460431654677,935748,15413,105084,108992,6656,0.9664287398471718,0.9664326569532451
0.6880698177324235,0.9401749108488474,0.9838168775697912,0.9002403846153846,0.9424460431654677,936999,15413,103833,108992,6656,0.9664287398471718,0.9664326569532451
0.6857866100088712,0.9408396611673632,0.9838381063331596,0.9014423076923077,0.9424460431654677,938250,15413,102582,108992,6656,0.9664287398471718,0.9664326569532451
0.6857801513595368,0.9406434673025513,0.9834091306904355,0.9014423076923077,0.9388489208633094,938250,15829,102582,108576,7072,0.9664287398471718,0.9664326569532451
0.6850985548320833,0.9413073688408055,0.983430856353302,0.9026442307692307,0.9388489208633094,939501,15829,101331,108576,7072,0.9664287398471718,0.9664326569532451
0.684330868769274,0.9411112413339223,0.9830028061849069,0.9026442307692307,0.935251798561151,939501,16245,101331,108160,7488,0.9664287398471718,0.9664326569532451
0.6820161469092192,0.9417742959983062,0.9830250251568187,0.9038461538461539,0.935251798561151,940752,16245,100080,108160,7488,0.9664287398471718,0.9664326569532451
0.6763544934615312,0.9424365207995679,0.9830471861146592,0.9050480769230769,0.935251798561151,942003,16245,98829,108160,7488,0.9664287398471718,0.9664326569532451
0.6762916660420939,0.9422404445920372,0.9826206053424349,0.9050480769230769,0.9316546762589928,942003,16661,98829,107744,7904,0.9664287398471718,0.9664326569532451
0.6734675061208485,0.9429018261679263,0.982643254871525,0.90625,0.9316546762589928,943254,16661,97578,107744,7904,0.9664287398471718,0.9664326569532451
0.6721418818258145,0.9427058165676659,0.9822175895602662,0.90625,0.9280575539568345,943254,17077,97578,107328,8320,0.9664287398471718,0.9664326569532451
0.6712659868036839,0.9425098884430742,0.9817922928721089,0.90625,0.9244604316546763,943254,17493,97578,106912,8736,0.9664287398471718,0.9664326569532451
0.6681027926339589,0.942314041743361,0.981367364328423,0.90625,0.920863309352518,943254,17909,97578,106496,9152,0.9664287398471718,0.9664326569532451
0.6673394469918934,0.9429745523016145,0.9813915840792008,0.9074519230769231,0.920863309352518,944505,17909,96327,106496,9152,0.9664287398471718,0.9664326569532451
0.6673252116607746,0.9427787720683428,0.9809675643675415,0.9074519230769231,0.9172661870503597,944505,18325,96327,106080,9568,0.9664287398471718,0.9664326569532451
0.6661432979503117,0.9434384434636316,0.9809922610237106,0.9086538461538461,0.9172661870503597,945756,18325,95076,106080,9568,0.9664287398471718,0.9664326569532451
0.6633231831108252,0.9440972921456072,0.9810168936697427,0.9098557692307693,0.9172661870503597,947007,18325,93825,106080,9568,0.9664287398471718,0.9664326569532451
0.6630598282223192,0.9447553196523888,0.9810414625541728,0.9110576923076923,0.9172661870503597,948258,18325,92574,106080,9568,0.9664287398471718,0.9664326569532451
0.6627503643601991,0.9454125275182633,0.9810659679242515,0.9122596153846154,0.9172661870503597,949509,18325,91323,106080,9568,0.9664287398471718,0.9664326569532451
0.6621364075109666,0.9460689172736984,0.9810904100259523,0.9134615384615384,0.9172661870503597,950760,18325,90072,106080,9568,0.9664287398471718,0.9664326569532451
0.6590960894656843,0.9458731463891803,0.9806694371640668,0.9134615384615384,0.9136690647482014,950760,18741,90072,105664,9984,0.9664287398471718,0.9664326569532451
0.6585766634504443,0.9465287057363749,0.9806943482990507,0.9146634615384616,0.9136690647482014,952011,18741,88821,105664,9984,0.9664287398471718,0.9664326569532451
0.6576540398579089,0.9463330019880716,0.9802742676859204,0.9146634615384616,0.9100719424460432,952011,19157,88821,105248,10400,0.9664287398471718,0.9664326569532451
0.6567797932407122,0.9461373791502353,0.9798545468019234,0.9146634615384616,0.9064748201438849,952011,19573,88821,104832,10816,0.9664287398471718,0.9664326569532451
0.6556965005802199,0.9459418371727,0.9794351851851851,0.9146634615384616,0.9028776978417267,952011,19989,88821,104416,11232,0.9664287398471718,0.9664326569532451
0.6547092659406409,0.9457463760053406,0.9790161823746215,0.9146634615384616,0.8992805755395683,952011,20405,88821,104000,11648,0.9664287398471718,0.9664326569532451
0.654267812164467,0.945550995598074,0.9785975379099372,0.9146634615384616,0.89568345323741,952011,20821,88821,103584,12064,0.9664287398471718,0.9664326569532451
0.6530384452131548,0.946205671206974,0.9786250247668833,0.9158653846153846,0.89568345323741,953262,20821,87570,103584,12064,0.9664287398471718,0.9664326569532451
0.6526379786191416,0.9460103576037882,0.9782072634245905,0.9158653846153846,0.8920863309352518,953262,21237,87570,103168,12480,0.9664287398471718,0.9664326569532451
0.6500875504516432,0.9466642070592716,0.9782352036894696,0.9170673076923077,0.8920863309352518,954513,21237,86319,103168,12480,0.9664287398471718,0.9664326569532451
0.650022322600914,0.9473172457780202,0.9782630724021777,0.9182692307692307,0.8920863309352518,955764,21237,85068,103168,12480,0.9664287398471718,0.9664326569532451
0.6499782337401139,0.9479694752670023,0.9782908698372199,0.9194711538461539,0.8920863309352518,957015,21237,83817,103168,12480,0.9664287398471718,0.9664326569532451
0.649585661284962,0.9486208970294531,0.978318596267699,0.9206730769230769,0.8920863309352518,958266,21237,82566,103168,12480,0.9664287398471718,0.9664326569532451
0.6464111697685159,0.9484256100825881,0.9779032756789081,0.9206730769230769,0.8884892086330936,958266,21653,82566,102752,12896,0.9664287398471718,0.9664326569532451
0.6451804316009495,0.9490762125853486,0.9779314491882141,0.921875,0.8884892086330936,959517,21653,81315,102752,12896,0.9664287398471718,0.9664326569532451
0.6446756672152603,0.9497260105384744,0.9779595509460811,0.9230769230769231,0.8884892086330936,960768,21653,80064,102752,12896,0.9664287398471718,0.9664326569532451
0.6445636132344061,0.9495307780076683,0.9775456153970598,0.9230769230769231,0.8848920863309353,960768,22069,80064,102336,13312,0.9664287398471718,0.9664326569532451
0.6442339970909354,0.9501797601880568,0.9775741600344685,0.9242788461538461,0.8848920863309353,962019,22069,78813,102336,13312,0.9664287398471718,0.9664326569532451
0.642792494892854,0.9508279409783281,0.9776026321905456,0.9254807692307693,0.8848920863309353,963270,22069,77562,102336,13312,0.9664287398471718,0.9664326569532451
0.6424115703457329,0.9514753218619508,0.977631032141011,0.9266826923076923,0.8848920863309353,964521,22069,76311,102336,13312,0.9664287398471718,0.9664326569532451
0.6415707034256226,0.9512801318448515,0.977218983471225,0.9266826923076923,0.8812949640287769,964521,22485,76311,101920,13728,0.9664287398471718,0.9664326569532451
0.6382978240788499,0.9519267020815746,0.977247821163928,0.9278846153846154,0.8812949640287769,965772,22485,75060,101920,13728,0.9664287398471718,0.9664326569532451
0.6382375234681837,0.9525724755459677,0.9772765859396791,0.9290865384615384,0.8812949640287769,967023,22485,73809,101920,13728,0.9664287398471718,0.9664326569532451
0.6355951087107348,0.9523773412463142,0.9768659008166284,0.9290865384615384,0.8776978417266187,967023,22901,73809,101504,14144,0.9664287398471718,0.9664326569532451
0.6327536099000877,0.9530223075018934,0.9768950992508891,0.9302884615384616,0.8776978417266187,968274,22901,72558,101504,14144,0.9664287398471718,0.9664326569532451
0.6295402435244764,0.9528272411796166,0.9764852645899368,0.9302884615384616,0.8741007194244604,968274,23317,72558,101088,14560,0.9664287398471718,0.9664326569532451
0.6287639650480481,0.9522411163244453,0.97525487439089,0.9302884615384616,0.8741007194244604,968274,24568,72558,101088,14560,0.9664287398471718,0.9664326569532451
0.6287061450543623,0.9520463696296624,0.9748464145267393,0.9302884615384616,0.8705035971223022,968274,24984,72558,100672,14976,0.9664287398471718,0.9664326569532451
0.6284720634309453,0.9518517025754655,0.9744382966647009,0.9302884615384616,0.8669064748201439,968274,25400,72558,100256,15392,0.9664287398471718,0.9664326569532451
0.6278957793432883,0.9516571151130117,0.9740305203754187,0.9302884615384616,0.8633093525179856,968274,25816,72558,99840,15808,0.9664287398471718,0.9664326569532451
0.6263692908012471,0.9523012042689889,0.9740631602636685,0.9314903846153846,0.8633093525179856,969525,25816,71307,99840,15808,0.9664287398471718,0.9664326569532451
0.6261546842676466,0.9521066842647191,0.9736562233556982,0.9314903846153846,0.8597122302158273,969525,26232,71307,99424,16224,0.9664287398471718,0.9664326569532451
0.6234290190591223,0.951912243710742,0.9732496263199264,0.9314903846153846,0.8561151079136691,969525,26648,71307,99008,16640,0.9664287398471718,0.9664326569532451
0.6222813744085842,0.9525555180507257,0.9732831774651503,0.9326923076923077,0.8561151079136691,970776,26648,70056,99008,16640,0.9664287398471718,0.9664326569532451
0.6213184769082278,0.9531980032429406,0.9733166445540341,0.9338942307692307,0.8561151079136691,972027,26648,68805,99008,16640,0.9664287398471718,0.9664326569532451
0.6203192086087992,0.953003618273827,0.9729113764411851,0.9338942307692307,0.8525179856115108,972027,27064,68805,98592,17056,0.9664287398471718,0.9664326569532451
0.6195542115037087,0.952809312570117,0.9725064456777192,0.9338942307692307,0.8489208633093526,972027,27480,68805,98176,17472,0.9664287398471718,0.9664326569532451
0.6189826951767563,0.9526150860833368,0.9721018518425919,0.9338942307692307,0.8453237410071942,972027,27896,68805,97760,17888,0.9664287398471718,0.9664326569532451
0.6164058049259108,0.9520314827674355,0.9708871784524967,0.9338942307692307,0.8453237410071942,972027,29147,68805,97760,17888,0.9664287398471718,0.9664326569532451
0.6159384070684888,0.9518375732341309,0.9704839305504248,0.9338942307692307,0.841726618705036,972027,29563,68805,97344,18304,0.9664287398471718,0.9664326569532451
0.6127547172431501,0.9516437426756307,0.9700810174789373,0.9338942307692307,0.8381294964028777,972027,29979,68805,96928,18720,0.9664287398471718,0.9664326569532451
0.6124251706454703,0.951449991043698,0.9696784388211751,0.9338942307692307,0.8345323741007195,972027,30395,68805,96512,19136,0.9664287398471718,0.9664326569532451
0.6111055007060675,0.9512563182901349,0.9692761941609712,0.9338942307692307,0.8309352517985612,972027,30811,68805,96096,19552,0.9664287398471718,0.9664326569532451
0.610500898396424,0.951062724366783,0.9688742830828484,0.9338942307692307,0.8273381294964028,972027,31227,68805,95680,19968,0.9664287398471718,0.9664326569532451
0.6097633350996674,0.9517042912732718,0.9689130467245061,0.9350961538461539,0.8273381294964028,973278,31227,67554,95680,19968,0.9664287398471718,0.9664326569532451
0.6091261621279416,0.9523450738497441,0.9689517139345925,0.9362980769230769,0.8273381294964028,974529,31227,66303,95680,19968,0.9664287398471718,0.9664326569532451
0.6087426647439944,0.9529850735336127,0.968990285072497,0.9375,0.8273381294964028,975780,31227,65052,95680,19968,0.9664287398471718,0.9664326569532451
0.6070253351593041,0.9527915225399182,0.968590155277376,0.9375,0.8237410071942446,975780,31643,65052,95264,20384,0.9664287398471718,0.9664326569532451
0.6061766429765421,0.9534307291610759,0.9686291110904018,0.9387019230769231,0.8237410071942446,977031,31643,63801,95264,20384,0.9664287398471718,0.9664326569532451
0.6059076486909956,0.9532372451244486,0.9682297911980101,0.9387019230769231,0.8201438848920863,977031,32059,63801,94848,20800,0.9664287398471718,0.9664326569532451
0.6042387441206726,0.9538756604147968,0.9682691289376557,0.9399038461538461,0.8201438848920863,978282,32059,62550,94848,20800,0.9664287398471718,0.9664326569532451
0.6014480964098357,0.9545132974473111,0.9683083693821224,0.9411057692307693,0.8201438848920863,979533,32059,61299,94848,20800,0.9664287398471718,0.9664326569532451
0.598631859092265,0.9551501576442232,0.968347512891929,0.9423076923076923,0.8201438848920863,980784,32059,60048,94848,20800,0.9664287398471718,0.9664326569532451
0.5981796604844882,0.9549567180811366,0.9679499515918437,0.9423076923076923,0.8165467625899281,980784,32475,60048,94432,21216,0.9664287398471718,0.9664326569532451
0.5980232985073308,0.9555927918565378,0.9679894727503918,0.9435096153846154,0.8165467625899281,982035,32475,58797,94432,21216,0.9664287398471718,0.9664326569532451
0.5976793242333398,0.9553994195814877,0.9675927111927372,0.9435096153846154,0.8129496402877698,982035,32891,58797,94016,21632,0.9664287398471718,0.9664326569532451
0.5973387392687886,0.9552061255516313,0.9671962747527434,0.9435096153846154,0.8093525179856115,982035,33307,58797,93600,22048,0.9664287398471718,0.9664326569532451
0.5966484933380374,0.955841403696368,0.9672366423927766,0.9447115384615384,0.8093525179856115,983286,33307,57546,93600,22048,0.9664287398471718,0.9664326569532451
0.592350997966806,0.9564759097594765,0.9672769108036202,0.9459134615384616,0.8093525179856115,984537,33307,56295,93600,22048,0.9664287398471718,0.9664326569532451
0.5912999678406214,0.9571096451476193,0.9673170803507033,0.9471153846153846,0.8093525179856115,985788,33307,55044,93600,22048,0.9664287398471718,0.9664326569532451
0.5891515314726652,0.9569163969300257,0.9669223774927391,0.9471153846153846,0.8057553956834532,985788,33723,55044,93184,22464,0.9664287398471718,0.9664326569532451
0.5869895333207082,0.9567232267334511,0.9665279966115222,0.9471153846153846,0.802158273381295,985788,34139,55044,92768,22880,0.9664287398471718,0.9664326569532451
0.5848364446582175,0.9565301345106554,0.9661339373132368,0.9471153846153846,0.7985611510791367,985788,34555,55044,92352,23296,0.9664287398471718,0.9664326569532451
0.5835200061463807,0.9563371202144363,0.9657401992047094,0.9471153846153846,0.7949640287769785,985788,34971,55044,91936,23712,0.9664287398471718,0.9664326569532451
0.5828946972174712,0.9561441837976302,0.9653467818934071,0.9471153846153846,0.7913669064748201,985788,35387,55044,91520,24128,0.9664287398471718,0.9664326569532451
0.5825214643470387,0.955951325213111,0.9649536849874363,0.9471153846153846,0.7877697841726619,985788,35803,55044,91104,24544,0.9664287398471718,0.9664326569532451
0.5824644617883821,0.9565842279352262,0.9649965488315888,0.9483173076923077,0.7877697841726619,987039,35803,53793,91104,24544,0.9664287398471718,0.9664326569532451
0.5820548411368655,0.9563914364199235,0.9646042347091349,0.9483173076923077,0.7841726618705036,987039,36219,53793,90688,24960,0.9664287398471718,0.9664326569532451
0.5812237890809734,0.9561987225999827,0.9642122394434166,0.9483173076923077,0.7805755395683454,987039,36635,53793,90272,25376,0.9664287398471718,0.9664326569532451
0.5811770206133007,0.9560060864284462,0.9638205626458612,0.9483173076923077,0.7769784172661871,987039,37051,53793,89856,25792,0.9664287398471718,0.9664326569532451
0.5786009094832977,0.9558135278583941,0.9634292039285275,0.9483173076923077,0.7733812949640287,987039,37467,53793,89440,26208,0.9664287398471718,0.9664326569532451
0.5771964730924295,0.9556210468429445,0.9630381629041039,0.9483173076923077,0.7697841726618705,987039,37883,53793,89024,26624,0.9664287398471718,0.9664326569532451
0.5764272461712927,0.9554286433352531,0.9626474391859074,0.9483173076923077,0.7661870503597122,987039,38299,53793,88608,27040,0.9664287398471718,0.9664326569532451
0.5764055442399183,0.9552363172885135,0.9622570323878825,0.9483173076923077,0.762589928057554,987039,38715,53793,88192,27456,0.9664287398471718,0.9664326569532451
0.5755986437497458,0.9550440686559568,0.9618669421245992,0.9483173076923077,0.7589928057553957,987039,39131,53793,87776,27872,0.9664287398471718,0.9664326569532451
0.5747981175881602,0.9548518973908517,0.9614771680112528,0.9483173076923077,0.7553956834532374,987039,39547,53793,87360,28288,0.9664287398471718,0.9664326569532451
0.5745809187324017,0.9546598034465049,0.9610877096636617,0.9483173076923077,0.7517985611510791,987039,39963,53793,86944,28704,0.9664287398471718,0.9664326569532451
0.5722530899670918,0.955291831896708,0.9611350513929937,0.9495192307692307,0.7517985611510791,988290,39963,52542,86944,28704,0.9664287398471718,0.9664326569532451
0.5712146778365387,0.9550998042523294,0.9607463625325542,0.9495192307692307,0.7482014388489209,988290,40379,52542,86528,29120,0.9664287398471718,0.9664326569532451
0.5709465239319336,0.9549078537931714,0.9603579879213088,0.9495192307692307,0.7446043165467626,988290,40795,52542,86112,29536,0.9664287398471718,0.9664326569532451
0.5705873023803366,0.9547159804727066,0.9599699271783126,0.9495192307692307,0.7410071942446043,988290,41211,52542,85696,29952,0.9664287398471718,0.9664326569532451
0.5702064236425677,0.9545241842444449,0.9595821799232366,0.9495192307692307,0.737410071942446,988290,41627,52542,85280,30368,0.9664287398471718,0.9664326569532451
0.5675647035107058,0.9543324650619337,0.9591947457763655,0.9495192307692307,0.7338129496402878,988290,42043,52542,84864,30784,0.9664287398471718,0.9664326569532451
0.5669487892624661,0.9541408228787578,0.9588076243585975,0.9495192307692307,0.7302158273381295,988290,42459,52542,84448,31200,0.9664287398471718,0.9664326569532451
0.5653835292162692,0.954772022045202,0.9588575581395349,0.9507211538461539,0.7302158273381295,989541,42459,51291,84448,31200,0.9664287398471718,0.9664326569532451
0.565382193187863,0.9545804457546806,0.9584711976567585,0.9507211538461539,0.7266187050359713,989541,42875,51291,84032,31616,0.9664287398471718,0.9664326569532451
0.5632910583399896,0.9552108726010473,0.9585214580711197,0.9519230769230769,0.7266187050359713,990792,42875,50040,84032,31616,0.9664287398471718,0.9664326569532451
0.5627505518927616,0.9550193622389351,0.9581358556324783,0.9519230769230769,0.7230215827338129,990792,43291,50040,83616,32032,0.9664287398471718,0.9664326569532451
0.561389804676563,0.9544439124809866,0.9569781345923152,0.9519230769230769,0.7230215827338129,990792,44542,50040,83616,32032,0.9664287398471718,0.9664326569532451
0.5609770159290491,0.9542527095005158,0.9565937726285301,0.9519230769230769,0.7194244604316546,990792,44958,50040,83200,32448,0.9664287398471718,0.9664326569532451
0.5605471216471941,0.9540615831117796,0.9562097192920825,0.9519230769230769,0.7158273381294964,990792,45374,50040,82784,32864,0.9664287398471718,0.9664326569532451
0.5550897949307623,0.9538705332687659,0.9558259742113986,0.9519230769230769,0.7122302158273381,990792,45790,50040,82368,33280,0.9664287398471718,0.9664326569532451
0.5529847013984807,0.9536795599254992,0.9554425370155005,0.9519230769230769,0.7086330935251799,990792,46206,50040,81952,33696,0.9664287398471718,0.9664326569532451
0.5525963264124263,0.953488663036041,0.9550594073340055,0.9519230769230769,0.7050359712230215,990792,46622,50040,81536,34112,0.9664287398471718,0.9664326569532451
0.5506407767931525,0.9532978425544893,0.9546765847971248,0.9519230769230769,0.7014388489208633,990792,47038,50040,81120,34528,0.9664287398471718,0.9664326569532451
0.5505529232665856,0.9531070984349793,0.954294069035662,0.9519230769230769,0.697841726618705,990792,47454,50040,80704,34944,0.9664287398471718,0.9664326569532451
0.5485066614846571,0.9529164306316825,0.9539118596810127,0.9519230769230769,0.6942446043165468,990792,47870,50040,80288,35360,0.9664287398471718,0.9664326569532451
0.5483785332882526,0.9527258390988071,0.9535299563651622,0.9519230769230769,0.6906474820143885,990792,48286,50040,79872,35776,0.9664287398471718,0.9664326569532451
0.5476452390435387,0.9533553627037985,0.9535858367881699,0.953125,0.6906474820143885,992043,48286,48789,79872,35776,0.9664287398471718,0.9664326569532451
0.5466802427024053,0.9531648360834117,0.9532046754968796,0.953125,0.6870503597122302,992043,48702,48789,79456,36192,0.9664287398471718,0.9664326569532451
0.5448533794278981,0.9537935921737176,0.9532608570474359,0.9543269230769231,0.6870503597122302,993294,48702,47538,79456,36192,0.9664287398471718,0.9664326569532451
0.5435879135660391,0.9544215934232819,0.9533169038588177,0.9555288461538461,0.6870503597122302,994545,48702,46287,79456,36192,0.9664287398471718,0.9664326569532451
0.5419420182922502,0.9542311207270826,0.9529369154602587,0.9555288461538461,0.6834532374100719,994545,49118,46287,79040,36608,0.9664287398471718,0.9664326569532451
0.5415258986234185,0.9540407240404987,0.95255722986479,0.9555288461538461,0.6798561151079137,994545,49534,46287,78624,37024,0.9664287398471718,0.9664326569532451
0.5402967305350609,0.9538504033180407,0.9521778467106113,0.9555288461538461,0.6762589928057554,994545,49950,46287,78208,37440,0.9664287398471718,0.9664326569532451
0.5386778285817773,0.9536601585142561,0.9517987656364992,0.9555288461538461,0.6726618705035972,994545,50366,46287,77792,37856,0.9664287398471718,0.9664326569532451
0.5386518456139144,0.9534699895837278,0.9514199862818047,0.9555288461538461,0.6690647482014388,994545,50782,46287,77376,38272,0.9664287398471718,0.9664326569532451
0.5374627713974656,0.9528985680819771,0.9502827309574633,0.9555288461538461,0.6690647482014388,994545,52033,46287,77376,38272,0.9664287398471718,0.9664326569532451
0.5347496983809846,0.9527087027367224,0.9499051570496106,0.9555288461538461,0.6654676258992805,994545,52449,46287,76960,38688,0.9664287398471718,0.9664326569532451
0.5327794254546945,0.9525189130378567,0.9495278830639386,0.9555288461538461,0.6618705035971223,994545,52865,46287,76544,39104,0.9664287398471718,0.9664326569532451
0.5324340905627258,0.9523291989401808,0.9491509086432289,0.9555288461538461,0.658273381294964,994545,53281,46287,76128,39520,0.9664287398471718,0.9664326569532451
0.531174007100226,0.9521395603985306,0.9487742334308299,0.9555288461538461,0.6546762589928058,994545,53697,46287,75712,39936,0.9664287398471718,0.9664326569532451
0.5291645604031885,0.9519499973677787,0.948397857070656,0.9555288461538461,0.6510791366906474,994545,54113,46287,75296,40352,0.9664287398471718,0.9664326569532451
0.5285913339282104,0.9517605098028332,0.9480217792071866,0.9555288461538461,0.6474820143884892,994545,54529,46287,74880,40768,0.9664287398471718,0.9664326569532451
0.5285691398656522,0.9515710976586382,0.9476459994854644,0.9555288461538461,0.6438848920863309,994545,54945,46287,74464,41184,0.9664287398471718,0.9664326569532451
0.5277019881421823,0.9513817608901737,0.947270517551095,0.9555288461538461,0.6402877697841727,994545,55361,46287,74048,41600,0.9664287398471718,0.9664326569532451
0.526249245151184,0.9511924994524554,0.9468953330502455,0.9555288461538461,0.6366906474820144,994545,55777,46287,73632,42016,0.9664287398471718,0.9664326569532451
0.5238722799363907,0.950623803709129,0.9457688624565294,0.9555288461538461,0.6366906474820144,994545,57028,46287,73632,42016,0.9664287398471718,0.9664326569532451
0.5226323678770843,0.9504348436870617,0.9453948662961305,0.9555288461538461,0.6330935251798561,994545,57444,46287,73216,42432,0.9664287398471718,0.9664326569532451
0.5219892073572187,0.9502459587710326,0.9450211658059398,0.9555288461538461,0.6294964028776978,994545,57860,46287,72800,42848,0.9664287398471718,0.9664326569532451
0.5215261608079286,0.9500571489162721,0.9446477606354736,0.9555288461538461,0.6258992805755396,994545,58276,46287,72384,43264,0.9664287398471718,0.9664326569532451
0.5211134138490962,0.9494898095569058,0.943526628162023,0.9555288461538461,0.6258992805755396,994545,59527,46287,72384,43264,0.9664287398471718,0.9664326569532451
0.5198082181604078,0.9493013000400894,0.9431544028950543,0.9555288461538461,0.6223021582733813,994545,59943,46287,71968,43680,0.9664287398471718,0.9664326569532451
0.5183599861968811,0.9499282399689779,0.9432217621969067,0.9567307692307693,0.6223021582733813,995796,59943,45036,71968,43680,0.9664287398471718,0.9664326569532451
0.5160776731209241,0.9497397933320522,0.9428502445190337,0.9567307692307693,0.6187050359712231,995796,60359,45036,71552,44096,0.9664287398471718,0.9664326569532451
0.5153104129009836,0.9495514214483339,0.9424790193938695,0.9567307692307693,0.6151079136690647,995796,60775,45036,71136,44512,0.9664287398471718,0.9664326569532451
0.5132851716741585,0.9493631242733525,0.9421080864759926,0.9567307692307693,0.6115107913669064,995796,61191,45036,70720,44928,0.9664287398471718,0.9664326569532451
0.5130924353595335,0.9491749017626719,0.9417374454205256,0.9567307692307693,0.6079136690647482,995796,61607,45036,70304,45344,0.9664287398471718,0.9664326569532451
0.5118055337667795,0.948986753871892,0.9413670958831332,0.9567307692307693,0.60431654676259,995796,62023,45036,69888,45760,0.9664287398471718,0.9664326569532451
0.5107880085078178,0.9496128866966173,0.9414363545374715,0.9579326923076923,0.60431654676259,997047,62023,43785,69888,45760,0.9664287398471718,0.9664326569532451
0.5107233737467676,0.9494248013872185,0.9410667059309892,0.9579326923076923,0.6007194244604317,997047,62439,43785,69472,46176,0.9664287398471718,0.9664326569532451
0.5090255069293312,0.9492367905693915,0.9406973474906171,0.9579326923076923,0.5971223021582733,997047,62855,43785,69056,46592,0.9664287398471718,0.9664326569532451
0.5076525629989359,0.9490488541988911,0.9403282788748282,0.9579326923076923,0.5935251798561151,997047,63271,43785,68640,47008,0.9664287398471718,0.9664326569532451
0.507502478016406,0.9488609922315073,0.939959499742631,0.9579326923076923,0.5899280575539568,997047,63687,43785,68224,47424,0.9664287398471718,0.9664326569532451
0.5048009045042631,0.9494863319062001,0.9400302264156274,0.9591346153846154,0.5899280575539568,998298,63687,42534,68224,47424,0.9664287398471718,0.9664326569532451
0.5038144096556149,0.9492985323071671,0.9396621426372904,0.9591346153846154,0.5863309352517986,998298,64103,42534,67808,47840,0.9664287398471718,0.9664326569532451
0.5033078465030676,0.9491108069834844,0.939294347004235,0.9591346153846154,0.5827338129496403,998298,64519,42534,67392,48256,0.9664287398471718,0.9664326569532451
0.5026681374290718,0.9489231558910965,0.9389268391782422,0.9591346153846154,0.579136690647482,998298,64935,42534,66976,48672,0.9664287398471718,0.9664326569532451
0.502506573787984,0.9495477163523196,0.9389986134126957,0.9603365384615384,0.579136690647482,999549,64935,41283,66976,48672,0.9664287398471718,0.9664326569532451
0.5013035663032923,0.9493601274996059,0.9386317964128087,0.9603365384615384,0.5755395683453237,999549,65351,41283,66560,49088,0.9664287398471718,0.9664326569532451
0.5010895771116111,0.9491726127508608,0.9382652658929369,0.9603365384615384,0.5719424460431655,999549,65767,41283,66144,49504,0.9664287398471718,0.9664326569532451
0.5010282720244896,0.9489851720621828,0.9378990215176048,0.9603365384615384,0.5683453237410072,999549,66183,41283,65728,49920,0.9664287398471718,0.9664326569532451
0.49895379894118236,0.9484219440510671,0.936799367937446,0.9603365384615384,0.5683453237410072,999549,67434,41283,65728,49920,0.9664287398471718,0.9664326569532451
0.49663170588286254,0.9482347996969972,0.9364342668486667,0.9603365384615384,0.564748201438849,999549,67850,41283,65312,50336,0.9664287398471718,0.9664326569532451
0.4955851125651411,0.9480477291836898,0.9360694502324841,0.9603365384615384,0.5611510791366906,999549,68266,41283,64896,50752,0.9664287398471718,0.9664326569532451
0.4952386276894164,0.9478607324674512,0.9357049177565526,0.9603365384615384,0.5575539568345323,999549,68682,41283,64480,51168,0.9664287398471718,0.9664326569532451
0.4950157218148128,0.9476738095046218,0.9353406690890443,0.9603365384615384,0.5539568345323741,999549,69098,41283,64064,51584,0.9664287398471718,0.9664326569532451
0.4909498766226483,0.9482975084449455,0.9354162733269901,0.9615384615384616,0.5539568345323741,1000800,69098,40032,64064,51584,0.9664287398471718,0.9664326569532451
0.4906677383411966,0.9481106470135178,0.9350527041597139,0.9615384615384616,0.5503597122302158,1000800,69514,40032,63648,52000,0.9664287398471718,0.9664326569532451
0.4893014093949192,0.9479238592094383,0.9346894175002102,0.9615384615384616,0.5467625899280576,1000800,69930,40032,63232,52416,0.9664287398471718,0.9664326569532451
0.48886896733961704,0.9477371449891997,0.934326413019327,0.9615384615384616,0.5431654676258992,1000800,70346,40032,62816,52832,0.9664287398471718,0.9664326569532451
0.48806243148263606,0.9475505043093286,0.9339636903884236,0.9615384615384616,0.539568345323741,1000800,70762,40032,62400,53248,0.9664287398471718,0.9664326569532451
0.48722837403192143,0.9473639371263862,0.9336012492793695,0.9615384615384616,0.5359712230215827,1000800,71178,40032,61984,53664,0.9664287398471718,0.9664326569532451
0.48713849779933777,0.9471774433969675,0.9332390893645433,0.9615384615384616,0.5323741007194245,1000800,71594,40032,61568,54080,0.9664287398471718,0.9664326569532451
0.4869031630200759,0.9478003307673718,0.9333168784840427,0.9627403846153846,0.5323741007194245,1002051,71594,38781,61568,54080,0.9664287398471718,0.9664326569532451
0.4858593147765353,0.9476138981972138,0.932955390801826,0.9627403846153846,0.5287769784172662,1002051,72010,38781,61152,54496,0.9664287398471718,0.9664326569532451
0.4856034358770436,0.9474275389553015,0.9325941830304418,0.9627403846153846,0.5251798561151079,1002051,72426,38781,60736,54912,0.9664287398471718,0.9664326569532451
0.4855629058162675,0.9472412529983811,0.9322332548449008,0.9627403846153846,0.5215827338129496,1002051,72842,38781,60320,55328,0.9664287398471718,0.9664326569532451
0.4854953881970685,0.9470550402832325,0.9318726059207167,0.9627403846153846,0.5179856115107914,1002051,73258,38781,59904,55744,0.9664287398471718,0.9664326569532451
0.48492485330423174,0.9468689007666696,0.9315122359339051,0.9627403846153846,0.5143884892086331,1002051,73674,38781,59488,56160,0.9664287398471718,0.9664326569532451
0.4824240140929463,0.9466828344055404,0.9311521445609823,0.9627403846153846,0.5107913669064749,1002051,74090,38781,59072,56576,0.9664287398471718,0.9664326569532451
0.4819119877764265,0.9464968411567265,0.9307923314789649,0.9627403846153846,0.5071942446043165,1002051,74506,38781,58656,56992,0.9664287398471718,0.9664326569532451
0.48163349477175954,0.9463109209771438,0.9304327963653685,0.9627403846153846,0.5035971223021583,1002051,74922,38781,58240,57408,0.9664287398471718,0.9664326569532451
0.48054117105083277,0.9461250738237417,0.9300735388982067,0.9627403846153846,0.5,1002051,75338,38781,57824,57824,0.9664287398471718,0.9664326569532451
0.4797840622042236,0.9459392996535037,0.9297145587559902,0.9627403846153846,0.49640287769784175,1002051,75754,38781,57408,58240,0.9664287398471718,0.9664326569532451
0.47504454757897496,0.9457535984234468,0.9293558556177258,0.9627403846153846,0.49280575539568344,1002051,76170,38781,56992,58656,0.9664287398471718,0.9664326569532451
0.47216249954276546,0.9455679700906218,0.9289974291629158,0.9627403846153846,0.4892086330935252,1002051,76586,38781,56576,59072,0.9664287398471718,0.9664326569532451
0.4712961860832355,0.9461899732166434,0.9290796823374275,0.9639423076923077,0.4892086330935252,1003302,76586,37530,56576,59072,0.9664287398471718,0.9664326569532451
0.4701268758807373,0.9460044051866547,0.9287219153127267,0.9639423076923077,0.4856115107913669,1003302,77002,37530,56160,59488,0.9664287398471718,0.9664326569532451
0.46874270706857574,0.9458189099300889,0.9283644237175217,0.9639423076923077,0.48201438848920863,1003302,77418,37530,55744,59904,0.9664287398471718,0.9664326569532451
0.46622606204608774,0.9456334874041455,0.9280072072338725,0.9639423076923077,0.4784172661870504,1003302,77834,37530,55328,60320,0.9664287398471718,0.9664326569532451
0.4656475854999957,0.9454481375660578,0.927650265544329,0.9639423076923077,0.4748201438848921,1003302,78250,37530,54912,60736,0.9664287398471718,0.9664326569532451
0.4641866465812535,0.9452628603730922,0.9272935983319285,0.9639423076923077,0.4712230215827338,1003302,78666,37530,54496,61152,0.9664287398471718,0.9664326569532451
0.46390173066965634,0.9450776557825488,0.9269372052801963,0.9639423076923077,0.4676258992805755,1003302,79082,37530,54080,61568,0.9664287398471718,0.9664326569532451
0.46345508406409286,0.9456988505822872,0.9270215524600073,0.9651442307692307,0.4676258992805755,1004553,79082,36279,54080,61568,0.9664287398471718,0.9664326569532451
0.4632050061004591,0.9455137059311031,0.9266658118483355,0.9651442307692307,0.46402877697841727,1004553,79498,36279,53664,61984,0.9664287398471718,0.9664326569532451
0.46035014421866044,0.9453286337592969,0.9263103441598499,0.9651442307692307,0.460431654676259,1004553,79914,36279,53248,62400,0.9664287398471718,0.9664326569532451
0.4578341804156646,0.9451436340243166,0.9259551490805921,0.9651442307692307,0.4568345323741007,1004553,80330,36279,52832,62816,0.9664287398471718,0.9664326569532451
0.45727629318058627,0.9449587066836427,0.9256002262970849,0.9651442307692307,0.45323741007194246,1004553,80746,36279,52416,63232,0.9664287398471718,0.9664326569532451
0.4570277260394012,0.9447738516947897,0.9252455754963319,0.9651442307692307,0.44964028776978415,1004553,81162,36279,52000,63648,0.9664287398471718,0.9664326569532451
0.4566842990589435,0.9445890690153049,0.924891196365816,0.9651442307692307,0.4460431654676259,1004553,81578,36279,51584,64064,0.9664287398471718,0.9664326569532451
0.45416874888795866,0.944033823666229,0.9238271371054514,0.9651442307692307,0.4460431654676259,1004553,82829,36279,51584,64064,0.9664287398471718,0.9664326569532451
0.45346487939436164,0.9438493303204408,0.9234738434893243,0.9651442307692307,0.44244604316546765,1004553,83245,36279,51168,64480,0.9664287398471718,0.9664326569532451
0.4522474849768149,0.9436649090719506,0.9231208199857749,0.9651442307692307,0.43884892086330934,1004553,83661,36279,50752,64896,0.9664287398471718,0.9664326569532451
0.4510044310639605,0.9434805598785045,0.9227680662851474,0.9651442307692307,0.4352517985611511,1004553,84077,36279,50336,65312,0.9664287398471718,0.9664326569532451
0.45065971421098255,0.9432962826978822,0.9224155820782594,0.9651442307692307,0.4316546762589928,1004553,84493,36279,49920,65728,0.9664287398471718,0.9664326569532451
0.44918433206700553,0.943112077487896,0.9220633670564004,0.9651442307692307,0.42805755395683454,1004553,84909,36279,49504,66144,0.9664287398471718,0.9664326569532451
0.44892571361904093,0.9429279442063913,0.9217114209113314,0.9651442307692307,0.4244604316546763,1004553,85325,36279,49088,66560,0.9664287398471718,0.9664326569532451
0.44823576462692466,0.9427438828112462,0.9213597433352839,0.9651442307692307,0.420863309352518,1004553,85741,36279,48672,66976,0.9664287398471718,0.9664326569532451
0.44686973711130074,0.9433641424569857,0.9214498715123975,0.9663461538461539,0.420863309352518,1005804,85741,35028,48672,66976,0.9664287398471718,0.9664326569532451
0.4466401334776873,0.9431801398447951,0.921098830452736,0.9663461538461539,0.4172661870503597,1005804,86157,35028,48256,67392,0.9664287398471718,0.9664326569532451
0.4463960962178666,0.9429962089978057,0.9207480567606239,0.9663461538461539,0.4136690647482014,1005804,86573,35028,47840,67808,0.9664287398471718,0.9664326569532451
0.44525816949801666,0.9428123498740406,0.9203975501307201,0.9663461538461539,0.41007194244604317,1005804,86989,35028,47424,68224,0.9664287398471718,0.9664326569532451
0.4447116969432657,0.9426285624315559,0.9200473102581482,0.9663461538461539,0.4064748201438849,1005804,87405,35028,47008,68640,0.9664287398471718,0.9664326569532451
0.44386742516359684,0.943248042890621,0.9201386985362645,0.9675480769230769,0.4064748201438849,1007055,87405,33777,47008,68640,0.9664287398471718,0.9664326569532451
0.4426209318818419,0.9430643140354393,0.9197890902714098,0.9675480769230769,0.4028776978417266,1007055,87821,33777,46592,69056,0.9664287398471718,0.9664326569532451
0.44121963653188345,0.9428806567409008,0.9194397475741629,0.9675480769230769,0.39928057553956836,1007055,88237,33777,46176,69472,0.9664287398471718,0.9664326569532451
0.43924775883088707,0.9423287911573777,0.9183907972601165,0.9675480769230769,0.39928057553956836,1007055,89488,33777,46176,69472,0.9664287398471718,0.9664326569532451
0.43794948160433234,0.9421454202024426,0.9180425157184544,0.9675480769230769,0.39568345323741005,1007055,89904,33777,45760,69888,0.9664287398471718,0.9664326569532451
0.4375044495435785,0.941962120599175,0.9176944982344231,0.9675480769230769,0.3920863309352518,1007055,90320,33777,45344,70304,0.9664287398471718,0.9664326569532451
0.43685224499455927,0.941778892305937,0.9173467445078344,0.9675480769230769,0.38848920863309355,1007055,90736,33777,44928,70720,0.9664287398471718,0.9664326569532451
0.4364730725880886,0.941595735281124,0.9169992542389549,0.9675480769230769,0.38489208633093525,1007055,91152,33777,44512,71136,0.9664287398471718,0.9664326569532451
0.43646815584231113,0.9414126494831627,0.9166520271285055,0.9675480769230769,0.381294964028777,1007055,91568,33777,44096,71552,0.9664287398471718,0.9664326569532451
0.436351465616711,0.9412296348705133,0.9163050628776594,0.9675480769230769,0.3776978417266187,1007055,91984,33777,43680,71968,0.9664287398471718,0.9664326569532451
0.4363194187835857,0.9410466914016672,0.9159583611880432,0.9675480769230769,0.37410071942446044,1007055,92400,33777,43264,72384,0.9664287398471718,0.9664326569532451
0.43587412805972015,0.9408638190351487,0.9156119217617339,0.9675480769230769,0.37050359712230213,1007055,92816,33777,42848,72800,0.9664287398471718,0.9664326569532451
0.4347535574697754,0.9406810177295143,0.9152657443012596,0.9675480769230769,0.3669064748201439,1007055,93232,33777,42432,73216,0.9664287398471718,0.9664326569532451
0.43450755061246027,0.9404982874433525,0.914919828509598,0.9675480769230769,0.36330935251798563,1007055,93648,33777,42016,73632,0.9664287398471718,0.9664326569532451
0.43339755984044726,0.9403156281352841,0.9145741740901755,0.9675480769230769,0.3597122302158273,1007055,94064,33777,41600,74048,0.9664287398471718,0.9664326569532451
0.4320414894629778,0.940133039763962,0.9142287807468669,0.9675480769230769,0.35611510791366907,1007055,94480,33777,41184,74464,0.9664287398471718,0.9664326569532451
0.4302545915617047,0.9395843849044,0.9131916799814288,0.9675480769230769,0.35611510791366907,1007055,95731,33777,41184,74464,0.9664287398471718,0.9664326569532451
0.4298589429137524,0.9390363700533693,0.9121569295231954,0.9675480769230769,0.35611510791366907,1007055,96982,33777,41184,74464,0.9664287398471718,0.9664326569532451
0.4292169777311742,0.9388542781029094,0.9118133591922879,0.9675480769230769,0.35251798561151076,1007055,97398,33777,40768,74880,0.9664287398471718,0.9664326569532451
0.42699495363674,0.9386722567589799,0.9114700475803014,0.9675480769230769,0.3489208633093525,1007055,97814,33777,40352,75296,0.9664287398471718,0.9664326569532451
0.4267987134510616,0.9384903059805221,0.9111269943951108,0.9675480769230769,0.34532374100719426,1007055,98230,33777,39936,75712,0.9664287398471718,0.9664326569532451
0.4255743068425009,0.9379435662634443,0.9100969150574405,0.9675480769230769,0.34532374100719426,1007055,99481,33777,39936,75712,0.9664287398471718,0.9664326569532451
0.4252341789836036,0.937761897844476,0.9097548945211716,0.9675480769230769,0.34172661870503596,1007055,99897,33777,39520,76128,0.9664287398471718,0.9664326569532451
0.42490939395513583,0.9375802997858672,0.9094131309555631,0.9675480769230769,0.3381294964028777,1007055,100313,33777,39104,76544,0.9664287398471718,0.9664326569532451
0.4240196064537637,0.93739877204675,0.9090716240711185,0.9675480769230769,0.3345323741007194,1007055,100729,33777,38688,76960,0.9664287398471718,0.9664326569532451
0.4238684904135727,0.9368533030182797,0.9080461842953559,0.9675480769230769,0.3345323741007194,1007055,101980,33777,38688,76960,0.9664287398471718,0.9664326569532451
0.42375768810210734,0.9366720566548682,0.9077057030909882,0.9675480769230769,0.33093525179856115,1007055,102396,33777,38272,77376,0.9664287398471718,0.9664326569532451
0.42143525108601554,0.9364908804067886,0.9073654771247366,0.9675480769230769,0.3273381294964029,1007055,102812,33777,37856,77792,0.9664287398471718,0.9664326569532451
0.4206236386462119,0.9363097742333627,0.9070255061097036,0.9675480769230769,0.3237410071942446,1007055,103228,33777,37440,78208,0.9664287398471718,0.9664326569532451
0.41945503944083384,0.9361287380939434,0.9066857897594218,0.9675480769230769,0.32014388489208634,1007055,103644,33777,37024,78624,0.9664287398471718,0.9664326569532451
0.41849178325855485,0.9359477719479151,0.9063463277878527,0.9675480769230769,0.31654676258992803,1007055,104060,33777,36608,79040,0.9664287398471718,0.9664326569532451
0.41711706134950494,0.935403989786355,0.905327023659479,0.9675480769230769,0.31654676258992803,1007055,105311,33777,36608,79040,0.9664287398471718,0.9664326569532451
0.4168372902260725,0.9352233037118072,0.9049885781761388,0.9675480769230769,0.3129496402877698,1007055,105727,33777,36192,79456,0.9664287398471718,0.9664326569532451
0.4160908471565981,0.9350426874277517,0.9046503856456802,0.9675480769230769,0.30935251798561153,1007055,106143,33777,35776,79872,0.9664287398471718,0.9664326569532451
0.41341058130882613,0.9344999561542091,0.9036348904256722,0.9675480769230769,0.30935251798561153,1007055,107394,33777,35776,79872,0.9664287398471718,0.9664326569532451
0.41218001580621566,0.9343196191301467,0.9032977086911869,0.9675480769230769,0.3057553956834532,1007055,107810,33777,35360,80288,0.9664287398471718,0.9664326569532451
0.4108081741668558,0.9341393516944613,0.9029607784943884,0.9675480769230769,0.302158273381295,1007055,108226,33777,34944,80704,0.9664287398471718,0.9664326569532451
0.41014738915067117,0.9339591538068813,0.9026240995539111,0.9675480769230769,0.29856115107913667,1007055,108642,33777,34528,81120,0.9664287398471718,0.9664326569532451
0.408695720159181,0.9337790254271666,0.9022876715888086,0.9675480769230769,0.2949640287769784,1007055,109058,33777,34112,81536,0.9664287398471718,0.9664326569532451
0.40835425576108886,0.933598966515108,0.9019514943185533,0.9675480769230769,0.29136690647482016,1007055,109474,33777,33696,81952,0.9664287398471718,0.9664326569532451
0.407927054833954,0.9334189770305272,0.9016155674630353,0.9675480769230769,0.28776978417266186,1007055,109890,33777,33280,82368,0.9664287398471718,0.9664326569532451
0.407824377257223,0.933239056933277,0.9012798907425622,0.9675480769230769,0.2841726618705036,1007055,110306,33777,32864,82784,0.9664287398471718,0.9664326569532451
0.4049878613043896,0.9338570483883815,0.9013902944005607,0.96875,0.2841726618705036,1008306,110306,32526,32864,82784,0.9664287398471718,0.9664326569532451
0.4041169780402558,0.9336771827803654,0.9010552014784259,0.96875,0.2805755395683453,1008306,110722,32526,32448,83200,0.9664287398471718,0.9664326569532451
0.4039723603800911,0.9334973864450653,0.9007203576060974,0.96875,0.27697841726618705,1008306,111138,32526,32032,83616,0.9664287398471718,0.9664326569532451
0.40201690452559835,0.9333176593424699,0.9003857625060275,0.96875,0.2733812949640288,1008306,111554,32526,31616,84032,0.9664287398471718,0.9664326569532451
0.4009909252371541,0.9331380014325985,0.9000514159010815,0.96875,0.2697841726618705,1008306,111970,32526,31200,84448,0.9664287398471718,0.9664326569532451
0.39825720418051347,0.9329584126755012,0.8997173175145357,0.96875,0.26618705035971224,1008306,112386,32526,30784,84864,0.9664287398471718,0.9664326569532451
0.39797339267668297,0.9327788930312589,0.8993834670700771,0.96875,0.26258992805755393,1008306,112802,32526,30368,85280,0.9664287398471718,0.9664326569532451
0.39788855472074336,0.9325994424599835,0.8990498642918029,0.96875,0.2589928057553957,1008306,113218,32526,29952,85696,0.9664287398471718,0.9664326569532451
0.3974439843841022,0.932420060921817,0.8987165089042195,0.96875,0.25539568345323743,1008306,113634,32526,29536,86112,0.9664287398471718,0.9664326569532451
0.39579024935674184,0.9322407483769326,0.8983834006322414,0.96875,0.2517985611510791,1008306,114050,32526,29120,86528,0.9664287398471718,0.9664326569532451
0.3946527780114176,0.9320615047855337,0.8980505392011914,0.96875,0.24820143884892087,1008306,114466,32526,28704,86944,0.9664287398471718,0.9664326569532451
0.392773640982055,0.9318823301078548,0.8977179243367984,0.96875,0.2446043165467626,1008306,114882,32526,28288,87360,0.9664287398471718,0.9664326569532451
0.3916363284232334,0.9317032243041605,0.8973855557651984,0.96875,0.24100719424460432,1008306,115298,32526,27872,87776,0.9664287398471718,0.9664326569532451
0.3905272390843886,0.9315241873347462,0.8970534332129322,0.96875,0.23741007194244604,1008306,115714,32526,27456,88192,0.9664287398471718,0.9664326569532451
0.3899075076537394,0.9313452191599377,0.8967215564069454,0.96875,0.23381294964028776,1008306,116130,32526,27040,88608,0.9664287398471718,0.9664326569532451
0.38776524144671143,0.9311663197400913,0.8963899250745876,0.96875,0.2302158273381295,1008306,116546,32526,26624,89024,0.9664287398471718,0.9664326569532451
0.3877193235444301,0.9309874890355939,0.8960585389436116,0.96875,0.22661870503597123,1008306,116962,32526,26208,89440,0.9664287398471718,0.9664326569532451
0.3853438390344537,0.9308087270068627,0.8957273977421728,0.96875,0.22302158273381295,1008306,117378,32526,25792,89856,0.9664287398471718,0.9664326569532451
0.3850677063971102,0.930630033614345,0.8953965011988279,0.96875,0.21942446043165467,1008306,117794,32526,25376,90272,0.9664287398471718,0.9664326569532451
0.38474060499002033,0.9304514088185192,0.8950658490425347,0.96875,0.2158273381294964,1008306,118210,32526,24960,90688,0.9664287398471718,0.9664326569532451
0.38453850343585033,0.9310683994597434,0.8951822495249462,0.9699519230769231,0.2158273381294964,1009557,118210,31275,24960,90688,0.9664287398471718,0.9664326569532451
0.38173825507240045,0.9308898278711766,0.894852164941326,0.9699519230769231,0.21223021582733814,1009557,118626,31275,24544,91104,0.9664287398471718,0.9664326569532451
0.3810581057749305,0.9303532378058726,0.893860995861644,0.9699519230769231,0.21223021582733814,1009557,119877,31275,24544,91104,0.9664287398471718,0.9664326569532451
0.3797220060124695,0.9301749404104332,0.8935318847634641,0.9699519230769231,0.20863309352517986,1009557,120293,31275,24128,91520,0.9664287398471718,0.9664326569532451
0.377932635308187,0.9299967113414502,0.8932030159272242,0.9699519230769231,0.20503597122302158,1009557,120709,31275,23712,91936,0.9664287398471718,0.9664326569532451
0.3755490689681249,0.9298185505596556,0.8928743890855254,0.9699519230769231,0.2014388489208633,1009557,121125,31275,23296,92352,0.9664287398471718,0.9664326569532451
0.3745235365461381,0.9296404580258112,0.8925460039713623,0.9699519230769231,0.19784172661870503,1009557,121541,31275,22880,92768,0.9664287398471718,0.9664326569532451
0.37413963565411934,0.9294624337007088,0.8922178603181224,0.9699519230769231,0.19424460431654678,1009557,121957,31275,22464,93184,0.9664287398471718,0.9664326569532451
0.37329275364851733,0.9292844775451706,0.8918899578595849,0.9699519230769231,0.1906474820143885,1009557,122373,31275,22048,93600,0.9664287398471718,0.9664326569532451
0.3724423309806997,0.9291065895200485,0.8915622963299203,0.9699519230769231,0.18705035971223022,1009557,122789,31275,21632,94016,0.9664287398471718,0.9664326569532451
0.3699114772666203,0.9289287695862245,0.8912348754636896,0.9699519230769231,0.18345323741007194,1009557,123205,31275,21216,94432,0.9664287398471718,0.9664326569532451
0.3696726633589432,0.9287510177046103,0.8909076949958435,0.9699519230769231,0.17985611510791366,1009557,123621,31275,20800,94848,0.9664287398471718,0.9664326569532451
0.36578342568960764,0.928573333836148,0.8905807546617219,0.9699519230769231,0.17625899280575538,1009557,124037,31275,20384,95264,0.9664287398471718,0.9664326569532451
0.36448657679271723,0.9283957179418091,0.890254054197053,0.9699519230769231,0.17266187050359713,1009557,124453,31275,19968,95680,0.9664287398471718,0.9664326569532451
0.36366465479678833,0.92901176558171,0.8903749886589956,0.9711538461538461,0.17266187050359713,1010808,124453,30024,19968,95680,0.9664287398471718,0.9664326569532451
0.361802658728403,0.928834201926112,0.8900488431129626,0.9711538461538461,0.16906474820143885,1010808,124869,30024,19552,96096,0.9664287398471718,0.9664326569532451
0.36114509288074725,0.9286567061336518,0.8897229364145365,0.9711538461538461,0.16546762589928057,1010808,125285,30024,19136,96512,0.9664287398471718,0.9664326569532451
0.36113911858748715,0.9284792781654321,0.8893972683014388,0.9711538461538461,0.1618705035971223,1010808,125701,30024,18720,96928,0.9664287398471718,0.9664326569532451
0.36047549617827057,0.9283019179825849,0.8890718385117752,0.9711538461538461,0.15827338129496402,1010808,126117,30024,18304,97344,0.9664287398471718,0.9664326569532451
0.3589873060775991,0.9281246255462721,0.888746646784034,0.9711538461538461,0.15467625899280577,1010808,126533,30024,17888,97760,0.9664287398471718,0.9664326569532451
0.3580736025695185,0.9279474008176852,0.8884216928570864,0.9711538461538461,0.1510791366906475,1010808,126949,30024,17472,98176,0.9664287398471718,0.9664326569532451
0.35746452635567566,0.9277702437580455,0.8880969764701852,0.9711538461538461,0.1474820143884892,1010808,127365,30024,17056,98592,0.9664287398471718,0.9664326569532451
0.3504299302969677,0.9275931543286038,0.8877724973629642,0.9711538461538461,0.14388489208633093,1010808,127781,30024,16640,99008,0.9664287398471718,0.9664326569532451
0.3465229608573559,0.9274161324906404,0.8874482552754378,0.9711538461538461,0.14028776978417265,1010808,128197,30024,16224,99424,0.9664287398471718,0.9664326569532451
0.34594486782187184,0.9272391782054652,0.8871242499479999,0.9711538461538461,0.1366906474820144,1010808,128613,30024,15808,99840,0.9664287398471718,0.9664326569532451
0.3457864337587685,0.9270622914344177,0.8868004811214235,0.9711538461538461,0.13309352517985612,1010808,129029,30024,15392,100256,0.9664287398471718,0.9664326569532451
0.3457754084195852,0.9268854721388666,0.8864769485368598,0.9711538461538461,0.12949640287769784,1010808,129445,30024,14976,100672,0.9664287398471718,0.9664326569532451
0.34550957195853993,0.9267087202802108,0.8861536519358376,0.9711538461538461,0.12589928057553956,1010808,129861,30024,14560,101088,0.9664287398471718,0.9664326569532451
0.3449611923292769,0.9265320358198776,0.8858305910602629,0.9711538461538461,0.1223021582733813,1010808,130277,30024,14144,101504,0.9664287398471718,0.9664326569532451
0.344198578015268,0.9263554187193247,0.8855077656524173,0.9711538461538461,0.11870503597122302,1010808,130693,30024,13728,101920,0.9664287398471718,0.9664326569532451
0.3430185818686804,0.9261788689400384,0.8851851754549587,0.9711538461538461,0.11510791366906475,1010808,131109,30024,13312,102336,0.9664287398471718,0.9664326569532451
0.3415613538222564,0.9260023864435349,0.8848628202109192,0.9711538461538461,0.11151079136690648,1010808,131525,30024,12896,102752,0.9664287398471718,0.9664326569532451
0.3410870452629585,0.9258259711913596,0.8845406996637056,0.9711538461538461,0.1079136690647482,1010808,131941,30024,12480,103168,0.9664287398471718,0.9664326569532451
0.3387757486071142,0.9256496231450867,0.8842188135570981,0.9711538461538461,0.10431654676258993,1010808,132357,30024,12064,103584,0.9664287398471718,0.9664326569532451
0.33795935558132395,0.9254733422663205,0.8838971616352492,0.9711538461538461,0.10071942446043165,1010808,132773,30024,11648,104000,0.9664287398471718,0.9664326569532451
0.33688990946900327,0.925297128516694,0.8835757436426844,0.9711538461538461,0.09712230215827339,1010808,133189,30024,11232,104416,0.9664287398471718,0.9664326569532451
0.3365944496624419,0.9251209818578695,0.8832545593242999,0.9711538461538461,0.09352517985611511,1010808,133605,30024,10816,104832,0.9664287398471718,0.9664326569532451
0.33554282997897666,0.9249449022515386,0.8829336084253631,0.9711538461538461,0.08992805755395683,1010808,134021,30024,10400,105248,0.9664287398471718,0.9664326569532451
0.33339957936480547,0.9247688896594218,0.8826128906915114,0.9711538461538461,0.08633093525179857,1010808,134437,30024,9984,105664,0.9664287398471718,0.9664326569532451
0.3331131548711343,0.9245929440432693,0.8822924058687518,0.9711538461538461,0.08273381294964029,1010808,134853,30024,9568,106080,0.9664287398471718,0.9664326569532451
0.33132633053823224,0.9244170653648597,0.8819721537034597,0.9711538461538461,0.07913669064748201,1010808,135269,30024,9152,106496,0.9664287398471718,0.9664326569532451
0.3245844796684057,0.9242412535860012,0.8816521339423791,0.9711538461538461,0.07553956834532374,1010808,135685,30024,8736,106912,0.9664287398471718,0.9664326569532451
0.32275748906887247,0.9240655086685307,0.881332346332621,0.9711538461538461,0.07194244604316546,1010808,136101,30024,8320,107328,0.9664287398471718,0.9664326569532451
0.32246625294193376,0.9238898305743144,0.8810127906216635,0.9711538461538461,0.0683453237410072,1010808,136517,30024,7904,107744,0.9664287398471718,0.9664326569532451
0.3217946331332443,0.9237142192652472,0.8806934665573505,0.9711538461538461,0.06474820143884892,1010808,136933,30024,7488,108160,0.9664287398471718,0.9664326569532451
0.3202454112617354,0.9235386747032535,0.8803743738878916,0.9711538461538461,0.06115107913669065,1010808,137349,30024,7072,108576,0.9664287398471718,0.9664326569532451
0.3174523357451092,0.9233631968502858,0.8800555123618612,0.9711538461538461,0.05755395683453238,1010808,137765,30024,6656,108992,0.9664287398471718,0.9664326569532451
0.31602686552746956,0.9231877856683263,0.8797368817281975,0.9711538461538461,0.0539568345323741,1010808,138181,30024,6240,109408,0.9664287398471718,0.9664326569532451
0.31465317696824663,0.9230124411193857,0.8794184817362026,0.9711538461538461,0.050359712230215826,1010808,138597,30024,5824,109824,0.9664287398471718,0.9664326569532451
0.3141848478812372,0.9228371631655036,0.8791003121355411,0.9711538461538461,0.046762589928057555,1010808,139013,30024,5408,110240,0.9664287398471718,0.9664326569532451
0.3126071879345552,0.9226619517687485,0.8787823726762398,0.9711538461538461,0.04316546762589928,1010808,139429,30024,4992,110656,0.9664287398471718,0.9664326569532451
0.3119279375861832,0.9224868068912176,0.878464663108687,0.9711538461538461,0.039568345323741004,1010808,139845,30024,4576,111072,0.9664287398471718,0.9664326569532451
0.31145749004677487,0.922311728495037,0.8781471831836319,0.9711538461538461,0.03597122302158273,1010808,140261,30024,4160,111488,0.9664287398471718,0.9664326569532451
0.3091544481035433,0.9221367165423614,0.8778299326521839,0.9711538461538461,0.03237410071942446,1010808,140677,30024,3744,111904,0.9664287398471718,0.9664326569532451
0.30813379069792046,0.9219617709953742,0.8775129112658119,0.9711538461538461,0.02877697841726619,1010808,141093,30024,3328,112320,0.9664287398471718,0.9664326569532451
0.3076147606367985,0.9217868918162879,0.8771961187763436,0.9711538461538461,0.025179856115107913,1010808,141509,30024,2912,112736,0.9664287398471718,0.9664326569532451
0.30396162098912727,0.9216120789673431,0.8768795549359653,0.9711538461538461,0.02158273381294964,1010808,141925,30024,2496,113152,0.9664287398471718,0.9664326569532451
0.3034030651743067,0.9214373324108094,0.8765632194972203,0.9711538461538461,0.017985611510791366,1010808,142341,30024,2080,113568,0.9664287398471718,0.9664326569532451
0.3031108646980121,0.9212626521089848,0.8762471122130092,0.9711538461538461,0.014388489208633094,1010808,142757,30024,1664,113984,0.9664287398471718,0.9664326569532451
0.29926847105136145,0.9207377503133471,0.8752978829527821,0.9711538461538461,0.014388489208633094,1010808,144008,30024,1664,113984,0.9664287398471718,0.9664326569532451
0.2962965336229523,0.920563335130488,0.8749826874601812,0.9711538461538461,0.01079136690647482,1010808,144424,30024,1248,114400,0.9664287398471718,0.9664326569532451
0.27857301835529436,0.920388986013986,0.8746677188901811,0.9711538461538461,0.007194244604316547,1010808,144840,30024,832,114816,0.9664287398471718,0.9664326569532451
0.22468420163572733,0.9202147029263106,0.8743529769978132,0.9711538461538461,0.0035971223021582736,1010808,145256,30024,416,115232,0.9664287398471718,0.9664326569532451
0.21915330351144197,0.9200404858299596,0.8740384615384615,0.9711538461538461,0.0,1010808,145672,30024,0,115648,0.9664287398471718,0.9664326569532451
