threshold,f1,precision,recall,tnr,tp,fp,fn,tn_unknown,fp_unknown,auc_pr_trapezoid,ap_pr_step
0.701529453460906,0.0,,0.0,1.0,0,0,1040832,115648,0,0.9601570001522017,0.9601838569935708
0.7015294534609059,0.0024009603841536613,1.0,0.001201923076923077,1.0,1251,0,1039581,115648,0,0.9601570001522017,0.9601838569935708
0.689421385637771,0.004796163069544364,1.0,0.002403846153846154,1.0,2502,0,1038330,115648,0,0.9601570001522017,0.9601838569935708
0.6869850913343176,0.00718562874251497,1.0,0.003605769230769231,1.0,3753,0,1037079,115648,0,0.9601570001522017,0.9601838569935708
0.6438769848990017,0.009569377990430622,1.0,0.004807692307692308,1.0,5004,0,1035828,115648,0,0.9601570001522017,0.9601838569935708
0.608819143291423,0.011947431302270013,1.0,0.006009615384615385,1.0,6255,0,1034577,115648,0,0.9601570001522017,0.9601838569935708
0.6066450862804095,0.014319809069212411,1.0,0.007211538461538462,1.0,7506,0,1033326,115648,0,0.9601570001522017,0.9601838569935708
0.5892017140124386,0.0166865315852205,1.0,0.008413461538461538,1.0,8757,0,1032075,115648,0,0.9601570001522017,0.9601838569935708
0.5872620140310587,0.01904761904761905,1.0,0.009615384615384616,1.0,10008,0,1030824,115648,0,0.9601570001522017,0.9601838569935708
0.5838635440734953,0.02140309155766944,1.0,0.010817307692307692,1.0,11259,0,1029573,115648,0,0.9601570001522017,0.9601838569935708
0.5815641192268912,0.023752969121140142,1.0,0.01201923076923077,1.0,12510,0,1028322,115648,0,0.9601570001522017,0.9601838569935708
0.5769674283806698,0.02609727164887307,1.0,0.013221153846153846,1.0,13761,0,1027071,115648,0,0.9601570001522017,0.9601838569935708
0.5760548493604091,0.02843601895734597,1.0,0.014423076923076924,1.0,15012,0,1025820,115648,0,0.9601570001522017,0.9601838569935708
0.5735567512146318,0.03076923076923077,1.0,0.015625,1.0,16263,0,1024569,115648,0,0.9601570001522017,0.9601838569935708
0.5510980252227871,0.03309692671394799,1.0,0.016826923076923076,1.0,17514,0,1023318,115648,0,0.9601570001522017,0.9601838569935708
0.5483781477347409,0.03541912632821724,1.0,0.018028846153846152,1.0,18765,0,1022067,115648,0,0.9601570001522017,0.9601838569935708
0.5444669515796152,0.03773584905660377,1.0,0.019230769230769232,1.0,20016,0,1020816,115648,0,0.9601570001522017,0.9601838569935708
0.5359187304363489,0.04004711425206125,1.0,0.020432692307692308,1.0,21267,0,1019565,115648,0,0.9601570001522017,0.9601838569935708
0.5340473744948924,0.042352941176470586,1.0,0.021634615384615384,1.0,22518,0,1018314,115648,0,0.9601570001522017,0.9601838569935708
0.529563949163528,0.04465334900117509,1.0,0.02283653846153846,1.0,23769,0,1017063,115648,0,0.9601570001522017,0.9601838569935708
0.528571518897627,0.046948356807511735,1.0,0.02403846153846154,1.0,25020,0,1015812,115648,0,0.9601570001522017,0.9601838569935708
0.5275794982315832,0.0492379835873388,1.0,0.025240384615384616,1.0,26271,0,1014561,115648,0,0.9601570001522017,0.9601838569935708
0.5225940477083856,0.05152224824355972,1.0,0.026442307692307692,1.0,27522,0,1013310,115648,0,0.9601570001522017,0.9601838569935708
0.5187093234055478,0.05380116959064327,1.0,0.027644230769230768,1.0,28773,0,1012059,115648,0,0.9601570001522017,0.9601838569935708
0.5181146462534486,0.056074766355140186,1.0,0.028846153846153848,1.0,30024,0,1010808,115648,0,0.9601570001522017,0.9601838569935708
0.5135720760688651,0.058343057176196034,1.0,0.030048076923076924,1.0,31275,0,1009557,115648,0,0.9601570001522017,0.9601838569935708
0.5127040579271318,0.05827505827505827,0.9615384615384616,0.030048076923076924,1.0,31275,1251,1009557,115648,0,0.9601570001522017,0.9601838569935708
0.5101752116749705,0.06053550640279395,0.9629629629629629,0.03125,1.0,32526,1251,1008306,115648,0,0.9601570001522017,0.9601838569935708
0.5066247217279711,0.06279069767441861,0.9642857142857143,0.03245192307692308,1.0,33777,1251,1007055,115648,0,0.9601570001522017,0.9601838569935708
0.5060100412552228,0.06504065040650407,0.9655172413793104,0.03365384615384615,1.0,35028,1251,1005804,115648,0,0.9601570001522017,0.9601838569935708
0.5055397204961615,0.06728538283062645,0.9666666666666667,0.03485576923076923,1.0,36279,1251,1004553,115648,0,0.9601570001522017,0.9601838569935708
0.505072200855005,0.06952491309385864,0.967741935483871,0.036057692307692304,1.0,37530,1251,1003302,115648,0,0.9601570001522017,0.9601838569935708
0.5036838743198118,0.07175925925925926,0.96875,0.037259615384615384,1.0,38781,1251,1002051,115648,0,0.9601570001522017,0.9601838569935708
0.5036170802807116,0.07398843930635839,0.9696969696969697,0.038461538461538464,1.0,40032,1251,1000800,115648,0,0.9601570001522017,0.9601838569935708
0.5035689721377397,0.07621247113163972,0.9705882352941176,0.039663461538461536,1.0,41283,1251,999549,115648,0,0.9601570001522017,0.9601838569935708
0.501188902351238,0.0784313725490196,0.9714285714285714,0.040865384615384616,1.0,42534,1251,998298,115648,0,0.9601570001522017,0.9601838569935708
0.5004330208374321,0.08064516129032258,0.9722222222222222,0.042067307692307696,1.0,43785,1251,997047,115648,0,0.9601570001522017,0.9601838569935708
0.5002902211597117,0.08285385500575373,0.972972972972973,0.04326923076923077,1.0,45036,1251,995796,115648,0,0.9601570001522017,0.9601838569935708
0.4988065482718762,0.08505747126436781,0.9736842105263158,0.04447115384615385,1.0,46287,1251,994545,115648,0,0.9601570001522017,0.9601838569935708
0.49863687229149306,0.08725602755453502,0.9743589743589743,0.04567307692307692,1.0,47538,1251,993294,115648,0,0.9601570001522017,0.9601838569935708
0.49739577466863893,0.08944954128440367,0.975,0.046875,1.0,48789,1251,992043,115648,0,0.9601570001522017,0.9601838569935708
0.4963494311562634,0.09163802978235967,0.975609756097561,0.04807692307692308,1.0,50040,1251,990792,115648,0,0.9601570001522017,0.9601838569935708
0.4951202866163128,0.09382151029748284,0.9761904761904762,0.04927884615384615,1.0,51291,1251,989541,115648,0,0.9601570001522017,0.9601838569935708
0.4950650426691984,0.096,0.9767441860465116,0.05048076923076923,1.0,52542,1251,988290,115648,0,0.9601570001522017,0.9601838569935708
0.4942648211928009,0.09817351598173515,0.9772727272727273,0.051682692307692304,1.0,53793,1251,987039,115648,0,0.9601570001522017,0.9601838569935708
0.4942135914211447,0.10034207525655645,0.9777777777777777,0.052884615384615384,1.0,55044,1251,985788,115648,0,0.9601570001522017,0.9601838569935708
0.4935436187267401,0.10250569476082004,0.9782608695652174,0.054086538461538464,1.0,56295,1251,984537,115648,0,0.9601570001522017,0.9601838569935708
0.4927838078667461,0.10466439135381114,0.9787234042553191,0.055288461538461536,1.0,57546,1251,983286,115648,0,0.9601570001522017,0.9601838569935708
0.4925763292323485,0.10681818181818181,0.9791666666666666,0.056490384615384616,1.0,58797,1251,982035,115648,0,0.9601570001522017,0.9601838569935708
0.4904563980570697,0.10896708286038592,0.9795918367346939,0.057692307692307696,1.0,60048,1251,980784,115648,0,0.9601570001522017,0.9601838569935708
0.4894454353309505,0.1111111111111111,0.98,0.05889423076923077,1.0,61299,1251,979533,115648,0,0.9601570001522017,0.9601838569935708
0.48922672749076024,0.11325028312570781,0.9803921568627451,0.06009615384615385,1.0,62550,1251,978282,115648,0,0.9601570001522017,0.9601838569935708
0.4889148261239311,0.11538461538461539,0.9807692307692307,0.06129807692307692,1.0,63801,1251,977031,115648,0,0.9601570001522017,0.9601838569935708
0.48765145933164566,0.11751412429378531,0.9811320754716981,0.0625,1.0,65052,1251,975780,115648,0,0.9601570001522017,0.9601838569935708
0.48704953786500715,0.11963882618510158,0.9814814814814815,0.06370192307692307,1.0,66303,1251,974529,115648,0,0.9601570001522017,0.9601838569935708
0.48481827125281995,0.12175873731679819,0.9818181818181818,0.06490384615384616,1.0,67554,1251,973278,115648,0,0.9601570001522017,0.9601838569935708
0.48473525844711,0.12387387387387387,0.9821428571428571,0.06610576923076923,1.0,68805,1251,972027,115648,0,0.9601570001522017,0.9601838569935708
0.4844959287222148,0.12598425196850394,0.9824561403508771,0.0673076923076923,1.0,70056,1251,970776,115648,0,0.9601570001522017,0.9601838569935708
0.48409291199307153,0.12808988764044943,0.9827586206896551,0.06850961538461539,1.0,71307,1251,969525,115648,0,0.9601570001522017,0.9601838569935708
0.4800888534126872,0.13019079685746351,0.9830508474576272,0.06971153846153846,1.0,72558,1251,968274,115648,0,0.9601570001522017,0.9601838569935708
0.4769100101672764,0.13228699551569506,0.9833333333333333,0.07091346153846154,1.0,73809,1251,967023,115648,0,0.9601570001522017,0.9601838569935708
0.47655144405951233,0.1343784994400896,0.9836065573770492,0.07211538461538461,1.0,75060,1251,965772,115648,0,0.9601570001522017,0.9601838569935708
0.4760080384688057,0.13646532438478748,0.9838709677419355,0.0733173076923077,1.0,76311,1251,964521,115648,0,0.9601570001522017,0.9601838569935708
0.4748417060080208,0.13854748603351955,0.9841269841269841,0.07451923076923077,1.0,77562,1251,963270,115648,0,0.9601570001522017,0.9601838569935708
0.4742843538091905,0.140625,0.984375,0.07572115384615384,1.0,78813,1251,962019,115648,0,0.9601570001522017,0.9601838569935708
0.47268278248115925,0.1426978818283166,0.9846153846153847,0.07692307692307693,1.0,80064,1251,960768,115648,0,0.9601570001522017,0.9601838569935708
0.4725328888864153,0.1447661469933185,0.9848484848484849,0.078125,1.0,81315,1251,959517,115648,0,0.9601570001522017,0.9601838569935708
0.4723686827743273,0.1468298109010011,0.9850746268656716,0.07932692307692307,1.0,82566,1251,958266,115648,0,0.9601570001522017,0.9601838569935708
0.4722452088948024,0.14888888888888888,0.9852941176470589,0.08052884615384616,1.0,83817,1251,957015,115648,0,0.9601570001522017,0.9601838569935708
0.47111807556176183,0.1509433962264151,0.9855072463768116,0.08173076923076923,1.0,85068,1251,955764,115648,0,0.9601570001522017,0.9601838569935708
0.470677826636405,0.15299334811529933,0.9857142857142858,0.0829326923076923,1.0,86319,1251,954513,115648,0,0.9601570001522017,0.9601838569935708
0.46937966577313056,0.15503875968992248,0.9859154929577465,0.08413461538461539,1.0,87570,1251,953262,115648,0,0.9601570001522017,0.9601838569935708
0.4693591996941844,0.1570796460176991,0.9861111111111112,0.08533653846153846,1.0,88821,1251,952011,115648,0,0.9601570001522017,0.9601838569935708
0.46810496418501335,0.1591160220994475,0.9863013698630136,0.08653846153846154,1.0,90072,1251,950760,115648,0,0.9601570001522017,0.9601838569935708
0.46796483469637085,0.16114790286975716,0.9864864864864865,0.08774038461538461,1.0,91323,1251,949509,115648,0,0.9601570001522017,0.9601838569935708
0.46662154670918266,0.1631753031973539,0.9866666666666667,0.0889423076923077,1.0,92574,1251,948258,115648,0,0.9601570001522017,0.9601838569935708
0.4659975733700882,0.16519823788546256,0.9868421052631579,0.09014423076923077,1.0,93825,1251,947007,115648,0,0.9601570001522017,0.9601838569935708
0.4643604515476947,0.16721672167216722,0.987012987012987,0.09134615384615384,1.0,95076,1251,945756,115648,0,0.9601570001522017,0.9601838569935708
0.4638681039613009,0.16923076923076924,0.9871794871794872,0.09254807692307693,1.0,96327,1251,944505,115648,0,0.9601570001522017,0.9601838569935708
0.46383369775366035,0.1712403951701427,0.9873417721518988,0.09375,1.0,97578,1251,943254,115648,0,0.9601570001522017,0.9601838569935708
0.4626057300995857,0.17324561403508773,0.9875,0.09495192307692307,1.0,98829,1251,942003,115648,0,0.9601570001522017,0.9601838569935708
0.46234943372228515,0.17524644030668127,0.9876543209876543,0.09615384615384616,1.0,100080,1251,940752,115648,0,0.9601570001522017,0.9601838569935708
0.4611088420722592,0.1772428884026258,0.9878048780487805,0.09735576923076923,1.0,101331,1251,939501,115648,0,0.9601570001522017,0.9601838569935708
0.4607670976171676,0.17923497267759564,0.9879518072289156,0.0985576923076923,1.0,102582,1251,938250,115648,0,0.9601570001522017,0.9601838569935708
0.4606980100207133,0.1812227074235808,0.9880952380952381,0.09975961538461539,1.0,103833,1251,936999,115648,0,0.9601570001522017,0.9601838569935708
0.46004223406668,0.183206106870229,0.9882352941176471,0.10096153846153846,1.0,105084,1251,935748,115648,0,0.9601570001522017,0.9601838569935708
0.458652508172741,0.18518518518518517,0.9883720930232558,0.10216346153846154,1.0,106335,1251,934497,115648,0,0.9601570001522017,0.9601838569935708
0.4580773589073811,0.18715995647442873,0.9885057471264368,0.10336538461538461,1.0,107586,1251,933246,115648,0,0.9601570001522017,0.9601838569935708
0.4578057092139291,0.1891304347826087,0.9886363636363636,0.1045673076923077,1.0,108837,1251,931995,115648,0,0.9601570001522017,0.9601838569935708
0.4577426965497591,0.19109663409337677,0.9887640449438202,0.10576923076923077,1.0,110088,1251,930744,115648,0,0.9601570001522017,0.9601838569935708
0.4558897147789219,0.19305856832971802,0.9888888888888889,0.10697115384615384,1.0,111339,1251,929493,115648,0,0.9601570001522017,0.9601838569935708
0.4531422275086372,0.19501625135427952,0.989010989010989,0.10817307692307693,1.0,112590,1251,928242,115648,0,0.9601570001522017,0.9601838569935708
0.45229323301636865,0.19696969696969696,0.9891304347826086,0.109375,1.0,113841,1251,926991,115648,0,0.9601570001522017,0.9601838569935708
0.45208975332979295,0.1989189189189189,0.989247311827957,0.11057692307692307,1.0,115092,1251,925740,115648,0,0.9601570001522017,0.9601838569935708
0.45176169278853395,0.20086393088552915,0.9893617021276596,0.11177884615384616,1.0,116343,1251,924489,115648,0,0.9601570001522017,0.9601838569935708
0.45099965932467434,0.20280474649406688,0.9894736842105263,0.11298076923076923,1.0,117594,1251,923238,115648,0,0.9601570001522017,0.9601838569935708
0.4488832090760415,0.20474137931034483,0.9895833333333334,0.1141826923076923,1.0,118845,1251,921987,115648,0,0.9601570001522017,0.9601838569935708
0.4481175455286268,0.20667384284176535,0.9896907216494846,0.11538461538461539,1.0,120096,1251,920736,115648,0,0.9601570001522017,0.9601838569935708
0.4471961472622372,0.2086021505376344,0.9897959183673469,0.11658653846153846,1.0,121347,1251,919485,115648,0,0.9601570001522017,0.9601838569935708
0.4467429874159444,0.21052631578947367,0.98989898989899,0.11778846153846154,1.0,122598,1251,918234,115648,0,0.9601570001522017,0.9601838569935708
0.44628959052475436,0.21244635193133046,0.99,0.11899038461538461,1.0,123849,1251,916983,115648,0,0.9601570001522017,0.9601838569935708
0.44565086096888873,0.21436227224008575,0.9900990099009901,0.1201923076923077,1.0,125100,1251,915732,115648,0,0.9601570001522017,0.9601838569935708
0.44561996778659085,0.21627408993576017,0.9901960784313726,0.12139423076923077,1.0,126351,1251,914481,115648,0,0.9601570001522017,0.9601838569935708
0.444524247623476,0.21818181818181817,0.9902912621359223,0.12259615384615384,1.0,127602,1251,913230,115648,0,0.9601570001522017,0.9601838569935708
0.4408500267230637,0.22008547008547008,0.9903846153846154,0.12379807692307693,1.0,128853,1251,911979,115648,0,0.9601570001522017,0.9601838569935708
0.44037020243008196,0.22198505869797225,0.9904761904761905,0.125,1.0,130104,1251,910728,115648,0,0.9601570001522017,0.9601838569935708
0.4399370361749696,0.22388059701492538,0.9905660377358491,0.12620192307692307,1.0,131355,1251,909477,115648,0,0.9601570001522017,0.9601838569935708
0.439411819794455,0.22577209797657083,0.9906542056074766,0.12740384615384615,1.0,132606,1251,908226,115648,0,0.9601570001522017,0.9601838569935708
0.439399834182207,0.2276595744680851,0.9907407407407407,0.12860576923076922,1.0,133857,1251,906975,115648,0,0.9601570001522017,0.9601838569935708
0.4391215281437393,0.22954303931987247,0.9908256880733946,0.12980769230769232,1.0,135108,1251,905724,115648,0,0.9601570001522017,0.9601838569935708
0.43749670228863236,0.23142250530785563,0.990909090909091,0.1310096153846154,1.0,136359,1251,904473,115648,0,0.9601570001522017,0.9601838569935708
0.4362054918695194,0.23329798515376457,0.990990990990991,0.13221153846153846,1.0,137610,1251,903222,115648,0,0.9601570001522017,0.9601838569935708
0.43590431455599155,0.23516949152542374,0.9910714285714286,0.13341346153846154,1.0,138861,1251,901971,115648,0,0.9601570001522017,0.9601838569935708
0.43589855509635356,0.23703703703703705,0.9911504424778761,0.1346153846153846,1.0,140112,1251,900720,115648,0,0.9601570001522017,0.9601838569935708
0.43567112797346996,0.23890063424947147,0.9912280701754386,0.13581730769230768,1.0,141363,1251,899469,115648,0,0.9601570001522017,0.9601838569935708
0.43166472330764694,0.24076029567053855,0.991304347826087,0.13701923076923078,1.0,142614,1251,898218,115648,0,0.9601570001522017,0.9601838569935708
0.4313153442083845,0.24261603375527427,0.9913793103448276,0.13822115384615385,1.0,143865,1251,896967,115648,0,0.9601570001522017,0.9601838569935708
0.43052899178532167,0.24446786090621708,0.9914529914529915,0.13942307692307693,1.0,145116,1251,895716,115648,0,0.9601570001522017,0.9601838569935708
0.4290714819876499,0.2463157894736842,0.9915254237288136,0.140625,1.0,146367,1251,894465,115648,0,0.9601570001522017,0.9601838569935708
0.42808850996282666,0.24815983175604628,0.9915966386554622,0.14182692307692307,1.0,147618,1251,893214,115648,0,0.9601570001522017,0.9601838569935708
0.42742692847878727,0.25,0.9916666666666667,0.14302884615384615,1.0,148869,1251,891963,115648,0,0.9601570001522017,0.9601838569935708
0.42633744780339433,0.2518363064008394,0.9917355371900827,0.14423076923076922,1.0,150120,1251,890712,115648,0,0.9601570001522017,0.9601838569935708
0.426271981262524,0.25366876310272535,0.9918032786885246,0.14543269230769232,1.0,151371,1251,889461,115648,0,0.9601570001522017,0.9601838569935708
0.4259791077681335,0.2554973821989529,0.991869918699187,0.1466346153846154,1.0,152622,1251,888210,115648,0,0.9601570001522017,0.9601838569935708
0.4251966060569924,0.25732217573221755,0.9919354838709677,0.14783653846153846,1.0,153873,1251,886959,115648,0,0.9601570001522017,0.9601838569935708
0.4242377521812315,0.25914315569487983,0.992,0.14903846153846154,1.0,155124,1251,885708,115648,0,0.9601570001522017,0.9601838569935708
0.42362578450271604,0.2609603340292276,0.9920634920634921,0.1502403846153846,1.0,156375,1251,884457,115648,0,0.9601570001522017,0.9601838569935708
0.42301192967781787,0.26277372262773724,0.9921259842519685,0.15144230769230768,1.0,157626,1251,883206,115648,0,0.9601570001522017,0.9601838569935708
0.42287705294626365,0.26458333333333334,0.9921875,0.15264423076923078,1.0,158877,1251,881955,115648,0,0.9601570001522017,0.9601838569935708
0.4227531910471898,0.2663891779396462,0.9922480620155039,0.15384615384615385,1.0,160128,1251,880704,115648,0,0.9601570001522017,0.9601838569935708
0.42193956901567675,0.2681912681912682,0.9923076923076923,0.15504807692307693,1.0,161379,1251,879453,115648,0,0.9601570001522017,0.9601838569935708
0.4206440229756778,0.2699896157840083,0.9923664122137404,0.15625,1.0,162630,1251,878202,115648,0,0.9601570001522017,0.9601838569935708
0.419422554227091,0.2717842323651452,0.9924242424242424,0.15745192307692307,1.0,163881,1251,876951,115648,0,0.9601570001522017,0.9601838569935708
0.41890394519036434,0.27357512953367874,0.9924812030075187,0.15865384615384615,1.0,165132,1251,875700,115648,0,0.9601570001522017,0.9601838569935708
0.41771972115378675,0.2753623188405797,0.9925373134328358,0.15985576923076922,1.0,166383,1251,874449,115648,0,0.9601570001522017,0.9601838569935708
0.41750285279636656,0.27714581178903824,0.9925925925925926,0.16105769230769232,1.0,167634,1251,873198,115648,0,0.9601570001522017,0.9601838569935708
0.4173715581789317,0.27892561983471076,0.9926470588235294,0.1622596153846154,1.0,168885,1251,871947,115648,0,0.9601570001522017,0.9601838569935708
0.4172259650098209,0.2807017543859649,0.9927007299270073,0.16346153846153846,1.0,170136,1251,870696,115648,0,0.9601570001522017,0.9601838569935708
0.41587850518564995,0.2824742268041237,0.9927536231884058,0.16466346153846154,1.0,171387,1251,869445,115648,0,0.9601570001522017,0.9601838569935708
0.4145779508624491,0.2842430484037075,0.9928057553956835,0.1658653846153846,1.0,172638,1251,868194,115648,0,0.9601570001522017,0.9601838569935708
0.41331220012605047,0.28600823045267487,0.9928571428571429,0.16706730769230768,1.0,173889,1251,866943,115648,0,0.9601570001522017,0.9601838569935708
0.4126125101209336,0.28776978417266186,0.9929078014184397,0.16826923076923078,1.0,175140,1251,865692,115648,0,0.9601570001522017,0.9601838569935708
0.41153722130844905,0.28952772073921973,0.9929577464788732,0.16947115384615385,1.0,176391,1251,864441,115648,0,0.9601570001522017,0.9601838569935708
0.4110205488171361,0.29128205128205126,0.993006993006993,0.17067307692307693,1.0,177642,1251,863190,115648,0,0.9601570001522017,0.9601838569935708
0.41083483377595487,0.2930327868852459,0.9930555555555556,0.171875,1.0,178893,1251,861939,115648,0,0.9601570001522017,0.9601838569935708
0.4105361452629701,0.2947799385875128,0.993103448275862,0.17307692307692307,1.0,180144,1251,860688,115648,0,0.9601570001522017,0.9601838569935708
0.4100128986368342,0.2965235173824131,0.9931506849315068,0.17427884615384615,1.0,181395,1251,859437,115648,0,0.9601570001522017,0.9601838569935708
0.4074605399129152,0.2982635342185904,0.9931972789115646,0.17548076923076922,1.0,182646,1251,858186,115648,0,0.9601570001522017,0.9601838569935708
0.40712227788545596,0.3,0.9932432432432432,0.17668269230769232,1.0,183897,1251,856935,115648,0,0.9601570001522017,0.9601838569935708
0.40537309871340776,0.30173292558613657,0.9932885906040269,0.1778846153846154,1.0,185148,1251,855684,115648,0,0.9601570001522017,0.9601838569935708
0.405105608431072,0.3034623217922607,0.9933333333333333,0.17908653846153846,1.0,186399,1251,854433,115648,0,0.9601570001522017,0.9601838569935708
0.40480765289808,0.3051881993896236,0.9933774834437086,0.18028846153846154,1.0,187650,1251,853182,115648,0,0.9601570001522017,0.9601838569935708
0.4045047117768775,0.30691056910569103,0.993421052631579,0.1814903846153846,1.0,188901,1251,851931,115648,0,0.9601570001522017,0.9601838569935708
0.40443983716607845,0.3086294416243655,0.9934640522875817,0.18269230769230768,1.0,190152,1251,850680,115648,0,0.9601570001522017,0.9601838569935708
0.4019581367226174,0.3103448275862069,0.9935064935064936,0.18389423076923078,1.0,191403,1251,849429,115648,0,0.9601570001522017,0.9601838569935708
0.4018730050979302,0.3120567375886525,0.9935483870967742,0.18509615384615385,1.0,192654,1251,848178,115648,0,0.9601570001522017,0.9601838569935708
0.4014879870136083,0.31376518218623484,0.9935897435897436,0.18629807692307693,1.0,193905,1251,846927,115648,0,0.9601570001522017,0.9601838569935708
0.4004447979952158,0.3154701718907988,0.9936305732484076,0.1875,1.0,195156,1251,845676,115648,0,0.9601570001522017,0.9601838569935708
0.39952863426310015,0.31717171717171716,0.9936708860759493,0.18870192307692307,1.0,196407,1251,844425,115648,0,0.9601570001522017,0.9601838569935708
0.39948053422557495,0.31886982845610495,0.9937106918238994,0.18990384615384615,1.0,197658,1251,843174,115648,0,0.9601570001522017,0.9601838569935708
0.3993003321275902,0.32056451612903225,0.99375,0.19110576923076922,1.0,198909,1251,841923,115648,0,0.9601570001522017,0.9601838569935708
0.3989074088774106,0.32225579053373615,0.9937888198757764,0.19230769230769232,1.0,200160,1251,840672,115648,0,0.9601570001522017,0.9601838569935708
0.39888666699843733,0.323943661971831,0.9938271604938271,0.1935096153846154,1.0,201411,1251,839421,115648,0,0.9601570001522017,0.9601838569935708
0.3988680930538254,0.3256281407035176,0.9938650306748467,0.19471153846153846,1.0,202662,1251,838170,115648,0,0.9601570001522017,0.9601838569935708
0.39732911742843646,0.3273092369477912,0.9939024390243902,0.19591346153846154,1.0,203913,1251,836919,115648,0,0.9601570001522017,0.9601838569935708
0.39720377375679916,0.32898696088264795,0.9939393939393939,0.1971153846153846,1.0,205164,1251,835668,115648,0,0.9601570001522017,0.9601838569935708
0.3970398838717678,0.3306613226452906,0.9939759036144579,0.19831730769230768,1.0,206415,1251,834417,115648,0,0.9601570001522017,0.9601838569935708
0.394982094082891,0.33233233233233234,0.9940119760479041,0.19951923076923078,1.0,207666,1251,833166,115648,0,0.9601570001522017,0.9601838569935708
0.39418122724008975,0.334,0.9940476190476191,0.20072115384615385,1.0,208917,1251,831915,115648,0,0.9601570001522017,0.9601838569935708
0.39382011442391396,0.3356643356643357,0.9940828402366864,0.20192307692307693,1.0,210168,1251,830664,115648,0,0.9601570001522017,0.9601838569935708
0.3936024521403596,0.3373253493013972,0.9941176470588236,0.203125,1.0,211419,1251,829413,115648,0,0.9601570001522017,0.9601838569935708
0.39345848375059944,0.3389830508474576,0.9941520467836257,0.20432692307692307,1.0,212670,1251,828162,115648,0,0.9601570001522017,0.9601838569935708
0.39307172856501926,0.34063745019920316,0.9941860465116279,0.20552884615384615,1.0,213921,1251,826911,115648,0,0.9601570001522017,0.9601838569935708
0.3928672025320249,0.34228855721393037,0.9942196531791907,0.20673076923076922,1.0,215172,1251,825660,115648,0,0.9601570001522017,0.9601838569935708
0.3925858830832849,0.34393638170974156,0.9942528735632183,0.20793269230769232,1.0,216423,1251,824409,115648,0,0.9601570001522017,0.9601838569935708
0.3918811977121269,0.3455809334657398,0.9942857142857143,0.2091346153846154,1.0,217674,1251,823158,115648,0,0.9601570001522017,0.9601838569935708
0.3917878940176975,0.3472222222222222,0.9943181818181818,0.21033653846153846,1.0,218925,1251,821907,115648,0,0.9601570001522017,0.9601838569935708
0.39084781401172974,0.34886025768087214,0.9943502824858758,0.21153846153846154,1.0,220176,1251,820656,115648,0,0.9601570001522017,0.9601838569935708
0.3907388789425126,0.3504950495049505,0.9943820224719101,0.2127403846153846,1.0,221427,1251,819405,115648,0,0.9601570001522017,0.9601838569935708
0.39066090533928144,0.35212660731948564,0.994413407821229,0.21394230769230768,1.0,222678,1251,818154,115648,0,0.9601570001522017,0.9601838569935708
0.39034557736747655,0.35375494071146246,0.9944444444444445,0.21514423076923078,1.0,223929,1251,816903,115648,0,0.9601570001522017,0.9601838569935708
0.3897854899864034,0.35538005923000987,0.994475138121547,0.21634615384615385,1.0,225180,1251,815652,115648,0,0.9601570001522017,0.9601838569935708
0.3887537513087765,0.35700197238658776,0.9945054945054945,0.21754807692307693,1.0,226431,1251,814401,115648,0,0.9601570001522017,0.9601838569935708
0.3883282960706632,0.3586206896551724,0.994535519125683,0.21875,1.0,227682,1251,813150,115648,0,0.9601570001522017,0.9601838569935708
0.38732964025629957,0.36023622047244097,0.9945652173913043,0.21995192307692307,1.0,228933,1251,811899,115648,0,0.9601570001522017,0.9601838569935708
0.38690718674389213,0.36184857423795475,0.9945945945945946,0.22115384615384615,1.0,230184,1251,810648,115648,0,0.9601570001522017,0.9601838569935708
0.3868220187487964,0.36345776031434185,0.9946236559139785,0.22235576923076922,1.0,231435,1251,809397,115648,0,0.9601570001522017,0.9601838569935708
0.3854861686442186,0.3650637880274779,0.9946524064171123,0.22355769230769232,1.0,232686,1251,808146,115648,0,0.9601570001522017,0.9601838569935708
0.3846750453584442,0.36666666666666664,0.9946808510638298,0.2247596153846154,1.0,233937,1251,806895,115648,0,0.9601570001522017,0.9601838569935708
0.3846602012186793,0.3682664054848188,0.9947089947089947,0.22596153846153846,1.0,235188,1251,805644,115648,0,0.9601570001522017,0.9601838569935708
0.384641867031994,0.3698630136986301,0.9947368421052631,0.22716346153846154,1.0,236439,1251,804393,115648,0,0.9601570001522017,0.9601838569935708
0.38457236654714255,0.37145650048875856,0.9947643979057592,0.2283653846153846,1.0,237690,1251,803142,115648,0,0.9601570001522017,0.9601838569935708
0.3845705024702515,0.373046875,0.9947916666666666,0.22956730769230768,1.0,238941,1251,801891,115648,0,0.9601570001522017,0.9601838569935708
0.3839214535951312,0.3746341463414634,0.9948186528497409,0.23076923076923078,1.0,240192,1251,800640,115648,0,0.9601570001522017,0.9601838569935708
0.38289316420805264,0.3762183235867446,0.9948453608247423,0.23197115384615385,1.0,241443,1251,799389,115648,0,0.9601570001522017,0.9601838569935708
0.3827087527204174,0.3777994157740993,0.9948717948717949,0.23317307692307693,1.0,242694,1251,798138,115648,0,0.9601570001522017,0.9601838569935708
0.38083485621083935,0.37937743190661477,0.9948979591836735,0.234375,1.0,243945,1251,796887,115648,0,0.9601570001522017,0.9601838569935708
0.3808068805800756,0.38095238095238093,0.9949238578680203,0.23557692307692307,1.0,245196,1251,795636,115648,0,0.9601570001522017,0.9601838569935708
0.3806845757837489,0.3825242718446602,0.9949494949494949,0.23677884615384615,1.0,246447,1251,794385,115648,0,0.9601570001522017,0.9601838569935708
0.380676037771257,0.38409311348205627,0.9949748743718593,0.23798076923076922,1.0,247698,1251,793134,115648,0,0.9601570001522017,0.9601838569935708
0.3800545620940172,0.3856589147286822,0.995,0.23918269230769232,1.0,248949,1251,791883,115648,0,0.9601570001522017,0.9601838569935708
0.3800036999995837,0.3872216844143272,0.9950248756218906,0.2403846153846154,1.0,250200,1251,790632,115648,0,0.9601570001522017,0.9601838569935708
0.3782373076809834,0.38878143133462284,0.995049504950495,0.24158653846153846,1.0,251451,1251,789381,115648,0,0.9601570001522017,0.9601838569935708
0.3775112594693849,0.3903381642512077,0.9950738916256158,0.24278846153846154,1.0,252702,1251,788130,115648,0,0.9601570001522017,0.9601838569935708
0.3773666095530587,0.3918918918918919,0.9950980392156863,0.2439903846153846,1.0,253953,1251,786879,115648,0,0.9601570001522017,0.9601838569935708
0.37718990977376454,0.39344262295081966,0.9951219512195122,0.24519230769230768,1.0,255204,1251,785628,115648,0,0.9601570001522017,0.9601838569935708
0.3768408636502045,0.394990366088632,0.9951456310679612,0.24639423076923078,1.0,256455,1251,784377,115648,0,0.9601570001522017,0.9601838569935708
0.37646727010893444,0.3965351299326275,0.9951690821256038,0.24759615384615385,1.0,257706,1251,783126,115648,0,0.9601570001522017,0.9601838569935708
0.37636634739022756,0.39807692307692305,0.9951923076923077,0.24879807692307693,1.0,258957,1251,781875,115648,0,0.9601570001522017,0.9601838569935708
0.3762829291739138,0.39961575408261285,0.9952153110047847,0.25,1.0,260208,1251,780624,115648,0,0.9601570001522017,0.9601838569935708
0.37456499464330917,0.40115163147792704,0.9952380952380953,0.2512019230769231,1.0,261459,1251,779373,115648,0,0.9601570001522017,0.9601838569935708
0.3733371978562706,0.40268456375838924,0.995260663507109,0.25240384615384615,1.0,262710,1251,778122,115648,0,0.9601570001522017,0.9601838569935708
0.37305115158854407,0.4042145593869732,0.9952830188679245,0.2536057692307692,1.0,263961,1251,776871,115648,0,0.9601570001522017,0.9601838569935708
0.3729743991830041,0.40574162679425835,0.9953051643192489,0.2548076923076923,1.0,265212,1251,775620,115648,0,0.9601570001522017,0.9601838569935708
0.3728875458191634,0.4072657743785851,0.9953271028037384,0.25600961538461536,1.0,266463,1251,774369,115648,0,0.9601570001522017,0.9601838569935708
0.37264382902225157,0.4087870105062082,0.9953488372093023,0.25721153846153844,1.0,267714,1251,773118,115648,0,0.9601570001522017,0.9601838569935708
0.3726271407121562,0.41030534351145037,0.9953703703703703,0.25841346153846156,1.0,268965,1251,771867,115648,0,0.9601570001522017,0.9601838569935708
0.37230340028881825,0.41182078169685415,0.9953917050691244,0.25961538461538464,1.0,270216,1251,770616,115648,0,0.9601570001522017,0.9601838569935708
0.37221730268354836,0.41333333333333333,0.9954128440366973,0.2608173076923077,1.0,271467,1251,769365,115648,0,0.9601570001522017,0.9601838569935708
0.3708951914454266,0.4148430066603235,0.9954337899543378,0.2620192307692308,1.0,272718,1251,768114,115648,0,0.9601570001522017,0.9601838569935708
0.37078526979002563,0.41634980988593157,0.9954545454545455,0.26322115384615385,1.0,273969,1251,766863,115648,0,0.9601570001522017,0.9601838569935708
0.3695745153136869,0.4178537511870845,0.995475113122172,0.2644230769230769,1.0,275220,1251,765612,115648,0,0.9601570001522017,0.9601838569935708
0.369434666231799,0.41935483870967744,0.9954954954954955,0.265625,1.0,276471,1251,764361,115648,0,0.9601570001522017,0.9601838569935708
0.3690622332636495,0.4208530805687204,0.9955156950672646,0.2668269230769231,1.0,277722,1251,763110,115648,0,0.9601570001522017,0.9601838569935708
0.3683273050063177,0.42234848484848486,0.9955357142857143,0.26802884615384615,1.0,278973,1251,761859,115648,0,0.9601570001522017,0.9601838569935708
0.3679347306121774,0.423841059602649,0.9955555555555555,0.2692307692307692,1.0,280224,1251,760608,115648,0,0.9601570001522017,0.9601838569935708
0.36742592823086284,0.42533081285444235,0.995575221238938,0.2704326923076923,1.0,281475,1251,759357,115648,0,0.9601570001522017,0.9601838569935708
0.3672715579306267,0.42681775259678945,0.9955947136563876,0.27163461538461536,1.0,282726,1251,758106,115648,0,0.9601570001522017,0.9601838569935708
0.3670571594140034,0.42830188679245285,0.9956140350877193,0.27283653846153844,1.0,283977,1251,756855,115648,0,0.9601570001522017,0.9601838569935708
0.3666181759976389,0.4297832233741753,0.9956331877729258,0.27403846153846156,1.0,285228,1251,755604,115648,0,0.9601570001522017,0.9601838569935708
0.36620602058677754,0.4312617702448211,0.9956521739130435,0.27524038461538464,1.0,286479,1251,754353,115648,0,0.9601570001522017,0.9601838569935708
0.36586564158519275,0.43273753527751646,0.9956709956709957,0.2764423076923077,1.0,287730,1251,753102,115648,0,0.9601570001522017,0.9601838569935708
0.3653540634394621,0.4342105263157895,0.9956896551724138,0.2776442307692308,1.0,288981,1251,751851,115648,0,0.9601570001522017,0.9601838569935708
0.36481392246092215,0.4356807511737089,0.9957081545064378,0.27884615384615385,1.0,290232,1251,750600,115648,0,0.9601570001522017,0.9601838569935708
0.3645643878413458,0.4371482176360225,0.9957264957264957,0.2800480769230769,1.0,291483,1251,749349,115648,0,0.9601570001522017,0.9601838569935708
0.36352919344777457,0.4386129334582943,0.9957446808510638,0.28125,1.0,292734,1251,748098,115648,0,0.9601570001522017,0.9601838569935708
0.3631107817163056,0.4400749063670412,0.9957627118644068,0.2824519230769231,1.0,293985,1251,746847,115648,0,0.9601570001522017,0.9601838569935708
0.36169637487457884,0.441534144059869,0.9957805907172996,0.28365384615384615,1.0,295236,1251,745596,115648,0,0.9601570001522017,0.9601838569935708
0.3604849075548505,0.44299065420560746,0.9957983193277311,0.2848557692307692,1.0,296487,1251,744345,115648,0,0.9601570001522017,0.9601838569935708
0.3603767019109595,0.4444444444444444,0.99581589958159,0.2860576923076923,1.0,297738,1251,743094,115648,0,0.9601570001522017,0.9601838569935708
0.36026777005500576,0.4458955223880597,0.9958333333333333,0.28725961538461536,1.0,298989,1251,741843,115648,0,0.9601570001522017,0.9601838569935708
0.3597421445118133,0.4473438956197577,0.995850622406639,0.28846153846153844,1.0,300240,1251,740592,115648,0,0.9601570001522017,0.9601838569935708
0.35938038994181754,0.44878957169459965,0.9958677685950413,0.28966346153846156,1.0,301491,1251,739341,115648,0,0.9601570001522017,0.9601838569935708
0.3587228977822893,0.4502325581395349,0.9958847736625515,0.29086538461538464,1.0,302742,1251,738090,115648,0,0.9601570001522017,0.9601838569935708
0.3586491647756621,0.4516728624535316,0.9959016393442623,0.2920673076923077,1.0,303993,1251,736839,115648,0,0.9601570001522017,0.9601838569935708
0.35845992192939535,0.4531104921077066,0.9959183673469387,0.2932692307692308,1.0,305244,1251,735588,115648,0,0.9601570001522017,0.9601838569935708
0.3582475092454067,0.45454545454545453,0.9959349593495935,0.29447115384615385,1.0,306495,1251,734337,115648,0,0.9601570001522017,0.9601838569935708
0.3578479299422215,0.45597775718257644,0.9959514170040485,0.2956730769230769,1.0,307746,1251,733086,115648,0,0.9601570001522017,0.9601838569935708
0.35744672919366405,0.45740740740740743,0.9959677419354839,0.296875,1.0,308997,1251,731835,115648,0,0.9601570001522017,0.9601838569935708
0.3572475789776999,0.4588344125809436,0.9959839357429718,0.2980769230769231,1.0,310248,1251,730584,115648,0,0.9601570001522017,0.9601838569935708
0.3570397675572713,0.4602587800369686,0.996,0.29927884615384615,1.0,311499,1251,729333,115648,0,0.9601570001522017,0.9601838569935708
0.3569848147696356,0.4616805170821791,0.9960159362549801,0.3004807692307692,1.0,312750,1251,728082,115648,0,0.9601570001522017,0.9601838569935708
0.3551865823517363,0.46309963099630996,0.996031746031746,0.3016826923076923,1.0,314001,1251,726831,115648,0,0.9601570001522017,0.9601838569935708
0.35447076234420216,0.4645161290322581,0.9960474308300395,0.30288461538461536,1.0,315252,1251,725580,115648,0,0.9601570001522017,0.9601838569935708
0.35438446721154837,0.46593001841620624,0.9960629921259843,0.30408653846153844,1.0,316503,1251,724329,115648,0,0.9601570001522017,0.9601838569935708
0.35371288786839983,0.46734130634774607,0.996078431372549,0.30528846153846156,1.0,317754,1251,723078,115648,0,0.9601570001522017,0.9601838569935708
0.35326778339456766,0.46875,0.99609375,0.30649038461538464,1.0,319005,1251,721827,115648,0,0.9601570001522017,0.9601838569935708
0.3527081834490883,0.4701561065197429,0.9961089494163424,0.3076923076923077,1.0,320256,1251,720576,115648,0,0.9601570001522017,0.9601838569935708
0.3526682606745386,0.47155963302752296,0.9961240310077519,0.3088942307692308,1.0,321507,1251,719325,115648,0,0.9601570001522017,0.9601838569935708
0.35231081866221403,0.47296058661778184,0.9961389961389961,0.31009615384615385,1.0,322758,1251,718074,115648,0,0.9601570001522017,0.9601838569935708
0.3522064497159074,0.47435897435897434,0.9961538461538462,0.3112980769230769,1.0,324009,1251,716823,115648,0,0.9601570001522017,0.9601838569935708
0.3514491179733268,0.4757548032936871,0.9961685823754789,0.3125,1.0,325260,1251,715572,115648,0,0.9601570001522017,0.9601838569935708
0.3511018782733596,0.47714808043875684,0.9961832061068703,0.3137019230769231,1.0,326511,1251,714321,115648,0,0.9601570001522017,0.9601838569935708
0.3504076706354129,0.4785388127853881,0.9961977186311787,0.31490384615384615,1.0,327762,1251,713070,115648,0,0.9601570001522017,0.9601838569935708
0.3492448998608425,0.47992700729927007,0.9962121212121212,0.3161057692307692,1.0,329013,1251,711819,115648,0,0.9601570001522017,0.9601838569935708
0.34731621593152084,0.4813126709206928,0.9962264150943396,0.3173076923076923,1.0,330264,1251,710568,115648,0,0.9601570001522017,0.9601838569935708
0.3472701430908207,0.48269581056466304,0.9962406015037594,0.31850961538461536,1.0,331515,1251,709317,115648,0,0.9601570001522017,0.9601838569935708
0.34698484088374737,0.4840764331210191,0.9962546816479401,0.31971153846153844,1.0,332766,1251,708066,115648,0,0.9601570001522017,0.9601838569935708
0.34656861216911383,0.48545454545454547,0.996268656716418,0.32091346153846156,1.0,334017,1251,706815,115648,0,0.9601570001522017,0.9601838569935708
0.34591324293621795,0.4868301544050863,0.9962825278810409,0.32211538461538464,1.0,335268,1251,705564,115648,0,0.9601570001522017,0.9601838569935708
0.34582874332331404,0.4882032667876588,0.9962962962962963,0.3233173076923077,1.0,336519,1251,704313,115648,0,0.9601570001522017,0.9601838569935708
0.3455905347120555,0.48957388939256574,0.996309963099631,0.3245192307692308,1.0,337770,1251,703062,115648,0,0.9601570001522017,0.9601838569935708
0.34480405346908105,0.49094202898550726,0.9963235294117647,0.32572115384615385,1.0,339021,1251,701811,115648,0,0.9601570001522017,0.9601838569935708
0.34404793791261434,0.49230769230769234,0.9963369963369964,0.3269230769230769,1.0,340272,1251,700560,115648,0,0.9601570001522017,0.9601838569935708
0.3438946592132216,0.4936708860759494,0.9963503649635036,0.328125,1.0,341523,1251,699309,115648,0,0.9601570001522017,0.9601838569935708
0.34328370550126874,0.4950316169828365,0.9963636363636363,0.3293269230769231,1.0,342774,1251,698058,115648,0,0.9601570001522017,0.9601838569935708
0.34250110199021155,0.4963898916967509,0.9963768115942029,0.33052884615384615,1.0,344025,1251,696807,115648,0,0.9601570001522017,0.9601838569935708
0.3423653444165562,0.4977457168620379,0.9963898916967509,0.3317307692307692,1.0,345276,1251,695556,115648,0,0.9601570001522017,0.9601838569935708
0.34220602794689514,0.4990990990990991,0.9964028776978417,0.3329326923076923,1.0,346527,1251,694305,115648,0,0.9601570001522017,0.9601838569935708
0.3421403681066779,0.5004500450045004,0.996415770609319,0.33413461538461536,1.0,347778,1251,693054,115648,0,0.9601570001522017,0.9601838569935708
0.3417813242349723,0.5017985611510791,0.9964285714285714,0.33533653846153844,1.0,349029,1251,691803,115648,0,0.9601570001522017,0.9601838569935708
0.3405031634908222,0.5031446540880503,0.99644128113879,0.33653846153846156,1.0,350280,1251,690552,115648,0,0.9601570001522017,0.9601838569935708
0.34028651360434437,0.5044883303411131,0.9964539007092199,0.33774038461538464,1.0,351531,1251,689301,115648,0,0.9601570001522017,0.9601838569935708
0.3400052256875372,0.5058295964125561,0.9964664310954063,0.3389423076923077,1.0,352782,1251,688050,115648,0,0.9601570001522017,0.9601838569935708
0.33994455365785914,0.507168458781362,0.9964788732394366,0.3401442307692308,1.0,354033,1251,686799,115648,0,0.9601570001522017,0.9601838569935708
0.33976520029426105,0.5085049239033125,0.9964912280701754,0.34134615384615385,1.0,355284,1251,685548,115648,0,0.9601570001522017,0.9601838569935708
0.3395608542220111,0.5098389982110912,0.9965034965034965,0.3425480769230769,1.0,356535,1251,684297,115648,0,0.9601570001522017,0.9601838569935708
0.3391329649527375,0.5111706881143878,0.9965156794425087,0.34375,1.0,357786,1251,683046,115648,0,0.9601570001522017,0.9601838569935708
0.3389889499314469,0.5125,0.9965277777777778,0.3449519230769231,1.0,359037,1251,681795,115648,0,0.9601570001522017,0.9601838569935708
0.3376359235880687,0.5138269402319358,0.9965397923875432,0.34615384615384615,1.0,360288,1251,680544,115648,0,0.9601570001522017,0.9601838569935708
0.337429757587164,0.5151515151515151,0.996551724137931,0.3473557692307692,1.0,361539,1251,679293,115648,0,0.9601570001522017,0.9601838569935708
0.3364015621207913,0.5164737310774711,0.9965635738831615,0.3485576923076923,1.0,362790,1251,678042,115648,0,0.9601570001522017,0.9601838569935708
0.33574754378208405,0.5177935943060499,0.9965753424657534,0.34975961538461536,1.0,364041,1251,676791,115648,0,0.9601570001522017,0.9601838569935708
0.3348151840363983,0.5191111111111111,0.9965870307167235,0.35096153846153844,1.0,365292,1251,675540,115648,0,0.9601570001522017,0.9601838569935708
0.3347147297133264,0.5204262877442274,0.9965986394557823,0.35216346153846156,1.0,366543,1251,674289,115648,0,0.9601570001522017,0.9601838569935708
0.3346325225949147,0.5217391304347826,0.9966101694915255,0.35336538461538464,1.0,367794,1251,673038,115648,0,0.9601570001522017,0.9601838569935708
0.33339324043589535,0.5230496453900709,0.9966216216216216,0.3545673076923077,1.0,369045,1251,671787,115648,0,0.9601570001522017,0.9601838569935708
0.3331623823834109,0.5243578387953941,0.9966329966329966,0.3557692307692308,1.0,370296,1251,670536,115648,0,0.9601570001522017,0.9601838569935708
0.3320310973151366,0.5256637168141592,0.9966442953020134,0.35697115384615385,1.0,371547,1251,669285,115648,0,0.9601570001522017,0.9601838569935708
0.3314925739214881,0.5269672855879752,0.9966555183946488,0.3581730769230769,1.0,372798,1251,668034,115648,0,0.9601570001522017,0.9601838569935708
0.33128434907892845,0.5282685512367491,0.9966666666666667,0.359375,1.0,374049,1251,666783,115648,0,0.9601570001522017,0.9601838569935708
0.3311644379424098,0.529567519858782,0.9966777408637874,0.3605769230769231,1.0,375300,1251,665532,115648,0,0.9601570001522017,0.9601838569935708
0.3301287039633498,0.5308641975308642,0.9966887417218543,0.36177884615384615,1.0,376551,1251,664281,115648,0,0.9601570001522017,0.9601838569935708
0.3298238932465021,0.5321585903083701,0.9966996699669967,0.3629807692307692,1.0,377802,1251,663030,115648,0,0.9601570001522017,0.9601838569935708
0.32980051824949225,0.5334507042253521,0.9967105263157895,0.3641826923076923,1.0,379053,1251,661779,115648,0,0.9601570001522017,0.9601838569935708
0.32929670903384656,0.534740545294635,0.9967213114754099,0.36538461538461536,1.0,380304,1251,660528,115648,0,0.9601570001522017,0.9601838569935708
0.3289536606934842,0.5360281195079086,0.9967320261437909,0.36658653846153844,1.0,381555,1251,659277,115648,0,0.9601570001522017,0.9601838569935708
0.3283996302544304,0.5373134328358209,0.996742671009772,0.36778846153846156,1.0,382806,1251,658026,115648,0,0.9601570001522017,0.9601838569935708
0.3283630589297889,0.5385964912280702,0.9967532467532467,0.36899038461538464,1.0,384057,1251,656775,115648,0,0.9601570001522017,0.9601838569935708
0.3271749075440805,0.5398773006134969,0.9967637540453075,0.3701923076923077,1.0,385308,1251,655524,115648,0,0.9601570001522017,0.9601838569935708
0.32695545184224983,0.5411558669001751,0.9967741935483871,0.3713942307692308,1.0,386559,1251,654273,115648,0,0.9601570001522017,0.9601838569935708
0.32655379596046163,0.5424321959755031,0.9967845659163987,0.37259615384615385,1.0,387810,1251,653022,115648,0,0.9601570001522017,0.9601838569935708
0.3258956345256808,0.5437062937062938,0.9967948717948718,0.3737980769230769,1.0,389061,1251,651771,115648,0,0.9601570001522017,0.9601838569935708
0.3257537132480507,0.5449781659388646,0.9968051118210862,0.375,1.0,390312,1251,650520,115648,0,0.9601570001522017,0.9601838569935708
0.32550122231391765,0.5462478184991274,0.9968152866242038,0.3762019230769231,1.0,391563,1251,649269,115648,0,0.9601570001522017,0.9601838569935708
0.32352460066572697,0.5475152571926766,0.9968253968253968,0.37740384615384615,1.0,392814,1251,648018,115648,0,0.9601570001522017,0.9601838569935708
0.32351549784198896,0.5487804878048781,0.9968354430379747,0.3786057692307692,1.0,394065,1251,646767,115648,0,0.9601570001522017,0.9601838569935708
0.32323557749818144,0.5500435161009574,0.9968454258675079,0.3798076923076923,1.0,395316,1251,645516,115648,0,0.9601570001522017,0.9601838569935708
0.3224468451010525,0.551304347826087,0.9968553459119497,0.38100961538461536,1.0,396567,1251,644265,115648,0,0.9601570001522017,0.9601838569935708
0.32206184567995255,0.5525629887054735,0.9968652037617555,0.38221153846153844,1.0,397818,1251,643014,115648,0,0.9601570001522017,0.9601838569935708
0.3203510648346307,0.5538194444444444,0.996875,0.38341346153846156,1.0,399069,1251,641763,115648,0,0.9601570001522017,0.9601838569935708
0.32034730412867285,0.5550737207285342,0.9968847352024922,0.38461538461538464,1.0,400320,1251,640512,115648,0,0.9601570001522017,0.9601838569935708
0.31944085289030566,0.5563258232235702,0.9968944099378882,0.3858173076923077,1.0,401571,1251,639261,115648,0,0.9601570001522017,0.9601838569935708
0.3193686316314228,0.5575757575757576,0.9969040247678018,0.3870192307692308,1.0,402822,1251,638010,115648,0,0.9601570001522017,0.9601838569935708
0.31796643672010483,0.5588235294117647,0.9969135802469136,0.38822115384615385,1.0,404073,1251,636759,115648,0,0.9601570001522017,0.9601838569935708
0.3177651076355641,0.5600691443388073,0.9969230769230769,0.3894230769230769,1.0,405324,1251,635508,115648,0,0.9601570001522017,0.9601838569935708
0.3170910432271552,0.5613126079447323,0.9969325153374233,0.390625,1.0,406575,1251,634257,115648,0,0.9601570001522017,0.9601838569935708
0.31670790421489503,0.5625539257981018,0.9969418960244648,0.3918269230769231,1.0,407826,1251,633006,115648,0,0.9601570001522017,0.9601838569935708
0.31633556081772485,0.5637931034482758,0.9969512195121951,0.39302884615384615,1.0,409077,1251,631755,115648,0,0.9601570001522017,0.9601838569935708
0.31376022114172364,0.5650301464254953,0.9969604863221885,0.3942307692307692,1.0,410328,1251,630504,115648,0,0.9601570001522017,0.9601838569935708
0.31296599467554254,0.5662650602409639,0.996969696969697,0.3954326923076923,1.0,411579,1251,629253,115648,0,0.9601570001522017,0.9601838569935708
0.3128777938974061,0.5674978503869303,0.9969788519637462,0.39663461538461536,1.0,412830,1251,628002,115648,0,0.9601570001522017,0.9601838569935708
0.3128404375772236,0.5687285223367697,0.9969879518072289,0.39783653846153844,1.0,414081,1251,626751,115648,0,0.9601570001522017,0.9601838569935708
0.3128050084802052,0.5699570815450644,0.996996996996997,0.39903846153846156,1.0,415332,1251,625500,115648,0,0.9601570001522017,0.9601838569935708
0.3127389549327916,0.5711835334476844,0.9970059880239521,0.40024038461538464,1.0,416583,1251,624249,115648,0,0.9601570001522017,0.9601838569935708
0.3120947090269104,0.572407883461868,0.9970149253731343,0.4014423076923077,1.0,417834,1251,622998,115648,0,0.9601570001522017,0.9601838569935708
0.3109653003211357,0.5736301369863014,0.9970238095238095,0.4026442307692308,1.0,419085,1251,621747,115648,0,0.9601570001522017,0.9601838569935708
0.310923478277526,0.5748502994011976,0.9970326409495549,0.40384615384615385,1.0,420336,1251,620496,115648,0,0.9601570001522017,0.9601838569935708
0.30976458399238305,0.576068376068376,0.9970414201183432,0.4050480769230769,1.0,421587,1251,619245,115648,0,0.9601570001522017,0.9601838569935708
0.30944840582439703,0.5772843723313408,0.9970501474926253,0.40625,1.0,422838,1251,617994,115648,0,0.9601570001522017,0.9601838569935708
0.30887447114933564,0.5784982935153583,0.9970588235294118,0.4074519230769231,1.0,424089,1251,616743,115648,0,0.9601570001522017,0.9601838569935708
0.30812007244148565,0.5797101449275363,0.9970674486803519,0.40865384615384615,1.0,425340,1251,615492,115648,0,0.9601570001522017,0.9601838569935708
0.3079923391414855,0.5809199318568995,0.9970760233918129,0.4098557692307692,1.0,426591,1251,614241,115648,0,0.9601570001522017,0.9601838569935708
0.3077268111892142,0.5821276595744681,0.9970845481049563,0.4110576923076923,1.0,427842,1251,612990,115648,0,0.9601570001522017,0.9601838569935708
0.3070810018832316,0.5833333333333334,0.997093023255814,0.41225961538461536,1.0,429093,1251,611739,115648,0,0.9601570001522017,0.9601838569935708
0.3070546499771578,0.5845369583687341,0.9971014492753624,0.41346153846153844,1.0,430344,1251,610488,115648,0,0.9601570001522017,0.9601838569935708
0.3069051867423145,0.5857385398981324,0.9971098265895953,0.41466346153846156,1.0,431595,1251,609237,115648,0,0.9601570001522017,0.9601838569935708
0.306818475900803,0.5869380831212893,0.9971181556195965,0.41586538461538464,1.0,432846,1251,607986,115648,0,0.9601570001522017,0.9601838569935708
0.30595881714526274,0.588135593220339,0.9971264367816092,0.4170673076923077,1.0,434097,1251,606735,115648,0,0.9601570001522017,0.9601838569935708
0.3052479959946941,0.5893310753598645,0.997134670487106,0.4182692307692308,1.0,435348,1251,605484,115648,0,0.9601570001522017,0.9601838569935708
0.30477200947560257,0.5905245346869712,0.9971428571428571,0.41947115384615385,1.0,436599,1251,604233,115648,0,0.9601570001522017,0.9601838569935708
0.3033205311769307,0.591715976331361,0.9971509971509972,0.4206730769230769,1.0,437850,1251,602982,115648,0,0.9601570001522017,0.9601838569935708
0.30278076621499816,0.5929054054054054,0.9971590909090909,0.421875,1.0,439101,1251,601731,115648,0,0.9601570001522017,0.9601838569935708
0.3026869502152554,0.5940928270042194,0.9971671388101983,0.4230769230769231,1.0,440352,1251,600480,115648,0,0.9601570001522017,0.9601838569935708
0.30235060644215556,0.5952782462057336,0.9971751412429378,0.42427884615384615,1.0,441603,1251,599229,115648,0,0.9601570001522017,0.9601838569935708
0.3020518950844727,0.5964616680707666,0.9971830985915493,0.4254807692307692,1.0,442854,1251,597978,115648,0,0.9601570001522017,0.9601838569935708
0.3018040351761735,0.5976430976430976,0.9971910112359551,0.4266826923076923,1.0,444105,1251,596727,115648,0,0.9601570001522017,0.9601838569935708
0.30161304434790026,0.5988225399495374,0.9971988795518207,0.42788461538461536,1.0,445356,1251,595476,115648,0,0.9601570001522017,0.9601838569935708
0.30104260878121636,0.6,0.9972067039106145,0.42908653846153844,1.0,446607,1251,594225,115648,0,0.9601570001522017,0.9601838569935708
0.30013548019313174,0.6011754827875735,0.9972144846796658,0.43028846153846156,1.0,447858,1251,592974,115648,0,0.9601570001522017,0.9601838569935708
0.29981724485907746,0.6023489932885906,0.9972222222222222,0.43149038461538464,1.0,449109,1251,591723,115648,0,0.9601570001522017,0.9601838569935708
0.2986963627684902,0.6035205364626991,0.997229916897507,0.4326923076923077,1.0,450360,1251,590472,115648,0,0.9601570001522017,0.9601838569935708
0.29751101365999655,0.6046901172529313,0.9972375690607734,0.4338942307692308,1.0,451611,1251,589221,115648,0,0.9601570001522017,0.9601838569935708
0.2969661994609236,0.605857740585774,0.9972451790633609,0.43509615384615385,1.0,452862,1251,587970,115648,0,0.9601570001522017,0.9601838569935708
0.2966118749409714,0.6070234113712375,0.9972527472527473,0.4362980769230769,1.0,454113,1251,586719,115648,0,0.9601570001522017,0.9601838569935708
0.29653788356330935,0.6081871345029239,0.9972602739726028,0.4375,1.0,455364,1251,585468,115648,0,0.9601570001522017,0.9601838569935708
0.29620235185045174,0.6093489148580968,0.9972677595628415,0.4387019230769231,1.0,456615,1251,584217,115648,0,0.9601570001522017,0.9601838569935708
0.29609650637637075,0.6105087572977481,0.997275204359673,0.43990384615384615,1.0,457866,1251,582966,115648,0,0.9601570001522017,0.9601838569935708
0.2960354889318959,0.6116666666666667,0.9972826086956522,0.4411057692307692,1.0,459117,1251,581715,115648,0,0.9601570001522017,0.9601838569935708
0.2958644951639162,0.6128226477935054,0.997289972899729,0.4423076923076923,1.0,460368,1251,580464,115648,0,0.9601570001522017,0.9601838569935708
0.29584618608814184,0.6139767054908486,0.9972972972972973,0.44350961538461536,1.0,461619,1251,579213,115648,0,0.9601570001522017,0.9601838569935708
0.29523466844816804,0.6151288445552785,0.9973045822102425,0.44471153846153844,1.0,462870,1251,577962,115648,0,0.9601570001522017,0.9601838569935708
0.294955173431128,0.6162790697674418,0.9973118279569892,0.44591346153846156,1.0,464121,1251,576711,115648,0,0.9601570001522017,0.9601838569935708
0.2941647821923502,0.6174273858921162,0.9973190348525469,0.44711538461538464,1.0,465372,1251,575460,115648,0,0.9601570001522017,0.9601838569935708
0.29363576143696324,0.6185737976782753,0.9973262032085561,0.4483173076923077,1.0,466623,1251,574209,115648,0,0.9601570001522017,0.9601838569935708
0.2933376446938458,0.6197183098591549,0.9973333333333333,0.4495192307692308,1.0,467874,1251,572958,115648,0,0.9601570001522017,0.9601838569935708
0.29330980544284113,0.6208609271523179,0.9973404255319149,0.45072115384615385,1.0,469125,1251,571707,115648,0,0.9601570001522017,0.9601838569935708
0.2932539679899778,0.6220016542597188,0.9973474801061007,0.4519230769230769,1.0,470376,1251,570456,115648,0,0.9601570001522017,0.9601838569935708
0.29311266852625906,0.6231404958677685,0.9973544973544973,0.453125,1.0,471627,1251,569205,115648,0,0.9601570001522017,0.9601838569935708
0.29296823966154784,0.6242774566473989,0.9973614775725593,0.4543269230769231,1.0,472878,1251,567954,115648,0,0.9601570001522017,0.9601838569935708
0.29231348621116315,0.6254125412541254,0.9973684210526316,0.45552884615384615,1.0,474129,1251,566703,115648,0,0.9601570001522017,0.9601838569935708
0.29226912757123313,0.6265457543281121,0.9973753280839895,0.4567307692307692,1.0,475380,1251,565452,115648,0,0.9601570001522017,0.9601838569935708
0.2910652926667091,0.627677100494234,0.9973821989528796,0.4579326923076923,1.0,476631,1251,564201,115648,0,0.9601570001522017,0.9601838569935708
0.29085164145962294,0.6288065843621399,0.9973890339425587,0.45913461538461536,1.0,477882,1251,562950,115648,0,0.9601570001522017,0.9601838569935708
0.29075800728406875,0.6299342105263158,0.9973958333333334,0.46033653846153844,1.0,479133,1251,561699,115648,0,0.9601570001522017,0.9601838569935708
0.2906236976145117,0.6310599835661462,0.9974025974025974,0.46153846153846156,1.0,480384,1251,560448,115648,0,0.9601570001522017,0.9601838569935708
0.2902296323327259,0.632183908045977,0.9974093264248705,0.46274038461538464,1.0,481635,1251,559197,115648,0,0.9601570001522017,0.9601838569935708
0.2883259849566573,0.6333059885151764,0.9974160206718347,0.4639423076923077,1.0,482886,1251,557946,115648,0,0.9601570001522017,0.9601838569935708
0.2881562809039919,0.6344262295081967,0.9974226804123711,0.4651442307692308,1.0,484137,1251,556695,115648,0,0.9601570001522017,0.9601838569935708
0.2874831153902473,0.6355446355446356,0.9974293059125964,0.46634615384615385,1.0,485388,1251,555444,115648,0,0.9601570001522017,0.9601838569935708
0.28738031949120824,0.6366612111292962,0.9974358974358974,0.4675480769230769,1.0,486639,1251,554193,115648,0,0.9601570001522017,0.9601838569935708
0.28595815492353605,0.6377759607522485,0.9974424552429667,0.46875,1.0,487890,1251,552942,115648,0,0.9601570001522017,0.9601838569935708
0.28536106184662235,0.6388888888888888,0.9974489795918368,0.4699519230769231,1.0,489141,1251,551691,115648,0,0.9601570001522017,0.9601838569935708
0.28525966274694126,0.64,0.9974554707379135,0.47115384615384615,1.0,490392,1251,550440,115648,0,0.9601570001522017,0.9601838569935708
0.2845692069198826,0.6411092985318108,0.9974619289340102,0.4723557692307692,1.0,491643,1251,549189,115648,0,0.9601570001522017,0.9601838569935708
0.2844435509945532,0.6422167889160554,0.9974683544303797,0.4735576923076923,1.0,492894,1251,547938,115648,0,0.9601570001522017,0.9601838569935708
0.28349060599598236,0.6433224755700325,0.9974747474747475,0.47475961538461536,1.0,494145,1251,546687,115648,0,0.9601570001522017,0.9601838569935708
0.28300275123778196,0.644426362896664,0.9974811083123426,0.47596153846153844,1.0,495396,1251,545436,115648,0,0.9601570001522017,0.9601838569935708
0.28299110908747105,0.6455284552845528,0.9974874371859297,0.47716346153846156,1.0,496647,1251,544185,115648,0,0.9601570001522017,0.9601838569935708
0.2828515707008775,0.6466287571080422,0.9974937343358395,0.47836538461538464,1.0,497898,1251,542934,115648,0,0.9601570001522017,0.9601838569935708
0.28283083647849366,0.6477272727272727,0.9975,0.4795673076923077,1.0,499149,1251,541683,115648,0,0.9601570001522017,0.9601838569935708
0.2828201835037637,0.64882400648824,0.9975062344139651,0.4807692307692308,1.0,500400,1251,540432,115648,0,0.9601570001522017,0.9601838569935708
0.28184219699549273,0.6499189627228525,0.9975124378109452,0.48197115384615385,1.0,501651,1251,539181,115648,0,0.9601570001522017,0.9601838569935708
0.28171955130239856,0.6510121457489878,0.9975186104218362,0.4831730769230769,1.0,502902,1251,537930,115648,0,0.9601570001522017,0.9601838569935708
0.28139382687473624,0.6521035598705501,0.9975247524752475,0.484375,1.0,504153,1251,536679,115648,0,0.9601570001522017,0.9601838569935708
0.2803058995722438,0.6531932093775262,0.9975308641975309,0.4855769230769231,1.0,505404,1251,535428,115648,0,0.9601570001522017,0.9601838569935708
0.27952512445425615,0.654281098546042,0.9975369458128078,0.48677884615384615,1.0,506655,1251,534177,115648,0,0.9601570001522017,0.9601838569935708
0.27932000564363557,0.655367231638418,0.9975429975429976,0.4879807692307692,1.0,507906,1251,532926,115648,0,0.9601570001522017,0.9601838569935708
0.27892189126874867,0.6564516129032258,0.9975490196078431,0.4891826923076923,1.0,509157,1251,531675,115648,0,0.9601570001522017,0.9601838569935708
0.278386958291972,0.6575342465753424,0.9975550122249389,0.49038461538461536,1.0,510408,1251,530424,115648,0,0.9601570001522017,0.9601838569935708
0.27809533970133904,0.6586151368760065,0.9975609756097561,0.49158653846153844,1.0,511659,1251,529173,115648,0,0.9601570001522017,0.9601838569935708
0.277812740465494,0.6596942880128721,0.9975669099756691,0.49278846153846156,1.0,512910,1251,527922,115648,0,0.9601570001522017,0.9601838569935708
0.2777269278872597,0.6607717041800643,0.9975728155339806,0.49399038461538464,1.0,514161,1251,526671,115648,0,0.9601570001522017,0.9601838569935708
0.2755501408707884,0.6605951203217144,0.9967683026124987,0.49399038461538464,0.9964028776978417,514161,1667,526671,115232,416,0.9601570001522017,0.9601838569935708
0.27527669778477315,0.6616706602623642,0.9967761212503312,0.4951923076923077,0.9964028776978417,515412,1667,525420,115232,416,0.9601570001522017,0.9601838569935708
0.274823540670177,0.6627444742752838,0.9967839021472807,0.4963942307692308,0.9964028776978417,516663,1667,524169,115232,416,0.9601570001522017,0.9601838569935708
0.27436919089142875,0.6638165665115582,0.9967916455759545,0.49759615384615385,0.9964028776978417,517914,1667,522918,115232,416,0.9601570001522017,0.9601838569935708
0.27436281274052,0.664886941108971,0.9967993518063406,0.4987980769230769,0.9964028776978417,519165,1667,521667,115232,416,0.9601570001522017,0.9601838569935708
0.274203878121068,0.6659556021920577,0.9968070211058395,0.5,0.9964028776978417,520416,1667,520416,115232,416,0.9601570001522017,0.9601838569935708
0.2738271821602005,0.6670225538721594,0.9968146537392946,0.5012019230769231,0.9964028776978417,521667,1667,519165,115232,416,0.9601570001522017,0.9601838569935708
0.27334885929172736,0.668087800247474,0.9968222499690231,0.5024038461538461,0.9964028776978417,522918,1667,517914,115232,416,0.9601570001522017,0.9601838569935708
0.2721724385847205,0.6691513454031103,0.9968298100548459,0.5036057692307693,0.9964028776978417,524169,1667,516663,115232,416,0.9601570001522017,0.9601838569935708
0.2715629802596635,0.6702131934111393,0.9968373342541175,0.5048076923076923,0.9964028776978417,525420,1667,515412,115232,416,0.9601570001522017,0.9601838569935708
0.2711688884292489,0.6712733483306461,0.9968448228217542,0.5060096153846154,0.9964028776978417,526671,1667,514161,115232,416,0.9601570001522017,0.9601838569935708
0.27076218897835247,0.6723318142077825,0.9968522760102646,0.5072115384615384,0.9964028776978417,527922,1667,512910,115232,416,0.9601570001522017,0.9601838569935708
0.27012630743096855,0.6733885950758174,0.9968596940697763,0.5084134615384616,0.9964028776978417,529173,1667,511659,115232,416,0.9601570001522017,0.9601838569935708
0.26982180502121067,0.6744436949551885,0.9968670772480647,0.5096153846153846,0.9964028776978417,530424,1667,510408,115232,416,0.9601570001522017,0.9601838569935708
0.2690795274467064,0.6754971178535537,0.9968744257905809,0.5108173076923077,0.9964028776978417,531675,1667,509157,115232,416,0.9601570001522017,0.9601838569935708
0.2689271725522948,0.676548867765841,0.9968817399404781,0.5120192307692307,0.9964028776978417,532926,1667,507906,115232,416,0.9601570001522017,0.9601838569935708
0.26799145518177625,0.6775989486742996,0.9968890199386389,0.5132211538461539,0.9964028776978417,534177,1667,506655,115232,416,0.9601570001522017,0.9601838569935708
0.267918623771936,0.6786473645485501,0.9968962660237016,0.5144230769230769,0.9964028776978417,535428,1667,505404,115232,416,0.9601570001522017,0.9601838569935708
0.2677236300101876,0.6796941193456343,0.9969034784320864,0.515625,0.9964028776978417,536679,1667,504153,115232,416,0.9601570001522017,0.9601838569935708
0.2671115966412867,0.680739217010065,0.9969106573980211,0.5168269230769231,0.9964028776978417,537930,1667,502902,115232,416,0.9601570001522017,0.9601838569935708
0.2664898926605135,0.6817826614738759,0.9969178031535663,0.5180288461538461,0.9964028776978417,539181,1667,501651,115232,416,0.9601570001522017,0.9601838569935708
0.26634232677309877,0.6828244566566705,0.9969249159286403,0.5192307692307693,0.9964028776978417,540432,1667,500400,115232,416,0.9601570001522017,0.9601838569935708
0.26571695819724483,0.6838646064656713,0.9969319959510444,0.5204326923076923,0.9964028776978417,541683,1667,499149,115232,416,0.9601570001522017,0.9601838569935708
0.26562334670051924,0.6849031147957687,0.9969390434464865,0.5216346153846154,0.9964028776978417,542934,1667,497898,115232,416,0.9601570001522017,0.9601838569935708
0.26555980967781967,0.6859399855295698,0.9969460586386053,0.5228365384615384,0.9964028776978417,544185,1667,496647,115232,416,0.9601570001522017,0.9601838569935708
0.2654187731941927,0.6869752225374465,0.9969530417489942,0.5240384615384616,0.9964028776978417,545436,1667,495396,115232,416,0.9601570001522017,0.9601838569935708
0.26500328490563274,0.6880088296775834,0.9969599929972244,0.5252403846153846,0.9964028776978417,546687,1667,494145,115232,416,0.9601570001522017,0.9601838569935708
0.2643424792853143,0.6890408107960265,0.9969669126008679,0.5264423076923077,0.9964028776978417,547938,1667,492894,115232,416,0.9601570001522017,0.9601838569935708
0.26351863391146313,0.6900711697267303,0.9969738007755203,0.5276442307692307,0.9964028776978417,549189,1667,491643,115232,416,0.9601570001522017,0.9601838569935708
0.26112058761121915,0.6910999102916057,0.9969806577348231,0.5288461538461539,0.9964028776978417,550440,1667,490392,115232,416,0.9601570001522017,0.9601838569935708
0.2600849590697345,0.6921270363005664,0.9969874836904861,0.5300480769230769,0.9964028776978417,551691,1667,489141,115232,416,0.9601570001522017,0.9601838569935708
0.25989703199095493,0.6919464745523346,0.9962385377428338,0.5300480769230769,0.9928057553956835,551691,2083,489141,114816,832,0.9601570001522017,0.9601838569935708
0.25967141204289856,0.6929718640203978,0.9962470159001847,0.53125,0.9928057553956835,552942,2083,487890,114816,832,0.9601570001522017,0.9601838569935708
0.2594933295331532,0.6939956471321914,0.9962554559247567,0.5324519230769231,0.9928057553956835,554193,2083,486639,114816,832,0.9601570001522017,0.9601838569935708
0.2594648534197369,0.6950178276594933,0.9962638580732412,0.5336538461538461,0.9928057553956835,555444,2083,485388,114816,832,0.9601570001522017,0.9601838569935708
0.25873574153036505,0.696038409362282,0.9962722226000308,0.5348557692307693,0.9928057553956835,556695,2083,484137,114816,832,0.9601570001522017,0.9601838569935708
0.25824375530670984,0.6970573959887836,0.9962805497572447,0.5360576923076923,0.9928057553956835,557946,2083,482886,114816,832,0.9601570001522017,0.9601838569935708
0.2567245004548242,0.6980747912755163,0.9962888397947548,0.5372596153846154,0.9928057553956835,559197,2083,481635,114816,832,0.9601570001522017,0.9601838569935708
0.25643080075274116,0.6990905989473376,0.9962970929602102,0.5384615384615384,0.9928057553956835,560448,2083,480384,114816,832,0.9601570001522017,0.9601838569935708
0.2557036282633761,0.6989092636828391,0.9955608609691499,0.5384615384615384,0.9892086330935251,560448,2499,480384,114400,1248,0.9601570001522017,0.9601838569935708
0.2554973746555349,0.6999233659183941,0.9955707039018217,0.5396634615384616,0.9892086330935251,561699,2499,479133,114400,1248,0.9601570001522017,0.9601838569935708
0.2541181269018823,0.7009358885525011,0.9955805032814631,0.5408653846153846,0.9892086330935251,562950,2499,477882,114400,1248,0.9601570001522017,0.9601838569935708
0.25304827666379914,0.7019468352729525,0.9955902593965061,0.5420673076923077,0.9892086330935251,564201,2499,476631,114400,1248,0.9601570001522017,0.9601838569935708
0.25280275522638507,0.7029562097560703,0.9955999725328417,0.5432692307692307,0.9892086330935251,565452,2499,475380,114400,1248,0.9601570001522017,0.9601838569935708
0.25277666336128535,0.7039640156667499,0.9956096429738476,0.5444711538461539,0.9892086330935251,566703,2499,474129,114400,1248,0.9601570001522017,0.9601838569935708
0.2526346854610526,0.7049702566585054,0.9956192710004155,0.5456730769230769,0.9892086330935251,567954,2499,472878,114400,1248,0.9601570001522017,0.9601838569935708
0.25202090986635783,0.7059749363735135,0.9956288568909786,0.546875,0.9892086330935251,569205,2499,471627,114400,1248,0.9601570001522017,0.9601838569935708
0.251652182601106,0.7069780584426569,0.9956384009215383,0.5480769230769231,0.9892086330935251,570456,2499,470376,114400,1248,0.9601570001522017,0.9601838569935708
0.25104493545570716,0.7079796264855688,0.9956479033656911,0.5492788461538461,0.9892086330935251,571707,2499,469125,114400,1248,0.9601570001522017,0.9601838569935708
0.25099728478551087,0.7089796441106757,0.9956573644946538,0.5504807692307693,0.9892086330935251,572958,2499,467874,114400,1248,0.9601570001522017,0.9601838569935708
0.25097682730419446,0.7099781149152417,0.9956667845772904,0.5516826923076923,0.9892086330935251,574209,2499,466623,114400,1248,0.9601570001522017,0.9601838569935708
0.25075662040245306,0.7109750424854104,0.9956761638801368,0.5528846153846154,0.9892086330935251,575460,2499,465372,114400,1248,0.9601570001522017,0.9601838569935708
0.25054915530487,0.711970430396249,0.9956855026674263,0.5540865384615384,0.9892086330935251,576711,2499,464121,114400,1248,0.9601570001522017,0.9601838569935708
0.25012346661036644,0.7129642822117902,0.9956948012011143,0.5552884615384616,0.9892086330935251,577962,2499,462870,114400,1248,0.9601570001522017,0.9601838569935708
0.2496751723466808,0.7139566014850753,0.9957040597409027,0.5564903846153846,0.9892086330935251,579213,2499,461619,114400,1248,0.9601570001522017,0.9601838569935708
0.2486812411956154,0.7149473917581961,0.9957132785442644,0.5576923076923077,0.9892086330935251,580464,2499,460368,114400,1248,0.9601570001522017,0.9601838569935708
0.24704813246804103,0.7159366565623373,0.9957224578664667,0.5588942307692307,0.9892086330935251,581715,2499,459117,114400,1248,0.9601570001522017,0.9601838569935708
0.24686165775669067,0.7169243994178185,0.9957315979605954,0.5600961538461539,0.9892086330935251,582966,2499,457866,114400,1248,0.9601570001522017,0.9601838569935708
0.24652413320931188,0.7179106238341357,0.9957406990775776,0.5612980769230769,0.9892086330935251,584217,2499,456615,114400,1248,0.9601570001522017,0.9601838569935708
0.24635946169016798,0.7188953333100032,0.9957497614662048,0.5625,0.9892086330935251,585468,2499,455364,114400,1248,0.9601570001522017,0.9601838569935708
0.24618039500822841,0.7198785313333946,0.9957587853731557,0.5637019230769231,0.9892086330935251,586719,2499,454113,114400,1248,0.9601570001522017,0.9601838569935708
0.2459134154965379,0.7208602213815843,0.9957677710430184,0.5649038461538461,0.9892086330935251,587970,2499,452862,114400,1248,0.9601570001522017,0.9601838569935708
0.2456525536256381,0.7218404069211884,0.9957767187183127,0.5661057692307693,0.9892086330935251,589221,2499,451611,114400,1248,0.9601570001522017,0.9601838569935708
0.24515451133145083,0.7228190914082053,0.9957856286395119,0.5673076923076923,0.9892086330935251,590472,2499,450360,114400,1248,0.9601570001522017,0.9601838569935708
0.24402851183727658,0.7237962782880566,0.995794501045064,0.5685096153846154,0.9892086330935251,591723,2499,449109,114400,1248,0.9601570001522017,0.9601838569935708
0.2436815321487178,0.7247719709956273,0.9958033361714134,0.5697115384615384,0.9892086330935251,592974,2499,447858,114400,1248,0.9601570001522017,0.9601838569935708
0.2427676655222153,0.7257461729553065,0.9958121342530215,0.5709134615384616,0.9892086330935251,594225,2499,446607,114400,1248,0.9601570001522017,0.9601838569935708
0.24241876516369076,0.726718887581027,0.9958208955223881,0.5721153846153846,0.9892086330935251,595476,2499,445356,114400,1248,0.9601570001522017,0.9601838569935708
0.2419849437849949,0.7276901182763048,0.995829620210071,0.5733173076923077,0.9892086330935251,596727,2499,444105,114400,1248,0.9601570001522017,0.9601838569935708
0.2415416582533031,0.7286598684342802,0.995838308544707,0.5745192307692307,0.9892086330935251,597978,2499,442854,114400,1248,0.9601570001522017,0.9601838569935708
0.24131596488188722,0.7296281414377557,0.9958469607530313,0.5757211538461539,0.9892086330935251,599229,2499,441603,114400,1248,0.9601570001522017,0.9601838569935708
0.24128978180897864,0.7305949406592364,0.9958555770598976,0.5769230769230769,0.9892086330935251,600480,2499,440352,114400,1248,0.9601570001522017,0.9601838569935708
0.2408117898119696,0.7315602694609686,0.9958641576882975,0.578125,0.9892086330935251,601731,2499,439101,114400,1248,0.9601570001522017,0.9601838569935708
0.24043477804998914,0.7325241311949793,0.9958727028593796,0.5793269230769231,0.9892086330935251,602982,2499,437850,114400,1248,0.9601570001522017,0.9601838569935708
0.23831799163848272,0.7334865292031144,0.9958812127924686,0.5805288461538461,0.9892086330935251,604233,2499,436599,114400,1248,0.9601570001522017,0.9601838569935708
0.23796882983185896,0.7344474668170777,0.9958896877050839,0.5817307692307693,0.9892086330935251,605484,2499,435348,114400,1248,0.9601570001522017,0.9601838569935708
0.23771345996748772,0.7354069473584693,0.9958981278129586,0.5829326923076923,0.9892086330935251,606735,2499,434097,114400,1248,0.9601570001522017,0.9601838569935708
0.23737924195504334,0.7363649741388237,0.9959065333300573,0.5841346153846154,0.9892086330935251,607986,2499,432846,114400,1248,0.9601570001522017,0.9601838569935708
0.23737263883702409,0.7373215504596483,0.9959149044685943,0.5853365384615384,0.9892086330935251,609237,2499,431595,114400,1248,0.9601570001522017,0.9601838569935708
0.23733883674426093,0.7382766796124606,0.9959232414390518,0.5865384615384616,0.9892086330935251,610488,2499,430344,114400,1248,0.9601570001522017,0.9601838569935708
0.23683531492156884,0.7392303648788269,0.9959315444501968,0.5877403846153846,0.9892086330935251,611739,2499,429093,114400,1248,0.9601570001522017,0.9601838569935708
0.23657782178134024,0.740182609530399,0.9959398137090996,0.5889423076923077,0.9892086330935251,612990,2499,427842,114400,1248,0.9601570001522017,0.9601838569935708
0.2357349453973464,0.7411334168289522,0.9959480494211499,0.5901442307692307,0.9892086330935251,614241,2499,426591,114400,1248,0.9601570001522017,0.9601838569935708
0.23557954135038905,0.7420827900264223,0.9959562517900746,0.5913461538461539,0.9892086330935251,615492,2499,425340,114400,1248,0.9601570001522017,0.9601838569935708
0.2352137861605217,0.7430307323649428,0.9959644210179542,0.5925480769230769,0.9892086330935251,616743,2499,424089,114400,1248,0.9601570001522017,0.9601838569935708
0.23477140295856147,0.7439772470768814,0.9959725573052396,0.59375,0.9892086330935251,617994,2499,422838,114400,1248,0.9601570001522017,0.9601838569935708
0.23454293113704638,0.7449223373848775,0.9959806608507682,0.5949519230769231,0.9892086330935251,619245,2499,421587,114400,1248,0.9601570001522017,0.9601838569935708
0.23442609640533074,0.745866006501878,0.9959887318517805,0.5961538461538461,0.9892086330935251,620496,2499,420336,114400,1248,0.9601570001522017,0.9601838569935708
0.23439432091087054,0.7468082576311741,0.995996770503936,0.5973557692307693,0.9892086330935251,621747,2499,419085,114400,1248,0.9601570001522017,0.9601838569935708
0.233829282545032,0.7477490939664376,0.9960047770013285,0.5985576923076923,0.9892086330935251,622998,2499,417834,114400,1248,0.9601570001522017,0.9601838569935708
0.2338171960313713,0.7486885186917569,0.9960127515365027,0.5997596153846154,0.9892086330935251,624249,2499,416583,114400,1248,0.9601570001522017,0.9601838569935708
0.23372283936633664,0.7496265349816728,0.9960206943004686,0.6009615384615384,0.9892086330935251,625500,2499,415332,114400,1248,0.9601570001522017,0.9601838569935708
0.23350517828447115,0.7505631460012143,0.9960286054827175,0.6021634615384616,0.9892086330935251,626751,2499,414081,114400,1248,0.9601570001522017,0.9601838569935708
0.23346469779710244,0.7514983549059344,0.9960364852712367,0.6033653846153846,0.9892086330935251,628002,2499,412830,114400,1248,0.9601570001522017,0.9601838569935708
0.23324170656319532,0.7524321648419452,0.9960443338525244,0.6045673076923077,0.9892086330935251,629253,2499,411579,114400,1248,0.9601570001522017,0.9601838569935708
0.23310479289090558,0.7533645789459534,0.9960521514116046,0.6057692307692307,0.9892086330935251,630504,2499,410328,114400,1248,0.9601570001522017,0.9601838569935708
0.23249071272000066,0.7542956003452957,0.9960599381320417,0.6069711538461539,0.9892086330935251,631755,2499,409077,114400,1248,0.9601570001522017,0.9601838569935708
0.23201461480943986,0.755225232157973,0.9960676941959544,0.6081730769230769,0.9892086330935251,633006,2499,407826,114400,1248,0.9601570001522017,0.9601838569935708
0.2316410756857813,0.7561534774926859,0.9960754197840304,0.609375,0.9892086330935251,634257,2499,406575,114400,1248,0.9601570001522017,0.9601838569935708
0.23123814114152563,0.7570803394488691,0.9960831150755399,0.6105769230769231,0.9892086330935251,635508,2499,405324,114400,1248,0.9601570001522017,0.9601838569935708
0.23123143486871478,0.7580058211167259,0.9960907802483504,0.6117788461538461,0.9892086330935251,636759,2499,404073,114400,1248,0.9601570001522017,0.9601838569935708
0.23094134860868687,0.7589299255772625,0.9960984154789394,0.6129807692307693,0.9892086330935251,638010,2499,402822,114400,1248,0.9601570001522017,0.9601838569935708
0.23088165125304394,0.7598526559023221,0.9961060209424084,0.6141826923076923,0.9892086330935251,639261,2499,401571,114400,1248,0.9601570001522017,0.9601838569935708
0.23064281170863177,0.7607740151546195,0.9961135968124962,0.6153846153846154,0.9892086330935251,640512,2499,400320,114400,1248,0.9601570001522017,0.9601838569935708
0.2301160122718291,0.7616940063877742,0.9961211432615923,0.6165865384615384,0.9892086330935251,641763,2499,399069,114400,1248,0.9601570001522017,0.9601838569935708
0.23007235314953633,0.7626126326463446,0.9961286604607498,0.6177884615384616,0.9892086330935251,643014,2499,397818,114400,1248,0.9601570001522017,0.9601838569935708
0.2297398724705254,0.7635298969658615,0.9961361485796983,0.6189903846153846,0.9892086330935251,644265,2499,396567,114400,1248,0.9601570001522017,0.9601838569935708
0.22935951966040646,0.7644458023728615,0.9961436077868567,0.6201923076923077,0.9892086330935251,645516,2499,395316,114400,1248,0.9601570001522017,0.9601838569935708
0.22902468029004253,0.7653603518849202,0.9961510382493461,0.6213942307692307,0.9892086330935251,646767,2499,394065,114400,1248,0.9601570001522017,0.9601838569935708
0.22886351377357939,0.7662735485106859,0.9961584401330019,0.6225961538461539,0.9892086330935251,648018,2499,392814,114400,1248,0.9601570001522017,0.9601838569935708
0.22873353098949845,0.7671853952499114,0.9961658136023861,0.6237980769230769,0.9892086330935251,649269,2499,391563,114400,1248,0.9601570001522017,0.9601838569935708
0.22866366814014416,0.7680958950934882,0.9961731588208,0.625,0.9892086330935251,650520,2499,390312,114400,1248,0.9601570001522017,0.9601838569935708
0.22804608980651242,0.7690050510234783,0.9961804759502958,0.6262019230769231,0.9892086330935251,651771,2499,389061,114400,1248,0.9601570001522017,0.9601838569935708
0.2272263783136741,0.769912866013147,0.9961877651516885,0.6274038461538461,0.9892086330935251,653022,2499,387810,114400,1248,0.9601570001522017,0.9601838569935708
0.2269537693872663,0.7708193430269957,0.9961950265845682,0.6286057692307693,0.9892086330935251,654273,2499,386559,114400,1248,0.9601570001522017,0.9601838569935708
0.22694021644717344,0.7717244850207934,0.996202260407311,0.6298076923076923,0.9892086330935251,655524,2499,385308,114400,1248,0.9601570001522017,0.9601838569935708
0.22677832162752265,0.7726282949416096,0.9962094667770912,0.6310096153846154,0.9892086330935251,656775,2499,384057,114400,1248,0.9601570001522017,0.9601838569935708
0.22603334612820714,0.7735307757278455,0.9962166458498921,0.6322115384615384,0.9892086330935251,658026,2499,382806,114400,1248,0.9601570001522017,0.9601838569935708
0.22572305553446748,0.7744319303092667,0.9962237977805178,0.6334134615384616,0.9892086330935251,659277,2499,381555,114400,1248,0.9601570001522017,0.9601838569935708
0.22437555915024432,0.7753317616070344,0.996230922722604,0.6346153846153846,0.9892086330935251,660528,2499,380304,114400,1248,0.9601570001522017,0.9601838569935708
0.224006948780491,0.7762302725337368,0.996238020828629,0.6358173076923077,0.9892086330935251,661779,2499,379053,114400,1248,0.9601570001522017,0.9601838569935708
0.22357764293599258,0.7771274659934211,0.9962450922499245,0.6370192307692307,0.9892086330935251,663030,2499,377802,114400,1248,0.9601570001522017,0.9601838569935708
0.22356124321781423,0.7780233448816242,0.9962521371366868,0.6382211538461539,0.9892086330935251,664281,2499,376551,114400,1248,0.9601570001522017,0.9601838569935708
0.2230713695593901,0.7789179120854042,0.9962591556379868,0.6394230769230769,0.9892086330935251,665532,2499,375300,114400,1248,0.9601570001522017,0.9601838569935708
0.22239189313425312,0.7798111704833712,0.9962661479017814,0.640625,0.9892086330935251,666783,2499,374049,114400,1248,0.9601570001522017,0.9601838569935708
0.2221546141248304,0.7807031229457188,0.9962731140749225,0.6418269230769231,0.9892086330935251,668034,2499,372798,114400,1248,0.9601570001522017,0.9601838569935708
0.22071506658632145,0.7805133951130431,0.995655407489988,0.6418269230769231,0.9856115107913669,668034,2915,372798,113984,1664,0.9601570001522017,0.9601838569935708
0.22039374789885824,0.7814039667676961,0.9956634930080334,0.6430288461538461,0.9856115107913669,669285,2915,371547,113984,1664,0.9601570001522017,0.9601838569935708
0.2196309376927068,0.7822932386309611,0.9956715484868238,0.6442307692307693,0.9856115107913669,670536,2915,370296,113984,1664,0.9601570001522017,0.9601838569935708
0.21954958450002382,0.783181213546336,0.9956795740934516,0.6454326923076923,0.9856115107913669,671787,2915,369045,113984,1664,0.9601570001522017,0.9601838569935708
0.21946791053549808,0.7840678943490303,0.9956875699937717,0.6466346153846154,0.9856115107913669,673038,2915,367794,113984,1664,0.9601570001522017,0.9601838569935708
0.21946084857973736,0.7849532838659958,0.9956955363524137,0.6478365384615384,0.9856115107913669,674289,2915,366543,113984,1664,0.9601570001522017,0.9601838569935708
0.21924918509862945,0.7858373849159564,0.9957034733327929,0.6490384615384616,0.9856115107913669,675540,2915,365292,113984,1664,0.9601570001522017,0.9601838569935708
0.21923065239460826,0.7867202003094381,0.9957113810971214,0.6502403846153846,0.9856115107913669,676791,2915,364041,113984,1664,0.9601570001522017,0.9601838569935708
0.21859962625113694,0.7876017328487985,0.9957192598064195,0.6514423076923077,0.9856115107913669,678042,2915,362790,113984,1664,0.9601570001522017,0.9601838569935708
0.217566663306359,0.7884819853282571,0.9957271096205262,0.6526442307692307,0.9856115107913669,679293,2915,361539,113984,1664,0.9601570001522017,0.9601838569935708
0.21635044121418923,0.7893609605339238,0.9957349306981106,0.6538461538461539,0.9856115107913669,680544,2915,360288,113984,1664,0.9601570001522017,0.9601838569935708
0.21497140926348624,0.7902386612438295,0.9957427231966818,0.6550480769230769,0.9856115107913669,681795,2915,359037,113984,1664,0.9601570001522017,0.9601838569935708
0.21479019299987478,0.7911150902279543,0.9957504872726001,0.65625,0.9856115107913669,683046,2915,357786,113984,1664,0.9601570001522017,0.9601838569935708
0.2146022132989429,0.7919902502482575,0.9957582230810871,0.6574519230769231,0.9856115107913669,684297,2915,356535,113984,1664,0.9601570001522017,0.9601838569935708
0.21450707558453486,0.792864144058706,0.9957659307762363,0.6586538461538461,0.9856115107913669,685548,2915,355284,113984,1664,0.9601570001522017,0.9601838569935708
0.21407488752193582,0.7937367744053033,0.9957736105110234,0.6598557692307693,0.9856115107913669,686799,2915,354033,113984,1664,0.9601570001522017,0.9601838569935708
0.2139203869110543,0.7946081440261186,0.9957812624373159,0.6610576923076923,0.9856115107913669,688050,2915,352782,113984,1664,0.9601570001522017,0.9601838569935708
0.2127837155305854,0.7954782556513149,0.9957888867058837,0.6622596153846154,0.9856115107913669,689301,2915,351531,113984,1664,0.9601570001522017,0.9601838569935708
0.21264567720889244,0.7963471120031782,0.9957964834664086,0.6634615384615384,0.9856115107913669,690552,2915,350280,113984,1664,0.9601570001522017,0.9601838569935708
0.21123262458884096,0.7972147157961453,0.9958040528674944,0.6646634615384616,0.9856115107913669,691803,2915,349029,113984,1664,0.9601570001522017,0.9601838569935708
0.21085967940392158,0.7980810697368322,0.9958115950566764,0.6658653846153846,0.9856115107913669,693054,2915,347778,113984,1664,0.9601570001522017,0.9601838569935708
0.21064775051876994,0.7989461765240625,0.9958191101804309,0.6670673076923077,0.9856115107913669,694305,2915,346527,113984,1664,0.9601570001522017,0.9601838569935708
0.2101636779889683,0.7998100388488952,0.9958265983841849,0.6682692307692307,0.9856115107913669,695556,2915,345276,113984,1664,0.9601570001522017,0.9601838569935708
0.21013616805872837,0.8006726593946525,0.9958340598123254,0.6694711538461539,0.9856115107913669,696807,2915,344025,113984,1664,0.9601570001522017,0.9601838569935708
0.20971036628692286,0.8015340408369479,0.9958414946082089,0.6706730769230769,0.9856115107913669,698058,2915,342774,113984,1664,0.9601570001522017,0.9601838569935708
0.20825268848518452,0.8023941858437136,0.9958489029141698,0.671875,0.9856115107913669,699309,2915,341523,113984,1664,0.9601570001522017,0.9601838569935708
0.2074720861818432,0.8032530970752282,0.9958562848715307,0.6730769230769231,0.9856115107913669,700560,2915,340272,113984,1664,0.9601570001522017,0.9601838569935708
0.2066865217317414,0.804110777184144,0.99586364062061,0.6742788461538461,0.9856115107913669,701811,2915,339021,113984,1664,0.9601570001522017,0.9601838569935708
0.20650089980124386,0.8049672288155144,0.9958709703007321,0.6754807692307693,0.9856115107913669,703062,2915,337770,113984,1664,0.9601570001522017,0.9601838569935708
0.20648351931523773,0.8058224546068212,0.9958782740502355,0.6766826923076923,0.9856115107913669,704313,2915,336519,113984,1664,0.9601570001522017,0.9601838569935708
0.2055785519025265,0.8066764571880014,0.9958855520064815,0.6778846153846154,0.9856115107913669,705564,2915,335268,113984,1664,0.9601570001522017,0.9601838569935708
0.20523935301260765,0.8075292391814743,0.9958928043058628,0.6790865384615384,0.9856115107913669,706815,2915,334017,113984,1664,0.9601570001522017,0.9601838569935708
0.20513832386578346,0.8083808032021683,0.9959000310838124,0.6802884615384616,0.9856115107913669,708066,2915,332766,113984,1664,0.9601570001522017,0.9601838569935708
0.20512610592026304,0.8092311518575477,0.9959072324748116,0.6814903846153846,0.9856115107913669,709317,2915,331515,113984,1664,0.9601570001522017,0.9601838569935708
0.20380820395886284,0.8100802877476394,0.9959144086123987,0.6826923076923077,0.9856115107913669,710568,2915,330264,113984,1664,0.9601570001522017,0.9601838569935708
0.20378863347505483,0.8109282134650592,0.9959215596291767,0.6838942307692307,0.9856115107913669,711819,2915,329013,113984,1664,0.9601570001522017,0.9601838569935708
0.20366598199226016,0.8117749315950381,0.9959286856568225,0.6850961538461539,0.9856115107913669,713070,2915,327762,113984,1664,0.9601570001522017,0.9601838569935708
0.2029916439503624,0.812620444715449,0.9959357868260935,0.6862980769230769,0.9856115107913669,714321,2915,326511,113984,1664,0.9601570001522017,0.9601838569935708
0.20289240886701643,0.8134647553968325,0.9959428632668371,0.6875,0.9856115107913669,715572,2915,325260,113984,1664,0.9601570001522017,0.9601838569935708
0.20173022899802062,0.8143078662024231,0.9959499151079977,0.6887019230769231,0.9856115107913669,716823,2915,324009,113984,1664,0.9601570001522017,0.9601838569935708
0.2011413770507542,0.8151497796881749,0.9959569424776245,0.6899038461538461,0.9856115107913669,718074,2915,322758,113984,1664,0.9601570001522017,0.9601838569935708
0.20082246784704305,0.8159904984027878,0.9959639455028799,0.6911057692307693,0.9856115107913669,719325,2915,321507,113984,1664,0.9601570001522017,0.9601838569935708
0.20014366330077427,0.8168300248877332,0.9959709243100467,0.6923076923076923,0.9856115107913669,720576,2915,320256,113984,1664,0.9601570001522017,0.9601838569935708
0.19981724598712214,0.8176683616772789,0.9959778790245356,0.6935096153846154,0.9856115107913669,721827,2915,319005,113984,1664,0.9601570001522017,0.9601838569935708
0.198409427974776,0.8185055112985157,0.9959848097708931,0.6947115384615384,0.9856115107913669,723078,2915,317754,113984,1664,0.9601570001522017,0.9601838569935708
0.19740294303255312,0.819341476271382,0.9959917166728086,0.6959134615384616,0.9856115107913669,724329,2915,316503,113984,1664,0.9601570001522017,0.9601838569935708
0.19722351348429623,0.8201762591086893,0.9959985998531219,0.6971153846153846,0.9856115107913669,725580,2915,315252,113984,1664,0.9601570001522017,0.9601838569935708
0.1957215021714026,0.8210098623161476,0.9960054594338305,0.6983173076923077,0.9856115107913669,726831,2915,314001,113984,1664,0.9601570001522017,0.9601838569935708
0.19519058943607814,0.82184228839239,0.9960122955360966,0.6995192307692307,0.9856115107913669,728082,2915,312750,113984,1664,0.9601570001522017,0.9601838569935708
0.1949344145809241,0.8226735398289982,0.9960191082802548,0.7007211538461539,0.9856115107913669,729333,2915,311499,113984,1664,0.9601570001522017,0.9601838569935708
0.1944832086551307,0.8235036191105267,0.9960258977858184,0.7019230769230769,0.9856115107913669,730584,2915,310248,113984,1664,0.9601570001522017,0.9601838569935708
0.1944096760126688,0.8243325287145286,0.996032664171487,0.703125,0.9856115107913669,731835,2915,308997,113984,1664,0.9601570001522017,0.9601838569935708
0.19428507236267956,0.8251602711115789,0.9960394075551527,0.7043269230769231,0.9856115107913669,733086,2915,307746,113984,1664,0.9601570001522017,0.9601838569935708
0.1941902729509899,0.8259868487653002,0.9960461280539082,0.7055288461538461,0.9856115107913669,734337,2915,306495,113984,1664,0.9601570001522017,0.9601838569935708
0.19229423798999945,0.8268122641323865,0.9960528257840523,0.7067307692307693,0.9856115107913669,735588,2915,305244,113984,1664,0.9601570001522017,0.9601838569935708
0.1917162557549178,0.8266190045686166,0.9954920634061379,0.7067307692307693,0.9820143884892086,735588,3331,305244,113568,2080,0.9601570001522017,0.9601838569935708
0.18940624785670723,0.8264258353289327,0.9949319320740936,0.7067307692307693,0.9784172661870504,735588,3747,305244,113152,2496,0.9601570001522017,0.9601838569935708
0.18939202418289514,0.8272499772653021,0.9949404930690021,0.7079326923076923,0.9784172661870504,736839,3747,303993,113152,2496,0.9601570001522017,0.9601838569935708
0.18915241581454767,0.8266694490115664,0.9932626709101865,0.7079326923076923,0.9784172661870504,736839,4998,303993,113152,2496,0.9601570001522017,0.9601838569935708
0.1889613325103029,0.8274922642270954,0.9932740133066339,0.7091346153846154,0.9784172661870504,738090,4998,302742,113152,2496,0.9601570001522017,0.9601838569935708
0.18886024530617507,0.8283139262289159,0.9932853175770717,0.7103365384615384,0.9784172661870504,739341,4998,301491,113152,2496,0.9601570001522017,0.9601838569935708
0.18821709909150397,0.8291344374397539,0.9932965839134108,0.7115384615384616,0.9784172661870504,740592,4998,300240,113152,2496,0.9601570001522017,0.9601838569935708
0.18754302597214556,0.8299538002755538,0.9933078125062764,0.7127403846153846,0.9784172661870504,741843,4998,298989,113152,2496,0.9601570001522017,0.9601838569935708
0.18747491306825292,0.830772017145502,0.9933190035450186,0.7139423076923077,0.9784172661870504,743094,4998,297738,113152,2496,0.9601570001522017,0.9601838569935708
0.18700973276334265,0.8315890904520508,0.9933301572177228,0.7151442307692307,0.9784172661870504,744345,4998,296487,113152,2496,0.9601570001522017,0.9601838569935708
0.1860263192562066,0.8324050225909415,0.9933412737112207,0.7163461538461539,0.9784172661870504,745596,4998,295236,113152,2496,0.9601570001522017,0.9601838569935708
0.18597238054879317,0.8332198159512283,0.9933523532111007,0.7175480769230769,0.9784172661870504,746847,4998,293985,113152,2496,0.9601570001522017,0.9601838569935708
0.18577430378965187,0.8340334729153009,0.9933633959017177,0.71875,0.9784172661870504,748098,4998,292734,113152,2496,0.9601570001522017,0.9601838569935708
0.18547545582971248,0.8348459958589087,0.9933744019662039,0.7199519230769231,0.9784172661870504,749349,4998,291483,113152,2496,0.9601570001522017,0.9601838569935708
0.18467012014084028,0.8356573871511832,0.9933853715864785,0.7211538461538461,0.9784172661870504,750600,4998,290232,113152,2496,0.9601570001522017,0.9601838569935708
0.18285926027977506,0.8364676491546609,0.9933963049432581,0.7223557692307693,0.9784172661870504,751851,4998,288981,113152,2496,0.9601570001522017,0.9601838569935708
0.18277222945905636,0.837276784225307,0.9934072022160665,0.7235576923076923,0.9784172661870504,753102,4998,287730,113152,2496,0.9601570001522017,0.9601838569935708
0.18174289041243763,0.8380847947125376,0.9934180635832441,0.7247596153846154,0.9784172661870504,754353,4998,286479,113152,2496,0.9601570001522017,0.9601838569935708
0.18165766021253515,0.8388916829592424,0.9934288892219584,0.7259615384615384,0.9784172661870504,755604,4998,285228,113152,2496,0.9601570001522017,0.9601838569935708
0.18152850534338616,0.8396974513018082,0.993439679308213,0.7271634615384616,0.9784172661870504,756855,4998,283977,113152,2496,0.9601570001522017,0.9601838569935708
0.18078654348830447,0.84050210207014,0.9934504340168575,0.7283653846153846,0.9784172661870504,758106,4998,282726,113152,2496,0.9601570001522017,0.9601838569935708
0.17954968709860697,0.8413056375876848,0.9934611535215966,0.7295673076923077,0.9784172661870504,759357,4998,281475,113152,2496,0.9601570001522017,0.9601838569935708
0.1785125847131579,0.8421080601714535,0.993471837995,0.7307692307692307,0.9784172661870504,760608,4998,280224,113152,2496,0.9601570001522017,0.9601838569935708
0.17774264424969932,0.8429093721320426,0.9934824876085111,0.7319711538461539,0.9784172661870504,761859,4998,278973,113152,2496,0.9601570001522017,0.9601838569935708
0.17698442227468303,0.8437095757736575,0.9934931025324564,0.7331730769230769,0.9784172661870504,763110,4998,277722,113152,2496,0.9601570001522017,0.9601838569935708
0.17677786421172892,0.8445086733941336,0.9935036829360545,0.734375,0.9784172661870504,764361,4998,276471,113152,2496,0.9601570001522017,0.9601838569935708
0.17592055945073426,0.8453066672849586,0.9935142289874256,0.7355769230769231,0.9784172661870504,765612,4998,275220,113152,2496,0.9601570001522017,0.9601838569935708
0.17492779679270698,0.8451125860856645,0.9929781875059985,0.7355769230769231,0.9748201438848921,765612,5414,275220,112736,2912,0.9601570001522017,0.9601838569935708
0.17466924163129527,0.8449185939874434,0.9924427241451723,0.7355769230769231,0.9712230215827338,765612,5830,275220,112320,3328,0.9601570001522017,0.9601838569935708
0.17458888731369138,0.8457153885388953,0.9924549594729084,0.7367788461538461,0.9712230215827338,766863,5830,273969,112320,3328,0.9601570001522017,0.9601838569935708
0.1745505206378174,0.8465110845636046,0.9924671552463744,0.7379807692307693,0.9712230215827338,768114,5830,272718,112320,3328,0.9601570001522017,0.9601838569935708
0.17449783988104584,0.8463170838126215,0.9919339841933984,0.7379807692307693,0.9676258992805755,768114,6246,272718,111904,3744,0.9601570001522017,0.9601838569935708
0.17438086895405625,0.8471116352123353,0.9919469940472737,0.7391826923076923,0.9676258992805755,769365,6246,271467,111904,3744,0.9601570001522017,0.9601838569935708
0.17396712793552238,0.8479050929364349,0.9919599620009731,0.7403846153846154,0.9676258992805755,770616,6246,270216,111904,3744,0.9601570001522017,0.9601838569935708
0.17261112566103887,0.8486974592414834,0.99197288825659,0.7415865384615384,0.9676258992805755,771867,6246,268965,111904,3744,0.9601570001522017,0.9601838569935708
0.1725173396527412,0.8494887363778406,0.9919857730149199,0.7427884615384616,0.9676258992805755,773118,6246,267714,111904,3744,0.9601570001522017,0.9601838569935708
0.1723515063104717,0.850278926589684,0.9919986164754713,0.7439903846153846,0.9676258992805755,774369,6246,266463,111904,3744,0.9601570001522017,0.9601838569935708
0.17178325410922168,0.8510680321150295,0.9920114188364758,0.7451923076923077,0.9676258992805755,775620,6246,265212,111904,3744,0.9601570001522017,0.9601838569935708
0.17132676329885743,0.8518560551857536,0.9920241802948985,0.7463942307692307,0.9676258992805755,776871,6246,263961,111904,3744,0.9601570001522017,0.9601838569935708
0.17087396568220725,0.8516618110959155,0.9914974863853852,0.7463942307692307,0.9640287769784173,776871,6662,263961,111488,4160,0.9601570001522017,0.9601838569935708
0.17058719683888057,0.8514676555707232,0.9909713514527093,0.7463942307692307,0.960431654676259,776871,7078,263961,111072,4576,0.9601570001522017,0.9601838569935708
0.16996086613150152,0.8522545059451313,0.9909857361181864,0.7475961538461539,0.960431654676259,778122,7078,262710,111072,4576,0.9601570001522017,0.9601838569935708
0.16986163334690807,0.8530402789277851,0.9910000750205671,0.7487980769230769,0.960431654676259,779373,7078,261459,111072,4576,0.9601570001522017,0.9601838569935708
0.16957903413413178,0.8538249767299925,0.9910143683778891,0.75,0.960431654676259,780624,7078,260208,111072,4576,0.9601570001522017,0.9601838569935708
0.16936382512476944,0.8546086015570136,0.9910286164068075,0.7512019230769231,0.960431654676259,781875,7078,258957,111072,4576,0.9601570001522017,0.9601838569935708
0.16871377627795148,0.855391155608082,0.9910428193226053,0.7524038461538461,0.960431654676259,783126,7078,257706,111072,4576,0.9601570001522017,0.9601838569935708
0.1684752834072839,0.8561726410764252,0.9910569773392044,0.7536057692307693,0.960431654676259,784377,7078,256455,111072,4576,0.9601570001522017,0.9601838569935708
0.16841051534722873,0.8559783009030923,0.9905363373579787,0.7536057692307693,0.9568345323741008,784377,7494,256455,110656,4992,0.9601570001522017,0.9601838569935708
0.16796160105038915,0.8557840489351756,0.9900162441135598,0.7536057692307693,0.9532374100719424,784377,7910,256455,110240,5408,0.9601570001522017,0.9601838569935708
0.16777363271819645,0.8565643790511184,0.990031983345473,0.7548076923076923,0.9532374100719424,785628,7910,255204,110240,5408,0.9601570001522017,0.9601838569935708
0.16767826474414904,0.8573436455564629,0.9900476730302005,0.7560096153846154,0.9532374100719424,786879,7910,253953,110240,5408,0.9601570001522017,0.9601838569935708
0.16715271147749866,0.8581218506243222,0.9900633134013366,0.7572115384615384,0.9532374100719424,788130,7910,252702,110240,5408,0.9601570001522017,0.9601838569935708
0.16601574901960692,0.8588989964218934,0.9900789046910099,0.7584134615384616,0.9532374100719424,789381,7910,251451,110240,5408,0.9601570001522017,0.9601838569935708
0.16542334111073675,0.8596750851104779,0.9900944471298943,0.7596153846153846,0.9532374100719424,790632,7910,250200,110240,5408,0.9601570001522017,0.9601838569935708
0.16521809388641362,0.8594807016018132,0.9895789265518338,0.7596153846153846,0.9496402877697842,790632,8326,250200,109824,5824,0.9601570001522017,0.9601838569935708
0.16376680395781174,0.8602556922958261,0.9895952182492324,0.7608173076923077,0.9496402877697842,791883,8326,248949,109824,5824,0.9601570001522017,0.9601838569935708
0.16300534390360488,0.86102963048203,0.989611459087166,0.7620192307692307,0.9496402877697842,793134,8326,247698,109824,5824,0.9601570001522017,0.9601838569935708
0.16235216966171706,0.8618025183030719,0.9896276493034231,0.7632211538461539,0.9496402877697842,794385,8326,246447,109824,5824,0.9601570001522017,0.9601838569935708
0.16198759669519847,0.8625743578957867,0.9896437891343123,0.7644230769230769,0.9496402877697842,795636,8326,245196,109824,5824,0.9601570001522017,0.9601838569935708
0.1615962563021538,0.8633451513912175,0.9896598788146739,0.765625,0.9496402877697842,796887,8326,243945,109824,5824,0.9601570001522017,0.9601838569935708
0.16131200106470744,0.8641149009146342,0.9896759185778906,0.7668269230769231,0.9496402877697842,798138,8326,242694,109824,5824,0.9601570001522017,0.9601838569935708
0.16126157950640818,0.8648836085855539,0.9896919086558996,0.7680288461538461,0.9496402877697842,799389,8326,241443,109824,5824,0.9601570001522017,0.9601838569935708
0.1607494776489089,0.8656512765177603,0.9897078492792033,0.7692307692307693,0.9496402877697842,800640,8326,240192,109824,5824,0.9601570001522017,0.9601838569935708
0.16056419906971375,0.8664179068193224,0.9897237406768804,0.7704326923076923,0.9496402877697842,801891,8326,238941,109824,5824,0.9601570001522017,0.9601838569935708
0.15994706009095339,0.8671835015926146,0.9897395830765969,0.7716346153846154,0.9496402877697842,803142,8326,237690,109824,5824,0.9601570001522017,0.9601838569935708
0.15956938850061286,0.8679480629343352,0.9897553767046174,0.7728365384615384,0.9496402877697842,804393,8326,236439,109824,5824,0.9601570001522017,0.9601838569935708
0.1595257689433366,0.8687115929355262,0.9897711217858152,0.7740384615384616,0.9496402877697842,805644,8326,235188,109824,5824,0.9601570001522017,0.9601838569935708
0.15920534738663006,0.8694740936815921,0.9897868185436832,0.7752403846153846,0.9496402877697842,806895,8326,233937,109824,5824,0.9601570001522017,0.9601838569935708
0.15813509430011163,0.8702355672523184,0.9898024672003449,0.7764423076923077,0.9496402877697842,808146,8326,232686,109824,5824,0.9601570001522017,0.9601838569935708
0.15799221264493468,0.8709960157218914,0.9898180679765642,0.7776442307692307,0.9496402877697842,809397,8326,231435,109824,5824,0.9601570001522017,0.9601838569935708
0.15768184698431675,0.8717554411589166,0.9898336210917563,0.7788461538461539,0.9496402877697842,810648,8326,230184,109824,5824,0.9601570001522017,0.9601838569935708
0.15710212681864277,0.872513845626437,0.9898491267639977,0.7800480769230769,0.9496402877697842,811899,8326,228933,109824,5824,0.9601570001522017,0.9601838569935708
0.15490404879553143,0.8732712311819527,0.9898645852100366,0.78125,0.9496402877697842,813150,8326,227682,109824,5824,0.9601570001522017,0.9601838569935708
0.15450356145793975,0.8740275998774388,0.9898799966453028,0.7824519230769231,0.9496402877697842,814401,8326,226431,109824,5824,0.9601570001522017,0.9601838569935708
0.15423384965271825,0.8747829537593642,0.9898953612839178,0.7836538461538461,0.9496402877697842,815652,8326,225180,109824,5824,0.9601570001522017,0.9601838569935708
0.15387287962510288,0.8755372948687101,0.9899106793387048,0.7848557692307693,0.9496402877697842,816903,8326,223929,109824,5824,0.9601570001522017,0.9601838569935708
0.1534003173310624,0.8762906252409881,0.9899259510211983,0.7860576923076923,0.9496402877697842,818154,8326,222678,109824,5824,0.9601570001522017,0.9601838569935708
0.15320552178676317,0.877042946906259,0.9899411765416543,0.7872596153846154,0.9496402877697842,819405,8326,221427,109824,5824,0.9601570001522017,0.9601838569935708
0.15224517547167826,0.8777942618891504,0.9899563561090591,0.7884615384615384,0.9496402877697842,820656,8326,220176,109824,5824,0.9601570001522017,0.9601838569935708
0.15044493622810307,0.8785445722088757,0.9899714899311398,0.7896634615384616,0.9496402877697842,821907,8326,218925,109824,5824,0.9601570001522017,0.9601838569935708
0.14995867599196755,0.8792938798792511,0.9899865782143733,0.7908653846153846,0.9496402877697842,823158,8326,217674,109824,5824,0.9601570001522017,0.9601838569935708
0.1495384339834276,0.8800421869087147,0.9900016211639957,0.7920673076923077,0.9496402877697842,824409,8326,216423,109824,5824,0.9601570001522017,0.9601838569935708
0.14890209540816024,0.8807894953003438,0.9900166189840117,0.7932692307692307,0.9496402877697842,825660,8326,215172,109824,5824,0.9601570001522017,0.9601838569935708
0.14859066939481935,0.8815358070518728,0.9900315718772037,0.7944711538461539,0.9496402877697842,826911,8326,213921,109824,5824,0.9601570001522017,0.9601838569935708
0.14849476261501082,0.8822811241557114,0.9900464800451411,0.7956730769230769,0.9496402877697842,828162,8326,212670,109824,5824,0.9601570001522017,0.9601838569935708
0.14832201221361258,0.8816935851772437,0.9885680384940895,0.7956730769230769,0.9496402877697842,828162,9577,212670,109824,5824,0.9601570001522017,0.9601838569935708
0.147836248853348,0.8824378052815639,0.9885850844467753,0.796875,0.9496402877697842,829413,9577,211419,109824,5824,0.9601570001522017,0.9601838569935708
0.14743576770276345,0.8831810355047358,0.9886020796414362,0.7980769230769231,0.9496402877697842,830664,9577,210168,109824,5824,0.9601570001522017,0.9601838569935708
0.14658030710242365,0.882985762871853,0.988112868863282,0.7980769230769231,0.9460431654676259,830664,9993,210168,109408,6240,0.9601570001522017,0.9601838569935708
0.14618913966180813,0.8837279709359763,0.9881305320771391,0.7992788461538461,0.9460431654676259,831915,9993,208917,109408,6240,0.9601570001522017,0.9601838569935708
0.14607397401510502,0.884469193324172,0.9881481428769663,0.8004807692307693,0.9460431654676259,833166,9993,207666,109408,6240,0.9601570001522017,0.9601838569935708
0.1458024078965683,0.8852094319986505,0.9881657014957189,0.8016826923076923,0.9460431654676259,834417,9993,206415,109408,6240,0.9601570001522017,0.9601838569935708
0.14530549896080935,0.8859486889164179,0.988183208164974,0.8028846153846154,0.9460431654676259,835668,9993,205164,109408,6240,0.9601570001522017,0.9601838569935708
0.14515425886473476,0.8857533670145196,0.9876973372399912,0.8028846153846154,0.9424460431654677,835668,10409,205164,108992,6656,0.9601570001522017,0.9601838569935708
0.14397008321804883,0.8864916108804338,0.9877155009630273,0.8040865384615384,0.9424460431654677,836919,10409,203913,108992,6656,0.9601570001522017,0.9601838569935708
0.14370912354388132,0.8872288771474285,0.9877336111310792,0.8052884615384616,0.9424460431654677,838170,10409,202662,108992,6656,0.9601570001522017,0.9601838569935708
0.14345267202531453,0.8879651677560558,0.987751667980655,0.8064903846153846,0.9424460431654677,839421,10409,201411,108992,6656,0.9601570001522017,0.9601838569935708
0.14320040614844376,0.8887004846417357,0.9877696717468725,0.8076923076923077,0.9424460431654677,840672,10409,200160,108992,6656,0.9601570001522017,0.9601838569935708
0.14271117528508637,0.8881132326623579,0.9863198847397493,0.8076923076923077,0.9424460431654677,840672,11660,200160,108992,6656,0.9601570001522017,0.9601838569935708
0.14264296454787884,0.8888474806206665,0.9863399341364577,0.8088942307692307,0.9424460431654677,841923,11660,198909,108992,6656,0.9601570001522017,0.9601838569935708
0.1419765398625945,0.8895807594797818,0.9863599248509067,0.8100961538461539,0.9424460431654677,843174,11660,197658,108992,6656,0.9601570001522017,0.9601838569935708
0.1411039286138298,0.8903130711570406,0.986379857140354,0.8112980769230769,0.9424460431654677,844425,11660,196407,108992,6656,0.9601570001522017,0.9601838569935708
0.14067466343558888,0.8910444175647255,0.9863997312605559,0.8125,0.9424460431654677,845676,11660,195156,108992,6656,0.9601570001522017,0.9601838569935708
0.14064206801541623,0.8917748006100813,0.9864195474657781,0.8137019230769231,0.9424460431654677,846927,11660,193905,108992,6656,0.9601570001522017,0.9601838569935708
0.14048163436752803,0.8925042221953311,0.9864393060088064,0.8149038461538461,0.9424460431654677,848178,11660,192654,108992,6656,0.9601570001522017,0.9601838569935708
0.13963324621389617,0.8932326842176936,0.9864590071409576,0.8161057692307693,0.9424460431654677,849429,11660,191403,108992,6656,0.9601570001522017,0.9601838569935708
0.13933358568385146,0.8939601885693989,0.9864786511120903,0.8173076923076923,0.9424460431654677,850680,11660,190152,108992,6656,0.9601570001522017,0.9601838569935708
0.13932249617518877,0.8946867371377052,0.9864982381706154,0.8185096153846154,0.9424460431654677,851931,11660,188901,108992,6656,0.9601570001522017,0.9601838569935708
0.13915997514769696,0.8954123318049152,0.9865177685635064,0.8197115384615384,0.9424460431654677,853182,11660,187650,108992,6656,0.9601570001522017,0.9601838569935708
0.1388519613995487,0.896136974448392,0.9865372425363096,0.8209134615384616,0.9424460431654677,854433,11660,186399,108992,6656,0.9601570001522017,0.9601838569935708
0.13851229699355505,0.8968606669405758,0.986556660333155,0.8221153846153846,0.9424460431654677,855684,11660,185148,108992,6656,0.9601570001522017,0.9601838569935708
0.13765366227245424,0.8975834111489992,0.986576022196766,0.8233173076923077,0.9424460431654677,856935,11660,183897,108992,6656,0.9601570001522017,0.9601838569935708
0.13727287723641945,0.8983052089363043,0.9865953283684699,0.8245192307692307,0.9424460431654677,858186,11660,182646,108992,6656,0.9601570001522017,0.9601838569935708
0.13700063889734793,0.899026062160258,0.9866145790882072,0.8257211538461539,0.9424460431654677,859437,11660,181395,108992,6656,0.9601570001522017,0.9601838569935708
0.13642401918807479,0.8988304934517569,0.9861436375590497,0.8257211538461539,0.9388489208633094,859437,12076,181395,108576,7072,0.9601570001522017,0.9601838569935708
0.13639136270402974,0.8995503753143297,0.9861634989527525,0.8269230769230769,0.9388489208633094,860688,12076,180144,108576,7072,0.9601570001522017,0.9601838569935708
0.13632610318087313,0.8993548629789155,0.9856936714079572,0.8269230769230769,0.935251798561151,860688,12492,180144,108160,7488,0.9601570001522017,0.9601838569935708
0.13520619795655198,0.9000737757686542,0.9857141386798959,0.828125,0.935251798561151,861939,12492,178893,108160,7488,0.9601570001522017,0.9601838569935708
0.13371130910517703,0.9007917500211321,0.9857345474727127,0.8293269230769231,0.935251798561151,863190,12492,177642,108160,7488,0.9601570001522017,0.9601838569935708
0.13334122035117824,0.9015087875730342,0.9857548980366801,0.8305288461538461,0.935251798561151,864441,12492,176391,108160,7488,0.9601570001522017,0.9601838569935708
0.13242522733402007,0.9022248902562563,0.9857751906206444,0.8317307692307693,0.935251798561151,865692,12492,175140,108160,7488,0.9601570001522017,0.9601838569935708
0.13104111101742522,0.9029400598979205,0.985795425472036,0.8329326923076923,0.935251798561151,866943,12492,173889,108160,7488,0.9601570001522017,0.9601838569935708
0.13047331391612593,0.9036542983203905,0.9858156028368794,0.8341346153846154,0.935251798561151,868194,12492,172638,108160,7488,0.9601570001522017,0.9601838569935708
0.1301646926616702,0.9043676073412875,0.9858357229598033,0.8353365384615384,0.935251798561151,869445,12492,171387,108160,7488,0.9601570001522017,0.9601838569935708
0.1295916813586213,0.9050799887735055,0.98585578608405,0.8365384615384616,0.935251798561151,870696,12492,170136,108160,7488,0.9601570001522017,0.9601838569935708
0.12944261308171867,0.9057914444252264,0.9858757924514862,0.8377403846153846,0.935251798561151,871947,12492,168885,108160,7488,0.9601570001522017,0.9601838569935708
0.12925663780992902,0.9065019760999355,0.9858957423026116,0.8389423076923077,0.935251798561151,873198,12492,167634,108160,7488,0.9601570001522017,0.9601838569935708
0.12901584145260592,0.9063062745142813,0.9854328940329938,0.8389423076923077,0.9316546762589928,873198,12908,167634,107744,7904,0.9601570001522017,0.9601838569935708
0.12885198123307762,0.9070158578853007,0.9854534308063159,0.8401442307692307,0.9316546762589928,874449,12908,166383,107744,7904,0.9601570001522017,0.9601838569935708
0.12870793556194093,0.9077245211045692,0.9854739097554828,0.8413461538461539,0.9316546762589928,875700,12908,165132,107744,7904,0.9601570001522017,0.9601838569935708
0.12827761800522264,0.9084322659607363,0.9854943311243691,0.8425480769230769,0.9316546762589928,876951,12908,163881,107744,7904,0.9601570001522017,0.9601838569935708
0.12804204883628978,0.9091390942378187,0.9855146951554803,0.84375,0.9316546762589928,878202,12908,162630,107744,7904,0.9601570001522017,0.9601838569935708
0.1276675891763026,0.9098450077152151,0.9855350020899614,0.8449519230769231,0.9316546762589928,879453,12908,161379,107744,7904,0.9601570001522017,0.9601838569935708
0.12692621702142393,0.9105500081677216,0.9855552521676074,0.8461538461538461,0.9316546762589928,880704,12908,160128,107744,7904,0.9601570001522017,0.9601838569935708
0.12651706746909896,0.9112540973655457,0.9855754456268725,0.8473557692307693,0.9316546762589928,881955,12908,158877,107744,7904,0.9601570001522017,0.9601838569935708
0.12568301564822765,0.9119572770743222,0.985595582704879,0.8485576923076923,0.9316546762589928,883206,12908,157626,107744,7904,0.9601570001522017,0.9601838569935708
0.12537688666828484,0.912659549055127,0.9856156636374274,0.8497596153846154,0.9316546762589928,884457,12908,156375,107744,7904,0.9601570001522017,0.9601838569935708
0.12484458320743896,0.9124637047208494,0.9851589641571831,0.8497596153846154,0.9280575539568345,884457,13324,156375,107328,8320,0.9601570001522017,0.9601838569935708
0.12476834953707039,0.9122679444196038,0.9847026877177278,0.8497596153846154,0.9244604316546763,884457,13740,156375,106912,8736,0.9601570001522017,0.9601838569935708
0.12474300938586702,0.9129692621683468,0.9847239640312725,0.8509615384615384,0.9244604316546763,885708,13740,155124,106912,8736,0.9601570001522017,0.9601838569935708
0.12461167593029421,0.9136696761473291,0.9847451812425683,0.8521634615384616,0.9244604316546763,886959,13740,153873,106912,8736,0.9601570001522017,0.9601838569935708
0.12452164532732679,0.9143691881024222,0.9847663395975387,0.8533653846153846,0.9244604316546763,888210,13740,152622,106912,8736,0.9601570001522017,0.9601838569935708
0.12442324181003006,0.9150677997750039,0.9847874393407448,0.8545673076923077,0.9244604316546763,889461,13740,151371,106912,8736,0.9601570001522017,0.9601838569935708
0.12302218710609103,0.9157655129019722,0.9848084807153945,0.8557692307692307,0.9244604316546763,890712,13740,150120,106912,8736,0.9601570001522017,0.9601838569935708
0.12300212803012633,0.9164623292157603,0.9848294639633522,0.8569711538461539,0.9244604316546763,891963,13740,148869,106912,8736,0.9601570001522017,0.9601838569935708
0.12290673013011277,0.9171582504443506,0.9848503893251477,0.8581730769230769,0.9244604316546763,893214,13740,147618,106912,8736,0.9601570001522017,0.9601838569935708
0.12169850263689619,0.9178532783112892,0.9848712570399855,0.859375,0.9244604316546763,894465,13740,146367,106912,8736,0.9601570001522017,0.9601838569935708
0.12080735465247372,0.9185474145356993,0.984892067345754,0.8605769230769231,0.9244604316546763,895716,13740,145116,106912,8736,0.9601570001522017,0.9601838569935708
0.1205359420394796,0.9192406608322969,0.9849128204790344,0.8617788461538461,0.9244604316546763,896967,13740,143865,106912,8736,0.9601570001522017,0.9601838569935708
0.11998699126842194,0.9199330189114037,0.9849335166751101,0.8629807692307693,0.9244604316546763,898218,13740,142614,106912,8736,0.9601570001522017,0.9601838569935708
0.11979354836654199,0.9206244904789613,0.9849541561679747,0.8641826923076923,0.9244604316546763,899469,13740,141363,106912,8736,0.9601570001522017,0.9601838569935708
0.11826584592279565,0.9204285384636244,0.9845056779313176,0.8641826923076923,0.920863309352518,899469,14156,141363,106496,9152,0.9601570001522017,0.9601838569935708
0.11804635026406896,0.921119103669873,0.9845268648428858,0.8653846153846154,0.920863309352518,900720,14156,140112,106496,9152,0.9601570001522017,0.9601838569935708
0.11770526468306808,0.9209232134568156,0.9840793976130022,0.8653846153846154,0.9172661870503597,900720,14572,140112,106080,9568,0.9601570001522017,0.9601838569935708
0.11736227123583509,0.9207274065442056,0.9836323369458386,0.8653846153846154,0.9136690647482014,900720,14988,140112,105664,9984,0.9601570001522017,0.9601838569935708
0.11702744345224858,0.9214170460483269,0.9836546672206719,0.8665865384615384,0.9136690647482014,901971,14988,138861,105664,9984,0.9601570001522017,0.9601838569935708
0.1162876322166958,0.9221058047760079,0.9836769366484791,0.8677884615384616,0.9136690647482014,903222,14988,137610,105664,9984,0.9601570001522017,0.9601838569935708
0.1141593463155055,0.9219100383881665,0.9832314783165292,0.8677884615384616,0.9100719424460432,903222,15404,137610,105248,10400,0.9601570001522017,0.9601838569935708
0.1130365135750806,0.9217143551065018,0.9827864232537795,0.8677884615384616,0.9064748201438849,903222,15820,137610,104832,10816,0.9601570001522017,0.9601838569935708
0.11063611798397921,0.9224021926190324,0.9828098225239136,0.8689903846153846,0.9064748201438849,904473,15820,136359,104832,10816,0.9601570001522017,0.9601838569935708
0.10970142145576545,0.9230891531490397,0.9828331582648251,0.8701923076923077,0.9064748201438849,905724,15820,135108,104832,10816,0.9601570001522017,0.9601838569935708
0.10952842383325945,0.9237752383726645,0.9828564307348869,0.8713942307692307,0.9064748201438849,906975,15820,133857,104832,10816,0.9601570001522017,0.9601838569935708
0.10951020269028017,0.9235795753962617,0.9824135544312189,0.8713942307692307,0.9028776978417267,906975,16236,133857,104416,11232,0.9601570001522017,0.9601838569935708
0.10915884588418578,0.9233839952882702,0.98197107706899,0.8713942307692307,0.8992805755395683,906975,16652,133857,104000,11648,0.9601570001522017,0.9601838569935708
0.10870544120458725,0.922796343305981,0.9806428523545808,0.8713942307692307,0.8992805755395683,906975,17903,133857,104000,11648,0.9601570001522017,0.9601838569935708
0.10677722577680937,0.9226010947416391,0.980201968239284,0.8713942307692307,0.89568345323741,906975,18319,133857,103584,12064,0.9601570001522017,0.9601838569935708
0.1058146803202007,0.9232861825669406,0.9802286990917872,0.8725961538461539,0.89568345323741,908226,18319,132606,103584,12064,0.9601570001522017,0.9601838569935708
0.10576072631661321,0.92397039968953,0.9802553578588397,0.8737980769230769,0.89568345323741,909477,18319,131355,103584,12064,0.9601570001522017,0.9601838569935708
0.1057177053232854,0.9246537477682639,0.9802819448316393,0.875,0.89568345323741,910728,18319,130104,103584,12064,0.9601570001522017,0.9601838569935708
0.10514732407146149,0.9244585201708374,0.9798431997831005,0.875,0.8920863309352518,910728,18735,130104,103168,12480,0.9601570001522017,0.9601838569935708
0.10362432372950436,0.9251409807328868,0.9798702931297907,0.8762019230769231,0.8920863309352518,911979,18735,128853,103168,12480,0.9601570001522017,0.9601838569935708
0.10344076695560589,0.9258225757642575,0.9798973137403229,0.8774038461538461,0.8920863309352518,913230,18735,127602,103168,12480,0.9601570001522017,0.9601838569935708
0.10293650153453399,0.9256273904540463,0.9794601134085744,0.8774038461538461,0.8884892086330936,913230,19151,127602,102752,12896,0.9601570001522017,0.9601838569935708
0.10288522628454921,0.9263081018443486,0.9794876353852482,0.8786057692307693,0.8884892086330936,914481,19151,126351,102752,12896,0.9601570001522017,0.9601838569935708
0.10245067301112593,0.9261129790164465,0.9790513977868375,0.8786057692307693,0.8848920863309353,914481,19567,126351,102336,13312,0.9601570001522017,0.9601838569935708
0.10093190748297676,0.9259179383748056,0.9786155485925622,0.8786057692307693,0.8812949640287769,914481,19983,126351,101920,13728,0.9601570001522017,0.9601838569935708
0.10091354768749428,0.926597748497759,0.978644138439589,0.8798076923076923,0.8812949640287769,915732,19983,125100,101920,13728,0.9601570001522017,0.9601838569935708
0.10072875068851894,0.9272766986315084,0.9786726519425465,0.8810096153846154,0.8812949640287769,916983,19983,123849,101920,13728,0.9601570001522017,0.9601838569935708
0.10064900910295038,0.9279547904069075,0.9787010894068217,0.8822115384615384,0.8812949640287769,918234,19983,122598,101920,13728,0.9601570001522017,0.9601838569935708
0.10062914302956893,0.9286320254506892,0.9787294511361749,0.8834134615384616,0.8812949640287769,919485,19983,121347,101920,13728,0.9601570001522017,0.9601838569935708
0.09927188388482033,0.9293084053854783,0.9787577374327509,0.8846153846153846,0.8812949640287769,920736,19983,120096,101920,13728,0.9601570001522017,0.9601838569935708
0.0981891974811207,0.9291133505250088,0.978325107450047,0.8846153846153846,0.8776978417266187,920736,20399,120096,101504,14144,0.9601570001522017,0.9601838569935708
0.09816019062968773,0.9297888583100798,0.9783538804693618,0.8858173076923077,0.8776978417266187,921987,20399,118845,101504,14144,0.9601570001522017,0.9601838569935708
0.09776087186794824,0.9304635144212381,0.9783825771986474,0.8870192307692307,0.8776978417266187,923238,20399,117594,101504,14144,0.9601570001522017,0.9601838569935708
0.09697428584465506,0.9311373204681426,0.97841119794092,0.8882211538461539,0.8776978417266187,924489,20399,116343,101504,14144,0.9601570001522017,0.9601838569935708
0.09642674176300098,0.9309422919679217,0.9779806284539153,0.8882211538461539,0.8741007194244604,924489,20815,116343,101088,14560,0.9601570001522017,0.9601838569935708
0.09619857932426956,0.9303562919552155,0.9766880952506721,0.8882211538461539,0.8741007194244604,924489,22066,116343,101088,14560,0.9601570001522017,0.9601838569935708
0.09571375723272069,0.9310291767531346,0.9767188644089613,0.8894230769230769,0.8741007194244604,925740,22066,115092,101088,14560,0.9601570001522017,0.9601838569935708
0.09448036272712457,0.9317012154949347,0.9767495524504851,0.890625,0.8741007194244604,926991,22066,113841,101088,14560,0.9601570001522017,0.9601838569935708
0.09430921801096859,0.9315064776504104,0.9763216015621298,0.890625,0.8705035971223022,926991,22482,113841,100672,14976,0.9601570001522017,0.9601838569935708
0.09410254880169255,0.932177654055422,0.9763527585292893,0.8918269230769231,0.8705035971223022,928242,22482,112590,100672,14976,0.9601570001522017,0.9601838569935708
0.09144955585270748,0.9319829796804373,0.9759257312277898,0.8918269230769231,0.8669064748201439,928242,22898,112590,100256,15392,0.9601570001522017,0.9601838569935708
0.09054311437106899,0.9317883865993973,0.9754990773007579,0.8918269230769231,0.8633093525179856,928242,23314,112590,99840,15808,0.9601570001522017,0.9601838569935708
0.09047003592421021,0.9315938747613914,0.9750727962587135,0.8918269230769231,0.8597122302158273,928242,23730,112590,99424,16224,0.9601570001522017,0.9601838569935708
0.08998547210484231,0.932264155201336,0.9751055104629242,0.8930288461538461,0.8597122302158273,929493,23730,111339,99424,16224,0.9601570001522017,0.9601838569935708
0.0898756781489286,0.9320697067041838,0.9746801462607968,0.8930288461538461,0.8561151079136691,929493,24146,111339,99008,16640,0.9601570001522017,0.9601838569935708
0.0887009348135337,0.9327391289969245,0.9747133177643498,0.8942307692307693,0.8561151079136691,930744,24146,110088,99008,16640,0.9601570001522017,0.9601838569935708
0.08835640127258537,0.9334077125729792,0.9747464024657451,0.8954326923076923,0.8561151079136691,931995,24146,108837,99008,16640,0.9601570001522017,0.9601838569935708
0.08742690585799451,0.9340754590075987,0.9747794007052493,0.8966346153846154,0.8561151079136691,933246,24146,107586,99008,16640,0.9601570001522017,0.9601838569935708
0.0867364110864205,0.9338810391065925,0.9743560296009222,0.8966346153846154,0.8525179856115108,933246,24562,107586,98592,17056,0.9601570001522017,0.9601838569935708
0.0861450648129568,0.9336867001224578,0.9739330260982818,0.8966346153846154,0.8489208633093526,933246,24978,107586,98176,17472,0.9601570001522017,0.9601838569935708
0.08569328068907467,0.9334924420046893,0.9735103897187682,0.8966346153846154,0.8453237410071942,933246,25394,107586,97760,17888,0.9601570001522017,0.9601838569935708
0.08473505117448965,0.9341593014125393,0.9735449129119869,0.8978365384615384,0.8453237410071942,934497,25394,106335,97760,17888,0.9601570001522017,0.9601838569935708
0.08473313703133983,0.9339651068716366,0.9731231783169341,0.8978365384615384,0.841726618705036,934497,25810,106335,97344,18304,0.9601570001522017,0.9601838569935708
0.08435554525001038,0.9337709930529013,0.9727018089501345,0.8978365384615384,0.8381294964028777,934497,26226,106335,96928,18720,0.9601570001522017,0.9601838569935708
0.08406909204176827,0.934436984910171,0.9727373089085568,0.8990384615384616,0.8381294964028777,935748,26226,105084,96928,18720,0.9601570001522017,0.9601838569935708
0.08400982720819483,0.9342429346323073,0.9723168362098525,0.8990384615384616,0.8345323741007195,935748,26642,105084,96512,19136,0.9601570001522017,0.9601838569935708
0.08249705746162928,0.9336598697014128,0.9710545732279967,0.8990384615384616,0.8345323741007195,935748,27893,105084,96512,19136,0.9601570001522017,0.9601838569935708
0.08223959860026175,0.9334661420158423,0.9706355537068866,0.8990384615384616,0.8309352517985612,935748,28309,105084,96096,19552,0.9601570001522017,0.9601838569935708
0.08127265013662377,0.9332724947077876,0.9702168956518223,0.8990384615384616,0.8273381294964028,935748,28725,105084,95680,19968,0.9601570001522017,0.9601838569935708
0.08074276186953455,0.9330789277272362,0.9697985985952788,0.8990384615384616,0.8237410071942446,935748,29141,105084,95264,20384,0.9601570001522017,0.9601838569935708
0.0806546937818301,0.9328854410242172,0.9693806620705373,0.8990384615384616,0.8201438848920863,935748,29557,105084,94848,20800,0.9601570001522017,0.9601838569935708
0.078470653767867,0.9335504645838273,0.9694202922541477,0.9002403846153846,0.8201438848920863,936999,29557,103833,94848,20800,0.9601570001522017,0.9601838569935708
0.07812095027829247,0.9342146597770928,0.9694598199847697,0.9014423076923077,0.8201438848920863,938250,29557,102582,94848,20800,0.9601570001522017,0.9601838569935708
0.07736960460382275,0.9340212189312886,0.9690432885812462,0.9014423076923077,0.8165467625899281,938250,29973,102582,94432,21216,0.9601570001522017,0.9601838569935708
0.07650747667215552,0.9338278581776,0.96862711495201,0.9014423076923077,0.8129496402877698,938250,30389,102582,94016,21632,0.9601570001522017,0.9601838569935708
0.07643425133528026,0.9344911927158503,0.9686675808596851,0.9026442307692307,0.8129496402877698,939501,30389,101331,94016,21632,0.9601570001522017,0.9601838569935708
0.07562626086452973,0.9342978950226191,0.9682522833003196,0.9026442307692307,0.8093525179856115,939501,30805,101331,93600,22048,0.9601570001522017,0.9601838569935708
0.07521255530677673,0.9337170894891594,0.9670055385324793,0.9026442307692307,0.8093525179856115,939501,32056,101331,93600,22048,0.9601570001522017,0.9601838569935708
0.07510562724070019,0.9335241118737284,0.9665916645832755,0.9026442307692307,0.8057553956834532,939501,32472,101331,93184,22464,0.9601570001522017,0.9601838569935708
0.07492743986279282,0.9333312140097882,0.9661781447548254,0.9026442307692307,0.802158273381295,939501,32888,101331,92768,22880,0.9601570001522017,0.9601838569935708
0.07393131345027149,0.9339936221501217,0.9662216014132533,0.9038461538461539,0.802158273381295,940752,32888,100080,92768,22880,0.9601570001522017,0.9601838569935708
0.07262673843088013,0.9338007869420037,0.9658089473295169,0.9038461538461539,0.7985611510791367,940752,33304,100080,92352,23296,0.9601570001522017,0.9601838569935708
0.07254874892800056,0.9344623560181119,0.9658528032711752,0.9050480769230769,0.7985611510791367,942003,33304,98829,92352,23296,0.9601570001522017,0.9601838569935708
0.07171630015443398,0.9351231046054556,0.9658965468512879,0.90625,0.7985611510791367,943254,33304,97578,92352,23296,0.9601570001522017,0.9601838569935708
0.07101725739861475,0.9349303154019762,0.965485263681531,0.90625,0.7949640287769785,943254,33720,97578,91936,23712,0.9601570001522017,0.9601838569935708
0.07041405568451176,0.9347376056746979,0.9650743306152099,0.90625,0.7913669064748201,943254,34136,97578,91520,24128,0.9601570001522017,0.9601838569935708
0.06964529719138735,0.9345449753744852,0.9646637472054784,0.90625,0.7877697841726619,943254,34552,97578,91104,24544,0.9601570001522017,0.9601838569935708
0.0694744705218917,0.935204855316307,0.9647088984604574,0.9074519230769231,0.7877697841726619,944505,34552,96327,91104,24544,0.9601570001522017,0.9601838569935708
0.06937678331924363,0.935012287748632,0.9642991690429445,0.9074519230769231,0.7841726618705036,944505,34968,96327,90688,24960,0.9601570001522017,0.9601838569935708
0.06936458256835143,0.9348197994676157,0.9638897875167494,0.9074519230769231,0.7805755395683454,944505,35384,96327,90272,25376,0.9601570001522017,0.9601838569935708
0.06879714595638464,0.9346273904243008,0.9634807534389808,0.9074519230769231,0.7769784172661871,944505,35800,96327,89856,25792,0.9601570001522017,0.9601838569935708
0.06839387396622243,0.9352864039936946,0.963527297474622,0.9086538461538461,0.7769784172661871,945756,35800,95076,89856,25792,0.9601570001522017,0.9601838569935708
0.0676656688134949,0.9359446027675885,0.9635737230198808,0.9098557692307693,0.7769784172661871,947007,35800,93825,89856,25792,0.9601570001522017,0.9601838569935708
0.0675726293277672,0.9366019882561522,0.9636200305266559,0.9110576923076923,0.7769784172661871,948258,35800,92574,89856,25792,0.9601570001522017,0.9601838569935708
0.06590595770794239,0.9364096092146076,0.9632128425941162,0.9110576923076923,0.7733812949640287,948258,36216,92574,89440,26208,0.9601570001522017,0.9601838569935708
0.0658080521532019,0.9370661669027814,0.9632595297877197,0.9122596153846154,0.7733812949640287,949509,36216,91323,89440,26208,0.9601570001522017,0.9601838569935708
0.0656022322503434,0.9368738508110369,0.9628531822528421,0.9122596153846154,0.7697841726618705,949509,36632,91323,89024,26624,0.9601570001522017,0.9601838569935708
0.06527852030873443,0.9362959909753558,0.9616332722971221,0.9122596153846154,0.7697841726618705,949509,37883,91323,89024,26624,0.9601570001522017,0.9601838569935708
0.06473148129385442,0.9369516746941943,0.9616818204346766,0.9134615384615384,0.7697841726618705,950760,37883,90072,89024,26624,0.9601570001522017,0.9601838569935708
0.06453910056318057,0.93760655056369,0.9617302458647088,0.9146634615384616,0.7697841726618705,952011,37883,88821,89024,26624,0.9601570001522017,0.9601838569935708
0.06438492366575915,0.9374145185319391,0.9613262513758318,0.9146634615384616,0.7661870503597122,952011,38299,88821,88608,27040,0.9601570001522017,0.9601838569935708
0.06437851700951847,0.9380685723676474,0.9613750439962846,0.9158653846153846,0.7661870503597122,953262,38299,87570,88608,27040,0.9601570001522017,0.9601838569935708
0.0640673320521894,0.9387218215184172,0.9614237136537431,0.9170673076923077,0.7661870503597122,954513,38299,86319,88608,27040,0.9601570001522017,0.9601838569935708
0.06397459159893515,0.9393742674683461,0.9614722608124435,0.9182692307692307,0.7661870503597122,955764,38299,85068,88608,27040,0.9601570001522017,0.9601838569935708
0.061231862837913376,0.9400259116978842,0.9615206859342881,0.9194711538461539,0.7661870503597122,957015,38299,83817,88608,27040,0.9601570001522017,0.9601838569935708
0.061071833031115186,0.9398338965373998,0.9611189780362146,0.9194711538461539,0.762589928057554,957015,38715,83817,88192,27456,0.9601570001522017,0.9601838569935708
0.06089392741243105,0.9404847255366415,0.9611677654839962,0.9206730769230769,0.762589928057554,958266,38715,82566,88192,27456,0.9601570001522017,0.9601838569935708
0.06076538127126063,0.9411347559468461,0.9612164306493881,0.921875,0.762589928057554,959517,38715,81315,88192,27456,0.9601570001522017,0.9601838569935708
0.06074988185485497,0.9409427893384589,0.9608160232634522,0.921875,0.7589928057553957,959517,39131,81315,87776,27872,0.9601570001522017,0.9601838569935708
0.06046282861843072,0.9407509010263269,0.9604159493285715,0.921875,0.7553956834532374,959517,39547,81315,87360,28288,0.9601570001522017,0.9601838569935708
0.06033342793476493,0.9414001049409965,0.9604654533821846,0.9230769230769231,0.7553956834532374,960768,39547,80064,87360,28288,0.9601570001522017,0.9601838569935708
0.06023267895705564,0.9412082801265501,0.9600661916139303,0.9230769230769231,0.7517985611510791,960768,39963,80064,86944,28704,0.9601570001522017,0.9601838569935708
0.05920840497096164,0.9410165334707163,0.9596672616508864,0.9230769230769231,0.7482014388489209,960768,40379,80064,86528,29120,0.9601570001522017,0.9601838569935708
0.05828283473113549,0.9408248649257367,0.9592686630796066,0.9230769230769231,0.7446043165467626,960768,40795,80064,86112,29536,0.9601570001522017,0.9601838569935708
0.05796132887295702,0.9406332744438913,0.9588703954873306,0.9230769230769231,0.7410071942446043,960768,41211,80064,85696,29952,0.9601570001522017,0.9601838569935708
0.05749191509202212,0.9404417619774993,0.9584724584619836,0.9230769230769231,0.737410071942446,960768,41627,80064,85280,30368,0.9601570001522017,0.9601838569935708
0.0569320024402189,0.9410900973255765,0.9585242206913593,0.9242788461538461,0.737410071942446,962019,41627,78813,85280,30368,0.9601570001522017,0.9601838569935708
0.05609336663898973,0.9408986480472826,0.9581270877694804,0.9242788461538461,0.7338129496402878,962019,42043,78813,84864,30784,0.9601570001522017,0.9601838569935708
0.05528829945164637,0.9415461758575272,0.9581791939425831,0.9254807692307693,0.7338129496402878,963270,42043,77562,84864,30784,0.9601570001522017,0.9601838569935708
0.05501941635094876,0.9421929123628258,0.9582311705962065,0.9266826923076923,0.7338129496402878,964521,42043,76311,84864,30784,0.9601570001522017,0.9601838569935708
0.054768494422860636,0.9428388590128021,0.958283018212668,0.9278846153846154,0.7338129496402878,965772,42043,75060,84864,30784,0.9601570001522017,0.9601838569935708
0.05439263608421596,0.9434840172535414,0.958334737271893,0.9290865384615384,0.7338129496402878,967023,42043,73809,84864,30784,0.9601570001522017,0.9601838569935708
0.05377180242799995,0.9432925883547593,0.9579398146772306,0.9290865384615384,0.7302158273381295,967023,42459,73809,84448,31200,0.9601570001522017,0.9601838569935708
0.053693110658135645,0.9439369456975528,0.9579918732246795,0.9302884615384616,0.7302158273381295,968274,42459,72558,84448,31200,0.9601570001522017,0.9601838569935708
0.05345775976295242,0.9437455804902677,0.9575977427659029,0.9302884615384616,0.7266187050359713,968274,42875,72558,84032,31616,0.9601570001522017,0.9601838569935708
0.052062986626316254,0.9435542928585454,0.9572039364746704,0.9302884615384616,0.7230215827338129,968274,43291,72558,83616,32032,0.9601570001522017,0.9601838569935708
0.05166009690376927,0.9433630827552242,0.9568104539512106,0.9302884615384616,0.7194244604316546,968274,43707,72558,83200,32448,0.9601570001522017,0.9601838569935708
0.05098768953173649,0.9431719501331804,0.9564172947964089,0.9302884615384616,0.7158273381294964,968274,44123,72558,82784,32864,0.9601570001522017,0.9601838569935708
0.050867437611614774,0.9438154666874343,0.9564710826638044,0.9314903846153846,0.7158273381294964,969525,44123,71307,82784,32864,0.9601570001522017,0.9601838569935708
0.05069708923730909,0.9444582000271436,0.956524737929587,0.9326923076923077,0.7158273381294964,970776,44123,70056,82784,32864,0.9601570001522017,0.9601838569935708
0.0505607493651391,0.943883806469867,0.9553471436303695,0.9326923076923077,0.7158273381294964,970776,45374,70056,82784,32864,0.9601570001522017,0.9601838569935708
0.05041882821145327,0.9436929558597802,0.9549561956626526,0.9326923076923077,0.7122302158273381,970776,45790,70056,82368,33280,0.9601570001522017,0.9601838569935708
0.049727162983570494,0.9443348526145059,0.955011559052364,0.9338942307692307,0.7122302158273381,972027,45790,68805,82368,33280,0.9601570001522017,0.9601838569935708
0.04951980073130158,0.9449759697072674,0.955066786514737,0.9350961538461539,0.7122302158273381,973278,45790,67554,82368,33280,0.9601570001522017,0.9601838569935708
0.04868287857851389,0.9447851688770073,0.954677071930506,0.9350961538461539,0.7086330935251799,973278,46206,67554,81952,33696,0.9601570001522017,0.9601838569935708
0.04833023631434025,0.94459444508068,0.9542876752622806,0.9350961538461539,0.7050359712230215,973278,46622,67554,81536,34112,0.9601570001522017,0.9601838569935708
0.048228321261391816,0.9444037982716428,0.9538985961212016,0.9350961538461539,0.7014388489208633,973278,47038,67554,81120,34528,0.9601570001522017,0.9601838569935708
0.04812009553038599,0.9442132284032899,0.953509834119044,0.9350961538461539,0.697841726618705,973278,47454,67554,80704,34944,0.9601570001522017,0.9601838569935708
0.04775969194017049,0.9440227354290537,0.953121388868215,0.9350961538461539,0.6942446043165468,973278,47870,67554,80288,35360,0.9601570001522017,0.9601838569935708
0.04761778508437964,0.9438323193024036,0.9527332599817535,0.9350961538461539,0.6906474820143885,973278,48286,67554,79872,35776,0.9601570001522017,0.9601838569935708
0.04693545618862527,0.9444725769475109,0.9527910716991831,0.9362980769230769,0.6906474820143885,974529,48286,66303,79872,35776,0.9601570001522017,0.9601838569935708
0.04677363236990151,0.944282223943746,0.9524037094263172,0.9362980769230769,0.6870503597122302,974529,48702,66303,79456,36192,0.9601570001522017,0.9601838569935708
0.04556397362192666,0.9437102542276864,0.9512407245808125,0.9362980769230769,0.6870503597122302,974529,49953,66303,79456,36192,0.9601570001522017,0.9601838569935708
0.04475356671036895,0.9435202083524953,0.9508546216306403,0.9362980769230769,0.6834532374100719,974529,50369,66303,79040,36608,0.9601570001522017,0.9601838569935708
0.044460666203790966,0.9433302390053753,0.9504688319870791,0.9362980769230769,0.6798561151079137,974529,50785,66303,78624,37024,0.9601570001522017,0.9601838569935708
0.04435450700144933,0.943140346140111,0.9500833552689304,0.9362980769230769,0.6762589928057554,974529,51201,66303,78208,37440,0.9601570001522017,0.9601838569935708
0.044350634610017536,0.9429505297105243,0.949698191095614,0.9362980769230769,0.6726618705035972,974529,51617,66303,77792,37856,0.9601570001522017,0.9601838569935708
0.04434081986501015,0.942760789670474,0.9493133390871666,0.9362980769230769,0.6690647482014388,974529,52033,66303,77376,38272,0.9601570001522017,0.9601838569935708
0.04370707099786508,0.9434001484063239,0.9493750322286253,0.9375,0.6690647482014388,975780,52033,65052,77376,38272,0.9601570001522017,0.9601838569935708
0.04324649602721903,0.9432104708367709,0.9489909348987434,0.9375,0.6654676258992805,975780,52449,65052,76960,38688,0.9601570001522017,0.9601838569935708
0.04315085388053663,0.9430208695240392,0.9486071482387024,0.9375,0.6618705035971223,975780,52865,65052,76544,39104,0.9601570001522017,0.9601838569935708
0.043082604267955515,0.9428313444221513,0.9482236718717355,0.9375,0.658273381294964,975780,53281,65052,76128,39520,0.9601570001522017,0.9601838569935708
0.04294015627686376,0.9426418954851667,0.947840505421685,0.9375,0.6546762589928058,975780,53697,65052,75712,39936,0.9601570001522017,0.9601838569935708
0.042579752268966375,0.9432804263453629,0.947903811674855,0.9387019230769231,0.6546762589928058,977031,53697,63801,75712,39936,0.9601570001522017,0.9601838569935708
0.04257707076098327,0.9430910396645521,0.947521393714166,0.9387019230769231,0.6510791366906474,977031,54113,63801,75296,40352,0.9601570001522017,0.9601838569935708
0.0423566894391213,0.9429017290165181,0.9471392841909341,0.9387019230769231,0.6474820143884892,977031,54529,63801,74880,40768,0.9601570001522017,0.9601838569935708
0.04234350086420935,0.942712494355483,0.9467574827321565,0.9387019230769231,0.6438848920863309,977031,54945,63801,74464,41184,0.9601570001522017,0.9601838569935708
0.041339208161713215,0.9425233356357056,0.9463759889654317,0.9387019230769231,0.6402877697841727,977031,55361,63801,74048,41600,0.9601570001522017,0.9601838569935708
0.041229369673679184,0.9423342528114813,0.9459948025189581,0.9387019230769231,0.6366906474820144,977031,55777,63801,73632,42016,0.9601570001522017,0.9601838569935708
0.04112859054239315,0.9421452458371423,0.9456139230215326,0.9387019230769231,0.6330935251798561,977031,56193,63801,73216,42432,0.9601570001522017,0.9601838569935708
0.04092977155707389,0.9419563146670574,0.9452333501025502,0.9387019230769231,0.6294964028776978,977031,56609,63801,72800,42848,0.9601570001522017,0.9601838569935708
0.04090658930180302,0.9417674592556321,0.944853083392002,0.9387019230769231,0.6258992805755396,977031,57025,63801,72384,43264,0.9601570001522017,0.9601838569935708
0.03986747712702843,0.9415786795573082,0.9444731225204742,0.9387019230769231,0.6223021582733813,977031,57441,63801,71968,43680,0.9601570001522017,0.9601838569935708
0.03800833120940372,0.9413899755265642,0.9440934671191472,0.9387019230769231,0.6187050359712231,977031,57857,63801,71552,44096,0.9601570001522017,0.9601838569935708
0.037796846191511746,0.9412013471179153,0.943714116819794,0.9387019230769231,0.6151079136690647,977031,58273,63801,71136,44512,0.9601570001522017,0.9601838569935708
0.03752043288193585,0.941838954417256,0.9437820472623257,0.9399038461538461,0.6151079136690647,978282,58273,62550,71136,44512,0.9601570001522017,0.9601838569935708
0.036765846385288126,0.941650387452516,0.9434034317256702,0.9399038461538461,0.6115107913669064,978282,58689,62550,70720,44928,0.9601570001522017,0.9601838569935708
0.03667391993453606,0.9414618959792014,0.9430251198443782,0.9399038461538461,0.6079136690647482,978282,59105,62550,70304,45344,0.9601570001522017,0.9601838569935708
0.03662205689763809,0.9412734799519877,0.9426471112532918,0.9399038461538461,0.60431654676259,978282,59521,62550,69888,45760,0.9601570001522017,0.9601838569935708
0.036141685503595755,0.9410851393255866,0.9422694055878384,0.9399038461538461,0.6007194244604317,978282,59937,62550,69472,46176,0.9601570001522017,0.9601838569935708
0.035654113910655316,0.9408968740547458,0.9418920024840295,0.9399038461538461,0.5971223021582733,978282,60353,62550,69056,46592,0.9601570001522017,0.9601838569935708
0.035455802599810016,0.9407086840942496,0.9415149015784596,0.9399038461538461,0.5935251798561151,978282,60769,62550,68640,47008,0.9601570001522017,0.9601838569935708
0.03516623119360818,0.9405205693989181,0.9411381025083048,0.9399038461538461,0.5899280575539568,978282,61185,62550,68224,47424,0.9601570001522017,0.9601838569935708
0.03511712621218743,0.9403325299236079,0.9407616049113218,0.9399038461538461,0.5863309352517986,978282,61601,62550,67808,47840,0.9601570001522017,0.9601838569935708
0.034699450535276566,0.9401445656232116,0.9403854084258468,0.9399038461538461,0.5827338129496403,978282,62017,62550,67392,48256,0.9601570001522017,0.9601838569935708
0.03352325280964219,0.9399566764526576,0.9400095126907944,0.9399038461538461,0.579136690647482,978282,62433,62550,66976,48672,0.9601570001522017,0.9601838569935708
0.03328087848321909,0.9397688623669105,0.9396339173456558,0.9399038461538461,0.5755395683453237,978282,62849,62550,66560,49088,0.9601570001522017,0.9601838569935708
0.03318858906880995,0.9395811233209709,0.9392586220304988,0.9399038461538461,0.5719424460431655,978282,63265,62550,66144,49504,0.9601570001522017,0.9601838569935708
0.03313750862198772,0.9402177929862787,0.9393314908544128,0.9411057692307693,0.5719424460431655,979533,63265,61299,66144,49504,0.9601570001522017,0.9601838569935708
0.03279742799641627,0.9400301144984323,0.9389569158389363,0.9411057692307693,0.5683453237410072,979533,63681,61299,65728,49920,0.9601570001522017,0.9601838569935708
0.03227979088432742,0.9398425109212832,0.9385826394411813,0.9411057692307693,0.564748201438849,979533,64097,61299,65312,50336,0.9601570001522017,0.9601838569935708
0.03202459837940452,0.9396549822099902,0.9382086613041954,0.9411057692307693,0.5611510791366906,979533,64513,61299,64896,50752,0.9601570001522017,0.9601838569935708
0.03183225424516839,0.9394675283197477,0.9378349810715948,0.9411057692307693,0.5575539568345323,979533,64929,61299,64480,51168,0.9601570001522017,0.9601838569935708
0.031524792613783215,0.9392801492057861,0.9374615983875629,0.9411057692307693,0.5539568345323741,979533,65345,61299,64064,51584,0.9601570001522017,0.9601838569935708
0.031056221171849252,0.9399159830969529,0.937536384136182,0.9423076923076923,0.5539568345323741,980784,65345,60048,64064,51584,0.9601570001522017,0.9601838569935708
0.030848230401737398,0.9397286642518338,0.9371637148904252,0.9423076923076923,0.5503597122302158,980784,65761,60048,63648,52000,0.9601570001522017,0.9601838569935708
0.030781039408642075,0.9395414200545744,0.936791341797832,0.9423076923076923,0.5467625899280576,980784,66177,60048,63232,52416,0.9601570001522017,0.9601838569935708
0.030712396181677926,0.9393542504605621,0.9364192645055219,0.9423076923076923,0.5431654676258992,980784,66593,60048,62816,52832,0.9601570001522017,0.9601838569935708
0.030629876118492827,0.9391671554252199,0.9360474826611744,0.9423076923076923,0.539568345323741,980784,67009,60048,62400,53248,0.9601570001522017,0.9601838569935708
0.03038189655192014,0.9389801349040062,0.9356759959130287,0.9423076923076923,0.5359712230215827,980784,67425,60048,61984,53664,0.9601570001522017,0.9601838569935708
0.03028830631864754,0.9387931888524148,0.935304803909882,0.9423076923076923,0.5323741007194245,980784,67841,60048,61568,54080,0.9601570001522017,0.9601838569935708
0.030286374217236234,0.938606317225975,0.9349339063010883,0.9423076923076923,0.5287769784172662,980784,68257,60048,61152,54496,0.9601570001522017,0.9601838569935708
0.029894174452731626,0.9384195199802515,0.9345633027365581,0.9423076923076923,0.5251798561151079,980784,68673,60048,60736,54912,0.9601570001522017,0.9601838569935708
0.02958591152061174,0.9382327970708445,0.9341929928667563,0.9423076923076923,0.5215827338129496,980784,69089,60048,60320,55328,0.9601570001522017,0.9601838569935708
0.02954057520242337,0.9388677390920268,0.9342713133750157,0.9435096153846154,0.5215827338129496,982035,69089,58797,60320,55328,0.9601570001522017,0.9601838569935708
0.029417216226223064,0.9386810758316398,0.9339017060691938,0.9435096153846154,0.5179856115107914,982035,69505,58797,59904,55744,0.9601570001522017,0.9601838569935708
0.02838334542525811,0.9384944867803141,0.9335323910886006,0.9435096153846154,0.5143884892086331,982035,69921,58797,59488,56160,0.9601570001522017,0.9601838569935708
0.028019171475397786,0.9391286408705855,0.9336113413602454,0.9447115384615384,0.5143884892086331,983286,69921,57546,59488,56160,0.9601570001522017,0.9601838569935708
0.027866127980534117,0.9389421114323296,0.9332427253391393,0.9447115384615384,0.5107913669064749,983286,70337,57546,59072,56576,0.9601570001522017,0.9601838569935708
0.02745859102960646,0.9387556560761975,0.9328744002831014,0.9447115384615384,0.5071942446043165,983286,70753,57546,58656,56992,0.9601570001522017,0.9601838569935708
0.027431955280181664,0.9385692747580642,0.9325063658477603,0.9447115384615384,0.5035971223021583,983286,71169,57546,58240,57408,0.9601570001522017,0.9601838569935708
0.027081798266433144,0.9383829674338396,0.9321386216892871,0.9447115384615384,0.5,983286,71585,57546,57824,57824,0.9601570001522017,0.9601838569935708
0.02666893398452591,0.9381967340594689,0.9317711674643959,0.9447115384615384,0.49640287769784175,983286,72001,57546,57408,58240,0.9601570001522017,0.9601838569935708
0.02655347812559916,0.9380105745909322,0.9314040028303415,0.9447115384615384,0.49280575539568344,983286,72417,57546,56992,58656,0.9601570001522017,0.9601838569935708
0.02594550747206481,0.9378244889842443,0.9310371274449186,0.9447115384615384,0.4892086330935252,983286,72833,57546,56576,59072,0.9601570001522017,0.9601838569935708
0.025772803251469023,0.9372653347961731,0.92993559491947,0.9447115384615384,0.4892086330935252,983286,74084,57546,56576,59072,0.9601570001522017,0.9601838569935708
0.025740857520819782,0.9378985859650109,0.9300183918512858,0.9459134615384616,0.4892086330935252,984537,74084,56295,56576,59072,0.9601570001522017,0.9601838569935708
0.025547801733996678,0.9377127811306324,0.9296530716112846,0.9459134615384616,0.4856115107913669,984537,74500,56295,56160,59488,0.9601570001522017,0.9601838569935708
0.025528970978352883,0.9375270499003706,0.9292880382612537,0.9459134615384616,0.48201438848920863,984537,74916,56295,55744,59904,0.9601570001522017,0.9601838569935708
0.025318237415436595,0.9381595176099767,0.9293714363290796,0.9471153846153846,0.48201438848920863,985788,74916,55044,55744,59904,0.9601570001522017,0.9601838569935708
0.025269107622274134,0.937973845263831,0.9290070868516285,0.9471153846153846,0.4784172661870504,985788,75332,55044,55328,60320,0.9601570001522017,0.9601838569935708
0.025099013060898345,0.9377882463964444,0.9286430229403431,0.9471153846153846,0.4748201438848921,985788,75748,55044,54912,60736,0.9601570001522017,0.9601838569935708
0.02505634849532945,0.9384199325067895,0.9287270167964041,0.9483173076923077,0.4748201438848921,987039,75748,53793,54912,60736,0.9601570001522017,0.9601838569935708
0.024873714121160462,0.9378621957650591,0.9276351032575905,0.9483173076923077,0.4748201438848921,987039,76999,53793,54912,60736,0.9601570001522017,0.9601838569935708
0.0247594347092156,0.9376768762058931,0.9272725735447469,0.9483173076923077,0.4712230215827338,987039,77415,53793,54496,61152,0.9601570001522017,0.9601838569935708
0.024692043935748365,0.9374916298697537,0.926910327082179,0.9483173076923077,0.4676258992805755,987039,77831,53793,54080,61568,0.9601570001522017,0.9601838569935708
0.02456460342208666,0.9373064567132516,0.9265483635380546,0.9483173076923077,0.46402877697841727,987039,78247,53793,53664,61984,0.9601570001522017,0.9601838569935708
0.023717813295139112,0.9371213566930322,0.9261866825810593,0.9483173076923077,0.460431654676259,987039,78663,53793,53248,62400,0.9601570001522017,0.9601838569935708
0.023481506430425236,0.9377521900952897,0.9262732285302164,0.9495192307692307,0.460431654676259,988290,78663,52542,53248,62400,0.9601570001522017,0.9601838569935708
0.023174586085443316,0.93756714848347,0.9259122196728592,0.9495192307692307,0.4568345323741007,988290,79079,52542,52832,62816,0.9601570001522017,0.9601838569935708
0.02287508042940012,0.9373821798837817,0.9255514921074935,0.9495192307692307,0.45323741007194246,988290,79495,52542,52416,63232,0.9601570001522017,0.9601838569935708
0.022706867943564468,0.9371972842530202,0.9251910455054807,0.9495192307692307,0.44964028776978415,988290,79911,52542,52000,63648,0.9601570001522017,0.9601838569935708
0.022641770865044153,0.9370124615480157,0.9248308795386935,0.9495192307692307,0.4460431654676259,988290,80327,52542,51584,64064,0.9601570001522017,0.9601838569935708
0.022394834208536496,0.9376424882740323,0.9249187750264518,0.9507211538461539,0.4460431654676259,989541,80327,51291,51584,64064,0.9601570001522017,0.9601838569935708
0.022370495388841283,0.9374577237821133,0.9245592758557541,0.9507211538461539,0.44244604316546765,989541,80743,51291,51168,64480,0.9601570001522017,0.9601838569935708
0.022321649423851064,0.9372730320923387,0.924200056038106,0.9507211538461539,0.43884892086330934,989541,81159,51291,50752,64896,0.9601570001522017,0.9601838569935708
0.022219525855491584,0.9370884131616877,0.9238411152480217,0.9507211538461539,0.4352517985611511,989541,81575,51291,50336,65312,0.9601570001522017,0.9601838569935708
0.02181216915291523,0.9369038669471739,0.9234824531605216,0.9507211538461539,0.4316546762589928,989541,81991,51291,49920,65728,0.9601570001522017,0.9601838569935708
0.02173167164565143,0.9367193934058444,0.9231240694511301,0.9507211538461539,0.42805755395683454,989541,82407,51291,49504,66144,0.9601570001522017,0.9601838569935708
0.021597942108582457,0.9373486008483319,0.9232136817123385,0.9519230769230769,0.42805755395683454,990792,82407,50040,49504,66144,0.9601570001522017,0.9601838569935708
0.021492786604265013,0.9371641852455985,0.9228559586071357,0.9519230769230769,0.4244604316546763,990792,82823,50040,49088,66560,0.9601570001522017,0.9601838569935708
0.0214810395261813,0.9369798421930877,0.9224985126127644,0.9519230769230769,0.420863309352518,990792,83239,50040,48672,66976,0.9601570001522017,0.9601838569935708
0.021397282401370177,0.9367955716479953,0.9221413434073528,0.9519230769230769,0.4172661870503597,990792,83655,50040,48256,67392,0.9601570001522017,0.9601838569935708
0.02132203401063526,0.9366113735675511,0.9217844506695272,0.9519230769230769,0.4136690647482014,990792,84071,50040,47840,67808,0.9601570001522017,0.9601838569935708
0.02099801775779575,0.9372397784355387,0.9218753775157651,0.953125,0.4136690647482014,992043,84071,48789,47840,67808,0.9601570001522017,0.9601838569935708
0.020966308237018172,0.9370556381006176,0.9215191402004589,0.953125,0.41007194244604317,992043,84487,48789,47424,68224,0.9601570001522017,0.9601838569935708
0.020940260467366356,0.936871570107915,0.9211631780980662,0.953125,0.4064748201438849,992043,84903,48789,47008,68640,0.9601570001522017,0.9601838569935708
0.02090045708546695,0.9363184741690652,0.9200943797840283,0.953125,0.4064748201438849,992043,86154,48789,47008,68640,0.9601570001522017,0.9601838569935708
0.02063405462894602,0.9361346956396603,0.919739517324564,0.953125,0.4028776978417266,992043,86570,48789,46592,69056,0.9601570001522017,0.9601838569935708
0.02058162253268131,0.9359509892393888,0.9193849284866301,0.953125,0.39928057553956836,992043,86986,48789,46176,69472,0.9601570001522017,0.9601838569935708
0.020575317018824535,0.9357673549257951,0.9190306129538791,0.953125,0.39568345323741005,992043,87402,48789,45760,69888,0.9601570001522017,0.9601838569935708
0.020018549128762386,0.9355837926564571,0.9186765704104509,0.953125,0.3920863309352518,992043,87818,48789,45344,70304,0.9601570001522017,0.9601838569935708
0.0199923170411338,0.9354003023889862,0.9183228005409724,0.953125,0.38848920863309355,992043,88234,48789,44928,70720,0.9601570001522017,0.9601838569935708
0.019902374649885868,0.9352168840810267,0.9179693030305554,0.953125,0.38489208633093525,992043,88650,48789,44512,71136,0.9601570001522017,0.9601838569935708
0.019408578407632104,0.9350335376902562,0.9176160775647969,0.953125,0.381294964028777,992043,89066,48789,44096,71552,0.9601570001522017,0.9601838569935708
0.019174983593876926,0.9344826092035011,0.916555489855501,0.953125,0.381294964028777,992043,90317,48789,44096,71552,0.9601570001522017,0.9601838569935708
0.018993987473096552,0.9342995505761892,0.9162033513856975,0.953125,0.3776978417266187,992043,90733,48789,43680,71968,0.9601570001522017,0.9601838569935708
0.018901410826220655,0.9337494864365118,0.9151460249606329,0.953125,0.3776978417266187,992043,91984,48789,43680,71968,0.9601570001522017,0.9601838569935708
0.01888253115608235,0.9335667148957194,0.9147949684769048,0.953125,0.37410071942446044,992043,92400,48789,43264,72384,0.9601570001522017,0.9601838569935708
0.018838394018661053,0.9333840148920987,0.9144441812253943,0.953125,0.37050359712230213,992043,92816,48789,42848,72800,0.9601570001522017,0.9601838569935708
0.0185761829874857,0.933201386383658,0.9140936628965008,0.953125,0.3669064748201439,992043,93232,48789,42432,73216,0.9601570001522017,0.9601838569935708
0.01847024219514859,0.9330188293284389,0.9137434131810985,0.953125,0.36330935251798563,992043,93648,48789,42016,73632,0.9601570001522017,0.9601838569935708
0.01841220665113208,0.9328363436845156,0.9133934317705346,0.953125,0.3597122302158273,992043,94064,48789,41600,74048,0.9601570001522017,0.9601838569935708
0.018284738797652744,0.93228800060145,0.9123425771457054,0.953125,0.3597122302158273,992043,95315,48789,41600,74048,0.9601570001522017,0.9601838569935708
0.018264947688808375,0.9321058006977336,0.9119936678023193,0.953125,0.35611510791366907,992043,95731,48789,41184,74464,0.9601570001522017,0.9601838569935708
0.018258888186275968,0.932733042640891,0.912094763664746,0.9543269230769231,0.35611510791366907,993294,95731,47538,41184,74464,0.9601570001522017,0.9601838569935708
0.017873711828744865,0.9325508984059789,0.9117464828292675,0.9543269230769231,0.35251798561151076,993294,96147,47538,40768,74880,0.9601570001522017,0.9601838569935708
0.017629889326869097,0.9323688252954795,0.9113984678723906,0.9543269230769231,0.3489208633093525,993294,96563,47538,40352,75296,0.9601570001522017,0.9601838569935708
0.017603953985871723,0.9321868232677414,0.9110507184897727,0.9543269230769231,0.34532374100719426,993294,96979,47538,39936,75712,0.9601570001522017,0.9601838569935708
0.017446929580322124,0.9328132825850843,0.9111526636152755,0.9555288461538461,0.34532374100719426,994545,96979,46287,39936,75712,0.9601570001522017,0.9601838569935708
0.017342583636995812,0.9326313361203167,0.9108055387658662,0.9555288461538461,0.34172661870503596,994545,97395,46287,39520,76128,0.9601570001522017,0.9601838569935708
0.01681831154311375,0.9324494606195047,0.9104586783063396,0.9555288461538461,0.3381294964028777,994545,97811,46287,39104,76544,0.9601570001522017,0.9601838569935708
0.01671555446310613,0.9330751546425079,0.9105611065035246,0.9567307692307693,0.3381294964028777,995796,97811,45036,39104,76544,0.9601570001522017,0.9601838569935708
0.016232259252292103,0.9328933346761256,0.9102148675119262,0.9567307692307693,0.3345323741007194,995796,98227,45036,38688,76960,0.9601570001522017,0.9601838569935708
0.016224296637823543,0.9335182804598648,0.9103174182898526,0.9579326923076923,0.3345323741007194,997047,98227,43785,38688,76960,0.9601570001522017,0.9601838569935708
0.015852562030348127,0.9333365160761274,0.9099717985926676,0.9579326923076923,0.33093525179856115,997047,98643,43785,38272,77376,0.9601570001522017,0.9601838569935708
0.01579374832932212,0.9331548224609231,0.9096264412383473,0.9579326923076923,0.3273381294964029,997047,99059,43785,37856,77792,0.9601570001522017,0.9601838569935708
0.01573286076245589,0.9329731995729299,0.9092813459283079,0.9579326923076923,0.3237410071942446,997047,99475,43785,37440,78208,0.9601570001522017,0.9601838569935708
0.015666209887013505,0.9327916473708584,0.9089365123644181,0.9579326923076923,0.32014388489208634,997047,99891,43785,37024,78624,0.9601570001522017,0.9601838569935708
0.015482284676618219,0.9326101658134512,0.9085919402489989,0.9579326923076923,0.31654676258992803,997047,100307,43785,36608,79040,0.9601570001522017,0.9601838569935708
0.015316267198423605,0.9332343041650677,0.9086960281447836,0.9591346153846154,0.31654676258992803,998298,100307,42534,36608,79040,0.9601570001522017,0.9601838569935708
0.014983365284051087,0.9330528779313345,0.9083520697056744,0.9591346153846154,0.3129496402877698,998298,100723,42534,36192,79456,0.9601570001522017,0.9601838569935708
0.014893122004010939,0.9328715222245428,0.9080083715574426,0.9591346153846154,0.30935251798561153,998298,101139,42534,35776,79872,0.9601570001522017,0.9601838569935708
0.014741651416531942,0.932690237003576,0.9076649334047369,0.9591346153846154,0.3057553956834532,998298,101555,42534,35360,80288,0.9601570001522017,0.9601838569935708
0.014718828931080508,0.9325090222273494,0.9073217549526524,0.9591346153846154,0.302158273381295,998298,101971,42534,34944,80704,0.9601570001522017,0.9601838569935708
0.014106795350458723,0.9323278778548104,0.9069788359067308,0.9591346153846154,0.29856115107913667,998298,102387,42534,34528,81120,0.9601570001522017,0.9601838569935708
0.014095608675511517,0.9317835621961874,0.9059491658317724,0.9591346153846154,0.29856115107913667,998298,103638,42534,34528,81120,0.9601570001522017,0.9601838569935708
0.014086906930552257,0.9316026995348976,0.9056072833359943,0.9591346153846154,0.2949640287769784,998298,104054,42534,34112,81536,0.9601570001522017,0.9601838569935708
0.01401651295019779,0.931421907072215,0.9052656587786371,0.9591346153846154,0.29136690647482016,998298,104470,42534,33696,81952,0.9601570001522017,0.9601838569935708
0.013993453242402698,0.9312411847672779,0.9049242918679024,0.9591346153846154,0.28776978417266186,998298,104886,42534,33280,82368,0.9601570001522017,0.9601838569935708
0.013829986131708938,0.9310605325792565,0.9045831823124321,0.9591346153846154,0.2841726618705036,998298,105302,42534,32864,82784,0.9601570001522017,0.9601838569935708
0.013423858993484639,0.9316837575727636,0.9046912208071496,0.9603365384615384,0.2841726618705036,999549,105302,41283,32864,82784,0.9601570001522017,0.9601838569935708
0.01328679069275629,0.9315031599194632,0.9043507134475199,0.9603365384615384,0.2805755395683453,999549,105718,41283,32448,83200,0.9601570001522017,0.9601838569935708
0.013166009661915612,0.9313226322667207,0.9040104623115305,0.9603365384615384,0.27697841726618705,999549,106134,41283,32032,83616,0.9601570001522017,0.9601838569935708
0.013033415257624914,0.9311421745738452,0.9036704671100869,0.9603365384615384,0.2733812949640288,999549,106550,41283,31616,84032,0.9601570001522017,0.9601838569935708
0.012436642916887286,0.9317646270194984,0.9037792929064885,0.9615384615384616,0.2733812949640288,1000800,106550,40032,31616,84032,0.9601570001522017,0.9601838569935708
0.012174067833769453,0.9315842237589349,0.9034398961513532,0.9615384615384616,0.2697841726618705,1000800,106966,40032,31200,84448,0.9601570001522017,0.9601838569935708
0.012159458938567957,0.9314038903422686,0.9031007542082438,0.9615384615384616,0.26618705035971224,1000800,107382,40032,30784,84864,0.9601570001522017,0.9601838569935708
0.011912801804374984,0.9312236267289468,0.9027618667903063,0.9615384615384616,0.26258992805755393,1000800,107798,40032,30368,85280,0.9601570001522017,0.9601838569935708
0.011629664599162814,0.931043432878448,0.9024232336111176,0.9615384615384616,0.2589928057553957,1000800,108214,40032,29952,85696,0.9601570001522017,0.9601838569935708
0.011623219982212385,0.9308633087502826,0.902084854384684,0.9615384615384616,0.25539568345323743,1000800,108630,40032,29536,86112,0.9601570001522017,0.9601838569935708
0.011553757612657978,0.9306832543039916,0.9017467288254406,0.9615384615384616,0.2517985611510791,1000800,109046,40032,29120,86528,0.9601570001522017,0.9601838569935708
0.011446229802922259,0.9305032694991479,0.9014088566482505,0.9615384615384616,0.24820143884892087,1000800,109462,40032,28704,86944,0.9601570001522017,0.9601838569935708
0.011429268717457752,0.9303233542953554,0.9010712375684041,0.9615384615384616,0.2446043165467626,1000800,109878,40032,28288,87360,0.9601570001522017,0.9601838569935708
0.011357599052155443,0.9301435086522492,0.9007338713016181,0.9615384615384616,0.24100719424460432,1000800,110294,40032,27872,87776,0.9601570001522017,0.9601838569935708
0.010882012515418649,0.9299637325294958,0.9003967575640345,0.9615384615384616,0.23741007194244604,1000800,110710,40032,27456,88192,0.9601570001522017,0.9601838569935708
0.01079433595120749,0.9297840258867927,0.9000598960722206,0.9615384615384616,0.23381294964028776,1000800,111126,40032,27040,88608,0.9601570001522017,0.9601838569935708
0.010788811341696125,0.9296043886838685,0.8997232865431675,0.9615384615384616,0.2302158273381295,1000800,111542,40032,26624,89024,0.9601570001522017,0.9601838569935708
0.010689653878650729,0.9302259303526463,0.8998359364687099,0.9627403846153846,0.2302158273381295,1002051,111542,38781,26624,89024,0.9601570001522017,0.9601838569935708
0.010522842311940728,0.930846750624862,0.8999483335785097,0.9639423076923077,0.2302158273381295,1003302,111542,37530,26624,89024,0.9601570001522017,0.9601838569935708
0.01041760803122671,0.9306671514944631,0.899612646378423,0.9639423076923077,0.22661870503597123,1003302,111958,37530,26208,89440,0.9601570001522017,0.9601838569935708
0.009940779885718731,0.930487621655009,0.8992772095124391,0.9639423076923077,0.22302158273381295,1003302,112374,37530,25792,89856,0.9601570001522017,0.9601838569935708
0.009626822325287887,0.9303081610664076,0.8989420227006376,0.9639423076923077,0.21942446043165467,1003302,112790,37530,25376,90272,0.9601570001522017,0.9601838569935708
0.009541599565050296,0.930128769688598,0.8986070856635152,0.9639423076923077,0.2158273381294964,1003302,113206,37530,24960,90688,0.9601570001522017,0.9601838569935708
0.009502116686646023,0.930748807902933,0.8987205649876225,0.9651442307692307,0.2158273381294964,1004553,113206,36279,24960,90688,0.9601570001522017,0.9601838569935708
0.009477190867824836,0.9305694701314077,0.8983862096720102,0.9651442307692307,0.21223021582733814,1004553,113622,36279,24544,91104,0.9601570001522017,0.9601838569935708
0.009166451371699802,0.9303902014565928,0.8980521030474946,0.9651442307692307,0.20863309352517986,1004553,114038,36279,24128,91520,0.9601570001522017,0.9601838569935708
0.009083778142936039,0.930211001838563,0.8977182448367168,0.9651442307692307,0.20503597122302158,1004553,114454,36279,23712,91936,0.9601570001522017,0.9601838569935708
0.008723360098081834,0.9300318712374234,0.8973846347627304,0.9651442307692307,0.2014388489208633,1004553,114870,36279,23296,92352,0.9601570001522017,0.9601838569935708
0.008675199747776086,0.92985280961331,0.8970512725490003,0.9651442307692307,0.19784172661870503,1004553,115286,36279,22880,92768,0.9601570001522017,0.9601838569935708
0.008651829445626563,0.9296738169263894,0.8967181579194022,0.9651442307692307,0.19424460431654678,1004553,115702,36279,22464,93184,0.9601570001522017,0.9601838569935708
0.008617153209613204,0.929494893136859,0.8963852905982219,0.9651442307692307,0.1906474820143885,1004553,116118,36279,22048,93600,0.9601570001522017,0.9601838569935708
0.008399022335830397,0.92895724617779,0.8953857754817179,0.9651442307692307,0.1906474820143885,1004553,117369,36279,22048,93600,0.9601570001522017,0.9601838569935708
0.00781046885038017,0.9287785980759719,0.8950538964197952,0.9651442307692307,0.18705035971223022,1004553,117785,36279,21632,94016,0.9601570001522017,0.9601838569935708
0.0076053527345295024,0.9286000186727036,0.8947222632918698,0.9651442307692307,0.18345323741007194,1004553,118201,36279,21216,94432,0.9601570001522017,0.9601838569935708
0.007161056105460806,0.9284215079283661,0.8943908758246748,0.9651442307692307,0.17985611510791366,1004553,118617,36279,20800,94848,0.9601570001522017,0.9601838569935708
0.007117787128649078,0.9282430658033707,0.8940597337453475,0.9651442307692307,0.17625899280575538,1004553,119033,36279,20384,95264,0.9601570001522017,0.9601838569935708
0.007067550370128073,0.9280646922581592,0.8937288367814292,0.9651442307692307,0.17266187050359713,1004553,119449,36279,19968,95680,0.9601570001522017,0.9601838569935708
0.007031103578657438,0.927886387253204,0.8933981846608645,0.9651442307692307,0.16906474820143885,1004553,119865,36279,19552,96096,0.9601570001522017,0.9601838569935708
0.006853875982214597,0.9277081507490075,0.8930677771120005,0.9651442307692307,0.16546762589928057,1004553,120281,36279,19136,96512,0.9601570001522017,0.9601838569935708
0.006542643553527794,0.9275299827061025,0.8927376138635859,0.9651442307692307,0.1618705035971223,1004553,120697,36279,18720,96928,0.9601570001522017,0.9601838569935708
0.006205463661760835,0.9273518830850525,0.8924076946447703,0.9651442307692307,0.15827338129496402,1004553,121113,36279,18304,97344,0.9601570001522017,0.9601838569935708
0.006189798687571746,0.9271738518464507,0.8920780191851038,0.9651442307692307,0.15467625899280577,1004553,121529,36279,17888,97760,0.9601570001522017,0.9601838569935708
0.006130820559042793,0.9269958889509212,0.8917485872145356,0.9651442307692307,0.1510791366906475,1004553,121945,36279,17472,98176,0.9601570001522017,0.9601838569935708
0.0060176060699506095,0.9268179943591177,0.8914193984634142,0.9651442307692307,0.1474820143884892,1004553,122361,36279,17056,98592,0.9601570001522017,0.9601838569935708
0.005732372434787414,0.9266401680317246,0.8910904526624857,0.9651442307692307,0.14388489208633093,1004553,122777,36279,16640,99008,0.9601570001522017,0.9601838569935708
0.00567770846265514,0.926462409929456,0.8907617495428936,0.9651442307692307,0.14028776978417265,1004553,123193,36279,16224,99424,0.9601570001522017,0.9601838569935708
0.005524848458342779,0.9262847200130567,0.8904332888361778,0.9651442307692307,0.1366906474820144,1004553,123609,36279,15808,99840,0.9601570001522017,0.9601838569935708
0.005391476626689484,0.9261070982433012,0.8901050702742743,0.9651442307692307,0.13309352517985612,1004553,124025,36279,15392,100256,0.9601570001522017,0.9601838569935708
0.005283414384597729,0.9259295445809941,0.8897770935895142,0.9651442307692307,0.12949640287769784,1004553,124441,36279,14976,100672,0.9601570001522017,0.9601838569935708
0.005221099049227296,0.9265484365593666,0.8898990926745971,0.9663461538461539,0.12949640287769784,1005804,124441,35028,14976,100672,0.9601570001522017,0.9601838569935708
0.005205012861744962,0.9263709346518731,0.8895716753297408,0.9663461538461539,0.12589928057553956,1005804,124857,35028,14560,101088,0.9601570001522017,0.9601838569935708
0.0050071175743132135,0.9261935007405927,0.889244498827224,0.9663461538461539,0.1223021582733813,1005804,125273,35028,14144,101504,0.9601570001522017,0.9601838569935708
0.004981334898447098,0.9260161347864615,0.8889175629014054,0.9663461538461539,0.11870503597122302,1005804,125689,35028,13728,101920,0.9601570001522017,0.9601838569935708
0.004599121554253793,0.9258388367504456,0.8885908672870345,0.9663461538461539,0.11510791366906475,1005804,126105,35028,13312,102336,0.9601570001522017,0.9601838569935708
0.004552853386937616,0.9256616065935411,0.8882644117192502,0.9663461538461539,0.11151079136690648,1005804,126521,35028,12896,102752,0.9601570001522017,0.9601838569935708
0.004485247943258663,0.9254844442767738,0.8879381959335806,0.9663461538461539,0.1079136690647482,1005804,126937,35028,12480,103168,0.9601570001522017,0.9601838569935708
0.004248637138867362,0.9253073497611993,0.8876122196659422,0.9663461538461539,0.10431654676258993,1005804,127353,35028,12064,103584,0.9601570001522017,0.9601838569935708
0.004125855177701476,0.9251303230079033,0.8872864826526391,0.9663461538461539,0.10071942446043165,1005804,127769,35028,11648,104000,0.9601570001522017,0.9601838569935708
0.004024963715059338,0.924953363978001,0.8869609846303623,0.9663461538461539,0.09712230215827339,1005804,128185,35028,11232,104416,0.9601570001522017,0.9601838569935708
0.004011317992654195,0.9255713965346735,0.8870855501920298,0.9675480769230769,0.09712230215827339,1007055,128185,33777,11232,104416,0.9601570001522017,0.9601838569935708
0.0038642367591675275,0.925394488735982,0.8867606035630508,0.9675480769230769,0.09352517985611511,1007055,128601,33777,10816,104832,0.9601570001522017,0.9601838569935708
0.003852021838728792,0.9252176485504184,0.8864358949080692,0.9675480769230769,0.08992805755395683,1007055,129017,33777,10400,105248,0.9601570001522017,0.9601838569935708
0.003655963095216541,0.9246862597014446,0.885460858524799,0.9675480769230769,0.08992805755395683,1007055,130268,33777,10400,105248,0.9601570001522017,0.9601838569935708
0.0036167779475778095,0.92450969006748,0.8851371008640821,0.9675480769230769,0.08633093525179857,1007055,130684,33777,9984,105664,0.9601570001522017,0.9601838569935708
0.0035354213284297664,0.9251269140324302,0.8852632595545176,0.96875,0.08633093525179857,1008306,130684,32526,9984,105664,0.9601570001522017,0.9601838569935708
0.003423132540307794,0.9249503953238133,0.8849400477090694,0.96875,0.08273381294964029,1008306,131100,32526,9568,106080,0.9601570001522017,0.9601838569935708
0.0033162992743872577,0.9247739439635999,0.8846170717884021,0.96875,0.07913669064748201,1008306,131516,32526,9152,106496,0.9601570001522017,0.9601838569935708
0.00324950086662229,0.9242437228018635,0.883647233787847,0.96875,0.07913669064748201,1008306,132767,32526,9152,106496,0.9601570001522017,0.9601838569935708
0.0030633218704887444,0.9240675409346287,0.8833252006808651,0.96875,0.07553956834532374,1008306,133183,32526,8736,106912,0.9601570001522017,0.9601838569935708
0.003053068023611105,0.9238914262231318,0.8830034022094657,0.96875,0.07194244604316546,1008306,133599,32526,8320,107328,0.9601570001522017,0.9601838569935708
0.002513185311893651,0.9237153786289829,0.8826818381173068,0.96875,0.0683453237410072,1008306,134015,32526,7904,107744,0.9601570001522017,0.9601838569935708
0.002487820397763185,0.9235393981138219,0.8823605081484192,0.96875,0.06474820143884892,1008306,134431,32526,7488,108160,0.9601570001522017,0.9601838569935708
0.0024610796644569666,0.9233634846393176,0.8820394120472063,0.96875,0.06115107913669065,1008306,134847,32526,7072,108576,0.9601570001522017,0.9601838569935708
0.0024540120363685247,0.9239798355875521,0.8821683601245713,0.9699519230769231,0.06115107913669065,1009557,134847,31275,7072,108576,0.9601570001522017,0.9601838569935708
0.0022382322265975807,0.9234511799063978,0.8812050748261911,0.9699519230769231,0.06115107913669065,1009557,136098,31275,7072,108576,0.9601570001522017,0.9601838569935708
0.002163327349003319,0.9232755179356378,0.880885215662904,0.9699519230769231,0.05755395683453238,1009557,136514,31275,6656,108992,0.9601570001522017,0.9601838569935708
0.001896903190325927,0.9230999227821822,0.8805655886198448,0.9699519230769231,0.0539568345323741,1009557,136930,31275,6240,109408,0.9601570001522017,0.9601838569935708
0.0018709807684619273,0.9229243944079151,0.8802461934444326,0.9699519230769231,0.050359712230215826,1009557,137346,31275,5824,109824,0.9601570001522017,0.9601838569935708
0.0017923647135643095,0.9227489327747491,0.8799270298844524,0.9699519230769231,0.046762589928057555,1009557,137762,31275,5408,110240,0.9601570001522017,0.9601838569935708
0.0016838246948907565,0.9225735378446261,0.8796080976880551,0.9699519230769231,0.04316546762589928,1009557,138178,31275,4992,110656,0.9601570001522017,0.9601838569935708
0.00153021030487821,0.922398209579517,0.8792893966037568,0.9699519230769231,0.039568345323741004,1009557,138594,31275,4576,111072,0.9601570001522017,0.9601838569935708
0.0014489456553175017,0.9222229479414213,0.8789709263804375,0.9699519230769231,0.03597122302158273,1009557,139010,31275,4160,111488,0.9601570001522017,0.9601838569935708
0.0013954537811067258,0.9220477528923676,0.8786526867673412,0.9699519230769231,0.03237410071942446,1009557,139426,31275,3744,111904,0.9601570001522017,0.9601838569935708
0.0011638291251129251,0.9218726243944132,0.8783346775140748,0.9699519230769231,0.02877697841726619,1009557,139842,31275,3328,112320,0.9601570001522017,0.9601838569935708
0.0008327433450860955,0.9216975624096443,0.8780168983706075,0.9699519230769231,0.025179856115107913,1009557,140258,31275,2912,112736,0.9601570001522017,0.9601838569935708
0.0006922923875236076,0.9215225669001759,0.8776993490872703,0.9699519230769231,0.02158273381294964,1009557,140674,31275,2496,113152,0.9601570001522017,0.9601838569935708
0.000610339119068215,0.9213476378281517,0.8773820294147554,0.9699519230769231,0.017985611510791366,1009557,141090,31275,2080,113568,0.9601570001522017,0.9601838569935708
0.0005666682726481742,0.9208219890273769,0.8764291629988071,0.9699519230769231,0.017985611510791366,1009557,142341,31275,2080,113568,0.9601570001522017,0.9601838569935708
0.0005118689643710816,0.9206473258050307,0.8761127609314823,0.9699519230769231,0.014388489208633094,1009557,142757,31275,1664,113984,0.9601570001522017,0.9601838569935708
0.0004616581718721591,0.9212626521089848,0.8762471122130092,0.9711538461538461,0.014388489208633094,1010808,142757,30024,1664,113984,0.9601570001522017,0.9601838569935708
0.0004307494824709046,0.9207377503133471,0.8752978829527821,0.9711538461538461,0.014388489208633094,1010808,144008,30024,1664,113984,0.9601570001522017,0.9601838569935708
0.00041094423678222913,0.920563335130488,0.8749826874601812,0.9711538461538461,0.01079136690647482,1010808,144424,30024,1248,114400,0.9601570001522017,0.9601838569935708
0.0003817859449043448,0.920388986013986,0.8746677188901811,0.9711538461538461,0.007194244604316547,1010808,144840,30024,832,114816,0.9601570001522017,0.9601838569935708
0.00031634869677921174,0.9202147029263106,0.8743529769978132,0.9711538461538461,0.0035971223021582736,1010808,145256,30024,416,115232,0.9601570001522017,0.9601838569935708
5.8617359000590064e-05,0.9200404858299596,0.8740384615384615,0.9711538461538461,0.0,1010808,145672,30024,0,115648,0.9601570001522017,0.9601838569935708
