threshold,f1,precision,recall,tnr,tp,fp,fn,tn_unknown,fp_unknown,auc_pr_trapezoid,ap_pr_step
0.701529453460906,0.0,,0.0,1.0,0,0,346944,115648,0,0.9507158655113664,0.9507483567186342
0.7015294534609059,0.0024009603841536613,1.0,0.001201923076923077,1.0,417,0,346527,115648,0,0.9507158655113664,0.9507483567186342
0.689421385637771,0.004796163069544364,1.0,0.002403846153846154,1.0,834,0,346110,115648,0,0.9507158655113664,0.9507483567186342
0.6869850913343176,0.00718562874251497,1.0,0.003605769230769231,1.0,1251,0,345693,115648,0,0.9507158655113664,0.9507483567186342
0.6438769848990017,0.009569377990430622,1.0,0.004807692307692308,1.0,1668,0,345276,115648,0,0.9507158655113664,0.9507483567186342
0.608819143291423,0.011947431302270013,1.0,0.006009615384615385,1.0,2085,0,344859,115648,0,0.9507158655113664,0.9507483567186342
0.6066450862804095,0.014319809069212411,1.0,0.007211538461538462,1.0,2502,0,344442,115648,0,0.9507158655113664,0.9507483567186342
0.5892017140124386,0.0166865315852205,1.0,0.008413461538461538,1.0,2919,0,344025,115648,0,0.9507158655113664,0.9507483567186342
0.5872620140310587,0.01904761904761905,1.0,0.009615384615384616,1.0,3336,0,343608,115648,0,0.9507158655113664,0.9507483567186342
0.5838635440734953,0.02140309155766944,1.0,0.010817307692307692,1.0,3753,0,343191,115648,0,0.9507158655113664,0.9507483567186342
0.5815641192268912,0.023752969121140142,1.0,0.01201923076923077,1.0,4170,0,342774,115648,0,0.9507158655113664,0.9507483567186342
0.5769674283806698,0.02609727164887307,1.0,0.013221153846153846,1.0,4587,0,342357,115648,0,0.9507158655113664,0.9507483567186342
0.5760548493604091,0.02843601895734597,1.0,0.014423076923076924,1.0,5004,0,341940,115648,0,0.9507158655113664,0.9507483567186342
0.5735567512146318,0.03076923076923077,1.0,0.015625,1.0,5421,0,341523,115648,0,0.9507158655113664,0.9507483567186342
0.5510980252227871,0.03309692671394799,1.0,0.016826923076923076,1.0,5838,0,341106,115648,0,0.9507158655113664,0.9507483567186342
0.5483781477347409,0.03541912632821724,1.0,0.018028846153846152,1.0,6255,0,340689,115648,0,0.9507158655113664,0.9507483567186342
0.5444669515796152,0.03773584905660377,1.0,0.019230769230769232,1.0,6672,0,340272,115648,0,0.9507158655113664,0.9507483567186342
0.5359187304363489,0.04004711425206125,1.0,0.020432692307692308,1.0,7089,0,339855,115648,0,0.9507158655113664,0.9507483567186342
0.5340473744948924,0.042352941176470586,1.0,0.021634615384615384,1.0,7506,0,339438,115648,0,0.9507158655113664,0.9507483567186342
0.529563949163528,0.04465334900117509,1.0,0.02283653846153846,1.0,7923,0,339021,115648,0,0.9507158655113664,0.9507483567186342
0.528571518897627,0.046948356807511735,1.0,0.02403846153846154,1.0,8340,0,338604,115648,0,0.9507158655113664,0.9507483567186342
0.5275794982315832,0.0492379835873388,1.0,0.025240384615384616,1.0,8757,0,338187,115648,0,0.9507158655113664,0.9507483567186342
0.5225940477083856,0.05152224824355972,1.0,0.026442307692307692,1.0,9174,0,337770,115648,0,0.9507158655113664,0.9507483567186342
0.5187093234055478,0.05380116959064327,1.0,0.027644230769230768,1.0,9591,0,337353,115648,0,0.9507158655113664,0.9507483567186342
0.5181146462534486,0.056074766355140186,1.0,0.028846153846153848,1.0,10008,0,336936,115648,0,0.9507158655113664,0.9507483567186342
0.5135720760688651,0.058343057176196034,1.0,0.030048076923076924,1.0,10425,0,336519,115648,0,0.9507158655113664,0.9507483567186342
0.5127040579271318,0.05827505827505827,0.9615384615384616,0.030048076923076924,1.0,10425,417,336519,115648,0,0.9507158655113664,0.9507483567186342
0.5101752116749705,0.06053550640279395,0.9629629629629629,0.03125,1.0,10842,417,336102,115648,0,0.9507158655113664,0.9507483567186342
0.5066247217279711,0.06279069767441861,0.9642857142857143,0.03245192307692308,1.0,11259,417,335685,115648,0,0.9507158655113664,0.9507483567186342
0.5060100412552228,0.06504065040650407,0.9655172413793104,0.03365384615384615,1.0,11676,417,335268,115648,0,0.9507158655113664,0.9507483567186342
0.5055397204961615,0.06728538283062645,0.9666666666666667,0.03485576923076923,1.0,12093,417,334851,115648,0,0.9507158655113664,0.9507483567186342
0.505072200855005,0.06952491309385864,0.967741935483871,0.036057692307692304,1.0,12510,417,334434,115648,0,0.9507158655113664,0.9507483567186342
0.5036838743198118,0.07175925925925926,0.96875,0.037259615384615384,1.0,12927,417,334017,115648,0,0.9507158655113664,0.9507483567186342
0.5036170802807116,0.07398843930635839,0.9696969696969697,0.038461538461538464,1.0,13344,417,333600,115648,0,0.9507158655113664,0.9507483567186342
0.5035689721377397,0.07621247113163972,0.9705882352941176,0.039663461538461536,1.0,13761,417,333183,115648,0,0.9507158655113664,0.9507483567186342
0.501188902351238,0.0784313725490196,0.9714285714285714,0.040865384615384616,1.0,14178,417,332766,115648,0,0.9507158655113664,0.9507483567186342
0.5004330208374321,0.08064516129032258,0.9722222222222222,0.042067307692307696,1.0,14595,417,332349,115648,0,0.9507158655113664,0.9507483567186342
0.5002902211597117,0.08285385500575373,0.972972972972973,0.04326923076923077,1.0,15012,417,331932,115648,0,0.9507158655113664,0.9507483567186342
0.4988065482718762,0.08505747126436781,0.9736842105263158,0.04447115384615385,1.0,15429,417,331515,115648,0,0.9507158655113664,0.9507483567186342
0.49863687229149306,0.08725602755453502,0.9743589743589743,0.04567307692307692,1.0,15846,417,331098,115648,0,0.9507158655113664,0.9507483567186342
0.49739577466863893,0.08944954128440367,0.975,0.046875,1.0,16263,417,330681,115648,0,0.9507158655113664,0.9507483567186342
0.4963494311562634,0.09163802978235967,0.975609756097561,0.04807692307692308,1.0,16680,417,330264,115648,0,0.9507158655113664,0.9507483567186342
0.4951202866163128,0.09382151029748284,0.9761904761904762,0.04927884615384615,1.0,17097,417,329847,115648,0,0.9507158655113664,0.9507483567186342
0.4950650426691984,0.096,0.9767441860465116,0.05048076923076923,1.0,17514,417,329430,115648,0,0.9507158655113664,0.9507483567186342
0.4942648211928009,0.09817351598173515,0.9772727272727273,0.051682692307692304,1.0,17931,417,329013,115648,0,0.9507158655113664,0.9507483567186342
0.4942135914211447,0.10034207525655645,0.9777777777777777,0.052884615384615384,1.0,18348,417,328596,115648,0,0.9507158655113664,0.9507483567186342
0.4935436187267401,0.10250569476082004,0.9782608695652174,0.054086538461538464,1.0,18765,417,328179,115648,0,0.9507158655113664,0.9507483567186342
0.4927838078667461,0.10466439135381114,0.9787234042553191,0.055288461538461536,1.0,19182,417,327762,115648,0,0.9507158655113664,0.9507483567186342
0.4925763292323485,0.10681818181818181,0.9791666666666666,0.056490384615384616,1.0,19599,417,327345,115648,0,0.9507158655113664,0.9507483567186342
0.4904563980570697,0.10896708286038592,0.9795918367346939,0.057692307692307696,1.0,20016,417,326928,115648,0,0.9507158655113664,0.9507483567186342
0.4894454353309505,0.1111111111111111,0.98,0.05889423076923077,1.0,20433,417,326511,115648,0,0.9507158655113664,0.9507483567186342
0.48922672749076024,0.11325028312570781,0.9803921568627451,0.06009615384615385,1.0,20850,417,326094,115648,0,0.9507158655113664,0.9507483567186342
0.4889148261239311,0.11538461538461539,0.9807692307692307,0.06129807692307692,1.0,21267,417,325677,115648,0,0.9507158655113664,0.9507483567186342
0.48765145933164566,0.11751412429378531,0.9811320754716981,0.0625,1.0,21684,417,325260,115648,0,0.9507158655113664,0.9507483567186342
0.48704953786500715,0.11963882618510158,0.9814814814814815,0.06370192307692307,1.0,22101,417,324843,115648,0,0.9507158655113664,0.9507483567186342
0.48481827125281995,0.12175873731679819,0.9818181818181818,0.06490384615384616,1.0,22518,417,324426,115648,0,0.9507158655113664,0.9507483567186342
0.48473525844711,0.12387387387387387,0.9821428571428571,0.06610576923076923,1.0,22935,417,324009,115648,0,0.9507158655113664,0.9507483567186342
0.4844959287222148,0.12598425196850394,0.9824561403508771,0.0673076923076923,1.0,23352,417,323592,115648,0,0.9507158655113664,0.9507483567186342
0.48409291199307153,0.12808988764044943,0.9827586206896551,0.06850961538461539,1.0,23769,417,323175,115648,0,0.9507158655113664,0.9507483567186342
0.4800888534126872,0.13019079685746351,0.9830508474576272,0.06971153846153846,1.0,24186,417,322758,115648,0,0.9507158655113664,0.9507483567186342
0.4769100101672764,0.13228699551569506,0.9833333333333333,0.07091346153846154,1.0,24603,417,322341,115648,0,0.9507158655113664,0.9507483567186342
0.47655144405951233,0.1343784994400896,0.9836065573770492,0.07211538461538461,1.0,25020,417,321924,115648,0,0.9507158655113664,0.9507483567186342
0.4760080384688057,0.13646532438478748,0.9838709677419355,0.0733173076923077,1.0,25437,417,321507,115648,0,0.9507158655113664,0.9507483567186342
0.4748417060080208,0.13854748603351955,0.9841269841269841,0.07451923076923077,1.0,25854,417,321090,115648,0,0.9507158655113664,0.9507483567186342
0.4742843538091905,0.140625,0.984375,0.07572115384615384,1.0,26271,417,320673,115648,0,0.9507158655113664,0.9507483567186342
0.47268278248115925,0.1426978818283166,0.9846153846153847,0.07692307692307693,1.0,26688,417,320256,115648,0,0.9507158655113664,0.9507483567186342
0.4725328888864153,0.1447661469933185,0.9848484848484849,0.078125,1.0,27105,417,319839,115648,0,0.9507158655113664,0.9507483567186342
0.4723686827743273,0.1468298109010011,0.9850746268656716,0.07932692307692307,1.0,27522,417,319422,115648,0,0.9507158655113664,0.9507483567186342
0.4722452088948024,0.14888888888888888,0.9852941176470589,0.08052884615384616,1.0,27939,417,319005,115648,0,0.9507158655113664,0.9507483567186342
0.47111807556176183,0.1509433962264151,0.9855072463768116,0.08173076923076923,1.0,28356,417,318588,115648,0,0.9507158655113664,0.9507483567186342
0.470677826636405,0.15299334811529933,0.9857142857142858,0.0829326923076923,1.0,28773,417,318171,115648,0,0.9507158655113664,0.9507483567186342
0.46937966577313056,0.15503875968992248,0.9859154929577465,0.08413461538461539,1.0,29190,417,317754,115648,0,0.9507158655113664,0.9507483567186342
0.4693591996941844,0.1570796460176991,0.9861111111111112,0.08533653846153846,1.0,29607,417,317337,115648,0,0.9507158655113664,0.9507483567186342
0.46810496418501335,0.1591160220994475,0.9863013698630136,0.08653846153846154,1.0,30024,417,316920,115648,0,0.9507158655113664,0.9507483567186342
0.46796483469637085,0.16114790286975716,0.9864864864864865,0.08774038461538461,1.0,30441,417,316503,115648,0,0.9507158655113664,0.9507483567186342
0.46662154670918266,0.1631753031973539,0.9866666666666667,0.0889423076923077,1.0,30858,417,316086,115648,0,0.9507158655113664,0.9507483567186342
0.4659975733700882,0.16519823788546256,0.9868421052631579,0.09014423076923077,1.0,31275,417,315669,115648,0,0.9507158655113664,0.9507483567186342
0.4643604515476947,0.16721672167216722,0.987012987012987,0.09134615384615384,1.0,31692,417,315252,115648,0,0.9507158655113664,0.9507483567186342
0.4638681039613009,0.16923076923076924,0.9871794871794872,0.09254807692307693,1.0,32109,417,314835,115648,0,0.9507158655113664,0.9507483567186342
0.46383369775366035,0.1712403951701427,0.9873417721518988,0.09375,1.0,32526,417,314418,115648,0,0.9507158655113664,0.9507483567186342
0.4626057300995857,0.17324561403508773,0.9875,0.09495192307692307,1.0,32943,417,314001,115648,0,0.9507158655113664,0.9507483567186342
0.46234943372228515,0.17524644030668127,0.9876543209876543,0.09615384615384616,1.0,33360,417,313584,115648,0,0.9507158655113664,0.9507483567186342
0.4611088420722592,0.1772428884026258,0.9878048780487805,0.09735576923076923,1.0,33777,417,313167,115648,0,0.9507158655113664,0.9507483567186342
0.4607670976171676,0.17923497267759564,0.9879518072289156,0.0985576923076923,1.0,34194,417,312750,115648,0,0.9507158655113664,0.9507483567186342
0.4606980100207133,0.1812227074235808,0.9880952380952381,0.09975961538461539,1.0,34611,417,312333,115648,0,0.9507158655113664,0.9507483567186342
0.46004223406668,0.183206106870229,0.9882352941176471,0.10096153846153846,1.0,35028,417,311916,115648,0,0.9507158655113664,0.9507483567186342
0.458652508172741,0.18518518518518517,0.9883720930232558,0.10216346153846154,1.0,35445,417,311499,115648,0,0.9507158655113664,0.9507483567186342
0.4580773589073811,0.18715995647442873,0.9885057471264368,0.10336538461538461,1.0,35862,417,311082,115648,0,0.9507158655113664,0.9507483567186342
0.4578057092139291,0.1891304347826087,0.9886363636363636,0.1045673076923077,1.0,36279,417,310665,115648,0,0.9507158655113664,0.9507483567186342
0.4577426965497591,0.19109663409337677,0.9887640449438202,0.10576923076923077,1.0,36696,417,310248,115648,0,0.9507158655113664,0.9507483567186342
0.4558897147789219,0.19305856832971802,0.9888888888888889,0.10697115384615384,1.0,37113,417,309831,115648,0,0.9507158655113664,0.9507483567186342
0.4531422275086372,0.19501625135427952,0.989010989010989,0.10817307692307693,1.0,37530,417,309414,115648,0,0.9507158655113664,0.9507483567186342
0.45229323301636865,0.19696969696969696,0.9891304347826086,0.109375,1.0,37947,417,308997,115648,0,0.9507158655113664,0.9507483567186342
0.45208975332979295,0.1989189189189189,0.989247311827957,0.11057692307692307,1.0,38364,417,308580,115648,0,0.9507158655113664,0.9507483567186342
0.45176169278853395,0.20086393088552915,0.9893617021276596,0.11177884615384616,1.0,38781,417,308163,115648,0,0.9507158655113664,0.9507483567186342
0.45099965932467434,0.20280474649406688,0.9894736842105263,0.11298076923076923,1.0,39198,417,307746,115648,0,0.9507158655113664,0.9507483567186342
0.4488832090760415,0.20474137931034483,0.9895833333333334,0.1141826923076923,1.0,39615,417,307329,115648,0,0.9507158655113664,0.9507483567186342
0.4481175455286268,0.20667384284176535,0.9896907216494846,0.11538461538461539,1.0,40032,417,306912,115648,0,0.9507158655113664,0.9507483567186342
0.4471961472622372,0.2086021505376344,0.9897959183673469,0.11658653846153846,1.0,40449,417,306495,115648,0,0.9507158655113664,0.9507483567186342
0.4467429874159444,0.21052631578947367,0.98989898989899,0.11778846153846154,1.0,40866,417,306078,115648,0,0.9507158655113664,0.9507483567186342
0.44628959052475436,0.21244635193133046,0.99,0.11899038461538461,1.0,41283,417,305661,115648,0,0.9507158655113664,0.9507483567186342
0.44565086096888873,0.21436227224008575,0.9900990099009901,0.1201923076923077,1.0,41700,417,305244,115648,0,0.9507158655113664,0.9507483567186342
0.44561996778659085,0.21627408993576017,0.9901960784313726,0.12139423076923077,1.0,42117,417,304827,115648,0,0.9507158655113664,0.9507483567186342
0.444524247623476,0.21818181818181817,0.9902912621359223,0.12259615384615384,1.0,42534,417,304410,115648,0,0.9507158655113664,0.9507483567186342
0.4408500267230637,0.22008547008547008,0.9903846153846154,0.12379807692307693,1.0,42951,417,303993,115648,0,0.9507158655113664,0.9507483567186342
0.44037020243008196,0.22198505869797225,0.9904761904761905,0.125,1.0,43368,417,303576,115648,0,0.9507158655113664,0.9507483567186342
0.4399370361749696,0.22388059701492538,0.9905660377358491,0.12620192307692307,1.0,43785,417,303159,115648,0,0.9507158655113664,0.9507483567186342
0.439411819794455,0.22577209797657083,0.9906542056074766,0.12740384615384615,1.0,44202,417,302742,115648,0,0.9507158655113664,0.9507483567186342
0.439399834182207,0.2276595744680851,0.9907407407407407,0.12860576923076922,1.0,44619,417,302325,115648,0,0.9507158655113664,0.9507483567186342
0.4391215281437393,0.22954303931987247,0.9908256880733946,0.12980769230769232,1.0,45036,417,301908,115648,0,0.9507158655113664,0.9507483567186342
0.43749670228863236,0.23142250530785563,0.990909090909091,0.1310096153846154,1.0,45453,417,301491,115648,0,0.9507158655113664,0.9507483567186342
0.4362054918695194,0.23329798515376457,0.990990990990991,0.13221153846153846,1.0,45870,417,301074,115648,0,0.9507158655113664,0.9507483567186342
0.43590431455599155,0.23516949152542374,0.9910714285714286,0.13341346153846154,1.0,46287,417,300657,115648,0,0.9507158655113664,0.9507483567186342
0.43589855509635356,0.23703703703703705,0.9911504424778761,0.1346153846153846,1.0,46704,417,300240,115648,0,0.9507158655113664,0.9507483567186342
0.43567112797346996,0.23890063424947147,0.9912280701754386,0.13581730769230768,1.0,47121,417,299823,115648,0,0.9507158655113664,0.9507483567186342
0.43166472330764694,0.24076029567053855,0.991304347826087,0.13701923076923078,1.0,47538,417,299406,115648,0,0.9507158655113664,0.9507483567186342
0.4313153442083845,0.24261603375527427,0.9913793103448276,0.13822115384615385,1.0,47955,417,298989,115648,0,0.9507158655113664,0.9507483567186342
0.43052899178532167,0.24446786090621708,0.9914529914529915,0.13942307692307693,1.0,48372,417,298572,115648,0,0.9507158655113664,0.9507483567186342
0.4290714819876499,0.2463157894736842,0.9915254237288136,0.140625,1.0,48789,417,298155,115648,0,0.9507158655113664,0.9507483567186342
0.42808850996282666,0.24815983175604628,0.9915966386554622,0.14182692307692307,1.0,49206,417,297738,115648,0,0.9507158655113664,0.9507483567186342
0.42742692847878727,0.25,0.9916666666666667,0.14302884615384615,1.0,49623,417,297321,115648,0,0.9507158655113664,0.9507483567186342
0.42633744780339433,0.2518363064008394,0.9917355371900827,0.14423076923076922,1.0,50040,417,296904,115648,0,0.9507158655113664,0.9507483567186342
0.426271981262524,0.25366876310272535,0.9918032786885246,0.14543269230769232,1.0,50457,417,296487,115648,0,0.9507158655113664,0.9507483567186342
0.4259791077681335,0.2554973821989529,0.991869918699187,0.1466346153846154,1.0,50874,417,296070,115648,0,0.9507158655113664,0.9507483567186342
0.4251966060569924,0.25732217573221755,0.9919354838709677,0.14783653846153846,1.0,51291,417,295653,115648,0,0.9507158655113664,0.9507483567186342
0.4242377521812315,0.25914315569487983,0.992,0.14903846153846154,1.0,51708,417,295236,115648,0,0.9507158655113664,0.9507483567186342
0.42362578450271604,0.2609603340292276,0.9920634920634921,0.1502403846153846,1.0,52125,417,294819,115648,0,0.9507158655113664,0.9507483567186342
0.42301192967781787,0.26277372262773724,0.9921259842519685,0.15144230769230768,1.0,52542,417,294402,115648,0,0.9507158655113664,0.9507483567186342
0.42287705294626365,0.26458333333333334,0.9921875,0.15264423076923078,1.0,52959,417,293985,115648,0,0.9507158655113664,0.9507483567186342
0.4227531910471898,0.2663891779396462,0.9922480620155039,0.15384615384615385,1.0,53376,417,293568,115648,0,0.9507158655113664,0.9507483567186342
0.42193956901567675,0.2681912681912682,0.9923076923076923,0.15504807692307693,1.0,53793,417,293151,115648,0,0.9507158655113664,0.9507483567186342
0.4206440229756778,0.2699896157840083,0.9923664122137404,0.15625,1.0,54210,417,292734,115648,0,0.9507158655113664,0.9507483567186342
0.419422554227091,0.2717842323651452,0.9924242424242424,0.15745192307692307,1.0,54627,417,292317,115648,0,0.9507158655113664,0.9507483567186342
0.41890394519036434,0.27357512953367874,0.9924812030075187,0.15865384615384615,1.0,55044,417,291900,115648,0,0.9507158655113664,0.9507483567186342
0.41771972115378675,0.2753623188405797,0.9925373134328358,0.15985576923076922,1.0,55461,417,291483,115648,0,0.9507158655113664,0.9507483567186342
0.41750285279636656,0.27714581178903824,0.9925925925925926,0.16105769230769232,1.0,55878,417,291066,115648,0,0.9507158655113664,0.9507483567186342
0.4173715581789317,0.27892561983471076,0.9926470588235294,0.1622596153846154,1.0,56295,417,290649,115648,0,0.9507158655113664,0.9507483567186342
0.4172259650098209,0.2807017543859649,0.9927007299270073,0.16346153846153846,1.0,56712,417,290232,115648,0,0.9507158655113664,0.9507483567186342
0.41587850518564995,0.2824742268041237,0.9927536231884058,0.16466346153846154,1.0,57129,417,289815,115648,0,0.9507158655113664,0.9507483567186342
0.4145779508624491,0.2842430484037075,0.9928057553956835,0.1658653846153846,1.0,57546,417,289398,115648,0,0.9507158655113664,0.9507483567186342
0.41331220012605047,0.28600823045267487,0.9928571428571429,0.16706730769230768,1.0,57963,417,288981,115648,0,0.9507158655113664,0.9507483567186342
0.4126125101209336,0.28776978417266186,0.9929078014184397,0.16826923076923078,1.0,58380,417,288564,115648,0,0.9507158655113664,0.9507483567186342
0.41153722130844905,0.28952772073921973,0.9929577464788732,0.16947115384615385,1.0,58797,417,288147,115648,0,0.9507158655113664,0.9507483567186342
0.4110205488171361,0.29128205128205126,0.993006993006993,0.17067307692307693,1.0,59214,417,287730,115648,0,0.9507158655113664,0.9507483567186342
0.41083483377595487,0.2930327868852459,0.9930555555555556,0.171875,1.0,59631,417,287313,115648,0,0.9507158655113664,0.9507483567186342
0.4105361452629701,0.2947799385875128,0.993103448275862,0.17307692307692307,1.0,60048,417,286896,115648,0,0.9507158655113664,0.9507483567186342
0.4100128986368342,0.2965235173824131,0.9931506849315068,0.17427884615384615,1.0,60465,417,286479,115648,0,0.9507158655113664,0.9507483567186342
0.4074605399129152,0.2982635342185904,0.9931972789115646,0.17548076923076922,1.0,60882,417,286062,115648,0,0.9507158655113664,0.9507483567186342
0.40712227788545596,0.3,0.9932432432432432,0.17668269230769232,1.0,61299,417,285645,115648,0,0.9507158655113664,0.9507483567186342
0.40537309871340776,0.30173292558613657,0.9932885906040269,0.1778846153846154,1.0,61716,417,285228,115648,0,0.9507158655113664,0.9507483567186342
0.405105608431072,0.3034623217922607,0.9933333333333333,0.17908653846153846,1.0,62133,417,284811,115648,0,0.9507158655113664,0.9507483567186342
0.40480765289808,0.3051881993896236,0.9933774834437086,0.18028846153846154,1.0,62550,417,284394,115648,0,0.9507158655113664,0.9507483567186342
0.4045047117768775,0.30691056910569103,0.993421052631579,0.1814903846153846,1.0,62967,417,283977,115648,0,0.9507158655113664,0.9507483567186342
0.40443983716607845,0.3086294416243655,0.9934640522875817,0.18269230769230768,1.0,63384,417,283560,115648,0,0.9507158655113664,0.9507483567186342
0.4019581367226174,0.3103448275862069,0.9935064935064936,0.18389423076923078,1.0,63801,417,283143,115648,0,0.9507158655113664,0.9507483567186342
0.4018730050979302,0.3120567375886525,0.9935483870967742,0.18509615384615385,1.0,64218,417,282726,115648,0,0.9507158655113664,0.9507483567186342
0.4014879870136083,0.31376518218623484,0.9935897435897436,0.18629807692307693,1.0,64635,417,282309,115648,0,0.9507158655113664,0.9507483567186342
0.4004447979952158,0.3154701718907988,0.9936305732484076,0.1875,1.0,65052,417,281892,115648,0,0.9507158655113664,0.9507483567186342
0.39952863426310015,0.31717171717171716,0.9936708860759493,0.18870192307692307,1.0,65469,417,281475,115648,0,0.9507158655113664,0.9507483567186342
0.39948053422557495,0.31886982845610495,0.9937106918238994,0.18990384615384615,1.0,65886,417,281058,115648,0,0.9507158655113664,0.9507483567186342
0.3993003321275902,0.32056451612903225,0.99375,0.19110576923076922,1.0,66303,417,280641,115648,0,0.9507158655113664,0.9507483567186342
0.3989074088774106,0.32225579053373615,0.9937888198757764,0.19230769230769232,1.0,66720,417,280224,115648,0,0.9507158655113664,0.9507483567186342
0.39888666699843733,0.323943661971831,0.9938271604938271,0.1935096153846154,1.0,67137,417,279807,115648,0,0.9507158655113664,0.9507483567186342
0.3988680930538254,0.3256281407035176,0.9938650306748467,0.19471153846153846,1.0,67554,417,279390,115648,0,0.9507158655113664,0.9507483567186342
0.39732911742843646,0.3273092369477912,0.9939024390243902,0.19591346153846154,1.0,67971,417,278973,115648,0,0.9507158655113664,0.9507483567186342
0.39720377375679916,0.32898696088264795,0.9939393939393939,0.1971153846153846,1.0,68388,417,278556,115648,0,0.9507158655113664,0.9507483567186342
0.3970398838717678,0.3306613226452906,0.9939759036144579,0.19831730769230768,1.0,68805,417,278139,115648,0,0.9507158655113664,0.9507483567186342
0.394982094082891,0.33233233233233234,0.9940119760479041,0.19951923076923078,1.0,69222,417,277722,115648,0,0.9507158655113664,0.9507483567186342
0.39418122724008975,0.334,0.9940476190476191,0.20072115384615385,1.0,69639,417,277305,115648,0,0.9507158655113664,0.9507483567186342
0.39382011442391396,0.3356643356643357,0.9940828402366864,0.20192307692307693,1.0,70056,417,276888,115648,0,0.9507158655113664,0.9507483567186342
0.3936024521403596,0.3373253493013972,0.9941176470588236,0.203125,1.0,70473,417,276471,115648,0,0.9507158655113664,0.9507483567186342
0.39345848375059944,0.3389830508474576,0.9941520467836257,0.20432692307692307,1.0,70890,417,276054,115648,0,0.9507158655113664,0.9507483567186342
0.39307172856501926,0.34063745019920316,0.9941860465116279,0.20552884615384615,1.0,71307,417,275637,115648,0,0.9507158655113664,0.9507483567186342
0.3928672025320249,0.34228855721393037,0.9942196531791907,0.20673076923076922,1.0,71724,417,275220,115648,0,0.9507158655113664,0.9507483567186342
0.3925858830832849,0.34393638170974156,0.9942528735632183,0.20793269230769232,1.0,72141,417,274803,115648,0,0.9507158655113664,0.9507483567186342
0.3918811977121269,0.3455809334657398,0.9942857142857143,0.2091346153846154,1.0,72558,417,274386,115648,0,0.9507158655113664,0.9507483567186342
0.3917878940176975,0.3472222222222222,0.9943181818181818,0.21033653846153846,1.0,72975,417,273969,115648,0,0.9507158655113664,0.9507483567186342
0.39084781401172974,0.34886025768087214,0.9943502824858758,0.21153846153846154,1.0,73392,417,273552,115648,0,0.9507158655113664,0.9507483567186342
0.3907388789425126,0.3504950495049505,0.9943820224719101,0.2127403846153846,1.0,73809,417,273135,115648,0,0.9507158655113664,0.9507483567186342
0.39066090533928144,0.35212660731948564,0.994413407821229,0.21394230769230768,1.0,74226,417,272718,115648,0,0.9507158655113664,0.9507483567186342
0.39034557736747655,0.35375494071146246,0.9944444444444445,0.21514423076923078,1.0,74643,417,272301,115648,0,0.9507158655113664,0.9507483567186342
0.3897854899864034,0.35538005923000987,0.994475138121547,0.21634615384615385,1.0,75060,417,271884,115648,0,0.9507158655113664,0.9507483567186342
0.3887537513087765,0.35700197238658776,0.9945054945054945,0.21754807692307693,1.0,75477,417,271467,115648,0,0.9507158655113664,0.9507483567186342
0.3883282960706632,0.3586206896551724,0.994535519125683,0.21875,1.0,75894,417,271050,115648,0,0.9507158655113664,0.9507483567186342
0.38732964025629957,0.36023622047244097,0.9945652173913043,0.21995192307692307,1.0,76311,417,270633,115648,0,0.9507158655113664,0.9507483567186342
0.38690718674389213,0.36184857423795475,0.9945945945945946,0.22115384615384615,1.0,76728,417,270216,115648,0,0.9507158655113664,0.9507483567186342
0.3868220187487964,0.36345776031434185,0.9946236559139785,0.22235576923076922,1.0,77145,417,269799,115648,0,0.9507158655113664,0.9507483567186342
0.3854861686442186,0.3650637880274779,0.9946524064171123,0.22355769230769232,1.0,77562,417,269382,115648,0,0.9507158655113664,0.9507483567186342
0.3846750453584442,0.36666666666666664,0.9946808510638298,0.2247596153846154,1.0,77979,417,268965,115648,0,0.9507158655113664,0.9507483567186342
0.3846602012186793,0.3682664054848188,0.9947089947089947,0.22596153846153846,1.0,78396,417,268548,115648,0,0.9507158655113664,0.9507483567186342
0.384641867031994,0.3698630136986301,0.9947368421052631,0.22716346153846154,1.0,78813,417,268131,115648,0,0.9507158655113664,0.9507483567186342
0.38457236654714255,0.37145650048875856,0.9947643979057592,0.2283653846153846,1.0,79230,417,267714,115648,0,0.9507158655113664,0.9507483567186342
0.3845705024702515,0.373046875,0.9947916666666666,0.22956730769230768,1.0,79647,417,267297,115648,0,0.9507158655113664,0.9507483567186342
0.3839214535951312,0.3746341463414634,0.9948186528497409,0.23076923076923078,1.0,80064,417,266880,115648,0,0.9507158655113664,0.9507483567186342
0.38289316420805264,0.3762183235867446,0.9948453608247423,0.23197115384615385,1.0,80481,417,266463,115648,0,0.9507158655113664,0.9507483567186342
0.3827087527204174,0.3777994157740993,0.9948717948717949,0.23317307692307693,1.0,80898,417,266046,115648,0,0.9507158655113664,0.9507483567186342
0.38083485621083935,0.37937743190661477,0.9948979591836735,0.234375,1.0,81315,417,265629,115648,0,0.9507158655113664,0.9507483567186342
0.3808068805800756,0.38095238095238093,0.9949238578680203,0.23557692307692307,1.0,81732,417,265212,115648,0,0.9507158655113664,0.9507483567186342
0.3806845757837489,0.3825242718446602,0.9949494949494949,0.23677884615384615,1.0,82149,417,264795,115648,0,0.9507158655113664,0.9507483567186342
0.380676037771257,0.38409311348205627,0.9949748743718593,0.23798076923076922,1.0,82566,417,264378,115648,0,0.9507158655113664,0.9507483567186342
0.3800545620940172,0.3856589147286822,0.995,0.23918269230769232,1.0,82983,417,263961,115648,0,0.9507158655113664,0.9507483567186342
0.3800036999995837,0.3872216844143272,0.9950248756218906,0.2403846153846154,1.0,83400,417,263544,115648,0,0.9507158655113664,0.9507483567186342
0.3782373076809834,0.38878143133462284,0.995049504950495,0.24158653846153846,1.0,83817,417,263127,115648,0,0.9507158655113664,0.9507483567186342
0.3775112594693849,0.3903381642512077,0.9950738916256158,0.24278846153846154,1.0,84234,417,262710,115648,0,0.9507158655113664,0.9507483567186342
0.3773666095530587,0.3918918918918919,0.9950980392156863,0.2439903846153846,1.0,84651,417,262293,115648,0,0.9507158655113664,0.9507483567186342
0.37718990977376454,0.39344262295081966,0.9951219512195122,0.24519230769230768,1.0,85068,417,261876,115648,0,0.9507158655113664,0.9507483567186342
0.3768408636502045,0.394990366088632,0.9951456310679612,0.24639423076923078,1.0,85485,417,261459,115648,0,0.9507158655113664,0.9507483567186342
0.37646727010893444,0.3965351299326275,0.9951690821256038,0.24759615384615385,1.0,85902,417,261042,115648,0,0.9507158655113664,0.9507483567186342
0.37636634739022756,0.39807692307692305,0.9951923076923077,0.24879807692307693,1.0,86319,417,260625,115648,0,0.9507158655113664,0.9507483567186342
0.3762829291739138,0.39961575408261285,0.9952153110047847,0.25,1.0,86736,417,260208,115648,0,0.9507158655113664,0.9507483567186342
0.37456499464330917,0.40115163147792704,0.9952380952380953,0.2512019230769231,1.0,87153,417,259791,115648,0,0.9507158655113664,0.9507483567186342
0.3733371978562706,0.40268456375838924,0.995260663507109,0.25240384615384615,1.0,87570,417,259374,115648,0,0.9507158655113664,0.9507483567186342
0.37305115158854407,0.4042145593869732,0.9952830188679245,0.2536057692307692,1.0,87987,417,258957,115648,0,0.9507158655113664,0.9507483567186342
0.3729743991830041,0.40574162679425835,0.9953051643192489,0.2548076923076923,1.0,88404,417,258540,115648,0,0.9507158655113664,0.9507483567186342
0.3728875458191634,0.4072657743785851,0.9953271028037384,0.25600961538461536,1.0,88821,417,258123,115648,0,0.9507158655113664,0.9507483567186342
0.37264382902225157,0.4087870105062082,0.9953488372093023,0.25721153846153844,1.0,89238,417,257706,115648,0,0.9507158655113664,0.9507483567186342
0.3726271407121562,0.41030534351145037,0.9953703703703703,0.25841346153846156,1.0,89655,417,257289,115648,0,0.9507158655113664,0.9507483567186342
0.37230340028881825,0.41182078169685415,0.9953917050691244,0.25961538461538464,1.0,90072,417,256872,115648,0,0.9507158655113664,0.9507483567186342
0.37221730268354836,0.41333333333333333,0.9954128440366973,0.2608173076923077,1.0,90489,417,256455,115648,0,0.9507158655113664,0.9507483567186342
0.3708951914454266,0.4148430066603235,0.9954337899543378,0.2620192307692308,1.0,90906,417,256038,115648,0,0.9507158655113664,0.9507483567186342
0.37078526979002563,0.41634980988593157,0.9954545454545455,0.26322115384615385,1.0,91323,417,255621,115648,0,0.9507158655113664,0.9507483567186342
0.3695745153136869,0.4178537511870845,0.995475113122172,0.2644230769230769,1.0,91740,417,255204,115648,0,0.9507158655113664,0.9507483567186342
0.369434666231799,0.41935483870967744,0.9954954954954955,0.265625,1.0,92157,417,254787,115648,0,0.9507158655113664,0.9507483567186342
0.3690622332636495,0.4208530805687204,0.9955156950672646,0.2668269230769231,1.0,92574,417,254370,115648,0,0.9507158655113664,0.9507483567186342
0.3683273050063177,0.42234848484848486,0.9955357142857143,0.26802884615384615,1.0,92991,417,253953,115648,0,0.9507158655113664,0.9507483567186342
0.3679347306121774,0.423841059602649,0.9955555555555555,0.2692307692307692,1.0,93408,417,253536,115648,0,0.9507158655113664,0.9507483567186342
0.36742592823086284,0.42533081285444235,0.995575221238938,0.2704326923076923,1.0,93825,417,253119,115648,0,0.9507158655113664,0.9507483567186342
0.3672715579306267,0.42681775259678945,0.9955947136563876,0.27163461538461536,1.0,94242,417,252702,115648,0,0.9507158655113664,0.9507483567186342
0.3670571594140034,0.42830188679245285,0.9956140350877193,0.27283653846153844,1.0,94659,417,252285,115648,0,0.9507158655113664,0.9507483567186342
0.3666181759976389,0.4297832233741753,0.9956331877729258,0.27403846153846156,1.0,95076,417,251868,115648,0,0.9507158655113664,0.9507483567186342
0.36620602058677754,0.4312617702448211,0.9956521739130435,0.27524038461538464,1.0,95493,417,251451,115648,0,0.9507158655113664,0.9507483567186342
0.36586564158519275,0.43273753527751646,0.9956709956709957,0.2764423076923077,1.0,95910,417,251034,115648,0,0.9507158655113664,0.9507483567186342
0.3653540634394621,0.4342105263157895,0.9956896551724138,0.2776442307692308,1.0,96327,417,250617,115648,0,0.9507158655113664,0.9507483567186342
0.36481392246092215,0.4356807511737089,0.9957081545064378,0.27884615384615385,1.0,96744,417,250200,115648,0,0.9507158655113664,0.9507483567186342
0.3645643878413458,0.4371482176360225,0.9957264957264957,0.2800480769230769,1.0,97161,417,249783,115648,0,0.9507158655113664,0.9507483567186342
0.36352919344777457,0.4386129334582943,0.9957446808510638,0.28125,1.0,97578,417,249366,115648,0,0.9507158655113664,0.9507483567186342
0.3631107817163056,0.4400749063670412,0.9957627118644068,0.2824519230769231,1.0,97995,417,248949,115648,0,0.9507158655113664,0.9507483567186342
0.36169637487457884,0.441534144059869,0.9957805907172996,0.28365384615384615,1.0,98412,417,248532,115648,0,0.9507158655113664,0.9507483567186342
0.3604849075548505,0.44299065420560746,0.9957983193277311,0.2848557692307692,1.0,98829,417,248115,115648,0,0.9507158655113664,0.9507483567186342
0.3603767019109595,0.4444444444444444,0.99581589958159,0.2860576923076923,1.0,99246,417,247698,115648,0,0.9507158655113664,0.9507483567186342
0.36026777005500576,0.4458955223880597,0.9958333333333333,0.28725961538461536,1.0,99663,417,247281,115648,0,0.9507158655113664,0.9507483567186342
0.3597421445118133,0.4473438956197577,0.995850622406639,0.28846153846153844,1.0,100080,417,246864,115648,0,0.9507158655113664,0.9507483567186342
0.35938038994181754,0.44878957169459965,0.9958677685950413,0.28966346153846156,1.0,100497,417,246447,115648,0,0.9507158655113664,0.9507483567186342
0.3587228977822893,0.4502325581395349,0.9958847736625515,0.29086538461538464,1.0,100914,417,246030,115648,0,0.9507158655113664,0.9507483567186342
0.3586491647756621,0.4516728624535316,0.9959016393442623,0.2920673076923077,1.0,101331,417,245613,115648,0,0.9507158655113664,0.9507483567186342
0.35845992192939535,0.4531104921077066,0.9959183673469387,0.2932692307692308,1.0,101748,417,245196,115648,0,0.9507158655113664,0.9507483567186342
0.3582475092454067,0.45454545454545453,0.9959349593495935,0.29447115384615385,1.0,102165,417,244779,115648,0,0.9507158655113664,0.9507483567186342
0.3578479299422215,0.45597775718257644,0.9959514170040485,0.2956730769230769,1.0,102582,417,244362,115648,0,0.9507158655113664,0.9507483567186342
0.35744672919366405,0.45740740740740743,0.9959677419354839,0.296875,1.0,102999,417,243945,115648,0,0.9507158655113664,0.9507483567186342
0.3572475789776999,0.4588344125809436,0.9959839357429718,0.2980769230769231,1.0,103416,417,243528,115648,0,0.9507158655113664,0.9507483567186342
0.3570397675572713,0.4602587800369686,0.996,0.29927884615384615,1.0,103833,417,243111,115648,0,0.9507158655113664,0.9507483567186342
0.3569848147696356,0.4616805170821791,0.9960159362549801,0.3004807692307692,1.0,104250,417,242694,115648,0,0.9507158655113664,0.9507483567186342
0.3551865823517363,0.46309963099630996,0.996031746031746,0.3016826923076923,1.0,104667,417,242277,115648,0,0.9507158655113664,0.9507483567186342
0.35447076234420216,0.4645161290322581,0.9960474308300395,0.30288461538461536,1.0,105084,417,241860,115648,0,0.9507158655113664,0.9507483567186342
0.35438446721154837,0.46593001841620624,0.9960629921259843,0.30408653846153844,1.0,105501,417,241443,115648,0,0.9507158655113664,0.9507483567186342
0.35371288786839983,0.46734130634774607,0.996078431372549,0.30528846153846156,1.0,105918,417,241026,115648,0,0.9507158655113664,0.9507483567186342
0.35326778339456766,0.46875,0.99609375,0.30649038461538464,1.0,106335,417,240609,115648,0,0.9507158655113664,0.9507483567186342
0.3527081834490883,0.4701561065197429,0.9961089494163424,0.3076923076923077,1.0,106752,417,240192,115648,0,0.9507158655113664,0.9507483567186342
0.3526682606745386,0.47155963302752296,0.9961240310077519,0.3088942307692308,1.0,107169,417,239775,115648,0,0.9507158655113664,0.9507483567186342
0.35231081866221403,0.47296058661778184,0.9961389961389961,0.31009615384615385,1.0,107586,417,239358,115648,0,0.9507158655113664,0.9507483567186342
0.3522064497159074,0.47435897435897434,0.9961538461538462,0.3112980769230769,1.0,108003,417,238941,115648,0,0.9507158655113664,0.9507483567186342
0.3514491179733268,0.4757548032936871,0.9961685823754789,0.3125,1.0,108420,417,238524,115648,0,0.9507158655113664,0.9507483567186342
0.3511018782733596,0.47714808043875684,0.9961832061068703,0.3137019230769231,1.0,108837,417,238107,115648,0,0.9507158655113664,0.9507483567186342
0.3504076706354129,0.4785388127853881,0.9961977186311787,0.31490384615384615,1.0,109254,417,237690,115648,0,0.9507158655113664,0.9507483567186342
0.3492448998608425,0.47992700729927007,0.9962121212121212,0.3161057692307692,1.0,109671,417,237273,115648,0,0.9507158655113664,0.9507483567186342
0.34731621593152084,0.4813126709206928,0.9962264150943396,0.3173076923076923,1.0,110088,417,236856,115648,0,0.9507158655113664,0.9507483567186342
0.3472701430908207,0.48269581056466304,0.9962406015037594,0.31850961538461536,1.0,110505,417,236439,115648,0,0.9507158655113664,0.9507483567186342
0.34698484088374737,0.4840764331210191,0.9962546816479401,0.31971153846153844,1.0,110922,417,236022,115648,0,0.9507158655113664,0.9507483567186342
0.34656861216911383,0.48545454545454547,0.996268656716418,0.32091346153846156,1.0,111339,417,235605,115648,0,0.9507158655113664,0.9507483567186342
0.34591324293621795,0.4868301544050863,0.9962825278810409,0.32211538461538464,1.0,111756,417,235188,115648,0,0.9507158655113664,0.9507483567186342
0.34582874332331404,0.4882032667876588,0.9962962962962963,0.3233173076923077,1.0,112173,417,234771,115648,0,0.9507158655113664,0.9507483567186342
0.3455905347120555,0.48957388939256574,0.996309963099631,0.3245192307692308,1.0,112590,417,234354,115648,0,0.9507158655113664,0.9507483567186342
0.34480405346908105,0.49094202898550726,0.9963235294117647,0.32572115384615385,1.0,113007,417,233937,115648,0,0.9507158655113664,0.9507483567186342
0.34404793791261434,0.49230769230769234,0.9963369963369964,0.3269230769230769,1.0,113424,417,233520,115648,0,0.9507158655113664,0.9507483567186342
0.3438946592132216,0.4936708860759494,0.9963503649635036,0.328125,1.0,113841,417,233103,115648,0,0.9507158655113664,0.9507483567186342
0.34328370550126874,0.4950316169828365,0.9963636363636363,0.3293269230769231,1.0,114258,417,232686,115648,0,0.9507158655113664,0.9507483567186342
0.34250110199021155,0.4963898916967509,0.9963768115942029,0.33052884615384615,1.0,114675,417,232269,115648,0,0.9507158655113664,0.9507483567186342
0.3423653444165562,0.4977457168620379,0.9963898916967509,0.3317307692307692,1.0,115092,417,231852,115648,0,0.9507158655113664,0.9507483567186342
0.34220602794689514,0.4990990990990991,0.9964028776978417,0.3329326923076923,1.0,115509,417,231435,115648,0,0.9507158655113664,0.9507483567186342
0.3421403681066779,0.5004500450045004,0.996415770609319,0.33413461538461536,1.0,115926,417,231018,115648,0,0.9507158655113664,0.9507483567186342
0.3417813242349723,0.5017985611510791,0.9964285714285714,0.33533653846153844,1.0,116343,417,230601,115648,0,0.9507158655113664,0.9507483567186342
0.3405031634908222,0.5031446540880503,0.99644128113879,0.33653846153846156,1.0,116760,417,230184,115648,0,0.9507158655113664,0.9507483567186342
0.34028651360434437,0.5044883303411131,0.9964539007092199,0.33774038461538464,1.0,117177,417,229767,115648,0,0.9507158655113664,0.9507483567186342
0.3400052256875372,0.5058295964125561,0.9964664310954063,0.3389423076923077,1.0,117594,417,229350,115648,0,0.9507158655113664,0.9507483567186342
0.33994455365785914,0.507168458781362,0.9964788732394366,0.3401442307692308,1.0,118011,417,228933,115648,0,0.9507158655113664,0.9507483567186342
0.33976520029426105,0.5085049239033125,0.9964912280701754,0.34134615384615385,1.0,118428,417,228516,115648,0,0.9507158655113664,0.9507483567186342
0.3395608542220111,0.5098389982110912,0.9965034965034965,0.3425480769230769,1.0,118845,417,228099,115648,0,0.9507158655113664,0.9507483567186342
0.3391329649527375,0.5111706881143878,0.9965156794425087,0.34375,1.0,119262,417,227682,115648,0,0.9507158655113664,0.9507483567186342
0.3389889499314469,0.5125,0.9965277777777778,0.3449519230769231,1.0,119679,417,227265,115648,0,0.9507158655113664,0.9507483567186342
0.3376359235880687,0.5138269402319358,0.9965397923875432,0.34615384615384615,1.0,120096,417,226848,115648,0,0.9507158655113664,0.9507483567186342
0.337429757587164,0.5151515151515151,0.996551724137931,0.3473557692307692,1.0,120513,417,226431,115648,0,0.9507158655113664,0.9507483567186342
0.3364015621207913,0.5164737310774711,0.9965635738831615,0.3485576923076923,1.0,120930,417,226014,115648,0,0.9507158655113664,0.9507483567186342
0.33574754378208405,0.5177935943060499,0.9965753424657534,0.34975961538461536,1.0,121347,417,225597,115648,0,0.9507158655113664,0.9507483567186342
0.3348151840363983,0.5191111111111111,0.9965870307167235,0.35096153846153844,1.0,121764,417,225180,115648,0,0.9507158655113664,0.9507483567186342
0.3347147297133264,0.5204262877442274,0.9965986394557823,0.35216346153846156,1.0,122181,417,224763,115648,0,0.9507158655113664,0.9507483567186342
0.3346325225949147,0.5217391304347826,0.9966101694915255,0.35336538461538464,1.0,122598,417,224346,115648,0,0.9507158655113664,0.9507483567186342
0.33339324043589535,0.5230496453900709,0.9966216216216216,0.3545673076923077,1.0,123015,417,223929,115648,0,0.9507158655113664,0.9507483567186342
0.3331623823834109,0.5243578387953941,0.9966329966329966,0.3557692307692308,1.0,123432,417,223512,115648,0,0.9507158655113664,0.9507483567186342
0.3320310973151366,0.5256637168141592,0.9966442953020134,0.35697115384615385,1.0,123849,417,223095,115648,0,0.9507158655113664,0.9507483567186342
0.3314925739214881,0.5269672855879752,0.9966555183946488,0.3581730769230769,1.0,124266,417,222678,115648,0,0.9507158655113664,0.9507483567186342
0.33128434907892845,0.5282685512367491,0.9966666666666667,0.359375,1.0,124683,417,222261,115648,0,0.9507158655113664,0.9507483567186342
0.3311644379424098,0.529567519858782,0.9966777408637874,0.3605769230769231,1.0,125100,417,221844,115648,0,0.9507158655113664,0.9507483567186342
0.3301287039633498,0.5308641975308642,0.9966887417218543,0.36177884615384615,1.0,125517,417,221427,115648,0,0.9507158655113664,0.9507483567186342
0.3298238932465021,0.5321585903083701,0.9966996699669967,0.3629807692307692,1.0,125934,417,221010,115648,0,0.9507158655113664,0.9507483567186342
0.32980051824949225,0.5334507042253521,0.9967105263157895,0.3641826923076923,1.0,126351,417,220593,115648,0,0.9507158655113664,0.9507483567186342
0.32929670903384656,0.534740545294635,0.9967213114754099,0.36538461538461536,1.0,126768,417,220176,115648,0,0.9507158655113664,0.9507483567186342
0.3289536606934842,0.5360281195079086,0.9967320261437909,0.36658653846153844,1.0,127185,417,219759,115648,0,0.9507158655113664,0.9507483567186342
0.3283996302544304,0.5373134328358209,0.996742671009772,0.36778846153846156,1.0,127602,417,219342,115648,0,0.9507158655113664,0.9507483567186342
0.3283630589297889,0.5385964912280702,0.9967532467532467,0.36899038461538464,1.0,128019,417,218925,115648,0,0.9507158655113664,0.9507483567186342
0.3271749075440805,0.5398773006134969,0.9967637540453075,0.3701923076923077,1.0,128436,417,218508,115648,0,0.9507158655113664,0.9507483567186342
0.32695545184224983,0.5411558669001751,0.9967741935483871,0.3713942307692308,1.0,128853,417,218091,115648,0,0.9507158655113664,0.9507483567186342
0.32655379596046163,0.5424321959755031,0.9967845659163987,0.37259615384615385,1.0,129270,417,217674,115648,0,0.9507158655113664,0.9507483567186342
0.3258956345256808,0.5437062937062938,0.9967948717948718,0.3737980769230769,1.0,129687,417,217257,115648,0,0.9507158655113664,0.9507483567186342
0.3257537132480507,0.5449781659388646,0.9968051118210862,0.375,1.0,130104,417,216840,115648,0,0.9507158655113664,0.9507483567186342
0.32550122231391765,0.5462478184991274,0.9968152866242038,0.3762019230769231,1.0,130521,417,216423,115648,0,0.9507158655113664,0.9507483567186342
0.32352460066572697,0.5475152571926766,0.9968253968253968,0.37740384615384615,1.0,130938,417,216006,115648,0,0.9507158655113664,0.9507483567186342
0.32351549784198896,0.5487804878048781,0.9968354430379747,0.3786057692307692,1.0,131355,417,215589,115648,0,0.9507158655113664,0.9507483567186342
0.32323557749818144,0.5500435161009574,0.9968454258675079,0.3798076923076923,1.0,131772,417,215172,115648,0,0.9507158655113664,0.9507483567186342
0.3224468451010525,0.551304347826087,0.9968553459119497,0.38100961538461536,1.0,132189,417,214755,115648,0,0.9507158655113664,0.9507483567186342
0.32206184567995255,0.5525629887054735,0.9968652037617555,0.38221153846153844,1.0,132606,417,214338,115648,0,0.9507158655113664,0.9507483567186342
0.3203510648346307,0.5538194444444444,0.996875,0.38341346153846156,1.0,133023,417,213921,115648,0,0.9507158655113664,0.9507483567186342
0.32034730412867285,0.5550737207285342,0.9968847352024922,0.38461538461538464,1.0,133440,417,213504,115648,0,0.9507158655113664,0.9507483567186342
0.31944085289030566,0.5563258232235702,0.9968944099378882,0.3858173076923077,1.0,133857,417,213087,115648,0,0.9507158655113664,0.9507483567186342
0.3193686316314228,0.5575757575757576,0.9969040247678018,0.3870192307692308,1.0,134274,417,212670,115648,0,0.9507158655113664,0.9507483567186342
0.31796643672010483,0.5588235294117647,0.9969135802469136,0.38822115384615385,1.0,134691,417,212253,115648,0,0.9507158655113664,0.9507483567186342
0.3177651076355641,0.5600691443388073,0.9969230769230769,0.3894230769230769,1.0,135108,417,211836,115648,0,0.9507158655113664,0.9507483567186342
0.3170910432271552,0.5613126079447323,0.9969325153374233,0.390625,1.0,135525,417,211419,115648,0,0.9507158655113664,0.9507483567186342
0.31670790421489503,0.5625539257981018,0.9969418960244648,0.3918269230769231,1.0,135942,417,211002,115648,0,0.9507158655113664,0.9507483567186342
0.31633556081772485,0.5637931034482758,0.9969512195121951,0.39302884615384615,1.0,136359,417,210585,115648,0,0.9507158655113664,0.9507483567186342
0.31376022114172364,0.5650301464254953,0.9969604863221885,0.3942307692307692,1.0,136776,417,210168,115648,0,0.9507158655113664,0.9507483567186342
0.31296599467554254,0.5662650602409639,0.996969696969697,0.3954326923076923,1.0,137193,417,209751,115648,0,0.9507158655113664,0.9507483567186342
0.3128777938974061,0.5674978503869303,0.9969788519637462,0.39663461538461536,1.0,137610,417,209334,115648,0,0.9507158655113664,0.9507483567186342
0.3128404375772236,0.5687285223367697,0.9969879518072289,0.39783653846153844,1.0,138027,417,208917,115648,0,0.9507158655113664,0.9507483567186342
0.3128050084802052,0.5699570815450644,0.996996996996997,0.39903846153846156,1.0,138444,417,208500,115648,0,0.9507158655113664,0.9507483567186342
0.3127389549327916,0.5711835334476844,0.9970059880239521,0.40024038461538464,1.0,138861,417,208083,115648,0,0.9507158655113664,0.9507483567186342
0.3120947090269104,0.572407883461868,0.9970149253731343,0.4014423076923077,1.0,139278,417,207666,115648,0,0.9507158655113664,0.9507483567186342
0.3109653003211357,0.5736301369863014,0.9970238095238095,0.4026442307692308,1.0,139695,417,207249,115648,0,0.9507158655113664,0.9507483567186342
0.310923478277526,0.5748502994011976,0.9970326409495549,0.40384615384615385,1.0,140112,417,206832,115648,0,0.9507158655113664,0.9507483567186342
0.30976458399238305,0.576068376068376,0.9970414201183432,0.4050480769230769,1.0,140529,417,206415,115648,0,0.9507158655113664,0.9507483567186342
0.30944840582439703,0.5772843723313408,0.9970501474926253,0.40625,1.0,140946,417,205998,115648,0,0.9507158655113664,0.9507483567186342
0.30887447114933564,0.5784982935153583,0.9970588235294118,0.4074519230769231,1.0,141363,417,205581,115648,0,0.9507158655113664,0.9507483567186342
0.30812007244148565,0.5797101449275363,0.9970674486803519,0.40865384615384615,1.0,141780,417,205164,115648,0,0.9507158655113664,0.9507483567186342
0.3079923391414855,0.5809199318568995,0.9970760233918129,0.4098557692307692,1.0,142197,417,204747,115648,0,0.9507158655113664,0.9507483567186342
0.3077268111892142,0.5821276595744681,0.9970845481049563,0.4110576923076923,1.0,142614,417,204330,115648,0,0.9507158655113664,0.9507483567186342
0.3070810018832316,0.5833333333333334,0.997093023255814,0.41225961538461536,1.0,143031,417,203913,115648,0,0.9507158655113664,0.9507483567186342
0.3070546499771578,0.5845369583687341,0.9971014492753624,0.41346153846153844,1.0,143448,417,203496,115648,0,0.9507158655113664,0.9507483567186342
0.3069051867423145,0.5857385398981324,0.9971098265895953,0.41466346153846156,1.0,143865,417,203079,115648,0,0.9507158655113664,0.9507483567186342
0.306818475900803,0.5869380831212893,0.9971181556195965,0.41586538461538464,1.0,144282,417,202662,115648,0,0.9507158655113664,0.9507483567186342
0.30595881714526274,0.588135593220339,0.9971264367816092,0.4170673076923077,1.0,144699,417,202245,115648,0,0.9507158655113664,0.9507483567186342
0.3052479959946941,0.5893310753598645,0.997134670487106,0.4182692307692308,1.0,145116,417,201828,115648,0,0.9507158655113664,0.9507483567186342
0.30477200947560257,0.5905245346869712,0.9971428571428571,0.41947115384615385,1.0,145533,417,201411,115648,0,0.9507158655113664,0.9507483567186342
0.3033205311769307,0.591715976331361,0.9971509971509972,0.4206730769230769,1.0,145950,417,200994,115648,0,0.9507158655113664,0.9507483567186342
0.30278076621499816,0.5929054054054054,0.9971590909090909,0.421875,1.0,146367,417,200577,115648,0,0.9507158655113664,0.9507483567186342
0.3026869502152554,0.5940928270042194,0.9971671388101983,0.4230769230769231,1.0,146784,417,200160,115648,0,0.9507158655113664,0.9507483567186342
0.30235060644215556,0.5952782462057336,0.9971751412429378,0.42427884615384615,1.0,147201,417,199743,115648,0,0.9507158655113664,0.9507483567186342
0.3020518950844727,0.5964616680707666,0.9971830985915493,0.4254807692307692,1.0,147618,417,199326,115648,0,0.9507158655113664,0.9507483567186342
0.3018040351761735,0.5976430976430976,0.9971910112359551,0.4266826923076923,1.0,148035,417,198909,115648,0,0.9507158655113664,0.9507483567186342
0.30161304434790026,0.5988225399495374,0.9971988795518207,0.42788461538461536,1.0,148452,417,198492,115648,0,0.9507158655113664,0.9507483567186342
0.30104260878121636,0.6,0.9972067039106145,0.42908653846153844,1.0,148869,417,198075,115648,0,0.9507158655113664,0.9507483567186342
0.30013548019313174,0.6011754827875735,0.9972144846796658,0.43028846153846156,1.0,149286,417,197658,115648,0,0.9507158655113664,0.9507483567186342
0.29981724485907746,0.6023489932885906,0.9972222222222222,0.43149038461538464,1.0,149703,417,197241,115648,0,0.9507158655113664,0.9507483567186342
0.2986963627684902,0.6035205364626991,0.997229916897507,0.4326923076923077,1.0,150120,417,196824,115648,0,0.9507158655113664,0.9507483567186342
0.29751101365999655,0.6046901172529313,0.9972375690607734,0.4338942307692308,1.0,150537,417,196407,115648,0,0.9507158655113664,0.9507483567186342
0.2969661994609236,0.605857740585774,0.9972451790633609,0.43509615384615385,1.0,150954,417,195990,115648,0,0.9507158655113664,0.9507483567186342
0.2966118749409714,0.6070234113712375,0.9972527472527473,0.4362980769230769,1.0,151371,417,195573,115648,0,0.9507158655113664,0.9507483567186342
0.29653788356330935,0.6081871345029239,0.9972602739726028,0.4375,1.0,151788,417,195156,115648,0,0.9507158655113664,0.9507483567186342
0.29620235185045174,0.6093489148580968,0.9972677595628415,0.4387019230769231,1.0,152205,417,194739,115648,0,0.9507158655113664,0.9507483567186342
0.29609650637637075,0.6105087572977481,0.997275204359673,0.43990384615384615,1.0,152622,417,194322,115648,0,0.9507158655113664,0.9507483567186342
0.2960354889318959,0.6116666666666667,0.9972826086956522,0.4411057692307692,1.0,153039,417,193905,115648,0,0.9507158655113664,0.9507483567186342
0.2958644951639162,0.6128226477935054,0.997289972899729,0.4423076923076923,1.0,153456,417,193488,115648,0,0.9507158655113664,0.9507483567186342
0.29584618608814184,0.6139767054908486,0.9972972972972973,0.44350961538461536,1.0,153873,417,193071,115648,0,0.9507158655113664,0.9507483567186342
0.29523466844816804,0.6151288445552785,0.9973045822102425,0.44471153846153844,1.0,154290,417,192654,115648,0,0.9507158655113664,0.9507483567186342
0.294955173431128,0.6162790697674418,0.9973118279569892,0.44591346153846156,1.0,154707,417,192237,115648,0,0.9507158655113664,0.9507483567186342
0.2941647821923502,0.6174273858921162,0.9973190348525469,0.44711538461538464,1.0,155124,417,191820,115648,0,0.9507158655113664,0.9507483567186342
0.29363576143696324,0.6185737976782753,0.9973262032085561,0.4483173076923077,1.0,155541,417,191403,115648,0,0.9507158655113664,0.9507483567186342
0.2933376446938458,0.6197183098591549,0.9973333333333333,0.4495192307692308,1.0,155958,417,190986,115648,0,0.9507158655113664,0.9507483567186342
0.29330980544284113,0.6208609271523179,0.9973404255319149,0.45072115384615385,1.0,156375,417,190569,115648,0,0.9507158655113664,0.9507483567186342
0.2932539679899778,0.6220016542597188,0.9973474801061007,0.4519230769230769,1.0,156792,417,190152,115648,0,0.9507158655113664,0.9507483567186342
0.29311266852625906,0.6231404958677685,0.9973544973544973,0.453125,1.0,157209,417,189735,115648,0,0.9507158655113664,0.9507483567186342
0.29296823966154784,0.6242774566473989,0.9973614775725593,0.4543269230769231,1.0,157626,417,189318,115648,0,0.9507158655113664,0.9507483567186342
0.29231348621116315,0.6254125412541254,0.9973684210526316,0.45552884615384615,1.0,158043,417,188901,115648,0,0.9507158655113664,0.9507483567186342
0.29226912757123313,0.6265457543281121,0.9973753280839895,0.4567307692307692,1.0,158460,417,188484,115648,0,0.9507158655113664,0.9507483567186342
0.2910652926667091,0.627677100494234,0.9973821989528796,0.4579326923076923,1.0,158877,417,188067,115648,0,0.9507158655113664,0.9507483567186342
0.29085164145962294,0.6288065843621399,0.9973890339425587,0.45913461538461536,1.0,159294,417,187650,115648,0,0.9507158655113664,0.9507483567186342
0.29075800728406875,0.6299342105263158,0.9973958333333334,0.46033653846153844,1.0,159711,417,187233,115648,0,0.9507158655113664,0.9507483567186342
0.2906236976145117,0.6310599835661462,0.9974025974025974,0.46153846153846156,1.0,160128,417,186816,115648,0,0.9507158655113664,0.9507483567186342
0.2902296323327259,0.632183908045977,0.9974093264248705,0.46274038461538464,1.0,160545,417,186399,115648,0,0.9507158655113664,0.9507483567186342
0.2883259849566573,0.6333059885151764,0.9974160206718347,0.4639423076923077,1.0,160962,417,185982,115648,0,0.9507158655113664,0.9507483567186342
0.2881562809039919,0.6344262295081967,0.9974226804123711,0.4651442307692308,1.0,161379,417,185565,115648,0,0.9507158655113664,0.9507483567186342
0.2874831153902473,0.6355446355446356,0.9974293059125964,0.46634615384615385,1.0,161796,417,185148,115648,0,0.9507158655113664,0.9507483567186342
0.28738031949120824,0.6366612111292962,0.9974358974358974,0.4675480769230769,1.0,162213,417,184731,115648,0,0.9507158655113664,0.9507483567186342
0.28595815492353605,0.6377759607522485,0.9974424552429667,0.46875,1.0,162630,417,184314,115648,0,0.9507158655113664,0.9507483567186342
0.28536106184662235,0.6388888888888888,0.9974489795918368,0.4699519230769231,1.0,163047,417,183897,115648,0,0.9507158655113664,0.9507483567186342
0.28525966274694126,0.64,0.9974554707379135,0.47115384615384615,1.0,163464,417,183480,115648,0,0.9507158655113664,0.9507483567186342
0.2845692069198826,0.6411092985318108,0.9974619289340102,0.4723557692307692,1.0,163881,417,183063,115648,0,0.9507158655113664,0.9507483567186342
0.2844435509945532,0.6422167889160554,0.9974683544303797,0.4735576923076923,1.0,164298,417,182646,115648,0,0.9507158655113664,0.9507483567186342
0.28349060599598236,0.6433224755700325,0.9974747474747475,0.47475961538461536,1.0,164715,417,182229,115648,0,0.9507158655113664,0.9507483567186342
0.28300275123778196,0.644426362896664,0.9974811083123426,0.47596153846153844,1.0,165132,417,181812,115648,0,0.9507158655113664,0.9507483567186342
0.28299110908747105,0.6455284552845528,0.9974874371859297,0.47716346153846156,1.0,165549,417,181395,115648,0,0.9507158655113664,0.9507483567186342
0.2828515707008775,0.6466287571080422,0.9974937343358395,0.47836538461538464,1.0,165966,417,180978,115648,0,0.9507158655113664,0.9507483567186342
0.28283083647849366,0.6477272727272727,0.9975,0.4795673076923077,1.0,166383,417,180561,115648,0,0.9507158655113664,0.9507483567186342
0.2828201835037637,0.64882400648824,0.9975062344139651,0.4807692307692308,1.0,166800,417,180144,115648,0,0.9507158655113664,0.9507483567186342
0.28184219699549273,0.6499189627228525,0.9975124378109452,0.48197115384615385,1.0,167217,417,179727,115648,0,0.9507158655113664,0.9507483567186342
0.28171955130239856,0.6510121457489878,0.9975186104218362,0.4831730769230769,1.0,167634,417,179310,115648,0,0.9507158655113664,0.9507483567186342
0.28139382687473624,0.6521035598705501,0.9975247524752475,0.484375,1.0,168051,417,178893,115648,0,0.9507158655113664,0.9507483567186342
0.2803058995722438,0.6531932093775262,0.9975308641975309,0.4855769230769231,1.0,168468,417,178476,115648,0,0.9507158655113664,0.9507483567186342
0.27952512445425615,0.654281098546042,0.9975369458128078,0.48677884615384615,1.0,168885,417,178059,115648,0,0.9507158655113664,0.9507483567186342
0.27932000564363557,0.655367231638418,0.9975429975429976,0.4879807692307692,1.0,169302,417,177642,115648,0,0.9507158655113664,0.9507483567186342
0.27892189126874867,0.6564516129032258,0.9975490196078431,0.4891826923076923,1.0,169719,417,177225,115648,0,0.9507158655113664,0.9507483567186342
0.278386958291972,0.6575342465753424,0.9975550122249389,0.49038461538461536,1.0,170136,417,176808,115648,0,0.9507158655113664,0.9507483567186342
0.27809533970133904,0.6586151368760065,0.9975609756097561,0.49158653846153844,1.0,170553,417,176391,115648,0,0.9507158655113664,0.9507483567186342
0.277812740465494,0.6596942880128721,0.9975669099756691,0.49278846153846156,1.0,170970,417,175974,115648,0,0.9507158655113664,0.9507483567186342
0.2777269278872597,0.6607717041800643,0.9975728155339806,0.49399038461538464,1.0,171387,417,175557,115648,0,0.9507158655113664,0.9507483567186342
0.2755501408707884,0.6602422355941475,0.9951631633956567,0.49399038461538464,0.9964028776978417,171387,833,175557,115232,416,0.9507158655113664,0.9507483567186342
0.27527669778477315,0.6613174846655285,0.9951748466435353,0.4951923076923077,0.9964028776978417,171804,833,175140,115232,416,0.9507158655113664,0.9507483567186342
0.274823540670177,0.6623910091961892,0.9951864735862794,0.4963942307692308,0.9964028776978417,172221,833,174723,115232,416,0.9507158655113664,0.9507483567186342
0.27436919089142875,0.663462813331668,0.9951980446299381,0.49759615384615385,0.9964028776978417,172638,833,174306,115232,416,0.9507158655113664,0.9507483567186342
0.27436281274052,0.664532901204227,0.9952095601766654,0.4987980769230769,0.9964028776978417,173055,833,173889,115232,416,0.9507158655113664,0.9507483567186342
0.274203878121068,0.6656012769329054,0.9952210206247669,0.5,0.9964028776978417,173472,833,173472,115232,416,0.9507158655113664,0.9507483567186342
0.2738271821602005,0.6666679446235714,0.9952324263687458,0.5012019230769231,0.9964028776978417,173889,833,173055,115232,416,0.9507158655113664,0.9507483567186342
0.27334885929172736,0.6677329083689758,0.9952437777993479,0.5024038461538461,0.9964028776978417,174306,833,172638,115232,416,0.9507158655113664,0.9507483567186342
0.2721724385847205,0.6687961722488038,0.9952550753036068,0.5036057692307693,0.9964028776978417,174723,833,172221,115232,416,0.9507158655113664,0.9507483567186342
0.2715629802596635,0.6698577403297272,0.9952663192648872,0.5048076923076923,0.9964028776978417,175140,833,171804,115232,416,0.9507158655113664,0.9507483567186342
0.2711688884292489,0.6709176166654565,0.9952775100629287,0.5060096153846154,0.9964028776978417,175557,833,171387,115232,416,0.9507158655113664,0.9507483567186342
0.27076218897835247,0.6719758052967918,0.9952886480738885,0.5072115384615384,0.9964028776978417,175974,833,170970,115232,416,0.9507158655113664,0.9507483567186342
0.27012630743096855,0.673032310251675,0.9952997336703833,0.5084134615384616,0.9964028776978417,176391,833,170553,115232,416,0.9507158655113664,0.9507483567186342
0.26982180502121067,0.6740871355452406,0.9953107672215311,0.5096153846153846,0.9964028776978417,176808,833,170136,115232,416,0.9507158655113664,0.9507483567186342
0.2690795274467064,0.675140285179866,0.9953217490929922,0.5108173076923077,0.9964028776978417,177225,833,169719,115232,416,0.9507158655113664,0.9507483567186342
0.2689271725522948,0.6761917631452231,0.9953326796470093,0.5120192307692307,0.9964028776978417,177642,833,169302,115232,416,0.9507158655113664,0.9507483567186342
0.26799145518177625,0.6772415734183281,0.995343559242448,0.5132211538461539,0.9964028776978417,178059,833,168885,115232,416,0.9507158655113664,0.9507483567186342
0.267918623771936,0.6782897199635917,0.9953543882348348,0.5144230769230769,0.9964028776978417,178476,833,168468,115232,416,0.9507158655113664,0.9507483567186342
0.2677236300101876,0.6793362067328688,0.9953651669763974,0.515625,0.9964028776978417,178893,833,168051,115232,416,0.9507158655113664,0.9507483567186342
0.2671115966412867,0.6803810376655087,0.9953758958161016,0.5168269230769231,0.9964028776978417,179310,833,167634,115232,416,0.9507158655113664,0.9507483567186342
0.2664898926605135,0.6814242166884042,0.9953865750996899,0.5180288461538461,0.9964028776978417,179727,833,167217,115232,416,0.9507158655113664,0.9507483567186342
0.26634232677309877,0.6824657477160408,0.9953972051697177,0.5192307692307693,0.9964028776978417,180144,833,166800,115232,416,0.9507158655113664,0.9507483567186342
0.26571695819724483,0.6835056346505457,0.9954077863655909,0.5204326923076923,0.9964028776978417,180561,833,166383,115232,416,0.9507158655113664,0.9507483567186342
0.26562334670051924,0.6845438813817364,0.9954183190236015,0.5216346153846154,0.9964028776978417,180978,833,165966,115232,416,0.9507158655113664,0.9507483567186342
0.26555980967781967,0.6855804917871694,0.9954288034769629,0.5228365384615384,0.9964028776978417,181395,833,165549,115232,416,0.9507158655113664,0.9507483567186342
0.2654187731941927,0.6866154697321886,0.995439240055846,0.5240384615384616,0.9964028776978417,181812,833,165132,115232,416,0.9507158655113664,0.9507483567186342
0.26500328490563274,0.6876488190699728,0.995449629087413,0.5252403846153846,0.9964028776978417,182229,833,164715,115232,416,0.9507158655113664,0.9507483567186342
0.2643424792853143,0.6886805436415842,0.9954599708958518,0.5264423076923077,0.9964028776978417,182646,833,164298,115232,416,0.9507158655113664,0.9507483567186342
0.26351863391146313,0.6897106472760154,0.99547026580241,0.5276442307692307,0.9964028776978417,183063,833,163881,115232,416,0.9507158655113664,0.9507483567186342
0.26112058761121915,0.6907391337902371,0.9954805141254279,0.5288461538461539,0.9964028776978417,183480,833,163464,115232,416,0.9507158655113664,0.9507483567186342
0.2600849590697345,0.6917660069892453,0.9954907161803713,0.5300480769230769,0.9964028776978417,183897,833,163047,115232,416,0.9507158655113664,0.9507483567186342
0.25989703199095493,0.6912251686744724,0.9932539725405896,0.5300480769230769,0.9928057553956835,183897,1249,163047,114816,832,0.9507158655113664,0.9507483567186342
0.25967141204289856,0.6922500549288554,0.9932691323162484,0.53125,0.9928057553956835,184314,1249,162630,114816,832,0.9507158655113664,0.9507483567186342
0.2594933295331532,0.6932733372863673,0.9932842241101194,0.5324519230769231,0.9928057553956835,184731,1249,162213,114816,832,0.9507158655113664,0.9507483567186342
0.2594648534197369,0.6942950195090946,0.9932992483784611,0.5336538461538461,0.9928057553956835,185148,1249,161796,114816,832,0.9507158655113664,0.9507483567186342
0.25873574153036505,0.6953151053473672,0.9933142055734581,0.5348557692307693,0.9928057553956835,185565,1249,161379,114816,832,0.9507158655113664,0.9507483567186342
0.25824375530670984,0.6963335985398044,0.9933290961432669,0.5360576923076923,0.9928057553956835,185982,1249,160962,114816,832,0.9507158655113664,0.9507483567186342
0.2567245004548242,0.6973505028133604,0.99334392053206,0.5372596153846154,0.9928057553956835,186399,1249,160545,114816,832,0.9507158655113664,0.9507483567186342
0.25643080075274116,0.6983658218833702,0.9933586791800707,0.5384615384615384,0.9928057553956835,186816,1249,160128,114816,832,0.9507158655113664,0.9507483567186342
0.2557036282633761,0.6978232245412522,0.9911662183456157,0.5384615384615384,0.9892086330935251,186816,1665,160128,114400,1248,0.9507158655113664,0.9507483567186342
0.2554973746555349,0.6988365973551905,0.9911857192770701,0.5396634615384616,0.9892086330935251,187233,1665,159711,114400,1248,0.9507158655113664,0.9507483567186342
0.2541181269018823,0.6998483941528254,0.9912051342999763,0.5408653846153846,0.9892086330935251,187650,1665,159294,114400,1248,0.9507158655113664,0.9507483567186342
0.25304827666379914,0.7008586186078751,0.9912244639807729,0.5420673076923077,0.9892086330935251,188067,1665,158877,114400,1248,0.9507158655113664,0.9507483567186342
0.25280275522638507,0.7018672743826488,0.9912437088809302,0.5432692307692307,0.9892086330935251,188484,1665,158460,114400,1248,0.9507158655113664,0.9507483567186342
0.25277666336128535,0.7028743651280907,0.9912628695570038,0.5444711538461539,0.9892086330935251,188901,1665,158043,114400,1248,0.9507158655113664,0.9507483567186342
0.2526346854610526,0.703879894483824,0.9912819465606887,0.5456730769230769,0.9892086330935251,189318,1665,157626,114400,1248,0.9507158655113664,0.9507483567186342
0.25202090986635783,0.7048838660781953,0.9913009404388715,0.546875,0.9892086330935251,189735,1665,157209,114400,1248,0.9507158655113664,0.9507483567186342
0.251652182601106,0.7058862835283177,0.9913198517336836,0.5480769230769231,0.9892086330935251,190152,1665,156792,114400,1248,0.9507158655113664,0.9507483567186342
0.25104493545570716,0.7068871504401144,0.9913386809825525,0.5492788461538461,0.9892086330935251,190569,1665,156375,114400,1248,0.9507158655113664,0.9507483567186342
0.25099728478551087,0.7078864704083618,0.9913574287182522,0.5504807692307693,0.9892086330935251,190986,1665,155958,114400,1248,0.9507158655113664,0.9507483567186342
0.25097682730419446,0.7088842470167329,0.9913760954689539,0.5516826923076923,0.9892086330935251,191403,1665,155541,114400,1248,0.9507158655113664,0.9507483567186342
0.25075662040245306,0.70988048383784,0.9913946817582758,0.5528846153846154,0.9892086330935251,191820,1665,155124,114400,1248,0.9507158655113664,0.9507483567186342
0.25054915530487,0.7108751844332768,0.9914131881053315,0.5540865384615384,0.9892086330935251,192237,1665,154707,114400,1248,0.9507158655113664,0.9507483567186342
0.25012346661036644,0.7118683523536617,0.9914316150247788,0.5552884615384616,0.9892086330935251,192654,1665,154290,114400,1248,0.9507158655113664,0.9507483567186342
0.2496751723466808,0.7128599911386797,0.9914499630268672,0.5564903846153846,0.9892086330935251,193071,1665,153873,114400,1248,0.9507158655113664,0.9507483567186342
0.2486812411956154,0.713850104317124,0.9914682326174847,0.5576923076923077,0.9892086330935251,193488,1665,153456,114400,1248,0.9507158655113664,0.9507483567186342
0.24704813246804103,0.7148386954069388,0.9914864242982052,0.5588942307692307,0.9892086330935251,193905,1665,153039,114400,1248,0.9507158655113664,0.9507483567186342
0.24686165775669067,0.71582576791526,0.9915045385663335,0.5600961538461539,0.9892086330935251,194322,1665,152622,114400,1248,0.9507158655113664,0.9507483567186342
0.24652413320931188,0.7168113253384572,0.9915225759149509,0.5612980769230769,0.9892086330935251,194739,1665,152205,114400,1248,0.9507158655113664,0.9507483567186342
0.24635946169016798,0.7177953711621748,0.99154053683296,0.5625,0.9892086330935251,195156,1665,151788,114400,1248,0.9507158655113664,0.9507483567186342
0.24618039500822841,0.7187779088613736,0.9915584218051289,0.5637019230769231,0.9892086330935251,195573,1665,151371,114400,1248,0.9507158655113664,0.9507483567186342
0.2459134154965379,0.7197589419003707,0.9915762313121348,0.5649038461538461,0.9892086330935251,195990,1665,150954,114400,1248,0.9507158655113664,0.9507483567186342
0.2456525536256381,0.7207384737328812,0.9915939658306071,0.5661057692307693,0.9892086330935251,196407,1665,150537,114400,1248,0.9507158655113664,0.9507483567186342
0.24515451133145083,0.7217165078020582,0.9916116258331696,0.5673076923076923,0.9892086330935251,196824,1665,150120,114400,1248,0.9507158655113664,0.9507483567186342
0.24402851183727658,0.7226930475405331,0.991629211788483,0.5685096153846154,0.9892086330935251,197241,1665,149703,114400,1248,0.9507158655113664,0.9507483567186342
0.2436815321487178,0.7236680963704563,0.991646724161286,0.5697115384615384,0.9892086330935251,197658,1665,149286,114400,1248,0.9507158655113664,0.9507483567186342
0.2427676655222153,0.7246416577035363,0.9916641634124361,0.5709134615384616,0.9892086330935251,198075,1665,148869,114400,1248,0.9507158655113664,0.9507483567186342
0.24241876516369076,0.7256137349410804,0.9916815299989509,0.5721153846153846,0.9892086330935251,198492,1665,148452,114400,1248,0.9507158655113664,0.9507483567186342
0.2419849437849949,0.7265843314740338,0.9916988243740464,0.5733173076923077,0.9892086330935251,198909,1665,148035,114400,1248,0.9507158655113664,0.9507483567186342
0.2415416582533031,0.727553450683019,0.9917160469871785,0.5745192307692307,0.9892086330935251,199326,1665,147618,114400,1248,0.9507158655113664,0.9507483567186342
0.24131596488188722,0.7285210959383753,0.9917331982840801,0.5757211538461539,0.9892086330935251,199743,1665,147201,114400,1248,0.9507158655113664,0.9507483567186342
0.24128978180897864,0.7294872706001979,0.9917502787068004,0.5769230769230769,0.9892086330935251,200160,1665,146784,114400,1248,0.9507158655113664,0.9507483567186342
0.2408117898119696,0.7304519780183762,0.9917672886937431,0.578125,0.9892086330935251,200577,1665,146367,114400,1248,0.9507158655113664,0.9507483567186342
0.24043477804998914,0.7314152215326336,0.9917842286797034,0.5793269230769231,0.9892086330935251,200994,1665,145950,114400,1248,0.9507158655113664,0.9507483567186342
0.23831799163848272,0.7323770044725646,0.991801099095905,0.5805288461538461,0.9892086330935251,201411,1665,145533,114400,1248,0.9507158655113664,0.9507483567186342
0.23796882983185896,0.7333373301576748,0.9918179003700373,0.5817307692307693,0.9892086330935251,201828,1665,145116,114400,1248,0.9507158655113664,0.9507483567186342
0.23771345996748772,0.7342962018974175,0.991834632926291,0.5829326923076923,0.9892086330935251,202245,1665,144699,114400,1248,0.9507158655113664,0.9507483567186342
0.23737924195504334,0.735253622991233,0.991851297185394,0.5841346153846154,0.9892086330935251,202662,1665,144282,114400,1248,0.9507158655113664,0.9507483567186342
0.23737263883702409,0.7362095967285858,0.9918678935646466,0.5853365384615384,0.9892086330935251,203079,1665,143865,114400,1248,0.9507158655113664,0.9507483567186342
0.23733883674426093,0.7371641263890021,0.9918844224779564,0.5865384615384616,0.9892086330935251,203496,1665,143448,114400,1248,0.9507158655113664,0.9507483567186342
0.23683531492156884,0.738117215242108,0.9919008843358725,0.5877403846153846,0.9892086330935251,203913,1665,143031,114400,1248,0.9507158655113664,0.9507483567186342
0.23657782178134024,0.7390688665476662,0.99191727954562,0.5889423076923077,0.9892086330935251,204330,1665,142614,114400,1248,0.9507158655113664,0.9507483567186342
0.2357349453973464,0.7400190835556134,0.9919336085111331,0.5901442307692307,0.9892086330935251,204747,1665,142197,114400,1248,0.9507158655113664,0.9507483567186342
0.23557954135038905,0.7409678695060973,0.9919498716330882,0.5913461538461539,0.9892086330935251,205164,1665,141780,114400,1248,0.9507158655113664,0.9507483567186342
0.2352137861605217,0.7419152276295133,0.9919660693089372,0.5925480769230769,0.9892086330935251,205581,1665,141363,114400,1248,0.9507158655113664,0.9507483567186342
0.23477140295856147,0.7428611611465417,0.9919822019329394,0.59375,0.9892086330935251,205998,1665,140946,114400,1248,0.9507158655113664,0.9507483567186342
0.23454293113704638,0.743805673268183,0.9919982698961938,0.5949519230769231,0.9892086330935251,206415,1665,140529,114400,1248,0.9507158655113664,0.9507483567186342
0.23442609640533074,0.7447487671957957,0.9920142735866703,0.5961538461538461,0.9892086330935251,206832,1665,140112,114400,1248,0.9507158655113664,0.9507483567186342
0.23439432091087054,0.7456904461211317,0.9920302133892415,0.5973557692307693,0.9892086330935251,207249,1665,139695,114400,1248,0.9507158655113664,0.9507483567186342
0.233829282545032,0.7466307132263719,0.9920460896857131,0.5985576923076923,0.9892086330935251,207666,1665,139278,114400,1248,0.9507158655113664,0.9507483567186342
0.2338171960313713,0.7475695716841628,0.9920619028548544,0.5997596153846154,0.9892086330935251,208083,1665,138861,114400,1248,0.9507158655113664,0.9507483567186342
0.23372283936633664,0.7485070246576523,0.9920776532724288,0.6009615384615384,0.9892086330935251,208500,1665,138444,114400,1248,0.9507158655113664,0.9507483567186342
0.23350517828447115,0.7494430753005241,0.9920933413112232,0.6021634615384616,0.9892086330935251,208917,1665,138027,114400,1248,0.9507158655113664,0.9507483567186342
0.23346469779710244,0.7503777267570343,0.9921089673410775,0.6033653846153846,0.9892086330935251,209334,1665,137610,114400,1248,0.9507158655113664,0.9507483567186342
0.23324170656319532,0.751310982162046,0.9921245317289136,0.6045673076923077,0.9892086330935251,209751,1665,137193,114400,1248,0.9507158655113664,0.9507483567186342
0.23310479289090558,0.7522428446410643,0.9921400348387645,0.6057692307692307,0.9892086330935251,210168,1665,136776,114400,1248,0.9507158655113664,0.9507483567186342
0.23249071272000066,0.7531733173102716,0.9921554770318021,0.6069711538461539,0.9892086330935251,210585,1665,136359,114400,1248,0.9507158655113664,0.9507483567186342
0.23201461480943986,0.7541024032765618,0.9921708586663657,0.6081730769230769,0.9892086330935251,211002,1665,135942,114400,1248,0.9507158655113664,0.9507483567186342
0.2316410756857813,0.7550301056375752,0.9921861800979895,0.609375,0.9892086330935251,211419,1665,135525,114400,1248,0.9507158655113664,0.9507483567186342
0.23123814114152563,0.7559564274817333,0.99220144167943,0.6105769230769231,0.9892086330935251,211836,1665,135108,114400,1248,0.9507158655113664,0.9507483567186342
0.23123143486871478,0.756881371888272,0.9922166437606933,0.6117788461538461,0.9892086330935251,212253,1665,134691,114400,1248,0.9507158655113664,0.9507483567186342
0.23094134860868687,0.7578049419272768,0.9922317866890615,0.6129807692307693,0.9892086330935251,212670,1665,134274,114400,1248,0.9507158655113664,0.9507483567186342
0.23088165125304394,0.7587271406597162,0.9922468708091193,0.6141826923076923,0.9892086330935251,213087,1665,133857,114400,1248,0.9507158655113664,0.9507483567186342
0.23064281170863177,0.759647971137476,0.9922618964627804,0.6153846153846154,0.9892086330935251,213504,1665,133440,114400,1248,0.9507158655113664,0.9507483567186342
0.2301160122718291,0.7605674364033919,0.9922768639893128,0.6165865384615384,0.9892086330935251,213921,1665,133023,114400,1248,0.9507158655113664,0.9507483567186342
0.23007235314953633,0.7614855394912843,0.9922917737253649,0.6177884615384616,0.9892086330935251,214338,1665,132606,114400,1248,0.9507158655113664,0.9507483567186342
0.2297398724705254,0.762402283425991,0.9923066260049903,0.6189903846153846,0.9892086330935251,214755,1665,132189,114400,1248,0.9507158655113664,0.9507483567186342
0.22935951966040646,0.7633176712234006,0.9923214211596729,0.6201923076923077,0.9892086330935251,215172,1665,131772,114400,1248,0.9507158655113664,0.9507483567186342
0.22902468029004253,0.7642317058904853,0.9923361595183517,0.6213942307692307,0.9892086330935251,215589,1665,131355,114400,1248,0.9507158655113664,0.9507483567186342
0.22886351377357939,0.7651443904253341,0.9923508414074452,0.6225961538461539,0.9892086330935251,216006,1665,130938,114400,1248,0.9507158655113664,0.9507483567186342
0.22873353098949845,0.7660557278171856,0.9923654671508749,0.6237980769230769,0.9892086330935251,216423,1665,130521,114400,1248,0.9507158655113664,0.9507483567186342
0.22866366814014416,0.7669657210464604,0.9923800370700899,0.625,0.9892086330935251,216840,1665,130104,114400,1248,0.9507158655113664,0.9507483567186342
0.22804608980651242,0.7678743730847939,0.9923945514840902,0.6262019230769231,0.9892086330935251,217257,1665,129687,114400,1248,0.9507158655113664,0.9507483567186342
0.2272263783136741,0.7687816868950683,0.9924090107094498,0.6274038461538461,0.9892086330935251,217674,1665,129270,114400,1248,0.9507158655113664,0.9507483567186342
0.2269537693872663,0.7696876654314452,0.9924234150603396,0.6286057692307693,0.9892086330935251,218091,1665,128853,114400,1248,0.9507158655113664,0.9507483567186342
0.22694021644717344,0.7705923116393971,0.992437764848551,0.6298076923076923,0.9892086330935251,218508,1665,128436,114400,1248,0.9507158655113664,0.9507483567186342
0.22677832162752265,0.77149562845574,0.992452060383517,0.6310096153846154,0.9892086330935251,218925,1665,128019,114400,1248,0.9507158655113664,0.9507483567186342
0.22603334612820714,0.7723976188086649,0.9924663019723358,0.6322115384615384,0.9892086330935251,219342,1665,127602,114400,1248,0.9507158655113664,0.9507483567186342
0.22572305553446748,0.7732982856177688,0.9924804899197919,0.6334134615384616,0.9892086330935251,219759,1665,127185,114400,1248,0.9507158655113664,0.9507483567186342
0.22437555915024432,0.7741976317940874,0.9924946245283784,0.6346153846153846,0.9892086330935251,220176,1665,126768,114400,1248,0.9507158655113664,0.9507483567186342
0.224006948780491,0.7750956602401257,0.9925087060983182,0.6358173076923077,0.9892086330935251,220593,1665,126351,114400,1248,0.9507158655113664,0.9507483567186342
0.22357764293599258,0.7759923738498892,0.992522734927585,0.6370192307692307,0.9892086330935251,221010,1665,125934,114400,1248,0.9507158655113664,0.9507483567186342
0.22356124321781423,0.7768877755089152,0.9925367113119251,0.6382211538461539,0.9892086330935251,221427,1665,125517,114400,1248,0.9507158655113664,0.9507483567186342
0.2230713695593901,0.777781868094304,0.9925506355448774,0.6394230769230769,0.9892086330935251,221844,1665,125100,114400,1248,0.9507158655113664,0.9507483567186342
0.22239189313425312,0.778674654474749,0.9925645079177943,0.640625,0.9892086330935251,222261,1665,124683,114400,1248,0.9507158655113664,0.9507483567186342
0.2221546141248304,0.7795661375105682,0.992578328719862,0.6418269230769231,0.9892086330935251,222678,1665,124266,114400,1248,0.9507158655113664,0.9507483567186342
0.22071506658632145,0.7789988857851017,0.9907411939010229,0.6418269230769231,0.9856115107913669,222678,2081,124266,113984,1664,0.9507158655113664,0.9507483567186342
0.22039374789885824,0.7798888345102426,0.9907583401428216,0.6430288461538461,0.9856115107913669,223095,2081,123849,113984,1664,0.9507158655113664,0.9507483567186342
0.2196309376927068,0.7807774868698443,0.990775422996281,0.6442307692307693,0.9856115107913669,223512,2081,123432,113984,1664,0.9507158655113664,0.9507483567186342
0.21954958450002382,0.7816648456944187,0.990792442812265,0.6454326923076923,0.9856115107913669,223929,2081,123015,113984,1664,0.9507158655113664,0.9507483567186342
0.21946791053549808,0.7825509138062441,0.9908093999390533,0.6466346153846154,0.9856115107913669,224346,2081,122598,113984,1664,0.9507158655113664,0.9507483567186342
0.21946084857973736,0.783435694019394,0.9908262947223643,0.6478365384615384,0.9856115107913669,224763,2081,122181,113984,1664,0.9507158655113664,0.9507483567186342
0.21924918509862945,0.7843191891397672,0.9908431275053793,0.6490384615384616,0.9856115107913669,225180,2081,121764,113984,1664,0.9507158655113664,0.9507483567186342
0.21923065239460826,0.7852014019651179,0.9908598986287652,0.6502403846153846,0.9856115107913669,225597,2081,121347,113984,1664,0.9507158655113664,0.9507483567186342
0.21859962625113694,0.786082335285085,0.9908766084306977,0.6514423076923077,0.9856115107913669,226014,2081,120930,113984,1664,0.9507158655113664,0.9507483567186342
0.217566663306359,0.7869619918812212,0.9908932572468842,0.6526442307692307,0.9856115107913669,226431,2081,120513,113984,1664,0.9507158655113664,0.9507483567186342
0.21635044121418923,0.7878403745270225,0.9909098454105858,0.6538461538461539,0.9856115107913669,226848,2081,120096,113984,1664,0.9507158655113664,0.9507483567186342
0.21497140926348624,0.7887174859879574,0.9909263732526401,0.6550480769230769,0.9856115107913669,227265,2081,119679,113984,1664,0.9507158655113664,0.9507483567186342
0.21479019299987478,0.7895933290214961,0.9909428411014828,0.65625,0.9856115107913669,227682,2081,119262,113984,1664,0.9507158655113664,0.9507483567186342
0.2146022132989429,0.790467906377139,0.9909592492831697,0.6574519230769231,0.9856115107913669,228099,2081,118845,113984,1664,0.9507158655113664,0.9507483567186342
0.21450707558453486,0.7913412207964456,0.9909755981213979,0.6586538461538461,0.9856115107913669,228516,2081,118428,113984,1664,0.9507158655113664,0.9507483567186342
0.21407488752193582,0.7922132750130633,0.9909918879375276,0.6598557692307693,0.9856115107913669,228933,2081,118011,113984,1664,0.9507158655113664,0.9507483567186342
0.2139203869110543,0.7930840717527555,0.9910081190506026,0.6610576923076923,0.9856115107913669,229350,2081,117594,113984,1664,0.9507158655113664,0.9507483567186342
0.2127837155305854,0.793953613733431,0.9910242917773714,0.6622596153846154,0.9856115107913669,229767,2081,117177,113984,1664,0.9507158655113664,0.9507483567186342
0.21264567720889244,0.7948219036651709,0.991040406432308,0.6634615384615384,0.9856115107913669,230184,2081,116760,113984,1664,0.9507158655113664,0.9507483567186342
0.21123262458884096,0.7956889442502579,0.9910564633276318,0.6646634615384616,0.9856115107913669,230601,2081,116343,113984,1664,0.9507158655113664,0.9507483567186342
0.21085967940392158,0.7965547381832037,0.9910724627733281,0.6658653846153846,0.9856115107913669,231018,2081,115926,113984,1664,0.9507158655113664,0.9507483567186342
0.21064775051876994,0.797419288150777,0.9910884050771681,0.6670673076923077,0.9856115107913669,231435,2081,115509,113984,1664,0.9507158655113664,0.9507483567186342
0.2101636779889683,0.7982825968320316,0.9911042905447286,0.6682692307692307,0.9856115107913669,231852,2081,115092,113984,1664,0.9507158655113664,0.9507483567186342
0.21013616805872837,0.7991446668983337,0.9911201194794111,0.6694711538461539,0.9856115107913669,232269,2081,114675,113984,1664,0.9507158655113664,0.9507483567186342
0.20971036628692286,0.8000055010133899,0.9911358921824618,0.6706730769230769,0.9856115107913669,232686,2081,114258,113984,1664,0.9507158655113664,0.9507483567186342
0.20825268848518452,0.8008651018332738,0.99115160895299,0.671875,0.9856115107913669,233103,2081,113841,113984,1664,0.9507158655113664,0.9507483567186342
0.2074720861818432,0.8017234720064544,0.9911672700879878,0.6730769230769231,0.9856115107913669,233520,2081,113424,113984,1664,0.9507158655113664,0.9507483567186342
0.2066865217317414,0.8025806141738226,0.991182875882348,0.6742788461538461,0.9856115107913669,233937,2081,113007,113984,1664,0.9507158655113664,0.9507483567186342
0.20650089980124386,0.8034365309687185,0.9911984266288832,0.6754807692307693,0.9856115107913669,234354,2081,112590,113984,1664,0.9507158655113664,0.9507483567186342
0.20648351931523773,0.8042912250169579,0.991213922618344,0.6766826923076923,0.9856115107913669,234771,2081,112173,113984,1664,0.9507158655113664,0.9507483567186342
0.2055785519025265,0.8051446989368604,0.9912293641394366,0.6778846153846154,0.9856115107913669,235188,2081,111756,113984,1664,0.9507158655113664,0.9507483567186342
0.20523935301260765,0.8059969553392744,0.9912447514788418,0.6790865384615384,0.9856115107913669,235605,2081,111339,113984,1664,0.9507158655113664,0.9507483567186342
0.20513832386578346,0.8068479968276053,0.9912600849212315,0.6802884615384616,0.9856115107913669,236022,2081,110922,113984,1664,0.9507158655113664,0.9507483567186342
0.20512610592026304,0.807697825997841,0.9912753647492872,0.6814903846153846,0.9856115107913669,236439,2081,110505,113984,1664,0.9507158655113664,0.9507483567186342
0.20380820395886284,0.8085464454385788,0.991290591243717,0.6826923076923077,0.9856115107913669,236856,2081,110088,113984,1664,0.9507158655113664,0.9507483567186342
0.20378863347505483,0.8093938577310514,0.9913057646832725,0.6838942307692307,0.9856115107913669,237273,2081,109671,113984,1664,0.9507158655113664,0.9507483567186342
0.20366598199226016,0.8102400654491534,0.9913208853447665,0.6850961538461539,0.9856115107913669,237690,2081,109254,113984,1664,0.9507158655113664,0.9507483567186342
0.2029916439503624,0.8110850711594667,0.9913359535030892,0.6862980769230769,0.9856115107913669,238107,2081,108837,113984,1664,0.9507158655113664,0.9507483567186342
0.20289240886701643,0.8119288774212874,0.9913509694312255,0.6875,0.9856115107913669,238524,2081,108420,113984,1664,0.9507158655113664,0.9507483567186342
0.20173022899802062,0.8127714867866509,0.9913659334002705,0.6887019230769231,0.9856115107913669,238941,2081,108003,113984,1664,0.9507158655113664,0.9507483567186342
0.2011413770507542,0.813612901800358,0.991380845679447,0.6899038461538461,0.9856115107913669,239358,2081,107586,113984,1664,0.9507158655113664,0.9507483567186342
0.20082246784704305,0.814453125,0.9913957065361206,0.6911057692307693,0.9856115107913669,239775,2081,107169,113984,1664,0.9507158655113664,0.9507483567186342
0.20014366330077427,0.8152921589159852,0.9914105162358167,0.6923076923076923,0.9856115107913669,240192,2081,106752,113984,1664,0.9507158655113664,0.9507483567186342
0.19981724598712214,0.816130006071563,0.991425275042235,0.6935096153846154,0.9856115107913669,240609,2081,106335,113984,1664,0.9507158655113664,0.9507483567186342
0.198409427974776,0.8169666689828506,0.9914399832172665,0.6947115384615384,0.9856115107913669,241026,2081,105918,113984,1664,0.9507158655113664,0.9507483567186342
0.19740294303255312,0.817802150158857,0.9914546410210082,0.6959134615384616,0.9856115107913669,241443,2081,105501,113984,1664,0.9507158655113664,0.9507483567186342
0.19722351348429623,0.8186364521015087,0.9914692487117787,0.6971153846153846,0.9856115107913669,241860,2081,105084,113984,1664,0.9507158655113664,0.9507483567186342
0.1957215021714026,0.8194695773056746,0.9914838065461331,0.6983173076923077,0.9856115107913669,242277,2081,104667,113984,1664,0.9507158655113664,0.9507483567186342
0.19519058943607814,0.8203015282591906,0.9914983147788785,0.6995192307692307,0.9856115107913669,242694,2081,104250,113984,1664,0.9507158655113664,0.9507483567186342
0.1949344145809241,0.8211323074428848,0.9915127736630885,0.7007211538461539,0.9856115107913669,243111,2081,103833,113984,1664,0.9507158655113664,0.9507483567186342
0.1944832086551307,0.8219619173306016,0.9915271834501179,0.7019230769230769,0.9856115107913669,243528,2081,103416,113984,1664,0.9507158655113664,0.9507483567186342
0.1944096760126688,0.8227903603892271,0.9915415443896174,0.703125,0.9856115107913669,243945,2081,102999,113984,1664,0.9507158655113664,0.9507483567186342
0.19428507236267956,0.8236176390787125,0.991555856729548,0.7043269230769231,0.9856115107913669,244362,2081,102582,113984,1664,0.9507158655113664,0.9507483567186342
0.1941902729509899,0.8244437558520994,0.9915701207161954,0.7055288461538461,0.9856115107913669,244779,2081,102165,113984,1664,0.9507158655113664,0.9507483567186342
0.19229423798999945,0.8252687131555432,0.9915843365941839,0.7067307692307693,0.9856115107913669,245196,2081,101748,113984,1664,0.9507158655113664,0.9507483567186342
0.1917162557549178,0.824691366329374,0.9899189722761644,0.7067307692307693,0.9820143884892086,245196,2497,101748,113568,2080,0.9507158655113664,0.9507483567186342
0.18940624785670723,0.8241148267465251,0.9882591925323144,0.7067307692307693,0.9784172661870504,245196,2913,101748,113152,2496,0.9507158655113664,0.9507483567186342
0.18939202418289514,0.8249382840445363,0.9882788923492914,0.7079326923076923,0.9784172661870504,245613,2913,101331,113152,2496,0.9507158655113664,0.9507483567186342
0.18915241581454767,0.8243609946181071,0.9866234439208975,0.7079326923076923,0.9784172661870504,245613,3330,101331,113152,2496,0.9507158655113664,0.9507483567186342
0.1889613325103029,0.8251831280689045,0.986645813282002,0.7091346153846154,0.9784172661870504,246030,3330,100914,113152,2496,0.9507158655113664,0.9507483567186342
0.18886024530617507,0.8260041124746741,0.9866681079522934,0.7103365384615384,0.9784172661870504,246447,3330,100497,113152,2496,0.9507158655113664,0.9507483567186342
0.18821709909150397,0.8268239502426574,0.9866903283052352,0.7115384615384616,0.9784172661870504,246864,3330,100080,113152,2496,0.9507158655113664,0.9507483567186342
0.18754302597214556,0.8276426437733765,0.9867124747118043,0.7127403846153846,0.9784172661870504,247281,3330,99663,113152,2496,0.9507158655113664,0.9507483567186342
0.18747491306825292,0.828460195460657,0.9867345475405134,0.7139423076923077,0.9784172661870504,247698,3330,99246,113152,2496,0.9507158655113664,0.9507483567186342
0.18700973276334265,0.8292766076916521,0.9867565471574301,0.7151442307692307,0.9784172661870504,248115,3330,98829,113152,2496,0.9507158655113664,0.9507483567186342
0.1860263192562066,0.8300918828468653,0.9867784739261977,0.7163461538461539,0.9784172661870504,248532,3330,98412,113152,2496,0.9507158655113664,0.9507483567186342
0.18597238054879317,0.8309060233001737,0.9868003282080554,0.7175480769230769,0.9784172661870504,248949,3330,97995,113152,2496,0.9507158655113664,0.9507483567186342
0.18577430378965187,0.8317190314188513,0.9868221103618577,0.71875,0.9784172661870504,249366,3330,97578,113152,2496,0.9507158655113664,0.9507483567186342
0.18547545582971248,0.8325309095635914,0.9868438207440945,0.7199519230769231,0.9784172661870504,249783,3330,97161,113152,2496,0.9507158655113664,0.9507483567186342
0.18467012014084028,0.8333416600885301,0.9868654597089102,0.7211538461538461,0.9784172661870504,250200,3330,96744,113152,2496,0.9507158655113664,0.9507483567186342
0.18285926027977506,0.8341512853412683,0.986887027608123,0.7223557692307693,0.9784172661870504,250617,3330,96327,113152,2496,0.9507158655113664,0.9507483567186342
0.18277222945905636,0.8349597876628949,0.986908524791244,0.7235576923076923,0.9784172661870504,251034,3330,95910,113152,2496,0.9507158655113664,0.9507483567186342
0.18174289041243763,0.8357671693880094,0.9869299516054965,0.7247596153846154,0.9784172661870504,251451,3330,95493,113152,2496,0.9507158655113664,0.9507483567186342
0.18165766021253515,0.8365734328447443,0.9869513083958338,0.7259615384615384,0.9784172661870504,251868,3330,95076,113152,2496,0.9507158655113664,0.9507483567186342
0.18152850534338616,0.8373785803547869,0.9869725955049586,0.7271634615384616,0.9784172661870504,252285,3330,94659,113152,2496,0.9507158655113664,0.9507483567186342
0.18078654348830447,0.8381826142334023,0.9869938132733408,0.7283653846153846,0.9784172661870504,252702,3330,94242,113152,2496,0.9507158655113664,0.9507483567186342
0.17954968709860697,0.8389855367894556,0.9870149620392359,0.7295673076923077,0.9784172661870504,253119,3330,93825,113152,2496,0.9507158655113664,0.9507483567186342
0.1785125847131579,0.8397873503254335,0.9870360421387027,0.7307692307692307,0.9784172661870504,253536,3330,93408,113152,2496,0.9507158655113664,0.9507483567186342
0.17774264424969932,0.8405880571374665,0.9870570539056215,0.7319711538461539,0.9784172661870504,253953,3330,92991,113152,2496,0.9507158655113664,0.9507483567186342
0.17698442227468303,0.8413876595153512,0.9870779976717113,0.7331730769230769,0.9784172661870504,254370,3330,92574,113152,2496,0.9507158655113664,0.9507483567186342
0.17677786421172892,0.8421861597425714,0.9870988737665477,0.734375,0.9784172661870504,254787,3330,92157,113152,2496,0.9507158655113664,0.9507483567186342
0.17592055945073426,0.8429835600963206,0.9871196825175799,0.7355769230769231,0.9784172661870504,255204,3330,91740,113152,2496,0.9507158655113664,0.9507483567186342
0.17492779679270698,0.8424047770732175,0.9855338868507434,0.7355769230769231,0.9748201438848921,255204,3746,91740,112736,2912,0.9507158655113664,0.9507483567186342
0.17466924163129527,0.8418267882766242,0.9839531781343738,0.7355769230769231,0.9712230215827338,255204,4162,91740,112320,3328,0.9507158655113664,0.9507483567186342
0.17458888731369138,0.8426227941067399,0.9839789362660374,0.7367788461538461,0.9712230215827338,255621,4162,91323,112320,3328,0.9507158655113664,0.9507483567186342
0.1745505206378174,0.8434177065078465,0.9840046118370485,0.7379807692307693,0.9712230215827338,256038,4162,90906,112320,3328,0.9507158655113664,0.9507483567186342
0.17449783988104584,0.8428402133122654,0.9824339257758541,0.7379807692307693,0.9676258992805755,256038,4578,90906,111904,3744,0.9507158655113664,0.9507483567186342
0.17438086895405625,0.8436338874661377,0.9824619875647906,0.7391826923076923,0.9676258992805755,256455,4578,90489,111904,3744,0.9507158655113664,0.9507483567186342
0.17396712793552238,0.8444264736338623,0.9824899598393574,0.7403846153846154,0.9676258992805755,256872,4578,90072,111904,3744,0.9507158655113664,0.9507483567186342
0.17261112566103887,0.8452179740510601,0.9825178430271856,0.7415865384615384,0.9676258992805755,257289,4578,89655,111904,3744,0.9507158655113664,0.9507483567186342
0.1725173396527412,0.8460083909472316,0.9825456375531866,0.7427884615384616,0.9676258992805755,257706,4578,89238,111904,3744,0.9507158655113664,0.9507483567186342
0.1723515063104717,0.8467977265457767,0.9825733438395743,0.7439903846153846,0.9676258992805755,258123,4578,88821,111904,3744,0.9507158655113664,0.9507483567186342
0.17178325410922168,0.8475859830640164,0.9826009623058856,0.7451923076923077,0.9676258992805755,258540,4578,88404,111904,3744,0.9507158655113664,0.9507483567186342
0.17132676329885743,0.8483731627132137,0.9826284933690023,0.7463942307692307,0.9676258992805755,258957,4578,87987,111904,3744,0.9507158655113664,0.9507483567186342
0.17087396568220725,0.8477954476628553,0.9810798216335608,0.7463942307692307,0.9640287769784173,258957,4994,87987,111488,4160,0.9507158655113664,0.9507483567186342
0.17058719683888057,0.8472185188880946,0.979536023785117,0.7463942307692307,0.960431654676259,258957,5410,87987,111072,4576,0.9507158655113664,0.9507483567186342
0.16996086613150152,0.8480043417989694,0.9795682518581184,0.7475961538461539,0.960431654676259,259374,5410,87570,111072,4576,0.9507158655113664,0.9507483567186342
0.16986163334690807,0.8487890940871853,0.9796003785807745,0.7487980769230769,0.960431654676259,259791,5410,87153,111072,4576,0.9507158655113664,0.9507483567186342
0.16957903413413178,0.8495727779392127,0.9796324044304227,0.75,0.960431654676259,260208,5410,86736,111072,4576,0.9507158655113664,0.9507483567186342
0.16936382512476944,0.850355395535573,0.9796643298814066,0.7512019230769231,0.960431654676259,260625,5410,86319,111072,4576,0.9507158655113664,0.9507483567186342
0.16871377627795148,0.8511369490508578,0.9796961554051011,0.7524038461538461,0.960431654676259,261042,5410,85902,111072,4576,0.9507158655113664,0.9507483567186342
0.1684752834072839,0.8519174406537496,0.9797278814699347,0.7536057692307693,0.960431654676259,261459,5410,85485,111072,4576,0.9507158655113664,0.9507483567186342
0.16841051534722873,0.8513404609681405,0.978203041697065,0.7536057692307693,0.9568345323741008,261459,5826,85485,110656,4992,0.9507158655113664,0.9507483567186342
0.16796160105038915,0.8507642622977492,0.9766829410424317,0.7536057692307693,0.9532374100719424,261459,6242,85485,110240,5408,0.9507158655113664,0.9507483567186342
0.16777363271819645,0.8515434216387942,0.9767192057228534,0.7548076923076923,0.9532374100719424,261876,6242,85068,110240,5408,0.9507158655113664,0.9507483567186342
0.16767826474414904,0.8523215251860746,0.9767553577745918,0.7560096153846154,0.9532374100719424,262293,6242,84651,110240,5408,0.9507158655113664,0.9507483567186342
0.16715271147749866,0.8530985750841051,0.9767913977215266,0.7572115384615384,0.9532374100719424,262710,6242,84234,110240,5408,0.9507158655113664,0.9507483567186342
0.16601574901960692,0.8538745734715965,0.9768273260842933,0.7584134615384616,0.9532374100719424,263127,6242,83817,110240,5408,0.9507158655113664,0.9507483567186342
0.16542334111073675,0.8546495224814749,0.9768631433803089,0.7596153846153846,0.9532374100719424,263544,6242,83400,110240,5408,0.9507158655113664,0.9507483567186342
0.16521809388641362,0.8540734283297632,0.9753591757277889,0.7596153846153846,0.9496402877697842,263544,6658,83400,109824,5824,0.9507158655113664,0.9507483567186342
0.16376680395781174,0.8548471977757734,0.9753971450637243,0.7608173076923077,0.9496402877697842,263961,6658,82983,109824,5824,0.9507158655113664,0.9507483567186342
0.16300534390360488,0.8556199229748536,0.9754349975648992,0.7620192307692307,0.9496402877697842,264378,6658,82566,109824,5824,0.9507158655113664,0.9507483567186342
0.16235216966171706,0.8563916060394859,0.9754727337697502,0.7632211538461539,0.9496402877697842,264795,6658,82149,109824,5824,0.9507158655113664,0.9507483567186342
0.16198759669519847,0.8571622490764592,0.9755103542134108,0.7644230769230769,0.9496402877697842,265212,6658,81732,109824,5824,0.9507158655113664,0.9507483567186342
0.1615962563021538,0.8579318541868867,0.9755478594277361,0.765625,0.9496402877697842,265629,6658,81315,109824,5824,0.9507158655113664,0.9507483567186342
0.16131200106470744,0.858700423466226,0.9755852499413283,0.7668269230769231,0.9496402877697842,266046,6658,80898,109824,5824,0.9507158655113664,0.9507483567186342
0.16126157950640818,0.859467959004298,0.975622526279561,0.7680288461538461,0.9496402877697842,266463,6658,80481,109824,5824,0.9507158655113664,0.9507483567186342
0.1607494776489089,0.8602344628853053,0.9756596889646045,0.7692307692307693,0.9496402877697842,266880,6658,80064,109824,5824,0.9507158655113664,0.9507483567186342
0.16056419906971375,0.8609999371878518,0.9756967385154496,0.7704326923076923,0.9496402877697842,267297,6658,79647,109824,5824,0.9507158655113664,0.9507483567186342
0.15994706009095339,0.8617643839849609,0.975733675447932,0.7716346153846154,0.9496402877697842,267714,6658,79230,109824,5824,0.9507158655113664,0.9507483567186342
0.15956938850061286,0.8625278053440947,0.9757705002747563,0.7728365384615384,0.9496402877697842,268131,6658,78813,109824,5824,0.9507158655113664,0.9507483567186342
0.1595257689433366,0.8632902033271719,0.9758072135055195,0.7740384615384616,0.9496402877697842,268548,6658,78396,109824,5824,0.9507158655113664,0.9507483567186342
0.15920534738663006,0.8640515799905873,0.9758438156467348,0.7752403846153846,0.9496402877697842,268965,6658,77979,109824,5824,0.9507158655113664,0.9507483567186342
0.15813509430011163,0.8648119373852298,0.9758803072018548,0.7764423076923077,0.9496402877697842,269382,6658,77562,109824,5824,0.9507158655113664,0.9507483567186342
0.15799221264493468,0.8655712775565005,0.9759166886712942,0.7776442307692307,0.9496402877697842,269799,6658,77145,109824,5824,0.9507158655113664,0.9507483567186342
0.15768184698431675,0.8663296025443319,0.9759529605524535,0.7788461538461539,0.9496402877697842,270216,6658,76728,109824,5824,0.9507158655113664,0.9507483567186342
0.15710212681864277,0.8670869143832051,0.9759891233397405,0.7800480769230769,0.9496402877697842,270633,6658,76311,109824,5824,0.9507158655113664,0.9507483567186342
0.15490404879553143,0.8678432151021689,0.9760251775245942,0.78125,0.9496402877697842,271050,6658,75894,109824,5824,0.9507158655113664,0.9507483567186342
0.15450356145793975,0.8685985067248576,0.9760611235955056,0.7824519230769231,0.9496402877697842,271467,6658,75477,109824,5824,0.9507158655113664,0.9507483567186342
0.15423384965271825,0.8693527912695088,0.976096962038041,0.7836538461538461,0.9496402877697842,271884,6658,75060,109824,5824,0.9507158655113664,0.9507483567186342
0.15387287962510288,0.8701060707489818,0.9761326933348629,0.7848557692307693,0.9496402877697842,272301,6658,74643,109824,5824,0.9507158655113664,0.9507483567186342
0.1534003173310624,0.8708583471707754,0.9761683179657522,0.7860576923076923,0.9496402877697842,272718,6658,74226,109824,5824,0.9507158655113664,0.9507483567186342
0.15320552178676317,0.871609622537045,0.97620383640763,0.7872596153846154,0.9496402877697842,273135,6658,73809,109824,5824,0.9507158655113664,0.9507483567186342
0.15224517547167826,0.872359898844622,0.9762392491345776,0.7884615384615384,0.9496402877697842,273552,6658,73392,109824,5824,0.9507158655113664,0.9507483567186342
0.15044493622810307,0.8731091780850294,0.9762745566178593,0.7896634615384616,0.9496402877697842,273969,6658,72975,109824,5824,0.9507158655113664,0.9507483567186342
0.14995867599196755,0.8738574622445014,0.9763097593259419,0.7908653846153846,0.9496402877697842,274386,6658,72558,109824,5824,0.9507158655113664,0.9507483567186342
0.1495384339834276,0.8746047533039998,0.976344857724516,0.7920673076923077,0.9496402877697842,274803,6658,72141,109824,5824,0.9507158655113664,0.9507483567186342
0.14890209540816024,0.8753510532392315,0.9763798522765168,0.7932692307692307,0.9496402877697842,275220,6658,71724,109824,5824,0.9507158655113664,0.9507483567186342
0.14859066939481935,0.8760963640206663,0.9764147434421439,0.7944711538461539,0.9496402877697842,275637,6658,71307,109824,5824,0.9507158655113664,0.9507483567186342
0.14849476261501082,0.876840687613554,0.9764495316788817,0.7956730769230769,0.9496402877697842,276054,6658,70890,109824,5824,0.9507158655113664,0.9507483567186342
0.14832201221361258,0.8762603698301625,0.9750113905675505,0.7956730769230769,0.9496402877697842,276054,7075,70890,109824,5824,0.9507158655113664,0.9507483567186342
0.147836248853348,0.877003600374312,0.9750481403370176,0.796875,0.9496402877697842,276471,7075,70473,109824,5824,0.9507158655113664,0.9507483567186342
0.14743576770276345,0.8777458484372499,0.9750847821723253,0.7980769230769231,0.9496402877697842,276888,7075,70056,109824,5824,0.9507158655113664,0.9507483567186342
0.14658030710242365,0.8771674721180759,0.9736583924973363,0.7980769230769231,0.9460431654676259,276888,7491,70056,109408,6240,0.9507158655113664,0.9507483567186342
0.14618913966180813,0.8779086332985089,0.9736969620359837,0.7992788461538461,0.9460431654676259,277305,7491,69639,109408,6240,0.9507158655113664,0.9507483567186342
0.14607397401510502,0.8786488166705423,0.973735418792271,0.8004807692307693,0.9460431654676259,277722,7491,69222,109408,6240,0.9507158655113664,0.9507483567186342
0.1458024078965683,0.8793880241679234,0.9737737632601617,0.8016826923076923,0.9460431654676259,278139,7491,68805,109408,6240,0.9507158655113664,0.9507483567186342
0.14530549896080935,0.8801262577193041,0.9738119959307386,0.8028846153846154,0.9460431654676259,278556,7491,68388,109408,6240,0.9507158655113664,0.9507483567186342
0.14515425886473476,0.8795482209700871,0.9723978314825998,0.8028846153846154,0.9424460431654677,278556,7907,68388,108992,6656,0.9507158655113664,0.9507483567186342
0.14397008321804883,0.8802853789064472,0.9724379531511433,0.8040865384615384,0.9424460431654677,278973,7907,67971,108992,6656,0.9507158655113664,0.9507483567186342
0.14370912354388132,0.8810215675114034,0.9724779583497217,0.8052884615384616,0.9424460431654677,279390,7907,67554,108992,6656,0.9507158655113664,0.9507483567186342
0.14345267202531453,0.881756788695644,0.9725178475847543,0.8064903846153846,0.9424460431654677,279807,7907,67137,108992,6656,0.9507158655113664,0.9507483567186342
0.14320040614844376,0.8824910443648388,0.9725576213597288,0.8076923076923077,0.9424460431654677,280224,7907,66720,108992,6656,0.9507158655113664,0.9507483567186342
0.14271117528508637,0.8819119674205183,0.9711521133398949,0.8076923076923077,0.9424460431654677,280224,8324,66720,108992,6656,0.9507158655113664,0.9507483567186342
0.14264296454787884,0.8826451583481284,0.9711937431868911,0.8088942307692307,0.9424460431654677,280641,8324,66303,108992,6656,0.9507158655113664,0.9507483567186342
0.1419765398625945,0.8833773883198235,0.9712352530565135,0.8100961538461539,0.9424460431654677,281058,8324,65886,108992,6656,0.9507158655113664,0.9507483567186342
0.1411039286138298,0.88410865922358,0.9712766434666786,0.8112980769230769,0.9424460431654677,281475,8324,65469,108992,6656,0.9507158655113664,0.9507483567186342
0.14067466343558888,0.8848389729424321,0.9713179149323262,0.8125,0.9424460431654677,281892,8324,65052,108992,6656,0.9507158655113664,0.9507483567186342
0.14064206801541623,0.8855683313544874,0.9713590679654409,0.8137019230769231,0.9424460431654677,282309,8324,64635,108992,6656,0.9507158655113664,0.9507483567186342
0.14048163436752803,0.8862967363329436,0.971400103075073,0.8149038461538461,0.9424460431654677,282726,8324,64218,108992,6656,0.9507158655113664,0.9507483567186342
0.13963324621389617,0.887024189746104,0.9714410207673596,0.8161057692307693,0.9424460431654677,283143,8324,63801,108992,6656,0.9507158655113664,0.9507483567186342
0.13933358568385146,0.8877506934573939,0.9714818215455455,0.8173076923076923,0.9424460431654677,283560,8324,63384,108992,6656,0.9507158655113664,0.9507483567186342
0.13932249617518877,0.888476249325376,0.9715225059100038,0.8185096153846154,0.9424460431654677,283977,8324,62967,108992,6656,0.9507158655113664,0.9507483567186342
0.13915997514769696,0.889200859203767,0.9715630743582561,0.8197115384615384,0.9424460431654677,284394,8324,62550,108992,6656,0.9507158655113664,0.9507483567186342
0.1388519613995487,0.8899245249414526,0.9716035273849932,0.8209134615384616,0.9424460431654677,284811,8324,62133,108992,6656,0.9507158655113664,0.9507483567186342
0.13851229699355505,0.8906472483825035,0.9716438654820951,0.8221153846153846,0.9424460431654677,285228,8324,61716,108992,6656,0.9507158655113664,0.9507483567186342
0.13765366227245424,0.8913690313661917,0.9716840891386507,0.8233173076923077,0.9424460431654677,285645,8324,61299,108992,6656,0.9507158655113664,0.9507483567186342
0.13727287723641945,0.8920898757270048,0.9717241988409775,0.8245192307692307,0.9424460431654677,286062,8324,60882,108992,6656,0.9507158655113664,0.9507483567186342
0.13700063889734793,0.8928097832946629,0.9717641950726418,0.8257211538461539,0.9424460431654677,286479,8324,60465,108992,6656,0.9507158655113664,0.9507483567186342
0.13642401918807479,0.892231411650936,0.9703948594094554,0.8257211538461539,0.9388489208633094,286479,8740,60465,108576,7072,0.9507158655113664,0.9507483567186342
0.13639136270402974,0.8929502941268014,0.9704366180032202,0.8269230769230769,0.9388489208633094,286896,8740,60048,108576,7072,0.9507158655113664,0.9507483567186342
0.13632610318087313,0.8923725808558685,0.9690730006890681,0.8269230769230769,0.935251798561151,286896,9156,60048,108160,7488,0.9507158655113664,0.9507483567186342
0.13520619795655198,0.8930904411319013,0.9691165012193518,0.828125,0.935251798561151,287313,9156,59631,108160,7488,0.9507158655113664,0.9507483567186342
0.13371130910517703,0.8938073715111132,0.9691598795497262,0.8293269230769231,0.935251798561151,287730,9156,59214,108160,7488,0.9507158655113664,0.9507483567186342
0.13334122035117824,0.8945233737991795,0.9692031361943876,0.8305288461538461,0.935251798561151,288147,9156,58797,108160,7488,0.9507158655113664,0.9507483567186342
0.13242522733402007,0.8952384497971037,0.9692462716646514,0.8317307692307693,0.935251798561151,288564,9156,58380,108160,7488,0.9507158655113664,0.9507483567186342
0.13104111101742522,0.8959526013012319,0.9692892864689723,0.8329326923076923,0.935251798561151,288981,9156,57963,108160,7488,0.9507158655113664,0.9507483567186342
0.13047331391612593,0.8966658301032691,0.9693321811129645,0.8341346153846154,0.935251798561151,289398,9156,57546,108160,7488,0.9507158655113664,0.9507483567186342
0.1301646926616702,0.8973781379902929,0.969374956099421,0.8353365384615384,0.935251798561151,289815,9156,57129,108160,7488,0.9507158655113664,0.9507483567186342
0.1295916813586213,0.8980895267447689,0.9694176119283338,0.8365384615384616,0.935251798561151,290232,9156,56712,108160,7488,0.9507158655113664,0.9507483567186342
0.12944261308171867,0.8987999981445661,0.969460149096913,0.8377403846153846,0.935251798561151,290649,9156,56295,108160,7488,0.9507158655113664,0.9507483567186342
0.12925663780992902,0.8995095539629708,0.9695025680996063,0.8389423076923077,0.935251798561151,291066,9156,55878,108160,7488,0.9507158655113664,0.9507483567186342
0.12901584145260592,0.8989317182997675,0.9681610441793785,0.8389423076923077,0.9316546762589928,291066,9572,55878,107744,7904,0.9507158655113664,0.9507483567186342
0.12885198123307762,0.89964027722265,0.968205145239242,0.8401442307692307,0.9316546762589928,291483,9572,55461,107744,7904,0.9507158655113664,0.9507483567186342
0.12870793556194093,0.9003479247890244,0.9682491242967838,0.8413461538461539,0.9316546762589928,291900,9572,55044,107744,7904,0.9507158655113664,0.9507483567186342
0.12827761800522264,0.9010546627560558,0.9682929818575702,0.8425480769230769,0.9316546762589928,292317,9572,54627,107744,7904,0.9507158655113664,0.9507483567186342
0.12804204883628978,0.9017604928763958,0.968336718424378,0.84375,0.9316546762589928,292734,9572,54210,107744,7904,0.9507158655113664,0.9507483567186342
0.1276675891763026,0.9024654168981955,0.9683803344972136,0.8449519230769231,0.9316546762589928,293151,9572,53793,107744,7904,0.9507158655113664,0.9507483567186342
0.12692621702142393,0.9031694365651208,0.9684238305733325,0.8461538461538461,0.9316546762589928,293568,9572,53376,107744,7904,0.9507158655113664,0.9507483567186342
0.12651706746909896,0.9038725536163664,0.9684672071472573,0.8473557692307693,0.9316546762589928,293985,9572,52959,107744,7904,0.9507158655113664,0.9507483567186342
0.12568301564822765,0.9045747697866705,0.9685104647107976,0.8485576923076923,0.9316546762589928,294402,9572,52542,107744,7904,0.9507158655113664,0.9507483567186342
0.12537688666828484,0.9052760868063285,0.9685536037530676,0.8497596153846154,0.9316546762589928,294819,9572,52125,107744,7904,0.9507158655113664,0.9507483567186342
0.12484458320743896,0.9046982666693262,0.9672317236808866,0.8497596153846154,0.9280575539568345,294819,9988,52125,107328,8320,0.9507158655113664,0.9507483567186342
0.12476834953707039,0.9041211836845471,0.9659134468896512,0.8497596153846154,0.9244604316546763,294819,10404,52125,106912,8736,0.9507158655113664,0.9507483567186342
0.12474300938586702,0.9048214482733258,0.965959952885748,0.8509615384615384,0.9244604316546763,295236,10404,51708,106912,8736,0.9507158655113664,0.9507483567186342
0.12461167593029421,0.9055208184979808,0.9660063321538145,0.8521634615384616,0.9244604316546763,295653,10404,51291,106912,8736,0.9507158655113664,0.9507483567186342
0.12452164532732679,0.9062192960708153,0.9660525852111436,0.8533653846153846,0.9244604316546763,296070,10404,50874,106912,8736,0.9507158655113664,0.9507483567186342
0.12442324181003006,0.9069168826997637,0.9660987125722162,0.8545673076923077,0.9244604316546763,296487,10404,50457,106912,8736,0.9507158655113664,0.9507483567186342
0.12302218710609103,0.9076135800884063,0.9661447147487211,0.8557692307692307,0.9244604316546763,296904,10404,50040,106912,8736,0.9507158655113664,0.9507483567186342
0.12300212803012633,0.9083093899359829,0.9661905922495735,0.8569711538461539,0.9244604316546763,297321,10404,49623,106912,8736,0.9507158655113664,0.9507483567186342
0.12290673013011277,0.9090043139374067,0.9662363455809335,0.8581730769230769,0.9244604316546763,297738,10404,49206,106912,8736,0.9507158655113664,0.9507483567186342
0.12169850263689619,0.9096983537832779,0.9662819752462252,0.859375,0.9244604316546763,298155,10404,48789,106912,8736,0.9507158655113664,0.9507483567186342
0.12080735465247372,0.9103915111598976,0.966327481746155,0.8605769230769231,0.9244604316546763,298572,10404,48372,106912,8736,0.9507158655113664,0.9507483567186342
0.1205359420394796,0.9110837877492812,0.9663728655787299,0.8617788461538461,0.9244604316546763,298989,10404,47955,106912,8736,0.9507158655113664,0.9507483567186342
0.11998699126842194,0.9117751852291726,0.9664181272392757,0.8629807692307693,0.9244604316546763,299406,10404,47538,106912,8736,0.9507158655113664,0.9507483567186342
0.11979354836654199,0.9124657052730568,0.9664632672204547,0.8641826923076923,0.9244604316546763,299823,10404,47121,106912,8736,0.9507158655113664,0.9507483567186342
0.11826584592279565,0.9118884649483643,0.9651690203867462,0.8641826923076923,0.920863309352518,299823,10820,47121,106496,9152,0.9507158655113664,0.9507483567186342
0.11804635026406896,0.9125780390392764,0.9652157140101588,0.8653846153846154,0.920863309352518,300240,10820,46704,106496,9152,0.9507158655113664,0.9507483567186342
0.11770526468306808,0.9120014580359042,0.9639265946653995,0.8653846153846154,0.9172661870503597,300240,11236,46704,106080,9568,0.9507158655113664,0.9507483567186342
0.11736227123583509,0.911425605158188,0.9626409141625948,0.8653846153846154,0.9136690647482014,300240,11652,46704,105664,9984,0.9507158655113664,0.9507483567186342
0.11702744345224858,0.9121141655783136,0.962690796614891,0.8665865384615384,0.9136690647482014,300657,11652,46287,105664,9984,0.9507158655113664,0.9507483567186342
0.1162876322166958,0.9128018554731911,0.962740546037106,0.8677884615384616,0.9136690647482014,301074,11652,45870,105664,9984,0.9507158655113664,0.9507483567186342
0.1141593463155055,0.9122265886566296,0.9614615733437226,0.8677884615384616,0.9100719424460432,301074,12068,45870,105248,10400,0.9507158655113664,0.9507483567186342
0.1130365135750806,0.9116520464737426,0.9601859942977057,0.8677884615384616,0.9064748201438849,301074,12484,45870,104832,10816,0.9507158655113664,0.9507483567186342
0.11063611798397921,0.9123387283464388,0.9602388725216976,0.8689903846153846,0.9064748201438849,301491,12484,45453,104832,10816,0.9507158655113664,0.9507483567186342
0.10970142145576545,0.91302454425587,0.9602916104735489,0.8701923076923077,0.9064748201438849,301908,12484,45036,104832,10816,0.9507158655113664,0.9507483567186342
0.10952842383325945,0.913709495839082,0.9603442087106785,0.8713942307692307,0.9064748201438849,302325,12484,44619,104832,10816,0.9507158655113664,0.9507483567186342
0.10951020269028017,0.9131354684378157,0.9590768498691411,0.8713942307692307,0.9028776978417267,302325,12900,44619,104416,11232,0.9507158655113664,0.9507483567186342
0.10915884588418578,0.9125621618358399,0.9578128316663551,0.8713942307692307,0.8992805755395683,302325,13316,44619,104000,11648,0.9507158655113664,0.9507483567186342
0.10870544120458725,0.911988199130621,0.9565491144030526,0.8713942307692307,0.8992805755395683,302325,13733,44619,104000,11648,0.9507158655113664,0.9507483567186342
0.10677722577680937,0.9114163317847873,0.9552917459254157,0.8713942307692307,0.89568345323741,302325,14149,44619,103584,12064,0.9507158655113664,0.9507483567186342
0.1058146803202007,0.9121001453674482,0.9553505779589827,0.8725961538461539,0.89568345323741,302742,14149,44202,103584,12064,0.9507158655113664,0.9507483567186342
0.10576072631661321,0.9127831003896112,0.9554092553607221,0.8737980769230769,0.89568345323741,303159,14149,43785,103584,12064,0.9507158655113664,0.9507483567186342
0.1057177053232854,0.913465198467207,0.955467778739476,0.875,0.89568345323741,303576,14149,43368,103584,12064,0.9507158655113664,0.9507483567186342
0.10514732407146149,0.912893840636911,0.9542184125906438,0.875,0.8920863309352518,303576,14565,43368,103168,12480,0.9507158655113664,0.9507483567186342
0.10362432372950436,0.9135750155521697,0.9542783417776355,0.8762019230769231,0.8920863309352518,303993,14565,42951,103168,12480,0.9507158655113664,0.9507483567186342
0.10344076695560589,0.9142553373608502,0.9543381142722784,0.8774038461538461,0.8920863309352518,304410,14565,42534,103168,12480,0.9507158655113664,0.9507483567186342
0.10293650153453399,0.9136845580676386,0.9530951091295622,0.8774038461538461,0.8884892086330936,304410,14981,42534,102752,12896,0.9507158655113664,0.9507483567186342
0.10288522628454921,0.9143639614129392,0.9531562687612568,0.8786057692307693,0.8884892086330936,304827,14981,42117,102752,12896,0.9507158655113664,0.9507483567186342
0.10245067301112593,0.9137938270420644,0.9519180323773359,0.8786057692307693,0.8848920863309353,304827,15397,42117,102336,13312,0.9507158655113664,0.9507483567186342
0.10093190748297676,0.9132244032211677,0.950683008982036,0.8786057692307693,0.8812949640287769,304827,15813,42117,101920,13728,0.9507158655113664,0.9507483567186342
0.10091354768749428,0.9139028234987672,0.950747063605528,0.8798076923076923,0.8812949640287769,305244,15813,41700,101920,13728,0.9507158655113664,0.9507483567186342
0.10072875068851894,0.9145803972963026,0.95081095205211,0.8810096153846154,0.8812949640287769,305661,15813,41283,101920,13728,0.9507158655113664,0.9507483567186342
0.10064900910295038,0.9152571261970441,0.9508746749676132,0.8822115384615384,0.8812949640287769,306078,15813,40866,101920,13728,0.9507158655113664,0.9507483567186342
0.10062914302956893,0.9159330117803159,0.950938232994527,0.8834134615384616,0.8812949640287769,306495,15813,40449,101920,13728,0.9507158655113664,0.9507483567186342
0.09927188388482033,0.9166080556215085,0.9510016267720195,0.8846153846153846,0.8812949640287769,306912,15813,40032,101920,13728,0.9507158655113664,0.9507483567186342
0.0981891974811207,0.9160390099763462,0.9497773417795947,0.8846153846153846,0.8776978417266187,306912,16229,40032,101504,14144,0.9507158655113664,0.9507483567186342
0.09816019062968773,0.9167131492523513,0.9498420685008561,0.8858173076923077,0.8776978417266187,307329,16229,39615,101504,14144,0.9507158655113664,0.9507483567186342
0.09776087186794824,0.9173864505253242,0.9499066285978857,0.8870192307692307,0.8776978417266187,307746,16229,39198,101504,14144,0.9507158655113664,0.9507483567186342
0.09697428584465506,0.9180589153568407,0.9499710227132605,0.8882211538461539,0.8776978417266187,308163,16229,38781,101504,14144,0.9507158655113664,0.9507483567186342
0.09642674176300098,0.9174903833557623,0.9487543410260831,0.8882211538461539,0.8741007194244604,308163,16645,38781,101088,14560,0.9507158655113664,0.9507483567186342
0.09619857932426956,0.9169211909504902,0.9475378584057191,0.8882211538461539,0.8741007194244604,308163,17062,38781,101088,14560,0.9507158655113664,0.9507483567186342
0.09571375723272069,0.9175926944658378,0.947605038662089,0.8894230769230769,0.8741007194244604,308580,17062,38364,101088,14560,0.9507158655113664,0.9507483567186342
0.09448036272712457,0.9182633658393796,0.9476720470835033,0.890625,0.8741007194244604,308997,17062,37947,101088,14560,0.9507158655113664,0.9507483567186342
0.09430921801096859,0.917696114900233,0.9464645072363888,0.890625,0.8705035971223022,308997,17478,37947,100672,14976,0.9507158655113664,0.9507483567186342
0.09410254880169255,0.9183658931846919,0.946532799823795,0.8918269230769231,0.8705035971223022,309414,17478,37530,100672,14976,0.9507158655113664,0.9507483567186342
0.09144955585270748,0.9177992797944982,0.94532978112359,0.8918269230769231,0.8669064748201439,309414,17894,37530,100256,15392,0.9507158655113664,0.9507483567186342
0.09054311437106899,0.9172333651514523,0.9441298165529531,0.8918269230769231,0.8633093525179856,309414,18310,37530,99840,15808,0.9507158655113664,0.9507483567186342
0.09047003592421021,0.9166681479638089,0.9429328944962516,0.8918269230769231,0.8597122302158273,309414,18726,37530,99424,16224,0.9507158655113664,0.9507483567186342
0.08998547210484231,0.9173369099379571,0.9430053232772395,0.8930288461538461,0.8597122302158273,309831,18726,37113,99424,16224,0.9507158655113664,0.9507483567186342
0.0898756781489286,0.91677232559619,0.9418128539424208,0.8930288461538461,0.8561151079136691,309831,19142,37113,99008,16640,0.9507158655113664,0.9507483567186342
0.0887009348135337,0.9174401996646627,0.9418865175020492,0.8942307692307693,0.8561151079136691,310248,19142,36696,99008,16640,0.9507158655113664,0.9507483567186342
0.08835640127258537,0.9181072506726994,0.9419599947848287,0.8954326923076923,0.8561151079136691,310665,19142,36279,99008,16640,0.9507158655113664,0.9507483567186342
0.08742690585799451,0.9187734801408218,0.9420332864964388,0.8966346153846154,0.8561151079136691,311082,19142,35862,99008,16640,0.9507158655113664,0.9507483567186342
0.0867364110864205,0.918209402819429,0.9408480522622792,0.8966346153846154,0.8525179856115108,311082,19558,35862,98592,17056,0.9507158655113664,0.9507483567186342
0.0861450648129568,0.917646017699115,0.939665796723213,0.8966346153846154,0.8489208633093526,311082,19974,35862,98176,17472,0.9507158655113664,0.9507483567186342
0.08569328068907467,0.9170833235065211,0.9384865086643819,0.8966346153846154,0.8453237410071942,311082,20390,35862,97760,17888,0.9507158655113664,0.9507483567186342
0.08473505117448965,0.9177485478755453,0.9385637969321068,0.8978365384615384,0.8453237410071942,311499,20390,35445,97760,17888,0.9507158655113664,0.9507483567186342
0.08473313703133983,0.917186480951757,0.9373888445855464,0.8978365384615384,0.841726618705036,311499,20806,35445,97344,18304,0.9507158655113664,0.9507483567186342
0.08435554525001038,0.9166251020723445,0.9362168303172929,0.8978365384615384,0.8381294964028777,311499,21222,35445,96928,18720,0.9507158655113664,0.9507483567186342
0.08406909204176827,0.9172893856917254,0.9362966698485312,0.8990384615384616,0.8381294964028777,311916,21222,35028,96928,18720,0.9507158655113664,0.9507483567186342
0.08400982720819483,0.91672863109076,0.9351289446386493,0.8990384615384616,0.8345323741007195,311916,21638,35028,96512,19136,0.9507158655113664,0.9507483567186342
0.08249705746162928,0.9161672161723563,0.9339613319719376,0.8990384615384616,0.8345323741007195,311916,22055,35028,96512,19136,0.9507158655113664,0.9507483567186342
0.08223959860026175,0.9156078323164512,0.9327994210301238,0.8990384615384616,0.8309352517985612,311916,22471,35028,96096,19552,0.9507158655113664,0.9507483567186342
0.08127265013662377,0.9150491311292899,0.9316403974874777,0.8990384615384616,0.8273381294964028,311916,22887,35028,95680,19968,0.9507158655113664,0.9507483567186342
0.08074276186953455,0.9144911113619473,0.9304842505943876,0.8990384615384616,0.8237410071942446,311916,23303,35028,95264,20384,0.9507158655113664,0.9507483567186342
0.0806546937818301,0.9139337717685425,0.9293309696545354,0.8990384615384616,0.8201438848920863,311916,23719,35028,94848,20800,0.9507158655113664,0.9507483567186342
0.078470653767867,0.9145968644033055,0.9294186613976408,0.9002403846153846,0.8201438848920863,312333,23719,34611,94848,20800,0.9507158655113664,0.9507483567186342
0.07812095027829247,0.9152591478359352,0.9295061357807108,0.9014423076923077,0.8201438848920863,312750,23719,34194,94848,20800,0.9507158655113664,0.9507483567186342
0.07736960460382275,0.9147023598004764,0.9283583418674028,0.9014423076923077,0.8165467625899281,312750,24135,34194,94432,21216,0.9507158655113664,0.9507483567186342
0.07650747667215552,0.9141462487851574,0.9272133791480014,0.9014423076923077,0.8129496402877698,312750,24551,34194,94016,21632,0.9507158655113664,0.9507483567186342
0.07643425133528026,0.9148075984938554,0.9273032530099077,0.9026442307692307,0.8129496402877698,313167,24551,33777,94016,21632,0.9507158655113664,0.9507483567186342
0.07562626086452973,0.9142520997609032,0.9261624089857867,0.9026442307692307,0.8093525179856115,313167,24967,33777,93600,22048,0.9507158655113664,0.9507483567186342
0.07521255530677673,0.9136959423482302,0.9250216363265801,0.9026442307692307,0.8093525179856115,313167,25384,33777,93600,22048,0.9507158655113664,0.9507483567186342
0.07510562724070019,0.9131417924482914,0.9238863960208515,0.9026442307692307,0.8057553956834532,313167,25800,33777,93184,22464,0.9507158655113664,0.9507483567186342
0.07492743986279282,0.912588314316645,0.9227539387653477,0.9026442307692307,0.802158273381295,313167,26216,33777,92768,22880,0.9507158655113664,0.9507483567186342
0.07393131345027149,0.9132486050114744,0.9228487345497352,0.9038461538461539,0.802158273381295,313584,26216,33360,92768,22880,0.9507158655113664,0.9507483567186342
0.07262673843088013,0.9126957331625822,0.921720318856256,0.9038461538461539,0.7985611510791367,313584,26632,33360,92352,23296,0.9507158655113664,0.9507483567186342
0.07254874892800056,0.9133551587676726,0.921816148171199,0.9050480769230769,0.7985611510791367,314001,26632,32943,92352,23296,0.9507158655113664,0.9507483567186342
0.07171630015443398,0.914013785003939,0.9219117431461662,0.90625,0.7985611510791367,314418,26632,32526,92352,23296,0.9507158655113664,0.9507483567186342
0.07101725739861475,0.9134614546563821,0.9207885997434591,0.90625,0.7949640287769785,314418,27048,32526,91936,23712,0.9507158655113664,0.9507483567186342
0.07041405568451176,0.912909791442251,0.9196681896092804,0.90625,0.7913669064748201,314418,27464,32526,91520,24128,0.9507158655113664,0.9507483567186342
0.06964529719138735,0.9123587941535775,0.9185505027782809,0.90625,0.7877697841726619,314418,27880,32526,91104,24544,0.9507158655113664,0.9507483567186342
0.0694744705218917,0.9130164327587982,0.9186496068161591,0.9074519230769231,0.7877697841726619,314835,27880,32109,91104,24544,0.9507158655113664,0.9507483567186342
0.06937678331924363,0.9124660363004021,0.9175358682252551,0.9074519230769231,0.7841726618705036,314835,28296,32109,90688,24960,0.9507158655113664,0.9507483567186342
0.06936458256835143,0.9119163030365349,0.9164248268795827,0.9074519230769231,0.7805755395683454,314835,28712,32109,90272,25376,0.9507158655113664,0.9507483567186342
0.06879714595638464,0.911367231769254,0.9153164729927347,0.9074519230769231,0.7769784172661871,314835,29128,32109,89856,25792,0.9507158655113664,0.9507483567186342
0.06839387396622243,0.9120238846040352,0.9154190138800162,0.9086538461538461,0.7769784172661871,315252,29128,31692,89856,25792,0.9507158655113664,0.9507483567186342
0.0676656688134949,0.9126797457429876,0.9155213067399078,0.9098557692307693,0.7769784172661871,315669,29128,31275,89856,25792,0.9507158655113664,0.9507483567186342
0.0675726293277672,0.9133348166170152,0.9156233524712207,0.9110576923076923,0.7769784172661871,316086,29128,30858,89856,25792,0.9507158655113664,0.9507483567186342
0.06590595770794239,0.9127862149026674,0.9145213089141567,0.9110576923076923,0.7733812949640287,316086,29544,30858,89440,26208,0.9507158655113664,0.9507483567186342
0.0658080521532019,0.9134404342913545,0.9146243140382665,0.9122596153846154,0.7733812949640287,316503,29544,30441,89440,26208,0.9507158655113664,0.9507483567186342
0.0656022322503434,0.9128924282564208,0.9135261196722305,0.9122596153846154,0.7697841726618705,316503,29960,30441,89024,26624,0.9507158655113664,0.9507483567186342
0.06527852030873443,0.912343764412877,0.9124279289667897,0.9122596153846154,0.7697841726618705,316503,30377,30441,89024,26624,0.9507158655113664,0.9507483567186342
0.06473148129385442,0.9129970716221024,0.9125330768765638,0.9134615384615384,0.7697841726618705,316920,30377,30024,89024,26624,0.9507158655113664,0.9507483567186342
0.06453910056318057,0.9136495944767066,0.912637972586666,0.9146634615384616,0.7697841726618705,317337,30377,29607,89024,26624,0.9507158655113664,0.9507483567186342
0.06438492366575915,0.9131027775459879,0.9115474104501192,0.9146634615384616,0.7661870503597122,317337,30793,29607,88608,27040,0.9507158655113664,0.9507483567186342
0.06437851700951847,0.9137544554854052,0.9116532347144001,0.9158653846153846,0.7661870503597122,317754,30793,29190,88608,27040,0.9507158655113664,0.9507483567186342
0.0640673320521894,0.9144053524316432,0.9117588060659553,0.9170673076923077,0.7661870503597122,318171,30793,28773,88608,27040,0.9507158655113664,0.9507483567186342
0.06397459159893515,0.9150554697878146,0.9118641254103687,0.9182692307692307,0.7661870503597122,318588,30793,28356,88608,27040,0.9507158655113664,0.9507483567186342
0.061231862837913376,0.9157048089536729,0.9119691936489059,0.9194711538461539,0.7661870503597122,319005,30793,27939,88608,27040,0.9507158655113664,0.9507483567186342
0.061071833031115186,0.9151584002478634,0.9108859154688276,0.9194711538461539,0.762589928057554,319005,31209,27939,88192,27456,0.9507158655113664,0.9507483567186342
0.06089392741243105,0.915806902483604,0.9109918974648562,0.9206730769230769,0.762589928057554,319422,31209,27522,88192,27456,0.9507158655113664,0.9507483567186342
0.06076538127126063,0.9164546298524912,0.9110976276748479,0.921875,0.762589928057554,319839,31209,27105,88192,27456,0.9507158655113664,0.9507483567186342
0.06074988185485497,0.9159087524770622,0.9100192338333372,0.921875,0.7589928057553957,319839,31625,27105,87776,27872,0.9507158655113664,0.9507483567186342
0.06046282861843072,0.9153635250077272,0.9089433897919745,0.921875,0.7553956834532374,319839,32041,27105,87360,28288,0.9507158655113664,0.9507483567186342
0.06033342793476493,0.9160103598044165,0.9090511698935841,0.9230769230769231,0.7553956834532374,320256,32041,26688,87360,28288,0.9507158655113664,0.9507483567186342
0.06023267895705564,0.9154657210604625,0.9079790084289493,0.9230769230769231,0.7517985611510791,320256,32457,26688,86944,28704,0.9507158655113664,0.9507483567186342
0.05920840497096164,0.9149217295910569,0.9069093730619688,0.9230769230769231,0.7482014388489209,320256,32873,26688,86528,29120,0.9507158655113664,0.9507483567186342
0.05828283473113549,0.9143783842430074,0.905842254875617,0.9230769230769231,0.7446043165467626,320256,33289,26688,86112,29536,0.9507158655113664,0.9507483567186342
0.05796132887295702,0.9138356838658591,0.9047776449947875,0.9230769230769231,0.7410071942446043,320256,33705,26688,85696,29952,0.9507158655113664,0.9507483567186342
0.05749191509202212,0.9132936273118871,0.9037155345860481,0.9230769230769231,0.737410071942446,320256,34121,26688,85280,30368,0.9507158655113664,0.9507483567186342
0.0569320024402189,0.9139393904847678,0.9038287005980935,0.9242788461538461,0.737410071942446,320673,34121,26271,85280,30368,0.9507158655113664,0.9507483567186342
0.05609336663898973,0.9133979155569861,0.9027701922806227,0.9242788461538461,0.7338129496402878,320673,34537,26271,84864,30784,0.9507158655113664,0.9507483567186342
0.05528829945164637,0.9140428511851472,0.9028842017057197,0.9254807692307693,0.7338129496402878,321090,34537,25854,84864,30784,0.9507158655113664,0.9507483567186342
0.05501941635094876,0.9146870216845807,0.9029979440743279,0.9266826923076923,0.7338129496402878,321507,34537,25437,84864,30784,0.9507158655113664,0.9507483567186342
0.054768494422860636,0.9153304284160618,0.903111420323682,0.9278846153846154,0.7338129496402878,321924,34537,25020,84864,30784,0.9507158655113664,0.9507483567186342
0.05439263608421596,0.9159730727371409,0.9032246313866363,0.9290865384615384,0.7338129496402878,322341,34537,24603,84864,30784,0.9507158655113664,0.9507483567186342
0.05377180242799995,0.9154319988413008,0.9021730003862365,0.9290865384615384,0.7302158273381295,322341,34953,24603,84448,31200,0.9507158655113664,0.9507483567186342
0.053693110658135645,0.9160738233603678,0.902287041773946,0.9302884615384616,0.7302158273381295,322758,34953,24186,84448,31200,0.9507158655113664,0.9507483567186342
0.05345775976295242,0.9155333292675489,0.9012389459605112,0.9302884615384616,0.7266187050359713,322758,35369,24186,84032,31616,0.9507158655113664,0.9507483567186342
0.052062986626316254,0.9149934725941088,0.9001932822562426,0.9302884615384616,0.7230215827338129,322758,35785,24186,83616,32032,0.9507158655113664,0.9507483567186342
0.05166009690376927,0.9144542522131228,0.8991500422053772,0.9302884615384616,0.7194244604316546,322758,36201,24186,83200,32448,0.9507158655113664,0.9507483567186342
0.05098768953173649,0.9139156670003213,0.8981092173913043,0.9302884615384616,0.7158273381294964,322758,36617,24186,82784,32864,0.9507158655113664,0.9507483567186342
0.050867437611614774,0.9145564963437549,0.8982273091119314,0.9314903846153846,0.7158273381294964,323175,36617,23769,82784,32864,0.9507158655113664,0.9507483567186342
0.05069708923730909,0.9151965699077852,0.8983451274121412,0.9326923076923077,0.7158273381294964,323592,36617,23352,82784,32864,0.9507158655113664,0.9507483567186342
0.0505607493651391,0.9146572070607855,0.8973063506236378,0.9326923076923077,0.7158273381294964,323592,37034,23352,82784,32864,0.9507158655113664,0.9507483567186342
0.05041882821145327,0.9141197707299297,0.8962724558361631,0.9326923076923077,0.7122302158273381,323592,37450,23352,82368,33280,0.9507158655113664,0.9507483567186342
0.049727162983570494,0.9147589719411127,0.8963921219280748,0.9338942307692307,0.7122302158273381,324009,37450,22935,82368,33280,0.9507158655113664,0.9507483567186342
0.04951980073130158,0.915397421065997,0.8965115122307089,0.9350961538461539,0.7122302158273381,324426,37450,22518,82368,33280,0.9507158655113664,0.9507483567186342
0.04868287857851389,0.9148604977750706,0.895482097313769,0.9350961538461539,0.7086330935251799,324426,37866,22518,81952,33696,0.9507158655113664,0.9507483567186342
0.04833023631434025,0.9143242039760333,0.8944550437266341,0.9350961538461539,0.7050359712230215,324426,38282,22518,81536,34112,0.9507158655113664,0.9507483567186342
0.048228321261391816,0.9137885385625039,0.8934303433537855,0.9350961538461539,0.7014388489208633,324426,38698,22518,81120,34528,0.9507158655113664,0.9507483567186342
0.04812009553038599,0.9132535004306923,0.892407988116851,0.9350961538461539,0.697841726618705,324426,39114,22518,80704,34944,0.9507158655113664,0.9507483567186342
0.04775969194017049,0.9127190884793923,0.8913879699743925,0.9350961538461539,0.6942446043165468,324426,39530,22518,80288,35360,0.9507158655113664,0.9507483567186342
0.04761778508437964,0.9121853016099736,0.8903702809216955,0.9350961538461539,0.6906474820143885,324426,39946,22518,79872,35776,0.9507158655113664,0.9507483567186342
0.04693545618862527,0.9128226455707407,0.8904956015669332,0.9362980769230769,0.6906474820143885,324843,39946,22101,79872,35776,0.9507158655113664,0.9507483567186342
0.04677363236990151,0.9122894225787019,0.8894812502567051,0.9362980769230769,0.6870503597122302,324843,40362,22101,79456,36192,0.9507158655113664,0.9507483567186342
0.04556397362192666,0.9117555426444708,0.8884667771632998,0.9362980769230769,0.6870503597122302,324843,40779,22101,79456,36192,0.9507158655113664,0.9507483567186342
0.04475356671036895,0.9112235652512967,0.8874570399794557,0.9362980769230769,0.6834532374100719,324843,41195,22101,79040,36608,0.9507158655113664,0.9507483567186342
0.044460666203790966,0.9106922082764459,0.8864495953107348,0.9362980769230769,0.6798561151079137,324843,41611,22101,78624,37024,0.9507158655113664,0.9507483567186342
0.04435450700144933,0.9101614706352075,0.8854444353585739,0.9362980769230769,0.6762589928057554,324843,42027,22101,78208,37440,0.9507158655113664,0.9507483567186342
0.044350634610017536,0.9096313512453972,0.8844415523597414,0.9362980769230769,0.6726618705035972,324843,42443,22101,77792,37856,0.9507158655113664,0.9507483567186342
0.04434081986501015,0.9091018490273506,0.8834409385861377,0.9362980769230769,0.6690647482014388,324843,42859,22101,77376,38272,0.9507158655113664,0.9507483567186342
0.04370707099786508,0.9097380230832808,0.8835729750433963,0.9375,0.6690647482014388,325260,42859,21684,77376,38272,0.9507158655113664,0.9507483567186342
0.04324649602721903,0.9092090753187725,0.882575603402662,0.9375,0.6654676258992805,325260,43275,21684,76960,38688,0.9507158655113664,0.9507483567186342
0.04315085388053663,0.908680742287626,0.8815804808768644,0.9375,0.6618705035971223,325260,43691,21684,76544,39104,0.9507158655113664,0.9507483567186342
0.043082604267955515,0.9081530229188159,0.8805875998667991,0.9375,0.658273381294964,325260,44107,21684,76128,39520,0.9507158655113664,0.9507483567186342
0.04294015627686376,0.9076259161438037,0.8795969528074573,0.9375,0.6546762589928058,325260,44523,21684,75712,39936,0.9507158655113664,0.9507483567186342
0.042579752268966375,0.9082611023727453,0.8797325769854133,0.9387019230769231,0.6546762589928058,325677,44523,21267,75712,39936,0.9507158655113664,0.9507483567186342
0.04257707076098327,0.907734544846424,0.8787451162389104,0.9387019230769231,0.6510791366906474,325677,44939,21267,75296,40352,0.9507158655113664,0.9507483567186342
0.0423566894391213,0.9072085975018663,0.8777598697686453,0.9387019230769231,0.6474820143884892,325677,45355,21267,74880,40768,0.9507158655113664,0.9507483567186342
0.04234350086420935,0.9066832592790566,0.876776830135039,0.9387019230769231,0.6438848920863309,325677,45771,21267,74464,41184,0.9507158655113664,0.9507483567186342
0.041339208161713215,0.9061585291204327,0.8757959899318031,0.9387019230769231,0.6402877697841727,325677,46187,21267,74048,41600,0.9507158655113664,0.9507483567186342
0.041229369673679184,0.9056344059708797,0.8748173417857527,0.9387019230769231,0.6366906474820144,325677,46603,21267,73632,42016,0.9507158655113664,0.9507483567186342
0.04112859054239315,0.9051108887777222,0.873840878356623,0.9387019230769231,0.6330935251798561,325677,47019,21267,73216,42432,0.9507158655113664,0.9507483567186342
0.04092977155707389,0.9045879764907174,0.8728665923368855,0.9387019230769231,0.6294964028776978,325677,47435,21267,72800,42848,0.9507158655113664,0.9507483567186342
0.04090658930180302,0.9040656680620482,0.8718944764515646,0.9387019230769231,0.6258992805755396,325677,47851,21267,72384,43264,0.9507158655113664,0.9507483567186342
0.03986747712702843,0.9035439624463162,0.8709245234580579,0.9387019230769231,0.6223021582733813,325677,48267,21267,71968,43680,0.9507158655113664,0.9507483567186342
0.03800833120940372,0.9030228586005346,0.8699567261459558,0.9387019230769231,0.6187050359712231,325677,48683,21267,71552,44096,0.9507158655113664,0.9507483567186342
0.037796846191511746,0.9025023554841213,0.8689910773368625,0.9387019230769231,0.6151079136690647,325677,49099,21267,71136,44512,0.9507158655113664,0.9507483567186342
0.03752043288193585,0.903136108522344,0.8691366843198034,0.9399038461538461,0.6151079136690647,326094,49099,20850,71136,44512,0.9507158655113664,0.9507483567186342
0.036765846385288126,0.9026161402692952,0.8681740852854963,0.9399038461538461,0.6115107913669064,326094,49515,20850,70720,44928,0.9507158655113664,0.9507483567186342
0.03667391993453606,0.9020967704009439,0.8672136161159497,0.9399038461538461,0.6079136690647482,326094,49931,20850,70304,45344,0.9507158655113664,0.9507483567186342
0.03662205689763809,0.9015779978849437,0.8662552697501069,0.9399038461538461,0.60431654676259,326094,50347,20850,69888,45760,0.9507158655113664,0.9507483567186342
0.036141685503595755,0.9010598216913213,0.8652990391580891,0.9399038461538461,0.6007194244604317,326094,50763,20850,69472,46176,0.9507158655113664,0.9507483567186342
0.035654113910655316,0.9005422407924697,0.8643449173410236,0.9399038461538461,0.5971223021582733,326094,51179,20850,69056,46592,0.9507158655113664,0.9507483567186342
0.035455802599810016,0.9000252541631419,0.8633928973308728,0.9399038461538461,0.5935251798561151,326094,51595,20850,68640,47008,0.9507158655113664,0.9507483567186342
0.03516623119360818,0.8995088607804438,0.8624429721902646,0.9399038461538461,0.5899280575539568,326094,52011,20850,68224,47424,0.9507158655113664,0.9507483567186342
0.03511712621218743,0.8989930596238275,0.8614951350123243,0.9399038461538461,0.5863309352517986,326094,52427,20850,67808,47840,0.9507158655113664,0.9507483567186342
0.034699450535276566,0.8984778496750845,0.8605493789205065,0.9399038461538461,0.5827338129496403,326094,52843,20850,67392,48256,0.9507158655113664,0.9507483567186342
0.03352325280964219,0.8979632299183392,0.8596056970684297,0.9399038461538461,0.579136690647482,326094,53259,20850,66976,48672,0.9507158655113664,0.9507483567186342
0.03328087848321909,0.8974491993400421,0.85866408263971,0.9399038461538461,0.5755395683453237,326094,53675,20850,66560,49088,0.9507158655113664,0.9507483567186342
0.03318858906880995,0.8969357569289631,0.8577245288477978,0.9399038461538461,0.5719424460431655,326094,54091,20850,66144,49504,0.9507158655113664,0.9507483567186342
0.03313750862198772,0.8975679888281978,0.8578804105075644,0.9411057692307693,0.5719424460431655,326511,54091,20433,66144,49504,0.9507158655113664,0.9507483567186342
0.03279742799641627,0.8970550660611406,0.8569437664362314,0.9411057692307693,0.5683453237410072,326511,54507,20433,65728,49920,0.9507158655113664,0.9507483567186342
0.03227979088432742,0.8965427291873176,0.8560091654126271,0.9411057692307693,0.564748201438849,326511,54923,20433,65312,50336,0.9507158655113664,0.9507483567186342
0.03202459837940452,0.8960309772034347,0.8550766007594606,0.9411057692307693,0.5611510791366906,326511,55339,20433,64896,50752,0.9507158655113664,0.9507483567186342
0.03183225424516839,0.8955198091084873,0.8541460658285068,0.9411057692307693,0.5575539568345323,326511,55755,20433,64480,51168,0.9507158655113664,0.9507483567186342
0.031524792613783215,0.8950092239037535,0.8532175540004494,0.9411057692307693,0.5539568345323741,326511,56171,20433,64064,51584,0.9507158655113664,0.9507483567186342
0.031056221171849252,0.8956403937850236,0.8533773254432927,0.9423076923076923,0.5539568345323741,326928,56171,20016,64064,51584,0.9507158655113664,0.9507483567186342
0.030848230401737398,0.8951303221672948,0.8524516642113086,0.9423076923076923,0.5503597122302158,326928,56587,20016,63648,52000,0.9507158655113664,0.9507483567186342
0.030781039408642075,0.8946208311954849,0.8515280089391063,0.9423076923076923,0.5467625899280576,326928,57003,20016,63232,52416,0.9507158655113664,0.9507483567186342
0.030712396181677926,0.8941119198786803,0.8506063531132024,0.9423076923076923,0.5431654676258992,326928,57419,20016,62816,52832,0.9507158655113664,0.9507483567186342
0.030629876118492827,0.8936035872282211,0.8496866902482827,0.9423076923076923,0.539568345323741,326928,57835,20016,62400,53248,0.9507158655113664,0.9507483567186342
0.03038189655192014,0.8930958322576944,0.84876901388705,0.9423076923076923,0.5359712230215827,326928,58251,20016,61984,53664,0.9507158655113664,0.9507483567186342
0.03028830631864754,0.8925886539829279,0.8478533176000727,0.9423076923076923,0.5323741007194245,326928,58667,20016,61568,54080,0.9507158655113664,0.9507483567186342
0.030286374217236234,0.8920820514219836,0.8469395949856351,0.9423076923076923,0.5287769784172662,326928,59083,20016,61152,54496,0.9507158655113664,0.9507483567186342
0.029894174452731626,0.8915760235951518,0.8460278396695883,0.9423076923076923,0.5251798561151079,326928,59499,20016,60736,54912,0.9507158655113664,0.9507483567186342
0.02958591152061174,0.8910705695249439,0.8451180453052013,0.9423076923076923,0.5215827338129496,326928,59915,20016,60320,55328,0.9507158655113664,0.9507483567186342
0.02954057520242337,0.8917003993440515,0.845284821566906,0.9435096153846154,0.5215827338129496,327345,59915,19599,60320,55328,0.9507158655113664,0.9507483567186342
0.029417216226223064,0.8911954479867142,0.8443777793827836,0.9435096153846154,0.5179856115107914,327345,60331,19599,59904,55744,0.9507158655113664,0.9507483567186342
0.02838334542525811,0.8906910681925784,0.8434726817352587,0.9435096153846154,0.5143884892086331,327345,60747,19599,59488,56160,0.9507158655113664,0.9507483567186342
0.028019171475397786,0.8913200435649865,0.8436406878605129,0.9447115384615384,0.5143884892086331,327762,60747,19182,59488,56160,0.9507158655113664,0.9507483567186342
0.027866127980534117,0.8908161642901115,0.842738317156264,0.9447115384615384,0.5107913669064749,327762,61163,19182,59072,56576,0.9507158655113664,0.9507483567186342
0.02745859102960646,0.890312854397414,0.841837874767877,0.9447115384615384,0.5071942446043165,327762,61579,19182,58656,56992,0.9507158655113664,0.9507483567186342
0.027431955280181664,0.8898101129223389,0.8409393545208937,0.9447115384615384,0.5035971223021583,327762,61995,19182,58240,57408,0.9507158655113664,0.9507483567186342
0.027081798266433144,0.889307938902508,0.8400427502671892,0.9447115384615384,0.5,327762,62411,19182,57824,57824,0.9507158655113664,0.9507483567186342
0.02666893398452591,0.8888063313777146,0.8391480558848303,0.9447115384615384,0.49640287769784175,327762,62827,19182,57408,58240,0.9507158655113664,0.9507483567186342
0.02655347812559916,0.8883052893899172,0.8382552652779376,0.9447115384615384,0.49280575539568344,327762,63243,19182,56992,58656,0.9507158655113664,0.9507483567186342
0.02594550747206481,0.8878048119832332,0.8373643723765459,0.9447115384615384,0.4892086330935252,327762,63659,19182,56576,59072,0.9507158655113664,0.9507483567186342
0.025772803251469023,0.8873036971664171,0.8364732363885075,0.9447115384615384,0.4892086330935252,327762,64076,19182,56576,59072,0.9507158655113664,0.9507483567186342
0.025740857520819782,0.8879313960110877,0.8366470790684631,0.9459134615384616,0.4892086330935252,328179,64076,18765,56576,59072,0.9507158655113664,0.9507483567186342
0.025547801733996678,0.8874319747436166,0.8357607259003084,0.9459134615384616,0.4856115107913669,328179,64492,18765,56160,59488,0.9507158655113664,0.9507483567186342
0.025528970978352883,0.8869331149641029,0.8348762487693564,0.9459134615384616,0.48201438848920863,328179,64908,18765,55744,59904,0.9507158655113664,0.9507483567186342
0.025318237415436595,0.8875599636976533,0.8350512320078067,0.9471153846153846,0.48201438848920863,328596,64908,18348,55744,59904,0.9507158655113664,0.9507483567186342
0.025269107622274134,0.887061592950933,0.8341693744922827,0.9471153846153846,0.4784172661870504,328596,65324,18348,55328,60320,0.9507158655113664,0.9507483567186342
0.025099013060898345,0.8865637815670192,0.8332893775866266,0.9471153846153846,0.4748201438848921,328596,65740,18348,54912,60736,0.9507158655113664,0.9507483567186342
0.02505634849532945,0.8871897823504746,0.8334654834795429,0.9483173076923077,0.4748201438848921,329013,65740,17931,54912,60736,0.9507158655113664,0.9507483567186342
0.024873714121160462,0.8866912630673993,0.8325859756560468,0.9483173076923077,0.4748201438848921,329013,66157,17931,54912,60736,0.9507158655113664,0.9507483567186342
0.0247594347092156,0.8861944971920327,0.8317104245347409,0.9483173076923077,0.4712230215827338,329013,66573,17931,54496,61152,0.9507158655113664,0.9507483567186342
0.024692043935748365,0.8856982876279029,0.8308367129458942,0.9483173076923077,0.4676258992805755,329013,66989,17931,54080,61568,0.9507158655113664,0.9507483567186342
0.02456460342208666,0.8852026334410422,0.8299648350983053,0.9483173076923077,0.46402877697841727,329013,67405,17931,53664,61984,0.9507158655113664,0.9507483567186342
0.023717813295139112,0.8847075336995717,0.8290947852250563,0.9483173076923077,0.460431654676259,329013,67821,17931,53248,62400,0.9507158655113664,0.9507483567186342
0.023481506430425236,0.88533247334368,0.8292741868491206,0.9495192307692307,0.460431654676259,329430,67821,17514,53248,62400,0.9507158655113664,0.9507483567186342
0.023174586085443316,0.88483785493365,0.8284066819726053,0.9495192307692307,0.4568345323741007,329430,68237,17514,52832,62816,0.9507158655113664,0.9507483567186342
0.02287508042940012,0.8843437888828191,0.827540990195512,0.9495192307692307,0.45323741007194246,329430,68653,17514,52416,63232,0.9507158655113664,0.9507483567186342
0.022706867943564468,0.8838502742664429,0.8266771058396634,0.9495192307692307,0.44964028776978415,329430,69069,17514,52000,63648,0.9507158655113664,0.9507483567186342
0.022641770865044153,0.8833573101618403,0.8258150232505672,0.9495192307692307,0.4460431654676259,329430,69485,17514,51584,64064,0.9507158655113664,0.9507483567186342
0.022394834208536496,0.8839812616243856,0.8259969148477958,0.9507211538461539,0.4460431654676259,329847,69485,17097,51584,64064,0.9507158655113664,0.9507483567186342
0.022370495388841283,0.8834887744880084,0.8251373365220088,0.9507211538461539,0.44244604316546765,329847,69901,17097,51168,64480,0.9507158655113664,0.9507483567186342
0.022321649423851064,0.8829968357988404,0.8242795453863916,0.9507211538461539,0.43884892086330934,329847,70317,17097,50752,64896,0.9507158655113664,0.9507483567186342
0.022219525855491584,0.8825054446412423,0.8234235358729842,0.9507211538461539,0.4352517985611511,329847,70733,17097,50336,65312,0.9507158655113664,0.9507483567186342
0.02181216915291523,0.8820146001016125,0.822569302436932,0.9507211538461539,0.4316546762589928,329847,71149,17097,49920,65728,0.9507158655113664,0.9507483567186342
0.02173167164565143,0.8815243012683803,0.821716839556366,0.9507211538461539,0.42805755395683454,329847,71565,17097,49504,66144,0.9507158655113664,0.9507483567186342
0.021597942108582457,0.8821471928074329,0.8219018537736201,0.9519230769230769,0.42805755395683454,330264,71565,16680,49504,66144,0.9507158655113664,0.9507483567186342
0.021492786604265013,0.8816573654978918,0.8210518465114545,0.9519230769230769,0.4244604316546763,330264,71981,16680,49088,66560,0.9507158655113664,0.9507483567186342
0.0214810395261813,0.8811680818564444,0.8202035955804013,0.9519230769230769,0.420863309352518,330264,72397,16680,48672,66976,0.9507158655113664,0.9507483567186342
0.021397282401370177,0.8806793409784526,0.819357095542539,0.9519230769230769,0.4172661870503597,330264,72813,16680,48256,67392,0.9507158655113664,0.9507483567186342
0.02132203401063526,0.8801911419612839,0.8185123409823715,0.9519230769230769,0.4136690647482014,330264,73229,16680,47840,67808,0.9507158655113664,0.9507483567186342
0.02099801775779575,0.8808130475431974,0.8186997103315095,0.953125,0.4136690647482014,330681,73229,16263,47840,67808,0.9507158655113664,0.9507483567186342
0.020966308237018172,0.8803253157985811,0.8178573725162369,0.953125,0.41007194244604317,330681,73645,16263,47424,68224,0.9507158655113664,0.9507483567186342
0.020940260467366356,0.8798381238974785,0.8170167662362691,0.953125,0.4064748201438849,330681,74061,16263,47008,68640,0.9507158655113664,0.9507483567186342
0.02090045708546695,0.8793503017538821,0.8161758716948161,0.953125,0.4064748201438849,330681,74478,16263,47008,68640,0.9507158655113664,0.9507483567186342
0.02063405462894602,0.8788641881467445,0.8153387166368736,0.953125,0.4028776978417266,330681,74894,16263,46592,69056,0.9507158655113664,0.9507483567186342
0.02058162253268131,0.8783786116995491,0.8145032771662426,0.953125,0.39928057553956836,330681,75310,16263,46176,69472,0.9507158655113664,0.9507483567186342
0.020575317018824535,0.8778935715224377,0.813669548014675,0.953125,0.39568345323741005,330681,75726,16263,45760,69888,0.9507158655113664,0.9507483567186342
0.020018549128762386,0.8774090667275166,0.8128375239354707,0.953125,0.3920863309352518,330681,76142,16263,45344,70304,0.9507158655113664,0.9507483567186342
0.0199923170411338,0.8769250964288509,0.8120071997033683,0.953125,0.38848920863309355,330681,76558,16263,44928,70720,0.9507158655113664,0.9507483567186342
0.019902374649885868,0.8764416597424592,0.811178570114435,0.953125,0.38489208633093525,330681,76974,16263,44512,71136,0.9507158655113664,0.9507483567186342
0.019408578407632104,0.8759587557863089,0.8103516299859583,0.953125,0.381294964028777,330681,77390,16263,44096,71552,0.9507158655113664,0.9507483567186342
0.019174983593876926,0.875475224772051,0.8095243923934118,0.953125,0.381294964028777,330681,77807,16263,44096,71552,0.9507158655113664,0.9507483567186342
0.018993987473096552,0.8749933849133689,0.8087008197523134,0.953125,0.3776978417266187,330681,78223,16263,43680,71968,0.9507158655113664,0.9507483567186342
0.018901410826220655,0.8745109187916934,0.8078769474324552,0.953125,0.3776978417266187,330681,78640,16263,43680,71968,0.9507158655113664,0.9507483567186342
0.01888253115608235,0.874030139517181,0.8070567217507816,0.953125,0.37410071942446044,330681,79056,16263,43264,72384,0.9507158655113664,0.9507483567186342
0.018838394018661053,0.8735498885875919,0.8062381599061813,0.953125,0.37050359712230213,330681,79472,16263,42848,72800,0.9507158655113664,0.9507483567186342
0.0185761829874857,0.8730701651324796,0.8054212568411157,0.953125,0.3669064748201439,330681,79888,16263,42432,73216,0.9507158655113664,0.9507483567186342
0.01847024219514859,0.8725909682833088,0.8046060075185226,0.953125,0.36330935251798563,330681,80304,16263,42016,73632,0.9507158655113664,0.9507483567186342
0.01841220665113208,0.8721122971734501,0.8037924069217138,0.953125,0.3597122302158273,330681,80720,16263,41600,74048,0.9507158655113664,0.9507483567186342
0.018284738797652744,0.8716330021798667,0.8029785002112584,0.953125,0.3597122302158273,330681,81137,16263,41600,74048,0.9507158655113664,0.9507483567186342
0.018264947688808375,0.8711553812149456,0.8021681860302644,0.953125,0.35611510791366907,330681,81553,16263,41184,74464,0.9507158655113664,0.9507483567186342
0.018258888186275968,0.8717750906733194,0.8023681028278133,0.9543269230769231,0.35611510791366907,331098,81553,15846,41184,74464,0.9507158655113664,0.9507483567186342
0.017873711828744865,0.8712979154249083,0.8015600374757605,0.9543269230769231,0.35251798561151076,331098,81969,15846,40768,74880,0.9507158655113664,0.9507483567186342
0.017629889326869097,0.8708212622644909,0.8007535980923036,0.9543269230769231,0.3489208633093525,331098,82385,15846,40352,75296,0.9507158655113664,0.9507483567186342
0.017603953985871723,0.8703451303356934,0.799948779774776,0.9543269230769231,0.34532374100719426,331098,82801,15846,39936,75712,0.9507158655113664,0.9507483567186342
0.017446929580322124,0.8709639282242598,0.8001501269562363,0.9555288461538461,0.34532374100719426,331515,82801,15429,39936,75712,0.9507158655113664,0.9507483567186342
0.017342583636995812,0.8704882390937879,0.7993475304534012,0.9555288461538461,0.34172661870503596,331515,83217,15429,39520,76128,0.9507158655113664,0.9507483567186342
0.01681831154311375,0.8700130692882224,0.7985465424378776,0.9555288461538461,0.3381294964028777,331515,83633,15429,39104,76544,0.9507158655113664,0.9507483567186342
0.01671555446310613,0.8706310351746668,0.7987486915404329,0.9567307692307693,0.3381294964028777,331932,83633,15012,39104,76544,0.9507158655113664,0.9507483567186342
0.016232259252292103,0.870156306321067,0.7979499063659158,0.9567307692307693,0.3345323741007194,331932,84049,15012,38688,76960,0.9507158655113664,0.9507483567186342
0.016224296637823543,0.8707735196019608,0.7981522485698779,0.9579326923076923,0.3345323741007194,332349,84049,14595,38688,76960,0.9507158655113664,0.9507483567186342
0.015852562030348127,0.8702992309082196,0.7973556550403778,0.9579326923076923,0.33093525179856115,332349,84465,14595,38272,77376,0.9507158655113664,0.9507483567186342
0.01579374832932212,0.869825458599743,0.7965606500011984,0.9579326923076923,0.3273381294964029,332349,84881,14595,37856,77792,0.9507158655113664,0.9507483567186342
0.01573286076245589,0.8693522018336625,0.7957672287056502,0.9579326923076923,0.3237410071942446,332349,85297,14595,37440,78208,0.9507158655113664,0.9507483567186342
0.015666209887013505,0.868879459768943,0.7949753864259368,0.9579326923076923,0.32014388489208634,332349,85713,14595,37024,78624,0.9507158655113664,0.9507483567186342
0.015482284676618219,0.8684072315663778,0.7941851184530608,0.9579326923076923,0.31654676258992803,332349,86129,14595,36608,79040,0.9507158655113664,0.9507483567186342
0.015316267198423605,0.8690233848106456,0.7943900022678714,0.9591346153846154,0.31654676258992803,332766,86129,14178,36608,79040,0.9507158655113664,0.9507483567186342
0.014983365284051087,0.868551591833006,0.7936018849970546,0.9591346153846154,0.3129496402877698,332766,86545,14178,36192,79456,0.9507158655113664,0.9507483567186342
0.014893122004010939,0.8680803108504169,0.7928153299644769,0.9591346153846154,0.30935251798561153,332766,86961,14178,35776,79872,0.9507158655113664,0.9507483567186342
0.014741651416531942,0.8676095410298962,0.7920303325296387,0.9591346153846154,0.3057553956834532,332766,87377,14178,35360,80288,0.9507158655113664,0.9507483567186342
0.014718828931080508,0.8671392815402676,0.7912468880704016,0.9591346153846154,0.302158273381295,332766,87793,14178,34944,80704,0.9507158655113664,0.9507483567186342
0.014106795350458723,0.8666695315521559,0.7904649919828969,0.9591346153846154,0.29856115107913667,332766,88209,14178,34528,81120,0.9507158655113664,0.9507483567186342
0.014095608675511517,0.866199162866246,0.7896827656908532,0.9591346153846154,0.29856115107913667,332766,88626,14178,34528,81120,0.9507158655113664,0.9507483567186342
0.014086906930552257,0.8657304306200179,0.7889039563023935,0.9591346153846154,0.2949640287769784,332766,89042,14178,34112,81536,0.9507158655113664,0.9507483567186342
0.01401651295019779,0.8652622053959603,0.788126681571867,0.9591346153846154,0.29136690647482016,332766,89458,14178,33696,81952,0.9507158655113664,0.9507483567186342
0.013993453242402698,0.8647944863718581,0.787350936967632,0.9591346153846154,0.28776978417266186,332766,89874,14178,33280,82368,0.9507158655113664,0.9507483567186342
0.013829986131708938,0.8643272727272727,0.7865767179758708,0.9591346153846154,0.2841726618705036,332766,90290,14178,32864,82784,0.9507158655113664,0.9507483567186342
0.013423858993484639,0.8649419729834622,0.7867868789745746,0.9603365384615384,0.2841726618705036,333183,90290,13761,32864,82784,0.9507158655113664,0.9507483567186342
0.01328679069275629,0.8644751846379177,0.7860147349895845,0.9603365384615384,0.2805755395683453,333183,90706,13761,32448,83200,0.9507158655113664,0.9507483567186342
0.013166009661915612,0.8640088998494649,0.7852441050659313,0.9603365384615384,0.27697841726618705,333183,91122,13761,32032,83616,0.9507158655113664,0.9507483567186342
0.013033415257624914,0.8635431178037102,0.7844749847546978,0.9603365384615384,0.2733812949640288,333183,91538,13761,31616,84032,0.9507158655113664,0.9507483567186342
0.012436642916887286,0.8641569159752461,0.7846863841858408,0.9615384615384616,0.2733812949640288,333600,91538,13344,31616,84032,0.9507158655113664,0.9507483567186342
0.012174067833769453,0.8636915564829941,0.7839193145875729,0.9615384615384616,0.2697841726618705,333600,91954,13344,31200,84448,0.9507158655113664,0.9507483567186342
0.012159458938567957,0.8632266979249955,0.7831537432213537,0.9615384615384616,0.26618705035971224,333600,92370,13344,30784,84864,0.9507158655113664,0.9507483567186342
0.011912801804374984,0.8627623394928426,0.7823896657019695,0.9615384615384616,0.26258992805755393,333600,92786,13344,30368,85280,0.9507158655113664,0.9507483567186342
0.011629664599162814,0.8622984803798662,0.7816270776613043,0.9615384615384616,0.2589928057553957,333600,93202,13344,29952,85696,0.9507158655113664,0.9507483567186342
0.011623219982212385,0.861835119781131,0.780865974748255,0.9615384615384616,0.25539568345323743,333600,93618,13344,29536,86112,0.9507158655113664,0.9507483567186342
0.011553757612657978,0.861372256893431,0.7801063526286497,0.9615384615384616,0.2517985611510791,333600,94034,13344,29120,86528,0.9507158655113664,0.9507483567186342
0.011446229802922259,0.8609098909152845,0.7793482069851653,0.9615384615384616,0.24820143884892087,333600,94450,13344,28704,86944,0.9507158655113664,0.9507483567186342
0.011429268717457752,0.86044802104693,0.7785915335172452,0.9615384615384616,0.2446043165467626,333600,94866,13344,28288,87360,0.9507158655113664,0.9507483567186342
0.011357599052155443,0.8599866464903213,0.7778363279410188,0.9615384615384616,0.24100719424460432,333600,95282,13344,27872,87776,0.9507158655113664,0.9507483567186342
0.010882012515418649,0.8595257664491228,0.7770825859892196,0.9615384615384616,0.23741007194244604,333600,95698,13344,27456,88192,0.9507158655113664,0.9507483567186342
0.01079433595120749,0.8590653801287053,0.776330303411106,0.9615384615384616,0.23381294964028776,333600,96114,13344,27040,88608,0.9507158655113664,0.9507483567186342
0.010788811341696125,0.858605486736141,0.7755794759723804,0.9615384615384616,0.2302158273381295,333600,96530,13344,26624,89024,0.9507158655113664,0.9507483567186342
0.010689653878650729,0.8592176629697321,0.775796835188725,0.9627403846153846,0.2302158273381295,334017,96530,12927,26624,89024,0.9507158655113664,0.9507483567186342
0.010522842311940728,0.8598291828853798,0.7760137737722872,0.9639423076923077,0.2302158273381295,334434,96530,12510,26624,89024,0.9507158655113664,0.9507483567186342
0.01041760803122671,0.8593696198498312,0.7752654272335296,0.9639423076923077,0.22661870503597123,334434,96946,12510,26208,89440,0.9507158655113664,0.9507483567186342
0.009940779885718731,0.8589105478079976,0.7745185226356891,0.9639423076923077,0.22302158273381295,334434,97362,12510,25792,89856,0.9507158655113664,0.9507483567186342
0.009626822325287887,0.858451965973438,0.7737730558152018,0.9639423076923077,0.21942446043165467,334434,97778,12510,25376,90272,0.9507158655113664,0.9507483567186342
0.009541599565050296,0.8579938735613901,0.7730290226245181,0.9639423076923077,0.2158273381294964,334434,98194,12510,24960,90688,0.9507158655113664,0.9507483567186342
0.009502116686646023,0.8586044162161262,0.7732475839693335,0.9651442307692307,0.2158273381294964,334851,98194,12093,24960,90688,0.9507158655113664,0.9507483567186342
0.009477190867824836,0.8581467315047956,0.772505484922519,0.9651442307692307,0.21223021582733814,334851,98610,12093,24544,91104,0.9507158655113664,0.9507483567186342
0.009166451371699802,0.8576895344771721,0.7717648089205005,0.9651442307692307,0.20863309352517986,334851,99026,12093,24128,91520,0.9507158655113664,0.9507483567186342
0.009083778142936039,0.8572328243541972,0.7710255518739653,0.9651442307692307,0.20503597122302158,334851,99442,12093,23712,91936,0.9507158655113664,0.9507483567186342
0.008723360098081834,0.8567766003584711,0.7702877097092538,0.9651442307692307,0.2014388489208633,334851,99858,12093,23296,92352,0.9507158655113664,0.9507483567186342
0.008675199747776086,0.8563208617142477,0.769551278368285,0.9651442307692307,0.19784172661870503,334851,100274,12093,22880,92768,0.9507158655113664,0.9507483567186342
0.008651829445626563,0.8558656076474309,0.7688162538084818,0.9651442307692307,0.19424460431654678,334851,100690,12093,22464,93184,0.9507158655113664,0.9507483567186342
0.008617153209613204,0.8554108373855698,0.7680826320026976,0.9651442307692307,0.1906474820143885,334851,101106,12093,22048,93600,0.9507158655113664,0.9507483567186342
0.008399022335830397,0.8549554587025959,0.7673486504695514,0.9651442307692307,0.1906474820143885,334851,101523,12093,22048,93600,0.9507158655113664,0.9507483567186342
0.00781046885038017,0.854501654898218,0.7666178254996681,0.9651442307692307,0.18705035971223022,334851,101939,12093,21632,94016,0.9507158655113664,0.9507483567186342
0.0076053527345295024,0.854048332589428,0.7658883912846576,0.9651442307692307,0.18345323741007194,334851,102355,12093,21216,94432,0.9507158655113664,0.9507483567186342
0.007161056105460806,0.8535954910103165,0.7651603438583984,0.9651442307692307,0.17985611510791366,334851,102771,12093,20800,94848,0.9507158655113664,0.9507483567186342
0.007117787128649078,0.8531431293965976,0.7644336792698351,0.9651442307692307,0.17625899280575538,334851,103187,12093,20384,95264,0.9507158655113664,0.9507483567186342
0.007067550370128073,0.8526912469856047,0.7637083935829072,0.9651442307692307,0.17266187050359713,334851,103603,12093,19968,95680,0.9507158655113664,0.9507483567186342
0.007031103578657438,0.8522398430162863,0.7629844828764782,0.9651442307692307,0.16906474820143885,334851,104019,12093,19552,96096,0.9507158655113664,0.9507483567186342
0.006853875982214597,0.8517889167292014,0.7622619432442646,0.9651442307692307,0.16546762589928057,334851,104435,12093,19136,96512,0.9507158655113664,0.9507483567186342
0.006542643553527794,0.8513384673665155,0.7615407707947656,0.9651442307692307,0.1618705035971223,334851,104851,12093,18720,96928,0.9507158655113664,0.9507483567186342
0.006205463661760835,0.8508884941719966,0.7608209616511935,0.9651442307692307,0.15827338129496402,334851,105267,12093,18304,97344,0.9507158655113664,0.9507483567186342
0.006189798687571746,0.8504389963910103,0.7601025119514044,0.9651442307692307,0.15467625899280577,334851,105683,12093,17888,97760,0.9507158655113664,0.9507483567186342
0.006130820559042793,0.8499899732705161,0.7593854178478285,0.9651442307692307,0.1510791366906475,334851,106099,12093,17472,98176,0.9507158655113664,0.9507483567186342
0.0060176060699506095,0.8495414240590631,0.758669675507402,0.9651442307692307,0.1474820143884892,334851,106515,12093,17056,98592,0.9507158655113664,0.9507483567186342
0.005732372434787414,0.8490933480067856,0.7579552811114985,0.9651442307692307,0.14388489208633093,334851,106931,12093,16640,99008,0.9507158655113664,0.9507483567186342
0.00567770846265514,0.8486457443653994,0.757242230855861,0.9651442307692307,0.14028776978417265,334851,107347,12093,16224,99424,0.9507158655113664,0.9507483567186342
0.005524848458342779,0.8481986123881969,0.7565305209505347,0.9651442307692307,0.1366906474820144,334851,107763,12093,15808,99840,0.9507158655113664,0.9507483567186342
0.005391476626689484,0.8477519513300438,0.7558201476198,0.9651442307692307,0.13309352517985612,334851,108179,12093,15392,100256,0.9507158655113664,0.9507483567186342
0.005283414384597729,0.847305760447374,0.7551111071021048,0.9651442307692307,0.12949640287769784,334851,108595,12093,14976,100672,0.9507158655113664,0.9507483567186342
0.005221099049227296,0.8479135870066906,0.7553411750923145,0.9663461538461539,0.12949640287769784,335268,108595,11676,14976,100672,0.9507158655113664,0.9507483567186342
0.005205012861744962,0.8474677808911015,0.7546339124739184,0.9663461538461539,0.12589928057553956,335268,109011,11676,14560,101088,0.9507158655113664,0.9507483567186342
0.0050071175743132135,0.8470224433106505,0.753927973105162,0.9663461538461539,0.1223021582733813,335268,109427,11676,14144,101504,0.9507158655113664,0.9507483567186342
0.004981334898447098,0.846577573527091,0.7532233532759244,0.9663461538461539,0.11870503597122302,335268,109843,11676,13728,101920,0.9507158655113664,0.9507483567186342
0.004599121554253793,0.8461331708037265,0.752520049289942,0.9663461538461539,0.11510791366906475,335268,110259,11676,13312,102336,0.9507158655113664,0.9507483567186342
0.004552853386937616,0.8456892344054071,0.7518180574647433,0.9663461538461539,0.11151079136690648,335268,110675,11676,12896,102752,0.9507158655113664,0.9507483567186342
0.004485247943258663,0.8452457635985241,0.7511173741315846,0.9663461538461539,0.1079136690647482,335268,111091,11676,12480,103168,0.9507158655113664,0.9507483567186342
0.004248637138867362,0.8448027576510074,0.7504179956353869,0.9663461538461539,0.10431654676258993,335268,111507,11676,12064,103584,0.9507158655113664,0.9507483567186342
0.004125855177701476,0.8443602158323207,0.7497199183346713,0.9663461538461539,0.10071942446043165,335268,111923,11676,11648,104000,0.9507158655113664,0.9507483567186342
0.004024963715059338,0.8439181374134574,0.7490231386014964,0.9663461538461539,0.09712230215827339,335268,112339,11676,11232,104416,0.9507158655113664,0.9507483567186342
0.004011317992654195,0.8445245594791236,0.7492567362462725,0.9675480769230769,0.09712230215827339,335685,112339,11259,11232,104416,0.9507158655113664,0.9507483567186342
0.0038642367591675275,0.8440828580911861,0.7485616804923736,0.9675480769230769,0.09352517985611511,335685,112755,11259,10816,104832,0.9507158655113664,0.9507483567186342
0.003852021838728792,0.8436416184971098,0.7478679130946227,0.9675480769230769,0.08992805755395683,335685,113171,11259,10400,105248,0.9507158655113664,0.9507483567186342
0.003655963095216541,0.8431997809642346,0.7471737673975511,0.9675480769230769,0.08992805755395683,335685,113588,11259,10400,105248,0.9507158655113664,0.9507483567186342
0.0036167779475778095,0.8427594638936624,0.7464825690643978,0.9675480769230769,0.08633093525179857,335685,114004,11259,9984,105664,0.9507158655113664,0.9507483567186342
0.0035354213284297664,0.8433649080986136,0.7467174398919366,0.96875,0.08633093525179857,336102,114004,10842,9984,105664,0.9507158655113664,0.9507483567186342
0.003423132540307794,0.8429249648260866,0.746027940921864,0.96875,0.08273381294964029,336102,114420,10842,9568,106080,0.9507158655113664,0.9507483567186342
0.0033162992743872577,0.8424854803091184,0.7453397141070391,0.96875,0.07913669064748201,336102,114836,10842,9152,106496,0.9507158655113664,0.9507483567186342
0.00324950086662229,0.8420453990296869,0.7446511061138128,0.96875,0.07913669064748201,336102,115253,10842,9152,106496,0.9507158655113664,0.9507483567186342
0.0030633218704887444,0.8416068309722492,0.7439654161068329,0.96875,0.07553956834532374,336102,115669,10842,8736,106912,0.9507158655113664,0.9507483567186342
0.003053068023611105,0.8411687195215803,0.7432809877329511,0.96875,0.07194244604316546,336102,116085,10842,8320,107328,0.9507158655113664,0.9507483567186342
0.002513185311893651,0.8407310639649702,0.7425978175133616,0.96875,0.0683453237410072,336102,116501,10842,7904,107744,0.9507158655113664,0.9507483567186342
0.002487820397763185,0.8402938635911911,0.741915901982036,0.96875,0.06474820143884892,336102,116917,10842,7488,108160,0.9507158655113664,0.9507483567186342
0.0024610796644569666,0.8398571176904941,0.7412352376856661,0.96875,0.06115107913669065,336102,117333,10842,7072,108576,0.9507158655113664,0.9507483567186342
0.0024540120363685247,0.8404612410651402,0.7414729911953677,0.9699519230769231,0.06115107913669065,336519,117333,10425,7072,108576,0.9507158655113664,0.9507483567186342
0.0022382322265975807,0.8400238138921859,0.7407923499072135,0.9699519230769231,0.06115107913669065,336519,117750,10425,7072,108576,0.9507158655113664,0.9507483567186342
0.002163327349003319,0.8395878891606965,0.7401145848224595,0.9699519230769231,0.05755395683453238,336519,118166,10425,6656,108992,0.9507158655113664,0.9507483567186342
0.001896903190325927,0.8391524166349769,0.7394380588045291,0.9699519230769231,0.0539568345323741,336519,118582,10425,6240,109408,0.9507158655113664,0.9507483567186342
0.0018709807684619273,0.8387173956117494,0.7387627684586964,0.9699519230769231,0.050359712230215826,336519,118998,10425,5824,109824,0.9507158655113664,0.9507483567186342
0.0017923647135643095,0.8382828253891941,0.7380887104026249,0.9699519230769231,0.046762589928057555,336519,119414,10425,5408,110240,0.9507158655113664,0.9507483567186342
0.0016838246948907565,0.837848705266945,0.7374158812663115,0.9699519230769231,0.04316546762589928,336519,119830,10425,4992,110656,0.9507158655113664,0.9507483567186342
0.00153021030487821,0.8374150345460857,0.7367442776920298,0.9699519230769231,0.039568345323741004,336519,120246,10425,4576,111072,0.9507158655113664,0.9507483567186342
0.0014489456553175017,0.8369818125291466,0.7360738963342746,0.9699519230769231,0.03597122302158273,336519,120662,10425,4160,111488,0.9507158655113664,0.9507483567186342
0.0013954537811067258,0.8365490385201003,0.7354047338597063,0.9699519230769231,0.03237410071942446,336519,121078,10425,3744,111904,0.9507158655113664,0.9507483567186342
0.0011638291251129251,0.8361167118243583,0.7347367869470954,0.9699519230769231,0.02877697841726619,336519,121494,10425,3328,112320,0.9507158655113664,0.9507483567186342
0.0008327433450860955,0.8356848317487673,0.7340700522872681,0.9699519230769231,0.025179856115107913,336519,121910,10425,2912,112736,0.9507158655113664,0.9507483567186342
0.0006922923875236076,0.8352533976016053,0.7334045265830509,0.9699519230769231,0.02158273381294964,336519,122326,10425,2496,113152,0.9507158655113664,0.9507483567186342
0.000610339119068215,0.8348224086925782,0.7327402065492171,0.9699519230769231,0.017985611510791366,336519,122742,10425,2080,113568,0.9507158655113664,0.9507483567186342
0.0005666682726481742,0.8343908299054575,0.7320754963256888,0.9699519230769231,0.017985611510791366,336519,123159,10425,2080,113568,0.9507158655113664,0.9507483567186342
0.0005118689643710816,0.833960730473658,0.7314135807030737,0.9699519230769231,0.014388489208633094,336519,123575,10425,1664,113984,0.9507158655113664,0.9507483567186342
0.0004616581718721591,0.8345629168188939,0.7316567899572431,0.9711538461538461,0.014388489208633094,336936,123575,10008,1664,113984,0.9507158655113664,0.9507483567186342
0.0004307494824709046,0.8341321397449101,0.7309948625381838,0.9711538461538461,0.014388489208633094,336936,123992,10008,1664,113984,0.9507158655113664,0.9507483567186342
0.00041094423678222913,0.833702838592185,0.7303357147811611,0.9711538461538461,0.01079136690647482,336936,124408,10008,1248,114400,0.9507158655113664,0.9507483567186342
0.0003817859449043448,0.8332739791073125,0.7296777546777546,0.9711538461538461,0.007194244604316547,336936,124824,10008,832,114816,0.9507158655113664,0.9507483567186342
0.00031634869677921174,0.8328455606090568,0.7290209790209791,0.9711538461538461,0.0035971223021582736,336936,125240,10008,416,115232,0.9507158655113664,0.9507483567186342
5.8617359000590064e-05,0.8324175824175825,0.7283653846153846,0.9711538461538461,0.0,336936,125656,10008,0,115648,0.9507158655113664,0.9507483567186342
