threshold,f1,precision,recall,tnr,tp,fp,fn,tn_unknown,fp_unknown,auc_pr_trapezoid,ap_pr_step
0.5127040579271319,0.0,,0.0,1.0,0,0,832,278,0,0.506165468633097,0.506905277480767
0.5127040579271318,0.0,0.0,0.0,1.0,0,1,832,278,0,0.506165468633097,0.506905277480767
0.46599115207339903,0.002398081534772182,0.5,0.001201923076923077,1.0,1,1,831,278,0,0.506165468633097,0.506905277480767
0.45918790643602114,0.004790419161676647,0.6666666666666666,0.002403846153846154,1.0,2,1,830,278,0,0.506165468633097,0.506905277480767
0.441410292174164,0.007177033492822967,0.75,0.003605769230769231,1.0,3,1,829,278,0,0.506165468633097,0.506905277480767
0.4370850989735509,0.009557945041816009,0.8,0.004807692307692308,1.0,4,1,828,278,0,0.506165468633097,0.506905277480767
0.43067251823084596,0.011933174224343675,0.8333333333333334,0.006009615384615385,1.0,5,1,827,278,0,0.506165468633097,0.506905277480767
0.428965058392077,0.014302741358760428,0.8571428571428571,0.007211538461538462,1.0,6,1,826,278,0,0.506165468633097,0.506905277480767
0.4254813228974363,0.016666666666666666,0.875,0.008413461538461538,1.0,7,1,825,278,0,0.506165468633097,0.506905277480767
0.42520873158063965,0.019024970273483946,0.8888888888888888,0.009615384615384616,1.0,8,1,824,278,0,0.506165468633097,0.506905277480767
0.4195493873167696,0.021377672209026127,0.9,0.010817307692307692,1.0,9,1,823,278,0,0.506165468633097,0.506905277480767
0.4177763811108394,0.02372479240806643,0.9090909090909091,0.01201923076923077,1.0,10,1,822,278,0,0.506165468633097,0.506905277480767
0.41475428517173896,0.026066350710900472,0.9166666666666666,0.013221153846153846,1.0,11,1,821,278,0,0.506165468633097,0.506905277480767
0.4133654870995208,0.028402366863905324,0.9230769230769231,0.014423076923076924,1.0,12,1,820,278,0,0.506165468633097,0.506905277480767
0.4115717564701985,0.030732860520094562,0.9285714285714286,0.015625,1.0,13,1,819,278,0,0.506165468633097,0.506905277480767
0.4085741386390731,0.03305785123966942,0.9333333333333333,0.016826923076923076,1.0,14,1,818,278,0,0.506165468633097,0.506905277480767
0.40073032942405873,0.03537735849056604,0.9375,0.018028846153846152,1.0,15,1,817,278,0,0.506165468633097,0.506905277480767
0.4006725807718996,0.03769140164899882,0.9411764705882353,0.019230769230769232,1.0,16,1,816,278,0,0.506165468633097,0.506905277480767
0.3940780685824187,0.04,0.9444444444444444,0.020432692307692308,1.0,17,1,815,278,0,0.506165468633097,0.506905277480767
0.3906259686650422,0.04230317273795535,0.9473684210526315,0.021634615384615384,1.0,18,1,814,278,0,0.506165468633097,0.506905277480767
0.38901710345481877,0.04460093896713615,0.95,0.02283653846153846,1.0,19,1,813,278,0,0.506165468633097,0.506905277480767
0.3758639089853688,0.04689331770222743,0.9523809523809523,0.02403846153846154,1.0,20,1,812,278,0,0.506165468633097,0.506905277480767
0.3743545485912526,0.04918032786885246,0.9545454545454546,0.025240384615384616,1.0,21,1,811,278,0,0.506165468633097,0.506905277480767
0.3708364131032238,0.05146198830409357,0.9565217391304348,0.026442307692307692,1.0,22,1,810,278,0,0.506165468633097,0.506905277480767
0.36115628214223006,0.053738317757009345,0.9583333333333334,0.027644230769230768,1.0,23,1,809,278,0,0.506165468633097,0.506905277480767
0.3599096316795919,0.056009334889148193,0.96,0.028846153846153848,1.0,24,1,808,278,0,0.506165468633097,0.506905277480767
0.35866826919845396,0.05827505827505827,0.9615384615384616,0.030048076923076924,1.0,25,1,807,278,0,0.506165468633097,0.506905277480767
0.3585616538795009,0.06053550640279395,0.9629629629629629,0.03125,1.0,26,1,806,278,0,0.506165468633097,0.506905277480767
0.3578272438328759,0.06279069767441861,0.9642857142857143,0.03245192307692308,1.0,27,1,805,278,0,0.506165468633097,0.506905277480767
0.3476404392549693,0.06504065040650407,0.9655172413793104,0.03365384615384615,1.0,28,1,804,278,0,0.506165468633097,0.506905277480767
0.3309251130639268,0.06728538283062645,0.9666666666666667,0.03485576923076923,1.0,29,1,803,278,0,0.506165468633097,0.506905277480767
0.3276711497743183,0.06952491309385864,0.967741935483871,0.036057692307692304,1.0,30,1,802,278,0,0.506165468633097,0.506905277480767
0.32583988575110356,0.07175925925925926,0.96875,0.037259615384615384,1.0,31,1,801,278,0,0.506165468633097,0.506905277480767
0.3252255109883459,0.07398843930635839,0.9696969696969697,0.038461538461538464,1.0,32,1,800,278,0,0.506165468633097,0.506905277480767
0.3236250533118483,0.07621247113163972,0.9705882352941176,0.039663461538461536,1.0,33,1,799,278,0,0.506165468633097,0.506905277480767
0.32079479064480215,0.0784313725490196,0.9714285714285714,0.040865384615384616,1.0,34,1,798,278,0,0.506165468633097,0.506905277480767
0.3207722818278354,0.08064516129032258,0.9722222222222222,0.042067307692307696,1.0,35,1,797,278,0,0.506165468633097,0.506905277480767
0.32045454377983834,0.08285385500575373,0.972972972972973,0.04326923076923077,1.0,36,1,796,278,0,0.506165468633097,0.506905277480767
0.3176688399355635,0.08505747126436781,0.9736842105263158,0.04447115384615385,1.0,37,1,795,278,0,0.506165468633097,0.506905277480767
0.316292797441068,0.08725602755453502,0.9743589743589743,0.04567307692307692,1.0,38,1,794,278,0,0.506165468633097,0.506905277480767
0.31604066345209963,0.0871559633027523,0.95,0.04567307692307692,1.0,38,2,794,278,0,0.506165468633097,0.506905277480767
0.31376022114172364,0.08934707903780069,0.9512195121951219,0.046875,1.0,39,2,793,278,0,0.506165468633097,0.506905277480767
0.31252687697570625,0.09153318077803203,0.9523809523809523,0.04807692307692308,1.0,40,2,792,278,0,0.506165468633097,0.506905277480767
0.309374939160766,0.09371428571428571,0.9534883720930233,0.04927884615384615,1.0,41,2,791,278,0,0.506165468633097,0.506905277480767
0.3027388115210593,0.0958904109589041,0.9545454545454546,0.05048076923076923,1.0,42,2,790,278,0,0.506165468633097,0.506905277480767
0.30171689230330867,0.09806157354618016,0.9555555555555556,0.051682692307692304,1.0,43,2,789,278,0,0.506165468633097,0.506905277480767
0.3012749848242824,0.10022779043280182,0.9565217391304348,0.052884615384615384,1.0,44,2,788,278,0,0.506165468633097,0.506905277480767
0.29991754455812675,0.10238907849829351,0.9574468085106383,0.054086538461538464,1.0,45,2,787,278,0,0.506165468633097,0.506905277480767
0.29984952903879847,0.10454545454545454,0.9583333333333334,0.055288461538461536,1.0,46,2,786,278,0,0.506165468633097,0.506905277480767
0.29841394165583823,0.10669693530079455,0.9591836734693877,0.056490384615384616,1.0,47,2,785,278,0,0.506165468633097,0.506905277480767
0.2964306470716582,0.10884353741496598,0.96,0.057692307692307696,1.0,48,2,784,278,0,0.506165468633097,0.506905277480767
0.29587430205775,0.11098527746319366,0.9607843137254902,0.05889423076923077,1.0,49,2,783,278,0,0.506165468633097,0.506905277480767
0.2948131004783555,0.11312217194570136,0.9615384615384616,0.06009615384615385,1.0,50,2,782,278,0,0.506165468633097,0.506905277480767
0.29420389398657115,0.1152542372881356,0.9622641509433962,0.06129807692307692,1.0,51,2,781,278,0,0.506165468633097,0.506905277480767
0.2929662841421055,0.11738148984198646,0.9629629629629629,0.0625,1.0,52,2,780,278,0,0.506165468633097,0.506905277480767
0.2901332790715603,0.11950394588500564,0.9636363636363636,0.06370192307692307,1.0,53,2,779,278,0,0.506165468633097,0.506905277480767
0.2899879539661485,0.12162162162162163,0.9642857142857143,0.06490384615384616,1.0,54,2,778,278,0,0.506165468633097,0.506905277480767
0.28528834705497896,0.12373453318335208,0.9649122807017544,0.06610576923076923,1.0,55,2,777,278,0,0.506165468633097,0.506905277480767
0.2836279780035559,0.1258426966292135,0.9655172413793104,0.0673076923076923,1.0,56,2,776,278,0,0.506165468633097,0.506905277480767
0.2830556698380191,0.12794612794612795,0.9661016949152542,0.06850961538461539,1.0,57,2,775,278,0,0.506165468633097,0.506905277480767
0.28268700424267557,0.13004484304932734,0.9666666666666667,0.06971153846153846,1.0,58,2,774,278,0,0.506165468633097,0.506905277480767
0.2808726179003401,0.13213885778275475,0.9672131147540983,0.07091346153846154,1.0,59,2,773,278,0,0.506165468633097,0.506905277480767
0.2806100041822612,0.1342281879194631,0.967741935483871,0.07211538461538461,1.0,60,2,772,278,0,0.506165468633097,0.506905277480767
0.2779706585237448,0.13631284916201117,0.9682539682539683,0.0733173076923077,1.0,61,2,771,278,0,0.506165468633097,0.506905277480767
0.2779044030857889,0.13839285714285715,0.96875,0.07451923076923077,1.0,62,2,770,278,0,0.506165468633097,0.506905277480767
0.2775007384158744,0.14046822742474915,0.9692307692307692,0.07572115384615384,1.0,63,2,769,278,0,0.506165468633097,0.506905277480767
0.27556010515233487,0.14253897550111358,0.9696969696969697,0.07692307692307693,1.0,64,2,768,278,0,0.506165468633097,0.506905277480767
0.2755501408707884,0.14238042269187987,0.9552238805970149,0.07692307692307693,0.9964028776978417,64,3,768,277,1,0.506165468633097,0.506905277480767
0.2752129415902547,0.14444444444444443,0.9558823529411765,0.078125,0.9964028776978417,65,3,767,277,1,0.506165468633097,0.506905277480767
0.27393929687677415,0.146503884572697,0.9565217391304348,0.07932692307692307,0.9964028776978417,66,3,766,277,1,0.506165468633097,0.506905277480767
0.27279577945044226,0.14855875831485588,0.9571428571428572,0.08052884615384616,0.9964028776978417,67,3,765,277,1,0.506165468633097,0.506905277480767
0.27248791850335086,0.150609080841639,0.9577464788732394,0.08173076923076923,0.9964028776978417,68,3,764,277,1,0.506165468633097,0.506905277480767
0.27230416235148125,0.15265486725663716,0.9583333333333334,0.0829326923076923,0.9964028776978417,69,3,763,277,1,0.506165468633097,0.506905277480767
0.2712684604942408,0.15469613259668508,0.958904109589041,0.08413461538461539,0.9964028776978417,70,3,762,277,1,0.506165468633097,0.506905277480767
0.27123053757335414,0.15673289183222958,0.9594594594594594,0.08533653846153846,0.9964028776978417,71,3,761,277,1,0.506165468633097,0.506905277480767
0.2699239409387214,0.1587651598676957,0.96,0.08653846153846154,0.9964028776978417,72,3,760,277,1,0.506165468633097,0.506905277480767
0.26466517862130906,0.16079295154185022,0.9605263157894737,0.08774038461538461,0.9964028776978417,73,3,759,277,1,0.506165468633097,0.506905277480767
0.26393713848129685,0.16061606160616063,0.948051948051948,0.08774038461538461,0.9964028776978417,73,4,759,277,1,0.506165468633097,0.506905277480767
0.2637947203155959,0.16263736263736264,0.9487179487179487,0.0889423076923077,0.9964028776978417,74,4,758,277,1,0.506165468633097,0.506905277480767
0.2623918951123815,0.16465422612513722,0.9493670886075949,0.09014423076923077,0.9964028776978417,75,4,757,277,1,0.506165468633097,0.506905277480767
0.2609676919594689,0.16666666666666666,0.95,0.09134615384615384,0.9964028776978417,76,4,756,277,1,0.506165468633097,0.506905277480767
0.25989703199095493,0.1664841182913472,0.9382716049382716,0.09134615384615384,0.9928057553956835,76,5,756,276,2,0.506165468633097,0.506905277480767
0.25776489860310536,0.16849015317286653,0.9390243902439024,0.09254807692307693,0.9928057553956835,77,5,755,276,2,0.506165468633097,0.506905277480767
0.2571084836080994,0.17049180327868851,0.9397590361445783,0.09375,0.9928057553956835,78,5,754,276,2,0.506165468633097,0.506905277480767
0.25598012654659885,0.17248908296943233,0.9404761904761905,0.09495192307692307,0.9928057553956835,79,5,753,276,2,0.506165468633097,0.506905277480767
0.2557036282633761,0.1723009814612868,0.9294117647058824,0.09495192307692307,0.9892086330935251,79,6,753,275,3,0.506165468633097,0.506905277480767
0.25336783200188595,0.17429193899782136,0.9302325581395349,0.09615384615384616,0.9892086330935251,80,6,752,275,3,0.506165468633097,0.506905277480767
0.25311688176050273,0.176278563656148,0.9310344827586207,0.09735576923076923,0.9892086330935251,81,6,751,275,3,0.506165468633097,0.506905277480767
0.2517963694785328,0.1782608695652174,0.9318181818181818,0.0985576923076923,0.9892086330935251,82,6,750,275,3,0.506165468633097,0.506905277480767
0.25046183430512425,0.18023887079261672,0.9325842696629213,0.09975961538461539,0.9892086330935251,83,6,749,275,3,0.506165468633097,0.506905277480767
0.2501901829521451,0.1822125813449024,0.9333333333333333,0.10096153846153846,0.9892086330935251,84,6,748,275,3,0.506165468633097,0.506905277480767
0.24958960624378546,0.18418201516793067,0.9340659340659341,0.10216346153846154,0.9892086330935251,85,6,747,275,3,0.506165468633097,0.506905277480767
0.24952166035080925,0.18614718614718614,0.9347826086956522,0.10336538461538461,0.9892086330935251,86,6,746,275,3,0.506165468633097,0.506905277480767
0.24915541060942503,0.1881081081081081,0.9354838709677419,0.1045673076923077,0.9892086330935251,87,6,745,275,3,0.506165468633097,0.506905277480767
0.24875345963927586,0.1900647948164147,0.9361702127659575,0.10576923076923077,0.9892086330935251,88,6,744,275,3,0.506165468633097,0.506905277480767
0.24623658439402163,0.19201725997842503,0.9368421052631579,0.10697115384615384,0.9892086330935251,89,6,743,275,3,0.506165468633097,0.506905277480767
0.24320769467665138,0.1939655172413793,0.9375,0.10817307692307693,0.9892086330935251,90,6,742,275,3,0.506165468633097,0.506905277480767
0.24273619417740455,0.19590958019375673,0.9381443298969072,0.109375,0.9892086330935251,91,6,741,275,3,0.506165468633097,0.506905277480767
0.24249720668461705,0.1978494623655914,0.9387755102040817,0.11057692307692307,0.9892086330935251,92,6,740,275,3,0.506165468633097,0.506905277480767
0.24123247975697343,0.19978517722878625,0.9393939393939394,0.11177884615384616,0.9892086330935251,93,6,739,275,3,0.506165468633097,0.506905277480767
0.23921313295750202,0.2017167381974249,0.94,0.11298076923076923,0.9892086330935251,94,6,738,275,3,0.506165468633097,0.506905277480767
0.23885888337491995,0.20364415862808147,0.9405940594059405,0.1141826923076923,0.9892086330935251,95,6,737,275,3,0.506165468633097,0.506905277480767
0.2376758204855332,0.20556745182012848,0.9411764705882353,0.11538461538461539,0.9892086330935251,96,6,736,275,3,0.506165468633097,0.506905277480767
0.23498129807624663,0.20748663101604278,0.941747572815534,0.11658653846153846,0.9892086330935251,97,6,735,275,3,0.506165468633097,0.506905277480767
0.2337835793654619,0.2094017094017094,0.9423076923076923,0.11778846153846154,0.9892086330935251,98,6,734,275,3,0.506165468633097,0.506905277480767
0.2328949758155887,0.2113127001067236,0.9428571428571428,0.11899038461538461,0.9892086330935251,99,6,733,275,3,0.506165468633097,0.506905277480767
0.23178867369526884,0.21321961620469082,0.9433962264150944,0.1201923076923077,0.9892086330935251,100,6,732,275,3,0.506165468633097,0.506905277480767
0.23104423491965664,0.21512247071352503,0.9439252336448598,0.12139423076923077,0.9892086330935251,101,6,731,275,3,0.506165468633097,0.506905277480767
0.23078910540714143,0.2170212765957447,0.9444444444444444,0.12259615384615384,0.9892086330935251,102,6,730,275,3,0.506165468633097,0.506905277480767
0.23009053829681836,0.21891604675876727,0.944954128440367,0.12379807692307693,0.9892086330935251,103,6,729,275,3,0.506165468633097,0.506905277480767
0.2296563573469782,0.2208067940552017,0.9454545454545454,0.125,0.9892086330935251,104,6,728,275,3,0.506165468633097,0.506905277480767
0.2296025451069369,0.22269353128313893,0.9459459459459459,0.12620192307692307,0.9892086330935251,105,6,727,275,3,0.506165468633097,0.506905277480767
0.2293530261132668,0.2245762711864407,0.9464285714285714,0.12740384615384615,0.9892086330935251,106,6,726,275,3,0.506165468633097,0.506905277480767
0.22547460796669228,0.22645502645502646,0.9469026548672567,0.12860576923076922,0.9892086330935251,107,6,725,275,3,0.506165468633097,0.506905277480767
0.2233728071061134,0.22832980972515857,0.9473684210526315,0.12980769230769232,0.9892086330935251,108,6,724,275,3,0.506165468633097,0.506905277480767
0.22300780508095575,0.23020063357972545,0.9478260869565217,0.1310096153846154,0.9892086330935251,109,6,723,275,3,0.506165468633097,0.506905277480767
0.22191623687919843,0.2320675105485232,0.9482758620689655,0.13221153846153846,0.9892086330935251,110,6,722,275,3,0.506165468633097,0.506905277480767
0.22071506658632145,0.23182297154899895,0.9401709401709402,0.13221153846153846,0.9856115107913669,110,7,722,274,4,0.506165468633097,0.506905277480767
0.21971433063853363,0.2336842105263158,0.940677966101695,0.13341346153846154,0.9856115107913669,111,7,721,274,4,0.506165468633097,0.506905277480767
0.21881688253768916,0.23554153522607782,0.9411764705882353,0.1346153846153846,0.9856115107913669,112,7,720,274,4,0.506165468633097,0.506905277480767
0.21841322378515227,0.23739495798319327,0.9416666666666667,0.13581730769230768,0.9856115107913669,113,7,719,274,4,0.506165468633097,0.506905277480767
0.21576868493174095,0.23924449108079748,0.9421487603305785,0.13701923076923078,0.9856115107913669,114,7,718,274,4,0.506165468633097,0.506905277480767
0.21571626481514394,0.24109014675052412,0.9426229508196722,0.13822115384615385,0.9856115107913669,115,7,717,274,4,0.506165468633097,0.506905277480767
0.21555761153093905,0.24293193717277486,0.943089430894309,0.13942307692307693,0.9856115107913669,116,7,716,274,4,0.506165468633097,0.506905277480767
0.21521851808440806,0.24476987447698745,0.9435483870967742,0.140625,0.9856115107913669,117,7,715,274,4,0.506165468633097,0.506905277480767
0.21514752975416018,0.24660397074190177,0.944,0.14182692307692307,0.9856115107913669,118,7,714,274,4,0.506165468633097,0.506905277480767
0.2144625304992398,0.24843423799582465,0.9444444444444444,0.14302884615384615,0.9856115107913669,119,7,713,274,4,0.506165468633097,0.506905277480767
0.21417106007860204,0.24817518248175183,0.937007874015748,0.14302884615384615,0.9856115107913669,119,8,713,274,4,0.506165468633097,0.506905277480767
0.21130818627578596,0.25,0.9375,0.14423076923076922,0.9856115107913669,120,8,712,274,4,0.506165468633097,0.506905277480767
0.20988835311808302,0.2518210197710718,0.937984496124031,0.14543269230769232,0.9856115107913669,121,8,711,274,4,0.506165468633097,0.506905277480767
0.20952452770240082,0.25363825363825365,0.9384615384615385,0.1466346153846154,0.9856115107913669,122,8,710,274,4,0.506165468633097,0.506905277480767
0.20942592616054978,0.2554517133956386,0.9389312977099237,0.14783653846153846,0.9856115107913669,123,8,709,274,4,0.506165468633097,0.506905277480767
0.2091905262369056,0.2572614107883817,0.9393939393939394,0.14903846153846154,0.9856115107913669,124,8,708,274,4,0.506165468633097,0.506905277480767
0.20911507377956218,0.25906735751295334,0.9398496240601504,0.1502403846153846,0.9856115107913669,125,8,707,274,4,0.506165468633097,0.506905277480767
0.20889256713652238,0.2608695652173913,0.9402985074626866,0.15144230769230768,0.9856115107913669,126,8,706,274,4,0.506165468633097,0.506905277480767
0.2076434854927518,0.2626680455015512,0.9407407407407408,0.15264423076923078,0.9856115107913669,127,8,705,274,4,0.506165468633097,0.506905277480767
0.20749998315630214,0.2644628099173554,0.9411764705882353,0.15384615384615385,0.9856115107913669,128,8,704,274,4,0.506165468633097,0.506905277480767
0.20424807179051585,0.26625386996904027,0.9416058394160584,0.15504807692307693,0.9856115107913669,129,8,703,274,4,0.506165468633097,0.506905277480767
0.2033594685649167,0.26804123711340205,0.9420289855072463,0.15625,0.9856115107913669,130,8,702,274,4,0.506165468633097,0.506905277480767
0.20324647175613553,0.2698249227600412,0.9424460431654677,0.15745192307692307,0.9856115107913669,131,8,701,274,4,0.506165468633097,0.506905277480767
0.20294693758580296,0.2716049382716049,0.9428571428571428,0.15865384615384615,0.9856115107913669,132,8,700,274,4,0.506165468633097,0.506905277480767
0.2014830779781691,0.2733812949640288,0.9432624113475178,0.15985576923076922,0.9856115107913669,133,8,699,274,4,0.506165468633097,0.506905277480767
0.20043454698027552,0.2751540041067762,0.9436619718309859,0.16105769230769232,0.9856115107913669,134,8,698,274,4,0.506165468633097,0.506905277480767
0.19981724598712214,0.27692307692307694,0.9440559440559441,0.1622596153846154,0.9856115107913669,135,8,697,274,4,0.506165468633097,0.506905277480767
0.19785600477735188,0.2786885245901639,0.9444444444444444,0.16346153846153846,0.9856115107913669,136,8,696,274,4,0.506165468633097,0.506905277480767
0.19692996764909793,0.2804503582395087,0.9448275862068966,0.16466346153846154,0.9856115107913669,137,8,695,274,4,0.506165468633097,0.506905277480767
0.19526912962039789,0.2822085889570552,0.9452054794520548,0.1658653846153846,0.9856115107913669,138,8,694,274,4,0.506165468633097,0.506905277480767
0.19489620886721792,0.2839632277834525,0.9455782312925171,0.16706730769230768,0.9856115107913669,139,8,693,274,4,0.506165468633097,0.506905277480767
0.1947552163439793,0.2857142857142857,0.9459459459459459,0.16826923076923078,0.9856115107913669,140,8,692,274,4,0.506165468633097,0.506905277480767
0.1922453307747654,0.2874617737003058,0.9463087248322147,0.16947115384615385,0.9856115107913669,141,8,691,274,4,0.506165468633097,0.506905277480767
0.1917162557549178,0.28716904276985744,0.94,0.16947115384615385,0.9820143884892086,141,9,691,273,5,0.506165468633097,0.506905277480767
0.19158143220446883,0.28891149542217703,0.9403973509933775,0.17067307692307693,0.9820143884892086,142,9,690,273,5,0.506165468633097,0.506905277480767
0.18958894632494427,0.29065040650406504,0.9407894736842105,0.171875,0.9820143884892086,143,9,689,273,5,0.506165468633097,0.506905277480767
0.18940624785670723,0.29035532994923857,0.934640522875817,0.171875,0.9784172661870504,143,10,689,272,6,0.506165468633097,0.506905277480767
0.18932263800782884,0.2920892494929006,0.935064935064935,0.17307692307692307,0.9784172661870504,144,10,688,272,6,0.506165468633097,0.506905277480767
0.18917121042604568,0.2938196555217832,0.9354838709677419,0.17427884615384615,0.9784172661870504,145,10,687,272,6,0.506165468633097,0.506905277480767
0.18915241581454767,0.2935222672064777,0.9294871794871795,0.17427884615384615,0.9784172661870504,145,11,687,272,6,0.506165468633097,0.506905277480767
0.18886024530617507,0.29524772497472196,0.9299363057324841,0.17548076923076922,0.9784172661870504,146,11,686,272,6,0.506165468633097,0.506905277480767
0.18838257505703082,0.296969696969697,0.930379746835443,0.17668269230769232,0.9784172661870504,147,11,685,272,6,0.506165468633097,0.506905277480767
0.18667268121839192,0.29868819374369326,0.9308176100628931,0.1778846153846154,0.9784172661870504,148,11,684,272,6,0.506165468633097,0.506905277480767
0.18632131273087021,0.3004032258064516,0.93125,0.17908653846153846,0.9784172661870504,149,11,683,272,6,0.506165468633097,0.506905277480767
0.18448271096572033,0.3021148036253776,0.9316770186335404,0.18028846153846154,0.9784172661870504,150,11,682,272,6,0.506165468633097,0.506905277480767
0.1844504459049615,0.3038229376257545,0.9320987654320988,0.1814903846153846,0.9784172661870504,151,11,681,272,6,0.506165468633097,0.506905277480767
0.1837005145941477,0.3055276381909548,0.9325153374233128,0.18269230769230768,0.9784172661870504,152,11,680,272,6,0.506165468633097,0.506905277480767
0.18359860900663638,0.30522088353413657,0.926829268292683,0.18269230769230768,0.9784172661870504,152,12,680,272,6,0.506165468633097,0.506905277480767
0.1817928516453099,0.3069207622868606,0.9272727272727272,0.18389423076923078,0.9784172661870504,153,12,679,272,6,0.506165468633097,0.506905277480767
0.18115500404019147,0.3066132264529058,0.9216867469879518,0.18389423076923078,0.9784172661870504,153,13,679,272,6,0.506165468633097,0.506905277480767
0.17943205379721283,0.3083083083083083,0.9221556886227545,0.18509615384615385,0.9784172661870504,154,13,678,272,6,0.506165468633097,0.506905277480767
0.1792386543958303,0.31,0.9226190476190477,0.18629807692307693,0.9784172661870504,155,13,677,272,6,0.506165468633097,0.506905277480767
0.1787655981427031,0.3116883116883117,0.9230769230769231,0.1875,0.9784172661870504,156,13,676,272,6,0.506165468633097,0.506905277480767
0.1785640215682196,0.313373253493014,0.9235294117647059,0.18870192307692307,0.9784172661870504,157,13,675,272,6,0.506165468633097,0.506905277480767
0.17542014432210806,0.3150548354935194,0.9239766081871345,0.18990384615384615,0.9784172661870504,158,13,674,272,6,0.506165468633097,0.506905277480767
0.17492779679270698,0.3147410358565737,0.9186046511627907,0.18990384615384615,0.9748201438848921,158,14,674,271,7,0.506165468633097,0.506905277480767
0.1747057913753971,0.3164179104477612,0.9190751445086706,0.19110576923076922,0.9748201438848921,159,14,673,271,7,0.506165468633097,0.506905277480767
0.17466924163129527,0.31610337972166996,0.9137931034482759,0.19110576923076922,0.9712230215827338,159,15,673,270,8,0.506165468633097,0.506905277480767
0.17449783988104584,0.3157894736842105,0.9085714285714286,0.19110576923076922,0.9676258992805755,159,16,673,269,9,0.506165468633097,0.506905277480767
0.1725614145124722,0.31547619047619047,0.9034090909090909,0.19110576923076922,0.9676258992805755,159,17,673,269,9,0.506165468633097,0.506905277480767
0.1710214130487221,0.31714568880079286,0.903954802259887,0.19230769230769232,0.9676258992805755,160,17,672,269,9,0.506165468633097,0.506905277480767
0.17090998509549427,0.3188118811881188,0.9044943820224719,0.1935096153846154,0.9676258992805755,161,17,671,269,9,0.506165468633097,0.506905277480767
0.17089047250899275,0.32047477744807124,0.9050279329608939,0.19471153846153846,0.9676258992805755,162,17,670,269,9,0.506165468633097,0.506905277480767
0.17087396568220725,0.3201581027667984,0.9,0.19471153846153846,0.9640287769784173,162,18,670,268,10,0.506165468633097,0.506905277480767
0.17060410901142853,0.32181638696939785,0.9005524861878453,0.19591346153846154,0.9640287769784173,163,18,669,268,10,0.506165468633097,0.506905277480767
0.17058719683888057,0.3214990138067061,0.8956043956043956,0.19591346153846154,0.960431654676259,163,19,669,267,11,0.506165468633097,0.506905277480767
0.17025647862068316,0.32315270935960594,0.8961748633879781,0.1971153846153846,0.960431654676259,164,19,668,267,11,0.506165468633097,0.506905277480767
0.16974967852811185,0.3248031496062992,0.8967391304347826,0.19831730769230768,0.960431654676259,165,19,667,267,11,0.506165468633097,0.506905277480767
0.16923602665696574,0.32645034414945917,0.8972972972972973,0.19951923076923078,0.960431654676259,166,19,666,267,11,0.506165468633097,0.506905277480767
0.16893744298360686,0.3280943025540275,0.8978494623655914,0.20072115384615385,0.960431654676259,167,19,665,267,11,0.506165468633097,0.506905277480767
0.16841051534722873,0.3277723258096173,0.893048128342246,0.20072115384615385,0.9568345323741008,167,20,665,266,12,0.506165468633097,0.506905277480767
0.16796160105038915,0.32745098039215687,0.8882978723404256,0.20072115384615385,0.9532374100719424,167,21,665,265,13,0.506165468633097,0.506905277480767
0.16718452811487294,0.32908912830558273,0.8888888888888888,0.20192307692307693,0.9532374100719424,168,21,664,265,13,0.506165468633097,0.506905277480767
0.16570586375488505,0.3287671232876712,0.8842105263157894,0.20192307692307693,0.9532374100719424,168,22,664,265,13,0.506165468633097,0.506905277480767
0.1654764023304296,0.3304007820136852,0.8848167539267016,0.203125,0.9532374100719424,169,22,663,265,13,0.506165468633097,0.506905277480767
0.16521809388641362,0.330078125,0.8802083333333334,0.203125,0.9496402877697842,169,23,663,264,14,0.506165468633097,0.506905277480767
0.16482914063158727,0.33170731707317075,0.8808290155440415,0.20432692307692307,0.9496402877697842,170,23,662,264,14,0.506165468633097,0.506905277480767
0.1642765744505334,0.3333333333333333,0.8814432989690721,0.20552884615384615,0.9496402877697842,171,23,661,264,14,0.506165468633097,0.506905277480767
0.16368671153592756,0.3349561830574489,0.882051282051282,0.20673076923076922,0.9496402877697842,172,23,660,264,14,0.506165468633097,0.506905277480767
0.16095865926770137,0.33657587548638135,0.8826530612244898,0.20793269230769232,0.9496402877697842,173,23,659,264,14,0.506165468633097,0.506905277480767
0.1605662903108458,0.33819241982507287,0.883248730964467,0.2091346153846154,0.9496402877697842,174,23,658,264,14,0.506165468633097,0.506905277480767
0.15889716670475362,0.33980582524271846,0.8838383838383839,0.21033653846153846,0.9496402877697842,175,23,657,264,14,0.506165468633097,0.506905277480767
0.15799221264493468,0.3414161008729389,0.8844221105527639,0.21153846153846154,0.9496402877697842,176,23,656,264,14,0.506165468633097,0.506905277480767
0.15686799962018827,0.3430232558139535,0.885,0.2127403846153846,0.9496402877697842,177,23,655,264,14,0.506165468633097,0.506905277480767
0.1568642762908149,0.34462729912875123,0.8855721393034826,0.21394230769230768,0.9496402877697842,178,23,654,264,14,0.506165468633097,0.506905277480767
0.1563320247668223,0.34622823984526113,0.8861386138613861,0.21514423076923078,0.9496402877697842,179,23,653,264,14,0.506165468633097,0.506905277480767
0.15625030558137715,0.34782608695652173,0.8866995073891626,0.21634615384615385,0.9496402877697842,180,23,652,264,14,0.506165468633097,0.506905277480767
0.15623309036920774,0.34942084942084944,0.8872549019607843,0.21754807692307693,0.9496402877697842,181,23,651,264,14,0.506165468633097,0.506905277480767
0.15605340390840905,0.3510125361620058,0.8878048780487805,0.21875,0.9496402877697842,182,23,650,264,14,0.506165468633097,0.506905277480767
0.15574575052007433,0.35260115606936415,0.8883495145631068,0.21995192307692307,0.9496402877697842,183,23,649,264,14,0.506165468633097,0.506905277480767
0.15570104642513682,0.35418671799807505,0.8888888888888888,0.22115384615384615,0.9496402877697842,184,23,648,264,14,0.506165468633097,0.506905277480767
0.1546102905324011,0.3557692307692308,0.8894230769230769,0.22235576923076922,0.9496402877697842,185,23,647,264,14,0.506165468633097,0.506905277480767
0.15453020721116317,0.3573487031700288,0.8899521531100478,0.22355769230769232,0.9496402877697842,186,23,646,264,14,0.506165468633097,0.506905277480767
0.15445360876508274,0.35892514395393477,0.8904761904761904,0.2247596153846154,0.9496402877697842,187,23,645,264,14,0.506165468633097,0.506905277480767
0.15421917200418683,0.3604985618408437,0.8909952606635071,0.22596153846153846,0.9496402877697842,188,23,644,264,14,0.506165468633097,0.506905277480767
0.15420995953800365,0.3620689655172414,0.8915094339622641,0.22716346153846154,0.9496402877697842,189,23,643,264,14,0.506165468633097,0.506905277480767
0.15387287962510288,0.36363636363636365,0.892018779342723,0.2283653846153846,0.9496402877697842,190,23,642,264,14,0.506165468633097,0.506905277480767
0.15384468288218384,0.3652007648183556,0.8925233644859814,0.22956730769230768,0.9496402877697842,191,23,641,264,14,0.506165468633097,0.506905277480767
0.15359437580546081,0.3667621776504298,0.8930232558139535,0.23076923076923078,0.9496402877697842,192,23,640,264,14,0.506165468633097,0.506905277480767
0.1534608858308557,0.3683206106870229,0.8935185185185185,0.23197115384615385,0.9496402877697842,193,23,639,264,14,0.506165468633097,0.506905277480767
0.15324450913699716,0.36987607244995235,0.8940092165898618,0.23317307692307693,0.9496402877697842,194,23,638,264,14,0.506165468633097,0.506905277480767
0.15297332535154773,0.36952380952380953,0.8899082568807339,0.23317307692307693,0.9496402877697842,194,24,638,264,14,0.506165468633097,0.506905277480767
0.15110794733121535,0.37107516650808753,0.8904109589041096,0.234375,0.9496402877697842,195,24,637,264,14,0.506165468633097,0.506905277480767
0.15082523501395273,0.3726235741444867,0.8909090909090909,0.23557692307692307,0.9496402877697842,196,24,636,264,14,0.506165468633097,0.506905277480767
0.15023300865699218,0.3741690408357075,0.8914027149321267,0.23677884615384615,0.9496402877697842,197,24,635,264,14,0.506165468633097,0.506905277480767
0.1499370949558595,0.3757115749525617,0.8918918918918919,0.23798076923076922,0.9496402877697842,198,24,634,264,14,0.506165468633097,0.506905277480767
0.14945187629530082,0.3753554502369668,0.8878923766816144,0.23798076923076922,0.9496402877697842,198,25,634,264,14,0.506165468633097,0.506905277480767
0.148724069509917,0.3768939393939394,0.8883928571428571,0.23918269230769232,0.9496402877697842,199,25,633,264,14,0.506165468633097,0.506905277480767
0.1486261675286804,0.3784295175023652,0.8888888888888888,0.2403846153846154,0.9496402877697842,200,25,632,264,14,0.506165468633097,0.506905277480767
0.14832201221361258,0.3780718336483932,0.8849557522123894,0.2403846153846154,0.9496402877697842,200,26,632,264,14,0.506165468633097,0.506905277480767
0.1471736466617265,0.37960339943342775,0.8854625550660793,0.24158653846153846,0.9496402877697842,201,26,631,264,14,0.506165468633097,0.506905277480767
0.14716774595083848,0.38113207547169814,0.8859649122807017,0.24278846153846154,0.9496402877697842,202,26,630,264,14,0.506165468633097,0.506905277480767
0.14689768786163843,0.3826578699340245,0.8864628820960698,0.2439903846153846,0.9496402877697842,203,26,629,264,14,0.506165468633097,0.506905277480767
0.14658030710242365,0.3822975517890772,0.8826086956521739,0.2439903846153846,0.9460431654676259,203,27,629,263,15,0.506165468633097,0.506905277480767
0.14648574160310435,0.38381937911571024,0.8831168831168831,0.24519230769230768,0.9460431654676259,204,27,628,263,15,0.506165468633097,0.506905277480767
0.14647315124462706,0.38533834586466165,0.8836206896551724,0.24639423076923078,0.9460431654676259,205,27,627,263,15,0.506165468633097,0.506905277480767
0.1459142149993395,0.38685446009389673,0.8841201716738197,0.24759615384615385,0.9460431654676259,206,27,626,263,15,0.506165468633097,0.506905277480767
0.14566055270320155,0.3883677298311445,0.8846153846153846,0.24879807692307693,0.9460431654676259,207,27,625,263,15,0.506165468633097,0.506905277480767
0.14539855973640692,0.3880037488284911,0.8808510638297873,0.24879807692307693,0.9460431654676259,207,28,625,263,15,0.506165468633097,0.506905277480767
0.14515425886473476,0.38764044943820225,0.8771186440677966,0.24879807692307693,0.9424460431654677,207,29,625,262,16,0.506165468633097,0.506905277480767
0.144669730212186,0.3891487371375117,0.8776371308016878,0.25,0.9424460431654677,208,29,624,262,16,0.506165468633097,0.506905277480767
0.14440872546329708,0.39065420560747666,0.8781512605042017,0.2512019230769231,0.9424460431654677,209,29,623,262,16,0.506165468633097,0.506905277480767
0.1432014941244667,0.39215686274509803,0.8786610878661087,0.25240384615384615,0.9424460431654677,210,29,622,262,16,0.506165468633097,0.506905277480767
0.14319035130635194,0.3917910447761194,0.875,0.25240384615384615,0.9424460431654677,210,30,622,262,16,0.506165468633097,0.506905277480767
0.1430668998489234,0.3932898415657036,0.8755186721991701,0.2536057692307692,0.9424460431654677,211,30,621,262,16,0.506165468633097,0.506905277480767
0.14288368049492906,0.3947858472998138,0.8760330578512396,0.2548076923076923,0.9424460431654677,212,30,620,262,16,0.506165468633097,0.506905277480767
0.14281176074750268,0.39627906976744187,0.8765432098765432,0.25600961538461536,0.9424460431654677,213,30,619,262,16,0.506165468633097,0.506905277480767
0.14271117528508637,0.395910780669145,0.8729508196721312,0.25600961538461536,0.9424460431654677,213,31,619,262,16,0.506165468633097,0.506905277480767
0.14268758511742574,0.39740018570102137,0.8734693877551021,0.25721153846153844,0.9424460431654677,214,31,618,262,16,0.506165468633097,0.506905277480767
0.14261240123278662,0.39888682745825604,0.8739837398373984,0.25841346153846156,0.9424460431654677,215,31,617,262,16,0.506165468633097,0.506905277480767
0.14202720258432344,0.40037071362372567,0.8744939271255061,0.25961538461538464,0.9424460431654677,216,31,616,262,16,0.506165468633097,0.506905277480767
0.14103588674941514,0.40185185185185185,0.875,0.2608173076923077,0.9424460431654677,217,31,615,262,16,0.506165468633097,0.506905277480767
0.14008151381152611,0.40333024976873266,0.8755020080321285,0.2620192307692308,0.9424460431654677,218,31,614,262,16,0.506165468633097,0.506905277480767
0.1397536108324825,0.4048059149722736,0.876,0.26322115384615385,0.9424460431654677,219,31,613,262,16,0.506165468633097,0.506905277480767
0.13973536345329285,0.40627885503231764,0.8764940239043825,0.2644230769230769,0.9424460431654677,220,31,612,262,16,0.506165468633097,0.506905277480767
0.13972347406426983,0.4077490774907749,0.876984126984127,0.265625,0.9424460431654677,221,31,611,262,16,0.506165468633097,0.506905277480767
0.1391097924011958,0.4073732718894009,0.8735177865612648,0.265625,0.9424460431654677,221,32,611,262,16,0.506165468633097,0.506905277480767
0.13892838270408014,0.4088397790055249,0.8740157480314961,0.2668269230769231,0.9424460431654677,222,32,610,262,16,0.506165468633097,0.506905277480767
0.13860730574978686,0.41030358785648574,0.8745098039215686,0.26802884615384615,0.9424460431654677,223,32,609,262,16,0.506165468633097,0.506905277480767
0.13857910743957524,0.4117647058823529,0.875,0.2692307692307692,0.9424460431654677,224,32,608,262,16,0.506165468633097,0.506905277480767
0.13846909392436635,0.411386593204775,0.8715953307392996,0.2692307692307692,0.9424460431654677,224,33,608,262,16,0.506165468633097,0.506905277480767
0.13642401918807479,0.41100917431192663,0.8682170542635659,0.2692307692307692,0.9388489208633094,224,34,608,261,17,0.506165468633097,0.506905277480767
0.13632610318087313,0.4106324472960587,0.8648648648648649,0.2692307692307692,0.935251798561151,224,35,608,260,18,0.506165468633097,0.506905277480767
0.13575100573229226,0.41025641025641024,0.8615384615384616,0.2692307692307692,0.935251798561151,224,36,608,260,18,0.506165468633097,0.506905277480767
0.13524913036910163,0.41171088746569073,0.8620689655172413,0.2704326923076923,0.935251798561151,225,36,607,260,18,0.506165468633097,0.506905277480767
0.13506164782951857,0.41316270566727603,0.8625954198473282,0.27163461538461536,0.935251798561151,226,36,606,260,18,0.506165468633097,0.506905277480767
0.13467894616861065,0.4146118721461187,0.8631178707224335,0.27283653846153844,0.935251798561151,227,36,605,260,18,0.506165468633097,0.506905277480767
0.13448141493218735,0.41605839416058393,0.8636363636363636,0.27403846153846156,0.935251798561151,228,36,604,260,18,0.506165468633097,0.506905277480767
0.13327588018540737,0.41750227894257064,0.8641509433962264,0.27524038461538464,0.935251798561151,229,36,603,260,18,0.506165468633097,0.506905277480767
0.1331732758754116,0.41712204007285975,0.8609022556390977,0.27524038461538464,0.935251798561151,229,37,603,260,18,0.506165468633097,0.506905277480767
0.13297961377708234,0.41856232939035487,0.8614232209737828,0.2764423076923077,0.935251798561151,230,37,602,260,18,0.506165468633097,0.506905277480767
0.13217137399822476,0.42,0.8619402985074627,0.2776442307692308,0.935251798561151,231,37,601,260,18,0.506165468633097,0.506905277480767
0.13206539538599749,0.4214350590372389,0.862453531598513,0.27884615384615385,0.935251798561151,232,37,600,260,18,0.506165468633097,0.506905277480767
0.1315060048488994,0.42286751361161523,0.8629629629629629,0.2800480769230769,0.935251798561151,233,37,599,260,18,0.506165468633097,0.506905277480767
0.1305512687745225,0.4242973708068903,0.8634686346863468,0.28125,0.935251798561151,234,37,598,260,18,0.506165468633097,0.506905277480767
0.13053020748866184,0.4257246376811594,0.8639705882352942,0.2824519230769231,0.935251798561151,235,37,597,260,18,0.506165468633097,0.506905277480767
0.13010148405393712,0.4271493212669683,0.8644688644688645,0.28365384615384615,0.935251798561151,236,37,596,260,18,0.506165468633097,0.506905277480767
0.1293759083279672,0.42857142857142855,0.864963503649635,0.2848557692307692,0.935251798561151,237,37,595,260,18,0.506165468633097,0.506905277480767
0.12901584145260592,0.4281842818428184,0.8618181818181818,0.2848557692307692,0.9316546762589928,237,38,595,259,19,0.506165468633097,0.506905277480767
0.12743252146420947,0.4296028880866426,0.8623188405797102,0.2860576923076923,0.9316546762589928,238,38,594,259,19,0.506165468633097,0.506905277480767
0.12611293795357337,0.4310189359783589,0.8628158844765343,0.28725961538461536,0.9316546762589928,239,38,593,259,19,0.506165468633097,0.506905277480767
0.12585472763587358,0.43243243243243246,0.8633093525179856,0.28846153846153844,0.9316546762589928,240,38,592,259,19,0.506165468633097,0.506905277480767
0.12545161561375595,0.43384338433843384,0.8637992831541219,0.28966346153846156,0.9316546762589928,241,38,591,259,19,0.506165468633097,0.506905277480767
0.12484458320743896,0.43345323741007197,0.8607142857142858,0.28966346153846156,0.9280575539568345,241,39,591,258,20,0.506165468633097,0.506905277480767
0.12476834953707039,0.4330637915543576,0.8576512455516014,0.28966346153846156,0.9244604316546763,241,40,591,257,21,0.506165468633097,0.506905277480767
0.12447178433876316,0.43447037701974867,0.8581560283687943,0.29086538461538464,0.9244604316546763,242,40,590,257,21,0.506165468633097,0.506905277480767
0.12440267316532672,0.4358744394618834,0.8586572438162544,0.2920673076923077,0.9244604316546763,243,40,589,257,21,0.506165468633097,0.506905277480767
0.12427117992172054,0.43727598566308246,0.8591549295774648,0.2932692307692308,0.9244604316546763,244,40,588,257,21,0.506165468633097,0.506905277480767
0.12406601662619787,0.4386750223813787,0.8596491228070176,0.29447115384615385,0.9244604316546763,245,40,587,257,21,0.506165468633097,0.506905277480767
0.12357324967513361,0.4400715563506261,0.8601398601398601,0.2956730769230769,0.9244604316546763,246,40,586,257,21,0.506165468633097,0.506905277480767
0.12349697127741355,0.44146559428060766,0.8606271777003485,0.296875,0.9244604316546763,247,40,585,257,21,0.506165468633097,0.506905277480767
0.12299476143333998,0.44285714285714284,0.8611111111111112,0.2980769230769231,0.9244604316546763,248,40,584,257,21,0.506165468633097,0.506905277480767
0.12298460361817809,0.4424620874219447,0.8581314878892734,0.2980769230769231,0.9244604316546763,248,41,584,257,21,0.506165468633097,0.506905277480767
0.12287657154898202,0.44206773618538325,0.8551724137931035,0.2980769230769231,0.9244604316546763,248,42,584,257,21,0.506165468633097,0.506905277480767
0.12241194448065529,0.44345503116651824,0.8556701030927835,0.29927884615384615,0.9244604316546763,249,42,583,257,21,0.506165468633097,0.506905277480767
0.12235830703715878,0.44483985765124556,0.8561643835616438,0.3004807692307692,0.9244604316546763,250,42,582,257,21,0.506165468633097,0.506905277480767
0.12232017518302973,0.44622222222222224,0.856655290102389,0.3016826923076923,0.9244604316546763,251,42,581,257,21,0.506165468633097,0.506905277480767
0.1205359420394796,0.44760213143872113,0.8571428571428571,0.30288461538461536,0.9244604316546763,252,42,580,257,21,0.506165468633097,0.506905277480767
0.12050213100104623,0.4472049689440994,0.8542372881355932,0.30288461538461536,0.9244604316546763,252,43,580,257,21,0.506165468633097,0.506905277480767
0.1203907465836005,0.44858156028368795,0.8547297297297297,0.30408653846153844,0.9244604316546763,253,43,579,257,21,0.506165468633097,0.506905277480767
0.11911722994154628,0.449955713020372,0.8552188552188552,0.30528846153846156,0.9244604316546763,254,43,578,257,21,0.506165468633097,0.506905277480767
0.1189270684953132,0.45132743362831856,0.8557046979865772,0.30649038461538464,0.9244604316546763,255,43,577,257,21,0.506165468633097,0.506905277480767
0.11849154111764881,0.4526967285587975,0.8561872909698997,0.3076923076923077,0.9244604316546763,256,43,576,257,21,0.506165468633097,0.506905277480767
0.1184428139604971,0.4540636042402827,0.8566666666666667,0.3088942307692308,0.9244604316546763,257,43,575,257,21,0.506165468633097,0.506905277480767
0.11826584592279565,0.45366284201235657,0.8538205980066446,0.3088942307692308,0.920863309352518,257,44,575,256,22,0.506165468633097,0.506905277480767
0.11770526468306808,0.4532627865961199,0.8509933774834437,0.3088942307692308,0.9172661870503597,257,45,575,255,23,0.506165468633097,0.506905277480767
0.11736227123583509,0.452863436123348,0.8481848184818482,0.3088942307692308,0.9136690647482014,257,46,575,254,24,0.506165468633097,0.506905277480767
0.11647304369689393,0.45422535211267606,0.8486842105263158,0.31009615384615385,0.9136690647482014,258,46,574,254,24,0.506165468633097,0.506905277480767
0.1155498604255778,0.455584872471416,0.8491803278688524,0.3112980769230769,0.9136690647482014,259,46,573,254,24,0.506165468633097,0.506905277480767
0.11512267610673466,0.45694200351493847,0.8496732026143791,0.3125,0.9136690647482014,260,46,572,254,24,0.506165468633097,0.506905277480767
0.1148512153930964,0.456540825285338,0.8469055374592834,0.3125,0.9136690647482014,260,47,572,254,24,0.506165468633097,0.506905277480767
0.11471703518228915,0.45789473684210524,0.8474025974025974,0.3137019230769231,0.9136690647482014,261,47,571,254,24,0.506165468633097,0.506905277480767
0.11468692753520415,0.45924627519719546,0.8478964401294499,0.31490384615384615,0.9136690647482014,262,47,570,254,24,0.506165468633097,0.506905277480767
0.11453118021964703,0.46059544658493873,0.8483870967741935,0.3161057692307692,0.9136690647482014,263,47,569,254,24,0.506165468633097,0.506905277480767
0.1145016217852231,0.46194225721784776,0.8488745980707395,0.3173076923076923,0.9136690647482014,264,47,568,254,24,0.506165468633097,0.506905277480767
0.11423325942674789,0.4632867132867133,0.8493589743589743,0.31850961538461536,0.9136690647482014,265,47,567,254,24,0.506165468633097,0.506905277480767
0.1141593463155055,0.462882096069869,0.8466453674121406,0.31850961538461536,0.9100719424460432,265,48,567,253,25,0.506165468633097,0.506905277480767
0.1130365135750806,0.462478184991274,0.8439490445859873,0.31850961538461536,0.9064748201438849,265,49,567,252,26,0.506165468633097,0.506905277480767
0.11302378521977774,0.4638186573670445,0.8444444444444444,0.31971153846153844,0.9064748201438849,266,49,566,252,26,0.506165468633097,0.506905277480767
0.1126539828965929,0.4634146341463415,0.8417721518987342,0.31971153846153844,0.9064748201438849,266,50,566,252,26,0.506165468633097,0.506905277480767
0.11238047836966047,0.46475195822454307,0.8422712933753943,0.32091346153846156,0.9064748201438849,267,50,565,252,26,0.506165468633097,0.506905277480767
0.11142798344740545,0.46608695652173915,0.8427672955974843,0.32211538461538464,0.9064748201438849,268,50,564,252,26,0.506165468633097,0.506905277480767
0.11105400415784561,0.46741963509991313,0.8432601880877743,0.3233173076923077,0.9064748201438849,269,50,563,252,26,0.506165468633097,0.506905277480767
0.11081937782447521,0.46875,0.84375,0.3245192307692308,0.9064748201438849,270,50,562,252,26,0.506165468633097,0.506905277480767
0.11068630873425056,0.4683434518647008,0.8411214953271028,0.3245192307692308,0.9064748201438849,270,51,562,252,26,0.506165468633097,0.506905277480767
0.11008108088074242,0.4696707105719237,0.8416149068322981,0.32572115384615385,0.9064748201438849,271,51,561,252,26,0.506165468633097,0.506905277480767
0.11005356134067507,0.470995670995671,0.8421052631578947,0.3269230769230769,0.9064748201438849,272,51,560,252,26,0.506165468633097,0.506905277480767
0.1099082224314577,0.47231833910034604,0.8425925925925926,0.328125,0.9064748201438849,273,51,559,252,26,0.506165468633097,0.506905277480767
0.10951020269028017,0.47191011235955055,0.84,0.328125,0.9028776978417267,273,52,559,251,27,0.506165468633097,0.506905277480767
0.1092012275602765,0.47322970639032813,0.8404907975460123,0.3293269230769231,0.9028776978417267,274,52,558,251,27,0.506165468633097,0.506905277480767
0.10915884588418578,0.4728213977566868,0.8379204892966361,0.3293269230769231,0.8992805755395683,274,53,558,250,28,0.506165468633097,0.506905277480767
0.1088664311166167,0.4724137931034483,0.8353658536585366,0.3293269230769231,0.8992805755395683,274,54,558,250,28,0.506165468633097,0.506905277480767
0.10870544120458725,0.4720068906115418,0.8328267477203647,0.3293269230769231,0.8992805755395683,274,55,558,250,28,0.506165468633097,0.506905277480767
0.10856560940889215,0.47332185886402756,0.8333333333333334,0.33052884615384615,0.8992805755395683,275,55,557,250,28,0.506165468633097,0.506905277480767
0.10853554530435727,0.47463456577815993,0.8338368580060423,0.3317307692307692,0.8992805755395683,276,55,556,250,28,0.506165468633097,0.506905277480767
0.10850341250465922,0.47594501718213056,0.8343373493975904,0.3329326923076923,0.8992805755395683,277,55,555,250,28,0.506165468633097,0.506905277480767
0.10833573825967957,0.4755364806866953,0.8318318318318318,0.3329326923076923,0.8992805755395683,277,56,555,250,28,0.506165468633097,0.506905277480767
0.10814533528880571,0.47684391080617494,0.8323353293413174,0.33413461538461536,0.8992805755395683,278,56,554,250,28,0.506165468633097,0.506905277480767
0.10782378858644687,0.4781491002570694,0.8328358208955224,0.33533653846153844,0.8992805755395683,279,56,553,250,28,0.506165468633097,0.506905277480767
0.10781636780852849,0.4794520547945205,0.8333333333333334,0.33653846153846156,0.8992805755395683,280,56,552,250,28,0.506165468633097,0.506905277480767
0.10773810590956734,0.48075278015397777,0.8338278931750742,0.33774038461538464,0.8992805755395683,281,56,551,250,28,0.506165468633097,0.506905277480767
0.10691973339437044,0.48205128205128206,0.834319526627219,0.3389423076923077,0.8992805755395683,282,56,550,250,28,0.506165468633097,0.506905277480767
0.10677722577680937,0.4816396242527754,0.831858407079646,0.3389423076923077,0.89568345323741,282,57,550,249,29,0.506165468633097,0.506905277480767
0.10642613964127307,0.48293515358361777,0.8323529411764706,0.3401442307692308,0.89568345323741,283,57,549,249,29,0.506165468633097,0.506905277480767
0.10622967688355472,0.4825234441602728,0.8299120234604106,0.3401442307692308,0.89568345323741,283,58,549,249,29,0.506165468633097,0.506905277480767
0.10622689258997442,0.4838160136286201,0.8304093567251462,0.34134615384615385,0.89568345323741,284,58,548,249,29,0.506165468633097,0.506905277480767
0.1057177053232854,0.4851063829787234,0.8309037900874635,0.3425480769230769,0.89568345323741,285,58,547,249,29,0.506165468633097,0.506905277480767
0.10514732407146149,0.4846938775510204,0.8284883720930233,0.3425480769230769,0.8920863309352518,285,59,547,248,30,0.506165468633097,0.506905277480767
0.1048146581736008,0.48598130841121495,0.8289855072463768,0.34375,0.8920863309352518,286,59,546,248,30,0.506165468633097,0.506905277480767
0.10479266723098368,0.4872665534804754,0.8294797687861272,0.3449519230769231,0.8920863309352518,287,59,545,248,30,0.506165468633097,0.506905277480767
0.10424439191937229,0.48854961832061067,0.829971181556196,0.34615384615384615,0.8920863309352518,288,59,544,248,30,0.506165468633097,0.506905277480767
0.10384741698491928,0.48983050847457626,0.8304597701149425,0.3473557692307692,0.8920863309352518,289,59,543,248,30,0.506165468633097,0.506905277480767
0.10337379099188504,0.489415749364945,0.828080229226361,0.3473557692307692,0.8920863309352518,289,60,543,248,30,0.506165468633097,0.506905277480767
0.10299166689412576,0.4890016920473773,0.8257142857142857,0.3473557692307692,0.8920863309352518,289,61,543,248,30,0.506165468633097,0.506905277480767
0.10293650153453399,0.4885883347421809,0.8233618233618234,0.3473557692307692,0.8884892086330936,289,62,543,247,31,0.506165468633097,0.506905277480767
0.10245067301112593,0.48817567567567566,0.8210227272727273,0.3473557692307692,0.8848920863309353,289,63,543,246,32,0.506165468633097,0.506905277480767
0.10195307476844395,0.4877637130801688,0.8186968838526912,0.3473557692307692,0.8848920863309353,289,64,543,246,32,0.506165468633097,0.506905277480767
0.101885760399828,0.4873524451939292,0.8163841807909604,0.3473557692307692,0.8848920863309353,289,65,543,246,32,0.506165468633097,0.506905277480767
0.10128682662851629,0.4886267902274642,0.8169014084507042,0.3485576923076923,0.8848920863309353,290,65,542,246,32,0.506165468633097,0.506905277480767
0.10093190748297676,0.4882154882154882,0.8146067415730337,0.3485576923076923,0.8812949640287769,290,66,542,245,33,0.506165468633097,0.506905277480767
0.10064900910295038,0.4894869638351556,0.8151260504201681,0.34975961538461536,0.8812949640287769,291,66,541,245,33,0.506165468633097,0.506905277480767
0.1006383612658246,0.4907563025210084,0.8156424581005587,0.35096153846153844,0.8812949640287769,292,66,540,245,33,0.506165468633097,0.506905277480767
0.10024632133849587,0.4920235096557515,0.8161559888579387,0.35216346153846156,0.8812949640287769,293,66,539,245,33,0.506165468633097,0.506905277480767
0.09982314566057054,0.49328859060402686,0.8166666666666667,0.35336538461538464,0.8812949640287769,294,66,538,245,33,0.506165468633097,0.506905277480767
0.09944052195067443,0.4945515507124895,0.817174515235457,0.3545673076923077,0.8812949640287769,295,66,537,245,33,0.506165468633097,0.506905277480767
0.09931348340166513,0.49581239530988275,0.8176795580110497,0.3557692307692308,0.8812949640287769,296,66,536,245,33,0.506165468633097,0.506905277480767
0.09908887206904204,0.497071129707113,0.8181818181818182,0.35697115384615385,0.8812949640287769,297,66,535,245,33,0.506165468633097,0.506905277480767
0.0982439163304829,0.49665551839464883,0.8159340659340659,0.35697115384615385,0.8812949640287769,297,67,535,245,33,0.506165468633097,0.506905277480767
0.0981891974811207,0.49624060150375937,0.8136986301369863,0.35697115384615385,0.8776978417266187,297,68,535,244,34,0.506165468633097,0.506905277480767
0.09809212413125168,0.4974958263772955,0.8142076502732241,0.3581730769230769,0.8776978417266187,298,68,534,244,34,0.506165468633097,0.506905277480767
0.0980652953739991,0.4987489574645538,0.8147138964577657,0.359375,0.8776978417266187,299,68,533,244,34,0.506165468633097,0.506905277480767
0.09767170962925686,0.5,0.8152173913043478,0.3605769230769231,0.8776978417266187,300,68,532,244,34,0.506165468633097,0.506905277480767
0.09642674176300098,0.4995836802664446,0.8130081300813008,0.3605769230769231,0.8741007194244604,300,69,532,243,35,0.506165468633097,0.506905277480767
0.09619857932426956,0.49916805324459235,0.8108108108108109,0.3605769230769231,0.8741007194244604,300,70,532,243,35,0.506165468633097,0.506905277480767
0.09605004226778968,0.5004156275976724,0.8113207547169812,0.36177884615384615,0.8741007194244604,301,70,531,243,35,0.506165468633097,0.506905277480767
0.09585560952132244,0.5016611295681063,0.8118279569892473,0.3629807692307692,0.8741007194244604,302,70,530,243,35,0.506165468633097,0.506905277480767
0.09473974139208702,0.5029045643153527,0.8123324396782842,0.3641826923076923,0.8741007194244604,303,70,529,243,35,0.506165468633097,0.506905277480767
0.09438479393875066,0.5041459369817579,0.8128342245989305,0.36538461538461536,0.8741007194244604,304,70,528,243,35,0.506165468633097,0.506905277480767
0.09430921801096859,0.503728251864126,0.8106666666666666,0.36538461538461536,0.8705035971223022,304,71,528,242,36,0.506165468633097,0.506905277480767
0.09350009752891686,0.5049668874172185,0.8111702127659575,0.36658653846153844,0.8705035971223022,305,71,527,242,36,0.506165468633097,0.506905277480767
0.09346746006164364,0.5062034739454094,0.8116710875331565,0.36778846153846156,0.8705035971223022,306,71,526,242,36,0.506165468633097,0.506905277480767
0.09333201063494012,0.5074380165289256,0.8121693121693122,0.36899038461538464,0.8705035971223022,307,71,525,242,36,0.506165468633097,0.506905277480767
0.09286521286314908,0.5086705202312138,0.8126649076517151,0.3701923076923077,0.8705035971223022,308,71,524,242,36,0.506165468633097,0.506905277480767
0.09144955585270748,0.5082508250825083,0.8105263157894737,0.3701923076923077,0.8669064748201439,308,72,524,241,37,0.506165468633097,0.506905277480767
0.09137875743251056,0.5094806265457543,0.8110236220472441,0.3713942307692308,0.8669064748201439,309,72,523,241,37,0.506165468633097,0.506905277480767
0.0913304371212944,0.5107084019769358,0.8115183246073299,0.37259615384615385,0.8669064748201439,310,72,522,241,37,0.506165468633097,0.506905277480767
0.09105470590198417,0.5119341563786008,0.8120104438642297,0.3737980769230769,0.8669064748201439,311,72,521,241,37,0.506165468633097,0.506905277480767
0.09084446896597853,0.5131578947368421,0.8125,0.375,0.8669064748201439,312,72,520,241,37,0.506165468633097,0.506905277480767
0.09075019317642896,0.514379622021364,0.812987012987013,0.3762019230769231,0.8669064748201439,313,72,519,241,37,0.506165468633097,0.506905277480767
0.09071409755196636,0.5155993431855501,0.8134715025906736,0.37740384615384615,0.8669064748201439,314,72,518,241,37,0.506165468633097,0.506905277480767
0.09060733659678899,0.5151763740771124,0.8113695090439277,0.37740384615384615,0.8669064748201439,314,73,518,241,37,0.506165468633097,0.506905277480767
0.09054311437106899,0.5147540983606558,0.8092783505154639,0.37740384615384615,0.8633093525179856,314,74,518,240,38,0.506165468633097,0.506905277480767
0.09047003592421021,0.5143325143325144,0.8071979434447301,0.37740384615384615,0.8597122302158273,314,75,518,239,39,0.506165468633097,0.506905277480767
0.0898756781489286,0.513911620294599,0.8051282051282052,0.37740384615384615,0.8561151079136691,314,76,518,238,40,0.506165468633097,0.506905277480767
0.08969823118202758,0.5134914145543745,0.80306905370844,0.37740384615384615,0.8561151079136691,314,77,518,238,40,0.506165468633097,0.506905277480767
0.0896424648736247,0.5130718954248366,0.8010204081632653,0.37740384615384615,0.8561151079136691,314,78,518,238,40,0.506165468633097,0.506905277480767
0.08908356027907838,0.5126530612244898,0.7989821882951654,0.37740384615384615,0.8561151079136691,314,79,518,238,40,0.506165468633097,0.506905277480767
0.08895821344891608,0.5138662316476346,0.799492385786802,0.3786057692307692,0.8561151079136691,315,79,517,238,40,0.506165468633097,0.506905277480767
0.0888173081939726,0.515077424612877,0.8,0.3798076923076923,0.8561151079136691,316,79,516,238,40,0.506165468633097,0.506905277480767
0.08849255606957007,0.5146579804560261,0.797979797979798,0.3798076923076923,0.8561151079136691,316,80,516,238,40,0.506165468633097,0.506905277480767
0.0884669520111867,0.51586655817738,0.7984886649874056,0.38100961538461536,0.8561151079136691,317,80,515,238,40,0.506165468633097,0.506905277480767
0.08817715169875917,0.5154471544715448,0.7964824120603015,0.38100961538461536,0.8561151079136691,317,81,515,238,40,0.506165468633097,0.506905277480767
0.08711064099929966,0.5150284321689683,0.7944862155388471,0.38100961538461536,0.8561151079136691,317,82,515,238,40,0.506165468633097,0.506905277480767
0.0867364110864205,0.5146103896103896,0.7925,0.38100961538461536,0.8525179856115108,317,83,515,237,41,0.506165468633097,0.506905277480767
0.08642874239588838,0.5158150851581509,0.7930174563591023,0.38221153846153844,0.8525179856115108,318,83,514,237,41,0.506165468633097,0.506905277480767
0.0861450648129568,0.5153970826580226,0.7910447761194029,0.38221153846153844,0.8489208633093526,318,84,514,236,42,0.506165468633097,0.506905277480767
0.08569328068907467,0.5149797570850202,0.7890818858560794,0.38221153846153844,0.8453237410071942,318,85,514,235,43,0.506165468633097,0.506905277480767
0.08568190459961555,0.5161812297734628,0.7896039603960396,0.38341346153846156,0.8453237410071942,319,85,513,235,43,0.506165468633097,0.506905277480767
0.0855973026433583,0.5173807599029911,0.7901234567901234,0.38461538461538464,0.8453237410071942,320,85,512,235,43,0.506165468633097,0.506905277480767
0.08501066387755163,0.518578352180937,0.7906403940886699,0.3858173076923077,0.8453237410071942,321,85,511,235,43,0.506165468633097,0.506905277480767
0.08493344790030166,0.519774011299435,0.7911547911547911,0.3870192307692308,0.8453237410071942,322,85,510,235,43,0.506165468633097,0.506905277480767
0.08487569952563656,0.5209677419354839,0.7916666666666666,0.38822115384615385,0.8453237410071942,323,85,509,235,43,0.506165468633097,0.506905277480767
0.08473313703133983,0.5205479452054794,0.7897310513447433,0.38822115384615385,0.841726618705036,323,86,509,234,44,0.506165468633097,0.506905277480767
0.08435554525001038,0.5201288244766505,0.7878048780487805,0.38822115384615385,0.8381294964028777,323,87,509,233,45,0.506165468633097,0.506905277480767
0.08427912854783293,0.5213193885760258,0.7883211678832117,0.3894230769230769,0.8381294964028777,324,87,508,233,45,0.506165468633097,0.506905277480767
0.08400982720819483,0.5209003215434084,0.7864077669902912,0.3894230769230769,0.8345323741007195,324,88,508,232,46,0.506165468633097,0.506905277480767
0.0839413823382521,0.5220883534136547,0.7869249394673123,0.390625,0.8345323741007195,325,88,507,232,46,0.506165468633097,0.506905277480767
0.08386628846271571,0.5232744783306581,0.7874396135265701,0.3918269230769231,0.8345323741007195,326,88,506,232,46,0.506165468633097,0.506905277480767
0.08300546955782884,0.5228548516439455,0.7855421686746988,0.3918269230769231,0.8345323741007195,326,89,506,232,46,0.506165468633097,0.506905277480767
0.08290144263193078,0.5240384615384616,0.7860576923076923,0.39302884615384615,0.8345323741007195,327,89,505,232,46,0.506165468633097,0.506905277480767
0.0828473797271756,0.5252201761409128,0.7865707434052758,0.3942307692307692,0.8345323741007195,328,89,504,232,46,0.506165468633097,0.506905277480767
0.08263886525423558,0.5264,0.7870813397129187,0.3954326923076923,0.8345323741007195,329,89,503,232,46,0.506165468633097,0.506905277480767
0.08223959860026175,0.5259792166266987,0.7852028639618138,0.3954326923076923,0.8309352517985612,329,90,503,231,47,0.506165468633097,0.506905277480767
0.08209647106831319,0.5271565495207667,0.7857142857142857,0.39663461538461536,0.8309352517985612,330,90,502,231,47,0.506165468633097,0.506905277480767
0.08193384729260722,0.5267358339984038,0.7838479809976246,0.39663461538461536,0.8309352517985612,330,91,502,231,47,0.506165468633097,0.506905277480767
0.08129444155715826,0.5279106858054227,0.7843601895734598,0.39783653846153844,0.8309352517985612,331,91,501,231,47,0.506165468633097,0.506905277480767
0.08128358300491911,0.5290836653386454,0.7848699763593381,0.39903846153846156,0.8309352517985612,332,91,500,231,47,0.506165468633097,0.506905277480767
0.08127265013662377,0.5286624203821656,0.7830188679245284,0.39903846153846156,0.8273381294964028,332,92,500,230,48,0.506165468633097,0.506905277480767
0.08074276186953455,0.52824184566428,0.7811764705882352,0.39903846153846156,0.8237410071942446,332,93,500,229,49,0.506165468633097,0.506905277480767
0.0806546937818301,0.5278219395866455,0.7793427230046949,0.39903846153846156,0.8201438848920863,332,94,500,228,50,0.506165468633097,0.506905277480767
0.08054446189192177,0.5289912629070691,0.7798594847775175,0.40024038461538464,0.8201438848920863,333,94,499,228,50,0.506165468633097,0.506905277480767
0.08041313372170378,0.5301587301587302,0.780373831775701,0.4014423076923077,0.8201438848920863,334,94,498,228,50,0.506165468633097,0.506905277480767
0.08040168520081536,0.5313243457573354,0.7808857808857809,0.4026442307692308,0.8201438848920863,335,94,497,228,50,0.506165468633097,0.506905277480767
0.07998297350660721,0.5324881141045958,0.7813953488372093,0.40384615384615385,0.8201438848920863,336,94,496,228,50,0.506165468633097,0.506905277480767
0.07995338049766532,0.5336500395882818,0.7819025522041764,0.4050480769230769,0.8201438848920863,337,94,495,228,50,0.506165468633097,0.506905277480767
0.07956831059744046,0.5348101265822784,0.7824074074074074,0.40625,0.8201438848920863,338,94,494,228,50,0.506165468633097,0.506905277480767
0.07948397481323555,0.5359683794466403,0.7829099307159353,0.4074519230769231,0.8201438848920863,339,94,493,228,50,0.506165468633097,0.506905277480767
0.07922429552773524,0.5355450236966824,0.7811059907834101,0.4074519230769231,0.8201438848920863,339,95,493,228,50,0.506165468633097,0.506905277480767
0.07909149674436067,0.5367008681925809,0.7816091954022989,0.40865384615384615,0.8201438848920863,340,95,492,228,50,0.506165468633097,0.506905277480767
0.07841173318641559,0.5378548895899053,0.7821100917431193,0.4098557692307692,0.8201438848920863,341,95,491,228,50,0.506165468633097,0.506905277480767
0.07812305715400514,0.5390070921985816,0.782608695652174,0.4110576923076923,0.8201438848920863,342,95,490,228,50,0.506165468633097,0.506905277480767
0.07799859595072267,0.5401574803149606,0.7831050228310502,0.41225961538461536,0.8201438848920863,343,95,489,228,50,0.506165468633097,0.506905277480767
0.0778311093050651,0.5413060582218725,0.7835990888382688,0.41346153846153844,0.8201438848920863,344,95,488,228,50,0.506165468633097,0.506905277480767
0.07754601468356048,0.5408805031446541,0.7818181818181819,0.41346153846153844,0.8201438848920863,344,96,488,228,50,0.506165468633097,0.506905277480767
0.07736960460382275,0.5404556166535742,0.780045351473923,0.41346153846153844,0.8165467625899281,344,97,488,227,51,0.506165468633097,0.506905277480767
0.07720192691450989,0.5400313971742543,0.7782805429864253,0.41346153846153844,0.8165467625899281,344,98,488,227,51,0.506165468633097,0.506905277480767
0.0769981339440261,0.5396078431372549,0.7765237020316027,0.41346153846153844,0.8165467625899281,344,99,488,227,51,0.506165468633097,0.506905277480767
0.0767003410657856,0.5407523510971787,0.777027027027027,0.41466346153846156,0.8165467625899281,345,99,487,227,51,0.506165468633097,0.506905277480767
0.07650747667215552,0.5403288958496476,0.7752808988764045,0.41466346153846156,0.8129496402877698,345,100,487,226,52,0.506165468633097,0.506905277480767
0.07638968969248705,0.539906103286385,0.773542600896861,0.41466346153846156,0.8129496402877698,345,101,487,226,52,0.506165468633097,0.506905277480767
0.07624536574083568,0.5410476935105551,0.7740492170022372,0.41586538461538464,0.8129496402877698,346,101,486,226,52,0.506165468633097,0.506905277480767
0.07615593051761954,0.5421875,0.7745535714285714,0.4170673076923077,0.8129496402877698,347,101,485,226,52,0.506165468633097,0.506905277480767
0.07562626086452973,0.5417642466822795,0.7728285077951003,0.4170673076923077,0.8093525179856115,347,102,485,225,53,0.506165468633097,0.506905277480767
0.07538178664108952,0.5429017160686428,0.7733333333333333,0.4182692307692308,0.8093525179856115,348,102,484,225,53,0.506165468633097,0.506905277480767
0.07521255530677673,0.5424785658612626,0.7716186252771619,0.4182692307692308,0.8093525179856115,348,103,484,225,53,0.506165468633097,0.506905277480767
0.07512893668301579,0.5420560747663551,0.7699115044247787,0.4182692307692308,0.8093525179856115,348,104,484,225,53,0.506165468633097,0.506905277480767
0.07510562724070019,0.5416342412451361,0.7682119205298014,0.4182692307692308,0.8057553956834532,348,105,484,224,54,0.506165468633097,0.506905277480767
0.07492743986279282,0.5412130637636081,0.7665198237885462,0.4182692307692308,0.802158273381295,348,106,484,223,55,0.506165468633097,0.506905277480767
0.07464129981311807,0.5423465423465423,0.7670329670329671,0.41947115384615385,0.802158273381295,349,106,483,223,55,0.506165468633097,0.506905277480767
0.07430990719987618,0.5434782608695652,0.7675438596491229,0.4206730769230769,0.802158273381295,350,106,482,223,55,0.506165468633097,0.506905277480767
0.07425184751441449,0.5430566330488751,0.7658643326039387,0.4206730769230769,0.802158273381295,350,107,482,223,55,0.506165468633097,0.506905277480767
0.07403922553490683,0.5441860465116279,0.7663755458515283,0.421875,0.802158273381295,351,107,481,223,55,0.506165468633097,0.506905277480767
0.07393721875934378,0.5453137103020914,0.7668845315904139,0.4230769230769231,0.802158273381295,352,107,480,223,55,0.506165468633097,0.506905277480767
0.07307812756473447,0.5464396284829721,0.7673913043478261,0.42427884615384615,0.802158273381295,353,107,479,223,55,0.506165468633097,0.506905277480767
0.0726430907399967,0.5475638051044084,0.7678958785249458,0.4254807692307692,0.802158273381295,354,107,478,223,55,0.506165468633097,0.506905277480767
0.07262673843088013,0.5471406491499228,0.7662337662337663,0.4254807692307692,0.7985611510791367,354,108,478,222,56,0.506165468633097,0.506905277480767
0.072523898097,0.5482625482625483,0.7667386609071274,0.4266826923076923,0.7985611510791367,355,108,477,222,56,0.506165468633097,0.506905277480767
0.07207296630851301,0.5493827160493827,0.7672413793103449,0.42788461538461536,0.7985611510791367,356,108,476,222,56,0.506165468633097,0.506905277480767
0.07203077549245251,0.5505011565150347,0.7677419354838709,0.42908653846153844,0.7985611510791367,357,108,475,222,56,0.506165468633097,0.506905277480767
0.07101725739861475,0.5500770416024653,0.7660944206008584,0.42908653846153844,0.7949640287769785,357,109,475,221,57,0.506165468633097,0.506905277480767
0.07076351535109948,0.5496535796766744,0.7644539614561028,0.42908653846153844,0.7949640287769785,357,110,475,221,57,0.506165468633097,0.506905277480767
0.07041405568451176,0.5492307692307692,0.7628205128205128,0.42908653846153844,0.7913669064748201,357,111,475,220,58,0.506165468633097,0.506905277480767
0.07030944573492459,0.5488086087624904,0.7611940298507462,0.42908653846153844,0.7913669064748201,357,112,475,220,58,0.506165468633097,0.506905277480767
0.0702911600714855,0.5483870967741935,0.7595744680851064,0.42908653846153844,0.7913669064748201,357,113,475,220,58,0.506165468633097,0.506905277480767
0.06978666550806573,0.5479662317728319,0.7579617834394905,0.42908653846153844,0.7913669064748201,357,114,475,220,58,0.506165468633097,0.506905277480767
0.06964529719138735,0.5475460122699386,0.7563559322033898,0.42908653846153844,0.7877697841726619,357,115,475,219,59,0.506165468633097,0.506905277480767
0.06964163987156724,0.5486590038314176,0.7568710359408034,0.43028846153846156,0.7877697841726619,358,115,474,219,59,0.506165468633097,0.506905277480767
0.06937678331924363,0.5482388973966309,0.7552742616033755,0.43028846153846156,0.7841726618705036,358,116,474,218,60,0.506165468633097,0.506905277480767
0.06936458256835143,0.5478194338179035,0.7536842105263157,0.43028846153846156,0.7805755395683454,358,117,474,217,61,0.506165468633097,0.506905277480767
0.06879714595638464,0.5474006116207951,0.7521008403361344,0.43028846153846156,0.7769784172661871,358,118,474,216,62,0.506165468633097,0.506905277480767
0.06828978108451789,0.5485103132161956,0.7526205450733753,0.43149038461538464,0.7769784172661871,359,118,473,216,62,0.506165468633097,0.506905277480767
0.06823812763424508,0.549618320610687,0.7531380753138075,0.4326923076923077,0.7769784172661871,360,118,472,216,62,0.506165468633097,0.506905277480767
0.06731001164683181,0.5507246376811594,0.7536534446764092,0.4338942307692308,0.7769784172661871,361,118,471,216,62,0.506165468633097,0.506905277480767
0.06679611818853937,0.5503048780487805,0.7520833333333333,0.4338942307692308,0.7769784172661871,361,119,471,216,62,0.506165468633097,0.506905277480767
0.06590595770794239,0.5498857578065499,0.7505197505197505,0.4338942307692308,0.7733812949640287,361,120,471,215,63,0.506165468633097,0.506905277480767
0.0658080521532019,0.5509893455098934,0.7510373443983402,0.43509615384615385,0.7733812949640287,362,120,470,215,63,0.506165468633097,0.506905277480767
0.06573012901236219,0.5520912547528517,0.7515527950310559,0.4362980769230769,0.7733812949640287,363,120,469,215,63,0.506165468633097,0.506905277480767
0.06566185847722061,0.5531914893617021,0.7520661157024794,0.4375,0.7733812949640287,364,120,468,215,63,0.506165468633097,0.506905277480767
0.0656022322503434,0.5527714502657555,0.7505154639175258,0.4375,0.7697841726618705,364,121,468,214,64,0.506165468633097,0.506905277480767
0.06540856347964463,0.5538694992412747,0.7510288065843621,0.4387019230769231,0.7697841726618705,365,121,467,214,64,0.506165468633097,0.506905277480767
0.06536920610725838,0.5534495830174374,0.7494866529774127,0.4387019230769231,0.7697841726618705,365,122,467,214,64,0.506165468633097,0.506905277480767
0.06527852030873443,0.553030303030303,0.7479508196721312,0.4387019230769231,0.7697841726618705,365,123,467,214,64,0.506165468633097,0.506905277480767
0.06502542049377014,0.5541256623769871,0.7484662576687117,0.43990384615384615,0.7697841726618705,366,123,466,214,64,0.506165468633097,0.506905277480767
0.06453910056318057,0.5552193645990923,0.7489795918367347,0.4411057692307692,0.7697841726618705,367,123,465,214,64,0.506165468633097,0.506905277480767
0.06438492366575915,0.5547996976568406,0.7474541751527495,0.4411057692307692,0.7661870503597122,367,124,465,213,65,0.506165468633097,0.506905277480767
0.06437851700951847,0.5558912386706949,0.7479674796747967,0.4423076923076923,0.7661870503597122,368,124,464,213,65,0.506165468633097,0.506905277480767
0.06386876527238022,0.5554716981132075,0.7464503042596349,0.4423076923076923,0.7661870503597122,368,125,464,213,65,0.506165468633097,0.506905277480767
0.06372543392490426,0.5565610859728507,0.7469635627530364,0.44350961538461536,0.7661870503597122,369,125,463,213,65,0.506165468633097,0.506905277480767
0.06336735942537186,0.557648831951771,0.7474747474747475,0.44471153846153844,0.7661870503597122,370,125,462,213,65,0.506165468633097,0.506905277480767
0.06292361368930577,0.5587349397590361,0.7479838709677419,0.44591346153846156,0.7661870503597122,371,125,461,213,65,0.506165468633097,0.506905277480767
0.06272704359703163,0.5583145221971407,0.7464788732394366,0.44591346153846156,0.7661870503597122,371,126,461,213,65,0.506165468633097,0.506905277480767
0.06254733698694659,0.5578947368421052,0.7449799196787149,0.44591346153846156,0.7661870503597122,371,127,461,213,65,0.506165468633097,0.506905277480767
0.061426019136780696,0.5589782118707739,0.7454909819639278,0.44711538461538464,0.7661870503597122,372,127,460,213,65,0.506165468633097,0.506905277480767
0.06134823792379285,0.5585585585585585,0.744,0.44711538461538464,0.7661870503597122,372,128,460,213,65,0.506165468633097,0.506905277480767
0.06114536086828881,0.5596399099774944,0.7445109780439122,0.4483173076923077,0.7661870503597122,373,128,459,213,65,0.506165468633097,0.506905277480767
0.061071833031115186,0.5592203898050975,0.7430278884462151,0.4483173076923077,0.762589928057554,373,129,459,212,66,0.506165468633097,0.506905277480767
0.06075140997801087,0.5602996254681648,0.7435387673956262,0.4495192307692308,0.762589928057554,374,129,458,212,66,0.506165468633097,0.506905277480767
0.06074988185485497,0.5598802395209581,0.7420634920634921,0.4495192307692308,0.7589928057553957,374,130,458,211,67,0.506165468633097,0.506905277480767
0.060580588225517484,0.5609573672400897,0.7425742574257426,0.45072115384615385,0.7589928057553957,375,130,457,211,67,0.506165468633097,0.506905277480767
0.06046282861843072,0.5605381165919282,0.741106719367589,0.45072115384615385,0.7553956834532374,375,131,457,210,68,0.506165468633097,0.506905277480767
0.06023267895705564,0.5601194921583271,0.7396449704142012,0.45072115384615385,0.7517985611510791,375,132,457,209,69,0.506165468633097,0.506905277480767
0.060163762758005446,0.5597014925373134,0.7381889763779528,0.45072115384615385,0.7517985611510791,375,133,457,209,69,0.506165468633097,0.506905277480767
0.060068200352793644,0.5607755406413124,0.7387033398821218,0.4519230769230769,0.7517985611510791,376,133,456,209,69,0.506165468633097,0.506905277480767
0.05989274970324565,0.5618479880774963,0.7392156862745098,0.453125,0.7517985611510791,377,133,455,209,69,0.506165468633097,0.506905277480767
0.059744849255795984,0.5629188384214445,0.7397260273972602,0.4543269230769231,0.7517985611510791,378,133,454,209,69,0.506165468633097,0.506905277480767
0.059722028552749995,0.5639880952380952,0.740234375,0.45552884615384615,0.7517985611510791,379,133,453,209,69,0.506165468633097,0.506905277480767
0.059574076222255856,0.5635687732342007,0.7387914230019493,0.45552884615384615,0.7517985611510791,379,134,453,209,69,0.506165468633097,0.506905277480767
0.05938134866688394,0.5646359583952452,0.7392996108949417,0.4567307692307692,0.7517985611510791,380,134,452,209,69,0.506165468633097,0.506905277480767
0.05934349849846754,0.5642167780252413,0.7378640776699029,0.4567307692307692,0.7517985611510791,380,135,452,209,69,0.506165468633097,0.506905277480767
0.05920840497096164,0.5637982195845698,0.7364341085271318,0.4567307692307692,0.7482014388489209,380,136,452,208,70,0.506165468633097,0.506905277480767
0.059167207561452995,0.5633802816901409,0.7350096711798839,0.4567307692307692,0.7482014388489209,380,137,452,208,70,0.506165468633097,0.506905277480767
0.05895652387729611,0.5644444444444444,0.7355212355212355,0.4579326923076923,0.7482014388489209,381,137,451,208,70,0.506165468633097,0.506905277480767
0.05844204255713292,0.5655070318282753,0.7360308285163777,0.45913461538461536,0.7482014388489209,382,137,450,208,70,0.506165468633097,0.506905277480767
0.05828283473113549,0.5650887573964497,0.7346153846153847,0.45913461538461536,0.7446043165467626,382,138,450,207,71,0.506165468633097,0.506905277480767
0.05796132887295702,0.5646711012564671,0.7332053742802304,0.45913461538461536,0.7410071942446043,382,139,450,206,72,0.506165468633097,0.506905277480767
0.057922728857293604,0.5642540620384048,0.7318007662835249,0.45913461538461536,0.7410071942446043,382,140,450,206,72,0.506165468633097,0.506905277480767
0.05790177632174831,0.5653136531365314,0.7323135755258127,0.46033653846153844,0.7410071942446043,383,140,449,206,72,0.506165468633097,0.506905277480767
0.05780929136449642,0.5648967551622419,0.7309160305343512,0.46033653846153844,0.7410071942446043,383,141,449,206,72,0.506165468633097,0.506905277480767
0.05778522504403416,0.5659543109801032,0.7314285714285714,0.46153846153846156,0.7410071942446043,384,141,448,206,72,0.506165468633097,0.506905277480767
0.057741003732047824,0.5670103092783505,0.7319391634980988,0.46274038461538464,0.7410071942446043,385,141,447,206,72,0.506165468633097,0.506905277480767
0.05749191509202212,0.5665930831493745,0.7305502846299811,0.46274038461538464,0.737410071942446,385,142,447,205,73,0.506165468633097,0.506905277480767
0.05730539219770325,0.5661764705882353,0.7291666666666666,0.46274038461538464,0.737410071942446,385,143,447,205,73,0.506165468633097,0.506905277480767
0.05710302899122777,0.5657604702424688,0.7277882797731569,0.46274038461538464,0.737410071942446,385,144,447,205,73,0.506165468633097,0.506905277480767
0.05695238216562559,0.566813509544787,0.7283018867924528,0.4639423076923077,0.737410071942446,386,144,446,205,73,0.506165468633097,0.506905277480767
0.05676685592060671,0.5663976522377109,0.7269303201506592,0.4639423076923077,0.737410071942446,386,145,446,205,73,0.506165468633097,0.506905277480767
0.05671691290245651,0.5659824046920822,0.7255639097744361,0.4639423076923077,0.737410071942446,386,146,446,205,73,0.506165468633097,0.506905277480767
0.056543827871121444,0.567032967032967,0.726078799249531,0.4651442307692308,0.737410071942446,387,146,445,205,73,0.506165468633097,0.506905277480767
0.05609336663898973,0.5666178623718887,0.7247191011235955,0.4651442307692308,0.7338129496402878,387,147,445,204,74,0.506165468633097,0.506905277480767
0.05601171007993311,0.5662033650329188,0.7233644859813084,0.4651442307692308,0.7338129496402878,387,148,445,204,74,0.506165468633097,0.506905277480767
0.05580322124657666,0.5672514619883041,0.7238805970149254,0.46634615384615385,0.7338129496402878,388,148,444,204,74,0.506165468633097,0.506905277480767
0.05571039409855649,0.5682980277574872,0.7243947858472998,0.4675480769230769,0.7338129496402878,389,148,443,204,74,0.506165468633097,0.506905277480767
0.055494275327387044,0.5693430656934306,0.724907063197026,0.46875,0.7338129496402878,390,148,442,204,74,0.506165468633097,0.506905277480767
0.05539007831980913,0.5703865791393143,0.725417439703154,0.4699519230769231,0.7338129496402878,391,148,441,204,74,0.506165468633097,0.506905277480767
0.055122637654646534,0.5714285714285714,0.725925925925926,0.47115384615384615,0.7338129496402878,392,148,440,204,74,0.506165468633097,0.506905277480767
0.05501941635094876,0.5724690458849235,0.7264325323475046,0.4723557692307692,0.7338129496402878,393,148,439,204,74,0.506165468633097,0.506905277480767
0.054941423075173745,0.5720524017467249,0.7250922509225092,0.4723557692307692,0.7338129496402878,393,149,439,204,74,0.506165468633097,0.506905277480767
0.0549195294039454,0.5730909090909091,0.7255985267034991,0.4735576923076923,0.7338129496402878,394,149,438,204,74,0.506165468633097,0.506905277480767
0.05439263608421596,0.5741279069767442,0.7261029411764706,0.47475961538461536,0.7338129496402878,395,149,437,204,74,0.506165468633097,0.506905277480767
0.05399459335712464,0.5737109658678287,0.7247706422018348,0.47475961538461536,0.7338129496402878,395,150,437,204,74,0.506165468633097,0.506905277480767
0.05377180242799995,0.5732946298984035,0.7234432234432234,0.47475961538461536,0.7302158273381295,395,151,437,203,75,0.506165468633097,0.506905277480767
0.053559897650277244,0.574329224075417,0.7239488117001828,0.47596153846153844,0.7302158273381295,396,151,436,203,75,0.506165468633097,0.506905277480767
0.05345925093426984,0.5753623188405798,0.7244525547445255,0.47716346153846156,0.7302158273381295,397,151,435,203,75,0.506165468633097,0.506905277480767
0.05345775976295242,0.5749456915278783,0.7231329690346083,0.47716346153846156,0.7266187050359713,397,152,435,202,76,0.506165468633097,0.506905277480767
0.05299374356669462,0.5745296671490593,0.7218181818181818,0.47716346153846156,0.7266187050359713,397,153,435,202,76,0.506165468633097,0.506905277480767
0.052980488016831084,0.57411424439624,0.720508166969147,0.47716346153846156,0.7266187050359713,397,154,435,202,76,0.506165468633097,0.506905277480767
0.052606926479255134,0.5751445086705202,0.7210144927536232,0.47836538461538464,0.7266187050359713,398,154,434,202,76,0.506165468633097,0.506905277480767
0.05248954848126719,0.5747292418772563,0.7197106690777577,0.47836538461538464,0.7266187050359713,398,155,434,202,76,0.506165468633097,0.506905277480767
0.05240509830689977,0.5743145743145743,0.7184115523465704,0.47836538461538464,0.7266187050359713,398,156,434,202,76,0.506165468633097,0.506905277480767
0.05210395338589946,0.5753424657534246,0.7189189189189189,0.4795673076923077,0.7266187050359713,399,156,433,202,76,0.506165468633097,0.506905277480767
0.052080268392782125,0.5763688760806917,0.7194244604316546,0.4807692307692308,0.7266187050359713,400,156,432,202,76,0.506165468633097,0.506905277480767
0.052062986626316254,0.5759539236861051,0.718132854578097,0.4807692307692308,0.7230215827338129,400,157,432,201,77,0.506165468633097,0.506905277480767
0.05166381376538032,0.5755395683453237,0.7168458781362007,0.4807692307692308,0.7230215827338129,400,158,432,201,77,0.506165468633097,0.506905277480767
0.05166009690376927,0.5751258087706685,0.7155635062611807,0.4807692307692308,0.7194244604316546,400,159,432,200,78,0.506165468633097,0.506905277480767
0.05098768953173649,0.5747126436781609,0.7142857142857143,0.4807692307692308,0.7158273381294964,400,160,432,199,79,0.506165468633097,0.506905277480767
0.050924599178155505,0.5757358219669777,0.714795008912656,0.48197115384615385,0.7158273381294964,401,160,431,199,79,0.506165468633097,0.506905277480767
0.05083744869222273,0.5753228120516499,0.7135231316725978,0.48197115384615385,0.7158273381294964,401,161,431,199,79,0.506165468633097,0.506905277480767
0.05041902321665359,0.5763440860215053,0.7140319715808171,0.4831730769230769,0.7158273381294964,402,161,430,199,79,0.506165468633097,0.506905277480767
0.05041882821145327,0.5759312320916905,0.7127659574468085,0.4831730769230769,0.7122302158273381,402,162,430,198,80,0.506165468633097,0.506905277480767
0.05016941035769096,0.5755189692197566,0.7115044247787611,0.4831730769230769,0.7122302158273381,402,163,430,198,80,0.506165468633097,0.506905277480767
0.05001217576803296,0.5765379113018598,0.7120141342756183,0.484375,0.7122302158273381,403,163,429,198,80,0.506165468633097,0.506905277480767
0.04974890318173053,0.5761258041458185,0.7107583774250441,0.484375,0.7122302158273381,403,164,429,198,80,0.506165468633097,0.506905277480767
0.04927058660146855,0.5757142857142857,0.7095070422535211,0.484375,0.7122302158273381,403,165,429,198,80,0.506165468633097,0.506905277480767
0.04901903265095153,0.5753033547466095,0.7082601054481547,0.484375,0.7122302158273381,403,166,429,198,80,0.506165468633097,0.506905277480767
0.048919412820674024,0.5763195435092725,0.7087719298245614,0.4855769230769231,0.7122302158273381,404,166,428,198,80,0.506165468633097,0.506905277480767
0.04868287857851389,0.5759087669280114,0.7075306479859895,0.4855769230769231,0.7086330935251799,404,167,428,197,81,0.506165468633097,0.506905277480767
0.04861330928079488,0.5769230769230769,0.708041958041958,0.48677884615384615,0.7086330935251799,405,167,427,197,81,0.506165468633097,0.506905277480767
0.048447963157630336,0.5765124555160143,0.7068062827225131,0.48677884615384615,0.7086330935251799,405,168,427,197,81,0.506165468633097,0.506905277480767
0.0483879887861568,0.5761024182076814,0.705574912891986,0.48677884615384615,0.7086330935251799,405,169,427,197,81,0.506165468633097,0.506905277480767
0.04833023631434025,0.5756929637526652,0.7043478260869566,0.48677884615384615,0.7050359712230215,405,170,427,196,82,0.506165468633097,0.506905277480767
0.048272646154721155,0.5767045454545454,0.7048611111111112,0.4879807692307692,0.7050359712230215,406,170,426,196,82,0.506165468633097,0.506905277480767
0.048228321261391816,0.5762952448545068,0.7036395147313691,0.4879807692307692,0.7014388489208633,406,171,426,195,83,0.506165468633097,0.506905277480767
0.04812009553038599,0.5758865248226951,0.7024221453287197,0.4879807692307692,0.697841726618705,406,172,426,194,84,0.506165468633097,0.506905277480767
0.04803619557329908,0.5768958185683912,0.7029360967184801,0.4891826923076923,0.697841726618705,407,172,425,194,84,0.506165468633097,0.506905277480767
0.04801467828675454,0.5764872521246459,0.7017241379310345,0.4891826923076923,0.697841726618705,407,173,425,194,84,0.506165468633097,0.506905277480767
0.04775969194017049,0.5760792639773531,0.7005163511187608,0.4891826923076923,0.6942446043165468,407,174,425,193,85,0.506165468633097,0.506905277480767
0.04771604142120939,0.5770862800565771,0.7010309278350515,0.49038461538461536,0.6942446043165468,408,174,424,193,85,0.506165468633097,0.506905277480767
0.047679454116487,0.5780918727915194,0.7015437392795884,0.49158653846153844,0.6942446043165468,409,174,423,193,85,0.506165468633097,0.506905277480767
0.047638227579981374,0.577683615819209,0.7003424657534246,0.49158653846153844,0.6942446043165468,409,175,423,193,85,0.506165468633097,0.506905277480767
0.04761778508437964,0.5772759350741002,0.6991452991452991,0.49158653846153844,0.6906474820143885,409,176,423,192,86,0.506165468633097,0.506905277480767
0.04758514825771332,0.5768688293370945,0.6979522184300341,0.49158653846153844,0.6906474820143885,409,177,423,192,86,0.506165468633097,0.506905277480767
0.04717004963113447,0.5778717406624383,0.6984667802385008,0.49278846153846156,0.6906474820143885,410,177,422,192,86,0.506165468633097,0.506905277480767
0.046963353514972606,0.5788732394366197,0.6989795918367347,0.49399038461538464,0.6906474820143885,411,177,421,192,86,0.506165468633097,0.506905277480767
0.046884416334294965,0.5798733286418015,0.6994906621392191,0.4951923076923077,0.6906474820143885,412,177,420,192,86,0.506165468633097,0.506905277480767
0.04677363236990151,0.5794655414908579,0.6983050847457627,0.4951923076923077,0.6870503597122302,412,178,420,191,87,0.506165468633097,0.506905277480767
0.046603826950176064,0.5804638088545326,0.6988155668358714,0.4963942307692308,0.6870503597122302,413,178,419,191,87,0.506165468633097,0.506905277480767
0.04632135019364503,0.5800561797752809,0.6976351351351351,0.4963942307692308,0.6870503597122302,413,179,419,191,87,0.506165468633097,0.506905277480767
0.046214012333174015,0.5796491228070175,0.6964586846543002,0.4963942307692308,0.6870503597122302,413,180,419,191,87,0.506165468633097,0.506905277480767
0.045819495495835305,0.5806451612903226,0.696969696969697,0.49759615384615385,0.6870503597122302,414,180,418,191,87,0.506165468633097,0.506905277480767
0.04556397362192666,0.5802382620882971,0.6957983193277311,0.49759615384615385,0.6870503597122302,414,181,418,191,87,0.506165468633097,0.506905277480767
0.04554139213648545,0.5798319327731093,0.6946308724832215,0.49759615384615385,0.6870503597122302,414,182,418,191,87,0.506165468633097,0.506905277480767
0.045455807156442485,0.5808257522743177,0.695142378559464,0.4987980769230769,0.6870503597122302,415,182,417,191,87,0.506165468633097,0.506905277480767
0.04528841082302837,0.5818181818181818,0.6956521739130435,0.5,0.6870503597122302,416,182,416,191,87,0.506165468633097,0.506905277480767
0.04517222131034537,0.5828092243186582,0.6961602671118531,0.5012019230769231,0.6870503597122302,417,182,415,191,87,0.506165468633097,0.506905277480767
0.04495178768354291,0.5824022346368715,0.695,0.5012019230769231,0.6870503597122302,417,183,415,191,87,0.506165468633097,0.506905277480767
0.04477839235925807,0.5819958129797628,0.6938435940099834,0.5012019230769231,0.6870503597122302,417,184,415,191,87,0.506165468633097,0.506905277480767
0.04475356671036895,0.5815899581589958,0.6926910299003323,0.5012019230769231,0.6834532374100719,417,185,415,190,88,0.506165468633097,0.506905277480767
0.044637684330716354,0.5825783972125436,0.693200663349917,0.5024038461538461,0.6834532374100719,418,185,414,190,88,0.506165468633097,0.506905277480767
0.044570231328764476,0.5821727019498607,0.6920529801324503,0.5024038461538461,0.6834532374100719,418,186,414,190,88,0.506165468633097,0.506905277480767
0.044460666203790966,0.581767571329158,0.6909090909090909,0.5024038461538461,0.6798561151079137,418,187,414,189,89,0.506165468633097,0.506905277480767
0.04435450700144933,0.5813630041724618,0.6897689768976898,0.5024038461538461,0.6762589928057554,418,188,414,188,90,0.506165468633097,0.506905277480767
0.044350634610017536,0.580958999305073,0.6886326194398682,0.5024038461538461,0.6726618705035972,418,189,414,187,91,0.506165468633097,0.506905277480767
0.04434081986501015,0.5805555555555556,0.6875,0.5024038461538461,0.6690647482014388,418,190,414,186,92,0.506165468633097,0.506905277480767
0.04406507509347202,0.5815405968077724,0.6880131362889984,0.5036057692307693,0.6690647482014388,419,190,413,186,92,0.506165468633097,0.506905277480767
0.04397485028180326,0.5811373092926491,0.6868852459016394,0.5036057692307693,0.6690647482014388,419,191,413,186,92,0.506165468633097,0.506905277480767
0.043522070749571484,0.5807345807345807,0.6857610474631751,0.5036057692307693,0.6690647482014388,419,192,413,186,92,0.506165468633097,0.506905277480767
0.04324649602721903,0.5803324099722992,0.684640522875817,0.5036057692307693,0.6654676258992805,419,193,413,185,93,0.506165468633097,0.506905277480767
0.04320050767917982,0.5813148788927336,0.6851549755301795,0.5048076923076923,0.6654676258992805,420,193,412,185,93,0.506165468633097,0.506905277480767
0.04315085388053663,0.5809128630705395,0.6840390879478827,0.5048076923076923,0.6618705035971223,420,194,412,184,94,0.506165468633097,0.506905277480767
0.043120235300970255,0.580511402902557,0.6829268292682927,0.5048076923076923,0.6618705035971223,420,195,412,184,94,0.506165468633097,0.506905277480767
0.043082604267955515,0.580110497237569,0.6818181818181818,0.5048076923076923,0.658273381294964,420,196,412,183,95,0.506165468633097,0.506905277480767
0.04306063260961018,0.5810904071773637,0.6823338735818476,0.5060096153846154,0.658273381294964,421,196,411,183,95,0.506165468633097,0.506905277480767
0.043027731826864146,0.5820689655172414,0.6828478964401294,0.5072115384615384,0.658273381294964,422,196,410,183,95,0.506165468633097,0.506905277480767
0.04298498574401044,0.5816678152997933,0.6817447495961227,0.5072115384615384,0.658273381294964,422,197,410,183,95,0.506165468633097,0.506905277480767
0.04294015627686376,0.581267217630854,0.6806451612903226,0.5072115384615384,0.6546762589928058,422,198,410,182,96,0.506165468633097,0.506905277480767
0.04260456317153122,0.5822436338609773,0.6811594202898551,0.5084134615384616,0.6546762589928058,423,198,409,182,96,0.506165468633097,0.506905277480767
0.04257707076098327,0.5818431911966988,0.680064308681672,0.5084134615384616,0.6510791366906474,423,199,409,181,97,0.506165468633097,0.506905277480767
0.0423566894391213,0.5814432989690722,0.6789727126805778,0.5084134615384616,0.6474820143884892,423,200,409,180,98,0.506165468633097,0.506905277480767
0.04234350086420935,0.5810439560439561,0.6778846153846154,0.5084134615384616,0.6438848920863309,423,201,409,179,99,0.506165468633097,0.506905277480767
0.04216510835965892,0.5820178448867536,0.6784,0.5096153846153846,0.6438848920863309,424,201,408,179,99,0.506165468633097,0.506905277480767
0.041392372563393676,0.5816186556927297,0.6773162939297125,0.5096153846153846,0.6438848920863309,424,202,408,179,99,0.506165468633097,0.506905277480767
0.041339208161713215,0.5812200137080192,0.6762360446570973,0.5096153846153846,0.6402877697841727,424,203,408,178,100,0.506165468633097,0.506905277480767
0.04125465890366942,0.5821917808219178,0.6767515923566879,0.5108173076923077,0.6402877697841727,425,203,407,178,100,0.506165468633097,0.506905277480767
0.041229369673679184,0.5817932922655715,0.6756756756756757,0.5108173076923077,0.6366906474820144,425,204,407,177,101,0.506165468633097,0.506905277480767
0.04112859054239315,0.5813953488372093,0.6746031746031746,0.5108173076923077,0.6330935251798561,425,205,407,176,102,0.506165468633097,0.506905277480767
0.04107992924367804,0.5809979494190021,0.6735340729001584,0.5108173076923077,0.6330935251798561,425,206,407,176,102,0.506165468633097,0.506905277480767
0.04092977155707389,0.5806010928961749,0.6724683544303798,0.5108173076923077,0.6294964028776978,425,207,407,175,103,0.506165468633097,0.506905277480767
0.04090658930180302,0.5802047781569966,0.6714060031595577,0.5108173076923077,0.6258992805755396,425,208,407,174,104,0.506165468633097,0.506905277480767
0.04066576335997352,0.5811732605729877,0.6719242902208202,0.5120192307692307,0.6258992805755396,426,208,406,174,104,0.506165468633097,0.506905277480767
0.040651874387754805,0.5807770961145194,0.6708661417322834,0.5120192307692307,0.6258992805755396,426,209,406,174,104,0.506165468633097,0.506905277480767
0.04056839352658248,0.5817438692098093,0.6713836477987422,0.5132211538461539,0.6258992805755396,427,209,405,174,104,0.506165468633097,0.506905277480767
0.04056076157404165,0.5813478556841388,0.6703296703296703,0.5132211538461539,0.6258992805755396,427,210,405,174,104,0.506165468633097,0.506905277480767
0.04035485895064728,0.582312925170068,0.670846394984326,0.5144230769230769,0.6258992805755396,428,210,404,174,104,0.506165468633097,0.506905277480767
0.040130890076188086,0.5819170632222977,0.6697965571205008,0.5144230769230769,0.6258992805755396,428,211,404,174,104,0.506165468633097,0.506905277480767
0.03986747712702843,0.5815217391304348,0.66875,0.5144230769230769,0.6223021582733813,428,212,404,173,105,0.506165468633097,0.506905277480767
0.03972832536799742,0.5824847250509165,0.6692667706708268,0.515625,0.6223021582733813,429,212,403,173,105,0.506165468633097,0.506905277480767
0.039713368752063105,0.5834464043419267,0.6697819314641744,0.5168269230769231,0.6223021582733813,430,212,402,173,105,0.506165468633097,0.506905277480767
0.03945421001563021,0.584406779661017,0.6702954898911353,0.5180288461538461,0.6223021582733813,431,212,401,173,105,0.506165468633097,0.506905277480767
0.03928890712217459,0.5840108401084011,0.6692546583850931,0.5180288461538461,0.6223021582733813,431,213,401,173,105,0.506165468633097,0.506905277480767
0.03904217379165725,0.5849695328368314,0.6697674418604651,0.5192307692307693,0.6223021582733813,432,213,400,173,105,0.506165468633097,0.506905277480767
0.03858480178823587,0.584573748308525,0.6687306501547987,0.5192307692307693,0.6223021582733813,432,214,400,173,105,0.506165468633097,0.506905277480767
0.038440546398190945,0.5855307640297498,0.6692426584234931,0.5204326923076923,0.6223021582733813,433,214,399,173,105,0.506165468633097,0.506905277480767
0.03840808373654975,0.5851351351351352,0.6682098765432098,0.5204326923076923,0.6223021582733813,433,215,399,173,105,0.506165468633097,0.506905277480767
0.0383238111298021,0.5860904794058069,0.6687211093990755,0.5216346153846154,0.6223021582733813,434,215,398,173,105,0.506165468633097,0.506905277480767
0.038056209370321836,0.5870445344129555,0.6692307692307692,0.5228365384615384,0.6223021582733813,435,215,397,173,105,0.506165468633097,0.506905277480767
0.03801049255582034,0.5879973027646662,0.6697388632872504,0.5240384615384616,0.6223021582733813,436,215,396,173,105,0.506165468633097,0.506905277480767
0.03800833120940372,0.5876010781671159,0.6687116564417178,0.5240384615384616,0.6187050359712231,436,216,396,172,106,0.506165468633097,0.506905277480767
0.037796846191511746,0.5872053872053872,0.667687595712098,0.5240384615384616,0.6151079136690647,436,217,396,171,107,0.506165468633097,0.506905277480767
0.037624719922689176,0.5868102288021534,0.6666666666666666,0.5240384615384616,0.6151079136690647,436,218,396,171,107,0.506165468633097,0.506905277480767
0.037545951781399745,0.5864156018829859,0.665648854961832,0.5240384615384616,0.6151079136690647,436,219,396,171,107,0.506165468633097,0.506905277480767
0.03680115924151417,0.5860215053763441,0.6646341463414634,0.5240384615384616,0.6151079136690647,436,220,396,171,107,0.506165468633097,0.506905277480767
0.036765846385288126,0.5856279382135662,0.6636225266362252,0.5240384615384616,0.6115107913669064,436,221,396,170,108,0.506165468633097,0.506905277480767
0.036712084712900106,0.5852348993288591,0.662613981762918,0.5240384615384616,0.6115107913669064,436,222,396,170,108,0.506165468633097,0.506905277480767
0.03667391993453606,0.5848423876592891,0.661608497723824,0.5240384615384616,0.6079136690647482,436,223,396,169,109,0.506165468633097,0.506905277480767
0.0366445580132993,0.5844504021447721,0.6606060606060606,0.5240384615384616,0.6079136690647482,436,224,396,169,109,0.506165468633097,0.506905277480767
0.03662205689763809,0.5840589417280643,0.659606656580938,0.5240384615384616,0.60431654676259,436,225,396,168,110,0.506165468633097,0.506905277480767
0.0365326240711179,0.5836680053547524,0.6586102719033232,0.5240384615384616,0.60431654676259,436,226,396,168,110,0.506165468633097,0.506905277480767
0.03637860658337544,0.5832775919732441,0.6576168929110106,0.5240384615384616,0.60431654676259,436,227,396,168,110,0.506165468633097,0.506905277480767
0.036141685503595755,0.5828877005347594,0.6566265060240963,0.5240384615384616,0.6007194244604317,436,228,396,167,111,0.506165468633097,0.506905277480767
0.035654113910655316,0.58249832999332,0.6556390977443609,0.5240384615384616,0.5971223021582733,436,229,396,166,112,0.506165468633097,0.506905277480767
0.035607588312845384,0.5834445927903872,0.6561561561561562,0.5252403846153846,0.5971223021582733,437,229,395,166,112,0.506165468633097,0.506905277480767
0.03545758496316964,0.5830553702468312,0.6551724137931034,0.5252403846153846,0.5971223021582733,437,230,395,166,112,0.506165468633097,0.506905277480767
0.035455802599810016,0.5826666666666667,0.6541916167664671,0.5252403846153846,0.5935251798561151,437,231,395,165,113,0.506165468633097,0.506905277480767
0.03530733977567596,0.5822784810126582,0.6532137518684604,0.5252403846153846,0.5935251798561151,437,232,395,165,113,0.506165468633097,0.506905277480767
0.035213007443930966,0.5818908122503329,0.6522388059701493,0.5252403846153846,0.5935251798561151,437,233,395,165,113,0.506165468633097,0.506905277480767
0.03516623119360818,0.5815036593479708,0.6512667660208644,0.5252403846153846,0.5899280575539568,437,234,395,164,114,0.506165468633097,0.506905277480767
0.03511712621218743,0.5811170212765957,0.6502976190476191,0.5252403846153846,0.5863309352517986,437,235,395,163,115,0.506165468633097,0.506905277480767
0.03511238473208883,0.5807308970099668,0.649331352154532,0.5252403846153846,0.5863309352517986,437,236,395,163,115,0.506165468633097,0.506905277480767
0.03495428624382141,0.5803452855245684,0.6483679525222552,0.5252403846153846,0.5863309352517986,437,237,395,163,115,0.506165468633097,0.506905277480767
0.03483387578220121,0.5812873258128732,0.6488888888888888,0.5264423076923077,0.5863309352517986,438,237,394,163,115,0.506165468633097,0.506905277480767
0.034699450535276566,0.5809018567639257,0.6479289940828402,0.5264423076923077,0.5827338129496403,438,238,394,162,116,0.506165468633097,0.506905277480767
0.034467987109525144,0.5818422796554009,0.6484490398818316,0.5276442307692307,0.5827338129496403,439,238,393,162,116,0.506165468633097,0.506905277480767
0.034447572098856516,0.5814569536423841,0.6474926253687315,0.5276442307692307,0.5827338129496403,439,239,393,162,116,0.506165468633097,0.506905277480767
0.03412869717554934,0.5823957643944407,0.6480117820324006,0.5288461538461539,0.5827338129496403,440,239,392,162,116,0.506165468633097,0.506905277480767
0.03404982339889029,0.582010582010582,0.6470588235294118,0.5288461538461539,0.5827338129496403,440,240,392,162,116,0.506165468633097,0.506905277480767
0.0339690253188879,0.5816259087904825,0.6461086637298091,0.5288461538461539,0.5827338129496403,440,241,392,162,116,0.506165468633097,0.506905277480767
0.03352325280964219,0.5812417437252312,0.6451612903225806,0.5288461538461539,0.579136690647482,440,242,392,161,117,0.506165468633097,0.506905277480767
0.033387338244410425,0.5821782178217821,0.6456808199121523,0.5300480769230769,0.579136690647482,441,242,391,161,117,0.506165468633097,0.506905277480767
0.03338406538055827,0.5817941952506597,0.6447368421052632,0.5300480769230769,0.579136690647482,441,243,391,161,117,0.506165468633097,0.506905277480767
0.03328087848321909,0.5814106789716545,0.6437956204379562,0.5300480769230769,0.5755395683453237,441,244,391,160,118,0.506165468633097,0.506905277480767
0.03321534019781763,0.5823451910408433,0.6443148688046647,0.53125,0.5755395683453237,442,244,390,160,118,0.506165468633097,0.506905277480767
0.03318858906880995,0.5819618169848585,0.6433770014556041,0.53125,0.5719424460431655,442,245,390,159,119,0.506165468633097,0.506905277480767
0.0331748721148476,0.5828947368421052,0.6438953488372093,0.5324519230769231,0.5719424460431655,443,245,389,159,119,0.506165468633097,0.506905277480767
0.033096599119490866,0.5838264299802761,0.6444121915820029,0.5336538461538461,0.5719424460431655,444,245,388,159,119,0.506165468633097,0.506905277480767
0.03279742799641627,0.5834428383705651,0.6434782608695652,0.5336538461538461,0.5683453237410072,444,246,388,158,120,0.506165468633097,0.506905277480767
0.032765245498101,0.5830597504924491,0.6425470332850941,0.5336538461538461,0.5683453237410072,444,247,388,158,120,0.506165468633097,0.506905277480767
0.032676851064467605,0.5826771653543307,0.6416184971098265,0.5336538461538461,0.5683453237410072,444,248,388,158,120,0.506165468633097,0.506905277480767
0.03265944312617486,0.5822950819672131,0.6406926406926406,0.5336538461538461,0.5683453237410072,444,249,388,158,120,0.506165468633097,0.506905277480767
0.032441704825759476,0.581913499344692,0.6397694524495677,0.5336538461538461,0.5683453237410072,444,250,388,158,120,0.506165468633097,0.506905277480767
0.03227979088432742,0.581532416502947,0.6388489208633094,0.5336538461538461,0.564748201438849,444,251,388,157,121,0.506165468633097,0.506905277480767
0.03213285946785216,0.581151832460733,0.6379310344827587,0.5336538461538461,0.564748201438849,444,252,388,157,121,0.506165468633097,0.506905277480767
0.03202459837940452,0.5807717462393721,0.6370157819225251,0.5336538461538461,0.5611510791366906,444,253,388,156,122,0.506165468633097,0.506905277480767
0.031973661055899716,0.5803921568627451,0.6361031518624641,0.5336538461538461,0.5611510791366906,444,254,388,156,122,0.506165468633097,0.506905277480767
0.03183225424516839,0.5800130633572829,0.6351931330472103,0.5336538461538461,0.5575539568345323,444,255,388,155,123,0.506165468633097,0.506905277480767
0.031524792613783215,0.5796344647519582,0.6342857142857142,0.5336538461538461,0.5539568345323741,444,256,388,154,124,0.506165468633097,0.506905277480767
0.030861884265042105,0.5792563600782779,0.6333808844507846,0.5336538461538461,0.5539568345323741,444,257,388,154,124,0.506165468633097,0.506905277480767
0.030848230401737398,0.5788787483702738,0.6324786324786325,0.5336538461538461,0.5503597122302158,444,258,388,153,125,0.506165468633097,0.506905277480767
0.030781039408642075,0.5785016286644951,0.631578947368421,0.5336538461538461,0.5467625899280576,444,259,388,152,126,0.506165468633097,0.506905277480767
0.030731297059761742,0.578125,0.6306818181818182,0.5336538461538461,0.5467625899280576,444,260,388,152,126,0.506165468633097,0.506905277480767
0.030712396181677926,0.5777488614183475,0.6297872340425532,0.5336538461538461,0.5431654676258992,444,261,388,151,127,0.506165468633097,0.506905277480767
0.030653302213250355,0.5786736020806242,0.6303116147308782,0.5348557692307693,0.5431654676258992,445,261,387,151,127,0.506165468633097,0.506905277480767
0.030629876118492827,0.5782975958414555,0.6294200848656294,0.5348557692307693,0.539568345323741,445,262,387,150,128,0.506165468633097,0.506905277480767
0.03038189655192014,0.577922077922078,0.6285310734463276,0.5348557692307693,0.5359712230215827,445,263,387,149,129,0.506165468633097,0.506905277480767
0.03028830631864754,0.5775470473718365,0.6276445698166432,0.5348557692307693,0.5323741007194245,445,264,387,148,130,0.506165468633097,0.506905277480767
0.030286374217236234,0.5771725032425421,0.6267605633802817,0.5348557692307693,0.5287769784172662,445,265,387,147,131,0.506165468633097,0.506905277480767
0.030279992066919337,0.5767984445884641,0.6258790436005626,0.5348557692307693,0.5287769784172662,445,266,387,147,131,0.506165468633097,0.506905277480767
0.030078727888429357,0.5764248704663213,0.625,0.5348557692307693,0.5287769784172662,445,267,387,147,131,0.506165468633097,0.506905277480767
0.029894174452731626,0.5760517799352751,0.6241234221598878,0.5348557692307693,0.5251798561151079,445,268,387,146,132,0.506165468633097,0.506905277480767
0.029627125529410048,0.5756791720569211,0.623249299719888,0.5348557692307693,0.5251798561151079,445,269,387,146,132,0.506165468633097,0.506905277480767
0.02958591152061174,0.5753070458952811,0.6223776223776224,0.5348557692307693,0.5215827338129496,445,270,387,145,133,0.506165468633097,0.506905277480767
0.029417216226223064,0.5749354005167958,0.6215083798882681,0.5348557692307693,0.5179856115107914,445,271,387,144,134,0.506165468633097,0.506905277480767
0.029232360954147163,0.5745642349903163,0.6206415620641562,0.5348557692307693,0.5179856115107914,445,272,387,144,134,0.506165468633097,0.506905277480767
0.029127625369061105,0.5741935483870968,0.6197771587743732,0.5348557692307693,0.5179856115107914,445,273,387,144,134,0.506165468633097,0.506905277480767
0.029074690869284936,0.5738233397807866,0.6189151599443672,0.5348557692307693,0.5179856115107914,445,274,387,144,134,0.506165468633097,0.506905277480767
0.029069580501903447,0.5734536082474226,0.6180555555555556,0.5348557692307693,0.5179856115107914,445,275,387,144,134,0.506165468633097,0.506905277480767
0.028943173011295564,0.5730843528654218,0.6171983356449375,0.5348557692307693,0.5179856115107914,445,276,387,144,134,0.506165468633097,0.506905277480767
0.028826694872602365,0.5727155727155727,0.6163434903047091,0.5348557692307693,0.5179856115107914,445,277,387,144,134,0.506165468633097,0.506905277480767
0.028461585581960103,0.5736334405144694,0.6168741355463347,0.5360576923076923,0.5179856115107914,446,277,386,144,134,0.506165468633097,0.506905277480767
0.02838334542525811,0.5732647814910026,0.6160220994475138,0.5360576923076923,0.5143884892086331,446,278,386,143,135,0.506165468633097,0.506905277480767
0.02827059849369218,0.5741811175337187,0.616551724137931,0.5372596153846154,0.5143884892086331,447,278,385,143,135,0.506165468633097,0.506905277480767
0.02818841814678913,0.5750962772785623,0.6170798898071626,0.5384615384615384,0.5143884892086331,448,278,384,143,135,0.506165468633097,0.506905277480767
0.027986621158239577,0.5747273893521488,0.6162310866574966,0.5384615384615384,0.5143884892086331,448,279,384,143,135,0.506165468633097,0.506905277480767
0.027866127980534117,0.5743589743589743,0.6153846153846154,0.5384615384615384,0.5107913669064749,448,280,384,142,136,0.506165468633097,0.506905277480767
0.02774779170353814,0.5739910313901345,0.6145404663923183,0.5384615384615384,0.5107913669064749,448,281,384,142,136,0.506165468633097,0.506905277480767
0.02756530030364779,0.5736235595390525,0.6136986301369863,0.5384615384615384,0.5107913669064749,448,282,384,142,136,0.506165468633097,0.506905277480767
0.027535914050632937,0.5732565579014716,0.612859097127223,0.5384615384615384,0.5107913669064749,448,283,384,142,136,0.506165468633097,0.506905277480767
0.027518697050422203,0.5728900255754475,0.6120218579234973,0.5384615384615384,0.5107913669064749,448,284,384,142,136,0.506165468633097,0.506905277480767
0.02745859102960646,0.5725239616613419,0.6111869031377899,0.5384615384615384,0.5071942446043165,448,285,384,141,137,0.506165468633097,0.506905277480767
0.027454718035550885,0.5721583652618135,0.6103542234332425,0.5384615384615384,0.5071942446043165,448,286,384,141,137,0.506165468633097,0.506905277480767
0.027431955280181664,0.5717932354818124,0.6095238095238096,0.5384615384615384,0.5035971223021583,448,287,384,140,138,0.506165468633097,0.506905277480767
0.02735557210337003,0.5714285714285714,0.6086956521739131,0.5384615384615384,0.5035971223021583,448,288,384,140,138,0.506165468633097,0.506905277480767
0.027081798266433144,0.5710643722115998,0.6078697421981004,0.5384615384615384,0.5,448,289,384,139,139,0.506165468633097,0.506905277480767
0.027047692739719742,0.5707006369426751,0.6070460704607046,0.5384615384615384,0.5,448,290,384,139,139,0.506165468633097,0.506905277480767
0.02687701485401761,0.5703373647358371,0.6062246278755075,0.5384615384615384,0.5,448,291,384,139,139,0.506165468633097,0.506905277480767
0.02679660027967712,0.5712468193384224,0.6067567567567568,0.5396634615384616,0.5,449,291,383,139,139,0.506165468633097,0.506905277480767
0.026763213014060594,0.5708836617927527,0.6059379217273954,0.5396634615384616,0.5,449,292,383,139,139,0.506165468633097,0.506905277480767
0.02666893398452591,0.5705209656925032,0.605121293800539,0.5396634615384616,0.49640287769784175,449,293,383,138,140,0.506165468633097,0.506905277480767
0.026645159493874804,0.5701587301587302,0.604306864064603,0.5396634615384616,0.49640287769784175,449,294,383,138,140,0.506165468633097,0.506905277480767
0.02657699215838194,0.5710659898477157,0.6048387096774194,0.5408653846153846,0.49640287769784175,450,294,382,138,140,0.506165468633097,0.506905277480767
0.02655347812559916,0.570703868103995,0.6040268456375839,0.5408653846153846,0.49280575539568344,450,295,382,137,141,0.506165468633097,0.506905277480767
0.026162885232769995,0.5703422053231939,0.6032171581769437,0.5408653846153846,0.49280575539568344,450,296,382,137,141,0.506165468633097,0.506905277480767
0.02610756215875587,0.571247625079164,0.6037483266398929,0.5420673076923077,0.49280575539568344,451,296,381,137,141,0.506165468633097,0.506905277480767
0.02594550747206481,0.5708860759493671,0.6029411764705882,0.5420673076923077,0.4892086330935252,451,297,381,136,142,0.506165468633097,0.506905277480767
0.025863702461087934,0.5717900063251107,0.6034712950600801,0.5432692307692307,0.4892086330935252,452,297,380,136,142,0.506165468633097,0.506905277480767
0.025772803251469023,0.5714285714285714,0.6026666666666667,0.5432692307692307,0.4892086330935252,452,298,380,136,142,0.506165468633097,0.506905277480767
0.025547801733996678,0.5710675931775111,0.6018641810918774,0.5432692307692307,0.4856115107913669,452,299,380,135,143,0.506165468633097,0.506905277480767
0.025531617494420344,0.571969696969697,0.6023936170212766,0.5444711538461539,0.4856115107913669,453,299,379,135,143,0.506165468633097,0.506905277480767
0.025528970978352883,0.571608832807571,0.601593625498008,0.5444711538461539,0.48201438848920863,453,300,379,134,144,0.506165468633097,0.506905277480767
0.025504288243037687,0.5712484237074401,0.6007957559681698,0.5444711538461539,0.48201438848920863,453,301,379,134,144,0.506165468633097,0.506905277480767
0.02543364629566436,0.5708884688090737,0.6,0.5444711538461539,0.48201438848920863,453,302,379,134,144,0.506165468633097,0.506905277480767
0.025293654230721607,0.570528967254408,0.5992063492063492,0.5444711538461539,0.48201438848920863,453,303,379,134,144,0.506165468633097,0.506905277480767
0.025269107622274134,0.5701699181875394,0.5984147952443857,0.5444711538461539,0.4784172661870504,453,304,379,133,145,0.506165468633097,0.506905277480767
0.02511276027337117,0.569811320754717,0.5976253298153035,0.5444711538461539,0.4784172661870504,453,305,379,133,145,0.506165468633097,0.506905277480767
0.025099013060898345,0.5694531741043369,0.5968379446640316,0.5444711538461539,0.4748201438848921,453,306,379,132,146,0.506165468633097,0.506905277480767
0.024938020200635624,0.5690954773869347,0.5960526315789474,0.5444711538461539,0.4748201438848921,453,307,379,132,146,0.506165468633097,0.506905277480767
0.024873714121160462,0.568738229755179,0.59526938239159,0.5444711538461539,0.4748201438848921,453,308,379,132,146,0.506165468633097,0.506905277480767
0.0247594347092156,0.5683814303638645,0.594488188976378,0.5444711538461539,0.4712230215827338,453,309,379,131,147,0.506165468633097,0.506905277480767
0.024708006285750428,0.5692789968652038,0.5950196592398427,0.5456730769230769,0.4712230215827338,454,309,378,131,147,0.506165468633097,0.506905277480767
0.024692043935748365,0.568922305764411,0.5942408376963351,0.5456730769230769,0.4676258992805755,454,310,378,130,148,0.506165468633097,0.506905277480767
0.02459946009173075,0.5685660613650595,0.5934640522875817,0.5456730769230769,0.4676258992805755,454,311,378,130,148,0.506165468633097,0.506905277480767
0.02456460342208666,0.5682102628285357,0.5926892950391645,0.5456730769230769,0.46402877697841727,454,312,378,129,149,0.506165468633097,0.506905277480767
0.02448475371925074,0.5691056910569106,0.5932203389830508,0.546875,0.46402877697841727,455,312,377,129,149,0.506165468633097,0.506905277480767
0.024267091656728135,0.56875,0.5924479166666666,0.546875,0.46402877697841727,455,313,377,129,149,0.506165468633097,0.506905277480767
0.0242506132051743,0.5696439725171768,0.5929778933680104,0.5480769230769231,0.46402877697841727,456,313,376,129,149,0.506165468633097,0.506905277480767
0.024230468556705187,0.5705368289637952,0.5935064935064935,0.5492788461538461,0.46402877697841727,457,313,375,129,149,0.506165468633097,0.506905277480767
0.024141509634624525,0.5701809107922645,0.5927367055771725,0.5492788461538461,0.46402877697841727,457,314,375,129,149,0.506165468633097,0.506905277480767
0.02408677073662502,0.5698254364089775,0.5919689119170984,0.5492788461538461,0.46402877697841727,457,315,375,129,149,0.506165468633097,0.506905277480767
0.023982783381420347,0.5694704049844237,0.5912031047865459,0.5492788461538461,0.46402877697841727,457,316,375,129,149,0.506165468633097,0.506905277480767
0.023717813295139112,0.5691158156911582,0.5904392764857881,0.5492788461538461,0.460431654676259,457,317,375,128,150,0.506165468633097,0.506905277480767
0.023463455403750944,0.5700062227753578,0.5909677419354838,0.5504807692307693,0.460431654676259,458,317,374,128,150,0.506165468633097,0.506905277480767
0.02329975292005798,0.5696517412935324,0.5902061855670103,0.5504807692307693,0.460431654676259,458,318,374,128,150,0.506165468633097,0.506905277480767
0.023299152914773025,0.5692977004350528,0.5894465894465895,0.5504807692307693,0.460431654676259,458,319,374,128,150,0.506165468633097,0.506905277480767
0.02320622789622956,0.5701863354037268,0.589974293059126,0.5516826923076923,0.460431654676259,459,319,373,128,150,0.506165468633097,0.506905277480767
0.023174586085443316,0.5698324022346368,0.5892169448010269,0.5516826923076923,0.4568345323741007,459,320,373,127,151,0.506165468633097,0.506905277480767
0.023171088090612246,0.5694789081885856,0.5884615384615385,0.5516826923076923,0.4568345323741007,459,321,373,127,151,0.506165468633097,0.506905277480767
0.02311103448640489,0.569125852448853,0.587708066581306,0.5516826923076923,0.4568345323741007,459,322,373,127,151,0.506165468633097,0.506905277480767
0.02309919043715314,0.5687732342007435,0.5869565217391305,0.5516826923076923,0.4568345323741007,459,323,373,127,151,0.506165468633097,0.506905277480767
0.02287508042940012,0.5684210526315789,0.5862068965517241,0.5516826923076923,0.45323741007194246,459,324,373,126,152,0.506165468633097,0.506905277480767
0.022706867943564468,0.568069306930693,0.5854591836734694,0.5516826923076923,0.44964028776978415,459,325,373,125,153,0.506165468633097,0.506905277480767
0.022641770865044153,0.5677179962894249,0.5847133757961783,0.5516826923076923,0.4460431654676259,459,326,373,124,154,0.506165468633097,0.506905277480767
0.02259441265792128,0.5673671199011124,0.583969465648855,0.5516826923076923,0.4460431654676259,459,327,373,124,154,0.506165468633097,0.506905277480767
0.02258142515178546,0.567016676961087,0.5832274459974587,0.5516826923076923,0.4460431654676259,459,328,373,124,154,0.506165468633097,0.506905277480767
0.02241992226057743,0.5679012345679012,0.583756345177665,0.5528846153846154,0.4460431654676259,460,328,372,124,154,0.506165468633097,0.506905277480767
0.022370495388841283,0.567550894509562,0.5830164765525983,0.5528846153846154,0.44244604316546765,460,329,372,123,155,0.506165468633097,0.506905277480767
0.022321649423851064,0.5672009864364982,0.5822784810126582,0.5528846153846154,0.43884892086330934,460,330,372,122,156,0.506165468633097,0.506905277480767
0.022312442879137806,0.5668515095502157,0.5815423514538559,0.5528846153846154,0.43884892086330934,460,331,372,122,156,0.506165468633097,0.506905277480767
0.022219525855491584,0.5665024630541872,0.5808080808080808,0.5528846153846154,0.4352517985611511,460,332,372,121,157,0.506165468633097,0.506905277480767
0.02211438003444055,0.5661538461538461,0.5800756620428752,0.5528846153846154,0.4352517985611511,460,333,372,121,157,0.506165468633097,0.506905277480767
0.02181216915291523,0.5658056580565806,0.5793450881612091,0.5528846153846154,0.4316546762589928,460,334,372,120,158,0.506165468633097,0.506905277480767
0.02180994929204627,0.5654578979717271,0.5786163522012578,0.5528846153846154,0.4316546762589928,460,335,372,120,158,0.506165468633097,0.506905277480767
0.02173667371591881,0.5663390663390664,0.5791457286432161,0.5540865384615384,0.4316546762589928,461,335,371,120,158,0.506165468633097,0.506905277480767
0.02173167164565143,0.5659914057704113,0.5784190715181933,0.5540865384615384,0.42805755395683454,461,336,371,119,159,0.506165468633097,0.506905277480767
0.02161167669158187,0.5656441717791411,0.5776942355889725,0.5540865384615384,0.42805755395683454,461,337,371,119,159,0.506165468633097,0.506905277480767
0.021492786604265013,0.5652973635806254,0.5769712140175219,0.5540865384615384,0.4244604316546763,461,338,371,118,160,0.506165468633097,0.506905277480767
0.0214810395261813,0.5649509803921569,0.57625,0.5540865384615384,0.420863309352518,461,339,371,117,161,0.506165468633097,0.506905277480767
0.02144969936330482,0.5658297611757501,0.5767790262172284,0.5552884615384616,0.420863309352518,462,339,370,117,161,0.506165468633097,0.506905277480767
0.021445885282858623,0.5667074663402693,0.5773067331670823,0.5564903846153846,0.420863309352518,463,339,369,117,161,0.506165468633097,0.506905277480767
0.021397282401370177,0.5663608562691131,0.5765877957658779,0.5564903846153846,0.4172661870503597,463,340,369,116,162,0.506165468633097,0.506905277480767
0.0213304038795733,0.5660146699266504,0.5758706467661692,0.5564903846153846,0.4172661870503597,463,341,369,116,162,0.506165468633097,0.506905277480767
0.02132203401063526,0.5656689065363469,0.5751552795031056,0.5564903846153846,0.4136690647482014,463,342,369,115,163,0.506165468633097,0.506905277480767
0.021258560002191507,0.5665445665445665,0.575682382133995,0.5576923076923077,0.4136690647482014,464,342,368,115,163,0.506165468633097,0.506905277480767
0.021245924089862034,0.5661989017693716,0.5749690210656754,0.5576923076923077,0.4136690647482014,464,343,368,115,163,0.506165468633097,0.506905277480767
0.020966308237018172,0.5658536585365853,0.5742574257425742,0.5576923076923077,0.41007194244604317,464,344,368,114,164,0.506165468633097,0.506905277480767
0.020940260467366356,0.5655088360755637,0.5735475896168108,0.5576923076923077,0.4064748201438849,464,345,368,113,165,0.506165468633097,0.506905277480767
0.02090045708546695,0.5651644336175395,0.5728395061728395,0.5576923076923077,0.4064748201438849,464,346,368,113,165,0.506165468633097,0.506905277480767
0.02063405462894602,0.5648204503956178,0.5721331689272503,0.5576923076923077,0.4028776978417266,464,347,368,112,166,0.506165468633097,0.506905277480767
0.020633460465515285,0.5644768856447688,0.5714285714285714,0.5576923076923077,0.4028776978417266,464,348,368,112,166,0.506165468633097,0.506905277480767
0.02058162253268131,0.5641337386018237,0.5707257072570726,0.5576923076923077,0.39928057553956836,464,349,368,111,167,0.506165468633097,0.506905277480767
0.020575317018824535,0.5637910085054678,0.5700245700245701,0.5576923076923077,0.39568345323741005,464,350,368,110,168,0.506165468633097,0.506905277480767
0.02053344530344603,0.5634486945962356,0.5693251533742332,0.5576923076923077,0.39568345323741005,464,351,368,110,168,0.506165468633097,0.506905277480767
0.020255030956967457,0.5631067961165048,0.5686274509803921,0.5576923076923077,0.39568345323741005,464,352,368,110,168,0.506165468633097,0.506905277480767
0.02009177054586031,0.5627653123104912,0.5679314565483476,0.5576923076923077,0.39568345323741005,464,353,368,110,168,0.506165468633097,0.506905277480767
0.020018549128762386,0.5624242424242424,0.5672371638141809,0.5576923076923077,0.3920863309352518,464,354,368,109,169,0.506165468633097,0.506905277480767
0.0199923170411338,0.562083585705633,0.5665445665445665,0.5576923076923077,0.38848920863309355,464,355,368,108,170,0.506165468633097,0.506905277480767
0.019902374649885868,0.5617433414043583,0.5658536585365853,0.5576923076923077,0.38489208633093525,464,356,368,107,171,0.506165468633097,0.506905277480767
0.019701081700422063,0.5626134301270418,0.5663824604141291,0.5588942307692307,0.38489208633093525,465,356,367,107,171,0.506165468633097,0.506905277480767
0.019408578407632104,0.562273276904474,0.5656934306569343,0.5588942307692307,0.381294964028777,465,357,367,106,172,0.506165468633097,0.506905277480767
0.019174983593876926,0.5619335347432024,0.5650060753341434,0.5588942307692307,0.381294964028777,465,358,367,106,172,0.506165468633097,0.506905277480767
0.01900398677280868,0.5615942028985508,0.5643203883495146,0.5588942307692307,0.381294964028777,465,359,367,106,172,0.506165468633097,0.506905277480767
0.018993987473096552,0.5612552806276403,0.5636363636363636,0.5588942307692307,0.3776978417266187,465,360,367,105,173,0.506165468633097,0.506905277480767
0.01898359487110779,0.5609167671893848,0.562953995157385,0.5588942307692307,0.3776978417266187,465,361,367,105,173,0.506165468633097,0.506905277480767
0.01896715109135616,0.5617842073538276,0.5634824667472793,0.5600961538461539,0.3776978417266187,466,361,366,105,173,0.506165468633097,0.506905277480767
0.018901410826220655,0.5614457831325301,0.5628019323671497,0.5600961538461539,0.3776978417266187,466,362,366,105,173,0.506165468633097,0.506905277480767
0.01888253115608235,0.5611077664057796,0.5621230398069964,0.5600961538461539,0.37410071942446044,466,363,366,104,174,0.506165468633097,0.506905277480767
0.018838394018661053,0.5607701564380265,0.5614457831325301,0.5600961538461539,0.37050359712230213,466,364,366,103,175,0.506165468633097,0.506905277480767
0.018715517643145163,0.5604329524954901,0.5607701564380265,0.5600961538461539,0.37050359712230213,466,365,366,103,175,0.506165468633097,0.506905277480767
0.018587265998388114,0.5612980769230769,0.5612980769230769,0.5612980769230769,0.37050359712230213,467,365,365,103,175,0.506165468633097,0.506905277480767
0.0185761829874857,0.5609609609609609,0.56062424969988,0.5612980769230769,0.3669064748201439,467,366,365,102,176,0.506165468633097,0.506905277480767
0.018556592593147514,0.5618247298919568,0.5611510791366906,0.5625,0.3669064748201439,468,366,364,102,176,0.506165468633097,0.506905277480767
0.018543055611652592,0.5626874625074985,0.5616766467065868,0.5637019230769231,0.3669064748201439,469,366,363,102,176,0.506165468633097,0.506905277480767
0.018525243472303443,0.5623501199040767,0.5610047846889952,0.5637019230769231,0.3669064748201439,469,367,363,102,176,0.506165468633097,0.506905277480767
0.01847024219514859,0.5620131815458358,0.5603345280764636,0.5637019230769231,0.36330935251798563,469,368,363,101,177,0.506165468633097,0.506905277480767
0.018445373945497945,0.5616766467065868,0.5596658711217184,0.5637019230769231,0.36330935251798563,469,369,363,101,177,0.506165468633097,0.506905277480767
0.01841220665113208,0.5613405146618791,0.5589988081048868,0.5637019230769231,0.3597122302158273,469,370,363,100,178,0.506165468633097,0.506905277480767
0.01838838170903323,0.5610047846889952,0.5583333333333333,0.5637019230769231,0.3597122302158273,469,371,363,100,178,0.506165468633097,0.506905277480767
0.018284738797652744,0.5606694560669456,0.5576694411414982,0.5637019230769231,0.3597122302158273,469,372,363,100,178,0.506165468633097,0.506905277480767
0.018264947688808375,0.5603345280764636,0.5570071258907363,0.5637019230769231,0.35611510791366907,469,373,363,99,179,0.506165468633097,0.506905277480767
0.01818197100784391,0.5611940298507463,0.5575326215895611,0.5649038461538461,0.35611510791366907,470,373,362,99,179,0.506165468633097,0.506905277480767
0.018142983797679313,0.5608591885441527,0.556872037914692,0.5649038461538461,0.35611510791366907,470,374,362,99,179,0.506165468633097,0.506905277480767
0.018128812602043243,0.5617173524150268,0.557396449704142,0.5661057692307693,0.35611510791366907,471,374,361,99,179,0.506165468633097,0.506905277480767
0.018102596530951642,0.5625744934445769,0.557919621749409,0.5673076923076923,0.35611510791366907,472,374,360,99,179,0.506165468633097,0.506905277480767
0.01809864216832735,0.56223942823109,0.5572609208972845,0.5673076923076923,0.35611510791366907,472,375,360,99,179,0.506165468633097,0.506905277480767
0.017873711828744865,0.5619047619047619,0.5566037735849056,0.5673076923076923,0.35251798561151076,472,376,360,98,180,0.506165468633097,0.506905277480767
0.017629889326869097,0.561570493753718,0.5559481743227326,0.5673076923076923,0.3489208633093525,472,377,360,97,181,0.506165468633097,0.506905277480767
0.017603953985871723,0.5612366230677764,0.5552941176470588,0.5673076923076923,0.34532374100719426,472,378,360,96,182,0.506165468633097,0.506905277480767
0.017531601371267636,0.5620915032679739,0.5558166862514688,0.5685096153846154,0.34532374100719426,473,378,359,96,182,0.506165468633097,0.506905277480767
0.017467899927391173,0.5629453681710214,0.5563380281690141,0.5697115384615384,0.34532374100719426,474,378,358,96,182,0.506165468633097,0.506905277480767
0.017342583636995812,0.5626112759643916,0.5556858147713951,0.5697115384615384,0.34172661870503596,474,379,358,95,183,0.506165468633097,0.506905277480767
0.01730801999007414,0.5622775800711743,0.5550351288056206,0.5697115384615384,0.34172661870503596,474,380,358,95,183,0.506165468633097,0.506905277480767
0.017306472315767207,0.5619442797866034,0.5543859649122806,0.5697115384615384,0.34172661870503596,474,381,358,95,183,0.506165468633097,0.506905277480767
0.017302994500270508,0.5616113744075829,0.5537383177570093,0.5697115384615384,0.34172661870503596,474,382,358,95,183,0.506165468633097,0.506905277480767
0.01728072501586464,0.5624629958555358,0.5542590431738623,0.5709134615384616,0.34172661870503596,475,382,357,95,183,0.506165468633097,0.506905277480767
0.017140164011619663,0.5633136094674556,0.5547785547785548,0.5721153846153846,0.34172661870503596,476,382,356,95,183,0.506165468633097,0.506905277480767
0.017082072228083334,0.5629804849201656,0.5541327124563445,0.5721153846153846,0.34172661870503596,476,383,356,95,183,0.506165468633097,0.506905277480767
0.01681831154311375,0.5626477541371159,0.5534883720930233,0.5721153846153846,0.3381294964028777,476,384,356,94,184,0.506165468633097,0.506905277480767
0.01671555446310613,0.5634967513290018,0.554006968641115,0.5733173076923077,0.3381294964028777,477,384,355,94,184,0.506165468633097,0.506905277480767
0.016662479778228823,0.5631641086186541,0.5533642691415314,0.5733173076923077,0.3381294964028777,477,385,355,94,184,0.506165468633097,0.506905277480767
0.016635029811621405,0.5628318584070796,0.5527230590961761,0.5733173076923077,0.3381294964028777,477,386,355,94,184,0.506165468633097,0.506905277480767
0.016621033229180515,0.5625,0.5520833333333334,0.5733173076923077,0.3381294964028777,477,387,355,94,184,0.506165468633097,0.506905277480767
0.016232259252292103,0.5621685327047732,0.5514450867052023,0.5733173076923077,0.3345323741007194,477,388,355,93,185,0.506165468633097,0.506905277480767
0.016139112127542043,0.5618374558303887,0.5508083140877598,0.5733173076923077,0.3345323741007194,477,389,355,93,185,0.506165468633097,0.506905277480767
0.016060951317609318,0.5615067686874632,0.5501730103806228,0.5733173076923077,0.3345323741007194,477,390,355,93,185,0.506165468633097,0.506905277480767
0.015992686280534296,0.5623529411764706,0.5506912442396313,0.5745192307692307,0.3345323741007194,478,390,354,93,185,0.506165468633097,0.506905277480767
0.01598507711637631,0.5631981187536743,0.5512082853855006,0.5757211538461539,0.3345323741007194,479,390,353,93,185,0.506165468633097,0.506905277480767
0.01594020095079207,0.5628672150411281,0.5505747126436782,0.5757211538461539,0.3345323741007194,479,391,353,93,185,0.506165468633097,0.506905277480767
0.015852562030348127,0.5625366999412801,0.5499425947187141,0.5757211538461539,0.33093525179856115,479,392,353,92,186,0.506165468633097,0.506905277480767
0.01579374832932212,0.562206572769953,0.5493119266055045,0.5757211538461539,0.3273381294964029,479,393,353,91,187,0.506165468633097,0.506905277480767
0.01576448625284671,0.5618768328445748,0.5486827033218786,0.5757211538461539,0.3273381294964029,479,394,353,91,187,0.506165468633097,0.506905277480767
0.01573286076245589,0.5615474794841735,0.5480549199084668,0.5757211538461539,0.3237410071942446,479,395,353,90,188,0.506165468633097,0.506905277480767
0.015666209887013505,0.5612185120093731,0.5474285714285714,0.5757211538461539,0.32014388489208634,479,396,353,89,189,0.506165468633097,0.506905277480767
0.015628494635628654,0.5608899297423887,0.5468036529680366,0.5757211538461539,0.32014388489208634,479,397,353,89,189,0.506165468633097,0.506905277480767
0.015621604258987176,0.5605617320070216,0.5461801596351197,0.5757211538461539,0.32014388489208634,479,398,353,89,189,0.506165468633097,0.506905277480767
0.015482284676618219,0.560233918128655,0.5455580865603644,0.5757211538461539,0.31654676258992803,479,399,353,88,190,0.506165468633097,0.506905277480767
0.015316267198423605,0.5610753945061367,0.5460750853242321,0.5769230769230769,0.31654676258992803,480,399,352,88,190,0.506165468633097,0.506905277480767
0.015191537138506295,0.5607476635514018,0.5454545454545454,0.5769230769230769,0.31654676258992803,480,400,352,88,190,0.506165468633097,0.506905277480767
0.01503801578547126,0.5604203152364273,0.5448354143019296,0.5769230769230769,0.31654676258992803,480,401,352,88,190,0.506165468633097,0.506905277480767
0.014983365284051087,0.5600933488914819,0.54421768707483,0.5769230769230769,0.3129496402877698,480,402,352,87,191,0.506165468633097,0.506905277480767
0.014893122004010939,0.5597667638483965,0.5436013590033975,0.5769230769230769,0.30935251798561153,480,403,352,86,192,0.506165468633097,0.506905277480767
0.014890242697122469,0.5594405594405595,0.5429864253393665,0.5769230769230769,0.30935251798561153,480,404,352,86,192,0.506165468633097,0.506905277480767
0.014741651416531942,0.5591147350029121,0.5423728813559322,0.5769230769230769,0.3057553956834532,480,405,352,85,193,0.506165468633097,0.506905277480767
0.014718828931080508,0.5587892898719441,0.5417607223476298,0.5769230769230769,0.302158273381295,480,406,352,84,194,0.506165468633097,0.506905277480767
0.014660000345535384,0.5596276905177429,0.5422773393461104,0.578125,0.302158273381295,481,406,351,84,194,0.506165468633097,0.506905277480767
0.01464874433117802,0.5593023255813954,0.5416666666666666,0.578125,0.302158273381295,481,407,351,84,194,0.506165468633097,0.506905277480767
0.014648090158009053,0.5589773387565369,0.5410573678290214,0.578125,0.302158273381295,481,408,351,84,194,0.506165468633097,0.506905277480767
0.014640775028338826,0.5598141695702671,0.5415730337078651,0.5793269230769231,0.302158273381295,482,408,350,84,194,0.506165468633097,0.506905277480767
0.0146289050788585,0.5606500290191526,0.5420875420875421,0.5805288461538461,0.302158273381295,483,408,349,84,194,0.506165468633097,0.506905277480767
0.014621413517633186,0.5603248259860789,0.5414798206278026,0.5805288461538461,0.302158273381295,483,409,349,84,194,0.506165468633097,0.506905277480767
0.014437622229948599,0.5611594202898551,0.541993281075028,0.5817307692307693,0.302158273381295,484,409,348,84,194,0.506165468633097,0.506905277480767
0.01428667784263693,0.5608342989571263,0.5413870246085011,0.5817307692307693,0.302158273381295,484,410,348,84,194,0.506165468633097,0.506905277480767
0.01424190300782091,0.5605095541401274,0.5407821229050279,0.5817307692307693,0.302158273381295,484,411,348,84,194,0.506165468633097,0.506905277480767
0.014166896076003355,0.5601851851851852,0.5401785714285714,0.5817307692307693,0.302158273381295,484,412,348,84,194,0.506165468633097,0.506905277480767
0.014156027916650105,0.5598611914401388,0.5395763656633222,0.5817307692307693,0.302158273381295,484,413,348,84,194,0.506165468633097,0.506905277480767
0.014106795350458723,0.5595375722543353,0.5389755011135857,0.5817307692307693,0.29856115107913667,484,414,348,83,195,0.506165468633097,0.506905277480767
0.014095608675511517,0.559214326978625,0.5383759733036707,0.5817307692307693,0.29856115107913667,484,415,348,83,195,0.506165468633097,0.506905277480767
0.014086906930552257,0.558891454965358,0.5377777777777778,0.5817307692307693,0.2949640287769784,484,416,348,82,196,0.506165468633097,0.506905277480767
0.014046199915276447,0.5585689555683785,0.537180910099889,0.5817307692307693,0.2949640287769784,484,417,348,82,196,0.506165468633097,0.506905277480767
0.01401651295019779,0.558246828143022,0.5365853658536586,0.5817307692307693,0.29136690647482016,484,418,348,81,197,0.506165468633097,0.506905277480767
0.013998248675060887,0.5579250720461095,0.5359911406423035,0.5817307692307693,0.29136690647482016,484,419,348,81,197,0.506165468633097,0.506905277480767
0.013998007234146681,0.5587557603686636,0.536504424778761,0.5829326923076923,0.29136690647482016,485,419,347,81,197,0.506165468633097,0.506905277480767
0.013993453242402698,0.558434081750144,0.5359116022099447,0.5829326923076923,0.28776978417266186,485,420,347,80,198,0.506165468633097,0.506905277480767
0.013881666796329517,0.5581127733026467,0.5353200883002207,0.5829326923076923,0.28776978417266186,485,421,347,80,198,0.506165468633097,0.506905277480767
0.013829986131708938,0.5577918343875791,0.5347298787210585,0.5829326923076923,0.2841726618705036,485,422,347,79,199,0.506165468633097,0.506905277480767
0.013740269753053758,0.5574712643678161,0.5341409691629956,0.5829326923076923,0.2841726618705036,485,423,347,79,199,0.506165468633097,0.506905277480767
0.01370180279705846,0.5582998276852383,0.5346534653465347,0.5841346153846154,0.2841726618705036,486,423,346,79,199,0.506165468633097,0.506905277480767
0.013646578014916866,0.5591274397244547,0.5351648351648352,0.5853365384615384,0.2841726618705036,487,423,345,79,199,0.506165468633097,0.506905277480767
0.013566180433001618,0.5588066551921974,0.5345773874862788,0.5853365384615384,0.2841726618705036,487,424,345,79,199,0.506165468633097,0.506905277480767
0.013426074486829864,0.5596330275229358,0.5350877192982456,0.5865384615384616,0.2841726618705036,488,424,344,79,199,0.506165468633097,0.506905277480767
0.013423858993484639,0.5604584527220631,0.5355969331872946,0.5877403846153846,0.2841726618705036,489,424,343,79,199,0.506165468633097,0.506905277480767
0.013362938625780585,0.561282932416953,0.5361050328227571,0.5889423076923077,0.2841726618705036,490,424,342,79,199,0.506165468633097,0.506905277480767
0.01328679069275629,0.5609616485403549,0.5355191256830601,0.5889423076923077,0.2805755395683453,490,425,342,78,200,0.506165468633097,0.506905277480767
0.013166009661915612,0.5606407322654462,0.5349344978165939,0.5889423076923077,0.27697841726618705,490,426,342,77,201,0.506165468633097,0.506905277480767
0.013033415257624914,0.5603201829616924,0.5343511450381679,0.5889423076923077,0.2733812949640288,490,427,342,76,202,0.506165468633097,0.506905277480767
0.012968185648721431,0.56,0.5337690631808278,0.5889423076923077,0.2733812949640288,490,428,342,76,202,0.506165468633097,0.506905277480767
0.012851530380304066,0.5608223872073101,0.5342763873775843,0.5901442307692307,0.2733812949640288,491,428,341,76,202,0.506165468633097,0.506905277480767
0.0127175852879583,0.5616438356164384,0.5347826086956522,0.5913461538461539,0.2733812949640288,492,428,340,76,202,0.506165468633097,0.506905277480767
0.012436642916887286,0.5624643468339988,0.5352877307274702,0.5925480769230769,0.2733812949640288,493,428,339,76,202,0.506165468633097,0.506905277480767
0.012380920154023811,0.5621436716077537,0.53470715835141,0.5925480769230769,0.2733812949640288,493,429,339,76,202,0.506165468633097,0.506905277480767
0.012305150472341264,0.5618233618233618,0.5341278439869989,0.5925480769230769,0.2733812949640288,493,430,339,76,202,0.506165468633097,0.506905277480767
0.01230409365561791,0.5615034168564921,0.5335497835497836,0.5925480769230769,0.2733812949640288,493,431,339,76,202,0.506165468633097,0.506905277480767
0.012174067833769453,0.5611838360842345,0.532972972972973,0.5925480769230769,0.2697841726618705,493,432,339,75,203,0.506165468633097,0.506905277480767
0.012159458938567957,0.5608646188850968,0.5323974082073434,0.5925480769230769,0.26618705035971224,493,433,339,74,204,0.506165468633097,0.506905277480767
0.012143782859097563,0.5605457646389994,0.5318230852211435,0.5925480769230769,0.26618705035971224,493,434,339,74,204,0.506165468633097,0.506905277480767
0.011912801804374984,0.5602272727272727,0.53125,0.5925480769230769,0.26258992805755393,493,435,339,73,205,0.506165468633097,0.506905277480767
0.011908323710755342,0.5610448608745031,0.5317545748116254,0.59375,0.26258992805755393,494,435,338,73,205,0.506165468633097,0.506905277480767
0.011811998498756804,0.5618615209988649,0.532258064516129,0.5949519230769231,0.26258992805755393,495,435,337,73,205,0.506165468633097,0.506905277480767
0.01169376350414636,0.5626772546795236,0.5327604726100966,0.5961538461538461,0.26258992805755393,496,435,336,73,205,0.506165468633097,0.506905277480767
0.0116352123710452,0.562358276643991,0.5321888412017167,0.5961538461538461,0.26258992805755393,496,436,336,73,205,0.506165468633097,0.506905277480767
0.011629664599162814,0.5620396600566572,0.5316184351554126,0.5961538461538461,0.2589928057553957,496,437,336,72,206,0.506165468633097,0.506905277480767
0.011623219982212385,0.5617214043035108,0.5310492505353319,0.5961538461538461,0.25539568345323743,496,438,336,71,207,0.506165468633097,0.506905277480767
0.011553757612657978,0.5614035087719298,0.5304812834224599,0.5961538461538461,0.2517985611510791,496,439,336,70,208,0.506165468633097,0.506905277480767
0.011446229802922259,0.5610859728506787,0.5299145299145299,0.5961538461538461,0.24820143884892087,496,440,336,69,209,0.506165468633097,0.506905277480767
0.011429268717457752,0.5607687959299039,0.5293489861259338,0.5961538461538461,0.2446043165467626,496,441,336,68,210,0.506165468633097,0.506905277480767
0.011357599052155443,0.56045197740113,0.5287846481876333,0.5961538461538461,0.24100719424460432,496,442,336,67,211,0.506165468633097,0.506905277480767
0.01130438841776038,0.5601355166572558,0.5282215122470714,0.5961538461538461,0.24100719424460432,496,443,336,67,211,0.506165468633097,0.506905277480767
0.011297912746024485,0.5598194130925508,0.5276595744680851,0.5961538461538461,0.24100719424460432,496,444,336,67,211,0.506165468633097,0.506905277480767
0.011292530130707412,0.5595036661026509,0.5270988310308182,0.5961538461538461,0.24100719424460432,496,445,336,67,211,0.506165468633097,0.506905277480767
0.011223088082448651,0.5591882750845547,0.5265392781316348,0.5961538461538461,0.24100719424460432,496,446,336,67,211,0.506165468633097,0.506905277480767
0.011047975908991092,0.56,0.5270413573700954,0.5973557692307693,0.24100719424460432,497,446,335,67,211,0.506165468633097,0.506905277480767
0.010922851439441161,0.5596846846846847,0.5264830508474576,0.5973557692307693,0.24100719424460432,497,447,335,67,211,0.506165468633097,0.506905277480767
0.01090207363177953,0.5604952166572875,0.526984126984127,0.5985576923076923,0.24100719424460432,498,447,334,67,211,0.506165468633097,0.506905277480767
0.010882012515418649,0.5601799775028121,0.5264270613107822,0.5985576923076923,0.23741007194244604,498,448,334,66,212,0.506165468633097,0.506905277480767
0.010833423734455672,0.5598650927487352,0.5258711721224921,0.5985576923076923,0.23741007194244604,498,449,334,66,212,0.506165468633097,0.506905277480767
0.01079433595120749,0.5595505617977528,0.5253164556962026,0.5985576923076923,0.23381294964028776,498,450,334,65,213,0.506165468633097,0.506905277480767
0.010788811341696125,0.5592363840539023,0.5247629083245522,0.5985576923076923,0.2302158273381295,498,451,334,64,214,0.506165468633097,0.506905277480767
0.010690789744149276,0.5589225589225589,0.5242105263157895,0.5985576923076923,0.2302158273381295,498,452,334,64,214,0.506165468633097,0.506905277480767
0.010674204010668875,0.5586090858104319,0.5236593059936908,0.5985576923076923,0.2302158273381295,498,453,334,64,214,0.506165468633097,0.506905277480767
0.010654820030779777,0.5582959641255605,0.523109243697479,0.5985576923076923,0.2302158273381295,498,454,334,64,214,0.506165468633097,0.506905277480767
0.010551181129445253,0.5579831932773109,0.5225603357817419,0.5985576923076923,0.2302158273381295,498,455,334,64,214,0.506165468633097,0.506905277480767
0.010522842311940728,0.5587905935050392,0.5230607966457023,0.5997596153846154,0.2302158273381295,499,455,333,64,214,0.506165468633097,0.506905277480767
0.010432242036843564,0.5595970900951315,0.5235602094240838,0.6009615384615384,0.2302158273381295,500,455,332,64,214,0.506165468633097,0.506905277480767
0.01041760803122671,0.5592841163310962,0.5230125523012552,0.6009615384615384,0.22661870503597123,500,456,332,63,215,0.506165468633097,0.506905277480767
0.010407302292236298,0.5600894354387926,0.5235109717868338,0.6021634615384616,0.22661870503597123,501,456,331,63,215,0.506165468633097,0.506905277480767
0.01038609799378798,0.5608938547486033,0.524008350730689,0.6033653846153846,0.22661870503597123,502,456,330,63,215,0.506165468633097,0.506905277480767
0.010327609065707288,0.5605806811836963,0.5234619395203337,0.6033653846153846,0.22661870503597123,502,457,330,63,215,0.506165468633097,0.506905277480767
0.010305257294174086,0.5613839285714286,0.5239583333333333,0.6045673076923077,0.22661870503597123,503,457,329,63,215,0.506165468633097,0.506905277480767
0.009978985215224223,0.5610708310094813,0.5234131113423517,0.6045673076923077,0.22661870503597123,503,458,329,63,215,0.506165468633097,0.506905277480767
0.009940779885718731,0.5607580824972129,0.5228690228690228,0.6045673076923077,0.22302158273381295,503,459,329,62,216,0.506165468633097,0.506905277480767
0.009626822325287887,0.5604456824512535,0.5223260643821391,0.6045673076923077,0.21942446043165467,503,460,329,61,217,0.506165468633097,0.506905277480767
0.009541599565050296,0.5601336302895323,0.5217842323651453,0.6045673076923077,0.2158273381294964,503,461,329,60,218,0.506165468633097,0.506905277480767
0.009519947906282189,0.5598219254312743,0.5212435233160622,0.6045673076923077,0.2158273381294964,503,462,329,60,218,0.506165468633097,0.506905277480767
0.009502116686646023,0.560622914349277,0.5217391304347826,0.6057692307692307,0.2158273381294964,504,462,328,60,218,0.506165468633097,0.506905277480767
0.009477190867824836,0.5603112840466926,0.5211995863495347,0.6057692307692307,0.21223021582733814,504,463,328,59,219,0.506165468633097,0.506905277480767
0.009407887333757414,0.5611111111111111,0.5216942148760331,0.6069711538461539,0.21223021582733814,505,463,327,59,219,0.506165468633097,0.506905277480767
0.009219370510022973,0.560799555802332,0.5211558307533539,0.6069711538461539,0.21223021582733814,505,464,327,59,219,0.506165468633097,0.506905277480767
0.009172861155899159,0.560488346281909,0.520618556701031,0.6069711538461539,0.21223021582733814,505,465,327,59,219,0.506165468633097,0.506905277480767
0.009166451371699802,0.5601774819744869,0.5200823892893924,0.6069711538461539,0.20863309352517986,505,466,327,58,220,0.506165468633097,0.506905277480767
0.009147480838262834,0.5598669623059866,0.5195473251028807,0.6069711538461539,0.20863309352517986,505,467,327,58,220,0.506165468633097,0.506905277480767
0.009083778142936039,0.5595567867036011,0.5190133607399794,0.6069711538461539,0.20503597122302158,505,468,327,57,221,0.506165468633097,0.506905277480767
0.00903567966242752,0.5592469545957918,0.5184804928131417,0.6069711538461539,0.20503597122302158,505,469,327,57,221,0.506165468633097,0.506905277480767
0.008929703776010822,0.5589374654122855,0.517948717948718,0.6069711538461539,0.20503597122302158,505,470,327,57,221,0.506165468633097,0.506905277480767
0.008782097452830206,0.5586283185840708,0.5174180327868853,0.6069711538461539,0.20503597122302158,505,471,327,57,221,0.506165468633097,0.506905277480767
0.008723360098081834,0.5583195135433942,0.5168884339815762,0.6069711538461539,0.2014388489208633,505,472,327,56,222,0.506165468633097,0.506905277480767
0.008722501803060445,0.5580110497237569,0.516359918200409,0.6069711538461539,0.2014388489208633,505,473,327,56,222,0.506165468633097,0.506905277480767
0.008675199747776086,0.5577029265599116,0.515832482124617,0.6069711538461539,0.19784172661870503,505,474,327,55,223,0.506165468633097,0.506905277480767
0.008674242270100052,0.5584988962472406,0.5163265306122449,0.6081730769230769,0.19784172661870503,506,474,326,55,223,0.506165468633097,0.506905277480767
0.008651829445626563,0.5581908439051296,0.5158002038735984,0.6081730769230769,0.19424460431654678,506,475,326,54,224,0.506165468633097,0.506905277480767
0.008620999223615922,0.557883131201764,0.515274949083503,0.6081730769230769,0.19424460431654678,506,476,326,54,224,0.506165468633097,0.506905277480767
0.008617153209613204,0.5575757575757576,0.5147507629704985,0.6081730769230769,0.1906474820143885,506,477,326,53,225,0.506165468633097,0.506905277480767
0.008611494002452424,0.5572687224669604,0.5142276422764228,0.6081730769230769,0.1906474820143885,506,478,326,53,225,0.506165468633097,0.506905277480767
0.008451880175948223,0.5569620253164557,0.5137055837563452,0.6081730769230769,0.1906474820143885,506,479,326,53,225,0.506165468633097,0.506905277480767
0.008399022335830397,0.5566556655665567,0.513184584178499,0.6081730769230769,0.1906474820143885,506,480,326,53,225,0.506165468633097,0.506905277480767
0.008021364445995882,0.5574491478834525,0.513677811550152,0.609375,0.1906474820143885,507,480,325,53,225,0.506165468633097,0.506905277480767
0.00781046885038017,0.5571428571428572,0.5131578947368421,0.609375,0.18705035971223022,507,481,325,52,226,0.506165468633097,0.506905277480767
0.007754190706898534,0.5579352004393191,0.5136501516683518,0.6105769230769231,0.18705035971223022,508,481,324,52,226,0.506165468633097,0.506905277480767
0.0076053527345295024,0.557628979143798,0.5131313131313131,0.6105769230769231,0.18345323741007194,508,482,324,51,227,0.506165468633097,0.506905277480767
0.007485728629606503,0.5573230938014262,0.5126135216952573,0.6105769230769231,0.18345323741007194,508,483,324,51,227,0.506165468633097,0.506905277480767
0.007161056105460806,0.5570175438596491,0.5120967741935484,0.6105769230769231,0.17985611510791366,508,484,324,50,228,0.506165468633097,0.506905277480767
0.007117787128649078,0.5567123287671233,0.5115810674723061,0.6105769230769231,0.17625899280575538,508,485,324,49,229,0.506165468633097,0.506905277480767
0.007067550370128073,0.556407447973713,0.5110663983903421,0.6105769230769231,0.17266187050359713,508,486,324,48,230,0.506165468633097,0.506905277480767
0.007031103578657438,0.5561029009304871,0.5105527638190954,0.6105769230769231,0.16906474820143885,508,487,324,47,231,0.506165468633097,0.506905277480767
0.006947656048717721,0.5557986870897156,0.5100401606425703,0.6105769230769231,0.16906474820143885,508,488,324,47,231,0.506165468633097,0.506905277480767
0.006894897395575583,0.555494805904866,0.5095285857572718,0.6105769230769231,0.16906474820143885,508,489,324,47,231,0.506165468633097,0.506905277480767
0.006853875982214597,0.5551912568306011,0.5090180360721442,0.6105769230769231,0.16546762589928057,508,490,324,46,232,0.506165468633097,0.506905277480767
0.006818000514669298,0.5548880393227744,0.5085085085085085,0.6105769230769231,0.16546762589928057,508,491,324,46,232,0.506165468633097,0.506905277480767
0.006779575458611409,0.5545851528384279,0.508,0.6105769230769231,0.16546762589928057,508,492,324,46,232,0.506165468633097,0.506905277480767
0.006742276232600153,0.5553737043098745,0.5084915084915085,0.6117788461538461,0.16546762589928057,509,492,323,46,232,0.506165468633097,0.506905277480767
0.006612050408464354,0.5550708833151581,0.5079840319361277,0.6117788461538461,0.16546762589928057,509,493,323,46,232,0.506165468633097,0.506905277480767
0.006542643553527794,0.5547683923705722,0.5074775672981057,0.6117788461538461,0.1618705035971223,509,494,323,45,233,0.506165468633097,0.506905277480767
0.0064621803090534335,0.5555555555555556,0.5079681274900398,0.6129807692307693,0.1618705035971223,510,494,322,45,233,0.506165468633097,0.506905277480767
0.006301035066350935,0.5552531301034295,0.5074626865671642,0.6129807692307693,0.1618705035971223,510,495,322,45,233,0.506165468633097,0.506905277480767
0.006262584297861085,0.5549510337323177,0.5069582504970179,0.6129807692307693,0.1618705035971223,510,496,322,45,233,0.506165468633097,0.506905277480767
0.006205463661760835,0.5546492659053833,0.506454816285998,0.6129807692307693,0.15827338129496402,510,497,322,44,234,0.506165468633097,0.506905277480767
0.006189798687571746,0.5543478260869565,0.5059523809523809,0.6129807692307693,0.15467625899280577,510,498,322,43,235,0.506165468633097,0.506905277480767
0.006130820559042793,0.5540467137425312,0.5054509415262636,0.6129807692307693,0.1510791366906475,510,499,322,42,236,0.506165468633097,0.506905277480767
0.006128647633246942,0.5537459283387622,0.504950495049505,0.6129807692307693,0.1510791366906475,510,500,322,42,236,0.506165468633097,0.506905277480767
0.006068561094502045,0.5534454693434617,0.5044510385756676,0.6129807692307693,0.1510791366906475,510,501,322,42,236,0.506165468633097,0.506905277480767
0.00604598985852578,0.5542299349240781,0.5049407114624506,0.6141826923076923,0.1510791366906475,511,501,321,42,236,0.506165468633097,0.506905277480767
0.0060176060699506095,0.5539295392953929,0.5044422507403751,0.6141826923076923,0.1474820143884892,511,502,321,41,237,0.506165468633097,0.506905277480767
0.005954240139697475,0.5547128927410617,0.504930966469428,0.6153846153846154,0.1474820143884892,512,502,320,41,237,0.506165468633097,0.506905277480767
0.005855810315336107,0.5554953979426096,0.5054187192118227,0.6165865384615384,0.1474820143884892,513,502,319,41,237,0.506165468633097,0.506905277480767
0.005846054789079402,0.5551948051948052,0.5049212598425197,0.6165865384615384,0.1474820143884892,513,503,319,41,237,0.506165468633097,0.506905277480767
0.005732372434787414,0.5548945375878853,0.504424778761062,0.6165865384615384,0.14388489208633093,513,504,319,40,238,0.506165468633097,0.506905277480767
0.00567770846265514,0.5545945945945946,0.5039292730844793,0.6165865384615384,0.14028776978417265,513,505,319,39,239,0.506165468633097,0.506905277480767
0.00564714879281758,0.55537547271745,0.5044160942100098,0.6177884615384616,0.14028776978417265,514,505,318,39,239,0.506165468633097,0.506905277480767
0.005524848458342779,0.5550755939524838,0.503921568627451,0.6177884615384616,0.1366906474820144,514,506,318,38,240,0.506165468633097,0.506905277480767
0.005507654920144933,0.5558553696708041,0.5044074436826641,0.6189903846153846,0.1366906474820144,515,506,317,38,240,0.506165468633097,0.506905277480767
0.005391476626689484,0.5555555555555556,0.5039138943248532,0.6189903846153846,0.13309352517985612,515,507,317,37,241,0.506165468633097,0.506905277480767
0.005283414384597729,0.555256064690027,0.5034213098729228,0.6189903846153846,0.12949640287769784,515,508,317,36,242,0.506165468633097,0.506905277480767
0.005205012861744962,0.5549568965517241,0.5029296875,0.6189903846153846,0.12589928057553956,515,509,317,35,243,0.506165468633097,0.506905277480767
0.005157337319680044,0.5546580506192784,0.5024390243902439,0.6189903846153846,0.12589928057553956,515,510,317,35,243,0.506165468633097,0.506905277480767
0.005135959519778188,0.5543595263724435,0.5019493177387915,0.6189903846153846,0.12589928057553956,515,511,317,35,243,0.506165468633097,0.506905277480767
0.005042750817058073,0.5540613232920926,0.501460564751704,0.6189903846153846,0.12589928057553956,515,512,317,35,243,0.506165468633097,0.506905277480767
0.0050071175743132135,0.553763440860215,0.5009727626459144,0.6189903846153846,0.1223021582733813,515,513,317,34,244,0.506165468633097,0.506905277480767
0.004981334898447098,0.553465878559914,0.500485908649174,0.6189903846153846,0.11870503597122302,515,514,317,33,245,0.506165468633097,0.506905277480767
0.004856574205641118,0.5542427497314716,0.5009708737864078,0.6201923076923077,0.11870503597122302,516,514,316,33,245,0.506165468633097,0.506905277480767
0.004833834667153036,0.5539452495974235,0.5004849660523764,0.6201923076923077,0.11870503597122302,516,515,316,33,245,0.506165468633097,0.506905277480767
0.0047593946551565125,0.5536480686695279,0.5,0.6201923076923077,0.11870503597122302,516,516,316,33,245,0.506165468633097,0.506905277480767
0.004678894516338961,0.5533512064343163,0.4995159728944821,0.6201923076923077,0.11870503597122302,516,517,316,33,245,0.506165468633097,0.506905277480767
0.004599121554253793,0.5530546623794212,0.4990328820116054,0.6201923076923077,0.11510791366906475,516,518,316,32,246,0.506165468633097,0.506905277480767
0.004552853386937616,0.5527584359935725,0.4985507246376812,0.6201923076923077,0.11151079136690648,516,519,316,31,247,0.506165468633097,0.506905277480767
0.004485247943258663,0.5524625267665952,0.4980694980694981,0.6201923076923077,0.1079136690647482,516,520,316,30,248,0.506165468633097,0.506905277480767
0.004473495848585918,0.5532370251471375,0.49855351976856316,0.6213942307692307,0.1079136690647482,517,520,315,30,248,0.506165468633097,0.506905277480767
0.004403298912108,0.5540106951871657,0.49903660886319845,0.6225961538461539,0.1079136690647482,518,520,314,30,248,0.506165468633097,0.506905277480767
0.00431034195777158,0.5537145911277391,0.4985563041385948,0.6225961538461539,0.1079136690647482,518,521,314,30,248,0.506165468633097,0.506905277480767
0.004290274033935837,0.5534188034188035,0.4980769230769231,0.6225961538461539,0.1079136690647482,518,522,314,30,248,0.506165468633097,0.506905277480767
0.004248637138867362,0.5531233315536572,0.49759846301633043,0.6225961538461539,0.10431654676258993,518,523,314,29,249,0.506165468633097,0.506905277480767
0.004245596025716392,0.5528281750266809,0.4971209213051823,0.6225961538461539,0.10431654676258993,518,524,314,29,249,0.506165468633097,0.506905277480767
0.004125855177701476,0.5525333333333333,0.4966442953020134,0.6225961538461539,0.10071942446043165,518,525,314,28,250,0.506165468633097,0.506905277480767
0.004024963715059338,0.5522388059701493,0.49616858237547895,0.6225961538461539,0.09712230215827339,518,526,314,27,251,0.506165468633097,0.506905277480767
0.0038642367591675275,0.5519445924347363,0.49569377990430624,0.6225961538461539,0.09352517985611511,518,527,314,26,252,0.506165468633097,0.506905277480767
0.003852021838728792,0.5516506922257721,0.49521988527724664,0.6225961538461539,0.08992805755395683,518,528,314,25,253,0.506165468633097,0.506905277480767
0.00382081814573898,0.5513571048430016,0.49474689589302767,0.6225961538461539,0.08992805755395683,518,529,314,25,253,0.506165468633097,0.506905277480767
0.003804752893642349,0.5521276595744681,0.4952290076335878,0.6237980769230769,0.08992805755395683,519,529,313,25,253,0.506165468633097,0.506905277480767
0.003655963095216541,0.5518341307814992,0.4947569113441373,0.6237980769230769,0.08992805755395683,519,530,313,25,253,0.506165468633097,0.506905277480767
0.0036167779475778095,0.5515409139213603,0.4942857142857143,0.6237980769230769,0.08633093525179857,519,531,313,24,254,0.506165468633097,0.506905277480767
0.003494084122758867,0.5523101433882103,0.49476688867745006,0.625,0.08633093525179857,520,531,312,24,254,0.506165468633097,0.506905277480767
0.0034712387736377526,0.5520169851380042,0.49429657794676807,0.625,0.08633093525179857,520,532,312,24,254,0.506165468633097,0.506905277480767
0.003423132540307794,0.5517241379310345,0.49382716049382713,0.625,0.08273381294964029,520,533,312,23,255,0.506165468633097,0.506905277480767
0.0033715708708511594,0.5514316012725344,0.49335863377609107,0.625,0.08273381294964029,520,534,312,23,255,0.506165468633097,0.506905277480767
0.0033528778771380052,0.5511393746687865,0.4928909952606635,0.625,0.08273381294964029,520,535,312,23,255,0.506165468633097,0.506905277480767
0.0033162992743872577,0.5508474576271186,0.49242424242424243,0.625,0.07913669064748201,520,536,312,22,256,0.506165468633097,0.506905277480767
0.00324950086662229,0.5505558496559025,0.49195837275307475,0.625,0.07913669064748201,520,537,312,22,256,0.506165468633097,0.506905277480767
0.003217472249648745,0.5502645502645502,0.4914933837429111,0.625,0.07913669064748201,520,538,312,22,256,0.506165468633097,0.506905277480767
0.003101166529599464,0.5510312004230565,0.4919735599622285,0.6262019230769231,0.07913669064748201,521,538,311,22,256,0.506165468633097,0.506905277480767
0.0030633218704887444,0.5507399577167019,0.49150943396226415,0.6262019230769231,0.07553956834532374,521,539,311,21,257,0.506165468633097,0.506905277480767
0.003053068023611105,0.5504490227152667,0.49104618284637136,0.6262019230769231,0.07194244604316546,521,540,311,20,258,0.506165468633097,0.506905277480767
0.0030086400714074424,0.5501583949313622,0.4905838041431262,0.6262019230769231,0.07194244604316546,521,541,311,20,258,0.506165468633097,0.506905277480767
0.002764172417588806,0.549868073878628,0.4901222953904045,0.6262019230769231,0.07194244604316546,521,542,311,20,258,0.506165468633097,0.506905277480767
0.0027164333762563775,0.54957805907173,0.48966165413533835,0.6262019230769231,0.07194244604316546,521,543,311,20,258,0.506165468633097,0.506905277480767
0.002513185311893651,0.5492883500263575,0.4892018779342723,0.6262019230769231,0.0683453237410072,521,544,311,19,259,0.506165468633097,0.506905277480767
0.002487820397763185,0.5489989462592202,0.48874296435272047,0.6262019230769231,0.06474820143884892,521,545,311,18,260,0.506165468633097,0.506905277480767
0.0024610796644569666,0.5487098472880464,0.48828491096532334,0.6262019230769231,0.06115107913669065,521,546,311,17,261,0.506165468633097,0.506905277480767
0.0022533757590540437,0.5484210526315789,0.48782771535580527,0.6262019230769231,0.06115107913669065,521,547,311,17,261,0.506165468633097,0.506905277480767
0.0022382322265975807,0.5481325618095739,0.48737137511693174,0.6262019230769231,0.06115107913669065,521,548,311,17,261,0.506165468633097,0.506905277480767
0.002202565048136318,0.5478443743427971,0.4869158878504673,0.6262019230769231,0.06115107913669065,521,549,311,17,261,0.506165468633097,0.506905277480767
0.002163327349003319,0.5475564897530215,0.4864612511671335,0.6262019230769231,0.05755395683453238,521,550,311,16,262,0.506165468633097,0.506905277480767
0.0021573912204483348,0.5472689075630253,0.48600746268656714,0.6262019230769231,0.05755395683453238,521,551,311,16,262,0.506165468633097,0.506905277480767
0.002056042126083568,0.546981627296588,0.48555452003727867,0.6262019230769231,0.05755395683453238,521,552,311,16,262,0.506165468633097,0.506905277480767
0.002035990937747534,0.546694648478489,0.4851024208566108,0.6262019230769231,0.05755395683453238,521,553,311,16,262,0.506165468633097,0.506905277480767
0.0019764931541447206,0.5464079706345044,0.4846511627906977,0.6262019230769231,0.05755395683453238,521,554,311,16,262,0.506165468633097,0.506905277480767
0.001896903190325927,0.5461215932914046,0.48420074349442377,0.6262019230769231,0.0539568345323741,521,555,311,15,263,0.506165468633097,0.506905277480767
0.0018709807684619273,0.5458355159769512,0.48375116063138346,0.6262019230769231,0.050359712230215826,521,556,311,14,264,0.506165468633097,0.506905277480767
0.0018663380309053013,0.5465968586387434,0.4842300556586271,0.6274038461538461,0.050359712230215826,522,556,310,14,264,0.506165468633097,0.506905277480767
0.0017923647135643095,0.5463108320251178,0.48378127896200185,0.6274038461538461,0.046762589928057555,522,557,310,13,265,0.506165468633097,0.506905277480767
0.0017329665464073107,0.5460251046025104,0.48333333333333334,0.6274038461538461,0.046762589928057555,522,558,310,13,265,0.506165468633097,0.506905277480767
0.0016838246948907565,0.545739675901725,0.482886216466235,0.6274038461538461,0.04316546762589928,522,559,310,12,266,0.506165468633097,0.506905277480767
0.00153021030487821,0.5454545454545454,0.4824399260628466,0.6274038461538461,0.039568345323741004,522,560,310,11,267,0.506165468633097,0.506905277480767
0.0014489456553175017,0.5451697127937337,0.481994459833795,0.6274038461538461,0.03597122302158273,522,561,310,10,268,0.506165468633097,0.506905277480767
0.001442599342449391,0.5448851774530271,0.48154981549815495,0.6274038461538461,0.03597122302158273,522,562,310,10,268,0.506165468633097,0.506905277480767
0.0014356518764628845,0.5446009389671361,0.48110599078341015,0.6274038461538461,0.03597122302158273,522,563,310,10,268,0.506165468633097,0.506905277480767
0.0014294571284675373,0.5453597497393118,0.48158379373848986,0.6286057692307693,0.03597122302158273,523,563,309,10,268,0.506165468633097,0.506905277480767
0.0013954537811067258,0.5450755601875977,0.48114075436982523,0.6286057692307693,0.03237410071942446,523,564,309,9,269,0.506165468633097,0.506905277480767
0.001259202250116942,0.5447916666666667,0.4806985294117647,0.6286057692307693,0.03237410071942446,523,565,309,9,269,0.506165468633097,0.506905277480767
0.0012560331586618512,0.5445080687142113,0.480257116620753,0.6286057692307693,0.03237410071942446,523,566,309,9,269,0.506165468633097,0.506905277480767
0.0011916110220387965,0.5442247658688866,0.4798165137614679,0.6286057692307693,0.03237410071942446,523,567,309,9,269,0.506165468633097,0.506905277480767
0.0011638291251129251,0.5439417576703068,0.47937671860678277,0.6286057692307693,0.02877697841726619,523,568,309,8,270,0.506165468633097,0.506905277480767
0.0008348952843032498,0.5436590436590436,0.47893772893772896,0.6286057692307693,0.02877697841726619,523,569,309,8,270,0.506165468633097,0.506905277480767
0.0008327433450860955,0.5433766233766234,0.4784995425434584,0.6286057692307693,0.025179856115107913,523,570,309,7,271,0.506165468633097,0.506905277480767
0.0007305228101415207,0.5430944963655244,0.4780621572212066,0.6286057692307693,0.025179856115107913,523,571,309,7,271,0.506165468633097,0.506905277480767
0.0007126201951412336,0.5428126621691749,0.4776255707762557,0.6286057692307693,0.025179856115107913,523,572,309,7,271,0.506165468633097,0.506905277480767
0.0006941654901413408,0.5425311203319502,0.4771897810218978,0.6286057692307693,0.025179856115107913,523,573,309,7,271,0.506165468633097,0.506905277480767
0.0006922923875236076,0.5422498703991706,0.47675478577939834,0.6286057692307693,0.02158273381294964,523,574,309,6,272,0.506165468633097,0.506905277480767
0.0006777436054823949,0.5419689119170984,0.4763205828779599,0.6286057692307693,0.02158273381294964,523,575,309,6,272,0.506165468633097,0.506905277480767
0.0006138535533261047,0.5416882444329363,0.47588717015468607,0.6286057692307693,0.02158273381294964,523,576,309,6,272,0.506165468633097,0.506905277480767
0.000610339119068215,0.5414078674948241,0.47545454545454546,0.6286057692307693,0.017985611510791366,523,577,309,5,273,0.506165468633097,0.506905277480767
0.0005118689643710816,0.5411277806518365,0.4750227066303361,0.6286057692307693,0.014388489208633094,523,578,309,4,274,0.506165468633097,0.506905277480767
0.00047864083835436055,0.5418821096173733,0.47549909255898365,0.6298076923076923,0.014388489208633094,524,578,308,4,274,0.506165468633097,0.506905277480767
0.0004307494824709046,0.5416020671834625,0.47506799637352676,0.6298076923076923,0.014388489208633094,524,579,308,4,274,0.506165468633097,0.506905277480767
0.00041094423678222913,0.5413223140495868,0.4746376811594203,0.6298076923076923,0.01079136690647482,524,580,308,3,275,0.506165468633097,0.506905277480767
0.0003817859449043448,0.541042849767682,0.47420814479638007,0.6298076923076923,0.007194244604316547,524,581,308,2,276,0.506165468633097,0.506905277480767
0.00031634869677921174,0.5407636738906089,0.47377938517179025,0.6298076923076923,0.0035971223021582736,524,582,308,1,277,0.506165468633097,0.506905277480767
0.00028764100320777253,0.5404847859721505,0.47335140018066846,0.6298076923076923,0.0035971223021582736,524,583,308,1,277,0.506165468633097,0.506905277480767
0.0002749572634701547,0.5402061855670103,0.4729241877256318,0.6298076923076923,0.0035971223021582736,524,584,308,1,277,0.506165468633097,0.506905277480767
7.786060185943633e-05,0.5409582689335394,0.4733994589720469,0.6310096153846154,0.0035971223021582736,525,584,307,1,277,0.506165468633097,0.506905277480767
5.8617359000590064e-05,0.5406797116374872,0.47297297297297297,0.6310096153846154,0.0,525,585,307,0,278,0.506165468633097,0.506905277480767
