threshold,f1,precision,recall,tnr,tp,fp,fn,tn_unknown,fp_unknown,auc_pr_trapezoid,ap_pr_step
0.9937305085899049,0.0,,0.0,1.0,0,0,346944,115648,0,0.9625505583893144,0.962556625347295
0.9937305085899047,0.0024009603841536613,1.0,0.001201923076923077,1.0,417,0,346527,115648,0,0.9625505583893144,0.962556625347295
0.9923632510373781,0.004796163069544364,1.0,0.002403846153846154,1.0,834,0,346110,115648,0,0.9625505583893144,0.962556625347295
0.9910694335090667,0.00718562874251497,1.0,0.003605769230769231,1.0,1251,0,345693,115648,0,0.9625505583893144,0.962556625347295
0.9902003219656318,0.009569377990430622,1.0,0.004807692307692308,1.0,1668,0,345276,115648,0,0.9625505583893144,0.962556625347295
0.9901603237315614,0.011947431302270013,1.0,0.006009615384615385,1.0,2085,0,344859,115648,0,0.9625505583893144,0.962556625347295
0.9899389653955575,0.014319809069212411,1.0,0.007211538461538462,1.0,2502,0,344442,115648,0,0.9625505583893144,0.962556625347295
0.9898517056343388,0.0166865315852205,1.0,0.008413461538461538,1.0,2919,0,344025,115648,0,0.9625505583893144,0.962556625347295
0.9898152601779763,0.01904761904761905,1.0,0.009615384615384616,1.0,3336,0,343608,115648,0,0.9625505583893144,0.962556625347295
0.9894414432582389,0.02140309155766944,1.0,0.010817307692307692,1.0,3753,0,343191,115648,0,0.9625505583893144,0.962556625347295
0.9889369087391123,0.023752969121140142,1.0,0.01201923076923077,1.0,4170,0,342774,115648,0,0.9625505583893144,0.962556625347295
0.9888915652167614,0.02609727164887307,1.0,0.013221153846153846,1.0,4587,0,342357,115648,0,0.9625505583893144,0.962556625347295
0.9879799199473367,0.02843601895734597,1.0,0.014423076923076924,1.0,5004,0,341940,115648,0,0.9625505583893144,0.962556625347295
0.9879680005728431,0.03076923076923077,1.0,0.015625,1.0,5421,0,341523,115648,0,0.9625505583893144,0.962556625347295
0.9879092373647259,0.03309692671394799,1.0,0.016826923076923076,1.0,5838,0,341106,115648,0,0.9625505583893144,0.962556625347295
0.9877905455759708,0.03541912632821724,1.0,0.018028846153846152,1.0,6255,0,340689,115648,0,0.9625505583893144,0.962556625347295
0.9871871033951956,0.03773584905660377,1.0,0.019230769230769232,1.0,6672,0,340272,115648,0,0.9625505583893144,0.962556625347295
0.9867970884289798,0.04004711425206125,1.0,0.020432692307692308,1.0,7089,0,339855,115648,0,0.9625505583893144,0.962556625347295
0.9865050870647817,0.042352941176470586,1.0,0.021634615384615384,1.0,7506,0,339438,115648,0,0.9625505583893144,0.962556625347295
0.9856580495552648,0.04465334900117509,1.0,0.02283653846153846,1.0,7923,0,339021,115648,0,0.9625505583893144,0.962556625347295
0.9853094056212048,0.046948356807511735,1.0,0.02403846153846154,1.0,8340,0,338604,115648,0,0.9625505583893144,0.962556625347295
0.9852828553016093,0.0492379835873388,1.0,0.025240384615384616,1.0,8757,0,338187,115648,0,0.9625505583893144,0.962556625347295
0.9850950966782361,0.05152224824355972,1.0,0.026442307692307692,1.0,9174,0,337770,115648,0,0.9625505583893144,0.962556625347295
0.9850131369066459,0.05380116959064327,1.0,0.027644230769230768,1.0,9591,0,337353,115648,0,0.9625505583893144,0.962556625347295
0.9844820164871295,0.056074766355140186,1.0,0.028846153846153848,1.0,10008,0,336936,115648,0,0.9625505583893144,0.962556625347295
0.9844254637751915,0.058343057176196034,1.0,0.030048076923076924,1.0,10425,0,336519,115648,0,0.9625505583893144,0.962556625347295
0.9841907750368344,0.06060606060606061,1.0,0.03125,1.0,10842,0,336102,115648,0,0.9625505583893144,0.962556625347295
0.9841903192888778,0.06286379511059371,1.0,0.03245192307692308,1.0,11259,0,335685,115648,0,0.9625505583893144,0.962556625347295
0.9839974369759253,0.06511627906976744,1.0,0.03365384615384615,1.0,11676,0,335268,115648,0,0.9625505583893144,0.962556625347295
0.9839281554516226,0.06736353077816493,1.0,0.03485576923076923,1.0,12093,0,334851,115648,0,0.9625505583893144,0.962556625347295
0.9838609224168613,0.06960556844547564,1.0,0.036057692307692304,1.0,12510,0,334434,115648,0,0.9625505583893144,0.962556625347295
0.98376356857034,0.07184241019698726,1.0,0.037259615384615384,1.0,12927,0,334017,115648,0,0.9625505583893144,0.962556625347295
0.9836897120476052,0.07407407407407407,1.0,0.038461538461538464,1.0,13344,0,333600,115648,0,0.9625505583893144,0.962556625347295
0.9836464641343814,0.07630057803468208,1.0,0.039663461538461536,1.0,13761,0,333183,115648,0,0.9625505583893144,0.962556625347295
0.9836224445509449,0.07852193995381063,1.0,0.040865384615384616,1.0,14178,0,332766,115648,0,0.9625505583893144,0.962556625347295
0.9833306364012608,0.08073817762399077,1.0,0.042067307692307696,1.0,14595,0,332349,115648,0,0.9625505583893144,0.962556625347295
0.9833111930008662,0.08294930875576037,1.0,0.04326923076923077,1.0,15012,0,331932,115648,0,0.9625505583893144,0.962556625347295
0.9830741982466424,0.08515535097813579,1.0,0.04447115384615385,1.0,15429,0,331515,115648,0,0.9625505583893144,0.962556625347295
0.9829196351480447,0.08735632183908046,1.0,0.04567307692307692,1.0,15846,0,331098,115648,0,0.9625505583893144,0.962556625347295
0.9826323202879019,0.08955223880597014,1.0,0.046875,1.0,16263,0,330681,115648,0,0.9625505583893144,0.962556625347295
0.9823835534429258,0.09174311926605505,1.0,0.04807692307692308,1.0,16680,0,330264,115648,0,0.9625505583893144,0.962556625347295
0.9823358634006479,0.09392898052691867,1.0,0.04927884615384615,1.0,17097,0,329847,115648,0,0.9625505583893144,0.962556625347295
0.982092632084682,0.09610983981693363,1.0,0.05048076923076923,1.0,17514,0,329430,115648,0,0.9625505583893144,0.962556625347295
0.9818664186208839,0.09828571428571428,1.0,0.051682692307692304,1.0,17931,0,329013,115648,0,0.9625505583893144,0.962556625347295
0.981592514895701,0.1004566210045662,1.0,0.052884615384615384,1.0,18348,0,328596,115648,0,0.9625505583893144,0.962556625347295
0.981436705723112,0.10262257696693272,1.0,0.054086538461538464,1.0,18765,0,328179,115648,0,0.9625505583893144,0.962556625347295
0.981274812705875,0.10478359908883828,1.0,0.055288461538461536,1.0,19182,0,327762,115648,0,0.9625505583893144,0.962556625347295
0.9812516332805041,0.10693970420932879,1.0,0.056490384615384616,1.0,19599,0,327345,115648,0,0.9625505583893144,0.962556625347295
0.9812008029198485,0.10909090909090909,1.0,0.057692307692307696,1.0,20016,0,326928,115648,0,0.9625505583893144,0.962556625347295
0.9808243397026812,0.1112372304199773,1.0,0.05889423076923077,1.0,20433,0,326511,115648,0,0.9625505583893144,0.962556625347295
0.9802897793542534,0.11337868480725624,1.0,0.06009615384615385,1.0,20850,0,326094,115648,0,0.9625505583893144,0.962556625347295
0.9802495425023874,0.11551528878822197,1.0,0.06129807692307692,1.0,21267,0,325677,115648,0,0.9625505583893144,0.962556625347295
0.9796893869311512,0.11764705882352941,1.0,0.0625,1.0,21684,0,325260,115648,0,0.9625505583893144,0.962556625347295
0.9794917120135257,0.11977401129943503,1.0,0.06370192307692307,1.0,22101,0,324843,115648,0,0.9625505583893144,0.962556625347295
0.9793131691293879,0.12189616252821671,1.0,0.06490384615384616,1.0,22518,0,324426,115648,0,0.9625505583893144,0.962556625347295
0.9792373321706098,0.12401352874859076,1.0,0.06610576923076923,1.0,22935,0,324009,115648,0,0.9625505583893144,0.962556625347295
0.9791388907444901,0.12612612612612611,1.0,0.0673076923076923,1.0,23352,0,323592,115648,0,0.9625505583893144,0.962556625347295
0.9790771109811462,0.12823397075365578,1.0,0.06850961538461539,1.0,23769,0,323175,115648,0,0.9625505583893144,0.962556625347295
0.9789463022128457,0.1303370786516854,1.0,0.06971153846153846,1.0,24186,0,322758,115648,0,0.9625505583893144,0.962556625347295
0.97894535661636,0.1324354657687991,1.0,0.07091346153846154,1.0,24603,0,322341,115648,0,0.9625505583893144,0.962556625347295
0.9789286995284523,0.13452914798206278,1.0,0.07211538461538461,1.0,25020,0,321924,115648,0,0.9625505583893144,0.962556625347295
0.9787601973125877,0.1366181410974244,1.0,0.0733173076923077,1.0,25437,0,321507,115648,0,0.9625505583893144,0.962556625347295
0.9787481433018735,0.13870246085011187,1.0,0.07451923076923077,1.0,25854,0,321090,115648,0,0.9625505583893144,0.962556625347295
0.978726540856405,0.14078212290502792,1.0,0.07572115384615384,1.0,26271,0,320673,115648,0,0.9625505583893144,0.962556625347295
0.9784645320448377,0.14285714285714285,1.0,0.07692307692307693,1.0,26688,0,320256,115648,0,0.9625505583893144,0.962556625347295
0.978458925041557,0.14492753623188406,1.0,0.078125,1.0,27105,0,319839,115648,0,0.9625505583893144,0.962556625347295
0.9783776670918822,0.14699331848552338,1.0,0.07932692307692307,1.0,27522,0,319422,115648,0,0.9625505583893144,0.962556625347295
0.9782968596834225,0.14905450500556172,1.0,0.08052884615384616,1.0,27939,0,319005,115648,0,0.9625505583893144,0.962556625347295
0.9777715396566695,0.1511111111111111,1.0,0.08173076923076923,1.0,28356,0,318588,115648,0,0.9625505583893144,0.962556625347295
0.9775539881579317,0.15316315205327413,1.0,0.0829326923076923,1.0,28773,0,318171,115648,0,0.9625505583893144,0.962556625347295
0.9775374806587724,0.15521064301552107,1.0,0.08413461538461539,1.0,29190,0,317754,115648,0,0.9625505583893144,0.962556625347295
0.9773698280205493,0.15725359911406422,1.0,0.08533653846153846,1.0,29607,0,317337,115648,0,0.9625505583893144,0.962556625347295
0.9773030213482737,0.1592920353982301,1.0,0.08653846153846154,1.0,30024,0,316920,115648,0,0.9625505583893144,0.962556625347295
0.9770404609434844,0.16132596685082873,1.0,0.08774038461538461,1.0,30441,0,316503,115648,0,0.9625505583893144,0.962556625347295
0.9769209204346776,0.16335540838852097,1.0,0.0889423076923077,1.0,30858,0,316086,115648,0,0.9625505583893144,0.962556625347295
0.9769111272350046,0.16538037486218302,1.0,0.09014423076923077,1.0,31275,0,315669,115648,0,0.9625505583893144,0.962556625347295
0.9767706853382687,0.16740088105726872,1.0,0.09134615384615384,1.0,31692,0,315252,115648,0,0.9625505583893144,0.962556625347295
0.9767282295600299,0.1694169416941694,1.0,0.09254807692307693,1.0,32109,0,314835,115648,0,0.9625505583893144,0.962556625347295
0.9767175999421509,0.17142857142857143,1.0,0.09375,1.0,32526,0,314418,115648,0,0.9625505583893144,0.962556625347295
0.9766337898148094,0.1734357848518112,1.0,0.09495192307692307,1.0,32943,0,314001,115648,0,0.9625505583893144,0.962556625347295
0.9762796105421448,0.17543859649122806,1.0,0.09615384615384616,1.0,33360,0,313584,115648,0,0.9625505583893144,0.962556625347295
0.9761641203920897,0.1774370208105148,1.0,0.09735576923076923,1.0,33777,0,313167,115648,0,0.9625505583893144,0.962556625347295
0.9754423842560829,0.17943107221006566,1.0,0.0985576923076923,1.0,34194,0,312750,115648,0,0.9625505583893144,0.962556625347295
0.9754244887384871,0.1814207650273224,1.0,0.09975961538461539,1.0,34611,0,312333,115648,0,0.9625505583893144,0.962556625347295
0.9754167102566842,0.18340611353711792,1.0,0.10096153846153846,1.0,35028,0,311916,115648,0,0.9625505583893144,0.962556625347295
0.9753857593666156,0.18538713195201745,1.0,0.10216346153846154,1.0,35445,0,311499,115648,0,0.9625505583893144,0.962556625347295
0.9753732023639652,0.18736383442265794,1.0,0.10336538461538461,1.0,35862,0,311082,115648,0,0.9625505583893144,0.962556625347295
0.974824652626511,0.1893362350380849,1.0,0.1045673076923077,1.0,36279,0,310665,115648,0,0.9625505583893144,0.962556625347295
0.9746440788159142,0.19130434782608696,1.0,0.10576923076923077,1.0,36696,0,310248,115648,0,0.9625505583893144,0.962556625347295
0.9741602582063262,0.19326818675352878,1.0,0.10697115384615384,1.0,37113,0,309831,115648,0,0.9625505583893144,0.962556625347295
0.9740848009639964,0.19522776572668113,1.0,0.10817307692307693,1.0,37530,0,309414,115648,0,0.9625505583893144,0.962556625347295
0.9740814285530799,0.19718309859154928,1.0,0.109375,1.0,37947,0,308997,115648,0,0.9625505583893144,0.962556625347295
0.9740027297712347,0.19913419913419914,1.0,0.11057692307692307,1.0,38364,0,308580,115648,0,0.9625505583893144,0.962556625347295
0.9739634966870292,0.20108108108108108,1.0,0.11177884615384616,1.0,38781,0,308163,115648,0,0.9625505583893144,0.962556625347295
0.9737593308543824,0.20302375809935205,1.0,0.11298076923076923,1.0,39198,0,307746,115648,0,0.9625505583893144,0.962556625347295
0.9732148805431007,0.20496224379719524,1.0,0.1141826923076923,1.0,39615,0,307329,115648,0,0.9625505583893144,0.962556625347295
0.973096549311286,0.20689655172413793,1.0,0.11538461538461539,1.0,40032,0,306912,115648,0,0.9625505583893144,0.962556625347295
0.9728116760412269,0.20882669537136705,1.0,0.11658653846153846,1.0,40449,0,306495,115648,0,0.9625505583893144,0.962556625347295
0.9727645845966719,0.210752688172043,1.0,0.11778846153846154,1.0,40866,0,306078,115648,0,0.9625505583893144,0.962556625347295
0.9726732860324591,0.21267454350161116,1.0,0.11899038461538461,1.0,41283,0,305661,115648,0,0.9625505583893144,0.962556625347295
0.9726472666363475,0.2145922746781116,1.0,0.1201923076923077,1.0,41700,0,305244,115648,0,0.9625505583893144,0.962556625347295
0.9722885115040062,0.2165058949624866,1.0,0.12139423076923077,1.0,42117,0,304827,115648,0,0.9625505583893144,0.962556625347295
0.9720239906123804,0.21841541755888652,1.0,0.12259615384615384,1.0,42534,0,304410,115648,0,0.9625505583893144,0.962556625347295
0.9719756706119325,0.22032085561497325,1.0,0.12379807692307693,1.0,42951,0,303993,115648,0,0.9625505583893144,0.962556625347295
0.971945781641452,0.2222222222222222,1.0,0.125,1.0,43368,0,303576,115648,0,0.9625505583893144,0.962556625347295
0.9718958619745823,0.22411953041622198,1.0,0.12620192307692307,1.0,43785,0,303159,115648,0,0.9625505583893144,0.962556625347295
0.971877475283788,0.2260127931769723,1.0,0.12740384615384615,1.0,44202,0,302742,115648,0,0.9625505583893144,0.962556625347295
0.9716460299413592,0.22790202342917998,1.0,0.12860576923076922,1.0,44619,0,302325,115648,0,0.9625505583893144,0.962556625347295
0.9714680251716772,0.2297872340425532,1.0,0.12980769230769232,1.0,45036,0,301908,115648,0,0.9625505583893144,0.962556625347295
0.9713662077148493,0.2316684378320935,1.0,0.1310096153846154,1.0,45453,0,301491,115648,0,0.9625505583893144,0.962556625347295
0.9713651276673083,0.23354564755838642,1.0,0.13221153846153846,1.0,45870,0,301074,115648,0,0.9625505583893144,0.962556625347295
0.9713551656898056,0.2354188759278897,1.0,0.13341346153846154,1.0,46287,0,300657,115648,0,0.9625505583893144,0.962556625347295
0.971296199885563,0.23728813559322035,1.0,0.1346153846153846,1.0,46704,0,300240,115648,0,0.9625505583893144,0.962556625347295
0.971222423113269,0.23915343915343915,1.0,0.13581730769230768,1.0,47121,0,299823,115648,0,0.9625505583893144,0.962556625347295
0.9709735966829199,0.24101479915433405,1.0,0.13701923076923078,1.0,47538,0,299406,115648,0,0.9625505583893144,0.962556625347295
0.9709066680939853,0.24287222808870115,1.0,0.13822115384615385,1.0,47955,0,298989,115648,0,0.9625505583893144,0.962556625347295
0.9708325885919685,0.24472573839662448,1.0,0.13942307692307693,1.0,48372,0,298572,115648,0,0.9625505583893144,0.962556625347295
0.9705183076666919,0.2465753424657534,1.0,0.140625,1.0,48789,0,298155,115648,0,0.9625505583893144,0.962556625347295
0.970502137777314,0.24842105263157896,1.0,0.14182692307692307,1.0,49206,0,297738,115648,0,0.9625505583893144,0.962556625347295
0.9702451591921908,0.2502628811777077,1.0,0.14302884615384615,1.0,49623,0,297321,115648,0,0.9625505583893144,0.962556625347295
0.9700033875546541,0.25210084033613445,1.0,0.14423076923076922,1.0,50040,0,296904,115648,0,0.9625505583893144,0.962556625347295
0.9696569720023834,0.2539349422875131,1.0,0.14543269230769232,1.0,50457,0,296487,115648,0,0.9625505583893144,0.962556625347295
0.9696427235569302,0.2557651991614256,1.0,0.1466346153846154,1.0,50874,0,296070,115648,0,0.9625505583893144,0.962556625347295
0.9694419388764294,0.25759162303664923,1.0,0.14783653846153846,1.0,51291,0,295653,115648,0,0.9625505583893144,0.962556625347295
0.9694343348763192,0.2594142259414226,1.0,0.14903846153846154,1.0,51708,0,295236,115648,0,0.9625505583893144,0.962556625347295
0.9692356112760567,0.2612330198537095,1.0,0.1502403846153846,1.0,52125,0,294819,115648,0,0.9625505583893144,0.962556625347295
0.9691992658540896,0.2630480167014614,1.0,0.15144230769230768,1.0,52542,0,294402,115648,0,0.9625505583893144,0.962556625347295
0.9689064717802157,0.264859228362878,1.0,0.15264423076923078,1.0,52959,0,293985,115648,0,0.9625505583893144,0.962556625347295
0.9688627979336671,0.26666666666666666,1.0,0.15384615384615385,1.0,53376,0,293568,115648,0,0.9625505583893144,0.962556625347295
0.9688258742383128,0.2684703433922997,1.0,0.15504807692307693,1.0,53793,0,293151,115648,0,0.9625505583893144,0.962556625347295
0.9686679027646632,0.2702702702702703,1.0,0.15625,1.0,54210,0,292734,115648,0,0.9625505583893144,0.962556625347295
0.9683792557378579,0.2720664589823468,1.0,0.15745192307692307,1.0,54627,0,292317,115648,0,0.9625505583893144,0.962556625347295
0.968229370904568,0.27385892116182575,1.0,0.15865384615384615,1.0,55044,0,291900,115648,0,0.9625505583893144,0.962556625347295
0.9681480561801932,0.2756476683937824,1.0,0.15985576923076922,1.0,55461,0,291483,115648,0,0.9625505583893144,0.962556625347295
0.9681384040399952,0.2774327122153209,1.0,0.16105769230769232,1.0,55878,0,291066,115648,0,0.9625505583893144,0.962556625347295
0.968070600497285,0.2792140641158221,1.0,0.1622596153846154,1.0,56295,0,290649,115648,0,0.9625505583893144,0.962556625347295
0.9679792445921372,0.2809917355371901,1.0,0.16346153846153846,1.0,56712,0,290232,115648,0,0.9625505583893144,0.962556625347295
0.9679608813739659,0.28276573787409703,1.0,0.16466346153846154,1.0,57129,0,289815,115648,0,0.9625505583893144,0.962556625347295
0.9676560787316139,0.2845360824742268,1.0,0.1658653846153846,1.0,57546,0,289398,115648,0,0.9625505583893144,0.962556625347295
0.9675784991950331,0.286302780638517,1.0,0.16706730769230768,1.0,57963,0,288981,115648,0,0.9625505583893144,0.962556625347295
0.9674942207005837,0.2880658436213992,1.0,0.16826923076923078,1.0,58380,0,288564,115648,0,0.9625505583893144,0.962556625347295
0.9673571711307621,0.289825282631038,1.0,0.16947115384615385,1.0,58797,0,288147,115648,0,0.9625505583893144,0.962556625347295
0.9666697482862142,0.2915811088295688,1.0,0.17067307692307693,1.0,59214,0,287730,115648,0,0.9625505583893144,0.962556625347295
0.9665007218743941,0.29333333333333333,1.0,0.171875,1.0,59631,0,287313,115648,0,0.9625505583893144,0.962556625347295
0.9663539869957868,0.29508196721311475,1.0,0.17307692307692307,1.0,60048,0,286896,115648,0,0.9625505583893144,0.962556625347295
0.9661583955060569,0.2968270214943705,1.0,0.17427884615384615,1.0,60465,0,286479,115648,0,0.9625505583893144,0.962556625347295
0.9660115192455134,0.2985685071574642,1.0,0.17548076923076922,1.0,60882,0,286062,115648,0,0.9625505583893144,0.962556625347295
0.9657971132546157,0.3003064351378958,1.0,0.17668269230769232,1.0,61299,0,285645,115648,0,0.9625505583893144,0.962556625347295
0.9656438126987287,0.3020408163265306,1.0,0.1778846153846154,1.0,61716,0,285228,115648,0,0.9625505583893144,0.962556625347295
0.9654652761424343,0.3037716615698267,1.0,0.17908653846153846,1.0,62133,0,284811,115648,0,0.9625505583893144,0.962556625347295
0.965160603881617,0.3054989816700611,1.0,0.18028846153846154,1.0,62550,0,284394,115648,0,0.9625505583893144,0.962556625347295
0.9649168993337504,0.3072227873855544,1.0,0.1814903846153846,1.0,62967,0,283977,115648,0,0.9625505583893144,0.962556625347295
0.9648168659062464,0.3089430894308943,1.0,0.18269230769230768,1.0,63384,0,283560,115648,0,0.9625505583893144,0.962556625347295
0.9646934142176955,0.31065989847715736,1.0,0.18389423076923078,1.0,63801,0,283143,115648,0,0.9625505583893144,0.962556625347295
0.9645349498570097,0.31237322515212984,1.0,0.18509615384615385,1.0,64218,0,282726,115648,0,0.9625505583893144,0.962556625347295
0.9644394079671764,0.3140830800405269,1.0,0.18629807692307693,1.0,64635,0,282309,115648,0,0.9625505583893144,0.962556625347295
0.9644197615853177,0.3157894736842105,1.0,0.1875,1.0,65052,0,281892,115648,0,0.9625505583893144,0.962556625347295
0.9642817987340322,0.31749241658240646,1.0,0.18870192307692307,1.0,65469,0,281475,115648,0,0.9625505583893144,0.962556625347295
0.9639873986038223,0.3191919191919192,1.0,0.18990384615384615,1.0,65886,0,281058,115648,0,0.9625505583893144,0.962556625347295
0.9639113074435599,0.32088799192734613,1.0,0.19110576923076922,1.0,66303,0,280641,115648,0,0.9625505583893144,0.962556625347295
0.9638438250346413,0.3225806451612903,1.0,0.19230769230769232,1.0,66720,0,280224,115648,0,0.9625505583893144,0.962556625347295
0.9636547862500255,0.324269889224572,1.0,0.1935096153846154,1.0,67137,0,279807,115648,0,0.9625505583893144,0.962556625347295
0.9636456624756078,0.32595573440643866,1.0,0.19471153846153846,1.0,67554,0,279390,115648,0,0.9625505583893144,0.962556625347295
0.9636063194851898,0.32763819095477387,1.0,0.19591346153846154,1.0,67971,0,278973,115648,0,0.9625505583893144,0.962556625347295
0.9633882525626531,0.3293172690763052,1.0,0.1971153846153846,1.0,68388,0,278556,115648,0,0.9625505583893144,0.962556625347295
0.9632542960456946,0.33099297893681046,1.0,0.19831730769230768,1.0,68805,0,278139,115648,0,0.9625505583893144,0.962556625347295
0.9630190135310861,0.33266533066132264,1.0,0.19951923076923078,1.0,69222,0,277722,115648,0,0.9625505583893144,0.962556625347295
0.9624957713171682,0.33433433433433435,1.0,0.20072115384615385,1.0,69639,0,277305,115648,0,0.9625505583893144,0.962556625347295
0.9622714318773825,0.336,1.0,0.20192307692307693,1.0,70056,0,276888,115648,0,0.9625505583893144,0.962556625347295
0.9622169155782971,0.33766233766233766,1.0,0.203125,1.0,70473,0,276471,115648,0,0.9625505583893144,0.962556625347295
0.9620282466157873,0.3393213572854291,1.0,0.20432692307692307,1.0,70890,0,276054,115648,0,0.9625505583893144,0.962556625347295
0.9618098892421485,0.34097706879361916,1.0,0.20552884615384615,1.0,71307,0,275637,115648,0,0.9625505583893144,0.962556625347295
0.9615206280969828,0.3426294820717131,1.0,0.20673076923076922,1.0,71724,0,275220,115648,0,0.9625505583893144,0.962556625347295
0.9612162038814203,0.34427860696517415,1.0,0.20793269230769232,1.0,72141,0,274803,115648,0,0.9625505583893144,0.962556625347295
0.9608568813590643,0.34592445328031807,1.0,0.2091346153846154,1.0,72558,0,274386,115648,0,0.9625505583893144,0.962556625347295
0.9608459042977284,0.34756703078450846,1.0,0.21033653846153846,1.0,72975,0,273969,115648,0,0.9625505583893144,0.962556625347295
0.9607306335819313,0.3492063492063492,1.0,0.21153846153846154,1.0,73392,0,273552,115648,0,0.9625505583893144,0.962556625347295
0.9603631949683543,0.3508424182358771,1.0,0.2127403846153846,1.0,73809,0,273135,115648,0,0.9625505583893144,0.962556625347295
0.9602527816168629,0.35247524752475246,1.0,0.21394230769230768,1.0,74226,0,272718,115648,0,0.9625505583893144,0.962556625347295
0.9601672948726941,0.35410484668644904,1.0,0.21514423076923078,1.0,74643,0,272301,115648,0,0.9625505583893144,0.962556625347295
0.9601611544206765,0.3557312252964427,1.0,0.21634615384615385,1.0,75060,0,271884,115648,0,0.9625505583893144,0.962556625347295
0.9601167230500052,0.35735439289239884,1.0,0.21754807692307693,1.0,75477,0,271467,115648,0,0.9625505583893144,0.962556625347295
0.9600931619667386,0.358974358974359,1.0,0.21875,1.0,75894,0,271050,115648,0,0.9625505583893144,0.962556625347295
0.9598039116864077,0.3605911330049261,1.0,0.21995192307692307,1.0,76311,0,270633,115648,0,0.9625505583893144,0.962556625347295
0.9592196930805119,0.36220472440944884,1.0,0.22115384615384615,1.0,76728,0,270216,115648,0,0.9625505583893144,0.962556625347295
0.9590438779577775,0.3638151425762045,1.0,0.22235576923076922,1.0,77145,0,269799,115648,0,0.9625505583893144,0.962556625347295
0.9587092101503234,0.3654223968565815,1.0,0.22355769230769232,1.0,77562,0,269382,115648,0,0.9625505583893144,0.962556625347295
0.9584298596778651,0.36702649656526004,1.0,0.2247596153846154,1.0,77979,0,268965,115648,0,0.9625505583893144,0.962556625347295
0.9582212559022293,0.3686274509803922,1.0,0.22596153846153846,1.0,78396,0,268548,115648,0,0.9625505583893144,0.962556625347295
0.9582205002667965,0.3702252693437806,1.0,0.22716346153846154,1.0,78813,0,268131,115648,0,0.9625505583893144,0.962556625347295
0.9581721231166815,0.37181996086105673,1.0,0.2283653846153846,1.0,79230,0,267714,115648,0,0.9625505583893144,0.962556625347295
0.9581259226698375,0.3734115347018573,1.0,0.22956730769230768,1.0,79647,0,267297,115648,0,0.9625505583893144,0.962556625347295
0.9581111477081619,0.375,1.0,0.23076923076923078,1.0,80064,0,266880,115648,0,0.9625505583893144,0.962556625347295
0.9579410537406299,0.37658536585365854,1.0,0.23197115384615385,1.0,80481,0,266463,115648,0,0.9625505583893144,0.962556625347295
0.9576610413125246,0.37816764132553604,1.0,0.23317307692307693,1.0,80898,0,266046,115648,0,0.9625505583893144,0.962556625347295
0.957450969317138,0.379746835443038,1.0,0.234375,1.0,81315,0,265629,115648,0,0.9625505583893144,0.962556625347295
0.9567434145194373,0.38132295719844356,1.0,0.23557692307692307,1.0,81732,0,265212,115648,0,0.9625505583893144,0.962556625347295
0.9565864427200506,0.38289601554907676,1.0,0.23677884615384615,1.0,82149,0,264795,115648,0,0.9625505583893144,0.962556625347295
0.9563369930211978,0.3844660194174757,1.0,0.23798076923076922,1.0,82566,0,264378,115648,0,0.9625505583893144,0.962556625347295
0.9561922274468999,0.3860329776915616,1.0,0.23918269230769232,1.0,82983,0,263961,115648,0,0.9625505583893144,0.962556625347295
0.9560159188477801,0.3875968992248062,1.0,0.2403846153846154,1.0,83400,0,263544,115648,0,0.9625505583893144,0.962556625347295
0.9559662418750519,0.38915779283639884,1.0,0.24158653846153846,1.0,83817,0,263127,115648,0,0.9625505583893144,0.962556625347295
0.9557873143688806,0.390715667311412,1.0,0.24278846153846154,1.0,84234,0,262710,115648,0,0.9625505583893144,0.962556625347295
0.9555243301450002,0.3922705314009662,1.0,0.2439903846153846,1.0,84651,0,262293,115648,0,0.9625505583893144,0.962556625347295
0.9555215472903201,0.3938223938223938,1.0,0.24519230769230768,1.0,85068,0,261876,115648,0,0.9625505583893144,0.962556625347295
0.9555048522612299,0.39537126325940214,1.0,0.24639423076923078,1.0,85485,0,261459,115648,0,0.9625505583893144,0.962556625347295
0.9554385328052758,0.3969171483622351,1.0,0.24759615384615385,1.0,85902,0,261042,115648,0,0.9625505583893144,0.962556625347295
0.9552465405490911,0.39846005774783444,1.0,0.24879807692307693,1.0,86319,0,260625,115648,0,0.9625505583893144,0.962556625347295
0.95424272407379,0.4,1.0,0.25,1.0,86736,0,260208,115648,0,0.9625505583893144,0.962556625347295
0.9541162704225307,0.4015369836695485,1.0,0.2512019230769231,1.0,87153,0,259791,115648,0,0.9625505583893144,0.962556625347295
0.9540064349821984,0.40307101727447214,1.0,0.25240384615384615,1.0,87570,0,259374,115648,0,0.9625505583893144,0.962556625347295
0.9537970005180225,0.4046021093000959,1.0,0.2536057692307692,1.0,87987,0,258957,115648,0,0.9625505583893144,0.962556625347295
0.9537598084105208,0.4061302681992337,1.0,0.2548076923076923,1.0,88404,0,258540,115648,0,0.9625505583893144,0.962556625347295
0.9537397198737971,0.4076555023923445,1.0,0.25600961538461536,1.0,88821,0,258123,115648,0,0.9625505583893144,0.962556625347295
0.9535718316887956,0.4091778202676864,1.0,0.25721153846153844,1.0,89238,0,257706,115648,0,0.9625505583893144,0.962556625347295
0.9531686005334798,0.41069723018147086,1.0,0.25841346153846156,1.0,89655,0,257289,115648,0,0.9625505583893144,0.962556625347295
0.9531383408589171,0.4122137404580153,1.0,0.25961538461538464,1.0,90072,0,256872,115648,0,0.9625505583893144,0.962556625347295
0.9530386376030011,0.41372735938989513,1.0,0.2608173076923077,1.0,90489,0,256455,115648,0,0.9625505583893144,0.962556625347295
0.9528466574523176,0.41523809523809524,1.0,0.2620192307692308,1.0,90906,0,256038,115648,0,0.9625505583893144,0.962556625347295
0.9528430584099995,0.4167459562321599,1.0,0.26322115384615385,1.0,91323,0,255621,115648,0,0.9625505583893144,0.962556625347295
0.952786007685636,0.41825095057034223,1.0,0.2644230769230769,1.0,91740,0,255204,115648,0,0.9625505583893144,0.962556625347295
0.9526238498836759,0.41975308641975306,1.0,0.265625,1.0,92157,0,254787,115648,0,0.9625505583893144,0.962556625347295
0.952623634696142,0.42125237191650855,1.0,0.2668269230769231,1.0,92574,0,254370,115648,0,0.9625505583893144,0.962556625347295
0.9525491194015192,0.4208530805687204,0.9955156950672646,0.2668269230769231,1.0,92574,417,254370,115648,0,0.9625505583893144,0.962556625347295
0.9523750404879376,0.42234848484848486,0.9955357142857143,0.26802884615384615,1.0,92991,417,253953,115648,0,0.9625505583893144,0.962556625347295
0.9523423851558935,0.423841059602649,0.9955555555555555,0.2692307692307692,1.0,93408,417,253536,115648,0,0.9625505583893144,0.962556625347295
0.9522268953422124,0.42533081285444235,0.995575221238938,0.2704326923076923,1.0,93825,417,253119,115648,0,0.9625505583893144,0.962556625347295
0.9521220123902417,0.42681775259678945,0.9955947136563876,0.27163461538461536,1.0,94242,417,252702,115648,0,0.9625505583893144,0.962556625347295
0.9510391817668069,0.42830188679245285,0.9956140350877193,0.27283653846153844,1.0,94659,417,252285,115648,0,0.9625505583893144,0.962556625347295
0.9507804449293462,0.4297832233741753,0.9956331877729258,0.27403846153846156,1.0,95076,417,251868,115648,0,0.9625505583893144,0.962556625347295
0.9506701942885919,0.4312617702448211,0.9956521739130435,0.27524038461538464,1.0,95493,417,251451,115648,0,0.9625505583893144,0.962556625347295
0.9506700542988566,0.43273753527751646,0.9956709956709957,0.2764423076923077,1.0,95910,417,251034,115648,0,0.9625505583893144,0.962556625347295
0.9506596152486745,0.4342105263157895,0.9956896551724138,0.2776442307692308,1.0,96327,417,250617,115648,0,0.9625505583893144,0.962556625347295
0.9504939809574128,0.4356807511737089,0.9957081545064378,0.27884615384615385,1.0,96744,417,250200,115648,0,0.9625505583893144,0.962556625347295
0.9503806691495649,0.4371482176360225,0.9957264957264957,0.2800480769230769,1.0,97161,417,249783,115648,0,0.9625505583893144,0.962556625347295
0.950367841761697,0.4386129334582943,0.9957446808510638,0.28125,1.0,97578,417,249366,115648,0,0.9625505583893144,0.962556625347295
0.9503583246063549,0.4400749063670412,0.9957627118644068,0.2824519230769231,1.0,97995,417,248949,115648,0,0.9625505583893144,0.962556625347295
0.950350219220577,0.441534144059869,0.9957805907172996,0.28365384615384615,1.0,98412,417,248532,115648,0,0.9625505583893144,0.962556625347295
0.950177666642516,0.44299065420560746,0.9957983193277311,0.2848557692307692,1.0,98829,417,248115,115648,0,0.9625505583893144,0.962556625347295
0.9500068505350125,0.4444444444444444,0.99581589958159,0.2860576923076923,1.0,99246,417,247698,115648,0,0.9625505583893144,0.962556625347295
0.9498805261426749,0.4458955223880597,0.9958333333333333,0.28725961538461536,1.0,99663,417,247281,115648,0,0.9625505583893144,0.962556625347295
0.9498053811752245,0.4473438956197577,0.995850622406639,0.28846153846153844,1.0,100080,417,246864,115648,0,0.9625505583893144,0.962556625347295
0.9489614345438131,0.44878957169459965,0.9958677685950413,0.28966346153846156,1.0,100497,417,246447,115648,0,0.9625505583893144,0.962556625347295
0.9487818575068012,0.4502325581395349,0.9958847736625515,0.29086538461538464,1.0,100914,417,246030,115648,0,0.9625505583893144,0.962556625347295
0.948497185168399,0.4516728624535316,0.9959016393442623,0.2920673076923077,1.0,101331,417,245613,115648,0,0.9625505583893144,0.962556625347295
0.9484349426696368,0.4531104921077066,0.9959183673469387,0.2932692307692308,1.0,101748,417,245196,115648,0,0.9625505583893144,0.962556625347295
0.948430540401305,0.45454545454545453,0.9959349593495935,0.29447115384615385,1.0,102165,417,244779,115648,0,0.9625505583893144,0.962556625347295
0.9483026026542241,0.45597775718257644,0.9959514170040485,0.2956730769230769,1.0,102582,417,244362,115648,0,0.9625505583893144,0.962556625347295
0.9482827192344596,0.45740740740740743,0.9959677419354839,0.296875,1.0,102999,417,243945,115648,0,0.9625505583893144,0.962556625347295
0.9481278723910951,0.4588344125809436,0.9959839357429718,0.2980769230769231,1.0,103416,417,243528,115648,0,0.9625505583893144,0.962556625347295
0.9478953955893965,0.4602587800369686,0.996,0.29927884615384615,1.0,103833,417,243111,115648,0,0.9625505583893144,0.962556625347295
0.947203738744163,0.4616805170821791,0.9960159362549801,0.3004807692307692,1.0,104250,417,242694,115648,0,0.9625505583893144,0.962556625347295
0.9471414399489693,0.46309963099630996,0.996031746031746,0.3016826923076923,1.0,104667,417,242277,115648,0,0.9625505583893144,0.962556625347295
0.9466719582025915,0.4645161290322581,0.9960474308300395,0.30288461538461536,1.0,105084,417,241860,115648,0,0.9625505583893144,0.962556625347295
0.9464357316165688,0.46593001841620624,0.9960629921259843,0.30408653846153844,1.0,105501,417,241443,115648,0,0.9625505583893144,0.962556625347295
0.9463963759739884,0.46734130634774607,0.996078431372549,0.30528846153846156,1.0,105918,417,241026,115648,0,0.9625505583893144,0.962556625347295
0.9461849554585702,0.46875,0.99609375,0.30649038461538464,1.0,106335,417,240609,115648,0,0.9625505583893144,0.962556625347295
0.9459290390688031,0.4701561065197429,0.9961089494163424,0.3076923076923077,1.0,106752,417,240192,115648,0,0.9625505583893144,0.962556625347295
0.9457434705103943,0.47155963302752296,0.9961240310077519,0.3088942307692308,1.0,107169,417,239775,115648,0,0.9625505583893144,0.962556625347295
0.9453255922563613,0.47296058661778184,0.9961389961389961,0.31009615384615385,1.0,107586,417,239358,115648,0,0.9625505583893144,0.962556625347295
0.9451559228134958,0.47435897435897434,0.9961538461538462,0.3112980769230769,1.0,108003,417,238941,115648,0,0.9625505583893144,0.962556625347295
0.9451428107853377,0.4757548032936871,0.9961685823754789,0.3125,1.0,108420,417,238524,115648,0,0.9625505583893144,0.962556625347295
0.9451149663532676,0.47714808043875684,0.9961832061068703,0.3137019230769231,1.0,108837,417,238107,115648,0,0.9625505583893144,0.962556625347295
0.9448438175088676,0.4785388127853881,0.9961977186311787,0.31490384615384615,1.0,109254,417,237690,115648,0,0.9625505583893144,0.962556625347295
0.9447892247735599,0.47992700729927007,0.9962121212121212,0.3161057692307692,1.0,109671,417,237273,115648,0,0.9625505583893144,0.962556625347295
0.9447142756806768,0.4813126709206928,0.9962264150943396,0.3173076923076923,1.0,110088,417,236856,115648,0,0.9625505583893144,0.962556625347295
0.9447032629321777,0.48269581056466304,0.9962406015037594,0.31850961538461536,1.0,110505,417,236439,115648,0,0.9625505583893144,0.962556625347295
0.9438433552759993,0.4840764331210191,0.9962546816479401,0.31971153846153844,1.0,110922,417,236022,115648,0,0.9625505583893144,0.962556625347295
0.9437765736816348,0.48545454545454547,0.996268656716418,0.32091346153846156,1.0,111339,417,235605,115648,0,0.9625505583893144,0.962556625347295
0.9437705969288107,0.4868301544050863,0.9962825278810409,0.32211538461538464,1.0,111756,417,235188,115648,0,0.9625505583893144,0.962556625347295
0.9437566034670317,0.4882032667876588,0.9962962962962963,0.3233173076923077,1.0,112173,417,234771,115648,0,0.9625505583893144,0.962556625347295
0.9430314120881722,0.48957388939256574,0.996309963099631,0.3245192307692308,1.0,112590,417,234354,115648,0,0.9625505583893144,0.962556625347295
0.9429629124439495,0.49094202898550726,0.9963235294117647,0.32572115384615385,1.0,113007,417,233937,115648,0,0.9625505583893144,0.962556625347295
0.9426591751478306,0.49230769230769234,0.9963369963369964,0.3269230769230769,1.0,113424,417,233520,115648,0,0.9625505583893144,0.962556625347295
0.9426457361963712,0.4936708860759494,0.9963503649635036,0.328125,1.0,113841,417,233103,115648,0,0.9625505583893144,0.962556625347295
0.9426281052284273,0.4950316169828365,0.9963636363636363,0.3293269230769231,1.0,114258,417,232686,115648,0,0.9625505583893144,0.962556625347295
0.9426085273988549,0.4963898916967509,0.9963768115942029,0.33052884615384615,1.0,114675,417,232269,115648,0,0.9625505583893144,0.962556625347295
0.942122865085061,0.4977457168620379,0.9963898916967509,0.3317307692307692,1.0,115092,417,231852,115648,0,0.9625505583893144,0.962556625347295
0.9418071474380395,0.4990990990990991,0.9964028776978417,0.3329326923076923,1.0,115509,417,231435,115648,0,0.9625505583893144,0.962556625347295
0.9416998071913738,0.5004500450045004,0.996415770609319,0.33413461538461536,1.0,115926,417,231018,115648,0,0.9625505583893144,0.962556625347295
0.941643618816674,0.5017985611510791,0.9964285714285714,0.33533653846153844,1.0,116343,417,230601,115648,0,0.9625505583893144,0.962556625347295
0.9416027202201203,0.5031446540880503,0.99644128113879,0.33653846153846156,1.0,116760,417,230184,115648,0,0.9625505583893144,0.962556625347295
0.9415474423386156,0.5044883303411131,0.9964539007092199,0.33774038461538464,1.0,117177,417,229767,115648,0,0.9625505583893144,0.962556625347295
0.9414790874541543,0.5058295964125561,0.9964664310954063,0.3389423076923077,1.0,117594,417,229350,115648,0,0.9625505583893144,0.962556625347295
0.9412485697735267,0.507168458781362,0.9964788732394366,0.3401442307692308,1.0,118011,417,228933,115648,0,0.9625505583893144,0.962556625347295
0.9411319779829155,0.5085049239033125,0.9964912280701754,0.34134615384615385,1.0,118428,417,228516,115648,0,0.9625505583893144,0.962556625347295
0.9411250448455077,0.5098389982110912,0.9965034965034965,0.3425480769230769,1.0,118845,417,228099,115648,0,0.9625505583893144,0.962556625347295
0.9410940777881592,0.5111706881143878,0.9965156794425087,0.34375,1.0,119262,417,227682,115648,0,0.9625505583893144,0.962556625347295
0.9410630636312989,0.5125,0.9965277777777778,0.3449519230769231,1.0,119679,417,227265,115648,0,0.9625505583893144,0.962556625347295
0.9407580543472108,0.5138269402319358,0.9965397923875432,0.34615384615384615,1.0,120096,417,226848,115648,0,0.9625505583893144,0.962556625347295
0.940718077978219,0.5151515151515151,0.996551724137931,0.3473557692307692,1.0,120513,417,226431,115648,0,0.9625505583893144,0.962556625347295
0.9404973600618218,0.5164737310774711,0.9965635738831615,0.3485576923076923,1.0,120930,417,226014,115648,0,0.9625505583893144,0.962556625347295
0.9400994317072302,0.5177935943060499,0.9965753424657534,0.34975961538461536,1.0,121347,417,225597,115648,0,0.9625505583893144,0.962556625347295
0.9399415761660012,0.5191111111111111,0.9965870307167235,0.35096153846153844,1.0,121764,417,225180,115648,0,0.9625505583893144,0.962556625347295
0.9395824689976343,0.5204262877442274,0.9965986394557823,0.35216346153846156,1.0,122181,417,224763,115648,0,0.9625505583893144,0.962556625347295
0.9386489660936955,0.5217391304347826,0.9966101694915255,0.35336538461538464,1.0,122598,417,224346,115648,0,0.9625505583893144,0.962556625347295
0.9383985894991148,0.5230496453900709,0.9966216216216216,0.3545673076923077,1.0,123015,417,223929,115648,0,0.9625505583893144,0.962556625347295
0.9381547657626133,0.5243578387953941,0.9966329966329966,0.3557692307692308,1.0,123432,417,223512,115648,0,0.9625505583893144,0.962556625347295
0.9381026685320947,0.5256637168141592,0.9966442953020134,0.35697115384615385,1.0,123849,417,223095,115648,0,0.9625505583893144,0.962556625347295
0.9378886925447436,0.5269672855879752,0.9966555183946488,0.3581730769230769,1.0,124266,417,222678,115648,0,0.9625505583893144,0.962556625347295
0.9378041667587834,0.5282685512367491,0.9966666666666667,0.359375,1.0,124683,417,222261,115648,0,0.9625505583893144,0.962556625347295
0.9376761043931852,0.529567519858782,0.9966777408637874,0.3605769230769231,1.0,125100,417,221844,115648,0,0.9625505583893144,0.962556625347295
0.9376543723201627,0.5308641975308642,0.9966887417218543,0.36177884615384615,1.0,125517,417,221427,115648,0,0.9625505583893144,0.962556625347295
0.9376283475602991,0.5321585903083701,0.9966996699669967,0.3629807692307692,1.0,125934,417,221010,115648,0,0.9625505583893144,0.962556625347295
0.937543935316189,0.5334507042253521,0.9967105263157895,0.3641826923076923,1.0,126351,417,220593,115648,0,0.9625505583893144,0.962556625347295
0.9375196283949216,0.534740545294635,0.9967213114754099,0.36538461538461536,1.0,126768,417,220176,115648,0,0.9625505583893144,0.962556625347295
0.9372293233560316,0.5360281195079086,0.9967320261437909,0.36658653846153844,1.0,127185,417,219759,115648,0,0.9625505583893144,0.962556625347295
0.9371935437968031,0.5373134328358209,0.996742671009772,0.36778846153846156,1.0,127602,417,219342,115648,0,0.9625505583893144,0.962556625347295
0.9359593099280858,0.5385964912280702,0.9967532467532467,0.36899038461538464,1.0,128019,417,218925,115648,0,0.9625505583893144,0.962556625347295
0.935845937226603,0.5398773006134969,0.9967637540453075,0.3701923076923077,1.0,128436,417,218508,115648,0,0.9625505583893144,0.962556625347295
0.9358099928863471,0.5411558669001751,0.9967741935483871,0.3713942307692308,1.0,128853,417,218091,115648,0,0.9625505583893144,0.962556625347295
0.9356011276151458,0.5424321959755031,0.9967845659163987,0.37259615384615385,1.0,129270,417,217674,115648,0,0.9625505583893144,0.962556625347295
0.9354861816044564,0.5437062937062938,0.9967948717948718,0.3737980769230769,1.0,129687,417,217257,115648,0,0.9625505583893144,0.962556625347295
0.9352349579819293,0.5449781659388646,0.9968051118210862,0.375,1.0,130104,417,216840,115648,0,0.9625505583893144,0.962556625347295
0.9351875842993813,0.5462478184991274,0.9968152866242038,0.3762019230769231,1.0,130521,417,216423,115648,0,0.9625505583893144,0.962556625347295
0.9350870070524822,0.5475152571926766,0.9968253968253968,0.37740384615384615,1.0,130938,417,216006,115648,0,0.9625505583893144,0.962556625347295
0.9349911831124447,0.5487804878048781,0.9968354430379747,0.3786057692307692,1.0,131355,417,215589,115648,0,0.9625505583893144,0.962556625347295
0.9348745665794904,0.5500435161009574,0.9968454258675079,0.3798076923076923,1.0,131772,417,215172,115648,0,0.9625505583893144,0.962556625347295
0.9345201310419673,0.551304347826087,0.9968553459119497,0.38100961538461536,1.0,132189,417,214755,115648,0,0.9625505583893144,0.962556625347295
0.9345104217303613,0.5525629887054735,0.9968652037617555,0.38221153846153844,1.0,132606,417,214338,115648,0,0.9625505583893144,0.962556625347295
0.9344370718898762,0.5538194444444444,0.996875,0.38341346153846156,1.0,133023,417,213921,115648,0,0.9625505583893144,0.962556625347295
0.9343827199848009,0.5550737207285342,0.9968847352024922,0.38461538461538464,1.0,133440,417,213504,115648,0,0.9625505583893144,0.962556625347295
0.9342959219630689,0.5563258232235702,0.9968944099378882,0.3858173076923077,1.0,133857,417,213087,115648,0,0.9625505583893144,0.962556625347295
0.9341479190758332,0.5575757575757576,0.9969040247678018,0.3870192307692308,1.0,134274,417,212670,115648,0,0.9625505583893144,0.962556625347295
0.934089025756616,0.5588235294117647,0.9969135802469136,0.38822115384615385,1.0,134691,417,212253,115648,0,0.9625505583893144,0.962556625347295
0.9337691544120583,0.5600691443388073,0.9969230769230769,0.3894230769230769,1.0,135108,417,211836,115648,0,0.9625505583893144,0.962556625347295
0.933512921632456,0.5613126079447323,0.9969325153374233,0.390625,1.0,135525,417,211419,115648,0,0.9625505583893144,0.962556625347295
0.9334175159023838,0.5625539257981018,0.9969418960244648,0.3918269230769231,1.0,135942,417,211002,115648,0,0.9625505583893144,0.962556625347295
0.9331037168189591,0.5637931034482758,0.9969512195121951,0.39302884615384615,1.0,136359,417,210585,115648,0,0.9625505583893144,0.962556625347295
0.9327843787147818,0.5650301464254953,0.9969604863221885,0.3942307692307692,1.0,136776,417,210168,115648,0,0.9625505583893144,0.962556625347295
0.9327365127108586,0.5662650602409639,0.996969696969697,0.3954326923076923,1.0,137193,417,209751,115648,0,0.9625505583893144,0.962556625347295
0.932635424810987,0.5674978503869303,0.9969788519637462,0.39663461538461536,1.0,137610,417,209334,115648,0,0.9625505583893144,0.962556625347295
0.9326298528386707,0.5687285223367697,0.9969879518072289,0.39783653846153844,1.0,138027,417,208917,115648,0,0.9625505583893144,0.962556625347295
0.9325615124953824,0.5699570815450644,0.996996996996997,0.39903846153846156,1.0,138444,417,208500,115648,0,0.9625505583893144,0.962556625347295
0.9324012246871811,0.5711835334476844,0.9970059880239521,0.40024038461538464,1.0,138861,417,208083,115648,0,0.9625505583893144,0.962556625347295
0.9322592215415173,0.572407883461868,0.9970149253731343,0.4014423076923077,1.0,139278,417,207666,115648,0,0.9625505583893144,0.962556625347295
0.9322272595552771,0.5736301369863014,0.9970238095238095,0.4026442307692308,1.0,139695,417,207249,115648,0,0.9625505583893144,0.962556625347295
0.9320916458372496,0.5748502994011976,0.9970326409495549,0.40384615384615385,1.0,140112,417,206832,115648,0,0.9625505583893144,0.962556625347295
0.9319718139564533,0.576068376068376,0.9970414201183432,0.4050480769230769,1.0,140529,417,206415,115648,0,0.9625505583893144,0.962556625347295
0.931327735639017,0.5772843723313408,0.9970501474926253,0.40625,1.0,140946,417,205998,115648,0,0.9625505583893144,0.962556625347295
0.9312411923016752,0.5784982935153583,0.9970588235294118,0.4074519230769231,1.0,141363,417,205581,115648,0,0.9625505583893144,0.962556625347295
0.9311971077896579,0.5797101449275363,0.9970674486803519,0.40865384615384615,1.0,141780,417,205164,115648,0,0.9625505583893144,0.962556625347295
0.9310270331718499,0.5809199318568995,0.9970760233918129,0.4098557692307692,1.0,142197,417,204747,115648,0,0.9625505583893144,0.962556625347295
0.9310012387802031,0.5821276595744681,0.9970845481049563,0.4110576923076923,1.0,142614,417,204330,115648,0,0.9625505583893144,0.962556625347295
0.9308735374909897,0.5833333333333334,0.997093023255814,0.41225961538461536,1.0,143031,417,203913,115648,0,0.9625505583893144,0.962556625347295
0.9303050547138851,0.5845369583687341,0.9971014492753624,0.41346153846153844,1.0,143448,417,203496,115648,0,0.9625505583893144,0.962556625347295
0.9301532203711917,0.5857385398981324,0.9971098265895953,0.41466346153846156,1.0,143865,417,203079,115648,0,0.9625505583893144,0.962556625347295
0.9297767930886272,0.5869380831212893,0.9971181556195965,0.41586538461538464,1.0,144282,417,202662,115648,0,0.9625505583893144,0.962556625347295
0.9296146410166286,0.588135593220339,0.9971264367816092,0.4170673076923077,1.0,144699,417,202245,115648,0,0.9625505583893144,0.962556625347295
0.9294880609105594,0.5893310753598645,0.997134670487106,0.4182692307692308,1.0,145116,417,201828,115648,0,0.9625505583893144,0.962556625347295
0.9292591503439107,0.5905245346869712,0.9971428571428571,0.41947115384615385,1.0,145533,417,201411,115648,0,0.9625505583893144,0.962556625347295
0.92923528799657,0.591715976331361,0.9971509971509972,0.4206730769230769,1.0,145950,417,200994,115648,0,0.9625505583893144,0.962556625347295
0.9291054123720535,0.5929054054054054,0.9971590909090909,0.421875,1.0,146367,417,200577,115648,0,0.9625505583893144,0.962556625347295
0.928846369883126,0.5940928270042194,0.9971671388101983,0.4230769230769231,1.0,146784,417,200160,115648,0,0.9625505583893144,0.962556625347295
0.9274998668500616,0.5952782462057336,0.9971751412429378,0.42427884615384615,1.0,147201,417,199743,115648,0,0.9625505583893144,0.962556625347295
0.9272885758357405,0.5964616680707666,0.9971830985915493,0.4254807692307692,1.0,147618,417,199326,115648,0,0.9625505583893144,0.962556625347295
0.9270542235947152,0.5976430976430976,0.9971910112359551,0.4266826923076923,1.0,148035,417,198909,115648,0,0.9625505583893144,0.962556625347295
0.9270131936962129,0.5988225399495374,0.9971988795518207,0.42788461538461536,1.0,148452,417,198492,115648,0,0.9625505583893144,0.962556625347295
0.9269969519092267,0.6,0.9972067039106145,0.42908653846153844,1.0,148869,417,198075,115648,0,0.9625505583893144,0.962556625347295
0.9268731318943731,0.6011754827875735,0.9972144846796658,0.43028846153846156,1.0,149286,417,197658,115648,0,0.9625505583893144,0.962556625347295
0.9267955271808965,0.6023489932885906,0.9972222222222222,0.43149038461538464,1.0,149703,417,197241,115648,0,0.9625505583893144,0.962556625347295
0.9264798058291506,0.6035205364626991,0.997229916897507,0.4326923076923077,1.0,150120,417,196824,115648,0,0.9625505583893144,0.962556625347295
0.9264118361716844,0.6046901172529313,0.9972375690607734,0.4338942307692308,1.0,150537,417,196407,115648,0,0.9625505583893144,0.962556625347295
0.926359289639123,0.605857740585774,0.9972451790633609,0.43509615384615385,1.0,150954,417,195990,115648,0,0.9625505583893144,0.962556625347295
0.9263003314512007,0.6070234113712375,0.9972527472527473,0.4362980769230769,1.0,151371,417,195573,115648,0,0.9625505583893144,0.962556625347295
0.9257644048871752,0.6081871345029239,0.9972602739726028,0.4375,1.0,151788,417,195156,115648,0,0.9625505583893144,0.962556625347295
0.925690086417303,0.6093489148580968,0.9972677595628415,0.4387019230769231,1.0,152205,417,194739,115648,0,0.9625505583893144,0.962556625347295
0.9254620906601422,0.6105087572977481,0.997275204359673,0.43990384615384615,1.0,152622,417,194322,115648,0,0.9625505583893144,0.962556625347295
0.9245832445697841,0.6116666666666667,0.9972826086956522,0.4411057692307692,1.0,153039,417,193905,115648,0,0.9625505583893144,0.962556625347295
0.9244897694897867,0.6128226477935054,0.997289972899729,0.4423076923076923,1.0,153456,417,193488,115648,0,0.9625505583893144,0.962556625347295
0.923361884086384,0.6139767054908486,0.9972972972972973,0.44350961538461536,1.0,153873,417,193071,115648,0,0.9625505583893144,0.962556625347295
0.9232045080132643,0.6151288445552785,0.9973045822102425,0.44471153846153844,1.0,154290,417,192654,115648,0,0.9625505583893144,0.962556625347295
0.9223753361713859,0.6162790697674418,0.9973118279569892,0.44591346153846156,1.0,154707,417,192237,115648,0,0.9625505583893144,0.962556625347295
0.9223109598861505,0.6174273858921162,0.9973190348525469,0.44711538461538464,1.0,155124,417,191820,115648,0,0.9625505583893144,0.962556625347295
0.9222758574871701,0.6185737976782753,0.9973262032085561,0.4483173076923077,1.0,155541,417,191403,115648,0,0.9625505583893144,0.962556625347295
0.9219069851819794,0.6197183098591549,0.9973333333333333,0.4495192307692308,1.0,155958,417,190986,115648,0,0.9625505583893144,0.962556625347295
0.9209974049323202,0.6208609271523179,0.9973404255319149,0.45072115384615385,1.0,156375,417,190569,115648,0,0.9625505583893144,0.962556625347295
0.9209512846900536,0.6220016542597188,0.9973474801061007,0.4519230769230769,1.0,156792,417,190152,115648,0,0.9625505583893144,0.962556625347295
0.9203370552764083,0.6231404958677685,0.9973544973544973,0.453125,1.0,157209,417,189735,115648,0,0.9625505583893144,0.962556625347295
0.9202272095770321,0.6242774566473989,0.9973614775725593,0.4543269230769231,1.0,157626,417,189318,115648,0,0.9625505583893144,0.962556625347295
0.9201350170419812,0.6254125412541254,0.9973684210526316,0.45552884615384615,1.0,158043,417,188901,115648,0,0.9625505583893144,0.962556625347295
0.9198540636777741,0.6265457543281121,0.9973753280839895,0.4567307692307692,1.0,158460,417,188484,115648,0,0.9625505583893144,0.962556625347295
0.919696911592333,0.627677100494234,0.9973821989528796,0.4579326923076923,1.0,158877,417,188067,115648,0,0.9625505583893144,0.962556625347295
0.919591429635346,0.6288065843621399,0.9973890339425587,0.45913461538461536,1.0,159294,417,187650,115648,0,0.9625505583893144,0.962556625347295
0.919458227156358,0.6299342105263158,0.9973958333333334,0.46033653846153844,1.0,159711,417,187233,115648,0,0.9625505583893144,0.962556625347295
0.9194281061751681,0.6310599835661462,0.9974025974025974,0.46153846153846156,1.0,160128,417,186816,115648,0,0.9625505583893144,0.962556625347295
0.9193882930055554,0.632183908045977,0.9974093264248705,0.46274038461538464,1.0,160545,417,186399,115648,0,0.9625505583893144,0.962556625347295
0.9193528753162937,0.6333059885151764,0.9974160206718347,0.4639423076923077,1.0,160962,417,185982,115648,0,0.9625505583893144,0.962556625347295
0.9189951534663557,0.6344262295081967,0.9974226804123711,0.4651442307692308,1.0,161379,417,185565,115648,0,0.9625505583893144,0.962556625347295
0.9184376931834588,0.6355446355446356,0.9974293059125964,0.46634615384615385,1.0,161796,417,185148,115648,0,0.9625505583893144,0.962556625347295
0.9182388225857514,0.6366612111292962,0.9974358974358974,0.4675480769230769,1.0,162213,417,184731,115648,0,0.9625505583893144,0.962556625347295
0.9181435276133778,0.6377759607522485,0.9974424552429667,0.46875,1.0,162630,417,184314,115648,0,0.9625505583893144,0.962556625347295
0.9173558229339573,0.6388888888888888,0.9974489795918368,0.4699519230769231,1.0,163047,417,183897,115648,0,0.9625505583893144,0.962556625347295
0.9169110418081685,0.64,0.9974554707379135,0.47115384615384615,1.0,163464,417,183480,115648,0,0.9625505583893144,0.962556625347295
0.9163128623064896,0.6411092985318108,0.9974619289340102,0.4723557692307692,1.0,163881,417,183063,115648,0,0.9625505583893144,0.962556625347295
0.9157111307433465,0.6422167889160554,0.9974683544303797,0.4735576923076923,1.0,164298,417,182646,115648,0,0.9625505583893144,0.962556625347295
0.9156781394814874,0.6433224755700325,0.9974747474747475,0.47475961538461536,1.0,164715,417,182229,115648,0,0.9625505583893144,0.962556625347295
0.915675702458333,0.644426362896664,0.9974811083123426,0.47596153846153844,1.0,165132,417,181812,115648,0,0.9625505583893144,0.962556625347295
0.9152824932909855,0.6455284552845528,0.9974874371859297,0.47716346153846156,1.0,165549,417,181395,115648,0,0.9625505583893144,0.962556625347295
0.9150220912964104,0.6466287571080422,0.9974937343358395,0.47836538461538464,1.0,165966,417,180978,115648,0,0.9625505583893144,0.962556625347295
0.91464532334868,0.6477272727272727,0.9975,0.4795673076923077,1.0,166383,417,180561,115648,0,0.9625505583893144,0.962556625347295
0.9144131978366177,0.64882400648824,0.9975062344139651,0.4807692307692308,1.0,166800,417,180144,115648,0,0.9625505583893144,0.962556625347295
0.9143429661853297,0.6499189627228525,0.9975124378109452,0.48197115384615385,1.0,167217,417,179727,115648,0,0.9625505583893144,0.962556625347295
0.9141190309661705,0.6510121457489878,0.9975186104218362,0.4831730769230769,1.0,167634,417,179310,115648,0,0.9625505583893144,0.962556625347295
0.9140433365630765,0.6521035598705501,0.9975247524752475,0.484375,1.0,168051,417,178893,115648,0,0.9625505583893144,0.962556625347295
0.9138402003207318,0.6531932093775262,0.9975308641975309,0.4855769230769231,1.0,168468,417,178476,115648,0,0.9625505583893144,0.962556625347295
0.913267921263031,0.654281098546042,0.9975369458128078,0.48677884615384615,1.0,168885,417,178059,115648,0,0.9625505583893144,0.962556625347295
0.9132246812948008,0.655367231638418,0.9975429975429976,0.4879807692307692,1.0,169302,417,177642,115648,0,0.9625505583893144,0.962556625347295
0.913158063234883,0.6564516129032258,0.9975490196078431,0.4891826923076923,1.0,169719,417,177225,115648,0,0.9625505583893144,0.962556625347295
0.91310693973357,0.6575342465753424,0.9975550122249389,0.49038461538461536,1.0,170136,417,176808,115648,0,0.9625505583893144,0.962556625347295
0.9130182582815555,0.6586151368760065,0.9975609756097561,0.49158653846153844,1.0,170553,417,176391,115648,0,0.9625505583893144,0.962556625347295
0.9128021564704429,0.6596942880128721,0.9975669099756691,0.49278846153846156,1.0,170970,417,175974,115648,0,0.9625505583893144,0.962556625347295
0.9124281172356312,0.6607717041800643,0.9975728155339806,0.49399038461538464,1.0,171387,417,175557,115648,0,0.9625505583893144,0.962556625347295
0.9123162114706735,0.661847389558233,0.9975786924939467,0.4951923076923077,1.0,171804,417,175140,115648,0,0.9625505583893144,0.962556625347295
0.9123098052985978,0.6629213483146067,0.9975845410628019,0.4963942307692308,1.0,172221,417,174723,115648,0,0.9625505583893144,0.962556625347295
0.9121917139689724,0.6639935846030474,0.9975903614457832,0.49759615384615385,1.0,172638,417,174306,115648,0,0.9625505583893144,0.962556625347295
0.9119551553422875,0.6650641025641025,0.9975961538461539,0.4987980769230769,1.0,173055,417,173889,115648,0,0.9625505583893144,0.962556625347295
0.9117189603243621,0.6661329063250601,0.9976019184652278,0.5,1.0,173472,417,173472,115648,0,0.9625505583893144,0.962556625347295
0.9113579111118724,0.6672,0.9976076555023924,0.5012019230769231,1.0,173889,417,173055,115648,0,0.9625505583893144,0.962556625347295
0.9113073571357425,0.6682653876898481,0.9976133651551312,0.5024038461538461,1.0,174306,417,172638,115648,0,0.9625505583893144,0.962556625347295
0.9104263115357195,0.6693290734824281,0.9976190476190476,0.5036057692307693,1.0,174723,417,172221,115648,0,0.9625505583893144,0.962556625347295
0.9103497622887248,0.6703910614525139,0.997624703087886,0.5048076923076923,1.0,175140,417,171804,115648,0,0.9625505583893144,0.962556625347295
0.9098547141587681,0.671451355661882,0.9976303317535545,0.5060096153846154,1.0,175557,417,171387,115648,0,0.9625505583893144,0.962556625347295
0.909526943411761,0.6725099601593626,0.9976359338061466,0.5072115384615384,1.0,175974,417,170970,115648,0,0.9625505583893144,0.962556625347295
0.9095010801541945,0.6735668789808917,0.9976415094339622,0.5084134615384616,1.0,176391,417,170553,115648,0,0.9625505583893144,0.962556625347295
0.9094782751953417,0.6746221161495625,0.9976470588235294,0.5096153846153846,1.0,176808,417,170136,115648,0,0.9625505583893144,0.962556625347295
0.9093928615320057,0.6756756756756757,0.9976525821596244,0.5108173076923077,1.0,177225,417,169719,115648,0,0.9625505583893144,0.962556625347295
0.9091769578732131,0.6767275615567911,0.9976580796252927,0.5120192307692307,1.0,177642,417,169302,115648,0,0.9625505583893144,0.962556625347295
0.9079493640727615,0.6777777777777778,0.9976635514018691,0.5132211538461539,1.0,178059,417,168885,115648,0,0.9625505583893144,0.962556625347295
0.9073578911316802,0.6788263283108644,0.9976689976689976,0.5144230769230769,1.0,178476,417,168468,115648,0,0.9625505583893144,0.962556625347295
0.9068152107225932,0.6798732171156894,0.9976744186046511,0.515625,1.0,178893,417,168051,115648,0,0.9625505583893144,0.962556625347295
0.9067925833045173,0.6809184481393508,0.9976798143851509,0.5168269230769231,1.0,179310,417,167634,115648,0,0.9625505583893144,0.962556625347295
0.9067836138673357,0.6819620253164557,0.9976851851851852,0.5180288461538461,1.0,179727,417,167217,115648,0,0.9625505583893144,0.962556625347295
0.9067656224789152,0.68300395256917,0.9976905311778291,0.5192307692307693,1.0,180144,417,166800,115648,0,0.9625505583893144,0.962556625347295
0.9066476159104556,0.684044233807267,0.9976958525345622,0.5204326923076923,1.0,180561,417,166383,115648,0,0.9625505583893144,0.962556625347295
0.9066020793549261,0.6850828729281768,0.9977011494252873,0.5216346153846154,1.0,180978,417,165966,115648,0,0.9625505583893144,0.962556625347295
0.9065136866261185,0.6861198738170347,0.9977064220183486,0.5228365384615384,1.0,181395,417,165549,115648,0,0.9625505583893144,0.962556625347295
0.9063123220373595,0.6871552403467297,0.9977116704805492,0.5240384615384616,1.0,181812,417,165132,115648,0,0.9625505583893144,0.962556625347295
0.9057847967052386,0.6881889763779527,0.997716894977169,0.5252403846153846,1.0,182229,417,164715,115648,0,0.9625505583893144,0.962556625347295
0.9056407458352339,0.6892210857592447,0.9977220956719818,0.5264423076923077,1.0,182646,417,164298,115648,0,0.9625505583893144,0.962556625347295
0.9055958271462723,0.690251572327044,0.9977272727272727,0.5276442307692307,1.0,183063,417,163881,115648,0,0.9625505583893144,0.962556625347295
0.9055613926856265,0.6912804399057345,0.9977324263038548,0.5288461538461539,1.0,183480,417,163464,115648,0,0.9625505583893144,0.962556625347295
0.9054845385677834,0.6923076923076923,0.997737556561086,0.5300480769230769,1.0,183897,417,163047,115648,0,0.9625505583893144,0.962556625347295
0.905401776325155,0.6933333333333334,0.9977426636568849,0.53125,1.0,184314,417,162630,115648,0,0.9625505583893144,0.962556625347295
0.9042221882686139,0.6943573667711599,0.9977477477477478,0.5324519230769231,1.0,184731,417,162213,115648,0,0.9625505583893144,0.962556625347295
0.9039223279930375,0.6953797963978073,0.9977528089887641,0.5336538461538461,1.0,185148,417,161796,115648,0,0.9625505583893144,0.962556625347295
0.9038374988103273,0.6964006259780907,0.9977578475336323,0.5348557692307693,1.0,185565,417,161379,115648,0,0.9625505583893144,0.962556625347295
0.9037950476175864,0.6974198592650508,0.9977628635346756,0.5360576923076923,1.0,185982,417,160962,115648,0,0.9625505583893144,0.962556625347295
0.9030520798042803,0.6984375,0.9977678571428571,0.5372596153846154,1.0,186399,417,160545,115648,0,0.9625505583893144,0.962556625347295
0.9028740285791255,0.6994535519125683,0.9977728285077951,0.5384615384615384,1.0,186816,417,160128,115648,0,0.9625505583893144,0.962556625347295
0.9018670691731234,0.7004680187207488,0.9977777777777778,0.5396634615384616,1.0,187233,417,159711,115648,0,0.9625505583893144,0.962556625347295
0.9018480567725875,0.7014809041309431,0.9977827050997783,0.5408653846153846,1.0,187650,417,159294,115648,0,0.9625505583893144,0.962556625347295
0.9016686933362581,0.7024922118380063,0.9977876106194691,0.5420673076923077,1.0,188067,417,158877,115648,0,0.9625505583893144,0.962556625347295
0.9015028965429119,0.7035019455252919,0.9977924944812362,0.5432692307692307,1.0,188484,417,158460,115648,0,0.9625505583893144,0.962556625347295
0.901111520936956,0.7045101088646968,0.9977973568281938,0.5444711538461539,1.0,188901,417,158043,115648,0,0.9625505583893144,0.962556625347295
0.9010481109403828,0.7055167055167055,0.9978021978021978,0.5456730769230769,1.0,189318,417,157626,115648,0,0.9625505583893144,0.962556625347295
0.9010352763173494,0.7065217391304348,0.9978070175438597,0.546875,1.0,189735,417,157209,115648,0,0.9625505583893144,0.962556625347295
0.9006583430587456,0.7075252133436772,0.9978118161925602,0.5480769230769231,1.0,190152,417,156792,115648,0,0.9625505583893144,0.962556625347295
0.9005512327239654,0.7085271317829457,0.9978165938864629,0.5492788461538461,1.0,190569,417,156375,115648,0,0.9625505583893144,0.962556625347295
0.9001331697588397,0.7095274980635167,0.9978213507625272,0.5504807692307693,1.0,190986,417,155958,115648,0,0.9625505583893144,0.962556625347295
0.9000832274892738,0.7105263157894737,0.9978260869565218,0.5516826923076923,1.0,191403,417,155541,115648,0,0.9625505583893144,0.962556625347295
0.9000739245339946,0.711523588553751,0.9978308026030369,0.5528846153846154,1.0,191820,417,155124,115648,0,0.9625505583893144,0.962556625347295
0.8996759989113234,0.7125193199381762,0.9978354978354979,0.5540865384615384,1.0,192237,417,154707,115648,0,0.9625505583893144,0.962556625347295
0.8992033925852115,0.7135135135135136,0.9978401727861771,0.5552884615384616,1.0,192654,417,154290,115648,0,0.9625505583893144,0.962556625347295
0.899128823352489,0.7145061728395061,0.9978448275862069,0.5564903846153846,1.0,193071,417,153873,115648,0,0.9625505583893144,0.962556625347295
0.8989917544489503,0.7154973014649191,0.9978494623655914,0.5576923076923077,1.0,193488,417,153456,115648,0,0.9625505583893144,0.962556625347295
0.8989905390914255,0.7164869029275809,0.9978540772532188,0.5588942307692307,1.0,193905,417,153039,115648,0,0.9625505583893144,0.962556625347295
0.8987085875394243,0.7174749807544265,0.9978586723768736,0.5600961538461539,1.0,194322,417,152622,115648,0,0.9625505583893144,0.962556625347295
0.8986907333556426,0.7184615384615385,0.9978632478632479,0.5612980769230769,1.0,194739,417,152205,115648,0,0.9625505583893144,0.962556625347295
0.8985832305262501,0.7194465795541891,0.997867803837953,0.5625,1.0,195156,417,151788,115648,0,0.9625505583893144,0.962556625347295
0.8980139747187856,0.7204301075268817,0.997872340425532,0.5637019230769231,1.0,195573,417,151371,115648,0,0.9625505583893144,0.962556625347295
0.8966020077175829,0.7214121258633922,0.9978768577494692,0.5649038461538461,1.0,195990,417,150954,115648,0,0.9625505583893144,0.962556625347295
0.8965013023132584,0.7223926380368099,0.9978813559322034,0.5661057692307693,1.0,196407,417,150537,115648,0,0.9625505583893144,0.962556625347295
0.8964524268433298,0.7233716475095785,0.9978858350951374,0.5673076923076923,1.0,196824,417,150120,115648,0,0.9625505583893144,0.962556625347295
0.8956639286380879,0.7243491577335375,0.9978902953586498,0.5685096153846154,1.0,197241,417,149703,115648,0,0.9625505583893144,0.962556625347295
0.8950348173165865,0.7253251721499617,0.9978947368421053,0.5697115384615384,1.0,197658,417,149286,115648,0,0.9625505583893144,0.962556625347295
0.894640628714044,0.7262996941896025,0.9978991596638656,0.5709134615384616,1.0,198075,417,148869,115648,0,0.9625505583893144,0.962556625347295
0.8944498817801663,0.7272727272727273,0.9979035639412998,0.5721153846153846,1.0,198492,417,148452,115648,0,0.9625505583893144,0.962556625347295
0.894049329687177,0.7282442748091603,0.997907949790795,0.5733173076923077,1.0,198909,417,148035,115648,0,0.9625505583893144,0.962556625347295
0.8937401272944633,0.7292143401983219,0.9979123173277662,0.5745192307692307,1.0,199326,417,147618,115648,0,0.9625505583893144,0.962556625347295
0.893246178837471,0.7301829268292683,0.9979166666666667,0.5757211538461539,1.0,199743,417,147201,115648,0,0.9625505583893144,0.962556625347295
0.8930725757794242,0.7311500380807312,0.997920997920998,0.5769230769230769,1.0,200160,417,146784,115648,0,0.9625505583893144,0.962556625347295
0.8929535516051899,0.7321156773211568,0.9979253112033195,0.578125,1.0,200577,417,146367,115648,0,0.9625505583893144,0.962556625347295
0.8926704153933209,0.7330798479087453,0.9979296066252588,0.5793269230769231,1.0,200994,417,145950,115648,0,0.9625505583893144,0.962556625347295
0.8926030198999886,0.7340425531914894,0.9979338842975206,0.5805288461538461,1.0,201411,417,145533,115648,0,0.9625505583893144,0.962556625347295
0.8910077429684389,0.7350037965072134,0.9979381443298969,0.5817307692307693,1.0,201828,417,145116,115648,0,0.9625505583893144,0.962556625347295
0.8907148791755863,0.7359635811836115,0.9979423868312757,0.5829326923076923,1.0,202245,417,144699,115648,0,0.9625505583893144,0.962556625347295
0.8906563338977231,0.7369219105382866,0.997946611909651,0.5841346153846154,1.0,202662,417,144282,115648,0,0.9625505583893144,0.962556625347295
0.8898097665204829,0.7378787878787879,0.9979508196721312,0.5853365384615384,1.0,203079,417,143865,115648,0,0.9625505583893144,0.962556625347295
0.8895229836265346,0.7388342165026495,0.9979550102249489,0.5865384615384616,1.0,203496,417,143448,115648,0,0.9625505583893144,0.962556625347295
0.8887631830467859,0.7397881996974282,0.9979591836734694,0.5877403846153846,1.0,203913,417,143031,115648,0,0.9625505583893144,0.962556625347295
0.8882238561038052,0.7407407407407407,0.9979633401221996,0.5889423076923077,1.0,204330,417,142614,115648,0,0.9625505583893144,0.962556625347295
0.8882135137783068,0.7416918429003021,0.9979674796747967,0.5901442307692307,1.0,204747,417,142197,115648,0,0.9625505583893144,0.962556625347295
0.8878564987073394,0.7426415094339622,0.9979716024340771,0.5913461538461539,1.0,205164,417,141780,115648,0,0.9625505583893144,0.962556625347295
0.8878227497506417,0.7435897435897436,0.9979757085020243,0.5925480769230769,1.0,205581,417,141363,115648,0,0.9625505583893144,0.962556625347295
0.8877703505911985,0.7445365486058779,0.997979797979798,0.59375,1.0,205998,417,140946,115648,0,0.9625505583893144,0.962556625347295
0.8874071781380714,0.7454819277108434,0.9979838709677419,0.5949519230769231,1.0,206415,417,140529,115648,0,0.9625505583893144,0.962556625347295
0.8868666570078251,0.746425884123401,0.9979879275653923,0.5961538461538461,1.0,206832,417,140112,115648,0,0.9625505583893144,0.962556625347295
0.8868194221971868,0.7473684210526316,0.9979919678714859,0.5973557692307693,1.0,207249,417,139695,115648,0,0.9625505583893144,0.962556625347295
0.88678073854696,0.7483095416979715,0.9979959919839679,0.5985576923076923,1.0,207666,417,139278,115648,0,0.9625505583893144,0.962556625347295
0.8860345169095492,0.7492492492492493,0.998,0.5997596153846154,1.0,208083,417,138861,115648,0,0.9625505583893144,0.962556625347295
0.8858377533287081,0.7501875468867217,0.998003992015968,0.6009615384615384,1.0,208500,417,138444,115648,0,0.9625505583893144,0.962556625347295
0.8853283078299363,0.7511244377811095,0.99800796812749,0.6021634615384616,1.0,208917,417,138027,115648,0,0.9625505583893144,0.962556625347295
0.8852319263213442,0.752059925093633,0.9980119284294234,0.6033653846153846,1.0,209334,417,137610,115648,0,0.9625505583893144,0.962556625347295
0.8847816290510169,0.7529940119760479,0.998015873015873,0.6045673076923077,1.0,209751,417,137193,115648,0,0.9625505583893144,0.962556625347295
0.8847233964736376,0.7539267015706806,0.998019801980198,0.6057692307692307,1.0,210168,417,136776,115648,0,0.9625505583893144,0.962556625347295
0.8842008422594826,0.7548579970104634,0.9980237154150198,0.6069711538461539,1.0,210585,417,136359,115648,0,0.9625505583893144,0.962556625347295
0.8839842248177052,0.7557879014189693,0.9980276134122288,0.6081730769230769,1.0,211002,417,135942,115648,0,0.9625505583893144,0.962556625347295
0.8839150081932753,0.7567164179104477,0.9980314960629921,0.609375,1.0,211419,417,135525,115648,0,0.9625505583893144,0.962556625347295
0.882487173465275,0.7576435495898584,0.9980353634577603,0.6105769230769231,1.0,211836,417,135108,115648,0,0.9625505583893144,0.962556625347295
0.8824671827916698,0.7585692995529061,0.9980392156862745,0.6117788461538461,1.0,212253,417,134691,115648,0,0.9625505583893144,0.962556625347295
0.8823468877164586,0.759493670886076,0.9980430528375733,0.6129807692307693,1.0,212670,417,134274,115648,0,0.9625505583893144,0.962556625347295
0.8819803999253741,0.7604166666666666,0.998046875,0.6141826923076923,1.0,213087,417,133857,115648,0,0.9625505583893144,0.962556625347295
0.8817010075513536,0.7613382899628253,0.9980506822612085,0.6153846153846154,1.0,213504,417,133440,115648,0,0.9625505583893144,0.962556625347295
0.8815905125685635,0.7622585438335809,0.9980544747081712,0.6165865384615384,1.0,213921,417,133023,115648,0,0.9625505583893144,0.962556625347295
0.8814359855655074,0.7631774313288789,0.9980582524271845,0.6177884615384616,1.0,214338,417,132606,115648,0,0.9625505583893144,0.962556625347295
0.8812992016548303,0.7640949554896143,0.998062015503876,0.6189903846153846,1.0,214755,417,132189,115648,0,0.9625505583893144,0.962556625347295
0.8809568022489396,0.765011119347665,0.9980657640232108,0.6201923076923077,1.0,215172,417,131772,115648,0,0.9625505583893144,0.962556625347295
0.8804682598520721,0.7659259259259259,0.9980694980694981,0.6213942307692307,1.0,215589,417,131355,115648,0,0.9625505583893144,0.962556625347295
0.880163043221541,0.7668393782383419,0.9980732177263969,0.6225961538461539,1.0,216006,417,130938,115648,0,0.9625505583893144,0.962556625347295
0.8801242113111118,0.7677514792899408,0.9980769230769231,0.6237980769230769,1.0,216423,417,130521,115648,0,0.9625505583893144,0.962556625347295
0.8798124223480627,0.7686622320768662,0.9980806142034548,0.625,1.0,216840,417,130104,115648,0,0.9625505583893144,0.962556625347295
0.879388772547478,0.7695716395864106,0.9980842911877394,0.6262019230769231,1.0,217257,417,129687,115648,0,0.9625505583893144,0.962556625347295
0.8790304777663664,0.770479704797048,0.9980879541108987,0.6274038461538461,1.0,217674,417,129270,115648,0,0.9625505583893144,0.962556625347295
0.8787885549101897,0.7713864306784661,0.9980916030534351,0.6286057692307693,1.0,218091,417,128853,115648,0,0.9625505583893144,0.962556625347295
0.878510068795921,0.7722918201915991,0.9980952380952381,0.6298076923076923,1.0,218508,417,128436,115648,0,0.9625505583893144,0.962556625347295
0.8784092828437837,0.7731958762886598,0.9980988593155894,0.6310096153846154,1.0,218925,417,128019,115648,0,0.9625505583893144,0.962556625347295
0.8783087095783325,0.7740986019131715,0.9981024667931688,0.6322115384615384,1.0,219342,417,127602,115648,0,0.9625505583893144,0.962556625347295
0.8773189307683344,0.775,0.9981060606060606,0.6334134615384616,1.0,219759,417,127185,115648,0,0.9625505583893144,0.962556625347295
0.8768041558353856,0.7759000734753857,0.998109640831758,0.6346153846153846,1.0,220176,417,126768,115648,0,0.9625505583893144,0.962556625347295
0.8767532204617101,0.7767988252569751,0.9981132075471698,0.6358173076923077,1.0,220593,417,126351,115648,0,0.9625505583893144,0.962556625347295
0.8755570787949025,0.7776962582538518,0.9981167608286252,0.6370192307692307,1.0,221010,417,125934,115648,0,0.9625505583893144,0.962556625347295
0.8753391445487164,0.7785923753665689,0.9981203007518797,0.6382211538461539,1.0,221427,417,125517,115648,0,0.9625505583893144,0.962556625347295
0.8742297184459771,0.7794871794871795,0.99812382739212,0.6394230769230769,1.0,221844,417,125100,115648,0,0.9625505583893144,0.962556625347295
0.8739689643496706,0.780380673499268,0.99812734082397,0.640625,1.0,222261,417,124683,115648,0,0.9625505583893144,0.962556625347295
0.8736687850324494,0.7812728602779809,0.9981308411214953,0.6418269230769231,1.0,222678,417,124266,115648,0,0.9625505583893144,0.962556625347295
0.8733602350983897,0.7821637426900585,0.9981343283582089,0.6430288461538461,1.0,223095,417,123849,115648,0,0.9625505583893144,0.962556625347295
0.8733282805107001,0.7830533235938641,0.9981378026070763,0.6442307692307693,1.0,223512,417,123432,115648,0,0.9625505583893144,0.962556625347295
0.8732486629061169,0.7839416058394161,0.9981412639405205,0.6454326923076923,1.0,223929,417,123015,115648,0,0.9625505583893144,0.962556625347295
0.8730614481189084,0.7848285922684172,0.9981447124304267,0.6466346153846154,1.0,224346,417,122598,115648,0,0.9625505583893144,0.962556625347295
0.8715263996263881,0.7857142857142857,0.9981481481481481,0.6478365384615384,1.0,224763,417,122181,115648,0,0.9625505583893144,0.962556625347295
0.8714771426695914,0.786598689002185,0.9981515711645101,0.6490384615384616,1.0,225180,417,121764,115648,0,0.9625505583893144,0.962556625347295
0.8712687036471476,0.7874818049490538,0.9981549815498155,0.6502403846153846,1.0,225597,417,121347,115648,0,0.9625505583893144,0.962556625347295
0.8700770784985958,0.7883636363636364,0.998158379373849,0.6514423076923077,1.0,226014,417,120930,115648,0,0.9625505583893144,0.962556625347295
0.8698162670594373,0.7892441860465116,0.9981617647058824,0.6526442307692307,1.0,226431,417,120513,115648,0,0.9625505583893144,0.962556625347295
0.8690926960850179,0.7901234567901234,0.998165137614679,0.6538461538461539,1.0,226848,417,120096,115648,0,0.9625505583893144,0.962556625347295
0.8690688672399014,0.7910014513788098,0.9981684981684982,0.6550480769230769,1.0,227265,417,119679,115648,0,0.9625505583893144,0.962556625347295
0.8681535635522126,0.7918781725888325,0.9981718464351006,0.65625,1.0,227682,417,119262,115648,0,0.9625505583893144,0.962556625347295
0.8679499523404126,0.7927536231884058,0.9981751824817519,0.6574519230769231,1.0,228099,417,118845,115648,0,0.9625505583893144,0.962556625347295
0.8678946271690815,0.7936278059377263,0.9981785063752276,0.6586538461538461,1.0,228516,417,118428,115648,0,0.9625505583893144,0.962556625347295
0.8677641665149887,0.7945007235890015,0.9981818181818182,0.6598557692307693,1.0,228933,417,118011,115648,0,0.9625505583893144,0.962556625347295
0.8673316177694645,0.7953723788864787,0.9981851179673321,0.6610576923076923,1.0,229350,417,117594,115648,0,0.9625505583893144,0.962556625347295
0.8665320681649317,0.796242774566474,0.9981884057971014,0.6622596153846154,1.0,229767,417,117177,115648,0,0.9625505583893144,0.962556625347295
0.866476778374905,0.7971119133574007,0.9981916817359855,0.6634615384615384,1.0,230184,417,116760,115648,0,0.9625505583893144,0.962556625347295
0.8661080478049464,0.797979797979798,0.9981949458483754,0.6646634615384616,1.0,230601,417,116343,115648,0,0.9625505583893144,0.962556625347295
0.866029527915638,0.798846431146359,0.9981981981981982,0.6658653846153846,1.0,231018,417,115926,115648,0,0.9625505583893144,0.962556625347295
0.8659336780781903,0.7997118155619597,0.9982014388489209,0.6670673076923077,1.0,231435,417,115509,115648,0,0.9625505583893144,0.962556625347295
0.865276451933133,0.8005759539236861,0.9982046678635548,0.6682692307692307,1.0,231852,417,115092,115648,0,0.9625505583893144,0.962556625347295
0.8651647657523325,0.8014388489208633,0.9982078853046595,0.6694711538461539,1.0,232269,417,114675,115648,0,0.9625505583893144,0.962556625347295
0.8646434800695451,0.8023005032350827,0.998211091234347,0.6706730769230769,1.0,232686,417,114258,115648,0,0.9625505583893144,0.962556625347295
0.8643304665695963,0.8031609195402298,0.9982142857142857,0.671875,1.0,233103,417,113841,115648,0,0.9625505583893144,0.962556625347295
0.8638570638753196,0.8040201005025126,0.9982174688057041,0.6730769230769231,1.0,233520,417,113424,115648,0,0.9625505583893144,0.962556625347295
0.8626549052994913,0.8048780487804879,0.998220640569395,0.6742788461538461,1.0,233937,417,113007,115648,0,0.9625505583893144,0.962556625347295
0.8609012824180667,0.8057347670250896,0.9982238010657194,0.6754807692307693,1.0,234354,417,112590,115648,0,0.9625505583893144,0.962556625347295
0.8608046229098812,0.8065902578796562,0.99822695035461,0.6766826923076923,1.0,234771,417,112173,115648,0,0.9625505583893144,0.962556625347295
0.8607068867897633,0.807444523979957,0.9982300884955753,0.6778846153846154,1.0,235188,417,111756,115648,0,0.9625505583893144,0.962556625347295
0.8605295427968963,0.8082975679542204,0.9982332155477032,0.6790865384615384,1.0,235605,417,111339,115648,0,0.9625505583893144,0.962556625347295
0.8593887338131235,0.8091493924231594,0.9982363315696648,0.6802884615384616,1.0,236022,417,110922,115648,0,0.9625505583893144,0.962556625347295
0.8593868254765562,0.81,0.9982394366197183,0.6814903846153846,1.0,236439,417,110505,115648,0,0.9625505583893144,0.962556625347295
0.8591286634704518,0.8108493932905068,0.9982425307557118,0.6826923076923077,1.0,236856,417,110088,115648,0,0.9625505583893144,0.962556625347295
0.8590371352554753,0.81169757489301,0.9982456140350877,0.6838942307692307,1.0,237273,417,109671,115648,0,0.9625505583893144,0.962556625347295
0.8585395454813833,0.812544547398432,0.9982486865148862,0.6850961538461539,1.0,237690,417,109254,115648,0,0.9625505583893144,0.962556625347295
0.8583727063464044,0.8133903133903134,0.9982517482517482,0.6862980769230769,1.0,238107,417,108837,115648,0,0.9625505583893144,0.962556625347295
0.8577605213945143,0.8142348754448399,0.9982547993019197,0.6875,1.0,238524,417,108420,115648,0,0.9625505583893144,0.962556625347295
0.8577409399435474,0.8150782361308677,0.9982578397212544,0.6887019230769231,1.0,238941,417,108003,115648,0,0.9625505583893144,0.962556625347295
0.8574470227220494,0.8159203980099502,0.9982608695652174,0.6899038461538461,1.0,239358,417,107586,115648,0,0.9625505583893144,0.962556625347295
0.8553705842222419,0.8167613636363636,0.9982638888888888,0.6911057692307693,1.0,239775,417,107169,115648,0,0.9625505583893144,0.962556625347295
0.8550758262404106,0.8176011355571328,0.9982668977469671,0.6923076923076923,1.0,240192,417,106752,115648,0,0.9625505583893144,0.962556625347295
0.8541829650732089,0.8184397163120567,0.9982698961937716,0.6935096153846154,1.0,240609,417,106335,115648,0,0.9625505583893144,0.962556625347295
0.8537832501181415,0.8192771084337349,0.998272884283247,0.6947115384615384,1.0,241026,417,105918,115648,0,0.9625505583893144,0.962556625347295
0.8525714289488742,0.8201133144475921,0.9982758620689656,0.6959134615384616,1.0,241443,417,105501,115648,0,0.9625505583893144,0.962556625347295
0.8514622015760989,0.8209483368719037,0.9982788296041308,0.6971153846153846,1.0,241860,417,105084,115648,0,0.9625505583893144,0.962556625347295
0.8507631401929872,0.8217821782178217,0.9982817869415808,0.6983173076923077,1.0,242277,417,104667,115648,0,0.9625505583893144,0.962556625347295
0.850190899959854,0.8226148409893993,0.9982847341337907,0.6995192307692307,1.0,242694,417,104250,115648,0,0.9625505583893144,0.962556625347295
0.8501729367658422,0.8234463276836158,0.9982876712328768,0.7007211538461539,1.0,243111,417,103833,115648,0,0.9625505583893144,0.962556625347295
0.8494508832056854,0.8242766407904023,0.9982905982905983,0.7019230769230769,1.0,243528,417,103416,115648,0,0.9625505583893144,0.962556625347295
0.8482251368520096,0.8251057827926658,0.9982935153583617,0.703125,1.0,243945,417,102999,115648,0,0.9625505583893144,0.962556625347295
0.846998118510121,0.8259337561663143,0.9982964224872232,0.7043269230769231,1.0,244362,417,102582,115648,0,0.9625505583893144,0.962556625347295
0.8458677358308249,0.8267605633802817,0.9982993197278912,0.7055288461538461,1.0,244779,417,102165,115648,0,0.9625505583893144,0.962556625347295
0.8458025265758671,0.8275862068965517,0.99830220713073,0.7067307692307693,1.0,245196,417,101748,115648,0,0.9625505583893144,0.962556625347295
0.8446182472758543,0.8284106891701828,0.9983050847457627,0.7079326923076923,1.0,245613,417,101331,115648,0,0.9625505583893144,0.962556625347295
0.8440416940920443,0.8292340126493324,0.9983079526226735,0.7091346153846154,1.0,246030,417,100914,115648,0,0.9625505583893144,0.962556625347295
0.8427702746189324,0.8300561797752809,0.9983108108108109,0.7103365384615384,1.0,246447,417,100497,115648,0,0.9625505583893144,0.962556625347295
0.8418121991297294,0.8308771929824561,0.9983136593591906,0.7115384615384616,1.0,246864,417,100080,115648,0,0.9625505583893144,0.962556625347295
0.8414380049832157,0.8316970546984572,0.9983164983164983,0.7127403846153846,1.0,247281,417,99663,115648,0,0.9625505583893144,0.962556625347295
0.840392931400928,0.8325157673440785,0.9983193277310924,0.7139423076923077,1.0,247698,417,99246,115648,0,0.9625505583893144,0.962556625347295
0.8395712327053351,0.8333333333333334,0.9983221476510067,0.7151442307692307,1.0,248115,417,98829,115648,0,0.9625505583893144,0.962556625347295
0.8390871399228982,0.834149755073478,0.998324958123953,0.7163461538461539,1.0,248532,417,98412,115648,0,0.9625505583893144,0.962556625347295
0.838942044390304,0.8349650349650349,0.9983277591973244,0.7175480769230769,1.0,248949,417,97995,115648,0,0.9625505583893144,0.962556625347295
0.8388566292179092,0.8357791754018169,0.998330550918197,0.71875,1.0,249366,417,97578,115648,0,0.9625505583893144,0.962556625347295
0.8383053536067087,0.8365921787709497,0.9983333333333333,0.7199519230769231,1.0,249783,417,97161,115648,0,0.9625505583893144,0.962556625347295
0.838014232214479,0.837404047452896,0.9983361064891847,0.7211538461538461,1.0,250200,417,96744,115648,0,0.9625505583893144,0.962556625347295
0.8374229091110321,0.8382147838214784,0.9983388704318937,0.7223557692307693,1.0,250617,417,96327,115648,0,0.9625505583893144,0.962556625347295
0.8373475231478335,0.8390243902439024,0.9983416252072969,0.7235576923076923,1.0,251034,417,95910,115648,0,0.9625505583893144,0.962556625347295
0.8367617602396519,0.8398328690807799,0.9983443708609272,0.7247596153846154,1.0,251451,417,95493,115648,0,0.9625505583893144,0.962556625347295
0.8352186386211632,0.8406402226861517,0.9983471074380166,0.7259615384615384,1.0,251868,417,95076,115648,0,0.9625505583893144,0.962556625347295
0.8351996372526307,0.8414464534075105,0.9983498349834984,0.7271634615384616,1.0,252285,417,94659,115648,0,0.9625505583893144,0.962556625347295
0.8351468265575899,0.8422515635858235,0.9983525535420099,0.7283653846153846,1.0,252702,417,94242,115648,0,0.9625505583893144,0.962556625347295
0.8351456209894677,0.8430555555555556,0.9983552631578947,0.7295673076923077,1.0,253119,417,93825,115648,0,0.9625505583893144,0.962556625347295
0.8346129161533851,0.8438584316446912,0.9983579638752053,0.7307692307692307,1.0,253536,417,93408,115648,0,0.9625505583893144,0.962556625347295
0.8344094349482226,0.8446601941747572,0.9983606557377049,0.7319711538461539,1.0,253953,417,92991,115648,0,0.9625505583893144,0.962556625347295
0.8343471786602583,0.8454608454608454,0.9983633387888707,0.7331730769230769,1.0,254370,417,92574,115648,0,0.9625505583893144,0.962556625347295
0.8321504014366176,0.8462603878116344,0.9983660130718954,0.734375,1.0,254787,417,92157,115648,0,0.9625505583893144,0.962556625347295
0.8310010430013397,0.8470588235294118,0.99836867862969,0.7355769230769231,1.0,255204,417,91740,115648,0,0.9625505583893144,0.962556625347295
0.8297326973282523,0.8478561549100968,0.998371335504886,0.7367788461538461,1.0,255621,417,91323,115648,0,0.9625505583893144,0.962556625347295
0.8295882070818331,0.848652384243262,0.9983739837398374,0.7379807692307693,1.0,256038,417,90906,115648,0,0.9625505583893144,0.962556625347295
0.8286252532842197,0.8494475138121547,0.9983766233766234,0.7391826923076923,1.0,256455,417,90489,115648,0,0.9625505583893144,0.962556625347295
0.8264071423395172,0.8502415458937198,0.9983792544570502,0.7403846153846154,1.0,256872,417,90072,115648,0,0.9625505583893144,0.962556625347295
0.8262531140277609,0.8510344827586207,0.9983818770226537,0.7415865384615384,1.0,257289,417,89655,115648,0,0.9625505583893144,0.962556625347295
0.8255655776973709,0.8518263266712612,0.9983844911147012,0.7427884615384616,1.0,257706,417,89238,115648,0,0.9625505583893144,0.962556625347295
0.8238237089642433,0.8526170798898072,0.9983870967741936,0.7439903846153846,1.0,258123,417,88821,115648,0,0.9625505583893144,0.962556625347295
0.8237066976057388,0.8534067446662078,0.998389694041868,0.7451923076923077,1.0,258540,417,88404,115648,0,0.9625505583893144,0.962556625347295
0.8234400118639542,0.8541953232462174,0.9983922829581994,0.7463942307692307,1.0,258957,417,87987,115648,0,0.9625505583893144,0.962556625347295
0.8230170634884157,0.8549828178694158,0.9983948635634029,0.7475961538461539,1.0,259374,417,87570,115648,0,0.9625505583893144,0.962556625347295
0.8219848944889141,0.8557692307692307,0.9983974358974359,0.7487980769230769,1.0,259791,417,87153,115648,0,0.9625505583893144,0.962556625347295
0.821913463275781,0.8565545641729582,0.9984,0.75,1.0,260208,417,86736,115648,0,0.9625505583893144,0.962556625347295
0.8219074492017706,0.8573388203017832,0.9984025559105432,0.7512019230769231,1.0,260625,417,86319,115648,0,0.9625505583893144,0.962556625347295
0.8213589541590434,0.858122001370802,0.9984051036682615,0.7524038461538461,1.0,261042,417,85902,115648,0,0.9625505583893144,0.962556625347295
0.8212270383533216,0.8589041095890411,0.9984076433121019,0.7536057692307693,1.0,261459,417,85485,115648,0,0.9625505583893144,0.962556625347295
0.8185985281969632,0.8596851471594799,0.9984101748807631,0.7548076923076923,1.0,261876,417,85068,115648,0,0.9625505583893144,0.962556625347295
0.8183831681566422,0.8604651162790697,0.9984126984126984,0.7560096153846154,1.0,262293,417,84651,115648,0,0.9625505583893144,0.962556625347295
0.8167670973506591,0.861244019138756,0.9984152139461173,0.7572115384615384,1.0,262710,417,84234,115648,0,0.9625505583893144,0.962556625347295
0.8154141307149377,0.8620218579234973,0.9984177215189873,0.7584134615384616,1.0,263127,417,83817,115648,0,0.9625505583893144,0.962556625347295
0.8146325852304506,0.8627986348122867,0.9984202211690363,0.7596153846153846,1.0,263544,417,83400,115648,0,0.9625505583893144,0.962556625347295
0.8122821923967973,0.8635743519781719,0.998422712933754,0.7608173076923077,1.0,263961,417,82983,115648,0,0.9625505583893144,0.962556625347295
0.8092997487186663,0.8643490115882754,0.9984251968503937,0.7620192307692307,1.0,264378,417,82566,115648,0,0.9625505583893144,0.962556625347295
0.8090926881465854,0.8651226158038147,0.9984276729559748,0.7632211538461539,1.0,264795,417,82149,115648,0,0.9625505583893144,0.962556625347295
0.8080183469976174,0.8658951667801226,0.9984301412872841,0.7644230769230769,1.0,265212,417,81732,115648,0,0.9625505583893144,0.962556625347295
0.8072022822204298,0.8666666666666667,0.9984326018808778,0.765625,1.0,265629,417,81315,115648,0,0.9625505583893144,0.962556625347295
0.8060767489774157,0.86743711760707,0.9984350547730829,0.7668269230769231,1.0,266046,417,80898,115648,0,0.9625505583893144,0.962556625347295
0.8060217690216565,0.8682065217391305,0.9984375,0.7680288461538461,1.0,266463,417,80481,115648,0,0.9625505583893144,0.962556625347295
0.8055984521283619,0.8689748811948405,0.9984399375975039,0.7692307692307693,1.0,266880,417,80064,115648,0,0.9625505583893144,0.962556625347295
0.8046338826653858,0.8697421981004071,0.9984423676012462,0.7704326923076923,1.0,267297,417,79647,115648,0,0.9625505583893144,0.962556625347295
0.8039933271188962,0.8705084745762712,0.9984447900466563,0.7716346153846154,1.0,267714,417,79230,115648,0,0.9625505583893144,0.962556625347295
0.8039072474833819,0.8712737127371274,0.9984472049689441,0.7728365384615384,1.0,268131,417,78813,115648,0,0.9625505583893144,0.962556625347295
0.8036734742672904,0.8720379146919431,0.9984496124031008,0.7740384615384616,1.0,268548,417,78396,115648,0,0.9625505583893144,0.962556625347295
0.803080578435513,0.8728010825439784,0.9984520123839009,0.7752403846153846,1.0,268965,417,77979,115648,0,0.9625505583893144,0.962556625347295
0.8020783214716126,0.8735632183908046,0.9984544049459042,0.7764423076923077,1.0,269382,417,77562,115648,0,0.9625505583893144,0.962556625347295
0.8020525151497088,0.8729743874755128,0.9969172695816294,0.7764423076923077,0.9964028776978417,269382,833,77562,115232,416,0.9625505583893144,0.962556625347295
0.8020006681060681,0.8723863498360523,0.9953848598275881,0.7764423076923077,0.9928057553956835,269382,1249,77562,114816,832,0.9625505583893144,0.962556625347295
0.8015123967727227,0.8731472252067988,0.9953919600956288,0.7776442307692307,0.9928057553956835,269799,1249,77145,114816,832,0.9625505583893144,0.962556625347295
0.8014640661320883,0.8739070744442594,0.9953990385500894,0.7788461538461539,0.9928057553956835,270216,1249,76728,114816,832,0.9625505583893144,0.962556625347295
0.8012798509898433,0.8746658996228343,0.9954060952913396,0.7800480769230769,0.9928057553956835,270633,1249,76311,114816,832,0.9625505583893144,0.962556625347295
0.801190309426125,0.8754237028113357,0.9954131304191348,0.78125,0.9928057553956835,271050,1249,75894,114816,832,0.9625505583893144,0.962556625347295
0.8003173693049919,0.8761804860730078,0.99542014403262,0.7824519230769231,0.9928057553956835,271467,1249,75477,114816,832,0.9625505583893144,0.962556625347295
0.7993620168021407,0.8769362514655438,0.9954271362303346,0.7836538461538461,0.9928057553956835,271884,1249,75060,114816,832,0.9625505583893144,0.962556625347295
0.7976707795853653,0.877691001041106,0.9954341071102175,0.7848557692307693,0.9928057553956835,272301,1249,74643,114816,832,0.9625505583893144,0.962556625347295
0.7972908600247783,0.8784447368463435,0.9954410567696109,0.7860576923076923,0.9928057553956835,272718,1249,74226,114816,832,0.9625505583893144,0.962556625347295
0.7962217866531143,0.8791974609224114,0.9954479853052656,0.7872596153846154,0.9928057553956835,273135,1249,73809,114816,832,0.9625505583893144,0.962556625347295
0.7952255357669527,0.8799491753049884,0.995454892813345,0.7884615384615384,0.9928057553956835,273552,1249,73392,114816,832,0.9625505583893144,0.962556625347295
0.7942526284613595,0.8793593951414583,0.9939466168637225,0.7884615384615384,0.9928057553956835,273552,1666,73392,114816,832,0.9625505583893144,0.962556625347295
0.7942406750991537,0.8801099940730414,0.9939557748471711,0.7896634615384616,0.9928057553956835,273969,1666,72975,114816,832,0.9625505583893144,0.962556625347295
0.7937652624179398,0.8808595881835517,0.9939649051627955,0.7908653846153846,0.9928057553956835,274386,1666,72558,114816,832,0.9625505583893144,0.962556625347295
0.7929490418207301,0.8816081794893594,0.9939740079357903,0.7920673076923077,0.9928057553956835,274803,1666,72141,114816,832,0.9625505583893144,0.962556625347295
0.7923510785594627,0.8823557700014427,0.9939830832905961,0.7932692307692307,0.9928057553956835,275220,1666,71724,114816,832,0.9625505583893144,0.962556625347295
0.7916656838689671,0.8831023617254068,0.9939921313509049,0.7944711538461539,0.9928057553956835,275637,1666,71307,114816,832,0.9625505583893144,0.962556625347295
0.7899764267694629,0.8838479566615012,0.9940011522396659,0.7956730769230769,0.9928057553956835,276054,1666,70890,114816,832,0.9625505583893144,0.962556625347295
0.7889109439964905,0.8832597427529276,0.9925144533609457,0.7956730769230769,0.9892086330935251,276054,2082,70890,114400,1248,0.9625505583893144,0.962556625347295
0.788793664801615,0.8840042398284884,0.992525659389775,0.796875,0.9892086330935251,276471,2082,70473,114400,1248,0.9625505583893144,0.962556625347295
0.788659318905724,0.8847477448978613,0.9925368319174105,0.7980769230769231,0.9892086330935251,276888,2082,70056,114400,1248,0.9625505583893144,0.962556625347295
0.7877573113707781,0.8854902599424266,0.9925479710938591,0.7992788461538461,0.9892086330935251,277305,2082,69639,114400,1248,0.9625505583893144,0.962556625347295
0.7860706880011653,0.886231786938291,0.9925590770682334,0.8004807692307693,0.9892086330935251,277722,2082,69222,114400,1248,0.9625505583893144,0.962556625347295
0.7858513361280458,0.8869723278563058,0.9925701499887589,0.8016826923076923,0.9892086330935251,278139,2082,68805,114400,1248,0.9625505583893144,0.962556625347295
0.7845726488836745,0.887711884662084,0.9925811900027793,0.8028846153846154,0.9892086330935251,278556,2082,68388,114400,1248,0.9625505583893144,0.962556625347295
0.7843437215596463,0.8884504593160181,0.9925921972567647,0.8040865384615384,0.9892086330935251,278973,2082,67971,114400,1248,0.9625505583893144,0.962556625347295
0.7839980507473956,0.8891880537732967,0.9926031718963165,0.8052884615384616,0.9892086330935251,279390,2082,67554,114400,1248,0.9625505583893144,0.962556625347295
0.7802645908996826,0.8899246699839226,0.992614114066175,0.8064903846153846,0.9892086330935251,279807,2082,67137,114400,1248,0.9625505583893144,0.962556625347295
0.7792533827099346,0.8906603098927295,0.9926250239102251,0.8076923076923077,0.9892086330935251,280224,2082,66720,114400,1248,0.9625505583893144,0.962556625347295
0.7789542283246489,0.8913949754393989,0.9926359015715028,0.8088942307692307,0.9892086330935251,280641,2082,66303,114400,1248,0.9625505583893144,0.962556625347295
0.7785026637087866,0.8921286685584779,0.9926467471922017,0.8100961538461539,0.9892086330935251,281058,2082,65886,114400,1248,0.9625505583893144,0.962556625347295
0.7776482295264979,0.8928613911793954,0.9926575609136787,0.8112980769230769,0.9892086330935251,281475,2082,65469,114400,1248,0.9625505583893144,0.962556625347295
0.7738781252079681,0.8922726761206308,0.9912033890545933,0.8112980769230769,0.9856115107913669,281475,2498,65469,113984,1664,0.9625505583893144,0.962556625347295
0.7726172479835604,0.8930043368486411,0.9912162874925279,0.8125,0.9856115107913669,281892,2498,65052,113984,1664,0.9625505583893144,0.962556625347295
0.7723353306858383,0.893735031681786,0.991229148159982,0.8137019230769231,0.9856115107913669,282309,2498,64635,113984,1664,0.9625505583893144,0.962556625347295
0.7718835881873759,0.894464762531479,0.991241971222618,0.8149038461538461,0.9856115107913669,282726,2498,64218,113984,1664,0.9625505583893144,0.962556625347295
0.7717909294371836,0.8951935313040935,0.9912547568451308,0.8161057692307693,0.9856115107913669,283143,2498,63801,113984,1664,0.9625505583893144,0.962556625347295
0.7716955991845798,0.8959213399009798,0.991267505191255,0.8173076923076923,0.9856115107913669,283560,2498,63384,113984,1664,0.9625505583893144,0.962556625347295
0.7716502822107961,0.896648190218481,0.9912802164237717,0.8185096153846154,0.9856115107913669,283977,2498,62967,113984,1664,0.9625505583893144,0.962556625347295
0.7713854502408974,0.89737408414795,0.991292890704516,0.8197115384615384,0.9856115107913669,284394,2498,62550,113984,1664,0.9625505583893144,0.962556625347295
0.7696662200523857,0.8980990235757655,0.991305528194383,0.8209134615384616,0.9856115107913669,284811,2498,62133,113984,1664,0.9625505583893144,0.962556625347295
0.7688556859739895,0.8988230103833488,0.9913181290533355,0.8221153846153846,0.9856115107913669,285228,2498,61716,113984,1664,0.9625505583893144,0.962556625347295
0.7687547551168975,0.8995460464471797,0.9913306934404098,0.8233173076923077,0.9856115107913669,285645,2498,61299,113984,1664,0.9625505583893144,0.962556625347295
0.7678594505260692,0.9002681336388126,0.9913432215137233,0.8245192307692307,0.9856115107913669,286062,2498,60882,113984,1664,0.9625505583893144,0.962556625347295
0.7674152192234989,0.9009892738248934,0.9913557134304807,0.8257211538461539,0.9856115107913669,286479,2498,60465,113984,1664,0.9625505583893144,0.962556625347295
0.7663231405590576,0.9017094688671744,0.9913681693469802,0.8269230769230769,0.9856115107913669,286896,2498,60048,113984,1664,0.9625505583893144,0.962556625347295
0.7655261280773521,0.9024287206225314,0.9913805894186211,0.828125,0.9856115107913669,287313,2498,59631,113984,1664,0.9625505583893144,0.962556625347295
0.7655219544864508,0.9031470309429793,0.991392973799909,0.8293269230769231,0.9856115107913669,287730,2498,59214,113984,1664,0.9625505583893144,0.962556625347295
0.7645959156439381,0.9038644016756876,0.9914053226444631,0.8305288461538461,0.9856115107913669,288147,2498,58797,113984,1664,0.9625505583893144,0.962556625347295
0.7645886562511701,0.9045808346629969,0.9914176361050223,0.8317307692307693,0.9856115107913669,288564,2498,58380,113984,1664,0.9625505583893144,0.962556625347295
0.7620880812875992,0.9052963317424341,0.9914299143334512,0.8329326923076923,0.9856115107913669,288981,2498,57963,113984,1664,0.9625505583893144,0.962556625347295
0.7617429249144665,0.9060108947467285,0.9914421574807466,0.8341346153846154,0.9856115107913669,289398,2498,57546,113984,1664,0.9625505583893144,0.962556625347295
0.7615743680827468,0.9067245255038271,0.9914543656970439,0.8353365384615384,0.9856115107913669,289815,2498,57129,113984,1664,0.9625505583893144,0.962556625347295
0.7613188496336293,0.9074372258369107,0.991466539131623,0.8365384615384616,0.9856115107913669,290232,2498,56712,113984,1664,0.9625505583893144,0.962556625347295
0.7612552863905411,0.9081489975644088,0.9914786779329142,0.8377403846153846,0.9856115107913669,290649,2498,56295,113984,1664,0.9625505583893144,0.962556625347295
0.7593175440071402,0.9088598425000156,0.9914907822485046,0.8389423076923077,0.9856115107913669,291066,2498,55878,113984,1664,0.9625505583893144,0.962556625347295
0.7567782044176172,0.909569762452705,0.9915028522251438,0.8401442307692307,0.9856115107913669,291483,2498,55461,113984,1664,0.9625505583893144,0.962556625347295
0.7551624557484997,0.9102787592267464,0.9915148880087501,0.8413461538461539,0.9856115107913669,291900,2498,55044,113984,1664,0.9625505583893144,0.962556625347295
0.7517382484167909,0.9109868346217194,0.9915268897444159,0.8425480769230769,0.9856115107913669,292317,2498,54627,113984,1664,0.9625505583893144,0.962556625347295
0.7493759781064371,0.9116939904325294,0.9915388575764145,0.84375,0.9856115107913669,292734,2498,54210,113984,1664,0.9625505583893144,0.962556625347295
0.7487212570864553,0.9124002284494229,0.9915507916482045,0.8449519230769231,0.9856115107913669,293151,2498,53793,113984,1664,0.9625505583893144,0.962556625347295
0.7481242594646672,0.9131055504580022,0.9915626921024366,0.8461538461538461,0.9856115107913669,293568,2498,53376,113984,1664,0.9625505583893144,0.962556625347295
0.7471969075204781,0.9138099582392408,0.9915745590809592,0.8473557692307693,0.9856115107913669,293985,2498,52959,113984,1664,0.9625505583893144,0.962556625347295
0.74674475961147,0.9145134535694982,0.9915863927248232,0.8485576923076923,0.9856115107913669,294402,2498,52542,113984,1664,0.9625505583893144,0.962556625347295
0.7459446290519318,0.9152160382205349,0.9915981931742888,0.8497596153846154,0.9856115107913669,294819,2498,52125,113984,1664,0.9625505583893144,0.962556625347295
0.7446092646621891,0.915917713959527,0.9916099605688299,0.8509615384615384,0.9856115107913669,295236,2498,51708,113984,1664,0.9625505583893144,0.962556625347295
0.7435634895611984,0.9153270686132564,0.9902263961093409,0.8509615384615384,0.9820143884892086,295236,2914,51708,113568,2080,0.9625505583893144,0.962556625347295
0.7417101584425994,0.9147371845517498,0.988846687164647,0.8509615384615384,0.9784172661870504,295236,3330,51708,113152,2496,0.9625505583893144,0.962556625347295
0.7412548519121789,0.9154378126320776,0.9888622430037828,0.8521634615384616,0.9784172661870504,295653,3330,51291,113152,2496,0.9625505583893144,0.962556625347295
0.7410770928402974,0.9161375366677806,0.9888777555110221,0.8533653846153846,0.9784172661870504,296070,3330,50874,113152,2496,0.9625505583893144,0.962556625347295
0.7406288047793628,0.9168363584075107,0.988893224867169,0.8545673076923077,0.9784172661870504,296487,3330,50457,113152,2496,0.9625505583893144,0.962556625347295
0.7403816730131678,0.9175342795954127,0.9889086512520234,0.8557692307692307,0.9784172661870504,296904,3330,50040,113152,2496,0.9625505583893144,0.962556625347295
0.7402650103258195,0.9169448759562319,0.9875403292865458,0.8557692307692307,0.9748201438848921,296904,3746,50040,112736,2912,0.9625505583893144,0.962556625347295
0.7387026327927921,0.9176418301541177,0.9875575868494388,0.8569711538461539,0.9748201438848921,297321,3746,49623,112736,2912,0.9625505583893144,0.962556625347295
0.7373535524186154,0.9183378879382137,0.9875747966724602,0.8581730769230769,0.9748201438848921,297738,3746,49206,112736,2912,0.9625505583893144,0.962556625347295
0.7344858873403115,0.9190330510368424,0.9875919589534318,0.859375,0.9748201438848921,298155,3746,48789,112736,2912,0.9625505583893144,0.962556625347295
0.7340602309507394,0.9197273211738867,0.9876090738890837,0.8605769230769231,0.9748201438848921,298572,3746,48372,112736,2912,0.9625505583893144,0.962556625347295
0.7340584648018738,0.9204207000688032,0.9876261416750624,0.8617788461538461,0.9748201438848921,298989,3746,47955,112736,2912,0.9625505583893144,0.962556625347295
0.7314674165406672,0.921113189436637,0.9876431625059376,0.8629807692307693,0.9748201438848921,299406,3746,47538,112736,2912,0.9625505583893144,0.962556625347295
0.7307740005852321,0.9218047909880356,0.9876601365752102,0.8641826923076923,0.9748201438848921,299823,3746,47121,112736,2912,0.9625505583893144,0.962556625347295
0.7304161024198919,0.9224955064292627,0.9876770640753193,0.8653846153846154,0.9748201438848921,300240,3746,46704,112736,2912,0.9625505583893144,0.962556625347295
0.7293964813595252,0.9231853374622129,0.9876939451976492,0.8665865384615384,0.9748201438848921,300657,3746,46287,112736,2912,0.9625505583893144,0.962556625347295
0.7283626373974937,0.9225960970475464,0.986345995492407,0.8665865384615384,0.9712230215827338,300657,4162,46287,112320,3328,0.9625505583893144,0.962556625347295
0.7273533100142006,0.923284982673495,0.9863646489929104,0.8677884615384616,0.9712230215827338,301074,4162,45870,112320,3328,0.9625505583893144,0.962556625347295
0.7270579983878089,0.9239729879236344,0.9863832515957638,0.8689903846153846,0.9712230215827338,301491,4162,45453,112320,3328,0.9625505583893144,0.962556625347295
0.7241526962101043,0.9246601144845287,0.9864018035090012,0.8701923076923077,0.9712230215827338,301908,4162,45036,112320,3328,0.9625505583893144,0.962556625347295
0.7235337031576884,0.9253463640384371,0.9864203049395244,0.8713942307692307,0.9712230215827338,302325,4162,44619,112320,3328,0.9625505583893144,0.962556625347295
0.7232927498397532,0.9260317382633273,0.9864387560931106,0.8725961538461539,0.9712230215827338,302742,4162,44202,112320,3328,0.9625505583893144,0.962556625347295
0.7218639486690314,0.9267162388328888,0.9864571571744203,0.8737980769230769,0.9712230215827338,303159,4162,43785,112320,3328,0.9625505583893144,0.962556625347295
0.7210838248559903,0.9273998674165472,0.9864755083870045,0.875,0.9712230215827338,303576,4162,43368,112320,3328,0.9625505583893144,0.962556625347295
0.7185303656924527,0.9268109504226848,0.9851437917404934,0.875,0.9676258992805755,303576,4578,43368,111904,3744,0.9625505583893144,0.962556625347295
0.7180052138843098,0.926221367932084,0.9838124775173299,0.875,0.9676258992805755,303576,4995,43368,111904,3744,0.9625505583893144,0.962556625347295
0.7179629558793569,0.9269040083423282,0.9838343236630549,0.8762019230769231,0.9676258992805755,303993,4995,42951,111904,3744,0.9625505583893144,0.962556625347295
0.7176642017424453,0.9275857813449857,0.9838561109225772,0.8774038461538461,0.9676258992805755,304410,4995,42534,111904,3744,0.9625505583893144,0.962556625347295
0.7171326814603931,0.9269982413800979,0.9825350767055816,0.8774038461538461,0.9640287769784173,304410,5411,42534,111488,4160,0.9625505583893144,0.962556625347295
0.7154499027056664,0.9264100355761418,0.9812144224756477,0.8774038461538461,0.9640287769784173,304410,5828,42534,111488,4160,0.9625505583893144,0.962556625347295
0.7132950665973852,0.9270908258680443,0.9812396388276384,0.8786057692307693,0.9640287769784173,304827,5828,42117,111488,4160,0.9625505583893144,0.962556625347295
0.7130616088944546,0.9277707532947527,0.9812647875732949,0.8798076923076923,0.9640287769784173,305244,5828,41700,111488,4160,0.9625505583893144,0.962556625347295
0.7116769069913624,0.9271831758128769,0.9799511379214033,0.8798076923076923,0.9640287769784173,305244,6245,41700,111488,4160,0.9625505583893144,0.962556625347295
0.7107596530403861,0.926597748497759,0.978644138439589,0.8798076923076923,0.960431654676259,305244,6661,41700,111072,4576,0.9625505583893144,0.962556625347295
0.7106884714667282,0.9260130599986348,0.9773406207075412,0.8798076923076923,0.9568345323741008,305244,7077,41700,110656,4992,0.9625505583893144,0.962556625347295
0.7094435934443495,0.9266919515766687,0.9773708343725419,0.8810096153846154,0.9568345323741008,305661,7077,41283,110656,4992,0.9625505583893144,0.962556625347295
0.7086942956825036,0.9273699854112792,0.9774009675719691,0.8822115384615384,0.9568345323741008,306078,7077,40866,110656,4992,0.9625505583893144,0.962556625347295
0.7077649075596064,0.9280471631270097,0.9774310206268417,0.8834134615384616,0.9568345323741008,306495,7077,40449,110656,4992,0.9625505583893144,0.962556625347295
0.7077060470978161,0.9287234863443042,0.9774609938564727,0.8846153846153846,0.9568345323741008,306912,7077,40032,110656,4992,0.9625505583893144,0.962556625347295
0.705706220477327,0.9293989566795192,0.9774908875784813,0.8858173076923077,0.9568345323741008,307329,7077,39615,110656,4992,0.9625505583893144,0.962556625347295
0.7055400075728648,0.9300735757449374,0.977520702108804,0.8870192307692307,0.9568345323741008,307746,7077,39198,110656,4992,0.9625505583893144,0.962556625347295
0.7046172254714673,0.9294892801536735,0.9762307328725189,0.8870192307692307,0.9532374100719424,307746,7493,39198,110240,5408,0.9625505583893144,0.962556625347295
0.7037551152010246,0.9301629942650166,0.9762621334617432,0.8882211538461539,0.9532374100719424,308163,7493,38781,110240,5408,0.9625505583893144,0.962556625347295
0.7032863882646998,0.9295779746220685,0.9749741357218111,0.8882211538461539,0.9532374100719424,308163,7910,38781,110240,5408,0.9625505583893144,0.962556625347295
0.7021548655547184,0.9302507860616127,0.9750071092293595,0.8894230769230769,0.9532374100719424,308580,7910,38364,110240,5408,0.9625505583893144,0.962556625347295
0.7019317198716611,0.9309227522441029,0.9750399959609601,0.890625,0.9532374100719424,308997,7910,37947,110240,5408,0.9625505583893144,0.962556625347295
0.6998659328976004,0.9303397579587726,0.9737617506452416,0.890625,0.9496402877697842,308997,8326,37947,109824,5824,0.9625505583893144,0.962556625347295
0.6996674520203167,0.9310108261971102,0.9737961855605212,0.8918269230769231,0.9496402877697842,309414,8326,37530,109824,5824,0.9625505583893144,0.962556625347295
0.699630415971713,0.9316810529528597,0.9738305302099278,0.8930288461538461,0.9496402877697842,309831,8326,37113,109824,5824,0.9625505583893144,0.962556625347295
0.6988104999111128,0.9323504398077889,0.9738647849479242,0.8942307692307693,0.9496402877697842,310248,8326,36696,109824,5824,0.9625505583893144,0.962556625347295
0.6969359667215557,0.9330189883397029,0.9738989501271196,0.8954326923076923,0.9496402877697842,310665,8326,36279,109824,5824,0.9625505583893144,0.962556625347295
0.6961029850081251,0.9336867001224578,0.9739330260982818,0.8966346153846154,0.9496402877697842,311082,8326,35862,109824,5824,0.9625505583893144,0.962556625347295
0.6932069000574821,0.9331041681664387,0.9726662164190305,0.8966346153846154,0.9460431654676259,311082,8742,35862,109408,6240,0.9625505583893144,0.962556625347295
0.6931543487465883,0.9337709930529013,0.9727018089501345,0.8978365384615384,0.9460431654676259,311499,8742,35445,109408,6240,0.9625505583893144,0.962556625347295
0.6924180700783253,0.934436984910171,0.9727373089085568,0.8990384615384616,0.9460431654676259,311916,8742,35028,109408,6240,0.9625505583893144,0.962556625347295
0.6919303322648329,0.9338550757614316,0.9714769803845842,0.8990384615384616,0.9424460431654677,311916,9158,35028,108992,6656,0.9625505583893144,0.962556625347295
0.6907934239005187,0.9332724947077876,0.9702168956518223,0.8990384615384616,0.9424460431654677,311916,9575,35028,108992,6656,0.9625505583893144,0.962556625347295
0.6880698177324235,0.9339375527022421,0.9702554767200566,0.9002403846153846,0.9424460431654677,312333,9575,34611,108992,6656,0.9625505583893144,0.962556625347295
0.6857866100088712,0.9346017819441809,0.9702939579616846,0.9014423076923077,0.9424460431654677,312750,9575,34194,108992,6656,0.9625505583893144,0.962556625347295
0.6857801513595368,0.9340212189312886,0.9690432885812462,0.9014423076923077,0.9388489208633094,312750,9991,34194,108576,7072,0.9625505583893144,0.962556625347295
0.6850985548320833,0.934684570408684,0.9690832348263079,0.9026442307692307,0.9388489208633094,313167,9991,33777,108576,7072,0.9625505583893144,0.962556625347295
0.684330868769274,0.9341046772793572,0.9678373416899998,0.9026442307692307,0.935251798561151,313167,10407,33777,108160,7488,0.9625505583893144,0.962556625347295
0.6820161469092192,0.9347671533009904,0.9678787373723344,0.9038461538461539,0.935251798561151,313584,10407,33360,108160,7488,0.9625505583893144,0.962556625347295
0.6763544934615312,0.9354288063489794,0.9679200266331287,0.9050480769230769,0.935251798561151,314001,10407,32943,108160,7488,0.9625505583893144,0.962556625347295
0.6762916660420939,0.9348495313858356,0.9666804177031254,0.9050480769230769,0.9316546762589928,314001,10823,32943,107744,7904,0.9625505583893144,0.962556625347295
0.6734675061208485,0.9355103133809889,0.9667231376118017,0.90625,0.9316546762589928,314418,10823,32526,107744,7904,0.9625505583893144,0.962556625347295
0.6721418818258145,0.9349317054241668,0.9654882284121024,0.90625,0.9280575539568345,314418,11239,32526,107328,8320,0.9625505583893144,0.962556625347295
0.6712659868036839,0.9343538127565871,0.9642564701769236,0.90625,0.9244604316546763,314418,11655,32526,106912,8736,0.9625505583893144,0.962556625347295
0.6681027926339589,0.9337766340526823,0.9630278508617441,0.90625,0.920863309352518,314418,12071,32526,106496,9152,0.9625505583893144,0.962556625347295
0.6673394469918934,0.9344364472805521,0.9630750123888824,0.9074519230769231,0.920863309352518,314835,12071,32109,106496,9152,0.9625505583893144,0.962556625347295
0.6673252116607746,0.9338599306505148,0.961851021318457,0.9074519230769231,0.9172661870503597,314835,12487,32109,106080,9568,0.9625505583893144,0.962556625347295
0.6661432979503117,0.9345188777544418,0.9618995603208651,0.9086538461538461,0.9172661870503597,315252,12487,31692,106080,9568,0.9625505583893144,0.962556625347295
0.6633231831108252,0.9351770108132128,0.9619479759626519,0.9098557692307693,0.9172661870503597,315669,12487,31275,106080,9568,0.9625505583893144,0.962556625347295
0.6630598282223192,0.9358343313343706,0.9619962687134974,0.9110576923076923,0.9172661870503597,316086,12487,30858,106080,9568,0.9625505583893144,0.962556625347295
0.6627503643601991,0.9364908408217371,0.9620444390407004,0.9122596153846154,0.9172661870503597,316503,12487,30441,106080,9568,0.9625505583893144,0.962556625347295
0.6621364075109666,0.9371465407754258,0.9620924874091928,0.9134615384615384,0.9172661870503597,316920,12487,30024,106080,9568,0.9625505583893144,0.962556625347295
0.6590960894656843,0.9365704888092948,0.960879016927261,0.9134615384615384,0.9136690647482014,316920,12903,30024,105664,9984,0.9625505583893144,0.962556625347295
0.6585766634504443,0.9372253331443153,0.9609284156976744,0.9146634615384616,0.9136690647482014,317337,12903,29607,105664,9984,0.9625505583893144,0.962556625347295
0.6576540398579089,0.9366499409681228,0.9597194667569922,0.9146634615384616,0.9100719424460432,317337,13319,29607,105248,10400,0.9625505583893144,0.962556625347295
0.6567797932407122,0.9360752548612422,0.9585135559636575,0.9146634615384616,0.9064748201438849,317337,13735,29607,104832,10816,0.9625505583893144,0.962556625347295
0.6556965005802199,0.9355012735248337,0.957310671879525,0.9146634615384616,0.9028776978417267,317337,14151,29607,104416,11232,0.9625505583893144,0.962556625347295
0.6547092659406409,0.9349279956632413,0.9561108031237948,0.9146634615384616,0.8992805755395683,317337,14567,29607,104000,11648,0.9625505583893144,0.962556625347295
0.654267812164467,0.9343554199839826,0.9549139383726528,0.9146634615384616,0.89568345323741,317337,14983,29607,103584,12064,0.9625505583893144,0.962556625347295
0.6530384452131548,0.9350092175594139,0.9549704421209544,0.9158653846153846,0.89568345323741,317754,14983,29190,103584,12064,0.9625505583893144,0.962556625347295
0.6526379786191416,0.9344372935037208,0.9537779938946971,0.9158653846153846,0.8920863309352518,317754,15399,29190,103168,12480,0.9625505583893144,0.962556625347295
0.6500875504516432,0.9350902406122431,0.953835776598615,0.9170673076923077,0.8920863309352518,318171,15399,28773,103168,12480,0.9625505583893144,0.962556625347295
0.650022322600914,0.9357423879952594,0.9538934150131592,0.9182692307692307,0.8920863309352518,318588,15399,28356,103168,12480,0.9625505583893144,0.962556625347295
0.6499782337401139,0.9363937371211187,0.9539509096781139,0.9194711538461539,0.8920863309352518,319005,15399,27939,103168,12480,0.9625505583893144,0.962556625347295
0.649585661284962,0.9370442894545774,0.9540082611305742,0.9206730769230769,0.8920863309352518,319422,15399,27522,103168,12480,0.9625505583893144,0.962556625347295
0.6464111697685159,0.9364728715692756,0.9528244197388713,0.9206730769230769,0.8884892086330936,319422,15815,27522,102752,12896,0.9625505583893144,0.962556625347295
0.6451804316009495,0.9371225816659293,0.9528830283565815,0.921875,0.8884892086330936,319839,15815,27105,102752,12896,0.9625505583893144,0.962556625347295
0.6446756672152603,0.9377714984297563,0.9529414915300636,0.9230769230769231,0.8884892086330936,320256,15815,26688,102752,12896,0.9625505583893144,0.962556625347295
0.6445636132344061,0.9372006830243287,0.9517633667868298,0.9230769230769231,0.8848920863309353,320256,16231,26688,102336,13312,0.9625505583893144,0.962556625347295
0.6442339970909354,0.9378487617131293,0.9518230712606559,0.9242788461538461,0.8848920863309353,320673,16231,26271,102336,13312,0.9625505583893144,0.962556625347295
0.642792494892854,0.9384960505067481,0.9518826281198028,0.9254807692307693,0.8848920863309353,321090,16231,25854,102336,13312,0.9625505583893144,0.962556625347295
0.6424115703457329,0.939142550848423,0.9519420379110435,0.9266826923076923,0.8848920863309353,321507,16231,25437,102336,13312,0.9625505583893144,0.962556625347295
0.6415707034256226,0.9385722918472977,0.9507709505136713,0.9266826923076923,0.8812949640287769,321507,16647,25437,101920,13728,0.9625505583893144,0.962556625347295
0.6382978240788499,0.9392179602196888,0.9508315833311182,0.9278846153846154,0.8812949640287769,321924,16647,25020,101920,13728,0.9625505583893144,0.962556625347295
0.6382375234681837,0.9398628435471738,0.9508920669758222,0.9290865384615384,0.8812949640287769,322341,16647,24603,101920,13728,0.9625505583893144,0.962556625347295
0.6355951087107348,0.9392931865467664,0.9497265795335352,0.9290865384615384,0.8776978417266187,322341,17063,24603,101504,14144,0.9625505583893144,0.962556625347295
0.6327536099000877,0.9399372419968985,0.9497882708837888,0.9302884615384616,0.8776978417266187,322758,17063,24186,101504,14144,0.9625505583893144,0.962556625347295
0.6295402435244764,0.9393682304953135,0.9486269864829516,0.9302884615384616,0.8741007194244604,322758,17479,24186,101088,14560,0.9625505583893144,0.962556625347295
0.6287639650480481,0.9387985421714432,0.947465757043804,0.9302884615384616,0.8741007194244604,322758,17896,24186,101088,14560,0.9625505583893144,0.962556625347295
0.6287061450543623,0.9382309080919865,0.9463101416131586,0.9302884615384616,0.8705035971223022,322758,18312,24186,100672,14976,0.9625505583893144,0.962556625347295
0.6284720634309453,0.9376639600249844,0.9451573417358252,0.9302884615384616,0.8669064748201439,322758,18728,24186,100256,15392,0.9625505583893144,0.962556625347295
0.6278957793432883,0.9370976967275705,0.944007347134559,0.9302884615384616,0.8633093525179856,322758,19144,24186,99840,15808,0.9625505583893144,0.962556625347295
0.6263692908012471,0.9377407462753695,0.9440755552569388,0.9314903846153846,0.8633093525179856,323175,19144,23769,99840,15808,0.9625505583893144,0.962556625347295
0.6261546842676466,0.9371751205995833,0.9429296686944724,0.9314903846153846,0.8597122302158273,323175,19560,23769,99424,16224,0.9625505583893144,0.962556625347295
0.6234290190591223,0.9366101768597077,0.9417865604354934,0.9314903846153846,0.8561151079136691,323175,19976,23769,99008,16640,0.9625505583893144,0.962556625347295
0.6222813744085842,0.9372523576708298,0.9418572160387463,0.9326923076923077,0.8561151079136691,323592,19976,23352,99008,16640,0.9625505583893144,0.962556625347295
0.6213184769082278,0.9378937633244516,0.9419277003357704,0.9338942307692307,0.8561151079136691,324009,19976,22935,99008,16640,0.9625505583893144,0.962556625347295
0.6203192086087992,0.9373294086165374,0.9407899512486898,0.9338942307692307,0.8525179856115108,324009,20392,22935,98592,17056,0.9625505583893144,0.962556625347295
0.6195542115037087,0.9367657326735679,0.9396549474068854,0.9338942307692307,0.8489208633093526,324009,20808,22935,98176,17472,0.9625505583893144,0.962556625347295
0.6189826951767563,0.9362027342717253,0.9385226788864333,0.9338942307692307,0.8453237410071942,324009,21224,22935,97760,17888,0.9625505583893144,0.962556625347295
0.6164058049259108,0.9356390612682177,0.9373904238391436,0.9338942307692307,0.8453237410071942,324009,21641,22935,97760,17888,0.9625505583893144,0.962556625347295
0.6159384070684888,0.9350774159103044,0.9362636028965573,0.9338942307692307,0.841726618705036,324009,22057,22935,97344,18304,0.9625505583893144,0.962556625347295
0.6127547172431501,0.9345164444367532,0.9351394877655982,0.9338942307692307,0.8381294964028777,324009,22473,22935,96928,18720,0.9625505583893144,0.962556625347295
0.6124251706454703,0.9339561456354617,0.9340180687118403,0.9338942307692307,0.8345323741007195,324009,22889,22935,96512,19136,0.9625505583893144,0.962556625347295
0.6111055007060675,0.9333965182972325,0.932899336047496,0.9338942307692307,0.8309352517985612,324009,23305,22935,96096,19552,0.9625505583893144,0.962556625347295
0.610500898396424,0.9328375612157646,0.9317832801311362,0.9338942307692307,0.8273381294964028,324009,23721,22935,95680,19968,0.9625505583893144,0.962556625347295
0.6097633350996674,0.9334777748525013,0.9318649880653862,0.9350961538461539,0.8273381294964028,324426,23721,22518,95680,19968,0.9625505583893144,0.962556625347295
0.6091261621279416,0.9341172207940096,0.9319465004991909,0.9362980769230769,0.8273381294964028,324843,23721,22101,95680,19968,0.9625505583893144,0.962556625347295
0.6087426647439944,0.9347559004203039,0.9320278181333654,0.9375,0.8273381294964028,325260,23721,21684,95680,19968,0.9625505583893144,0.962556625347295
0.6070253351593041,0.9341974693433246,0.9309181246547623,0.9375,0.8237410071942446,325260,24137,21684,95264,20384,0.9625505583893144,0.962556625347295
0.6061766429765421,0.9348353373768223,0.9310004745378972,0.9387019230769231,0.8237410071942446,325677,24137,21267,95264,20384,0.9625505583893144,0.962556625347295
0.6059076486909956,0.9342775261269066,0.9298946406647061,0.9387019230769231,0.8201438848920863,325677,24553,21267,94848,20800,0.9625505583893144,0.962556625347295
0.6042387441206726,0.9349145846205011,0.9299780120748217,0.9399038461538461,0.8201438848920863,326094,24553,20850,94848,20800,0.9625505583893144,0.962556625347295
0.6014480964098357,0.9355508819383159,0.9300611854248798,0.9411057692307693,0.8201438848920863,326511,24553,20433,94848,20800,0.9625505583893144,0.962556625347295
0.598631859092265,0.9361864194437485,0.9301441614198207,0.9423076923076923,0.8201438848920863,326928,24553,20016,94848,20800,0.9625505583893144,0.962556625347295
0.5981796604844882,0.9356291345241622,0.9290445783851524,0.9423076923076923,0.8165467625899281,326928,24969,20016,94432,21216,0.9625505583893144,0.962556625347295
0.5980232985073308,0.9362638682717966,0.9291285614537033,0.9435096153846154,0.8165467625899281,327345,24969,19599,94432,21216,0.9625505583893144,0.962556625347295
0.5976793242333398,0.9357072007820785,0.9280327729424772,0.9435096153846154,0.8129496402877698,327345,25385,19599,94016,21632,0.9625505583893144,0.962556625347295
0.5973387392687886,0.9351511948463769,0.926939566071823,0.9435096153846154,0.8093525179856115,327345,25801,19599,93600,22048,0.9625505583893144,0.962556625347295
0.5966484933380374,0.9357850813767743,0.9270257351589392,0.9447115384615384,0.8093525179856115,327762,25801,19182,93600,22048,0.9625505583893144,0.962556625347295
0.592350997966806,0.9364182136722383,0.927111701226058,0.9459134615384616,0.8093525179856115,328179,25801,18765,93600,22048,0.9625505583893144,0.962556625347295
0.5912999678406214,0.9370505930781174,0.9271974649898278,0.9471153846153846,0.8093525179856115,328596,25801,18348,93600,22048,0.9625505583893144,0.962556625347295
0.5891515314726652,0.9364951115557094,0.9261103736334351,0.9471153846153846,0.8057553956834532,328596,26217,18348,93184,22464,0.9625505583893144,0.962556625347295
0.5869895333207082,0.9359402882195699,0.9250258284092796,0.9471153846153846,0.802158273381295,328596,26633,18348,92768,22880,0.9625505583893144,0.962556625347295
0.5848364446582175,0.9353861219005706,0.923943820382685,0.9471153846153846,0.7985611510791367,328596,27049,18348,92352,23296,0.9625505583893144,0.962556625347295
0.5835200061463807,0.9348326114323511,0.9228643406607295,0.9471153846153846,0.7949640287769785,328596,27465,18348,91936,23712,0.9625505583893144,0.962556625347295
0.5828946972174712,0.9342797556513098,0.9217873803920028,0.9471153846153846,0.7913669064748201,328596,27881,18348,91520,24128,0.9625505583893144,0.962556625347295
0.5825214643470387,0.9337275533965961,0.9207129307663642,0.9471153846153846,0.7877697841726619,328596,28297,18348,91104,24544,0.9625505583893144,0.962556625347295
0.5824644617883821,0.9343589102795298,0.9208054630432957,0.9483173076923077,0.7877697841726619,329013,28297,17931,91104,24544,0.9625505583893144,0.962556625347295
0.5820548411368655,0.9338073140619013,0.9197346572516395,0.9483173076923077,0.7841726618705036,329013,28713,17931,90688,24960,0.9625505583893144,0.962556625347295
0.5812237890809734,0.9332563687266517,0.918666339049874,0.9483173076923077,0.7805755395683454,329013,29129,17931,90272,25376,0.9625505583893144,0.962556625347295
0.5811770206133007,0.9327060731224008,0.9176004997796731,0.9483173076923077,0.7769784172661871,329013,29545,17931,89856,25792,0.9625505583893144,0.962556625347295
0.5786009094832977,0.9321564261004819,0.9165371308228452,0.9483173076923077,0.7733812949640287,329013,29961,17931,89440,26208,0.9625505583893144,0.962556625347295
0.5771964730924295,0.9316074265149349,0.9154762236011018,0.9483173076923077,0.7697841726618705,329013,30377,17931,89024,26624,0.9625505583893144,0.962556625347295
0.5764272461712927,0.9310590732224974,0.914417769575827,0.9483173076923077,0.7661870503597122,329013,30793,17931,88608,27040,0.9625505583893144,0.962556625347295
0.5764055442399183,0.9305113650825972,0.9133617602478472,0.9483173076923077,0.762589928057554,329013,31209,17931,88192,27456,0.9625505583893144,0.962556625347295
0.5755986437497458,0.9299643009573448,0.9123081871572047,0.9483173076923077,0.7589928057553957,329013,31625,17931,87776,27872,0.9625505583893144,0.962556625347295
0.5747981175881602,0.9294178797115246,0.9112570418829317,0.9483173076923077,0.7553956834532374,329013,32041,17931,87360,28288,0.9625505583893144,0.962556625347295
0.5745809187324017,0.9288721002125876,0.9102083160428251,0.9483173076923077,0.7517985611510791,329013,32457,17931,86944,28704,0.9625505583893144,0.962556625347295
0.5722530899670918,0.9295022367814049,0.9103117824072156,0.9495192307692307,0.7517985611510791,329430,32457,17514,86944,28704,0.9625505583893144,0.962556625347295
0.5712146778365387,0.9289570488137419,0.909266553133703,0.9495192307692307,0.7482014388489209,329430,32873,17514,86528,29120,0.9625505583893144,0.962556625347295
0.5709465239319336,0.928412500017614,0.9082237213931446,0.9495192307692307,0.7446043165467626,329430,33289,17514,86112,29536,0.9625505583893144,0.962556625347295
0.5705873023803366,0.9278685892696447,0.9071832789458466,0.9495192307692307,0.7410071942446043,329430,33705,17514,85696,29952,0.9625505583893144,0.962556625347295
0.5702064236425677,0.9273253154490884,0.9061452175898292,0.9495192307692307,0.737410071942446,329430,34121,17514,85280,30368,0.9625505583893144,0.962556625347295
0.5675647035107058,0.9267826774378227,0.9051095291606107,0.9495192307692307,0.7338129496402878,329430,34537,17514,84864,30784,0.9625505583893144,0.962556625347295
0.5669487892624661,0.9262406741203413,0.9040762055309934,0.9495192307692307,0.7302158273381295,329430,34953,17514,84448,31200,0.9625505583893144,0.962556625347295
0.5653835292162692,0.9268697734016725,0.9041858552631579,0.9507211538461539,0.7302158273381295,329847,34953,17097,84448,31200,0.9625505583893144,0.962556625347295
0.565382193187863,0.9263283531790609,0.9031559405940595,0.9507211538461539,0.7266187050359713,329847,35369,17097,84032,31616,0.9625505583893144,0.962556625347295
0.5632910583399896,0.9269566657357731,0.9032663900687301,0.9519230769230769,0.7266187050359713,330264,35369,16680,84032,31616,0.9625505583893144,0.962556625347295
0.5627505518927616,0.926415827364364,0.9022398640619153,0.9519230769230769,0.7230215827338129,330264,35785,16680,83616,32032,0.9625505583893144,0.962556625347295
0.561389804676563,0.9258743219186722,0.9012132094109685,0.9519230769230769,0.7230215827338129,330264,36202,16680,83616,32032,0.9625505583893144,0.962556625347295
0.5609770159290491,0.9253347454421665,0.9001913421754133,0.9519230769230769,0.7194244604316546,330264,36618,16680,83200,32448,0.9625505583893144,0.962556625347295
0.5605471216471941,0.9247957975028072,0.8991717896639786,0.9519230769230769,0.7158273381294964,330264,37034,16680,82784,32864,0.9625505583893144,0.962556625347295
0.5550897949307623,0.924257477002986,0.8981545440206248,0.9519230769230769,0.7122302158273381,330264,37450,16680,82368,33280,0.9625505583893144,0.962556625347295
0.5529847013984807,0.9237197828476493,0.8971395974248227,0.9519230769230769,0.7086330935251799,330264,37866,16680,81952,33696,0.9625505583893144,0.962556625347295
0.5525963264124263,0.92318271394429,0.8961269420913536,0.9519230769230769,0.7050359712230215,330264,38282,16680,81536,34112,0.9625505583893144,0.962556625347295
0.5506407767931525,0.92264626920294,0.8951165702701092,0.9519230769230769,0.7014388489208633,330264,38698,16680,81120,34528,0.9625505583893144,0.962556625347295
0.5505529232665856,0.9221104475361639,0.8941084742458945,0.9519230769230769,0.697841726618705,330264,39114,16680,80704,34944,0.9625505583893144,0.962556625347295
0.5485066614846571,0.9215752478590503,0.8931026463382316,0.9519230769230769,0.6942446043165468,330264,39530,16680,80288,35360,0.9625505583893144,0.962556625347295
0.5483785332882526,0.9210406690892053,0.8920990789011642,0.9519230769230769,0.6906474820143885,330264,39946,16680,79872,35776,0.9625505583893144,0.962556625347295
0.5476452390435387,0.9216676816649503,0.8922204804291106,0.953125,0.6906474820143885,330681,39946,16263,79872,35776,0.9625505583893144,0.962556625347295
0.5466802427024053,0.92113366955112,0.8912201550763658,0.953125,0.6870503597122302,330681,40362,16263,79456,36192,0.9625505583893144,0.962556625347295
0.5448533794278981,0.9217599011141363,0.8913422710386044,0.9543269230769231,0.6870503597122302,331098,40362,15846,79456,36192,0.9625505583893144,0.962556625347295
0.5435879135660391,0.9223854061024929,0.8914641131341815,0.9555288461538461,0.6870503597122302,331515,40362,15429,79456,36192,0.9625505583893144,0.962556625347295
0.5419420182922502,0.9218519069513943,0.8904679916087598,0.9555288461538461,0.6834532374100719,331515,40778,15429,79040,36608,0.9625505583893144,0.962556625347295
0.5415258986234185,0.9213190245854599,0.8894740937299609,0.9555288461538461,0.6798561151079137,331515,41194,15429,78624,37024,0.9625505583893144,0.962556625347295
0.5402967305350609,0.9207867579356979,0.8884824120603015,0.9555288461538461,0.6762589928057554,331515,41610,15429,78208,37440,0.9625505583893144,0.962556625347295
0.5386778285817773,0.920255105935585,0.8874929391954297,0.9555288461538461,0.6726618705035972,331515,42026,15429,77792,37856,0.9625505583893144,0.962556625347295
0.5386518456139144,0.9197240675210604,0.8865056677639408,0.9555288461538461,0.6690647482014388,331515,42442,15429,77376,38272,0.9625505583893144,0.962556625347295
0.5374627713974656,0.9191923673054049,0.8855182250904176,0.9555288461538461,0.6690647482014388,331515,42859,15429,77376,38272,0.9625505583893144,0.962556625347295
0.5347496983809846,0.9186625543482779,0.8845353397902825,0.9555288461538461,0.6654676258992805,331515,43275,15429,76960,38688,0.9625505583893144,0.962556625347295
0.5327794254546945,0.9181333517967182,0.8835546339877294,0.9555288461538461,0.6618705035971223,331515,43691,15429,76544,39104,0.9625505583893144,0.962556625347295
0.5324340905627258,0.9176047585964465,0.8825761004414012,0.9555288461538461,0.658273381294964,331515,44107,15429,76128,39520,0.9625505583893144,0.962556625347295
0.531174007100226,0.9170767736956107,0.8815997319419846,0.9555288461538461,0.6546762589928058,331515,44523,15429,75712,39936,0.9625505583893144,0.962556625347295
0.5291645604031885,0.9165493960447776,0.8806255213120329,0.9555288461538461,0.6510791366906474,331515,44939,15429,75296,40352,0.9625505583893144,0.962556625347295
0.5285913339282104,0.9160226245969268,0.8796534614057898,0.9555288461538461,0.6474820143884892,331515,45355,15429,74880,40768,0.9625505583893144,0.962556625347295
0.5285691398656522,0.9154964583074438,0.8786835451090155,0.9555288461538461,0.6438848920863309,331515,45771,15429,74464,41184,0.9625505583893144,0.962556625347295
0.5277019881421823,0.9149708961341124,0.8777157653388121,0.9555288461538461,0.6402877697841727,331515,46187,15429,74048,41600,0.9625505583893144,0.962556625347295
0.526249245151184,0.9144459370371085,0.876750115043452,0.9555288461538461,0.6366906474820144,331515,46603,15429,73632,42016,0.9625505583893144,0.962556625347295
0.5238722799363907,0.9139203202298067,0.8757842735810427,0.9555288461538461,0.6366906474820144,331515,47020,15429,73632,42016,0.9625505583893144,0.962556625347295
0.5226323678770843,0.9133965656189945,0.8748228662808648,0.9555288461538461,0.6330935251798561,331515,47436,15429,73216,42432,0.9625505583893144,0.962556625347295
0.5219892073572187,0.9128734109768405,0.8738635674689681,0.9555288461538461,0.6294964028776978,331515,47852,15429,72800,42848,0.9625505583893144,0.962556625347295
0.5215261608079286,0.9123508552730255,0.8729063702166764,0.9555288461538461,0.6258992805755396,331515,48268,15429,72384,43264,0.9625505583893144,0.962556625347295
0.5211134138490962,0.9118276434928982,0.8719489742240926,0.9555288461538461,0.6258992805755396,331515,48685,15429,72384,43264,0.9625505583893144,0.962556625347295
0.5198082181604078,0.911306284017813,0.8709959644365975,0.9555288461538461,0.6223021582733813,331515,49101,15429,71968,43680,0.9625505583893144,0.962556625347295
0.5183599861968811,0.9119299098735262,0.8711371456015621,0.9567307692307693,0.6223021582733813,331932,49101,15012,71968,43680,0.9625505583893144,0.962556625347295
0.5160776731209241,0.9114090882257243,0.8701871023387137,0.9567307692307693,0.6187050359712231,331932,49517,15012,71552,44096,0.9625505583893144,0.962556625347295
0.5153104129009836,0.9108888611419453,0.8692391290115616,0.9567307692307693,0.6151079136690647,331932,49933,15012,71136,44512,0.9625505583893144,0.962556625347295
0.5132851716741585,0.9103692276046488,0.8682932188625645,0.9567307692307693,0.6115107913669064,331932,50349,15012,70720,44928,0.9625505583893144,0.962556625347295
0.5130924353595335,0.9098501865986149,0.8673493651635629,0.9567307692307693,0.6079136690647482,331932,50765,15012,70304,45344,0.9625505583893144,0.962556625347295
0.5118055337667795,0.909331737110938,0.8664075612156205,0.9567307692307693,0.60431654676259,331932,51181,15012,69888,45760,0.9625505583893144,0.962556625347295
0.5107880085078178,0.9099543584029001,0.8665528120355643,0.9579326923076923,0.60431654676259,332349,51181,14595,69888,45760,0.9625505583893144,0.962556625347295
0.5107233737467676,0.909436440504043,0.8656139144567204,0.9579326923076923,0.6007194244604317,332349,51597,14595,69472,46176,0.9625505583893144,0.962556625347295
0.5090255069293312,0.9089191118355381,0.8646770492400393,0.9579326923076923,0.5971223021582733,332349,52013,14595,69056,46592,0.9625505583893144,0.962556625347295
0.5076525629989359,0.9084023713924141,0.8637422097936992,0.9579326923076923,0.5935251798561151,332349,52429,14595,68640,47008,0.9625505583893144,0.962556625347295
0.507502478016406,0.907886218171984,0.8628093895543544,0.9579326923076923,0.5899280575539568,332349,52845,14595,68224,47424,0.9625505583893144,0.962556625347295
0.5048009045042631,0.9085078936052583,0.8629577475746283,0.9591346153846154,0.5899280575539568,332766,52845,14178,68224,47424,0.9625505583893144,0.962556625347295
0.5038144096556149,0.9079922670883296,0.8620277856212131,0.9591346153846154,0.5863309352517986,332766,53261,14178,67808,47840,0.9625505583893144,0.962556625347295
0.5033078465030676,0.9074772255303135,0.8610998258475376,0.9591346153846154,0.5827338129496403,332766,53677,14178,67392,48256,0.9625505583893144,0.962556625347295
0.5026681374290718,0.9069627679363534,0.8601738617946073,0.9591346153846154,0.579136690647482,332766,54093,14178,66976,48672,0.9625505583893144,0.962556625347295
0.502506573787984,0.9075835580616164,0.8603244197936355,0.9603365384615384,0.579136690647482,333183,54093,13761,66976,48672,0.9625505583893144,0.962556625347295
0.5013035663032923,0.9070696235959033,0.8594012773026011,0.9603365384615384,0.5755395683453237,333183,54509,13761,66560,49088,0.9625505583893144,0.962556625347295
0.5010895771116111,0.9065562708488651,0.8584801137827615,0.9603365384615384,0.5719424460431655,333183,54925,13761,66144,49504,0.9625505583893144,0.962556625347295
0.5010282720244896,0.9060434988333959,0.8575609228773512,0.9603365384615384,0.5683453237410072,333183,55341,13761,65728,49920,0.9625505583893144,0.962556625347295
0.49895379894118236,0.9055300760309015,0.8566414957538547,0.9603365384615384,0.5683453237410072,333183,55758,13761,65728,49920,0.9625505583893144,0.962556625347295
0.49663170588286254,0.9050184639162516,0.8557262358195692,0.9603365384615384,0.564748201438849,333183,56174,13761,65312,50336,0.9625505583893144,0.962556625347295
0.4955851125651411,0.9045074295828656,0.8548129295769589,0.9603365384615384,0.5611510791366906,333183,56590,13761,64896,50752,0.9625505583893144,0.962556625347295
0.4952386276894164,0.9039969720525333,0.8539015707772387,0.9603365384615384,0.5575539568345323,333183,57006,13761,64480,51168,0.9625505583893144,0.962556625347295
0.4950157218148128,0.9034870903492513,0.8529921531982437,0.9603365384615384,0.5539568345323741,333183,57422,13761,64064,51584,0.9625505583893144,0.962556625347295
0.4909498766226483,0.9041066932622912,0.8531489276818184,0.9615384615384616,0.5539568345323741,333600,57422,13344,64064,51584,0.9625505583893144,0.962556625347295
0.4906677383411966,0.9035973249618761,0.8522422452597858,0.9615384615384616,0.5503597122302158,333600,57838,13344,63648,52000,0.9625505583893144,0.962556625347295
0.4893014093949192,0.9030885302883873,0.8513374879419375,0.9615384615384616,0.5467625899280576,333600,58254,13344,63232,52416,0.9625505583893144,0.962556625347295
0.48886896733961704,0.9025803082733823,0.8504346496035894,0.9615384615384616,0.5431654676258992,333600,58670,13344,62816,52832,0.9625505583893144,0.962556625347295
0.48806243148263606,0.9020726579505969,0.8495337241460098,0.9615384615384616,0.539568345323741,333600,59086,13344,62400,53248,0.9625505583893144,0.962556625347295
0.48722837403192143,0.9015655783559401,0.8486347054962834,0.9615384615384616,0.5359712230215827,333600,59502,13344,61984,53664,0.9625505583893144,0.962556625347295
0.48713849779933777,0.9010590685274869,0.8477375876071742,0.9615384615384616,0.5323741007194245,333600,59918,13344,61568,54080,0.9625505583893144,0.962556625347295
0.4869031630200759,0.90167760187561,0.8478987650246869,0.9627403846153846,0.5323741007194245,334017,59918,12927,61568,54080,0.9625505583893144,0.962556625347295
0.4858593147765353,0.9011715983515335,0.8470043184878446,0.9627403846153846,0.5287769784172662,334017,60334,12927,61152,54496,0.9625505583893144,0.962556625347295
0.4856034358770436,0.9006661624271448,0.8461117570617604,0.9627403846153846,0.5251798561151079,334017,60750,12927,60736,54912,0.9625505583893144,0.962556625347295
0.4855629058162675,0.9001612931479382,0.8452210747931971,0.9627403846153846,0.5215827338129496,334017,61166,12927,60320,55328,0.9625505583893144,0.962556625347295
0.4854953881970685,0.8996569895615473,0.8443322657539579,0.9627403846153846,0.5179856115107914,334017,61582,12927,59904,55744,0.9625505583893144,0.962556625347295
0.48492485330423174,0.8991532507177381,0.843445324040756,0.9627403846153846,0.5143884892086331,334017,61998,12927,59488,56160,0.9625505583893144,0.962556625347295
0.4824240140929463,0.8986500756684043,0.8425602437750832,0.9627403846153846,0.5107913669064749,334017,62414,12927,59072,56576,0.9625505583893144,0.962556625347295
0.4819119877764265,0.8981474634675601,0.84167701910308,0.9627403846153846,0.5071942446043165,334017,62830,12927,58656,56992,0.9625505583893144,0.962556625347295
0.48163349477175954,0.8976454131713354,0.8407956441954071,0.9627403846153846,0.5035971223021583,334017,63246,12927,58240,57408,0.9625505583893144,0.962556625347295
0.48054117105083277,0.897143923837969,0.8399161132471163,0.9627403846153846,0.5,334017,63662,12927,57824,57824,0.9625505583893144,0.962556625347295
0.4797840622042236,0.8966429945278033,0.8390384204775242,0.9627403846153846,0.49640287769784175,334017,64078,12927,57408,58240,0.9625505583893144,0.962556625347295
0.47504454757897496,0.8961426243032778,0.8381625601300843,0.9627403846153846,0.49280575539568344,334017,64494,12927,56992,58656,0.9625505583893144,0.962556625347295
0.47216249954276546,0.8956428122289243,0.8372885264722618,0.9627403846153846,0.4892086330935252,334017,64910,12927,56576,59072,0.9625505583893144,0.962556625347295
0.4712961860832355,0.8962598889436786,0.8374584318281982,0.9639423076923077,0.4892086330935252,334434,64910,12510,56576,59072,0.9625505583893144,0.962556625347295
0.4701268758807373,0.8957605691144014,0.8365869521713027,0.9639423076923077,0.4856115107913669,334434,65326,12510,56160,59488,0.9625505583893144,0.962556625347295
0.46874270706857574,0.8952618053324767,0.8357172843948663,0.9639423076923077,0.48201438848920863,334434,65742,12510,55744,59904,0.9625505583893144,0.962556625347295
0.46622606204608774,0.8947635966695918,0.8348494228541758,0.9639423076923077,0.4784172661870504,334434,66158,12510,55328,60320,0.9625505583893144,0.962556625347295
0.4656475854999957,0.8942659421994994,0.8339833619279415,0.9639423076923077,0.4748201438848921,334434,66574,12510,54912,60736,0.9625505583893144,0.962556625347295
0.4641866465812535,0.8937688409980117,0.8331190960181752,0.9639423076923077,0.4712230215827338,334434,66990,12510,54496,61152,0.9625505583893144,0.962556625347295
0.46390173066965634,0.8932722921429945,0.8322566195500697,0.9639423076923077,0.4676258992805755,334434,67406,12510,54080,61568,0.9625505583893144,0.962556625347295
0.46345508406409286,0.893888288990538,0.8324305108425708,0.9651442307692307,0.4676258992805755,334851,67406,12093,54080,61568,0.9625505583893144,0.962556625347295
0.4632050061004591,0.8933922256298883,0.8315705299337179,0.9651442307692307,0.46402877697841727,334851,67822,12093,53664,61984,0.9625505583893144,0.962556625347295
0.46035014421866044,0.8928967125446481,0.830712324077313,0.9651442307692307,0.460431654676259,334851,68238,12093,53248,62400,0.9625505583893144,0.962556625347295
0.4578341804156646,0.8924017488197066,0.8298558877832989,0.9651442307692307,0.4568345323741007,334851,68654,12093,52832,62816,0.9625505583893144,0.962556625347295
0.45727629318058627,0.8919073335419816,0.8290012155842356,0.9651442307692307,0.45323741007194246,334851,69070,12093,52416,63232,0.9625505583893144,0.962556625347295
0.4570277260394012,0.8914134658004129,0.8281483020351835,0.9651442307692307,0.44964028776978415,334851,69486,12093,52000,63648,0.9625505583893144,0.962556625347295
0.4566842990589435,0.8909201446859573,0.8272971417135883,0.9651442307692307,0.4460431654676259,334851,69902,12093,51584,64064,0.9625505583893144,0.962556625347295
0.45416874888795866,0.8904261853921082,0.8264456894636819,0.9651442307692307,0.4460431654676259,334851,70319,12093,51584,64064,0.9625505583893144,0.962556625347295
0.45346487939436164,0.8899339561213506,0.8255980236004201,0.9651442307692307,0.44244604316546765,334851,70735,12093,51168,64480,0.9625505583893144,0.962556625347295
0.4522474849768149,0.8894422707604529,0.8247520948172669,0.9651442307692307,0.43884892086330934,334851,71151,12093,50752,64896,0.9625505583893144,0.962556625347295
0.4510044310639605,0.888951128408388,0.823907897780118,0.9651442307692307,0.4352517985611511,334851,71567,12093,50336,65312,0.9625505583893144,0.962556625347295
0.45065971421098255,0.8884605281661179,0.8230654271766863,0.9651442307692307,0.4316546762589928,334851,71983,12093,49920,65728,0.9625505583893144,0.962556625347295
0.44918433206700553,0.8879704691365882,0.8222246777163904,0.9651442307692307,0.42805755395683454,334851,72399,12093,49504,66144,0.9625505583893144,0.962556625347295
0.44892571361904093,0.8874809504247227,0.8213856441302438,0.9651442307692307,0.4244604316546763,334851,72815,12093,49088,66560,0.9625505583893144,0.962556625347295
0.44823576462692466,0.8869919711374178,0.820548321170745,0.9651442307692307,0.420863309352518,334851,73231,12093,48672,66976,0.9625505583893144,0.962556625347295
0.44686973711130074,0.8876063448863779,0.8207315072986715,0.9663461538461539,0.420863309352518,335268,73231,11676,48672,66976,0.9625505583893144,0.962556625347295
0.4466401334776873,0.8871178354693138,0.8198965555188731,0.9663461538461539,0.4172661870503597,335268,73647,11676,48256,67392,0.9625505583893144,0.962556625347295
0.4463960962178666,0.8866298634755876,0.8190633008494348,0.9663461538461539,0.4136690647482014,335268,74063,11676,47840,67808,0.9625505583893144,0.962556625347295
0.44525816949801666,0.8861424280188346,0.8182317381213285,0.9663461538461539,0.41007194244604317,335268,74479,11676,47424,68224,0.9625505583893144,0.962556625347295
0.4447116969432657,0.8856555282146381,0.8174018621864966,0.9663461538461539,0.4064748201438849,335268,74895,11676,47008,68640,0.9625505583893144,0.962556625347295
0.44386742516359684,0.8862689498946568,0.8175873155048955,0.9675480769230769,0.4064748201438849,335685,74895,11259,47008,68640,0.9625505583893144,0.962556625347295
0.4426209318818419,0.8857825157664195,0.81675977381775,0.9675480769230769,0.4028776978417266,335685,75311,11259,46592,69056,0.9625505583893144,0.962556625347295
0.44121963653188345,0.88529661530996,0.8159339056712006,0.9675480769230769,0.39928057553956836,335685,75727,11259,46176,69472,0.9625505583893144,0.962556625347295
0.43924775883088707,0.8848100815395382,0.8151077267506659,0.9675480769230769,0.39928057553956836,335685,76144,11259,46176,69472,0.9625505583893144,0.962556625347295
0.43794948160433234,0.8843252470728633,0.8142851944838627,0.9675480769230769,0.39568345323741005,335685,76560,11259,45760,69888,0.9625505583893144,0.962556625347295
0.4375044495435785,0.8838409436483435,0.8134643205924476,0.9675480769230769,0.3920863309352518,335685,76976,11259,45344,70304,0.9625505583893144,0.962556625347295
0.43685224499455927,0.883357170393976,0.8126451000660894,0.9675480769230769,0.38848920863309355,335685,77392,11259,44928,70720,0.9625505583893144,0.962556625347295
0.4364730725880886,0.8828739264396657,0.8118275279146201,0.9675480769230769,0.38489208633093525,335685,77808,11259,44512,71136,0.9625505583893144,0.962556625347295
0.43646815584231113,0.8823912109172205,0.8110115991679331,0.9675480769230769,0.381294964028777,335685,78224,11259,44096,71552,0.9625505583893144,0.962556625347295
0.436351465616711,0.8819090229603465,0.8101973088758825,0.9675480769230769,0.3776978417266187,335685,78640,11259,43680,71968,0.9625505583893144,0.962556625347295
0.4363194187835857,0.8814273617046416,0.8093846521081832,0.9675480769230769,0.37410071942446044,335685,79056,11259,43264,72384,0.9625505583893144,0.962556625347295
0.43587412805972015,0.8809462262875918,0.8085736239543113,0.9675480769230769,0.37050359712230213,335685,79472,11259,42848,72800,0.9625505583893144,0.962556625347295
0.4347535574697754,0.8804656158485646,0.807764219523405,0.9675480769230769,0.3669064748201439,335685,79888,11259,42432,73216,0.9625505583893144,0.962556625347295
0.43450755061246027,0.8799855295288053,0.8069564339441668,0.9675480769230769,0.36330935251798563,335685,80304,11259,42016,73632,0.9625505583893144,0.962556625347295
0.43339755984044726,0.8795059664714305,0.8061502623647651,0.9675480769230769,0.3597122302158273,335685,80720,11259,41600,74048,0.9625505583893144,0.962556625347295
0.4320414894629778,0.8790269258214242,0.8053456999527375,0.9675480769230769,0.35611510791366907,335685,81136,11259,41184,74464,0.9625505583893144,0.962556625347295
0.4302545915617047,0.8785472570670337,0.8045408136363419,0.9675480769230769,0.35611510791366907,335685,81553,11259,41184,74464,0.9625505583893144,0.962556625347295
0.4298589429137524,0.8780681115198947,0.8037375345680047,0.9675480769230769,0.35611510791366907,335685,81970,11259,41184,74464,0.9625505583893144,0.962556625347295
0.4292169777311742,0.8775906354777357,0.8029377785113055,0.9675480769230769,0.35251798561151076,335685,82386,11259,40768,74880,0.9625505583893144,0.962556625347295
0.42699495363674,0.8771136784373771,0.80213961246108,0.9675480769230769,0.3489208633093525,335685,82802,11259,40352,75296,0.9625505583893144,0.962556625347295
0.4267987134510616,0.87663723955307,0.8013430316803651,0.9675480769230769,0.34532374100719426,335685,83218,11259,39936,75712,0.9625505583893144,0.962556625347295
0.4255743068425009,0.8761601745612478,0.8005461222932366,0.9675480769230769,0.34532374100719426,335685,83635,11259,39936,75712,0.9625505583893144,0.962556625347295
0.4252341789836036,0.87568477069964,0.7997527016982103,0.9675480769230769,0.34172661870503596,335685,84051,11259,39520,76128,0.9625505583893144,0.962556625347295
0.42490939395513583,0.8752098824658191,0.7989608522629905,0.9675480769230769,0.3381294964028777,335685,84467,11259,39104,76544,0.9625505583893144,0.962556625347295
0.4240196064537637,0.8747355090213573,0.7981705693252934,0.9675480769230769,0.3345323741007194,335685,84883,11259,38688,76960,0.9625505583893144,0.962556625347295
0.4238684904135727,0.8742605110628717,0.7973799541551362,0.9675480769230769,0.3345323741007194,335685,85300,11259,38688,76960,0.9625505583893144,0.962556625347295
0.42375768810210734,0.8737871659215587,0.7965927940370336,0.9675480769230769,0.33093525179856115,335685,85716,11259,38272,77376,0.9625505583893144,0.962556625347295
0.42143525108601554,0.8733143330632017,0.7958071865287554,0.9675480769230769,0.3273381294964029,335685,86132,11259,37856,77792,0.9625505583893144,0.962556625347295
0.4206236386462119,0.8728420116566148,0.7950231270412308,0.9675480769230769,0.3237410071942446,335685,86548,11259,37440,78208,0.9625505583893144,0.962556625347295
0.41945503944083384,0.8723702008724091,0.7942406110034568,0.9675480769230769,0.32014388489208634,335685,86964,11259,37024,78624,0.9625505583893144,0.962556625347295
0.41849178325855485,0.8718988998829884,0.7934596338624088,0.9675480769230769,0.31654676258992803,335685,87380,11259,36608,79040,0.9625505583893144,0.962556625347295
0.41711706134950494,0.8714269767635049,0.7926783192674068,0.9675480769230769,0.31654676258992803,335685,87797,11259,36608,79040,0.9625505583893144,0.962556625347295
0.4168372902260725,0.8709566941085203,0.7919004100042935,0.9675480769230769,0.3129496402877698,335685,88213,11259,36192,79456,0.9625505583893144,0.962556625347295
0.4160908471565981,0.8704869187742623,0.7911240260750293,0.9675480769230769,0.30935251798561153,335685,88629,11259,35776,79872,0.9625505583893144,0.962556625347295
0.41341058130882613,0.870016522499757,0.7903473021747883,0.9675480769230769,0.30935251798561153,335685,89046,11259,35776,79872,0.9625505583893144,0.962556625347295
0.41218001580621566,0.8695477605619026,0.7895739591247263,0.9675480769230769,0.3057553956834532,335685,89462,11259,35360,80288,0.9625505583893144,0.962556625347295
0.4108081741668558,0.8690795034866998,0.7888021280045493,0.9675480769230769,0.302158273381295,335685,89878,11259,34944,80704,0.9625505583893144,0.962556625347295
0.41014738915067117,0.868611750458972,0.7880318043847232,0.9675480769230769,0.29856115107913667,335685,90294,11259,34528,81120,0.9625505583893144,0.962556625347295
0.408695720159181,0.8681445006652968,0.7872629838530002,0.9675480769230769,0.2949640287769784,335685,90710,11259,34112,81536,0.9625505583893144,0.962556625347295
0.40835425576108886,0.8676777532940013,0.7864956620143342,0.9675480769230769,0.29136690647482016,335685,91126,11259,33696,81952,0.9625505583893144,0.962556625347295
0.407927054833954,0.867211507535157,0.7857298344907976,0.9675480769230769,0.28776978417266186,335685,91542,11259,33280,82368,0.9625505583893144,0.962556625347295
0.407824377257223,0.8667457625805752,0.7849654969214976,0.9675480769230769,0.2841726618705036,335685,91958,11259,32864,82784,0.9625505583893144,0.962556625347295
0.4049878613043896,0.8673555233263313,0.7851749754707285,0.96875,0.2841726618705036,336102,91958,10842,32864,82784,0.9625505583893144,0.962556625347295
0.4041169780402558,0.86689020143922,0.7844126625528618,0.96875,0.2805755395683453,336102,92374,10842,32448,83200,0.9625505583893144,0.962556625347295
0.4039723603800911,0.8664253785593863,0.7836518284323326,0.96875,0.27697841726618705,336102,92790,10842,32032,83616,0.9625505583893144,0.962556625347295
0.40201690452559835,0.8659610538845632,0.7828924688102714,0.96875,0.2733812949640288,336102,93206,10842,31616,84032,0.9625505583893144,0.962556625347295
0.4009909252371541,0.8654972266142033,0.782134579404455,0.96875,0.2697841726618705,336102,93622,10842,31200,84448,0.9625505583893144,0.962556625347295
0.39825720418051347,0.8650338959494727,0.7813781559492259,0.96875,0.26618705035971224,336102,94038,10842,30784,84864,0.9625505583893144,0.962556625347295
0.39797339267668297,0.8645710610932476,0.7806231941954125,0.96875,0.26258992805755393,336102,94454,10842,30368,85280,0.9625505583893144,0.962556625347295
0.39788855472074336,0.8641087212501093,0.7798696899102494,0.96875,0.2589928057553957,336102,94870,10842,29952,85696,0.9625505583893144,0.962556625347295
0.3974439843841022,0.8636468756263393,0.7791176388772983,0.96875,0.25539568345323743,336102,95286,10842,29536,86112,0.9625505583893144,0.962556625347295
0.39579024935674184,0.8631855234299157,0.7783670368963697,0.96875,0.2517985611510791,336102,95702,10842,29120,86528,0.9625505583893144,0.962556625347295
0.3946527780114176,0.8627246638705074,0.7776178797834437,0.96875,0.24820143884892087,336102,96118,10842,28704,86944,0.9625505583893144,0.962556625347295
0.392773640982055,0.8622642961594705,0.7768701633705933,0.96875,0.2446043165467626,336102,96534,10842,28288,87360,0.9625505583893144,0.962556625347295
0.3916363284232334,0.8618044195098437,0.7761238835059069,0.96875,0.24100719424460432,336102,96950,10842,27872,87776,0.9625505583893144,0.962556625347295
0.3905272390843886,0.8613450331363434,0.7753790360534111,0.96875,0.23741007194244604,336102,97366,10842,27456,88192,0.9625505583893144,0.962556625347295
0.3899075076537394,0.8608861362553597,0.7746356168929944,0.96875,0.23381294964028776,336102,97782,10842,27040,88608,0.9625505583893144,0.962556625347295
0.38776524144671143,0.8604277280849517,0.7738936219203316,0.96875,0.2302158273381295,336102,98198,10842,26624,89024,0.9625505583893144,0.962556625347295
0.3877193235444301,0.859969807844843,0.7731530470468075,0.96875,0.22661870503597123,336102,98614,10842,26208,89440,0.9625505583893144,0.962556625347295
0.3853438390344537,0.8595123747564175,0.7724138881994429,0.96875,0.22302158273381295,336102,99030,10842,25792,89856,0.9625505583893144,0.962556625347295
0.3850677063971102,0.8590554280427148,0.7716761413208189,0.96875,0.21942446043165467,336102,99446,10842,25376,90272,0.9625505583893144,0.962556625347295
0.38474060499002033,0.8585989669284259,0.770939802369003,0.96875,0.2158273381294964,336102,99862,10842,24960,90688,0.9625505583893144,0.962556625347295
0.38453850343585033,0.8592065873041203,0.7711586893104878,0.9699519230769231,0.2158273381294964,336519,99862,10425,24960,90688,0.9625505583893144,0.962556625347295
0.38173825507240045,0.8587505311065773,0.7704242474192817,0.9699519230769231,0.21223021582733814,336519,100278,10425,24544,91104,0.9625505583893144,0.962556625347295
0.3810581057749305,0.8582938642467461,0.7696894426985412,0.9699519230769231,0.21223021582733814,336519,100695,10425,24544,91104,0.9625505583893144,0.962556625347295
0.3797220060124695,0.8578387762021173,0.7689577953979388,0.9699519230769231,0.20863309352517986,336519,101111,10425,24128,91520,0.9625505583893144,0.962556625347295
0.377932635308187,0.8573841704989873,0.7682275377471772,0.9699519230769231,0.20503597122302158,336519,101527,10425,23712,91936,0.9625505583893144,0.962556625347295
0.3755490689681249,0.8569300463709215,0.7674986657908781,0.9699519230769231,0.2014388489208633,336519,101943,10425,23296,92352,0.9625505583893144,0.962556625347295
0.3745235365461381,0.8564764030531087,0.7667711755886601,0.9699519230769231,0.19784172661870503,336519,102359,10425,22880,92768,0.9625505583893144,0.962556625347295
0.37413963565411934,0.856023239782356,0.7660450632150678,0.9699519230769231,0.19424460431654678,336519,102775,10425,22464,93184,0.9625505583893144,0.962556625347295
0.37329275364851733,0.8555705557970849,0.7653203247595006,0.9699519230769231,0.1906474820143885,336519,103191,10425,22048,93600,0.9625505583893144,0.962556625347295
0.3724423309806997,0.8551183503373271,0.764596956326143,0.9699519230769231,0.18705035971223022,336519,103607,10425,21632,94016,0.9625505583893144,0.962556625347295
0.3699114772666203,0.85466662264472,0.7638749540338946,0.9699519230769231,0.18345323741007194,336519,104023,10425,21216,94432,0.9625505583893144,0.962556625347295
0.3696726633589432,0.854215371962503,0.7631543140163008,0.9699519230769231,0.17985611510791366,336519,104439,10425,20800,94848,0.9625505583893144,0.962556625347295
0.36578342568960764,0.8537645975355124,0.7624350324214838,0.9699519230769231,0.17625899280575538,336519,104855,10425,20384,95264,0.9625505583893144,0.962556625347295
0.36448657679271723,0.8533142986101778,0.7617171054120736,0.9699519230769231,0.17266187050359713,336519,105271,10425,19968,95680,0.9625505583893144,0.962556625347295
0.36366465479678833,0.8539202256602348,0.7619418055345121,0.9711538461538461,0.17266187050359713,336936,105271,10008,19968,95680,0.9625505583893144,0.962556625347295
0.361802658728403,0.8534703198081987,0.7612256931971452,0.9711538461538461,0.16906474820143885,336936,105687,10008,19552,96096,0.9625505583893144,0.962556625347295
0.36114509288074725,0.8530208877912563,0.7605109256747149,0.9711538461538461,0.16546762589928057,336936,106103,10008,19136,96512,0.9625505583893144,0.962556625347295
0.36113911858748715,0.852571928861246,0.7597974991825551,0.9711538461538461,0.1618705035971223,336936,106519,10008,18720,96928,0.9625505583893144,0.962556625347295
0.36047549617827057,0.8521234422715805,0.7590854099501883,0.9711538461538461,0.15827338129496402,336936,106935,10008,18304,97344,0.9625505583893144,0.962556625347295
0.3589873060775991,0.8516754272772427,0.7583746542212578,0.9711538461538461,0.15467625899280577,336936,107351,10008,17888,97760,0.9625505583893144,0.962556625347295
0.3580736025695185,0.851227883134781,0.7576652282534635,0.9711538461538461,0.1510791366906475,336936,107767,10008,17472,98176,0.9625505583893144,0.962556625347295
0.35746452635567566,0.8507808091023062,0.7569571283184946,0.9711538461538461,0.1474820143884892,336936,108183,10008,17056,98592,0.9625505583893144,0.962556625347295
0.3504299302969677,0.8503342044394867,0.756250350701965,0.9711538461538461,0.14388489208633093,336936,108599,10008,16640,99008,0.9625505583893144,0.962556625347295
0.3465229608573559,0.8498880684075445,0.7555448917033486,0.9711538461538461,0.14028776978417265,336936,109015,10008,16224,99424,0.9625505583893144,0.962556625347295
0.34594486782187184,0.8494424002692513,0.7548407476359139,0.9711538461538461,0.1366906474820144,336936,109431,10008,15808,99840,0.9625505583893144,0.962556625347295
0.3457864337587685,0.8489971992889243,0.7541379148266608,0.9711538461538461,0.13309352517985612,336936,109847,10008,15392,100256,0.9625505583893144,0.962556625347295
0.3457754084195852,0.8485524647324223,0.7534363896162558,0.9711538461538461,0.12949640287769784,336936,110263,10008,14976,100672,0.9625505583893144,0.962556625347295
0.34550957195853993,0.8481081958671414,0.7527361683589692,0.9711538461538461,0.12589928057553956,336936,110679,10008,14560,101088,0.9625505583893144,0.962556625347295
0.3449611923292769,0.8476643919620114,0.7520372474226114,0.9711538461538461,0.1223021582733813,336936,111095,10008,14144,101504,0.9625505583893144,0.962556625347295
0.344198578015268,0.8472210522874913,0.7513396231884705,0.9711538461538461,0.11870503597122302,336936,111511,10008,13728,101920,0.9625505583893144,0.962556625347295
0.3430185818686804,0.8467781761155657,0.7506432920512495,0.9711538461538461,0.11510791366906475,336936,111927,10008,13312,102336,0.9625505583893144,0.962556625347295
0.3415613538222564,0.8463357627197405,0.7499482504190047,0.9711538461538461,0.11151079136690648,336936,112343,10008,12896,102752,0.9625505583893144,0.962556625347295
0.3410870452629585,0.8458938113750394,0.7492544947130834,0.9711538461538461,0.1079136690647482,336936,112759,10008,12480,103168,0.9625505583893144,0.962556625347295
0.3387757486071142,0.8454523213579991,0.7485620213680625,0.9711538461538461,0.10431654676258993,336936,113175,10008,12064,103584,0.9625505583893144,0.962556625347295
0.33795935558132395,0.8450112919466664,0.7478708268316883,0.9711538461538461,0.10071942446043165,336936,113591,10008,11648,104000,0.9625505583893144,0.962556625347295
0.33688990946900327,0.8445707224205934,0.7471809075648141,0.9711538461538461,0.09712230215827339,336936,114007,10008,11232,104416,0.9625505583893144,0.962556625347295
0.3365944496624419,0.8441306120608341,0.7464922600413418,0.9711538461538461,0.09352517985611511,336936,114423,10008,10816,104832,0.9625505583893144,0.962556625347295
0.33554282997897666,0.84369096014994,0.74580488074816,0.9711538461538461,0.08992805755395683,336936,114839,10008,10400,105248,0.9625505583893144,0.962556625347295
0.33339957936480547,0.8432517659719572,0.7451187661850855,0.9711538461538461,0.08633093525179857,336936,115255,10008,9984,105664,0.9625505583893144,0.962556625347295
0.3331131548711343,0.8428130288124209,0.7444339128648032,0.9711538461538461,0.08273381294964029,336936,115671,10008,9568,106080,0.9625505583893144,0.962556625347295
0.33132633053823224,0.8423747479583533,0.7437503173128075,0.9711538461538461,0.07913669064748201,336936,116087,10008,9152,106496,0.9625505583893144,0.962556625347295
0.3245844796684057,0.8419369226982583,0.7430679760673431,0.9711538461538461,0.07553956834532374,336936,116503,10008,8736,106912,0.9625505583893144,0.962556625347295
0.32275748906887247,0.8414995523221183,0.742386885679347,0.9711538461538461,0.07194244604316546,336936,116919,10008,8320,107328,0.9625505583893144,0.962556625347295
0.32246625294193376,0.8410626361213906,0.7417070427123897,0.9711538461538461,0.0683453237410072,336936,117335,10008,7904,107744,0.9625505583893144,0.962556625347295
0.3217946331332443,0.8406261733890031,0.7410284437426186,0.9711538461538461,0.06474820143884892,336936,117751,10008,7488,108160,0.9625505583893144,0.962556625347295
0.3202454112617354,0.8401901634193507,0.740351085358699,0.9711538461538461,0.06115107913669065,336936,118167,10008,7072,108576,0.9625505583893144,0.962556625347295
0.3174523357451092,0.8397546055082914,0.7396749641617584,0.9711538461538461,0.05755395683453238,336936,118583,10008,6656,108992,0.9625505583893144,0.962556625347295
0.31602686552746956,0.8393194989531424,0.7390000767653284,0.9711538461538461,0.0539568345323741,336936,118999,10008,6240,109408,0.9625505583893144,0.962556625347295
0.31465317696824663,0.8388848430526767,0.7383264197952891,0.9711538461538461,0.050359712230215826,336936,119415,10008,5824,109824,0.9625505583893144,0.962556625347295
0.3141848478812372,0.8384506371071193,0.7376539898898126,0.9711538461538461,0.046762589928057555,336936,119831,10008,5408,110240,0.9625505583893144,0.962556625347295
0.3126071879345552,0.8380168804181429,0.7369827836993064,0.9711538461538461,0.04316546762589928,336936,120247,10008,4992,110656,0.9625505583893144,0.962556625347295
0.3119279375861832,0.8375835722888646,0.7363127978863591,0.9711538461538461,0.039568345323741004,336936,120663,10008,4576,111072,0.9625505583893144,0.962556625347295
0.31145749004677487,0.8371507120238422,0.7356440291256836,0.9711538461538461,0.03597122302158273,336936,121079,10008,4160,111488,0.9625505583893144,0.962556625347295
0.3091544481035433,0.8367182989290703,0.7349764741040636,0.9711538461538461,0.03237410071942446,336936,121495,10008,3744,111904,0.9625505583893144,0.962556625347295
0.30813379069792046,0.8362863323119767,0.7343101295202976,0.9711538461538461,0.02877697841726619,336936,121911,10008,3328,112320,0.9625505583893144,0.962556625347295
0.3076147606367985,0.8358548114814185,0.7336449920851451,0.9711538461538461,0.025179856115107913,336936,122327,10008,2912,112736,0.9625505583893144,0.962556625347295
0.30396162098912727,0.8354237357476789,0.7329810585212725,0.9711538461538461,0.02158273381294964,336936,122743,10008,2496,113152,0.9625505583893144,0.962556625347295
0.3034030651743067,0.8349931044224629,0.7323183255631989,0.9711538461538461,0.017985611510791366,336936,123159,10008,2080,113568,0.9625505583893144,0.962556625347295
0.3031108646980121,0.8345629168188939,0.7316567899572431,0.9711538461538461,0.014388489208633094,336936,123575,10008,1664,113984,0.9625505583893144,0.962556625347295
0.29926847105136145,0.8341321397449101,0.7309948625381838,0.9711538461538461,0.014388489208633094,336936,123992,10008,1664,113984,0.9625505583893144,0.962556625347295
0.2962965336229523,0.833702838592185,0.7303357147811611,0.9711538461538461,0.01079136690647482,336936,124408,10008,1248,114400,0.9625505583893144,0.962556625347295
0.27857301835529436,0.8332739791073125,0.7296777546777546,0.9711538461538461,0.007194244604316547,336936,124824,10008,832,114816,0.9625505583893144,0.962556625347295
0.22468420163572733,0.8328455606090568,0.7290209790209791,0.9711538461538461,0.0035971223021582736,336936,125240,10008,416,115232,0.9625505583893144,0.962556625347295
0.21915330351144197,0.8324175824175825,0.7283653846153846,0.9711538461538461,0.0,336936,125656,10008,0,115648,0.9625505583893144,0.962556625347295
