threshold,f1,precision,recall,tnr,tp,fp,fn,tn_unknown,fp_unknown,auc_pr_trapezoid,ap_pr_step
0.701529453460906,0.0,,0.0,1.0,0,0,832,278,0,0.3411894480898257,0.3420795919192172
0.7015294534609059,0.0,0.0,0.0,1.0,0,1,832,278,0,0.3411894480898257,0.3420795919192172
0.689421385637771,0.0,0.0,0.0,1.0,0,2,832,278,0,0.3411894480898257,0.3420795919192172
0.6869850913343176,0.0,0.0,0.0,1.0,0,3,832,278,0,0.3411894480898257,0.3420795919192172
0.6438769848990017,0.0,0.0,0.0,1.0,0,4,832,278,0,0.3411894480898257,0.3420795919192172
0.608819143291423,0.0023894862604540022,0.2,0.001201923076923077,1.0,1,4,831,278,0,0.3411894480898257,0.3420795919192172
0.6066450862804095,0.002386634844868735,0.16666666666666666,0.001201923076923077,1.0,1,5,831,278,0,0.3411894480898257,0.3420795919192172
0.5892017140124386,0.0023837902264600714,0.14285714285714285,0.001201923076923077,1.0,1,6,831,278,0,0.3411894480898257,0.3420795919192172
0.5872620140310587,0.004761904761904762,0.25,0.002403846153846154,1.0,2,6,830,278,0,0.3411894480898257,0.3420795919192172
0.5838635440734953,0.0047562425683709865,0.2222222222222222,0.002403846153846154,1.0,2,7,830,278,0,0.3411894480898257,0.3420795919192172
0.5815641192268912,0.004750593824228029,0.2,0.002403846153846154,1.0,2,8,830,278,0,0.3411894480898257,0.3420795919192172
0.5769674283806698,0.004744958481613286,0.18181818181818182,0.002403846153846154,1.0,2,9,830,278,0,0.3411894480898257,0.3420795919192172
0.5760548493604091,0.004739336492890996,0.16666666666666666,0.002403846153846154,1.0,2,10,830,278,0,0.3411894480898257,0.3420795919192172
0.5735567512146318,0.004733727810650888,0.15384615384615385,0.002403846153846154,1.0,2,11,830,278,0,0.3411894480898257,0.3420795919192172
0.5510980252227871,0.004728132387706856,0.14285714285714285,0.002403846153846154,1.0,2,12,830,278,0,0.3411894480898257,0.3420795919192172
0.5483781477347409,0.004722550177095631,0.13333333333333333,0.002403846153846154,1.0,2,13,830,278,0,0.3411894480898257,0.3420795919192172
0.5444669515796152,0.0047169811320754715,0.125,0.002403846153846154,1.0,2,14,830,278,0,0.3411894480898257,0.3420795919192172
0.5359187304363489,0.004711425206124852,0.11764705882352941,0.002403846153846154,1.0,2,15,830,278,0,0.3411894480898257,0.3420795919192172
0.5340473744948924,0.004705882352941176,0.1111111111111111,0.002403846153846154,1.0,2,16,830,278,0,0.3411894480898257,0.3420795919192172
0.529563949163528,0.007050528789659225,0.15789473684210525,0.003605769230769231,1.0,3,16,829,278,0,0.3411894480898257,0.3420795919192172
0.528571518897627,0.007042253521126761,0.15,0.003605769230769231,1.0,3,17,829,278,0,0.3411894480898257,0.3420795919192172
0.5275794982315832,0.007033997655334115,0.14285714285714285,0.003605769230769231,1.0,3,18,829,278,0,0.3411894480898257,0.3420795919192172
0.5225940477083856,0.00936768149882904,0.18181818181818182,0.004807692307692308,1.0,4,18,828,278,0,0.3411894480898257,0.3420795919192172
0.5187093234055478,0.00935672514619883,0.17391304347826086,0.004807692307692308,1.0,4,19,828,278,0,0.3411894480898257,0.3420795919192172
0.5181146462534486,0.009345794392523364,0.16666666666666666,0.004807692307692308,1.0,4,20,828,278,0,0.3411894480898257,0.3420795919192172
0.5135720760688651,0.009334889148191364,0.16,0.004807692307692308,1.0,4,21,828,278,0,0.3411894480898257,0.3420795919192172
0.5127040579271318,0.009324009324009324,0.15384615384615385,0.004807692307692308,1.0,4,22,828,278,0,0.3411894480898257,0.3420795919192172
0.5101752116749705,0.009313154831199068,0.14814814814814814,0.004807692307692308,1.0,4,23,828,278,0,0.3411894480898257,0.3420795919192172
0.5066247217279711,0.011627906976744186,0.17857142857142858,0.006009615384615385,1.0,5,23,827,278,0,0.3411894480898257,0.3420795919192172
0.5060100412552228,0.013937282229965157,0.20689655172413793,0.007211538461538462,1.0,6,23,826,278,0,0.3411894480898257,0.3420795919192172
0.5055397204961615,0.016241299303944315,0.23333333333333334,0.008413461538461538,1.0,7,23,825,278,0,0.3411894480898257,0.3420795919192172
0.505072200855005,0.01853997682502897,0.25806451612903225,0.009615384615384616,1.0,8,23,824,278,0,0.3411894480898257,0.3420795919192172
0.5036838743198118,0.018518518518518517,0.25,0.009615384615384616,1.0,8,24,824,278,0,0.3411894480898257,0.3420795919192172
0.5036170802807116,0.020809248554913295,0.2727272727272727,0.010817307692307692,1.0,9,24,823,278,0,0.3411894480898257,0.3420795919192172
0.5035689721377397,0.020785219399538105,0.2647058823529412,0.010817307692307692,1.0,9,25,823,278,0,0.3411894480898257,0.3420795919192172
0.501188902351238,0.020761245674740483,0.2571428571428571,0.010817307692307692,1.0,9,26,823,278,0,0.3411894480898257,0.3420795919192172
0.5004330208374321,0.02304147465437788,0.2777777777777778,0.01201923076923077,1.0,10,26,822,278,0,0.3411894480898257,0.3420795919192172
0.5002902211597117,0.023014959723820484,0.2702702702702703,0.01201923076923077,1.0,10,27,822,278,0,0.3411894480898257,0.3420795919192172
0.4988065482718762,0.02528735632183908,0.2894736842105263,0.013221153846153846,1.0,11,27,821,278,0,0.3411894480898257,0.3420795919192172
0.49863687229149306,0.027554535017221583,0.3076923076923077,0.014423076923076924,1.0,12,27,820,278,0,0.3411894480898257,0.3420795919192172
0.49739577466863893,0.02981651376146789,0.325,0.015625,1.0,13,27,819,278,0,0.3411894480898257,0.3420795919192172
0.4963494311562634,0.029782359679266894,0.3170731707317073,0.015625,1.0,13,28,819,278,0,0.3411894480898257,0.3420795919192172
0.4951202866163128,0.029748283752860413,0.30952380952380953,0.015625,1.0,13,29,819,278,0,0.3411894480898257,0.3420795919192172
0.4950650426691984,0.029714285714285714,0.3023255813953488,0.015625,1.0,13,30,819,278,0,0.3411894480898257,0.3420795919192172
0.4942648211928009,0.02968036529680365,0.29545454545454547,0.015625,1.0,13,31,819,278,0,0.3411894480898257,0.3420795919192172
0.4942135914211447,0.03192702394526796,0.3111111111111111,0.016826923076923076,1.0,14,31,818,278,0,0.3411894480898257,0.3420795919192172
0.4935436187267401,0.03416856492027335,0.32608695652173914,0.018028846153846152,1.0,15,31,817,278,0,0.3411894480898257,0.3420795919192172
0.4927838078667461,0.034129692832764506,0.3191489361702128,0.018028846153846152,1.0,15,32,817,278,0,0.3411894480898257,0.3420795919192172
0.4925763292323485,0.03409090909090909,0.3125,0.018028846153846152,1.0,15,33,817,278,0,0.3411894480898257,0.3420795919192172
0.4904563980570697,0.0340522133938706,0.30612244897959184,0.018028846153846152,1.0,15,34,817,278,0,0.3411894480898257,0.3420795919192172
0.4894454353309505,0.036281179138321996,0.32,0.019230769230769232,1.0,16,34,816,278,0,0.3411894480898257,0.3420795919192172
0.48922672749076024,0.0362400906002265,0.3137254901960784,0.019230769230769232,1.0,16,35,816,278,0,0.3411894480898257,0.3420795919192172
0.4889148261239311,0.03619909502262444,0.3076923076923077,0.019230769230769232,1.0,16,36,816,278,0,0.3411894480898257,0.3420795919192172
0.48765145933164566,0.03615819209039548,0.3018867924528302,0.019230769230769232,1.0,16,37,816,278,0,0.3411894480898257,0.3420795919192172
0.48704953786500715,0.03611738148984198,0.2962962962962963,0.019230769230769232,1.0,16,38,816,278,0,0.3411894480898257,0.3420795919192172
0.48481827125281995,0.036076662908680945,0.2909090909090909,0.019230769230769232,1.0,16,39,816,278,0,0.3411894480898257,0.3420795919192172
0.48473525844711,0.036036036036036036,0.2857142857142857,0.019230769230769232,1.0,16,40,816,278,0,0.3411894480898257,0.3420795919192172
0.4844959287222148,0.0359955005624297,0.2807017543859649,0.019230769230769232,1.0,16,41,816,278,0,0.3411894480898257,0.3420795919192172
0.48409291199307153,0.035955056179775284,0.27586206896551724,0.019230769230769232,1.0,16,42,816,278,0,0.3411894480898257,0.3420795919192172
0.4800888534126872,0.03591470258136925,0.2711864406779661,0.019230769230769232,1.0,16,43,816,278,0,0.3411894480898257,0.3420795919192172
0.4769100101672764,0.03587443946188341,0.26666666666666666,0.019230769230769232,1.0,16,44,816,278,0,0.3411894480898257,0.3420795919192172
0.47655144405951233,0.03583426651735722,0.26229508196721313,0.019230769230769232,1.0,16,45,816,278,0,0.3411894480898257,0.3420795919192172
0.4760080384688057,0.03803131991051454,0.27419354838709675,0.020432692307692308,1.0,17,45,815,278,0,0.3411894480898257,0.3420795919192172
0.4748417060080208,0.04022346368715084,0.2857142857142857,0.021634615384615384,1.0,18,45,814,278,0,0.3411894480898257,0.3420795919192172
0.4742843538091905,0.04241071428571429,0.296875,0.02283653846153846,1.0,19,45,813,278,0,0.3411894480898257,0.3420795919192172
0.47268278248115925,0.044593088071348944,0.3076923076923077,0.02403846153846154,1.0,20,45,812,278,0,0.3411894480898257,0.3420795919192172
0.4725328888864153,0.0467706013363029,0.3181818181818182,0.025240384615384616,1.0,21,45,811,278,0,0.3411894480898257,0.3420795919192172
0.4723686827743273,0.048943270300333706,0.3283582089552239,0.026442307692307692,1.0,22,45,810,278,0,0.3411894480898257,0.3420795919192172
0.4722452088948024,0.051111111111111114,0.3382352941176471,0.027644230769230768,1.0,23,45,809,278,0,0.3411894480898257,0.3420795919192172
0.47111807556176183,0.05327413984461709,0.34782608695652173,0.028846153846153848,1.0,24,45,808,278,0,0.3411894480898257,0.3420795919192172
0.470677826636405,0.05321507760532151,0.34285714285714286,0.028846153846153848,1.0,24,46,808,278,0,0.3411894480898257,0.3420795919192172
0.46937966577313056,0.053156146179401995,0.3380281690140845,0.028846153846153848,1.0,24,47,808,278,0,0.3411894480898257,0.3420795919192172
0.4693591996941844,0.05309734513274336,0.3333333333333333,0.028846153846153848,1.0,24,48,808,278,0,0.3411894480898257,0.3420795919192172
0.46810496418501335,0.05303867403314917,0.3287671232876712,0.028846153846153848,1.0,24,49,808,278,0,0.3411894480898257,0.3420795919192172
0.46796483469637085,0.052980132450331126,0.32432432432432434,0.028846153846153848,1.0,24,50,808,278,0,0.3411894480898257,0.3420795919192172
0.46662154670918266,0.05292171995589857,0.32,0.028846153846153848,1.0,24,51,808,278,0,0.3411894480898257,0.3420795919192172
0.4659975733700882,0.05506607929515418,0.32894736842105265,0.030048076923076924,1.0,25,51,807,278,0,0.3411894480898257,0.3420795919192172
0.4643604515476947,0.05500550055005501,0.3246753246753247,0.030048076923076924,1.0,25,52,807,278,0,0.3411894480898257,0.3420795919192172
0.4638681039613009,0.054945054945054944,0.32051282051282054,0.030048076923076924,1.0,25,53,807,278,0,0.3411894480898257,0.3420795919192172
0.46383369775366035,0.0570801317233809,0.3291139240506329,0.03125,1.0,26,53,806,278,0,0.3411894480898257,0.3420795919192172
0.4626057300995857,0.05921052631578947,0.3375,0.03245192307692308,1.0,27,53,805,278,0,0.3411894480898257,0.3420795919192172
0.46234943372228515,0.05914567360350493,0.3333333333333333,0.03245192307692308,1.0,27,54,805,278,0,0.3411894480898257,0.3420795919192172
0.4611088420722592,0.061269146608315096,0.34146341463414637,0.03365384615384615,1.0,28,54,804,278,0,0.3411894480898257,0.3420795919192172
0.4607670976171676,0.0633879781420765,0.3493975903614458,0.03485576923076923,1.0,29,54,803,278,0,0.3411894480898257,0.3420795919192172
0.4606980100207133,0.06550218340611354,0.35714285714285715,0.036057692307692304,1.0,30,54,802,278,0,0.3411894480898257,0.3420795919192172
0.46004223406668,0.06761177753544166,0.36470588235294116,0.037259615384615384,1.0,31,54,801,278,0,0.3411894480898257,0.3420795919192172
0.458652508172741,0.06971677559912855,0.37209302325581395,0.038461538461538464,1.0,32,54,800,278,0,0.3411894480898257,0.3420795919192172
0.4580773589073811,0.06964091403699674,0.367816091954023,0.038461538461538464,1.0,32,55,800,278,0,0.3411894480898257,0.3420795919192172
0.4578057092139291,0.07173913043478261,0.375,0.039663461538461536,1.0,33,55,799,278,0,0.3411894480898257,0.3420795919192172
0.4577426965497591,0.07166123778501629,0.3707865168539326,0.039663461538461536,1.0,33,56,799,278,0,0.3411894480898257,0.3420795919192172
0.4558897147789219,0.0737527114967462,0.37777777777777777,0.040865384615384616,1.0,34,56,798,278,0,0.3411894480898257,0.3420795919192172
0.4531422275086372,0.07367280606717226,0.37362637362637363,0.040865384615384616,1.0,34,57,798,278,0,0.3411894480898257,0.3420795919192172
0.45229323301636865,0.0735930735930736,0.3695652173913043,0.040865384615384616,1.0,34,58,798,278,0,0.3411894480898257,0.3420795919192172
0.45208975332979295,0.07567567567567568,0.3763440860215054,0.042067307692307696,1.0,35,58,797,278,0,0.3411894480898257,0.3420795919192172
0.45176169278853395,0.0755939524838013,0.3723404255319149,0.042067307692307696,1.0,35,59,797,278,0,0.3411894480898257,0.3420795919192172
0.45099965932467434,0.07766990291262135,0.37894736842105264,0.04326923076923077,1.0,36,59,796,278,0,0.3411894480898257,0.3420795919192172
0.4488832090760415,0.07758620689655173,0.375,0.04326923076923077,1.0,36,60,796,278,0,0.3411894480898257,0.3420795919192172
0.4481175455286268,0.07965554359526372,0.38144329896907214,0.04447115384615385,1.0,37,60,795,278,0,0.3411894480898257,0.3420795919192172
0.4471961472622372,0.07956989247311828,0.37755102040816324,0.04447115384615385,1.0,37,61,795,278,0,0.3411894480898257,0.3420795919192172
0.4467429874159444,0.08163265306122448,0.3838383838383838,0.04567307692307692,1.0,38,61,794,278,0,0.3411894480898257,0.3420795919192172
0.44628959052475436,0.0815450643776824,0.38,0.04567307692307692,1.0,38,62,794,278,0,0.3411894480898257,0.3420795919192172
0.44565086096888873,0.08360128617363344,0.38613861386138615,0.046875,1.0,39,62,793,278,0,0.3411894480898257,0.3420795919192172
0.44561996778659085,0.08565310492505353,0.39215686274509803,0.04807692307692308,1.0,40,62,792,278,0,0.3411894480898257,0.3420795919192172
0.444524247623476,0.0877005347593583,0.39805825242718446,0.04927884615384615,1.0,41,62,791,278,0,0.3411894480898257,0.3420795919192172
0.4408500267230637,0.0876068376068376,0.3942307692307692,0.04927884615384615,1.0,41,63,791,278,0,0.3411894480898257,0.3420795919192172
0.44037020243008196,0.08964781216648879,0.4,0.05048076923076923,1.0,42,63,790,278,0,0.3411894480898257,0.3420795919192172
0.4399370361749696,0.09168443496801706,0.4056603773584906,0.051682692307692304,1.0,43,63,789,278,0,0.3411894480898257,0.3420795919192172
0.439411819794455,0.09158679446219382,0.40186915887850466,0.051682692307692304,1.0,43,64,789,278,0,0.3411894480898257,0.3420795919192172
0.439399834182207,0.09148936170212765,0.39814814814814814,0.051682692307692304,1.0,43,65,789,278,0,0.3411894480898257,0.3420795919192172
0.4391215281437393,0.09351753453772582,0.4036697247706422,0.052884615384615384,1.0,44,65,788,278,0,0.3411894480898257,0.3420795919192172
0.43749670228863236,0.09554140127388536,0.4090909090909091,0.054086538461538464,1.0,45,65,787,278,0,0.3411894480898257,0.3420795919192172
0.4362054918695194,0.0975609756097561,0.4144144144144144,0.055288461538461536,1.0,46,65,786,278,0,0.3411894480898257,0.3420795919192172
0.43590431455599155,0.09957627118644068,0.41964285714285715,0.056490384615384616,1.0,47,65,785,278,0,0.3411894480898257,0.3420795919192172
0.43589855509635356,0.10158730158730159,0.4247787610619469,0.057692307692307696,1.0,48,65,784,278,0,0.3411894480898257,0.3420795919192172
0.43567112797346996,0.10359408033826638,0.4298245614035088,0.05889423076923077,1.0,49,65,783,278,0,0.3411894480898257,0.3420795919192172
0.43166472330764694,0.10348468848996832,0.4260869565217391,0.05889423076923077,1.0,49,66,783,278,0,0.3411894480898257,0.3420795919192172
0.4313153442083845,0.10548523206751055,0.43103448275862066,0.06009615384615385,1.0,50,66,782,278,0,0.3411894480898257,0.3420795919192172
0.43052899178532167,0.10748155953635406,0.4358974358974359,0.06129807692307692,1.0,51,66,781,278,0,0.3411894480898257,0.3420795919192172
0.4290714819876499,0.10947368421052632,0.4406779661016949,0.0625,1.0,52,66,780,278,0,0.3411894480898257,0.3420795919192172
0.42808850996282666,0.11146161934805468,0.44537815126050423,0.06370192307692307,1.0,53,66,779,278,0,0.3411894480898257,0.3420795919192172
0.42742692847878727,0.1134453781512605,0.45,0.06490384615384616,1.0,54,66,778,278,0,0.3411894480898257,0.3420795919192172
0.42633744780339433,0.11542497376705142,0.45454545454545453,0.06610576923076923,1.0,55,66,777,278,0,0.3411894480898257,0.3420795919192172
0.426271981262524,0.11530398322851153,0.45081967213114754,0.06610576923076923,1.0,55,67,777,278,0,0.3411894480898257,0.3420795919192172
0.4259791077681335,0.11727748691099477,0.45528455284552843,0.0673076923076923,1.0,56,67,776,278,0,0.3411894480898257,0.3420795919192172
0.4251966060569924,0.1192468619246862,0.4596774193548387,0.06850961538461539,1.0,57,67,775,278,0,0.3411894480898257,0.3420795919192172
0.4242377521812315,0.12121212121212122,0.464,0.06971153846153846,1.0,58,67,774,278,0,0.3411894480898257,0.3420795919192172
0.42362578450271604,0.12317327766179541,0.46825396825396826,0.07091346153846154,1.0,59,67,773,278,0,0.3411894480898257,0.3420795919192172
0.42301192967781787,0.1251303441084463,0.47244094488188976,0.07211538461538461,1.0,60,67,772,278,0,0.3411894480898257,0.3420795919192172
0.42287705294626365,0.12708333333333333,0.4765625,0.0733173076923077,1.0,61,67,771,278,0,0.3411894480898257,0.3420795919192172
0.4227531910471898,0.12695109261186263,0.4728682170542636,0.0733173076923077,1.0,61,68,771,278,0,0.3411894480898257,0.3420795919192172
0.42193956901567675,0.1288981288981289,0.47692307692307695,0.07451923076923077,1.0,62,68,770,278,0,0.3411894480898257,0.3420795919192172
0.4206440229756778,0.1308411214953271,0.48091603053435117,0.07572115384615384,1.0,63,68,769,278,0,0.3411894480898257,0.3420795919192172
0.419422554227091,0.13070539419087138,0.4772727272727273,0.07572115384615384,1.0,63,69,769,278,0,0.3411894480898257,0.3420795919192172
0.41890394519036434,0.13264248704663212,0.48120300751879697,0.07692307692307693,1.0,64,69,768,278,0,0.3411894480898257,0.3420795919192172
0.41771972115378675,0.13250517598343686,0.47761194029850745,0.07692307692307693,1.0,64,70,768,278,0,0.3411894480898257,0.3420795919192172
0.41750285279636656,0.13236814891416754,0.4740740740740741,0.07692307692307693,1.0,64,71,768,278,0,0.3411894480898257,0.3420795919192172
0.4173715581789317,0.13429752066115702,0.47794117647058826,0.078125,1.0,65,71,767,278,0,0.3411894480898257,0.3420795919192172
0.4172259650098209,0.13622291021671826,0.48175182481751827,0.07932692307692307,1.0,66,71,766,278,0,0.3411894480898257,0.3420795919192172
0.41587850518564995,0.1360824742268041,0.4782608695652174,0.07932692307692307,1.0,66,72,766,278,0,0.3411894480898257,0.3420795919192172
0.4145779508624491,0.13594232749742532,0.4748201438848921,0.07932692307692307,1.0,66,73,766,278,0,0.3411894480898257,0.3420795919192172
0.41331220012605047,0.13580246913580246,0.4714285714285714,0.07932692307692307,1.0,66,74,766,278,0,0.3411894480898257,0.3420795919192172
0.4126125101209336,0.13566289825282632,0.46808510638297873,0.07932692307692307,1.0,66,75,766,278,0,0.3411894480898257,0.3420795919192172
0.41153722130844905,0.13552361396303902,0.4647887323943662,0.07932692307692307,1.0,66,76,766,278,0,0.3411894480898257,0.3420795919192172
0.4110205488171361,0.13743589743589743,0.46853146853146854,0.08052884615384616,1.0,67,76,765,278,0,0.3411894480898257,0.3420795919192172
0.41083483377595487,0.13934426229508196,0.4722222222222222,0.08173076923076923,1.0,68,76,764,278,0,0.3411894480898257,0.3420795919192172
0.4105361452629701,0.13920163766632548,0.4689655172413793,0.08173076923076923,1.0,68,77,764,278,0,0.3411894480898257,0.3420795919192172
0.4100128986368342,0.1411042944785276,0.4726027397260274,0.0829326923076923,1.0,69,77,763,278,0,0.3411894480898257,0.3420795919192172
0.4074605399129152,0.14096016343207354,0.46938775510204084,0.0829326923076923,1.0,69,78,763,278,0,0.3411894480898257,0.3420795919192172
0.40712227788545596,0.14081632653061224,0.46621621621621623,0.0829326923076923,1.0,69,79,763,278,0,0.3411894480898257,0.3420795919192172
0.40537309871340776,0.14271151885830785,0.4697986577181208,0.08413461538461539,1.0,70,79,762,278,0,0.3411894480898257,0.3420795919192172
0.405105608431072,0.1446028513238289,0.47333333333333333,0.08533653846153846,1.0,71,79,761,278,0,0.3411894480898257,0.3420795919192172
0.40480765289808,0.14649033570701933,0.4768211920529801,0.08653846153846154,1.0,72,79,760,278,0,0.3411894480898257,0.3420795919192172
0.4045047117768775,0.14634146341463414,0.47368421052631576,0.08653846153846154,1.0,72,80,760,278,0,0.3411894480898257,0.3420795919192172
0.40443983716607845,0.14822335025380712,0.477124183006536,0.08774038461538461,1.0,73,80,759,278,0,0.3411894480898257,0.3420795919192172
0.4019581367226174,0.14807302231237324,0.474025974025974,0.08774038461538461,1.0,73,81,759,278,0,0.3411894480898257,0.3420795919192172
0.4018730050979302,0.14994934143870314,0.4774193548387097,0.0889423076923077,1.0,74,81,758,278,0,0.3411894480898257,0.3420795919192172
0.4014879870136083,0.15182186234817813,0.4807692307692308,0.09014423076923077,1.0,75,81,757,278,0,0.3411894480898257,0.3420795919192172
0.4004447979952158,0.15369059656218403,0.4840764331210191,0.09134615384615384,1.0,76,81,756,278,0,0.3411894480898257,0.3420795919192172
0.39952863426310015,0.15555555555555556,0.4873417721518987,0.09254807692307693,1.0,77,81,755,278,0,0.3411894480898257,0.3420795919192172
0.39948053422557495,0.15539858728557013,0.48427672955974843,0.09254807692307693,1.0,77,82,755,278,0,0.3411894480898257,0.3420795919192172
0.3993003321275902,0.15725806451612903,0.4875,0.09375,1.0,78,82,754,278,0,0.3411894480898257,0.3420795919192172
0.3989074088774106,0.15911379657603222,0.4906832298136646,0.09495192307692307,1.0,79,82,753,278,0,0.3411894480898257,0.3420795919192172
0.39888666699843733,0.16096579476861167,0.49382716049382713,0.09615384615384616,1.0,80,82,752,278,0,0.3411894480898257,0.3420795919192172
0.3988680930538254,0.16080402010050251,0.49079754601226994,0.09615384615384616,1.0,80,83,752,278,0,0.3411894480898257,0.3420795919192172
0.39732911742843646,0.16265060240963855,0.49390243902439024,0.09735576923076923,1.0,81,83,751,278,0,0.3411894480898257,0.3420795919192172
0.39720377375679916,0.1624874623871615,0.4909090909090909,0.09735576923076923,1.0,81,84,751,278,0,0.3411894480898257,0.3420795919192172
0.3970398838717678,0.16432865731462926,0.4939759036144578,0.0985576923076923,1.0,82,84,750,278,0,0.3411894480898257,0.3420795919192172
0.394982094082891,0.16416416416416416,0.49101796407185627,0.0985576923076923,1.0,82,85,750,278,0,0.3411894480898257,0.3420795919192172
0.39418122724008975,0.166,0.49404761904761907,0.09975961538461539,1.0,83,85,749,278,0,0.3411894480898257,0.3420795919192172
0.39382011442391396,0.16783216783216784,0.4970414201183432,0.10096153846153846,1.0,84,85,748,278,0,0.3411894480898257,0.3420795919192172
0.3936024521403596,0.16966067864271456,0.5,0.10216346153846154,1.0,85,85,747,278,0,0.3411894480898257,0.3420795919192172
0.39345848375059944,0.17148554336989033,0.5029239766081871,0.10336538461538461,1.0,86,85,746,278,0,0.3411894480898257,0.3420795919192172
0.39307172856501926,0.17330677290836655,0.5058139534883721,0.1045673076923077,1.0,87,85,745,278,0,0.3411894480898257,0.3420795919192172
0.3928672025320249,0.17512437810945275,0.5086705202312138,0.10576923076923077,1.0,88,85,744,278,0,0.3411894480898257,0.3420795919192172
0.3925858830832849,0.1749502982107356,0.5057471264367817,0.10576923076923077,1.0,88,86,744,278,0,0.3411894480898257,0.3420795919192172
0.3918811977121269,0.17477656405163852,0.5028571428571429,0.10576923076923077,1.0,88,87,744,278,0,0.3411894480898257,0.3420795919192172
0.3917878940176975,0.1765873015873016,0.5056818181818182,0.10697115384615384,1.0,89,87,743,278,0,0.3411894480898257,0.3420795919192172
0.39084781401172974,0.17839444995044598,0.5084745762711864,0.10817307692307693,1.0,90,87,742,278,0,0.3411894480898257,0.3420795919192172
0.3907388789425126,0.1801980198019802,0.5112359550561798,0.109375,1.0,91,87,741,278,0,0.3411894480898257,0.3420795919192172
0.39066090533928144,0.18001978239366964,0.5083798882681564,0.109375,1.0,91,88,741,278,0,0.3411894480898257,0.3420795919192172
0.39034557736747655,0.18181818181818182,0.5111111111111111,0.11057692307692307,1.0,92,88,740,278,0,0.3411894480898257,0.3420795919192172
0.3897854899864034,0.18163869693978282,0.5082872928176796,0.11057692307692307,1.0,92,89,740,278,0,0.3411894480898257,0.3420795919192172
0.3887537513087765,0.1834319526627219,0.510989010989011,0.11177884615384616,1.0,93,89,739,278,0,0.3411894480898257,0.3420795919192172
0.3883282960706632,0.1852216748768473,0.5136612021857924,0.11298076923076923,1.0,94,89,738,278,0,0.3411894480898257,0.3420795919192172
0.38732964025629957,0.18503937007874016,0.5108695652173914,0.11298076923076923,1.0,94,90,738,278,0,0.3411894480898257,0.3420795919192172
0.38690718674389213,0.18682399213372664,0.5135135135135135,0.1141826923076923,1.0,95,90,737,278,0,0.3411894480898257,0.3420795919192172
0.3868220187487964,0.18664047151277013,0.510752688172043,0.1141826923076923,1.0,95,91,737,278,0,0.3411894480898257,0.3420795919192172
0.3854861686442186,0.18842001962708538,0.5133689839572193,0.11538461538461539,1.0,96,91,736,278,0,0.3411894480898257,0.3420795919192172
0.3846750453584442,0.18823529411764706,0.5106382978723404,0.11538461538461539,1.0,96,92,736,278,0,0.3411894480898257,0.3420795919192172
0.3846602012186793,0.188050930460333,0.5079365079365079,0.11538461538461539,1.0,96,93,736,278,0,0.3411894480898257,0.3420795919192172
0.384641867031994,0.1898238747553816,0.5105263157894737,0.11658653846153846,1.0,97,93,735,278,0,0.3411894480898257,0.3420795919192172
0.38457236654714255,0.19159335288367546,0.5130890052356021,0.11778846153846154,1.0,98,93,734,278,0,0.3411894480898257,0.3420795919192172
0.3845705024702515,0.19140625,0.5104166666666666,0.11778846153846154,1.0,98,94,734,278,0,0.3411894480898257,0.3420795919192172
0.3839214535951312,0.19121951219512195,0.5077720207253886,0.11778846153846154,1.0,98,95,734,278,0,0.3411894480898257,0.3420795919192172
0.38289316420805264,0.19103313840155944,0.5051546391752577,0.11778846153846154,1.0,98,96,734,278,0,0.3411894480898257,0.3420795919192172
0.3827087527204174,0.19279454722492698,0.5076923076923077,0.11899038461538461,1.0,99,96,733,278,0,0.3411894480898257,0.3420795919192172
0.38083485621083935,0.19455252918287938,0.5102040816326531,0.1201923076923077,1.0,100,96,732,278,0,0.3411894480898257,0.3420795919192172
0.3808068805800756,0.19630709426627793,0.5126903553299492,0.12139423076923077,1.0,101,96,731,278,0,0.3411894480898257,0.3420795919192172
0.3806845757837489,0.19805825242718447,0.5151515151515151,0.12259615384615384,1.0,102,96,730,278,0,0.3411894480898257,0.3420795919192172
0.380676037771257,0.19786614936954414,0.5125628140703518,0.12259615384615384,1.0,102,97,730,278,0,0.3411894480898257,0.3420795919192172
0.3800545620940172,0.19767441860465115,0.51,0.12259615384615384,1.0,102,98,730,278,0,0.3411894480898257,0.3420795919192172
0.3800036999995837,0.19748305905130686,0.5074626865671642,0.12259615384615384,1.0,102,99,730,278,0,0.3411894480898257,0.3420795919192172
0.3782373076809834,0.19729206963249515,0.504950495049505,0.12259615384615384,1.0,102,100,730,278,0,0.3411894480898257,0.3420795919192172
0.3775112594693849,0.19903381642512077,0.5073891625615764,0.12379807692307693,1.0,103,100,729,278,0,0.3411894480898257,0.3420795919192172
0.3773666095530587,0.19884169884169883,0.5049019607843137,0.12379807692307693,1.0,103,101,729,278,0,0.3411894480898257,0.3420795919192172
0.37718990977376454,0.19864995178399228,0.5024390243902439,0.12379807692307693,1.0,103,102,729,278,0,0.3411894480898257,0.3420795919192172
0.3768408636502045,0.2003853564547206,0.5048543689320388,0.125,1.0,104,102,728,278,0,0.3411894480898257,0.3420795919192172
0.37646727010893444,0.20211742059672763,0.5072463768115942,0.12620192307692307,1.0,105,102,727,278,0,0.3411894480898257,0.3420795919192172
0.37636634739022756,0.20192307692307693,0.5048076923076923,0.12620192307692307,1.0,105,103,727,278,0,0.3411894480898257,0.3420795919192172
0.3762829291739138,0.20365033621517772,0.507177033492823,0.12740384615384615,1.0,106,103,726,278,0,0.3411894480898257,0.3420795919192172
0.37456499464330917,0.2053742802303263,0.5095238095238095,0.12860576923076922,1.0,107,103,725,278,0,0.3411894480898257,0.3420795919192172
0.3733371978562706,0.20709491850431447,0.5118483412322274,0.12980769230769232,1.0,108,103,724,278,0,0.3411894480898257,0.3420795919192172
0.37305115158854407,0.20881226053639848,0.5141509433962265,0.1310096153846154,1.0,109,103,723,278,0,0.3411894480898257,0.3420795919192172
0.3729743991830041,0.21052631578947367,0.5164319248826291,0.13221153846153846,1.0,110,103,722,278,0,0.3411894480898257,0.3420795919192172
0.3728875458191634,0.21223709369024857,0.5186915887850467,0.13341346153846154,1.0,111,103,721,278,0,0.3411894480898257,0.3420795919192172
0.37264382902225157,0.2139446036294174,0.5209302325581395,0.1346153846153846,1.0,112,103,720,278,0,0.3411894480898257,0.3420795919192172
0.3726271407121562,0.21374045801526717,0.5185185185185185,0.1346153846153846,1.0,112,104,720,278,0,0.3411894480898257,0.3420795919192172
0.37230340028881825,0.21544327931363202,0.5207373271889401,0.13581730769230768,1.0,113,104,719,278,0,0.3411894480898257,0.3420795919192172
0.37221730268354836,0.21523809523809523,0.518348623853211,0.13581730769230768,1.0,113,105,719,278,0,0.3411894480898257,0.3420795919192172
0.3708951914454266,0.21693625118934348,0.5205479452054794,0.13701923076923078,1.0,114,105,718,278,0,0.3411894480898257,0.3420795919192172
0.37078526979002563,0.21863117870722434,0.5227272727272727,0.13822115384615385,1.0,115,105,717,278,0,0.3411894480898257,0.3420795919192172
0.3695745153136869,0.2184235517568851,0.5203619909502263,0.13822115384615385,1.0,115,106,717,278,0,0.3411894480898257,0.3420795919192172
0.369434666231799,0.22011385199240988,0.5225225225225225,0.13942307692307693,1.0,116,106,716,278,0,0.3411894480898257,0.3420795919192172
0.3690622332636495,0.21990521327014217,0.5201793721973094,0.13942307692307693,1.0,116,107,716,278,0,0.3411894480898257,0.3420795919192172
0.3683273050063177,0.2215909090909091,0.5223214285714286,0.140625,1.0,117,107,715,278,0,0.3411894480898257,0.3420795919192172
0.3679347306121774,0.22327341532639547,0.5244444444444445,0.14182692307692307,1.0,118,107,714,278,0,0.3411894480898257,0.3420795919192172
0.36742592823086284,0.22495274102079396,0.5265486725663717,0.14302884615384615,1.0,119,107,713,278,0,0.3411894480898257,0.3420795919192172
0.3672715579306267,0.2247403210576015,0.5242290748898678,0.14302884615384615,1.0,119,108,713,278,0,0.3411894480898257,0.3420795919192172
0.3670571594140034,0.22641509433962265,0.5263157894736842,0.14423076923076922,1.0,120,108,712,278,0,0.3411894480898257,0.3420795919192172
0.3666181759976389,0.22808671065032987,0.5283842794759825,0.14543269230769232,1.0,121,108,711,278,0,0.3411894480898257,0.3420795919192172
0.36620602058677754,0.2278719397363465,0.5260869565217391,0.14543269230769232,1.0,121,109,711,278,0,0.3411894480898257,0.3420795919192172
0.36586564158519275,0.2295390404515522,0.5281385281385281,0.1466346153846154,1.0,122,109,710,278,0,0.3411894480898257,0.3420795919192172
0.3653540634394621,0.22932330827067668,0.5258620689655172,0.1466346153846154,1.0,122,110,710,278,0,0.3411894480898257,0.3420795919192172
0.36481392246092215,0.23098591549295774,0.5278969957081545,0.14783653846153846,1.0,123,110,709,278,0,0.3411894480898257,0.3420795919192172
0.3645643878413458,0.2326454033771107,0.5299145299145299,0.14903846153846154,1.0,124,110,708,278,0,0.3411894480898257,0.3420795919192172
0.36352919344777457,0.23430178069353327,0.5319148936170213,0.1502403846153846,1.0,125,110,707,278,0,0.3411894480898257,0.3420795919192172
0.3631107817163056,0.23595505617977527,0.5338983050847458,0.15144230769230768,1.0,126,110,706,278,0,0.3411894480898257,0.3420795919192172
0.36169637487457884,0.23573433115060805,0.5316455696202531,0.15144230769230768,1.0,126,111,706,278,0,0.3411894480898257,0.3420795919192172
0.3604849075548505,0.23551401869158878,0.5294117647058824,0.15144230769230768,1.0,126,112,706,278,0,0.3411894480898257,0.3420795919192172
0.3603767019109595,0.23716153127917833,0.5313807531380753,0.15264423076923078,1.0,127,112,705,278,0,0.3411894480898257,0.3420795919192172
0.36026777005500576,0.23880597014925373,0.5333333333333333,0.15384615384615385,1.0,128,112,704,278,0,0.3411894480898257,0.3420795919192172
0.3597421445118133,0.24044734389561975,0.5352697095435685,0.15504807692307693,1.0,129,112,703,278,0,0.3411894480898257,0.3420795919192172
0.35938038994181754,0.24022346368715083,0.5330578512396694,0.15504807692307693,1.0,129,113,703,278,0,0.3411894480898257,0.3420795919192172
0.3587228977822893,0.24,0.5308641975308642,0.15504807692307693,1.0,129,114,703,278,0,0.3411894480898257,0.3420795919192172
0.3586491647756621,0.23977695167286245,0.5286885245901639,0.15504807692307693,1.0,129,115,703,278,0,0.3411894480898257,0.3420795919192172
0.35845992192939535,0.2414113277623027,0.5306122448979592,0.15625,1.0,130,115,702,278,0,0.3411894480898257,0.3420795919192172
0.3582475092454067,0.24118738404452691,0.5284552845528455,0.15625,1.0,130,116,702,278,0,0.3411894480898257,0.3420795919192172
0.3578479299422215,0.24096385542168675,0.5263157894736842,0.15625,1.0,130,117,702,278,0,0.3411894480898257,0.3420795919192172
0.35744672919366405,0.24074074074074073,0.5241935483870968,0.15625,1.0,130,118,702,278,0,0.3411894480898257,0.3420795919192172
0.3572475789776999,0.24051803885291398,0.5220883534136547,0.15625,1.0,130,119,702,278,0,0.3411894480898257,0.3420795919192172
0.3570397675572713,0.24214417744916822,0.524,0.15745192307692307,1.0,131,119,701,278,0,0.3411894480898257,0.3420795919192172
0.3569848147696356,0.24376731301939059,0.5258964143426295,0.15865384615384615,1.0,132,119,700,278,0,0.3411894480898257,0.3420795919192172
0.3551865823517363,0.24538745387453875,0.5277777777777778,0.15985576923076922,1.0,133,119,699,278,0,0.3411894480898257,0.3420795919192172
0.35447076234420216,0.24700460829493087,0.5296442687747036,0.16105769230769232,1.0,134,119,698,278,0,0.3411894480898257,0.3420795919192172
0.35438446721154837,0.24677716390423574,0.5275590551181102,0.16105769230769232,1.0,134,120,698,278,0,0.3411894480898257,0.3420795919192172
0.35371288786839983,0.24839006439742412,0.5294117647058824,0.1622596153846154,1.0,135,120,697,278,0,0.3411894480898257,0.3420795919192172
0.35326778339456766,0.25,0.53125,0.16346153846153846,1.0,136,120,696,278,0,0.3411894480898257,0.3420795919192172
0.3527081834490883,0.2516069788797062,0.5330739299610895,0.16466346153846154,1.0,137,120,695,278,0,0.3411894480898257,0.3420795919192172
0.3526682606745386,0.25137614678899084,0.5310077519379846,0.16466346153846154,1.0,137,121,695,278,0,0.3411894480898257,0.3420795919192172
0.35231081866221403,0.25114573785517874,0.528957528957529,0.16466346153846154,1.0,137,122,695,278,0,0.3411894480898257,0.3420795919192172
0.3522064497159074,0.2509157509157509,0.5269230769230769,0.16466346153846154,1.0,137,123,695,278,0,0.3411894480898257,0.3420795919192172
0.3514491179733268,0.252516010978957,0.5287356321839081,0.1658653846153846,1.0,138,123,694,278,0,0.3411894480898257,0.3420795919192172
0.3511018782733596,0.25411334552102377,0.5305343511450382,0.16706730769230768,1.0,139,123,693,278,0,0.3411894480898257,0.3420795919192172
0.3504076706354129,0.2557077625570776,0.532319391634981,0.16826923076923078,1.0,140,123,692,278,0,0.3411894480898257,0.3420795919192172
0.3492448998608425,0.25547445255474455,0.5303030303030303,0.16826923076923078,1.0,140,124,692,278,0,0.3411894480898257,0.3420795919192172
0.34731621593152084,0.2552415679124886,0.5283018867924528,0.16826923076923078,1.0,140,125,692,278,0,0.3411894480898257,0.3420795919192172
0.3472701430908207,0.2568306010928962,0.5300751879699248,0.16947115384615385,1.0,141,125,691,278,0,0.3411894480898257,0.3420795919192172
0.34698484088374737,0.2584167424931756,0.5318352059925093,0.17067307692307693,1.0,142,125,690,278,0,0.3411894480898257,0.3420795919192172
0.34656861216911383,0.2581818181818182,0.5298507462686567,0.17067307692307693,1.0,142,126,690,278,0,0.3411894480898257,0.3420795919192172
0.34591324293621795,0.2579473206176203,0.5278810408921933,0.17067307692307693,1.0,142,127,690,278,0,0.3411894480898257,0.3420795919192172
0.34582874332331404,0.2577132486388385,0.5259259259259259,0.17067307692307693,1.0,142,128,690,278,0,0.3411894480898257,0.3420795919192172
0.3455905347120555,0.25929283771532186,0.5276752767527675,0.171875,1.0,143,128,689,278,0,0.3411894480898257,0.3420795919192172
0.34480405346908105,0.25905797101449274,0.5257352941176471,0.171875,1.0,143,129,689,278,0,0.3411894480898257,0.3420795919192172
0.34404793791261434,0.26063348416289595,0.5274725274725275,0.17307692307692307,1.0,144,129,688,278,0,0.3411894480898257,0.3420795919192172
0.3438946592132216,0.2603978300180832,0.5255474452554745,0.17307692307692307,1.0,144,130,688,278,0,0.3411894480898257,0.3420795919192172
0.34328370550126874,0.2601626016260163,0.5236363636363637,0.17307692307692307,1.0,144,131,688,278,0,0.3411894480898257,0.3420795919192172
0.34250110199021155,0.259927797833935,0.5217391304347826,0.17307692307692307,1.0,144,132,688,278,0,0.3411894480898257,0.3420795919192172
0.3423653444165562,0.26149684400360684,0.5234657039711191,0.17427884615384615,1.0,145,132,687,278,0,0.3411894480898257,0.3420795919192172
0.34220602794689514,0.26306306306306304,0.5251798561151079,0.17548076923076922,1.0,146,132,686,278,0,0.3411894480898257,0.3420795919192172
0.3421403681066779,0.2646264626462646,0.5268817204301075,0.17668269230769232,1.0,147,132,685,278,0,0.3411894480898257,0.3420795919192172
0.3417813242349723,0.26618705035971224,0.5285714285714286,0.1778846153846154,1.0,148,132,684,278,0,0.3411894480898257,0.3420795919192172
0.3405031634908222,0.26774483378256964,0.5302491103202847,0.17908653846153846,1.0,149,132,683,278,0,0.3411894480898257,0.3420795919192172
0.34028651360434437,0.26929982046678635,0.5319148936170213,0.18028846153846154,1.0,150,132,682,278,0,0.3411894480898257,0.3420795919192172
0.3400052256875372,0.27085201793721975,0.5335689045936396,0.1814903846153846,1.0,151,132,681,278,0,0.3411894480898257,0.3420795919192172
0.33994455365785914,0.27060931899641577,0.5316901408450704,0.1814903846153846,1.0,151,133,681,278,0,0.3411894480898257,0.3420795919192172
0.33976520029426105,0.2721575649059982,0.5333333333333333,0.18269230769230768,1.0,152,133,680,278,0,0.3411894480898257,0.3420795919192172
0.3395608542220111,0.2737030411449016,0.534965034965035,0.18389423076923078,1.0,153,133,679,278,0,0.3411894480898257,0.3420795919192172
0.3391329649527375,0.2734584450402145,0.5331010452961672,0.18389423076923078,1.0,153,134,679,278,0,0.3411894480898257,0.3420795919192172
0.3389889499314469,0.275,0.5347222222222222,0.18509615384615385,1.0,154,134,678,278,0,0.3411894480898257,0.3420795919192172
0.3376359235880687,0.27653880463871544,0.5363321799307958,0.18629807692307693,1.0,155,134,677,278,0,0.3411894480898257,0.3420795919192172
0.337429757587164,0.27629233511586454,0.5344827586206896,0.18629807692307693,1.0,155,135,677,278,0,0.3411894480898257,0.3420795919192172
0.3364015621207913,0.27604630454140694,0.5326460481099656,0.18629807692307693,1.0,155,136,677,278,0,0.3411894480898257,0.3420795919192172
0.33574754378208405,0.2775800711743772,0.5342465753424658,0.1875,1.0,156,136,676,278,0,0.3411894480898257,0.3420795919192172
0.3348151840363983,0.2773333333333333,0.5324232081911263,0.1875,1.0,156,137,676,278,0,0.3411894480898257,0.3420795919192172
0.3347147297133264,0.27886323268206037,0.5340136054421769,0.18870192307692307,1.0,157,137,675,278,0,0.3411894480898257,0.3420795919192172
0.3346325225949147,0.2803904170363798,0.535593220338983,0.18990384615384615,1.0,158,137,674,278,0,0.3411894480898257,0.3420795919192172
0.33339324043589535,0.2801418439716312,0.5337837837837838,0.18990384615384615,1.0,158,138,674,278,0,0.3411894480898257,0.3420795919192172
0.3331623823834109,0.27989371124889284,0.531986531986532,0.18990384615384615,1.0,158,139,674,278,0,0.3411894480898257,0.3420795919192172
0.3320310973151366,0.2814159292035398,0.5335570469798657,0.19110576923076922,1.0,159,139,673,278,0,0.3411894480898257,0.3420795919192172
0.3314925739214881,0.28293545534924847,0.5351170568561873,0.19230769230769232,1.0,160,139,672,278,0,0.3411894480898257,0.3420795919192172
0.33128434907892845,0.2826855123674912,0.5333333333333333,0.19230769230769232,1.0,160,140,672,278,0,0.3411894480898257,0.3420795919192172
0.3311644379424098,0.2824360105913504,0.53156146179402,0.19230769230769232,1.0,160,141,672,278,0,0.3411894480898257,0.3420795919192172
0.3301287039633498,0.2839506172839506,0.5331125827814569,0.1935096153846154,1.0,161,141,671,278,0,0.3411894480898257,0.3420795919192172
0.3298238932465021,0.28370044052863436,0.5313531353135313,0.1935096153846154,1.0,161,142,671,278,0,0.3411894480898257,0.3420795919192172
0.32980051824949225,0.2852112676056338,0.5328947368421053,0.19471153846153846,1.0,162,142,670,278,0,0.3411894480898257,0.3420795919192172
0.32929670903384656,0.28671943711521547,0.5344262295081967,0.19591346153846154,1.0,163,142,669,278,0,0.3411894480898257,0.3420795919192172
0.3289536606934842,0.28822495606326887,0.5359477124183006,0.1971153846153846,1.0,164,142,668,278,0,0.3411894480898257,0.3420795919192172
0.3283996302544304,0.28797190517998245,0.5342019543973942,0.1971153846153846,1.0,164,143,668,278,0,0.3411894480898257,0.3420795919192172
0.3283630589297889,0.28771929824561404,0.5324675324675324,0.1971153846153846,1.0,164,144,668,278,0,0.3411894480898257,0.3420795919192172
0.3271749075440805,0.287467134092901,0.5307443365695793,0.1971153846153846,1.0,164,145,668,278,0,0.3411894480898257,0.3420795919192172
0.32695545184224983,0.28896672504378285,0.532258064516129,0.19831730769230768,1.0,165,145,667,278,0,0.3411894480898257,0.3420795919192172
0.32655379596046163,0.2904636920384952,0.5337620578778135,0.19951923076923078,1.0,166,145,666,278,0,0.3411894480898257,0.3420795919192172
0.3258956345256808,0.291958041958042,0.5352564102564102,0.20072115384615385,1.0,167,145,665,278,0,0.3411894480898257,0.3420795919192172
0.3257537132480507,0.2934497816593886,0.536741214057508,0.20192307692307693,1.0,168,145,664,278,0,0.3411894480898257,0.3420795919192172
0.32550122231391765,0.2949389179755672,0.5382165605095541,0.203125,1.0,169,145,663,278,0,0.3411894480898257,0.3420795919192172
0.32352460066572697,0.29642545771578027,0.5396825396825397,0.20432692307692307,1.0,170,145,662,278,0,0.3411894480898257,0.3420795919192172
0.32351549784198896,0.2961672473867596,0.5379746835443038,0.20432692307692307,1.0,170,146,662,278,0,0.3411894480898257,0.3420795919192172
0.32323557749818144,0.29765013054830286,0.5394321766561514,0.20552884615384615,1.0,171,146,661,278,0,0.3411894480898257,0.3420795919192172
0.3224468451010525,0.2991304347826087,0.5408805031446541,0.20673076923076922,1.0,172,146,660,278,0,0.3411894480898257,0.3420795919192172
0.32206184567995255,0.2988705473501303,0.5391849529780565,0.20673076923076922,1.0,172,147,660,278,0,0.3411894480898257,0.3420795919192172
0.3203510648346307,0.3003472222222222,0.540625,0.20793269230769232,1.0,173,147,659,278,0,0.3411894480898257,0.3420795919192172
0.32034730412867285,0.30008673026886384,0.5389408099688473,0.20793269230769232,1.0,173,148,659,278,0,0.3411894480898257,0.3420795919192172
0.31944085289030566,0.29982668977469673,0.5372670807453416,0.20793269230769232,1.0,173,149,659,278,0,0.3411894480898257,0.3420795919192172
0.3193686316314228,0.3012987012987013,0.5386996904024768,0.2091346153846154,1.0,174,149,658,278,0,0.3411894480898257,0.3420795919192172
0.31796643672010483,0.30103806228373703,0.5370370370370371,0.2091346153846154,1.0,174,150,658,278,0,0.3411894480898257,0.3420795919192172
0.3177651076355641,0.3025064822817632,0.5384615384615384,0.21033653846153846,1.0,175,150,657,278,0,0.3411894480898257,0.3420795919192172
0.3170910432271552,0.3022452504317789,0.5368098159509203,0.21033653846153846,1.0,175,151,657,278,0,0.3411894480898257,0.3420795919192172
0.31670790421489503,0.30198446937014667,0.5351681957186545,0.21033653846153846,1.0,175,152,657,278,0,0.3411894480898257,0.3420795919192172
0.31633556081772485,0.30344827586206896,0.5365853658536586,0.21153846153846154,1.0,176,152,656,278,0,0.3411894480898257,0.3420795919192172
0.31376022114172364,0.3049095607235142,0.5379939209726444,0.2127403846153846,1.0,177,152,655,278,0,0.3411894480898257,0.3420795919192172
0.31296599467554254,0.306368330464716,0.5393939393939394,0.21394230769230768,1.0,178,152,654,278,0,0.3411894480898257,0.3420795919192172
0.3128777938974061,0.30782459157351677,0.540785498489426,0.21514423076923078,1.0,179,152,653,278,0,0.3411894480898257,0.3420795919192172
0.3128404375772236,0.30927835051546393,0.5421686746987951,0.21634615384615385,1.0,180,152,652,278,0,0.3411894480898257,0.3420795919192172
0.3128050084802052,0.31072961373390556,0.5435435435435435,0.21754807692307693,1.0,181,152,651,278,0,0.3411894480898257,0.3420795919192172
0.3127389549327916,0.31217838765008576,0.5449101796407185,0.21875,1.0,182,152,650,278,0,0.3411894480898257,0.3420795919192172
0.3120947090269104,0.31191088260497,0.5432835820895522,0.21875,1.0,182,153,650,278,0,0.3411894480898257,0.3420795919192172
0.3109653003211357,0.3133561643835616,0.5446428571428571,0.21995192307692307,1.0,183,153,649,278,0,0.3411894480898257,0.3420795919192172
0.310923478277526,0.31479897348160824,0.5459940652818991,0.22115384615384615,1.0,184,153,648,278,0,0.3411894480898257,0.3420795919192172
0.30976458399238305,0.3145299145299145,0.5443786982248521,0.22115384615384615,1.0,184,154,648,278,0,0.3411894480898257,0.3420795919192172
0.30944840582439703,0.31596925704526047,0.5457227138643068,0.22235576923076922,1.0,185,154,647,278,0,0.3411894480898257,0.3420795919192172
0.30887447114933564,0.3174061433447099,0.5470588235294118,0.22355769230769232,1.0,186,154,646,278,0,0.3411894480898257,0.3420795919192172
0.30812007244148565,0.3188405797101449,0.5483870967741935,0.2247596153846154,1.0,187,154,645,278,0,0.3411894480898257,0.3420795919192172
0.3079923391414855,0.3185689948892675,0.5467836257309941,0.2247596153846154,1.0,187,155,645,278,0,0.3411894480898257,0.3420795919192172
0.3077268111892142,0.32,0.5481049562682215,0.22596153846153846,1.0,188,155,644,278,0,0.3411894480898257,0.3420795919192172
0.3070810018832316,0.3197278911564626,0.5465116279069767,0.22596153846153846,1.0,188,156,644,278,0,0.3411894480898257,0.3420795919192172
0.3070546499771578,0.3211554800339847,0.5478260869565217,0.22716346153846154,1.0,189,156,643,278,0,0.3411894480898257,0.3420795919192172
0.3069051867423145,0.3225806451612903,0.5491329479768786,0.2283653846153846,1.0,190,156,642,278,0,0.3411894480898257,0.3420795919192172
0.306818475900803,0.3240033927056828,0.5504322766570605,0.22956730769230768,1.0,191,156,641,278,0,0.3411894480898257,0.3420795919192172
0.30595881714526274,0.3254237288135593,0.5517241379310345,0.23076923076923078,1.0,192,156,640,278,0,0.3411894480898257,0.3420795919192172
0.3052479959946941,0.3268416596104996,0.5530085959885387,0.23197115384615385,1.0,193,156,639,278,0,0.3411894480898257,0.3420795919192172
0.30477200947560257,0.32825719120135366,0.5542857142857143,0.23317307692307693,1.0,194,156,638,278,0,0.3411894480898257,0.3420795919192172
0.3033205311769307,0.32797971259509723,0.5527065527065527,0.23317307692307693,1.0,194,157,638,278,0,0.3411894480898257,0.3420795919192172
0.30278076621499816,0.3277027027027027,0.5511363636363636,0.23317307692307693,1.0,194,158,638,278,0,0.3411894480898257,0.3420795919192172
0.3026869502152554,0.3291139240506329,0.5524079320113314,0.234375,1.0,195,158,637,278,0,0.3411894480898257,0.3420795919192172
0.30235060644215556,0.3288364249578415,0.5508474576271186,0.234375,1.0,195,159,637,278,0,0.3411894480898257,0.3420795919192172
0.3020518950844727,0.32855939342881213,0.5492957746478874,0.234375,1.0,195,160,637,278,0,0.3411894480898257,0.3420795919192172
0.3018040351761735,0.32996632996632996,0.550561797752809,0.23557692307692307,1.0,196,160,636,278,0,0.3411894480898257,0.3420795919192172
0.30161304434790026,0.3313708999158957,0.5518207282913166,0.23677884615384615,1.0,197,160,635,278,0,0.3411894480898257,0.3420795919192172
0.30104260878121636,0.3310924369747899,0.5502793296089385,0.23677884615384615,1.0,197,161,635,278,0,0.3411894480898257,0.3420795919192172
0.30013548019313174,0.33249370277078083,0.5515320334261838,0.23798076923076922,1.0,198,161,634,278,0,0.3411894480898257,0.3420795919192172
0.29981724485907746,0.3338926174496644,0.5527777777777778,0.23918269230769232,1.0,199,161,633,278,0,0.3411894480898257,0.3420795919192172
0.2986963627684902,0.3352891869237217,0.554016620498615,0.2403846153846154,1.0,200,161,632,278,0,0.3411894480898257,0.3420795919192172
0.29751101365999655,0.33500837520938026,0.5524861878453039,0.2403846153846154,1.0,200,162,632,278,0,0.3411894480898257,0.3420795919192172
0.2969661994609236,0.3364016736401674,0.5537190082644629,0.24158653846153846,1.0,201,162,631,278,0,0.3411894480898257,0.3420795919192172
0.2966118749409714,0.3377926421404682,0.554945054945055,0.24278846153846154,1.0,202,162,630,278,0,0.3411894480898257,0.3420795919192172
0.29653788356330935,0.33751044277360065,0.5534246575342465,0.24278846153846154,1.0,202,163,630,278,0,0.3411894480898257,0.3420795919192172
0.29620235185045174,0.337228714524207,0.5519125683060109,0.24278846153846154,1.0,202,164,630,278,0,0.3411894480898257,0.3420795919192172
0.29609650637637075,0.3386155129274395,0.553133514986376,0.2439903846153846,1.0,203,164,629,278,0,0.3411894480898257,0.3420795919192172
0.2960354889318959,0.34,0.5543478260869565,0.24519230769230768,1.0,204,164,628,278,0,0.3411894480898257,0.3420795919192172
0.2958644951639162,0.34138218151540384,0.5555555555555556,0.24639423076923078,1.0,205,164,627,278,0,0.3411894480898257,0.3420795919192172
0.29584618608814184,0.3410981697171381,0.5540540540540541,0.24639423076923078,1.0,205,165,627,278,0,0.3411894480898257,0.3420795919192172
0.29523466844816804,0.3408146300914381,0.5525606469002695,0.24639423076923078,1.0,205,166,627,278,0,0.3411894480898257,0.3420795919192172
0.294955173431128,0.34053156146179403,0.5510752688172043,0.24639423076923078,1.0,205,167,627,278,0,0.3411894480898257,0.3420795919192172
0.2941647821923502,0.34190871369294606,0.5522788203753352,0.24759615384615385,1.0,206,167,626,278,0,0.3411894480898257,0.3420795919192172
0.29363576143696324,0.34328358208955223,0.553475935828877,0.24879807692307693,1.0,207,167,625,278,0,0.3411894480898257,0.3420795919192172
0.2933376446938458,0.34465617232808615,0.5546666666666666,0.25,1.0,208,167,624,278,0,0.3411894480898257,0.3420795919192172
0.29330980544284113,0.34602649006622516,0.5558510638297872,0.2512019230769231,1.0,209,167,623,278,0,0.3411894480898257,0.3420795919192172
0.2932539679899778,0.34739454094292804,0.5570291777188329,0.25240384615384615,1.0,210,167,622,278,0,0.3411894480898257,0.3420795919192172
0.29311266852625906,0.3487603305785124,0.5582010582010583,0.2536057692307692,1.0,211,167,621,278,0,0.3411894480898257,0.3420795919192172
0.29296823966154784,0.3501238645747316,0.5593667546174143,0.2548076923076923,1.0,212,167,620,278,0,0.3411894480898257,0.3420795919192172
0.29231348621116315,0.35148514851485146,0.5605263157894737,0.25600961538461536,1.0,213,167,619,278,0,0.3411894480898257,0.3420795919192172
0.29226912757123313,0.3528441879637263,0.5616797900262467,0.25721153846153844,1.0,214,167,618,278,0,0.3411894480898257,0.3420795919192172
0.2910652926667091,0.3542009884678748,0.56282722513089,0.25841346153846156,1.0,215,167,617,278,0,0.3411894480898257,0.3420795919192172
0.29085164145962294,0.35390946502057613,0.5613577023498695,0.25841346153846156,1.0,215,168,617,278,0,0.3411894480898257,0.3420795919192172
0.29075800728406875,0.3536184210526316,0.5598958333333334,0.25841346153846156,1.0,215,169,617,278,0,0.3411894480898257,0.3420795919192172
0.2906236976145117,0.3533278553820871,0.5584415584415584,0.25841346153846156,1.0,215,170,617,278,0,0.3411894480898257,0.3420795919192172
0.2902296323327259,0.3530377668308703,0.5569948186528497,0.25841346153846156,1.0,215,171,617,278,0,0.3411894480898257,0.3420795919192172
0.2883259849566573,0.3527481542247744,0.5555555555555556,0.25841346153846156,1.0,215,172,617,278,0,0.3411894480898257,0.3420795919192172
0.2881562809039919,0.3540983606557377,0.5567010309278351,0.25961538461538464,1.0,216,172,616,278,0,0.3411894480898257,0.3420795919192172
0.2874831153902473,0.35544635544635544,0.5578406169665809,0.2608173076923077,1.0,217,172,615,278,0,0.3411894480898257,0.3420795919192172
0.28738031949120824,0.35515548281505727,0.5564102564102564,0.2608173076923077,1.0,217,173,615,278,0,0.3411894480898257,0.3420795919192172
0.28595815492353605,0.3565004088307441,0.5575447570332481,0.2620192307692308,1.0,218,173,614,278,0,0.3411894480898257,0.3420795919192172
0.28536106184662235,0.35784313725490197,0.5586734693877551,0.26322115384615385,1.0,219,173,613,278,0,0.3411894480898257,0.3420795919192172
0.28525966274694126,0.3575510204081633,0.5572519083969466,0.26322115384615385,1.0,219,174,613,278,0,0.3411894480898257,0.3420795919192172
0.2845692069198826,0.3572593800978793,0.5558375634517766,0.26322115384615385,1.0,219,175,613,278,0,0.3411894480898257,0.3420795919192172
0.2844435509945532,0.35859820700896494,0.5569620253164557,0.2644230769230769,1.0,220,175,612,278,0,0.3411894480898257,0.3420795919192172
0.28349060599598236,0.35993485342019543,0.5580808080808081,0.265625,1.0,221,175,611,278,0,0.3411894480898257,0.3420795919192172
0.28300275123778196,0.36126932465419037,0.5591939546599496,0.2668269230769231,1.0,222,175,610,278,0,0.3411894480898257,0.3420795919192172
0.28299110908747105,0.36097560975609755,0.5577889447236181,0.2668269230769231,1.0,222,176,610,278,0,0.3411894480898257,0.3420795919192172
0.2828515707008775,0.36230706742485785,0.5588972431077694,0.26802884615384615,1.0,223,176,609,278,0,0.3411894480898257,0.3420795919192172
0.28283083647849366,0.36363636363636365,0.56,0.2692307692307692,1.0,224,176,608,278,0,0.3411894480898257,0.3420795919192172
0.2828201835037637,0.36496350364963503,0.5610972568578554,0.2704326923076923,1.0,225,176,607,278,0,0.3411894480898257,0.3420795919192172
0.28184219699549273,0.36628849270664504,0.5621890547263682,0.27163461538461536,1.0,226,176,606,278,0,0.3411894480898257,0.3420795919192172
0.28171955130239856,0.3659919028340081,0.5607940446650124,0.27163461538461536,1.0,226,177,606,278,0,0.3411894480898257,0.3420795919192172
0.28139382687473624,0.3673139158576052,0.5618811881188119,0.27283653846153844,1.0,227,177,605,278,0,0.3411894480898257,0.3420795919192172
0.2803058995722438,0.3670169765561843,0.5604938271604938,0.27283653846153844,1.0,227,178,605,278,0,0.3411894480898257,0.3420795919192172
0.27952512445425615,0.3683360258481422,0.5615763546798029,0.27403846153846156,1.0,228,178,604,278,0,0.3411894480898257,0.3420795919192172
0.27932000564363557,0.3696529459241324,0.5626535626535627,0.27524038461538464,1.0,229,178,603,278,0,0.3411894480898257,0.3420795919192172
0.27892189126874867,0.3709677419354839,0.5637254901960784,0.2764423076923077,1.0,230,178,602,278,0,0.3411894480898257,0.3420795919192172
0.278386958291972,0.3722804190169218,0.5647921760391198,0.2776442307692308,1.0,231,178,601,278,0,0.3411894480898257,0.3420795919192172
0.27809533970133904,0.3719806763285024,0.5634146341463414,0.2776442307692308,1.0,231,179,601,278,0,0.3411894480898257,0.3420795919192172
0.277812740465494,0.37329042638777155,0.5644768856447688,0.27884615384615385,1.0,232,179,600,278,0,0.3411894480898257,0.3420795919192172
0.2777269278872597,0.3745980707395498,0.5655339805825242,0.2800480769230769,1.0,233,179,599,278,0,0.3411894480898257,0.3420795919192172
0.2755501408707884,0.3742971887550201,0.5641646489104116,0.2800480769230769,0.9964028776978417,233,180,599,277,1,0.3411894480898257,0.3420795919192172
0.27527669778477315,0.3756019261637239,0.5652173913043478,0.28125,0.9964028776978417,234,180,598,277,1,0.3411894480898257,0.3420795919192172
0.274823540670177,0.3769045709703288,0.5662650602409639,0.2824519230769231,0.9964028776978417,235,180,597,277,1,0.3411894480898257,0.3420795919192172
0.27436919089142875,0.3782051282051282,0.5673076923076923,0.28365384615384615,0.9964028776978417,236,180,596,277,1,0.3411894480898257,0.3420795919192172
0.27436281274052,0.37950360288230583,0.5683453237410072,0.2848557692307692,0.9964028776978417,237,180,595,277,1,0.3411894480898257,0.3420795919192172
0.274203878121068,0.3792,0.5669856459330144,0.2848557692307692,0.9964028776978417,237,181,595,277,1,0.3411894480898257,0.3420795919192172
0.2738271821602005,0.38049560351718625,0.568019093078759,0.2860576923076923,0.9964028776978417,238,181,594,277,1,0.3411894480898257,0.3420795919192172
0.27334885929172736,0.3801916932907348,0.5666666666666667,0.2860576923076923,0.9964028776978417,238,182,594,277,1,0.3411894480898257,0.3420795919192172
0.2721724385847205,0.37988826815642457,0.5653206650831354,0.2860576923076923,0.9964028776978417,238,183,594,277,1,0.3411894480898257,0.3420795919192172
0.2715629802596635,0.38118022328548645,0.566350710900474,0.28725961538461536,0.9964028776978417,239,183,593,277,1,0.3411894480898257,0.3420795919192172
0.2711688884292489,0.38247011952191234,0.5673758865248227,0.28846153846153844,0.9964028776978417,240,183,592,277,1,0.3411894480898257,0.3420795919192172
0.27076218897835247,0.3837579617834395,0.5683962264150944,0.28966346153846156,0.9964028776978417,241,183,591,277,1,0.3411894480898257,0.3420795919192172
0.27012630743096855,0.3834526650755768,0.5670588235294117,0.28966346153846156,0.9964028776978417,241,184,591,277,1,0.3411894480898257,0.3420795919192172
0.26982180502121067,0.3847376788553259,0.568075117370892,0.29086538461538464,0.9964028776978417,242,184,590,277,1,0.3411894480898257,0.3420795919192172
0.2690795274467064,0.38602065131056396,0.5690866510538641,0.2920673076923077,0.9964028776978417,243,184,589,277,1,0.3411894480898257,0.3420795919192172
0.2689271725522948,0.3873015873015873,0.5700934579439252,0.2932692307692308,0.9964028776978417,244,184,588,277,1,0.3411894480898257,0.3420795919192172
0.26799145518177625,0.38699444885011897,0.5687645687645687,0.2932692307692308,0.9964028776978417,244,185,588,277,1,0.3411894480898257,0.3420795919192172
0.267918623771936,0.3866877971473851,0.5674418604651162,0.2932692307692308,0.9964028776978417,244,186,588,277,1,0.3411894480898257,0.3420795919192172
0.2677236300101876,0.38638163103721296,0.5661252900232019,0.2932692307692308,0.9964028776978417,244,187,588,277,1,0.3411894480898257,0.3420795919192172
0.2671115966412867,0.3876582278481013,0.5671296296296297,0.29447115384615385,0.9964028776978417,245,187,587,277,1,0.3411894480898257,0.3420795919192172
0.2664898926605135,0.38893280632411065,0.5681293302540416,0.2956730769230769,0.9964028776978417,246,187,586,277,1,0.3411894480898257,0.3420795919192172
0.26634232677309877,0.3902053712480253,0.5691244239631337,0.296875,0.9964028776978417,247,187,585,277,1,0.3411894480898257,0.3420795919192172
0.26571695819724483,0.3914759273875296,0.5701149425287356,0.2980769230769231,0.9964028776978417,248,187,584,277,1,0.3411894480898257,0.3420795919192172
0.26562334670051924,0.3911671924290221,0.5688073394495413,0.2980769230769231,0.9964028776978417,248,188,584,277,1,0.3411894480898257,0.3420795919192172
0.26555980967781967,0.39243498817966904,0.5697940503432495,0.29927884615384615,0.9964028776978417,249,188,583,277,1,0.3411894480898257,0.3420795919192172
0.2654187731941927,0.3937007874015748,0.5707762557077626,0.3004807692307692,0.9964028776978417,250,188,582,277,1,0.3411894480898257,0.3420795919192172
0.26500328490563274,0.3949645948072384,0.571753986332574,0.3016826923076923,0.9964028776978417,251,188,581,277,1,0.3411894480898257,0.3420795919192172
0.2643424792853143,0.39622641509433965,0.5727272727272728,0.30288461538461536,0.9964028776978417,252,188,580,277,1,0.3411894480898257,0.3420795919192172
0.26351863391146313,0.3974862529457973,0.5736961451247166,0.30408653846153844,0.9964028776978417,253,188,579,277,1,0.3411894480898257,0.3420795919192172
0.26112058761121915,0.3987441130298273,0.5746606334841629,0.30528846153846156,0.9964028776978417,254,188,578,277,1,0.3411894480898257,0.3420795919192172
0.2600849590697345,0.3984313725490196,0.5733634311512416,0.30528846153846156,0.9964028776978417,254,189,578,277,1,0.3411894480898257,0.3420795919192172
0.25989703199095493,0.3981191222570533,0.5720720720720721,0.30528846153846156,0.9928057553956835,254,190,578,276,2,0.3411894480898257,0.3420795919192172
0.25967141204289856,0.39937353171495693,0.5730337078651685,0.30649038461538464,0.9928057553956835,255,190,577,276,2,0.3411894480898257,0.3420795919192172
0.2594933295331532,0.40062597809076683,0.5739910313901345,0.3076923076923077,0.9928057553956835,256,190,576,276,2,0.3411894480898257,0.3420795919192172
0.2594648534197369,0.400312744331509,0.5727069351230425,0.3076923076923077,0.9928057553956835,256,191,576,276,2,0.3411894480898257,0.3420795919192172
0.25873574153036505,0.4015625,0.5736607142857143,0.3088942307692308,0.9928057553956835,257,191,575,276,2,0.3411894480898257,0.3420795919192172
0.25824375530670984,0.4028103044496487,0.5746102449888641,0.31009615384615385,0.9928057553956835,258,191,574,276,2,0.3411894480898257,0.3420795919192172
0.2567245004548242,0.40249609984399376,0.5733333333333334,0.31009615384615385,0.9928057553956835,258,192,574,276,2,0.3411894480898257,0.3420795919192172
0.25643080075274116,0.40218238503507403,0.5720620842572062,0.31009615384615385,0.9928057553956835,258,193,574,276,2,0.3411894480898257,0.3420795919192172
0.2557036282633761,0.40186915887850466,0.5707964601769911,0.31009615384615385,0.9892086330935251,258,194,574,275,3,0.3411894480898257,0.3420795919192172
0.2554973746555349,0.4031128404669261,0.5717439293598234,0.3112980769230769,0.9892086330935251,259,194,573,275,3,0.3411894480898257,0.3420795919192172
0.2541181269018823,0.40435458786936235,0.5726872246696035,0.3125,0.9892086330935251,260,194,572,275,3,0.3411894480898257,0.3420795919192172
0.25304827666379914,0.40559440559440557,0.5736263736263736,0.3137019230769231,0.9892086330935251,261,194,571,275,3,0.3411894480898257,0.3420795919192172
0.25280275522638507,0.40683229813664595,0.5745614035087719,0.31490384615384615,0.9892086330935251,262,194,570,275,3,0.3411894480898257,0.3420795919192172
0.25277666336128535,0.4065166795965865,0.5733041575492341,0.31490384615384615,0.9892086330935251,262,195,570,275,3,0.3411894480898257,0.3420795919192172
0.2526346854610526,0.4077519379844961,0.574235807860262,0.3161057692307692,0.9892086330935251,263,195,569,275,3,0.3411894480898257,0.3420795919192172
0.25202090986635783,0.40898528272656853,0.5751633986928104,0.3173076923076923,0.9892086330935251,264,195,568,275,3,0.3411894480898257,0.3420795919192172
0.251652182601106,0.4102167182662539,0.5760869565217391,0.31850961538461536,0.9892086330935251,265,195,567,275,3,0.3411894480898257,0.3420795919192172
0.25104493545570716,0.411446249033256,0.5770065075921909,0.31971153846153844,0.9892086330935251,266,195,566,275,3,0.3411894480898257,0.3420795919192172
0.25099728478551087,0.41112828438948995,0.5757575757575758,0.31971153846153844,0.9892086330935251,266,196,566,275,3,0.3411894480898257,0.3420795919192172
0.25097682730419446,0.41081081081081083,0.5745140388768899,0.31971153846153844,0.9892086330935251,266,197,566,275,3,0.3411894480898257,0.3420795919192172
0.25075662040245306,0.41203703703703703,0.5754310344827587,0.32091346153846156,0.9892086330935251,267,197,565,275,3,0.3411894480898257,0.3420795919192172
0.25054915530487,0.41326137239784116,0.5763440860215053,0.32211538461538464,0.9892086330935251,268,197,564,275,3,0.3411894480898257,0.3420795919192172
0.25012346661036644,0.41294298921417566,0.575107296137339,0.32211538461538464,0.9892086330935251,268,198,564,275,3,0.3411894480898257,0.3420795919192172
0.2496751723466808,0.4126250962278676,0.5738758029978587,0.32211538461538464,0.9892086330935251,268,199,564,275,3,0.3411894480898257,0.3420795919192172
0.2486812411956154,0.4123076923076923,0.5726495726495726,0.32211538461538464,0.9892086330935251,268,200,564,275,3,0.3411894480898257,0.3420795919192172
0.24704813246804103,0.41199077632590314,0.5714285714285714,0.32211538461538464,0.9892086330935251,268,201,564,275,3,0.3411894480898257,0.3420795919192172
0.24686165775669067,0.4116743471582181,0.5702127659574469,0.32211538461538464,0.9892086330935251,268,202,564,275,3,0.3411894480898257,0.3420795919192172
0.24652413320931188,0.4128933231005372,0.5711252653927813,0.3233173076923077,0.9892086330935251,269,202,563,275,3,0.3411894480898257,0.3420795919192172
0.24635946169016798,0.4125766871165644,0.5699152542372882,0.3233173076923077,0.9892086330935251,269,203,563,275,3,0.3411894480898257,0.3420795919192172
0.24618039500822841,0.41379310344827586,0.5708245243128964,0.3245192307692308,0.9892086330935251,270,203,562,275,3,0.3411894480898257,0.3420795919192172
0.2459134154965379,0.41500765696784075,0.5717299578059072,0.32572115384615385,0.9892086330935251,271,203,561,275,3,0.3411894480898257,0.3420795919192172
0.2456525536256381,0.4162203519510329,0.5726315789473684,0.3269230769230769,0.9892086330935251,272,203,560,275,3,0.3411894480898257,0.3420795919192172
0.24515451133145083,0.41743119266055045,0.5735294117647058,0.328125,0.9892086330935251,273,203,559,275,3,0.3411894480898257,0.3420795919192172
0.24402851183727658,0.41711229946524064,0.5723270440251572,0.328125,0.9892086330935251,273,204,559,275,3,0.3411894480898257,0.3420795919192172
0.2436815321487178,0.4183206106870229,0.5732217573221757,0.3293269230769231,0.9892086330935251,274,204,558,275,3,0.3411894480898257,0.3420795919192172
0.2427676655222153,0.41952707856598015,0.5741127348643006,0.33052884615384615,0.9892086330935251,275,204,557,275,3,0.3411894480898257,0.3420795919192172
0.24241876516369076,0.42073170731707316,0.575,0.3317307692307692,0.9892086330935251,276,204,556,275,3,0.3411894480898257,0.3420795919192172
0.2419849437849949,0.4219345011424219,0.5758835758835759,0.3329326923076923,0.9892086330935251,277,204,555,275,3,0.3411894480898257,0.3420795919192172
0.2415416582533031,0.4231354642313546,0.5767634854771784,0.33413461538461536,0.9892086330935251,278,204,554,275,3,0.3411894480898257,0.3420795919192172
0.24131596488188722,0.42433460076045626,0.577639751552795,0.33533653846153844,0.9892086330935251,279,204,553,275,3,0.3411894480898257,0.3420795919192172
0.24128978180897864,0.425531914893617,0.5785123966942148,0.33653846153846156,0.9892086330935251,280,204,552,275,3,0.3411894480898257,0.3420795919192172
0.2408117898119696,0.4267274107820805,0.5793814432989691,0.33774038461538464,0.9892086330935251,281,204,551,275,3,0.3411894480898257,0.3420795919192172
0.24043477804998914,0.4264036418816389,0.5781893004115226,0.33774038461538464,0.9892086330935251,281,205,551,275,3,0.3411894480898257,0.3420795919192172
0.23831799163848272,0.42608036391205456,0.5770020533880903,0.33774038461538464,0.9892086330935251,281,206,551,275,3,0.3411894480898257,0.3420795919192172
0.23796882983185896,0.42727272727272725,0.5778688524590164,0.3389423076923077,0.9892086330935251,282,206,550,275,3,0.3411894480898257,0.3420795919192172
0.23771345996748772,0.4284632853898562,0.5787321063394683,0.3401442307692308,0.9892086330935251,283,206,549,275,3,0.3411894480898257,0.3420795919192172
0.23737924195504334,0.4281391830559758,0.5775510204081633,0.3401442307692308,0.9892086330935251,283,207,549,275,3,0.3411894480898257,0.3420795919192172
0.23737263883702409,0.4293272864701436,0.5784114052953157,0.34134615384615385,0.9892086330935251,284,207,548,275,3,0.3411894480898257,0.3420795919192172
0.23733883674426093,0.43051359516616317,0.5792682926829268,0.3425480769230769,0.9892086330935251,285,207,547,275,3,0.3411894480898257,0.3420795919192172
0.23683531492156884,0.43018867924528303,0.5780933062880325,0.3425480769230769,0.9892086330935251,285,208,547,275,3,0.3411894480898257,0.3420795919192172
0.23657782178134024,0.43137254901960786,0.5789473684210527,0.34375,0.9892086330935251,286,208,546,275,3,0.3411894480898257,0.3420795919192172
0.2357349453973464,0.4310474755086662,0.5777777777777777,0.34375,0.9892086330935251,286,209,546,275,3,0.3411894480898257,0.3420795919192172
0.23557954135038905,0.4307228915662651,0.5766129032258065,0.34375,0.9892086330935251,286,210,546,275,3,0.3411894480898257,0.3420795919192172
0.2352137861605217,0.43190368698269377,0.5774647887323944,0.3449519230769231,0.9892086330935251,287,210,545,275,3,0.3411894480898257,0.3420795919192172
0.23477140295856147,0.4330827067669173,0.5783132530120482,0.34615384615384615,0.9892086330935251,288,210,544,275,3,0.3411894480898257,0.3420795919192172
0.23454293113704638,0.43425995492111197,0.5791583166332666,0.3473557692307692,0.9892086330935251,289,210,543,275,3,0.3411894480898257,0.3420795919192172
0.23442609640533074,0.4339339339339339,0.578,0.3473557692307692,0.9892086330935251,289,211,543,275,3,0.3411894480898257,0.3420795919192172
0.23439432091087054,0.43360840210052515,0.5768463073852296,0.3473557692307692,0.9892086330935251,289,212,543,275,3,0.3411894480898257,0.3420795919192172
0.233829282545032,0.4332833583208396,0.5756972111553785,0.3473557692307692,0.9892086330935251,289,213,543,275,3,0.3411894480898257,0.3420795919192172
0.2338171960313713,0.4344569288389513,0.5765407554671969,0.3485576923076923,0.9892086330935251,290,213,542,275,3,0.3411894480898257,0.3420795919192172
0.23372283936633664,0.4356287425149701,0.5773809523809523,0.34975961538461536,0.9892086330935251,291,213,541,275,3,0.3411894480898257,0.3420795919192172
0.23350517828447115,0.4367988032909499,0.5782178217821782,0.35096153846153844,0.9892086330935251,292,213,540,275,3,0.3411894480898257,0.3420795919192172
0.23346469779710244,0.43796711509715996,0.5790513833992095,0.35216346153846156,0.9892086330935251,293,213,539,275,3,0.3411894480898257,0.3420795919192172
0.23324170656319532,0.4391336818521285,0.5798816568047337,0.35336538461538464,0.9892086330935251,294,213,538,275,3,0.3411894480898257,0.3420795919192172
0.23310479289090558,0.4388059701492537,0.5787401574803149,0.35336538461538464,0.9892086330935251,294,214,538,275,3,0.3411894480898257,0.3420795919192172
0.23249071272000066,0.4399701715137957,0.5795677799607073,0.3545673076923077,0.9892086330935251,295,214,537,275,3,0.3411894480898257,0.3420795919192172
0.23201461480943986,0.44113263785394935,0.5803921568627451,0.3557692307692308,0.9892086330935251,296,214,536,275,3,0.3411894480898257,0.3420795919192172
0.2316410756857813,0.4422933730454207,0.5812133072407045,0.35697115384615385,0.9892086330935251,297,214,535,275,3,0.3411894480898257,0.3420795919192172
0.23123814114152563,0.44345238095238093,0.58203125,0.3581730769230769,0.9892086330935251,298,214,534,275,3,0.3411894480898257,0.3420795919192172
0.23123143486871478,0.4446096654275093,0.5828460038986355,0.359375,0.9892086330935251,299,214,533,275,3,0.3411894480898257,0.3420795919192172
0.23094134860868687,0.4457652303120357,0.5836575875486382,0.3605769230769231,0.9892086330935251,300,214,532,275,3,0.3411894480898257,0.3420795919192172
0.23088165125304394,0.44543429844098,0.5825242718446602,0.3605769230769231,0.9892086330935251,300,215,532,275,3,0.3411894480898257,0.3420795919192172
0.23064281170863177,0.4465875370919881,0.5833333333333334,0.36177884615384615,0.9892086330935251,301,215,531,275,3,0.3411894480898257,0.3420795919192172
0.2301160122718291,0.4462564862861379,0.5822050290135397,0.36177884615384615,0.9892086330935251,301,216,531,275,3,0.3411894480898257,0.3420795919192172
0.23007235314953633,0.4474074074074074,0.583011583011583,0.3629807692307692,0.9892086330935251,302,216,530,275,3,0.3411894480898257,0.3420795919192172
0.2297398724705254,0.44707623982235384,0.581888246628131,0.3629807692307692,0.9892086330935251,302,217,530,275,3,0.3411894480898257,0.3420795919192172
0.22935951966040646,0.44822485207100593,0.5826923076923077,0.3641826923076923,0.9892086330935251,303,217,529,275,3,0.3411894480898257,0.3420795919192172
0.22902468029004253,0.4493717664449372,0.5834932821497121,0.36538461538461536,0.9892086330935251,304,217,528,275,3,0.3411894480898257,0.3420795919192172
0.22886351377357939,0.44903988183161003,0.5823754789272031,0.36538461538461536,0.9892086330935251,304,218,528,275,3,0.3411894480898257,0.3420795919192172
0.22873353098949845,0.45018450184501846,0.5831739961759083,0.36658653846153844,0.9892086330935251,305,218,527,275,3,0.3411894480898257,0.3420795919192172
0.22866366814014416,0.45132743362831856,0.583969465648855,0.36778846153846156,0.9892086330935251,306,218,526,275,3,0.3411894480898257,0.3420795919192172
0.22804608980651242,0.4509948415622697,0.5828571428571429,0.36778846153846156,0.9892086330935251,306,219,526,275,3,0.3411894480898257,0.3420795919192172
0.2272263783136741,0.4521354933726068,0.5836501901140685,0.36899038461538464,0.9892086330935251,307,219,525,275,3,0.3411894480898257,0.3420795919192172
0.2269537693872663,0.45327446651949965,0.5844402277039848,0.3701923076923077,0.9892086330935251,308,219,524,275,3,0.3411894480898257,0.3420795919192172
0.22694021644717344,0.45441176470588235,0.5852272727272727,0.3713942307692308,0.9892086330935251,309,219,523,275,3,0.3411894480898257,0.3420795919192172
0.22677832162752265,0.45554739162380603,0.5860113421550095,0.37259615384615385,0.9892086330935251,310,219,522,275,3,0.3411894480898257,0.3420795919192172
0.22603334612820714,0.4566813509544787,0.5867924528301887,0.3737980769230769,0.9892086330935251,311,219,521,275,3,0.3411894480898257,0.3420795919192172
0.22572305553446748,0.4578136463683052,0.5875706214689266,0.375,0.9892086330935251,312,219,520,275,3,0.3411894480898257,0.3420795919192172
0.22437555915024432,0.45894428152492667,0.5883458646616542,0.3762019230769231,0.9892086330935251,313,219,519,275,3,0.3411894480898257,0.3420795919192172
0.224006948780491,0.46007326007326005,0.5891181988742964,0.37740384615384615,0.9892086330935251,314,219,518,275,3,0.3411894480898257,0.3420795919192172
0.22357764293599258,0.4612005856515373,0.5898876404494382,0.3786057692307692,0.9892086330935251,315,219,517,275,3,0.3411894480898257,0.3420795919192172
0.22356124321781423,0.46232626188734455,0.5906542056074766,0.3798076923076923,0.9892086330935251,316,219,516,275,3,0.3411894480898257,0.3420795919192172
0.2230713695593901,0.46345029239766083,0.5914179104477612,0.38100961538461536,0.9892086330935251,317,219,515,275,3,0.3411894480898257,0.3420795919192172
0.22239189313425312,0.464572680788897,0.5921787709497207,0.38221153846153844,0.9892086330935251,318,219,514,275,3,0.3411894480898257,0.3420795919192172
0.2221546141248304,0.4656934306569343,0.5929368029739777,0.38341346153846156,0.9892086330935251,319,219,513,275,3,0.3411894480898257,0.3420795919192172
0.22071506658632145,0.4653537563822028,0.5918367346938775,0.38341346153846156,0.9856115107913669,319,220,513,274,4,0.3411894480898257,0.3420795919192172
0.22039374789885824,0.46647230320699706,0.5925925925925926,0.38461538461538464,0.9856115107913669,320,220,512,274,4,0.3411894480898257,0.3420795919192172
0.2196309376927068,0.4675892206846322,0.5933456561922366,0.3858173076923077,0.9856115107913669,321,220,511,274,4,0.3411894480898257,0.3420795919192172
0.21954958450002382,0.4672489082969432,0.5922509225092251,0.3858173076923077,0.9856115107913669,321,221,511,274,4,0.3411894480898257,0.3420795919192172
0.21946791053549808,0.46836363636363637,0.5930018416206262,0.3870192307692308,0.9856115107913669,322,221,510,274,4,0.3411894480898257,0.3420795919192172
0.21946084857973736,0.4694767441860465,0.59375,0.38822115384615385,0.9856115107913669,323,221,509,274,4,0.3411894480898257,0.3420795919192172
0.21924918509862945,0.47058823529411764,0.5944954128440367,0.3894230769230769,0.9856115107913669,324,221,508,274,4,0.3411894480898257,0.3420795919192172
0.21923065239460826,0.4716981132075472,0.5952380952380952,0.390625,0.9856115107913669,325,221,507,274,4,0.3411894480898257,0.3420795919192172
0.21859962625113694,0.47280638143582304,0.5959780621572212,0.3918269230769231,0.9856115107913669,326,221,506,274,4,0.3411894480898257,0.3420795919192172
0.217566663306359,0.47246376811594204,0.5948905109489051,0.3918269230769231,0.9856115107913669,326,222,506,274,4,0.3411894480898257,0.3420795919192172
0.21635044121418923,0.47356987690079655,0.5956284153005464,0.39302884615384615,0.9856115107913669,327,222,505,274,4,0.3411894480898257,0.3420795919192172
0.21497140926348624,0.47467438494934877,0.5963636363636363,0.3942307692307692,0.9856115107913669,328,222,504,274,4,0.3411894480898257,0.3420795919192172
0.21479019299987478,0.4757772957339118,0.5970961887477314,0.3954326923076923,0.9856115107913669,329,222,503,274,4,0.3411894480898257,0.3420795919192172
0.2146022132989429,0.4754335260115607,0.5960144927536232,0.3954326923076923,0.9856115107913669,329,223,503,274,4,0.3411894480898257,0.3420795919192172
0.21450707558453486,0.47653429602888087,0.596745027124774,0.39663461538461536,0.9856115107913669,330,223,502,274,4,0.3411894480898257,0.3420795919192172
0.21407488752193582,0.47763347763347763,0.5974729241877257,0.39783653846153844,0.9856115107913669,331,223,501,274,4,0.3411894480898257,0.3420795919192172
0.2139203869110543,0.4787310742609949,0.5981981981981982,0.39903846153846156,0.9856115107913669,332,223,500,274,4,0.3411894480898257,0.3420795919192172
0.2127837155305854,0.47982708933717577,0.5989208633093526,0.40024038461538464,0.9856115107913669,333,223,499,274,4,0.3411894480898257,0.3420795919192172
0.21264567720889244,0.48092152627789775,0.599640933572711,0.4014423076923077,0.9856115107913669,334,223,498,274,4,0.3411894480898257,0.3420795919192172
0.21123262458884096,0.4805755395683453,0.5985663082437276,0.4014423076923077,0.9856115107913669,334,224,498,274,4,0.3411894480898257,0.3420795919192172
0.21085967940392158,0.4802300503235083,0.5974955277280859,0.4014423076923077,0.9856115107913669,334,225,498,274,4,0.3411894480898257,0.3420795919192172
0.21064775051876994,0.4813218390804598,0.5982142857142857,0.4026442307692308,0.9856115107913669,335,225,497,274,4,0.3411894480898257,0.3420795919192172
0.2101636779889683,0.4824120603015075,0.5989304812834224,0.40384615384615385,0.9856115107913669,336,225,496,274,4,0.3411894480898257,0.3420795919192172
0.21013616805872837,0.48206599713055953,0.597864768683274,0.40384615384615385,0.9856115107913669,336,226,496,274,4,0.3411894480898257,0.3420795919192172
0.20971036628692286,0.4831541218637993,0.5985790408525755,0.4050480769230769,0.9856115107913669,337,226,495,274,4,0.3411894480898257,0.3420795919192172
0.20825268848518452,0.48424068767908307,0.599290780141844,0.40625,0.9856115107913669,338,226,494,274,4,0.3411894480898257,0.3420795919192172
0.2074720861818432,0.4853256979241231,0.6,0.4074519230769231,0.9856115107913669,339,226,493,274,4,0.3411894480898257,0.3420795919192172
0.2066865217317414,0.4864091559370529,0.6007067137809188,0.40865384615384615,0.9856115107913669,340,226,492,274,4,0.3411894480898257,0.3420795919192172
0.20650089980124386,0.4860614724803431,0.599647266313933,0.40865384615384615,0.9856115107913669,340,227,492,274,4,0.3411894480898257,0.3420795919192172
0.20648351931523773,0.4857142857142857,0.5985915492957746,0.40865384615384615,0.9856115107913669,340,228,492,274,4,0.3411894480898257,0.3420795919192172
0.2055785519025265,0.4853675945753034,0.5975395430579965,0.40865384615384615,0.9856115107913669,340,229,492,274,4,0.3411894480898257,0.3420795919192172
0.20523935301260765,0.4864479315263909,0.5982456140350877,0.4098557692307692,0.9856115107913669,341,229,491,274,4,0.3411894480898257,0.3420795919192172
0.20513832386578346,0.48752672843905914,0.5989492119089317,0.4110576923076923,0.9856115107913669,342,229,490,274,4,0.3411894480898257,0.3420795919192172
0.20512610592026304,0.4886039886039886,0.5996503496503497,0.41225961538461536,0.9856115107913669,343,229,489,274,4,0.3411894480898257,0.3420795919192172
0.20380820395886284,0.48825622775800714,0.5986038394415357,0.41225961538461536,0.9856115107913669,343,230,489,274,4,0.3411894480898257,0.3420795919192172
0.20378863347505483,0.4879089615931721,0.5975609756097561,0.41225961538461536,0.9856115107913669,343,231,489,274,4,0.3411894480898257,0.3420795919192172
0.20366598199226016,0.48756218905472637,0.5965217391304348,0.41225961538461536,0.9856115107913669,343,232,489,274,4,0.3411894480898257,0.3420795919192172
0.2029916439503624,0.48863636363636365,0.5972222222222222,0.41346153846153844,0.9856115107913669,344,232,488,274,4,0.3411894480898257,0.3420795919192172
0.20289240886701643,0.48828956706884313,0.5961871750433275,0.41346153846153844,0.9856115107913669,344,233,488,274,4,0.3411894480898257,0.3420795919192172
0.20173022899802062,0.48936170212765956,0.596885813148789,0.41466346153846156,0.9856115107913669,345,233,487,274,4,0.3411894480898257,0.3420795919192172
0.2011413770507542,0.49043231750531535,0.5975820379965457,0.41586538461538464,0.9856115107913669,346,233,486,274,4,0.3411894480898257,0.3420795919192172
0.20082246784704305,0.4915014164305949,0.5982758620689655,0.4170673076923077,0.9856115107913669,347,233,485,274,4,0.3411894480898257,0.3420795919192172
0.20014366330077427,0.49256900212314225,0.5989672977624785,0.4182692307692308,0.9856115107913669,348,233,484,274,4,0.3411894480898257,0.3420795919192172
0.19981724598712214,0.49363507779349364,0.5996563573883161,0.41947115384615385,0.9856115107913669,349,233,483,274,4,0.3411894480898257,0.3420795919192172
0.198409427974776,0.49469964664310956,0.6003430531732419,0.4206730769230769,0.9856115107913669,350,233,482,274,4,0.3411894480898257,0.3420795919192172
0.19740294303255312,0.4957627118644068,0.601027397260274,0.421875,0.9856115107913669,351,233,481,274,4,0.3411894480898257,0.3420795919192172
0.19722351348429623,0.49682427664079043,0.6017094017094017,0.4230769230769231,0.9856115107913669,352,233,480,274,4,0.3411894480898257,0.3420795919192172
0.1957215021714026,0.4978843441466855,0.6023890784982935,0.42427884615384615,0.9856115107913669,353,233,479,274,4,0.3411894480898257,0.3420795919192172
0.19519058943607814,0.4989429175475687,0.6030664395229983,0.4254807692307692,0.9856115107913669,354,233,478,274,4,0.3411894480898257,0.3420795919192172
0.1949344145809241,0.5,0.6037414965986394,0.4266826923076923,0.9856115107913669,355,233,477,274,4,0.3411894480898257,0.3420795919192172
0.1944832086551307,0.5010555946516537,0.6044142614601019,0.42788461538461536,0.9856115107913669,356,233,476,274,4,0.3411894480898257,0.3420795919192172
0.1944096760126688,0.5021097046413502,0.6050847457627119,0.42908653846153844,0.9856115107913669,357,233,475,274,4,0.3411894480898257,0.3420795919192172
0.19428507236267956,0.5031623330990864,0.6057529610829103,0.43028846153846156,0.9856115107913669,358,233,474,274,4,0.3411894480898257,0.3420795919192172
0.1941902729509899,0.5042134831460674,0.606418918918919,0.43149038461538464,0.9856115107913669,359,233,473,274,4,0.3411894480898257,0.3420795919192172
0.19229423798999945,0.5052631578947369,0.6070826306913997,0.4326923076923077,0.9856115107913669,360,233,472,274,4,0.3411894480898257,0.3420795919192172
0.1917162557549178,0.5049088359046283,0.6060606060606061,0.4326923076923077,0.9820143884892086,360,234,472,273,5,0.3411894480898257,0.3420795919192172
0.18940624785670723,0.5045550105115627,0.6050420168067226,0.4326923076923077,0.9784172661870504,360,235,472,272,6,0.3411894480898257,0.3420795919192172
0.18939202418289514,0.5056022408963585,0.6057046979865772,0.4338942307692308,0.9784172661870504,361,235,471,272,6,0.3411894480898257,0.3420795919192172
0.18915241581454767,0.5052484254723583,0.6046901172529313,0.4338942307692308,0.9784172661870504,361,236,471,272,6,0.3411894480898257,0.3420795919192172
0.1889613325103029,0.5062937062937063,0.6053511705685619,0.43509615384615385,0.9784172661870504,362,236,470,272,6,0.3411894480898257,0.3420795919192172
0.18886024530617507,0.5073375262054507,0.6060100166944908,0.4362980769230769,0.9784172661870504,363,236,469,272,6,0.3411894480898257,0.3420795919192172
0.18821709909150397,0.5083798882681564,0.6066666666666667,0.4375,0.9784172661870504,364,236,468,272,6,0.3411894480898257,0.3420795919192172
0.18754302597214556,0.5094207955338451,0.6073211314475874,0.4387019230769231,0.9784172661870504,365,236,467,272,6,0.3411894480898257,0.3420795919192172
0.18747491306825292,0.5104602510460251,0.6079734219269103,0.43990384615384615,0.9784172661870504,366,236,466,272,6,0.3411894480898257,0.3420795919192172
0.18700973276334265,0.5101045296167247,0.6069651741293532,0.43990384615384615,0.9784172661870504,366,237,466,272,6,0.3411894480898257,0.3420795919192172
0.1860263192562066,0.5097493036211699,0.6059602649006622,0.43990384615384615,0.9784172661870504,366,238,466,272,6,0.3411894480898257,0.3420795919192172
0.18597238054879317,0.5093945720250522,0.6049586776859505,0.43990384615384615,0.9784172661870504,366,239,466,272,6,0.3411894480898257,0.3420795919192172
0.18577430378965187,0.5104311543810849,0.6056105610561056,0.4411057692307692,0.9784172661870504,367,239,465,272,6,0.3411894480898257,0.3420795919192172
0.18547545582971248,0.5114662960389159,0.6062602965403624,0.4423076923076923,0.9784172661870504,368,239,464,272,6,0.3411894480898257,0.3420795919192172
0.18467012014084028,0.5125,0.6069078947368421,0.44350961538461536,0.9784172661870504,369,239,463,272,6,0.3411894480898257,0.3420795919192172
0.18285926027977506,0.5135322692574601,0.6075533661740559,0.44471153846153844,0.9784172661870504,370,239,462,272,6,0.3411894480898257,0.3420795919192172
0.18277222945905636,0.5145631067961165,0.6081967213114754,0.44591346153846156,0.9784172661870504,371,239,461,272,6,0.3411894480898257,0.3420795919192172
0.18174289041243763,0.5155925155925156,0.6088379705400983,0.44711538461538464,0.9784172661870504,372,239,460,272,6,0.3411894480898257,0.3420795919192172
0.18165766021253515,0.5166204986149584,0.6094771241830066,0.4483173076923077,0.9784172661870504,373,239,459,272,6,0.3411894480898257,0.3420795919192172
0.18152850534338616,0.5176470588235295,0.6101141924959217,0.4495192307692308,0.9784172661870504,374,239,458,272,6,0.3411894480898257,0.3420795919192172
0.18078654348830447,0.5186721991701245,0.6107491856677525,0.45072115384615385,0.9784172661870504,375,239,457,272,6,0.3411894480898257,0.3420795919192172
0.17954968709860697,0.5196959225984796,0.6113821138211382,0.4519230769230769,0.9784172661870504,376,239,456,272,6,0.3411894480898257,0.3420795919192172
0.1785125847131579,0.5207182320441989,0.612012987012987,0.453125,0.9784172661870504,377,239,455,272,6,0.3411894480898257,0.3420795919192172
0.17774264424969932,0.5217391304347826,0.6126418152350082,0.4543269230769231,0.9784172661870504,378,239,454,272,6,0.3411894480898257,0.3420795919192172
0.17698442227468303,0.5227586206896552,0.6132686084142395,0.45552884615384615,0.9784172661870504,379,239,453,272,6,0.3411894480898257,0.3420795919192172
0.17677786421172892,0.5223983459682977,0.6122778675282714,0.45552884615384615,0.9784172661870504,379,240,453,272,6,0.3411894480898257,0.3420795919192172
0.17592055945073426,0.5234159779614325,0.6129032258064516,0.4567307692307692,0.9784172661870504,380,240,452,272,6,0.3411894480898257,0.3420795919192172
0.17492779679270698,0.5230557467309016,0.6119162640901772,0.4567307692307692,0.9748201438848921,380,241,452,271,7,0.3411894480898257,0.3420795919192172
0.17466924163129527,0.5226960110041265,0.6109324758842444,0.4567307692307692,0.9712230215827338,380,242,452,270,8,0.3411894480898257,0.3420795919192172
0.17458888731369138,0.5237113402061856,0.6115569823434992,0.4579326923076923,0.9712230215827338,381,242,451,270,8,0.3411894480898257,0.3420795919192172
0.1745505206378174,0.5247252747252747,0.6121794871794872,0.45913461538461536,0.9712230215827338,382,242,450,270,8,0.3411894480898257,0.3420795919192172
0.17449783988104584,0.5243651338366506,0.6112,0.45913461538461536,0.9676258992805755,382,243,450,269,9,0.3411894480898257,0.3420795919192172
0.17438086895405625,0.5253772290809328,0.6118210862619808,0.46033653846153844,0.9676258992805755,383,243,449,269,9,0.3411894480898257,0.3420795919192172
0.17396712793552238,0.5263879369431117,0.6124401913875598,0.46153846153846156,0.9676258992805755,384,243,448,269,9,0.3411894480898257,0.3420795919192172
0.17261112566103887,0.5273972602739726,0.6130573248407644,0.46274038461538464,0.9676258992805755,385,243,447,269,9,0.3411894480898257,0.3420795919192172
0.1725173396527412,0.5284052019164955,0.6136724960254372,0.4639423076923077,0.9676258992805755,386,243,446,269,9,0.3411894480898257,0.3420795919192172
0.1723515063104717,0.5294117647058824,0.6142857142857143,0.4651442307692308,0.9676258992805755,387,243,445,269,9,0.3411894480898257,0.3420795919192172
0.17178325410922168,0.5290498974709501,0.6133122028526149,0.4651442307692308,0.9676258992805755,387,244,445,269,9,0.3411894480898257,0.3420795919192172
0.17132676329885743,0.5300546448087432,0.6139240506329114,0.46634615384615385,0.9676258992805755,388,244,444,269,9,0.3411894480898257,0.3420795919192172
0.17087396568220725,0.5296928327645051,0.6129541864139021,0.46634615384615385,0.9640287769784173,388,245,444,268,10,0.3411894480898257,0.3420795919192172
0.17058719683888057,0.529331514324693,0.61198738170347,0.46634615384615385,0.960431654676259,388,246,444,267,11,0.3411894480898257,0.3420795919192172
0.16996086613150152,0.5303340149965917,0.6125984251968504,0.4675480769230769,0.960431654676259,389,246,443,267,11,0.3411894480898257,0.3420795919192172
0.16986163334690807,0.5313351498637602,0.6132075471698113,0.46875,0.960431654676259,390,246,442,267,11,0.3411894480898257,0.3420795919192172
0.16957903413413178,0.5323349217154527,0.6138147566718996,0.4699519230769231,0.960431654676259,391,246,441,267,11,0.3411894480898257,0.3420795919192172
0.16936382512476944,0.5333333333333333,0.6144200626959248,0.47115384615384615,0.960431654676259,392,246,440,267,11,0.3411894480898257,0.3420795919192172
0.16871377627795148,0.5343303874915024,0.6150234741784038,0.4723557692307692,0.960431654676259,393,246,439,267,11,0.3411894480898257,0.3420795919192172
0.1684752834072839,0.5339673913043478,0.6140625,0.4723557692307692,0.960431654676259,393,247,439,267,11,0.3411894480898257,0.3420795919192172
0.16841051534722873,0.5336048879837068,0.6131045241809673,0.4723557692307692,0.9568345323741008,393,248,439,266,12,0.3411894480898257,0.3420795919192172
0.16796160105038915,0.5332428765264586,0.6121495327102804,0.4723557692307692,0.9532374100719424,393,249,439,265,13,0.3411894480898257,0.3420795919192172
0.16777363271819645,0.5328813559322034,0.6111975116640747,0.4723557692307692,0.9532374100719424,393,250,439,265,13,0.3411894480898257,0.3420795919192172
0.16767826474414904,0.532520325203252,0.610248447204969,0.4723557692307692,0.9532374100719424,393,251,439,265,13,0.3411894480898257,0.3420795919192172
0.16715271147749866,0.5335138794854435,0.6108527131782946,0.4735576923076923,0.9532374100719424,394,251,438,265,13,0.3411894480898257,0.3420795919192172
0.16601574901960692,0.5345060893098782,0.6114551083591331,0.47475961538461536,0.9532374100719424,395,251,437,265,13,0.3411894480898257,0.3420795919192172
0.16542334111073675,0.5341446923597025,0.6105100463678517,0.47475961538461536,0.9532374100719424,395,252,437,265,13,0.3411894480898257,0.3420795919192172
0.16521809388641362,0.5337837837837838,0.6095679012345679,0.47475961538461536,0.9496402877697842,395,253,437,264,14,0.3411894480898257,0.3420795919192172
0.16376680395781174,0.5347738014854828,0.6101694915254238,0.47596153846153844,0.9496402877697842,396,253,436,264,14,0.3411894480898257,0.3420795919192172
0.16300534390360488,0.5357624831309041,0.6107692307692307,0.47716346153846156,0.9496402877697842,397,253,435,264,14,0.3411894480898257,0.3420795919192172
0.16235216966171706,0.5367498314227916,0.6113671274961597,0.47836538461538464,0.9496402877697842,398,253,434,264,14,0.3411894480898257,0.3420795919192172
0.16198759669519847,0.5377358490566038,0.6119631901840491,0.4795673076923077,0.9496402877697842,399,253,433,264,14,0.3411894480898257,0.3420795919192172
0.1615962563021538,0.5387205387205387,0.6125574272588055,0.4807692307692308,0.9496402877697842,400,253,432,264,14,0.3411894480898257,0.3420795919192172
0.16131200106470744,0.5397039030955586,0.6131498470948012,0.48197115384615385,0.9496402877697842,401,253,431,264,14,0.3411894480898257,0.3420795919192172
0.16126157950640818,0.539340954942838,0.6122137404580152,0.48197115384615385,0.9496402877697842,401,254,431,264,14,0.3411894480898257,0.3420795919192172
0.1607494776489089,0.5403225806451613,0.6128048780487805,0.4831730769230769,0.9496402877697842,402,254,430,264,14,0.3411894480898257,0.3420795919192172
0.16056419906971375,0.5413028878441908,0.6133942161339422,0.484375,0.9496402877697842,403,254,429,264,14,0.3411894480898257,0.3420795919192172
0.15994706009095339,0.5422818791946309,0.6139817629179332,0.4855769230769231,0.9496402877697842,404,254,428,264,14,0.3411894480898257,0.3420795919192172
0.15956938850061286,0.5419181757209927,0.6130500758725341,0.4855769230769231,0.9496402877697842,404,255,428,264,14,0.3411894480898257,0.3420795919192172
0.1595257689433366,0.5415549597855228,0.6121212121212121,0.4855769230769231,0.9496402877697842,404,256,428,264,14,0.3411894480898257,0.3420795919192172
0.15920534738663006,0.5411922304085733,0.6111951588502269,0.4855769230769231,0.9496402877697842,404,257,428,264,14,0.3411894480898257,0.3420795919192172
0.15813509430011163,0.5421686746987951,0.6117824773413897,0.48677884615384615,0.9496402877697842,405,257,427,264,14,0.3411894480898257,0.3420795919192172
0.15799221264493468,0.5431438127090301,0.6123680241327301,0.4879807692307692,0.9496402877697842,406,257,426,264,14,0.3411894480898257,0.3420795919192172
0.15768184698431675,0.5427807486631016,0.6114457831325302,0.4879807692307692,0.9496402877697842,406,258,426,264,14,0.3411894480898257,0.3420795919192172
0.15710212681864277,0.5437541750167001,0.6120300751879699,0.4891826923076923,0.9496402877697842,407,258,425,264,14,0.3411894480898257,0.3420795919192172
0.15490404879553143,0.5447263017356475,0.6126126126126126,0.49038461538461536,0.9496402877697842,408,258,424,264,14,0.3411894480898257,0.3420795919192172
0.15450356145793975,0.5456971314209473,0.6131934032983508,0.49158653846153844,0.9496402877697842,409,258,423,264,14,0.3411894480898257,0.3420795919192172
0.15423384965271825,0.5453333333333333,0.6122754491017964,0.49158653846153844,0.9496402877697842,409,259,423,264,14,0.3411894480898257,0.3420795919192172
0.15387287962510288,0.5463024650233178,0.6128550074738416,0.49278846153846156,0.9496402877697842,410,259,422,264,14,0.3411894480898257,0.3420795919192172
0.1534003173310624,0.5459387483355526,0.6119402985074627,0.49278846153846156,0.9496402877697842,410,260,422,264,14,0.3411894480898257,0.3420795919192172
0.15320552178676317,0.5469061876247505,0.6125186289120715,0.49399038461538464,0.9496402877697842,411,260,421,264,14,0.3411894480898257,0.3420795919192172
0.15224517547167826,0.5478723404255319,0.6130952380952381,0.4951923076923077,0.9496402877697842,412,260,420,264,14,0.3411894480898257,0.3420795919192172
0.15044493622810307,0.5488372093023256,0.6136701337295691,0.4963942307692308,0.9496402877697842,413,260,419,264,14,0.3411894480898257,0.3420795919192172
0.14995867599196755,0.549800796812749,0.6142433234421365,0.49759615384615385,0.9496402877697842,414,260,418,264,14,0.3411894480898257,0.3420795919192172
0.1495384339834276,0.5507631055076311,0.6148148148148148,0.4987980769230769,0.9496402877697842,415,260,417,264,14,0.3411894480898257,0.3420795919192172
0.14890209540816024,0.5503978779840849,0.613905325443787,0.4987980769230769,0.9496402877697842,415,261,417,264,14,0.3411894480898257,0.3420795919192172
0.14859066939481935,0.5513585155732273,0.6144756277695717,0.5,0.9496402877697842,416,261,416,264,14,0.3411894480898257,0.3420795919192172
0.14849476261501082,0.552317880794702,0.6150442477876106,0.5012019230769231,0.9496402877697842,417,261,415,264,14,0.3411894480898257,0.3420795919192172
0.14832201221361258,0.5519523494374586,0.614138438880707,0.5012019230769231,0.9496402877697842,417,262,415,264,14,0.3411894480898257,0.3420795919192172
0.147836248853348,0.5529100529100529,0.6147058823529412,0.5024038461538461,0.9496402877697842,418,262,414,264,14,0.3411894480898257,0.3420795919192172
0.14743576770276345,0.5538664904163912,0.6152716593245228,0.5036057692307693,0.9496402877697842,419,262,413,264,14,0.3411894480898257,0.3420795919192172
0.14658030710242365,0.5535006605019815,0.6143695014662757,0.5036057692307693,0.9460431654676259,419,263,413,263,15,0.3411894480898257,0.3420795919192172
0.14618913966180813,0.5544554455445545,0.6149341142020498,0.5048076923076923,0.9460431654676259,420,263,412,263,15,0.3411894480898257,0.3420795919192172
0.14607397401510502,0.5554089709762533,0.6154970760233918,0.5060096153846154,0.9460431654676259,421,263,411,263,15,0.3411894480898257,0.3420795919192172
0.1458024078965683,0.5563612392880686,0.6160583941605839,0.5072115384615384,0.9460431654676259,422,263,410,263,15,0.3411894480898257,0.3420795919192172
0.14530549896080935,0.5573122529644269,0.6166180758017493,0.5084134615384616,0.9460431654676259,423,263,409,263,15,0.3411894480898257,0.3420795919192172
0.14515425886473476,0.5569453587886768,0.6157205240174672,0.5084134615384616,0.9424460431654677,423,264,409,262,16,0.3411894480898257,0.3420795919192172
0.14397008321804883,0.5565789473684211,0.6148255813953488,0.5084134615384616,0.9424460431654677,423,265,409,262,16,0.3411894480898257,0.3420795919192172
0.14370912354388132,0.5575279421433268,0.6153846153846154,0.5096153846153846,0.9424460431654677,424,265,408,262,16,0.3411894480898257,0.3420795919192172
0.14345267202531453,0.557161629434954,0.6144927536231884,0.5096153846153846,0.9424460431654677,424,266,408,262,16,0.3411894480898257,0.3420795919192172
0.14320040614844376,0.5581089954038083,0.6150506512301013,0.5108173076923077,0.9424460431654677,425,266,407,262,16,0.3411894480898257,0.3420795919192172
0.14271117528508637,0.5577427821522309,0.6141618497109826,0.5108173076923077,0.9424460431654677,425,267,407,262,16,0.3411894480898257,0.3420795919192172
0.14264296454787884,0.5586885245901639,0.6147186147186147,0.5120192307692307,0.9424460431654677,426,267,406,262,16,0.3411894480898257,0.3420795919192172
0.1419765398625945,0.5596330275229358,0.6152737752161384,0.5132211538461539,0.9424460431654677,427,267,405,262,16,0.3411894480898257,0.3420795919192172
0.1411039286138298,0.5605762933857237,0.6158273381294964,0.5144230769230769,0.9424460431654677,428,267,404,262,16,0.3411894480898257,0.3420795919192172
0.14067466343558888,0.5615183246073299,0.6163793103448276,0.515625,0.9424460431654677,429,267,403,262,16,0.3411894480898257,0.3420795919192172
0.14064206801541623,0.5624591236102028,0.6169296987087518,0.5168269230769231,0.9424460431654677,430,267,402,262,16,0.3411894480898257,0.3420795919192172
0.14048163436752803,0.5633986928104575,0.6174785100286533,0.5180288461538461,0.9424460431654677,431,267,401,262,16,0.3411894480898257,0.3420795919192172
0.13963324621389617,0.5630306988896147,0.6165951359084406,0.5180288461538461,0.9424460431654677,431,268,401,262,16,0.3411894480898257,0.3420795919192172
0.13933358568385146,0.5639686684073107,0.6171428571428571,0.5192307692307693,0.9424460431654677,432,268,400,262,16,0.3411894480898257,0.3420795919192172
0.13932249617518877,0.5649054142204827,0.6176890156918687,0.5204326923076923,0.9424460431654677,433,268,399,262,16,0.3411894480898257,0.3420795919192172
0.13915997514769696,0.5658409387222947,0.6182336182336182,0.5216346153846154,0.9424460431654677,434,268,398,262,16,0.3411894480898257,0.3420795919192172
0.1388519613995487,0.5654723127035831,0.6173541963015647,0.5216346153846154,0.9424460431654677,434,269,398,262,16,0.3411894480898257,0.3420795919192172
0.13851229699355505,0.56640625,0.6178977272727273,0.5228365384615384,0.9424460431654677,435,269,397,262,16,0.3411894480898257,0.3420795919192172
0.13765366227245424,0.5673389720234222,0.6184397163120567,0.5240384615384616,0.9424460431654677,436,269,396,262,16,0.3411894480898257,0.3420795919192172
0.13727287723641945,0.5669700910273082,0.6175637393767706,0.5240384615384616,0.9424460431654677,436,270,396,262,16,0.3411894480898257,0.3420795919192172
0.13700063889734793,0.5679012345679012,0.6181046676096181,0.5252403846153846,0.9424460431654677,437,270,395,262,16,0.3411894480898257,0.3420795919192172
0.13642401918807479,0.5675324675324676,0.617231638418079,0.5252403846153846,0.9388489208633094,437,271,395,261,17,0.3411894480898257,0.3420795919192172
0.13639136270402974,0.5671641791044776,0.616361071932299,0.5252403846153846,0.9388489208633094,437,272,395,261,17,0.3411894480898257,0.3420795919192172
0.13632610318087313,0.5667963683527886,0.6154929577464788,0.5252403846153846,0.935251798561151,437,273,395,260,18,0.3411894480898257,0.3420795919192172
0.13520619795655198,0.5677252106286454,0.6160337552742616,0.5264423076923077,0.935251798561151,438,273,394,260,18,0.3411894480898257,0.3420795919192172
0.13371130910517703,0.5673575129533679,0.6151685393258427,0.5264423076923077,0.935251798561151,438,274,394,260,18,0.3411894480898257,0.3420795919192172
0.13334122035117824,0.566990291262136,0.6143057503506312,0.5264423076923077,0.935251798561151,438,275,394,260,18,0.3411894480898257,0.3420795919192172
0.13242522733402007,0.5666235446313066,0.6134453781512605,0.5264423076923077,0.935251798561151,438,276,394,260,18,0.3411894480898257,0.3420795919192172
0.13104111101742522,0.5662572721396251,0.6125874125874126,0.5264423076923077,0.935251798561151,438,277,394,260,18,0.3411894480898257,0.3420795919192172
0.13047331391612593,0.5671834625322998,0.6131284916201117,0.5276442307692307,0.935251798561151,439,277,393,260,18,0.3411894480898257,0.3420795919192172
0.1301646926616702,0.5681084570690769,0.6136680613668062,0.5288461538461539,0.935251798561151,440,277,392,260,18,0.3411894480898257,0.3420795919192172
0.1295916813586213,0.5690322580645162,0.6142061281337048,0.5300480769230769,0.935251798561151,441,277,391,260,18,0.3411894480898257,0.3420795919192172
0.12944261308171867,0.5699548678272083,0.6147426981919333,0.53125,0.935251798561151,442,277,390,260,18,0.3411894480898257,0.3420795919192172
0.12925663780992902,0.5695876288659794,0.6138888888888889,0.53125,0.935251798561151,442,278,390,260,18,0.3411894480898257,0.3420795919192172
0.12901584145260592,0.5692208628461043,0.6130374479889042,0.53125,0.9316546762589928,442,279,390,259,19,0.3411894480898257,0.3420795919192172
0.12885198123307762,0.5701415701415702,0.6135734072022161,0.5324519230769231,0.9316546762589928,443,279,389,259,19,0.3411894480898257,0.3420795919192172
0.12870793556194093,0.569774919614148,0.6127247579529738,0.5324519230769231,0.9316546762589928,443,280,389,259,19,0.3411894480898257,0.3420795919192172
0.12827761800522264,0.5694087403598972,0.611878453038674,0.5324519230769231,0.9316546762589928,443,281,389,259,19,0.3411894480898257,0.3420795919192172
0.12804204883628978,0.5703275529865125,0.6124137931034482,0.5336538461538461,0.9316546762589928,444,281,388,259,19,0.3411894480898257,0.3420795919192172
0.1276675891763026,0.5699614890885751,0.6115702479338843,0.5336538461538461,0.9316546762589928,444,282,388,259,19,0.3411894480898257,0.3420795919192172
0.12692621702142393,0.5708787684413086,0.6121045392022009,0.5348557692307693,0.9316546762589928,445,282,387,259,19,0.3411894480898257,0.3420795919192172
0.12651706746909896,0.5717948717948718,0.6126373626373627,0.5360576923076923,0.9316546762589928,446,282,386,259,19,0.3411894480898257,0.3420795919192172
0.12568301564822765,0.5714285714285714,0.6117969821673526,0.5360576923076923,0.9316546762589928,446,283,386,259,19,0.3411894480898257,0.3420795919192172
0.12537688666828484,0.5723431498079385,0.6123287671232877,0.5372596153846154,0.9316546762589928,447,283,385,259,19,0.3411894480898257,0.3420795919192172
0.12484458320743896,0.5719769673704415,0.6114911080711354,0.5372596153846154,0.9280575539568345,447,284,385,258,20,0.3411894480898257,0.3420795919192172
0.12476834953707039,0.571611253196931,0.610655737704918,0.5372596153846154,0.9244604316546763,447,285,385,257,21,0.3411894480898257,0.3420795919192172
0.12474300938586702,0.5725239616613419,0.6111869031377899,0.5384615384615384,0.9244604316546763,448,285,384,257,21,0.3411894480898257,0.3420795919192172
0.12461167593029421,0.5734355044699873,0.611716621253406,0.5396634615384616,0.9244604316546763,449,285,383,257,21,0.3411894480898257,0.3420795919192172
0.12452164532732679,0.5730695596681558,0.6108843537414966,0.5396634615384616,0.9244604316546763,449,286,383,257,21,0.3411894480898257,0.3420795919192172
0.12442324181003006,0.5739795918367347,0.6114130434782609,0.5408653846153846,0.9244604316546763,450,286,382,257,21,0.3411894480898257,0.3420795919192172
0.12302218710609103,0.5736137667304015,0.6105834464043419,0.5408653846153846,0.9244604316546763,450,287,382,257,21,0.3411894480898257,0.3420795919192172
0.12300212803012633,0.5745222929936306,0.6111111111111112,0.5420673076923077,0.9244604316546763,451,287,381,257,21,0.3411894480898257,0.3420795919192172
0.12290673013011277,0.5741565881604074,0.6102841677943166,0.5420673076923077,0.9244604316546763,451,288,381,257,21,0.3411894480898257,0.3420795919192172
0.12169850263689619,0.5750636132315522,0.6108108108108108,0.5432692307692307,0.9244604316546763,452,288,380,257,21,0.3411894480898257,0.3420795919192172
0.12080735465247372,0.5759694850603941,0.611336032388664,0.5444711538461539,0.9244604316546763,453,288,379,257,21,0.3411894480898257,0.3420795919192172
0.1205359420394796,0.576874205844981,0.6118598382749326,0.5456730769230769,0.9244604316546763,454,288,378,257,21,0.3411894480898257,0.3420795919192172
0.11998699126842194,0.5765079365079365,0.6110363391655451,0.5456730769230769,0.9244604316546763,454,289,378,257,21,0.3411894480898257,0.3420795919192172
0.11979354836654199,0.5774111675126904,0.6115591397849462,0.546875,0.9244604316546763,455,289,377,257,21,0.3411894480898257,0.3420795919192172
0.11826584592279565,0.5770450221940393,0.610738255033557,0.546875,0.920863309352518,455,290,377,256,22,0.3411894480898257,0.3420795919192172
0.11804635026406896,0.5766793409378961,0.6099195710455764,0.546875,0.920863309352518,455,291,377,256,22,0.3411894480898257,0.3420795919192172
0.11770526468306808,0.5763141228625712,0.6091030789825971,0.546875,0.9172661870503597,455,292,377,255,23,0.3411894480898257,0.3420795919192172
0.11736227123583509,0.5759493670886076,0.6082887700534759,0.546875,0.9136690647482014,455,293,377,254,24,0.3411894480898257,0.3420795919192172
0.11702744345224858,0.5768500948766604,0.6088117489986649,0.5480769230769231,0.9136690647482014,456,293,376,254,24,0.3411894480898257,0.3420795919192172
0.1162876322166958,0.5777496839443742,0.6093333333333333,0.5492788461538461,0.9136690647482014,457,293,375,254,24,0.3411894480898257,0.3420795919192172
0.1141593463155055,0.5773847125710676,0.6085219707057257,0.5492788461538461,0.9100719424460432,457,294,375,253,25,0.3411894480898257,0.3420795919192172
0.1130365135750806,0.577020202020202,0.6077127659574468,0.5492788461538461,0.9064748201438849,457,295,375,252,26,0.3411894480898257,0.3420795919192172
0.11063611798397921,0.5779179810725552,0.6082337317397079,0.5504807692307693,0.9064748201438849,458,295,374,252,26,0.3411894480898257,0.3420795919192172
0.10970142145576545,0.5775535939470365,0.6074270557029178,0.5504807692307693,0.9064748201438849,458,296,374,252,26,0.3411894480898257,0.3420795919192172
0.10952842383325945,0.5784499054820416,0.6079470198675496,0.5516826923076923,0.9064748201438849,459,296,373,252,26,0.3411894480898257,0.3420795919192172
0.10951020269028017,0.5780856423173804,0.6071428571428571,0.5516826923076923,0.9028776978417267,459,297,373,251,27,0.3411894480898257,0.3420795919192172
0.10915884588418578,0.5777218376337319,0.6063408190224571,0.5516826923076923,0.8992805755395683,459,298,373,250,28,0.3411894480898257,0.3420795919192172
0.10870544120458725,0.5773584905660377,0.6055408970976254,0.5516826923076923,0.8992805755395683,459,299,373,250,28,0.3411894480898257,0.3420795919192172
0.10677722577680937,0.5769956002514142,0.6047430830039525,0.5516826923076923,0.89568345323741,459,300,373,249,29,0.3411894480898257,0.3420795919192172
0.1058146803202007,0.5766331658291457,0.6039473684210527,0.5516826923076923,0.89568345323741,459,301,373,249,29,0.3411894480898257,0.3420795919192172
0.10576072631661321,0.576271186440678,0.6031537450722734,0.5516826923076923,0.89568345323741,459,302,373,249,29,0.3411894480898257,0.3420795919192172
0.1057177053232854,0.5771643663739021,0.6036745406824147,0.5528846153846154,0.89568345323741,460,302,372,249,29,0.3411894480898257,0.3420795919192172
0.10514732407146149,0.5768025078369906,0.6028833551769331,0.5528846153846154,0.8920863309352518,460,303,372,248,30,0.3411894480898257,0.3420795919192172
0.10362432372950436,0.5776942355889725,0.6034031413612565,0.5540865384615384,0.8920863309352518,461,303,371,248,30,0.3411894480898257,0.3420795919192172
0.10344076695560589,0.5785848465873513,0.6039215686274509,0.5552884615384616,0.8920863309352518,462,303,370,248,30,0.3411894480898257,0.3420795919192172
0.10293650153453399,0.5782227784730913,0.6031331592689295,0.5552884615384616,0.8884892086330936,462,304,370,247,31,0.3411894480898257,0.3420795919192172
0.10288522628454921,0.5791119449656035,0.6036505867014341,0.5564903846153846,0.8884892086330936,463,304,369,247,31,0.3411894480898257,0.3420795919192172
0.10245067301112593,0.57875,0.6028645833333334,0.5564903846153846,0.8848920863309353,463,305,369,246,32,0.3411894480898257,0.3420795919192172
0.10093190748297676,0.5783885071830106,0.6020806241872562,0.5564903846153846,0.8812949640287769,463,306,369,245,33,0.3411894480898257,0.3420795919192172
0.10091354768749428,0.5792759051186017,0.6025974025974026,0.5576923076923077,0.8812949640287769,464,306,368,245,33,0.3411894480898257,0.3420795919192172
0.10072875068851894,0.578914535246413,0.6018158236057068,0.5576923076923077,0.8812949640287769,464,307,368,245,33,0.3411894480898257,0.3420795919192172
0.10064900910295038,0.5798004987531172,0.6023316062176166,0.5588942307692307,0.8812949640287769,465,307,367,245,33,0.3411894480898257,0.3420795919192172
0.10062914302956893,0.5794392523364486,0.6015523932729625,0.5588942307692307,0.8812949640287769,465,308,367,245,33,0.3411894480898257,0.3420795919192172
0.09927188388482033,0.5790784557907845,0.6007751937984496,0.5588942307692307,0.8812949640287769,465,309,367,245,33,0.3411894480898257,0.3420795919192172
0.0981891974811207,0.5787181082762912,0.6,0.5588942307692307,0.8776978417266187,465,310,367,244,34,0.3411894480898257,0.3420795919192172
0.09816019062968773,0.5796019900497512,0.6005154639175257,0.5600961538461539,0.8776978417266187,466,310,366,244,34,0.3411894480898257,0.3420795919192172
0.09776087186794824,0.5804847731510255,0.601029601029601,0.5612980769230769,0.8776978417266187,467,310,365,244,34,0.3411894480898257,0.3420795919192172
0.09697428584465506,0.5813664596273292,0.6015424164524421,0.5625,0.8776978417266187,468,310,364,244,34,0.3411894480898257,0.3420795919192172
0.09642674176300098,0.5810055865921788,0.6007702182284981,0.5625,0.8741007194244604,468,311,364,243,35,0.3411894480898257,0.3420795919192172
0.09619857932426956,0.5806451612903226,0.6,0.5625,0.8741007194244604,468,312,364,243,35,0.3411894480898257,0.3420795919192172
0.09571375723272069,0.5815251084934904,0.6005121638924455,0.5637019230769231,0.8741007194244604,469,312,363,243,35,0.3411894480898257,0.3420795919192172
0.09448036272712457,0.5824039653035935,0.6010230179028133,0.5649038461538461,0.8741007194244604,470,312,362,243,35,0.3411894480898257,0.3420795919192172
0.09430921801096859,0.5820433436532507,0.6002554278416348,0.5649038461538461,0.8705035971223022,470,313,362,242,36,0.3411894480898257,0.3420795919192172
0.09410254880169255,0.5816831683168316,0.5994897959183674,0.5649038461538461,0.8705035971223022,470,314,362,242,36,0.3411894480898257,0.3420795919192172
0.09144955585270748,0.5813234384662956,0.5987261146496815,0.5649038461538461,0.8669064748201439,470,315,362,241,37,0.3411894480898257,0.3420795919192172
0.09054311437106899,0.580964153275649,0.5979643765903307,0.5649038461538461,0.8633093525179856,470,316,362,240,38,0.3411894480898257,0.3420795919192172
0.09047003592421021,0.5806053119209389,0.5972045743329097,0.5649038461538461,0.8597122302158273,470,317,362,239,39,0.3411894480898257,0.3420795919192172
0.08998547210484231,0.5814814814814815,0.5977157360406091,0.5661057692307693,0.8597122302158273,471,317,361,239,39,0.3411894480898257,0.3420795919192172
0.0898756781489286,0.581122763726095,0.596958174904943,0.5661057692307693,0.8561151079136691,471,318,361,238,40,0.3411894480898257,0.3420795919192172
0.0887009348135337,0.5807644882860666,0.5962025316455696,0.5661057692307693,0.8561151079136691,471,319,361,238,40,0.3411894480898257,0.3420795919192172
0.08835640127258537,0.5816389402341343,0.5967130214917825,0.5673076923076923,0.8561151079136691,472,319,360,238,40,0.3411894480898257,0.3420795919192172
0.08742690585799451,0.5825123152709359,0.5972222222222222,0.5685096153846154,0.8561151079136691,473,319,359,238,40,0.3411894480898257,0.3420795919192172
0.0867364110864205,0.5821538461538461,0.5964691046658259,0.5685096153846154,0.8525179856115108,473,320,359,237,41,0.3411894480898257,0.3420795919192172
0.0861450648129568,0.5817958179581796,0.5957178841309824,0.5685096153846154,0.8489208633093526,473,321,359,236,42,0.3411894480898257,0.3420795919192172
0.08569328068907467,0.5814382298709281,0.5949685534591195,0.5685096153846154,0.8453237410071942,473,322,359,235,43,0.3411894480898257,0.3420795919192172
0.08473505117448965,0.581081081081081,0.5942211055276382,0.5685096153846154,0.8453237410071942,473,323,359,235,43,0.3411894480898257,0.3420795919192172
0.08473313703133983,0.5807243707796194,0.5934755332496863,0.5685096153846154,0.841726618705036,473,324,359,234,44,0.3411894480898257,0.3420795919192172
0.08435554525001038,0.5803680981595092,0.5927318295739349,0.5685096153846154,0.8381294964028777,473,325,359,233,45,0.3411894480898257,0.3420795919192172
0.08406909204176827,0.5812385039852851,0.5932415519399249,0.5697115384615384,0.8381294964028777,474,325,358,233,45,0.3411894480898257,0.3420795919192172
0.08400982720819483,0.5808823529411765,0.5925,0.5697115384615384,0.8345323741007195,474,326,358,232,46,0.3411894480898257,0.3420795919192172
0.08249705746162928,0.580526638089406,0.5917602996254682,0.5697115384615384,0.8345323741007195,474,327,358,232,46,0.3411894480898257,0.3420795919192172
0.08223959860026175,0.5801713586291309,0.5910224438902744,0.5697115384615384,0.8309352517985612,474,328,358,231,47,0.3411894480898257,0.3420795919192172
0.08127265013662377,0.5798165137614679,0.5902864259028643,0.5697115384615384,0.8273381294964028,474,329,358,230,48,0.3411894480898257,0.3420795919192172
0.08074276186953455,0.5794621026894865,0.5895522388059702,0.5697115384615384,0.8237410071942446,474,330,358,229,49,0.3411894480898257,0.3420795919192172
0.0806546937818301,0.579108124618204,0.5888198757763975,0.5697115384615384,0.8201438848920863,474,331,358,228,50,0.3411894480898257,0.3420795919192172
0.078470653767867,0.57997557997558,0.5893300248138957,0.5709134615384616,0.8201438848920863,475,331,357,228,50,0.3411894480898257,0.3420795919192172
0.07812095027829247,0.5808419768151312,0.5898389095415117,0.5721153846153846,0.8201438848920863,476,331,356,228,50,0.3411894480898257,0.3420795919192172
0.07736960460382275,0.5804878048780487,0.5891089108910891,0.5721153846153846,0.8165467625899281,476,332,356,227,51,0.3411894480898257,0.3420795919192172
0.07650747667215552,0.5801340645947592,0.588380716934487,0.5721153846153846,0.8129496402877698,476,333,356,226,52,0.3411894480898257,0.3420795919192172
0.07643425133528026,0.5809987819732034,0.5888888888888889,0.5733173076923077,0.8129496402877698,477,333,355,226,52,0.3411894480898257,0.3420795919192172
0.07562626086452973,0.5806451612903226,0.5881627620221949,0.5733173076923077,0.8093525179856115,477,334,355,225,53,0.3411894480898257,0.3420795919192172
0.07521255530677673,0.5802919708029197,0.5874384236453202,0.5733173076923077,0.8093525179856115,477,335,355,225,53,0.3411894480898257,0.3420795919192172
0.07510562724070019,0.5799392097264437,0.5867158671586716,0.5733173076923077,0.8057553956834532,477,336,355,224,54,0.3411894480898257,0.3420795919192172
0.07492743986279282,0.5795868772782503,0.585995085995086,0.5733173076923077,0.802158273381295,477,337,355,223,55,0.3411894480898257,0.3420795919192172
0.07393131345027149,0.5804493017607771,0.5865030674846625,0.5745192307692307,0.802158273381295,478,337,354,223,55,0.3411894480898257,0.3420795919192172
0.07262673843088013,0.5800970873786407,0.5857843137254902,0.5745192307692307,0.7985611510791367,478,338,354,222,56,0.3411894480898257,0.3420795919192172
0.07254874892800056,0.5809581564584597,0.5862913096695227,0.5757211538461539,0.7985611510791367,479,338,353,222,56,0.3411894480898257,0.3420795919192172
0.07171630015443398,0.5818181818181818,0.58679706601467,0.5769230769230769,0.7985611510791367,480,338,352,222,56,0.3411894480898257,0.3420795919192172
0.07101725739861475,0.581465778316172,0.5860805860805861,0.5769230769230769,0.7949640287769785,480,339,352,221,57,0.3411894480898257,0.3420795919192172
0.07041405568451176,0.5811138014527845,0.5853658536585366,0.5769230769230769,0.7913669064748201,480,340,352,220,58,0.3411894480898257,0.3420795919192172
0.06964529719138735,0.5807622504537205,0.584652862362972,0.5769230769230769,0.7877697841726619,480,341,352,219,59,0.3411894480898257,0.3420795919192172
0.0694744705218917,0.5816203143893591,0.5851581508515815,0.578125,0.7877697841726619,481,341,351,219,59,0.3411894480898257,0.3420795919192172
0.06937678331924363,0.5812688821752265,0.5844471445929527,0.578125,0.7841726618705036,481,342,351,218,60,0.3411894480898257,0.3420795919192172
0.06936458256835143,0.5809178743961353,0.5837378640776699,0.578125,0.7805755395683454,481,343,351,217,61,0.3411894480898257,0.3420795919192172
0.06879714595638464,0.5805672902836452,0.583030303030303,0.578125,0.7769784172661871,481,344,351,216,62,0.3411894480898257,0.3420795919192172
0.06839387396622243,0.5802171290711701,0.5823244552058111,0.578125,0.7769784172661871,481,345,351,216,62,0.3411894480898257,0.3420795919192172
0.0676656688134949,0.5810729355033153,0.5828295042321644,0.5793269230769231,0.7769784172661871,482,345,350,216,62,0.3411894480898257,0.3420795919192172
0.0675726293277672,0.5819277108433735,0.5833333333333334,0.5805288461538461,0.7769784172661871,483,345,349,216,62,0.3411894480898257,0.3420795919192172
0.06590595770794239,0.5815773630343167,0.5826296743063932,0.5805288461538461,0.7733812949640287,483,346,349,215,63,0.3411894480898257,0.3420795919192172
0.0658080521532019,0.5824308062575211,0.5831325301204819,0.5817307692307693,0.7733812949640287,484,346,348,215,63,0.3411894480898257,0.3420795919192172
0.0656022322503434,0.582080577269994,0.5824308062575211,0.5817307692307693,0.7697841726618705,484,347,348,214,64,0.3411894480898257,0.3420795919192172
0.06527852030873443,0.5817307692307693,0.5817307692307693,0.5817307692307693,0.7697841726618705,484,348,348,214,64,0.3411894480898257,0.3420795919192172
0.06473148129385442,0.5825825825825826,0.5822328931572629,0.5829326923076923,0.7697841726618705,485,348,347,214,64,0.3411894480898257,0.3420795919192172
0.06453910056318057,0.5834333733493398,0.5827338129496403,0.5841346153846154,0.7697841726618705,486,348,346,214,64,0.3411894480898257,0.3420795919192172
0.06438492366575915,0.5830833833233353,0.5820359281437125,0.5841346153846154,0.7661870503597122,486,349,346,213,65,0.3411894480898257,0.3420795919192172
0.06437851700951847,0.5839328537170264,0.5825358851674641,0.5853365384615384,0.7661870503597122,487,349,345,213,65,0.3411894480898257,0.3420795919192172
0.0640673320521894,0.5847813061713601,0.5830346475507766,0.5865384615384616,0.7661870503597122,488,349,344,213,65,0.3411894480898257,0.3420795919192172
0.06397459159893515,0.5856287425149701,0.5835322195704057,0.5877403846153846,0.7661870503597122,489,349,343,213,65,0.3411894480898257,0.3420795919192172
0.061231862837913376,0.5864751645721125,0.5840286054827175,0.5889423076923077,0.7661870503597122,490,349,342,213,65,0.3411894480898257,0.3420795919192172
0.061071833031115186,0.5861244019138756,0.5833333333333334,0.5889423076923077,0.762589928057554,490,350,342,212,66,0.3411894480898257,0.3420795919192172
0.06089392741243105,0.5869695158398087,0.5838287752675386,0.5901442307692307,0.762589928057554,491,350,341,212,66,0.3411894480898257,0.3420795919192172
0.06076538127126063,0.5878136200716846,0.5843230403800475,0.5913461538461539,0.762589928057554,492,350,340,212,66,0.3411894480898257,0.3420795919192172
0.06074988185485497,0.5874626865671642,0.5836298932384342,0.5913461538461539,0.7589928057553957,492,351,340,211,67,0.3411894480898257,0.3420795919192172
0.06046282861843072,0.5871121718377088,0.5829383886255924,0.5913461538461539,0.7553956834532374,492,352,340,210,68,0.3411894480898257,0.3420795919192172
0.06033342793476493,0.5879546809779368,0.5834319526627219,0.5925480769230769,0.7553956834532374,493,352,339,210,68,0.3411894480898257,0.3420795919192172
0.06023267895705564,0.5876042908224076,0.58274231678487,0.5925480769230769,0.7517985611510791,493,353,339,209,69,0.3411894480898257,0.3420795919192172
0.05920840497096164,0.5872543180464562,0.5820543093270366,0.5925480769230769,0.7482014388489209,493,354,339,208,70,0.3411894480898257,0.3420795919192172
0.05828283473113549,0.5869047619047619,0.5813679245283019,0.5925480769230769,0.7446043165467626,493,355,339,207,71,0.3411894480898257,0.3420795919192172
0.05796132887295702,0.5865556216537775,0.5806831566548881,0.5925480769230769,0.7410071942446043,493,356,339,206,72,0.3411894480898257,0.3420795919192172
0.05749191509202212,0.5862068965517241,0.58,0.5925480769230769,0.737410071942446,493,357,339,205,73,0.3411894480898257,0.3420795919192172
0.0569320024402189,0.5870469399881164,0.5804935370152762,0.59375,0.737410071942446,494,357,338,205,73,0.3411894480898257,0.3420795919192172
0.05609336663898973,0.5866983372921615,0.57981220657277,0.59375,0.7338129496402878,494,358,338,204,74,0.3411894480898257,0.3420795919192172
0.05528829945164637,0.5875370919881305,0.5803048065650644,0.5949519230769231,0.7338129496402878,495,358,337,204,74,0.3411894480898257,0.3420795919192172
0.05501941635094876,0.5883748517200474,0.5807962529274004,0.5961538461538461,0.7338129496402878,496,358,336,204,74,0.3411894480898257,0.3420795919192172
0.054768494422860636,0.5880260818020154,0.5801169590643275,0.5961538461538461,0.7338129496402878,496,359,336,204,74,0.3411894480898257,0.3420795919192172
0.05439263608421596,0.5888625592417062,0.580607476635514,0.5973557692307693,0.7338129496402878,497,359,335,204,74,0.3411894480898257,0.3420795919192172
0.05377180242799995,0.5885139135583185,0.5799299883313885,0.5973557692307693,0.7302158273381295,497,360,335,203,75,0.3411894480898257,0.3420795919192172
0.053693110658135645,0.5893491124260355,0.5804195804195804,0.5985576923076923,0.7302158273381295,498,360,334,203,75,0.3411894480898257,0.3420795919192172
0.05345775976295242,0.5890005913660555,0.5797438882421421,0.5985576923076923,0.7266187050359713,498,361,334,202,76,0.3411894480898257,0.3420795919192172
0.052062986626316254,0.5886524822695035,0.5790697674418605,0.5985576923076923,0.7230215827338129,498,362,334,201,77,0.3411894480898257,0.3420795919192172
0.05166009690376927,0.5883047844063792,0.578397212543554,0.5985576923076923,0.7194244604316546,498,363,334,200,78,0.3411894480898257,0.3420795919192172
0.05098768953173649,0.5879574970484062,0.5777262180974478,0.5985576923076923,0.7158273381294964,498,364,334,199,79,0.3411894480898257,0.3420795919192172
0.050867437611614774,0.5876106194690266,0.5770567786790266,0.5985576923076923,0.7158273381294964,498,365,334,199,79,0.3411894480898257,0.3420795919192172
0.05069708923730909,0.5884433962264151,0.5775462962962963,0.5997596153846154,0.7158273381294964,499,365,333,199,79,0.3411894480898257,0.3420795919192172
0.0505607493651391,0.5880966411314084,0.576878612716763,0.5997596153846154,0.7158273381294964,499,366,333,199,79,0.3411894480898257,0.3420795919192172
0.05041882821145327,0.5877502944640753,0.5762124711316398,0.5997596153846154,0.7122302158273381,499,367,333,198,80,0.3411894480898257,0.3420795919192172
0.049727162983570494,0.5885815185403178,0.5767012687427913,0.6009615384615384,0.7122302158273381,500,367,332,198,80,0.3411894480898257,0.3420795919192172
0.04951980073130158,0.5894117647058823,0.5771889400921659,0.6021634615384616,0.7122302158273381,501,367,331,198,80,0.3411894480898257,0.3420795919192172
0.04868287857851389,0.5890652557319224,0.5765247410817032,0.6021634615384616,0.7086330935251799,501,368,331,197,81,0.3411894480898257,0.3420795919192172
0.04833023631434025,0.5887191539365453,0.5758620689655173,0.6021634615384616,0.7050359712230215,501,369,331,196,82,0.3411894480898257,0.3420795919192172
0.048228321261391816,0.5883734586024663,0.5752009184845006,0.6021634615384616,0.7014388489208633,501,370,331,195,83,0.3411894480898257,0.3420795919192172
0.04812009553038599,0.5880281690140845,0.5745412844036697,0.6021634615384616,0.697841726618705,501,371,331,194,84,0.3411894480898257,0.3420795919192172
0.04775969194017049,0.587683284457478,0.5738831615120275,0.6021634615384616,0.6942446043165468,501,372,331,193,85,0.3411894480898257,0.3420795919192172
0.04761778508437964,0.5873388042203986,0.5732265446224256,0.6021634615384616,0.6906474820143885,501,373,331,192,86,0.3411894480898257,0.3420795919192172
0.04693545618862527,0.5881663737551259,0.5737142857142857,0.6033653846153846,0.6906474820143885,502,373,330,192,86,0.3411894480898257,0.3420795919192172
0.04677363236990151,0.5878220140515222,0.5730593607305936,0.6033653846153846,0.6870503597122302,502,374,330,191,87,0.3411894480898257,0.3420795919192172
0.04556397362192666,0.5874780573434757,0.572405929304447,0.6033653846153846,0.6870503597122302,502,375,330,191,87,0.3411894480898257,0.3420795919192172
0.04475356671036895,0.5871345029239766,0.571753986332574,0.6033653846153846,0.6834532374100719,502,376,330,190,88,0.3411894480898257,0.3420795919192172
0.044460666203790966,0.586791350087668,0.571103526734926,0.6033653846153846,0.6798561151079137,502,377,330,189,89,0.3411894480898257,0.3420795919192172
0.04435450700144933,0.5864485981308412,0.5704545454545454,0.6033653846153846,0.6762589928057554,502,378,330,188,90,0.3411894480898257,0.3420795919192172
0.044350634610017536,0.5861062463514303,0.5698070374574348,0.6033653846153846,0.6726618705035972,502,379,330,187,91,0.3411894480898257,0.3420795919192172
0.04434081986501015,0.5857642940490082,0.5691609977324263,0.6033653846153846,0.6690647482014388,502,380,330,186,92,0.3411894480898257,0.3420795919192172
0.04370707099786508,0.5854227405247814,0.5685164212910532,0.6033653846153846,0.6690647482014388,502,381,330,186,92,0.3411894480898257,0.3420795919192172
0.04324649602721903,0.585081585081585,0.5678733031674208,0.6033653846153846,0.6654676258992805,502,382,330,185,93,0.3411894480898257,0.3420795919192172
0.04315085388053663,0.5847408270238789,0.5672316384180791,0.6033653846153846,0.6618705035971223,502,383,330,184,94,0.3411894480898257,0.3420795919192172
0.043082604267955515,0.5844004656577415,0.5665914221218962,0.6033653846153846,0.658273381294964,502,384,330,183,95,0.3411894480898257,0.3420795919192172
0.04294015627686376,0.5840605002908668,0.5659526493799324,0.6033653846153846,0.6546762589928058,502,385,330,182,96,0.3411894480898257,0.3420795919192172
0.042579752268966375,0.5848837209302326,0.5664414414414415,0.6045673076923077,0.6546762589928058,503,385,329,182,96,0.3411894480898257,0.3420795919192172
0.04257707076098327,0.5845438698431145,0.5658042744656918,0.6045673076923077,0.6510791366906474,503,386,329,181,97,0.3411894480898257,0.3420795919192172
0.0423566894391213,0.5842044134727061,0.5651685393258427,0.6045673076923077,0.6474820143884892,503,387,329,180,98,0.3411894480898257,0.3420795919192172
0.04234350086420935,0.583865351131747,0.5645342312008979,0.6045673076923077,0.6438848920863309,503,388,329,179,99,0.3411894480898257,0.3420795919192172
0.041339208161713215,0.5835266821345708,0.5639013452914798,0.6045673076923077,0.6402877697841727,503,389,329,178,100,0.3411894480898257,0.3420795919192172
0.041229369673679184,0.5831884057971014,0.5632698768197089,0.6045673076923077,0.6366906474820144,503,390,329,177,101,0.3411894480898257,0.3420795919192172
0.04112859054239315,0.5828505214368482,0.5626398210290827,0.6045673076923077,0.6330935251798561,503,391,329,176,102,0.3411894480898257,0.3420795919192172
0.04092977155707389,0.582513028372901,0.5620111731843576,0.6045673076923077,0.6294964028776978,503,392,329,175,103,0.3411894480898257,0.3420795919192172
0.04090658930180302,0.5821759259259259,0.5613839285714286,0.6045673076923077,0.6258992805755396,503,393,329,174,104,0.3411894480898257,0.3420795919192172
0.03986747712702843,0.5818392134181608,0.5607580824972129,0.6045673076923077,0.6223021582733813,503,394,329,173,105,0.3411894480898257,0.3420795919192172
0.03800833120940372,0.5815028901734104,0.5601336302895323,0.6045673076923077,0.6187050359712231,503,395,329,172,106,0.3411894480898257,0.3420795919192172
0.037796846191511746,0.5811669555170422,0.5595105672969967,0.6045673076923077,0.6151079136690647,503,396,329,171,107,0.3411894480898257,0.3420795919192172
0.03752043288193585,0.581986143187067,0.56,0.6057692307692307,0.6151079136690647,504,396,328,171,107,0.3411894480898257,0.3420795919192172
0.036765846385288126,0.5816503173687247,0.5593784683684795,0.6057692307692307,0.6115107913669064,504,397,328,170,108,0.3411894480898257,0.3420795919192172
0.03667391993453606,0.5813148788927336,0.5587583148558758,0.6057692307692307,0.6079136690647482,504,398,328,169,109,0.3411894480898257,0.3420795919192172
0.03662205689763809,0.5809798270893372,0.5581395348837209,0.6057692307692307,0.60431654676259,504,399,328,168,110,0.3411894480898257,0.3420795919192172
0.036141685503595755,0.5806451612903226,0.5575221238938053,0.6057692307692307,0.6007194244604317,504,400,328,167,111,0.3411894480898257,0.3420795919192172
0.035654113910655316,0.5803108808290155,0.5569060773480663,0.6057692307692307,0.5971223021582733,504,401,328,166,112,0.3411894480898257,0.3420795919192172
0.035455802599810016,0.5799769850402762,0.5562913907284768,0.6057692307692307,0.5935251798561151,504,402,328,165,113,0.3411894480898257,0.3420795919192172
0.03516623119360818,0.5796434732604946,0.5556780595369349,0.6057692307692307,0.5899280575539568,504,403,328,164,114,0.3411894480898257,0.3420795919192172
0.03511712621218743,0.5793103448275863,0.5550660792951542,0.6057692307692307,0.5863309352517986,504,404,328,163,115,0.3411894480898257,0.3420795919192172
0.034699450535276566,0.5789775990809879,0.5544554455445545,0.6057692307692307,0.5827338129496403,504,405,328,162,116,0.3411894480898257,0.3420795919192172
0.03352325280964219,0.5786452353616532,0.5538461538461539,0.6057692307692307,0.579136690647482,504,406,328,161,117,0.3411894480898257,0.3420795919192172
0.03328087848321909,0.5783132530120482,0.5532381997804611,0.6057692307692307,0.5755395683453237,504,407,328,160,118,0.3411894480898257,0.3420795919192172
0.03318858906880995,0.5779816513761468,0.5526315789473685,0.6057692307692307,0.5719424460431655,504,408,328,159,119,0.3411894480898257,0.3420795919192172
0.03313750862198772,0.5776504297994269,0.552026286966046,0.6057692307692307,0.5719424460431655,504,409,328,159,119,0.3411894480898257,0.3420795919192172
0.03279742799641627,0.5773195876288659,0.5514223194748359,0.6057692307692307,0.5683453237410072,504,410,328,158,120,0.3411894480898257,0.3420795919192172
0.03227979088432742,0.5769891242129365,0.5508196721311476,0.6057692307692307,0.564748201438849,504,411,328,157,121,0.3411894480898257,0.3420795919192172
0.03202459837940452,0.5766590389016019,0.5502183406113537,0.6057692307692307,0.5611510791366906,504,412,328,156,122,0.3411894480898257,0.3420795919192172
0.03183225424516839,0.5763293310463122,0.549618320610687,0.6057692307692307,0.5575539568345323,504,413,328,155,123,0.3411894480898257,0.3420795919192172
0.031524792613783215,0.576,0.5490196078431373,0.6057692307692307,0.5539568345323741,504,414,328,154,124,0.3411894480898257,0.3420795919192172
0.031056221171849252,0.575671045117076,0.5484221980413493,0.6057692307692307,0.5539568345323741,504,415,328,154,124,0.3411894480898257,0.3420795919192172
0.030848230401737398,0.5753424657534246,0.5478260869565217,0.6057692307692307,0.5503597122302158,504,416,328,153,125,0.3411894480898257,0.3420795919192172
0.030781039408642075,0.5750142612664004,0.5472312703583062,0.6057692307692307,0.5467625899280576,504,417,328,152,126,0.3411894480898257,0.3420795919192172
0.030712396181677926,0.5746864310148233,0.5466377440347071,0.6057692307692307,0.5431654676258992,504,418,328,151,127,0.3411894480898257,0.3420795919192172
0.030629876118492827,0.5743589743589743,0.5460455037919827,0.6057692307692307,0.539568345323741,504,419,328,150,128,0.3411894480898257,0.3420795919192172
0.03038189655192014,0.5740318906605922,0.5454545454545454,0.6057692307692307,0.5359712230215827,504,420,328,149,129,0.3411894480898257,0.3420795919192172
0.03028830631864754,0.5737051792828686,0.5448648648648649,0.6057692307692307,0.5323741007194245,504,421,328,148,130,0.3411894480898257,0.3420795919192172
0.030286374217236234,0.5733788395904437,0.5442764578833693,0.6057692307692307,0.5287769784172662,504,422,328,147,131,0.3411894480898257,0.3420795919192172
0.029894174452731626,0.573052870949403,0.5436893203883495,0.6057692307692307,0.5251798561151079,504,423,328,146,132,0.3411894480898257,0.3420795919192172
0.02958591152061174,0.5727272727272728,0.5431034482758621,0.6057692307692307,0.5215827338129496,504,424,328,145,133,0.3411894480898257,0.3420795919192172
0.02954057520242337,0.5735377626348666,0.5435952637244349,0.6069711538461539,0.5215827338129496,505,424,327,145,133,0.3411894480898257,0.3420795919192172
0.029417216226223064,0.5732122587968218,0.543010752688172,0.6069711538461539,0.5179856115107914,505,425,327,144,134,0.3411894480898257,0.3420795919192172
0.02838334542525811,0.5728871242200794,0.5424274973147154,0.6069711538461539,0.5143884892086331,505,426,327,143,135,0.3411894480898257,0.3420795919192172
0.028019171475397786,0.5736961451247166,0.5429184549356223,0.6081730769230769,0.5143884892086331,506,426,326,143,135,0.3411894480898257,0.3420795919192172
0.027866127980534117,0.5733711048158641,0.5423365487674169,0.6081730769230769,0.5107913669064749,506,427,326,142,136,0.3411894480898257,0.3420795919192172
0.02745859102960646,0.5730464326160816,0.5417558886509636,0.6081730769230769,0.5071942446043165,506,428,326,141,137,0.3411894480898257,0.3420795919192172
0.027431955280181664,0.5727221279003961,0.5411764705882353,0.6081730769230769,0.5035971223021583,506,429,326,140,138,0.3411894480898257,0.3420795919192172
0.027081798266433144,0.5723981900452488,0.5405982905982906,0.6081730769230769,0.5,506,430,326,139,139,0.3411894480898257,0.3420795919192172
0.02666893398452591,0.5720746184284907,0.5400213447171825,0.6081730769230769,0.49640287769784175,506,431,326,138,140,0.3411894480898257,0.3420795919192172
0.02655347812559916,0.5717514124293785,0.5394456289978679,0.6081730769230769,0.49280575539568344,506,432,326,137,141,0.3411894480898257,0.3420795919192172
0.02594550747206481,0.5714285714285714,0.5388711395101171,0.6081730769230769,0.4892086330935252,506,433,326,136,142,0.3411894480898257,0.3420795919192172
0.025772803251469023,0.5711060948081265,0.5382978723404256,0.6081730769230769,0.4892086330935252,506,434,326,136,142,0.3411894480898257,0.3420795919192172
0.025740857520819782,0.571912013536379,0.538788522848034,0.609375,0.4892086330935252,507,434,325,136,142,0.3411894480898257,0.3420795919192172
0.025547801733996678,0.5715896279594137,0.5382165605095541,0.609375,0.4856115107913669,507,435,325,135,143,0.3411894480898257,0.3420795919192172
0.025528970978352883,0.5712676056338029,0.5376458112407211,0.609375,0.48201438848920863,507,436,325,134,144,0.3411894480898257,0.3420795919192172
0.025318237415436595,0.5720720720720721,0.538135593220339,0.6105769230769231,0.48201438848920863,508,436,324,134,144,0.3411894480898257,0.3420795919192172
0.025269107622274134,0.5717501406865504,0.5375661375661376,0.6105769230769231,0.4784172661870504,508,437,324,133,145,0.3411894480898257,0.3420795919192172
0.025099013060898345,0.5714285714285714,0.5369978858350951,0.6105769230769231,0.4748201438848921,508,438,324,132,146,0.3411894480898257,0.3420795919192172
0.02505634849532945,0.5722315907813378,0.5374868004223865,0.6117788461538461,0.4748201438848921,509,438,323,132,146,0.3411894480898257,0.3420795919192172
0.024873714121160462,0.5719101123595506,0.5369198312236287,0.6117788461538461,0.4748201438848921,509,439,323,132,146,0.3411894480898257,0.3420795919192172
0.0247594347092156,0.5715889949466592,0.5363540569020021,0.6117788461538461,0.4712230215827338,509,440,323,131,147,0.3411894480898257,0.3420795919192172
0.024692043935748365,0.5712682379349046,0.5357894736842105,0.6117788461538461,0.4676258992805755,509,441,323,130,148,0.3411894480898257,0.3420795919192172
0.02456460342208666,0.5709478407178912,0.5352260778128286,0.6117788461538461,0.46402877697841727,509,442,323,129,149,0.3411894480898257,0.3420795919192172
0.023717813295139112,0.570627802690583,0.5346638655462185,0.6117788461538461,0.460431654676259,509,443,323,128,150,0.3411894480898257,0.3420795919192172
0.023481506430425236,0.5714285714285714,0.5351521511017838,0.6129807692307693,0.460431654676259,510,443,322,128,150,0.3411894480898257,0.3420795919192172
0.023174586085443316,0.5711086226203808,0.5345911949685535,0.6129807692307693,0.4568345323741007,510,444,322,127,151,0.3411894480898257,0.3420795919192172
0.02287508042940012,0.5707890318970341,0.5340314136125655,0.6129807692307693,0.45323741007194246,510,445,322,126,152,0.3411894480898257,0.3420795919192172
0.022706867943564468,0.5704697986577181,0.5334728033472803,0.6129807692307693,0.44964028776978415,510,446,322,125,153,0.3411894480898257,0.3420795919192172
0.022641770865044153,0.5701509223029626,0.5329153605015674,0.6129807692307693,0.4460431654676259,510,447,322,124,154,0.3411894480898257,0.3420795919192172
0.022394834208536496,0.5698324022346368,0.5323590814196242,0.6129807692307693,0.4460431654676259,510,448,322,124,154,0.3411894480898257,0.3420795919192172
0.022370495388841283,0.5695142378559463,0.5318039624608968,0.6129807692307693,0.44244604316546765,510,449,322,123,155,0.3411894480898257,0.3420795919192172
0.022321649423851064,0.5691964285714286,0.53125,0.6129807692307693,0.43884892086330934,510,450,322,122,156,0.3411894480898257,0.3420795919192172
0.022219525855491584,0.5688789737869493,0.5306971904266389,0.6129807692307693,0.4352517985611511,510,451,322,121,157,0.3411894480898257,0.3420795919192172
0.02181216915291523,0.568561872909699,0.5301455301455301,0.6129807692307693,0.4316546762589928,510,452,322,120,158,0.3411894480898257,0.3420795919192172
0.02173167164565143,0.5682451253481894,0.5295950155763239,0.6129807692307693,0.42805755395683454,510,453,322,119,159,0.3411894480898257,0.3420795919192172
0.021597942108582457,0.5690423162583519,0.5300829875518672,0.6141826923076923,0.42805755395683454,511,453,321,119,159,0.3411894480898257,0.3420795919192172
0.021492786604265013,0.568725653867557,0.5295336787564767,0.6141826923076923,0.4244604316546763,511,454,321,118,160,0.3411894480898257,0.3420795919192172
0.0214810395261813,0.5684093437152391,0.5289855072463768,0.6141826923076923,0.420863309352518,511,455,321,117,161,0.3411894480898257,0.3420795919192172
0.021397282401370177,0.5680933852140078,0.5284384694932782,0.6141826923076923,0.4172661870503597,511,456,321,116,162,0.3411894480898257,0.3420795919192172
0.02132203401063526,0.5677777777777778,0.5278925619834711,0.6141826923076923,0.4136690647482014,511,457,321,115,163,0.3411894480898257,0.3420795919192172
0.02099801775779575,0.5685730149916713,0.5283797729618163,0.6153846153846154,0.4136690647482014,512,457,320,115,163,0.3411894480898257,0.3420795919192172
0.020966308237018172,0.5682574916759157,0.5278350515463918,0.6153846153846154,0.41007194244604317,512,458,320,114,164,0.3411894480898257,0.3420795919192172
0.020940260467366356,0.5679423183582918,0.5272914521112255,0.6153846153846154,0.4064748201438849,512,459,320,113,165,0.3411894480898257,0.3420795919192172
0.02090045708546695,0.5676274944567627,0.5267489711934157,0.6153846153846154,0.4064748201438849,512,460,320,113,165,0.3411894480898257,0.3420795919192172
0.02063405462894602,0.5673130193905818,0.526207605344296,0.6153846153846154,0.4028776978417266,512,461,320,112,166,0.3411894480898257,0.3420795919192172
0.02058162253268131,0.5669988925802879,0.5256673511293635,0.6153846153846154,0.39928057553956836,512,462,320,111,167,0.3411894480898257,0.3420795919192172
0.020575317018824535,0.5666851134477033,0.5251282051282051,0.6153846153846154,0.39568345323741005,512,463,320,110,168,0.3411894480898257,0.3420795919192172
0.020018549128762386,0.5663716814159292,0.5245901639344263,0.6153846153846154,0.3920863309352518,512,464,320,109,169,0.3411894480898257,0.3420795919192172
0.0199923170411338,0.5660585959093422,0.5240532241555783,0.6153846153846154,0.38848920863309355,512,465,320,108,170,0.3411894480898257,0.3420795919192172
0.019902374649885868,0.5657458563535912,0.523517382413088,0.6153846153846154,0.38489208633093525,512,466,320,107,171,0.3411894480898257,0.3420795919192172
0.019408578407632104,0.5654334621755936,0.5229826353421859,0.6153846153846154,0.381294964028777,512,467,320,106,172,0.3411894480898257,0.3420795919192172
0.019174983593876926,0.565121412803532,0.5224489795918368,0.6153846153846154,0.381294964028777,512,468,320,106,172,0.3411894480898257,0.3420795919192172
0.018993987473096552,0.5648097076668506,0.5219164118246687,0.6153846153846154,0.3776978417266187,512,469,320,105,173,0.3411894480898257,0.3420795919192172
0.018901410826220655,0.5644983461962514,0.5213849287169042,0.6153846153846154,0.3776978417266187,512,470,320,105,173,0.3411894480898257,0.3420795919192172
0.01888253115608235,0.5641873278236914,0.5208545269582909,0.6153846153846154,0.37410071942446044,512,471,320,104,174,0.3411894480898257,0.3420795919192172
0.018838394018661053,0.5638766519823789,0.5203252032520326,0.6153846153846154,0.37050359712230213,512,472,320,103,175,0.3411894480898257,0.3420795919192172
0.0185761829874857,0.5635663181067694,0.5197969543147208,0.6153846153846154,0.3669064748201439,512,473,320,102,176,0.3411894480898257,0.3420795919192172
0.01847024219514859,0.5632563256325632,0.5192697768762677,0.6153846153846154,0.36330935251798563,512,474,320,101,177,0.3411894480898257,0.3420795919192172
0.01841220665113208,0.5629466739967015,0.5187436676798379,0.6153846153846154,0.3597122302158273,512,475,320,100,178,0.3411894480898257,0.3420795919192172
0.018284738797652744,0.5626373626373626,0.5182186234817814,0.6153846153846154,0.3597122302158273,512,476,320,100,178,0.3411894480898257,0.3420795919192172
0.018264947688808375,0.5623283909939594,0.5176946410515673,0.6153846153846154,0.35611510791366907,512,477,320,99,179,0.3411894480898257,0.3420795919192172
0.018258888186275968,0.562019758507135,0.5171717171717172,0.6153846153846154,0.35611510791366907,512,478,320,99,179,0.3411894480898257,0.3420795919192172
0.017873711828744865,0.5617114646187603,0.5166498486377397,0.6153846153846154,0.35251798561151076,512,479,320,98,180,0.3411894480898257,0.3420795919192172
0.017629889326869097,0.5614035087719298,0.5161290322580645,0.6153846153846154,0.3489208633093525,512,480,320,97,181,0.3411894480898257,0.3420795919192172
0.017603953985871723,0.5610958904109589,0.5156092648539778,0.6153846153846154,0.34532374100719426,512,481,320,96,182,0.3411894480898257,0.3420795919192172
0.017446929580322124,0.5618838992332968,0.5160965794768612,0.6165865384615384,0.34532374100719426,513,481,319,96,182,0.3411894480898257,0.3420795919192172
0.017342583636995812,0.5615763546798029,0.5155778894472361,0.6165865384615384,0.34172661870503596,513,482,319,95,183,0.3411894480898257,0.3420795919192172
0.01681831154311375,0.5612691466083151,0.5150602409638554,0.6165865384615384,0.3381294964028777,513,483,319,94,184,0.3411894480898257,0.3420795919192172
0.01671555446310613,0.562055768179333,0.5155466399197592,0.6177884615384616,0.3381294964028777,514,483,318,94,184,0.3411894480898257,0.3420795919192172
0.016232259252292103,0.5617486338797815,0.5150300601202404,0.6177884615384616,0.3345323741007194,514,484,318,93,185,0.3411894480898257,0.3420795919192172
0.016224296637823543,0.5614418350628072,0.5145145145145145,0.6177884615384616,0.3345323741007194,514,485,318,93,185,0.3411894480898257,0.3420795919192172
0.015852562030348127,0.5611353711790393,0.514,0.6177884615384616,0.33093525179856115,514,486,318,92,186,0.3411894480898257,0.3420795919192172
0.01579374832932212,0.5608292416803055,0.5134865134865135,0.6177884615384616,0.3273381294964029,514,487,318,91,187,0.3411894480898257,0.3420795919192172
0.01573286076245589,0.5605234460196292,0.5129740518962076,0.6177884615384616,0.3237410071942446,514,488,318,90,188,0.3411894480898257,0.3420795919192172
0.015666209887013505,0.5602179836512261,0.5124626121635095,0.6177884615384616,0.32014388489208634,514,489,318,89,189,0.3411894480898257,0.3420795919192172
0.015482284676618219,0.5599128540305011,0.5119521912350598,0.6177884615384616,0.31654676258992803,514,490,318,88,190,0.3411894480898257,0.3420795919192172
0.015316267198423605,0.5606967882416984,0.5124378109452736,0.6189903846153846,0.31654676258992803,515,490,317,88,190,0.3411894480898257,0.3420795919192172
0.014983365284051087,0.5603917301414582,0.5119284294234593,0.6189903846153846,0.3129496402877698,515,491,317,87,191,0.3411894480898257,0.3420795919192172
0.014893122004010939,0.5600870038064165,0.5114200595829196,0.6189903846153846,0.30935251798561153,515,492,317,86,192,0.3411894480898257,0.3420795919192172
0.014741651416531942,0.5597826086956522,0.5109126984126984,0.6189903846153846,0.3057553956834532,515,493,317,85,193,0.3411894480898257,0.3420795919192172
0.014718828931080508,0.5594785442694188,0.5104063429137761,0.6189903846153846,0.302158273381295,515,494,317,84,194,0.3411894480898257,0.3420795919192172
0.014106795350458723,0.5591748099891423,0.5099009900990099,0.6189903846153846,0.29856115107913667,515,495,317,83,195,0.3411894480898257,0.3420795919192172
0.014095608675511517,0.5588714053174173,0.5093966369930761,0.6189903846153846,0.29856115107913667,515,496,317,83,195,0.3411894480898257,0.3420795919192172
0.014086906930552257,0.5585683297180043,0.508893280632411,0.6189903846153846,0.2949640287769784,515,497,317,82,196,0.3411894480898257,0.3420795919192172
0.01401651295019779,0.5582655826558266,0.508390918065153,0.6189903846153846,0.29136690647482016,515,498,317,81,197,0.3411894480898257,0.3420795919192172
0.013993453242402698,0.5579631635969664,0.5078895463510849,0.6189903846153846,0.28776978417266186,515,499,317,80,198,0.3411894480898257,0.3420795919192172
0.013829986131708938,0.5576610720086627,0.5073891625615764,0.6189903846153846,0.2841726618705036,515,500,317,79,199,0.3411894480898257,0.3420795919192172
0.013423858993484639,0.5584415584415584,0.5078740157480315,0.6201923076923077,0.2841726618705036,516,500,316,79,199,0.3411894480898257,0.3420795919192172
0.01328679069275629,0.5581395348837209,0.5073746312684366,0.6201923076923077,0.2805755395683453,516,501,316,78,200,0.3411894480898257,0.3420795919192172
0.013166009661915612,0.5578378378378378,0.5068762278978389,0.6201923076923077,0.27697841726618705,516,502,316,77,201,0.3411894480898257,0.3420795919192172
0.013033415257624914,0.5575364667747164,0.5063788027477919,0.6201923076923077,0.2733812949640288,516,503,316,76,202,0.3411894480898257,0.3420795919192172
0.012436642916887286,0.5583153347732182,0.5068627450980392,0.6213942307692307,0.2733812949640288,517,503,315,76,202,0.3411894480898257,0.3420795919192172
0.012174067833769453,0.5580140313005937,0.5063663075416258,0.6213942307692307,0.2697841726618705,517,504,315,75,203,0.3411894480898257,0.3420795919192172
0.012159458938567957,0.5577130528586839,0.5058708414872799,0.6213942307692307,0.26618705035971224,517,505,315,74,204,0.3411894480898257,0.3420795919192172
0.011912801804374984,0.5574123989218329,0.5053763440860215,0.6213942307692307,0.26258992805755393,517,506,315,73,205,0.3411894480898257,0.3420795919192172
0.011629664599162814,0.5571120689655172,0.5048828125,0.6213942307692307,0.2589928057553957,517,507,315,72,206,0.3411894480898257,0.3420795919192172
0.011623219982212385,0.5568120624663435,0.504390243902439,0.6213942307692307,0.25539568345323743,517,508,315,71,207,0.3411894480898257,0.3420795919192172
0.011553757612657978,0.5565123789020452,0.5038986354775828,0.6213942307692307,0.2517985611510791,517,509,315,70,208,0.3411894480898257,0.3420795919192172
0.011446229802922259,0.5562130177514792,0.5034079844206426,0.6213942307692307,0.24820143884892087,517,510,315,69,209,0.3411894480898257,0.3420795919192172
0.011429268717457752,0.5559139784946237,0.5029182879377432,0.6213942307692307,0.2446043165467626,517,511,315,68,210,0.3411894480898257,0.3420795919192172
0.011357599052155443,0.5556152606125739,0.5024295432458697,0.6213942307692307,0.24100719424460432,517,512,315,67,211,0.3411894480898257,0.3420795919192172
0.010882012515418649,0.5553168635875403,0.5019417475728155,0.6213942307692307,0.23741007194244604,517,513,315,66,212,0.3411894480898257,0.3420795919192172
0.01079433595120749,0.5550187869028449,0.501454898157129,0.6213942307692307,0.23381294964028776,517,514,315,65,213,0.3411894480898257,0.3420795919192172
0.010788811341696125,0.5547210300429185,0.500968992248062,0.6213942307692307,0.2302158273381295,517,515,315,64,214,0.3411894480898257,0.3420795919192172
0.010689653878650729,0.5554959785522788,0.5014520813165537,0.6225961538461539,0.2302158273381295,518,515,314,64,214,0.3411894480898257,0.3420795919192172
0.010522842311940728,0.5562700964630225,0.5019342359767892,0.6237980769230769,0.2302158273381295,519,515,313,64,214,0.3411894480898257,0.3420795919192172
0.01041760803122671,0.5559721478307446,0.5014492753623189,0.6237980769230769,0.22661870503597123,519,516,313,63,215,0.3411894480898257,0.3420795919192172
0.009940779885718731,0.5556745182012848,0.500965250965251,0.6237980769230769,0.22302158273381295,519,517,313,62,216,0.3411894480898257,0.3420795919192172
0.009626822325287887,0.5553772070626003,0.5004821600771456,0.6237980769230769,0.21942446043165467,519,518,313,61,217,0.3411894480898257,0.3420795919192172
0.009541599565050296,0.5550802139037433,0.5,0.6237980769230769,0.2158273381294964,519,519,313,60,218,0.3411894480898257,0.3420795919192172
0.009502116686646023,0.5558524853019775,0.5004812319538018,0.625,0.2158273381294964,520,519,312,60,218,0.3411894480898257,0.3420795919192172
0.009477190867824836,0.5555555555555556,0.5,0.625,0.21223021582733814,520,520,312,59,219,0.3411894480898257,0.3420795919192172
0.009166451371699802,0.5552589428723972,0.49951969260326606,0.625,0.20863309352517986,520,521,312,58,220,0.3411894480898257,0.3420795919192172
0.009083778142936039,0.5549626467449307,0.4990403071017274,0.625,0.20503597122302158,520,522,312,57,221,0.3411894480898257,0.3420795919192172
0.008723360098081834,0.5546666666666666,0.49856184084372,0.625,0.2014388489208633,520,523,312,56,222,0.3411894480898257,0.3420795919192172
0.008675199747776086,0.5543710021321961,0.49808429118773945,0.625,0.19784172661870503,520,524,312,55,223,0.3411894480898257,0.3420795919192172
0.008651829445626563,0.554075652637187,0.49760765550239233,0.625,0.19424460431654678,520,525,312,54,224,0.3411894480898257,0.3420795919192172
0.008617153209613204,0.5537806176783813,0.497131931166348,0.625,0.1906474820143885,520,526,312,53,225,0.3411894480898257,0.3420795919192172
0.008399022335830397,0.5534858967535924,0.49665711556829034,0.625,0.1906474820143885,520,527,312,53,225,0.3411894480898257,0.3420795919192172
0.00781046885038017,0.5531914893617021,0.4961832061068702,0.625,0.18705035971223022,520,528,312,52,226,0.3411894480898257,0.3420795919192172
0.0076053527345295024,0.5528973950026581,0.49571020019065776,0.625,0.18345323741007194,520,529,312,51,227,0.3411894480898257,0.3420795919192172
0.007161056105460806,0.5526036131774708,0.49523809523809526,0.625,0.17985611510791366,520,530,312,50,228,0.3411894480898257,0.3420795919192172
0.007117787128649078,0.5523101433882103,0.49476688867745006,0.625,0.17625899280575538,520,531,312,49,229,0.3411894480898257,0.3420795919192172
0.007067550370128073,0.5520169851380042,0.49429657794676807,0.625,0.17266187050359713,520,532,312,48,230,0.3411894480898257,0.3420795919192172
0.007031103578657438,0.5517241379310345,0.49382716049382713,0.625,0.16906474820143885,520,533,312,47,231,0.3411894480898257,0.3420795919192172
0.006853875982214597,0.5514316012725344,0.49335863377609107,0.625,0.16546762589928057,520,534,312,46,232,0.3411894480898257,0.3420795919192172
0.006542643553527794,0.5511393746687865,0.4928909952606635,0.625,0.1618705035971223,520,535,312,45,233,0.3411894480898257,0.3420795919192172
0.006205463661760835,0.5508474576271186,0.49242424242424243,0.625,0.15827338129496402,520,536,312,44,234,0.3411894480898257,0.3420795919192172
0.006189798687571746,0.5505558496559025,0.49195837275307475,0.625,0.15467625899280577,520,537,312,43,235,0.3411894480898257,0.3420795919192172
0.006130820559042793,0.5502645502645502,0.4914933837429111,0.625,0.1510791366906475,520,538,312,42,236,0.3411894480898257,0.3420795919192172
0.0060176060699506095,0.5499735589635114,0.4910292728989613,0.625,0.1474820143884892,520,539,312,41,237,0.3411894480898257,0.3420795919192172
0.005732372434787414,0.5496828752642706,0.49056603773584906,0.625,0.14388489208633093,520,540,312,40,238,0.3411894480898257,0.3420795919192172
0.00567770846265514,0.5493924986793449,0.49010367577756836,0.625,0.14028776978417265,520,541,312,39,239,0.3411894480898257,0.3420795919192172
0.005524848458342779,0.5491024287222809,0.4896421845574388,0.625,0.1366906474820144,520,542,312,38,240,0.3411894480898257,0.3420795919192172
0.005391476626689484,0.5488126649076517,0.4891815616180621,0.625,0.13309352517985612,520,543,312,37,241,0.3411894480898257,0.3420795919192172
0.005283414384597729,0.5485232067510548,0.48872180451127817,0.625,0.12949640287769784,520,544,312,36,242,0.3411894480898257,0.3420795919192172
0.005221099049227296,0.5492883500263575,0.4892018779342723,0.6262019230769231,0.12949640287769784,521,544,311,36,242,0.3411894480898257,0.3420795919192172
0.005205012861744962,0.5489989462592202,0.48874296435272047,0.6262019230769231,0.12589928057553956,521,545,311,35,243,0.3411894480898257,0.3420795919192172
0.0050071175743132135,0.5487098472880464,0.48828491096532334,0.6262019230769231,0.1223021582733813,521,546,311,34,244,0.3411894480898257,0.3420795919192172
0.004981334898447098,0.5484210526315789,0.48782771535580527,0.6262019230769231,0.11870503597122302,521,547,311,33,245,0.3411894480898257,0.3420795919192172
0.004599121554253793,0.5481325618095739,0.48737137511693174,0.6262019230769231,0.11510791366906475,521,548,311,32,246,0.3411894480898257,0.3420795919192172
0.004552853386937616,0.5478443743427971,0.4869158878504673,0.6262019230769231,0.11151079136690648,521,549,311,31,247,0.3411894480898257,0.3420795919192172
0.004485247943258663,0.5475564897530215,0.4864612511671335,0.6262019230769231,0.1079136690647482,521,550,311,30,248,0.3411894480898257,0.3420795919192172
0.004248637138867362,0.5472689075630253,0.48600746268656714,0.6262019230769231,0.10431654676258993,521,551,311,29,249,0.3411894480898257,0.3420795919192172
0.004125855177701476,0.546981627296588,0.48555452003727867,0.6262019230769231,0.10071942446043165,521,552,311,28,250,0.3411894480898257,0.3420795919192172
0.004024963715059338,0.546694648478489,0.4851024208566108,0.6262019230769231,0.09712230215827339,521,553,311,27,251,0.3411894480898257,0.3420795919192172
0.004011317992654195,0.5474567383324593,0.4855813953488372,0.6274038461538461,0.09712230215827339,522,553,310,27,251,0.3411894480898257,0.3420795919192172
0.0038642367591675275,0.5471698113207547,0.4851301115241636,0.6274038461538461,0.09352517985611511,522,554,310,26,252,0.3411894480898257,0.3420795919192172
0.003852021838728792,0.5468831849135674,0.48467966573816157,0.6274038461538461,0.08992805755395683,522,555,310,25,253,0.3411894480898257,0.3420795919192172
0.003655963095216541,0.5465968586387434,0.4842300556586271,0.6274038461538461,0.08992805755395683,522,556,310,25,253,0.3411894480898257,0.3420795919192172
0.0036167779475778095,0.5463108320251178,0.48378127896200185,0.6274038461538461,0.08633093525179857,522,557,310,24,254,0.3411894480898257,0.3420795919192172
0.0035354213284297664,0.547071129707113,0.4842592592592593,0.6286057692307693,0.08633093525179857,523,557,309,24,254,0.3411894480898257,0.3420795919192172
0.003423132540307794,0.5467851542080502,0.4838112858464385,0.6286057692307693,0.08273381294964029,523,558,309,23,255,0.3411894480898257,0.3420795919192172
0.0033162992743872577,0.5464994775339603,0.4833641404805915,0.6286057692307693,0.07913669064748201,523,559,309,22,256,0.3411894480898257,0.3420795919192172
0.00324950086662229,0.5462140992167102,0.48291782086795937,0.6286057692307693,0.07913669064748201,523,560,309,22,256,0.3411894480898257,0.3420795919192172
0.0030633218704887444,0.545929018789144,0.48247232472324725,0.6286057692307693,0.07553956834532374,523,561,309,21,257,0.3411894480898257,0.3420795919192172
0.003053068023611105,0.5456442357850808,0.48202764976958523,0.6286057692307693,0.07194244604316546,523,562,309,20,258,0.3411894480898257,0.3420795919192172
0.002513185311893651,0.5453597497393118,0.48158379373848986,0.6286057692307693,0.0683453237410072,523,563,309,19,259,0.3411894480898257,0.3420795919192172
0.002487820397763185,0.5450755601875977,0.48114075436982523,0.6286057692307693,0.06474820143884892,523,564,309,18,260,0.3411894480898257,0.3420795919192172
0.0024610796644569666,0.5447916666666667,0.4806985294117647,0.6286057692307693,0.06115107913669065,523,565,309,17,261,0.3411894480898257,0.3420795919192172
0.0024540120363685247,0.5455491931285789,0.48117539026629935,0.6298076923076923,0.06115107913669065,524,565,308,17,261,0.3411894480898257,0.3420795919192172
0.0022382322265975807,0.5452653485952134,0.48073394495412847,0.6298076923076923,0.06115107913669065,524,566,308,17,261,0.3411894480898257,0.3420795919192172
0.002163327349003319,0.5449817992719709,0.48029330889092575,0.6298076923076923,0.05755395683453238,524,567,308,16,262,0.3411894480898257,0.3420795919192172
0.001896903190325927,0.5446985446985447,0.47985347985347987,0.6298076923076923,0.0539568345323741,524,568,308,15,263,0.3411894480898257,0.3420795919192172
0.0018709807684619273,0.5444155844155845,0.4794144556267155,0.6298076923076923,0.050359712230215826,524,569,308,14,264,0.3411894480898257,0.3420795919192172
0.0017923647135643095,0.5441329179646937,0.4789762340036563,0.6298076923076923,0.046762589928057555,524,570,308,13,265,0.3411894480898257,0.3420795919192172
0.0016838246948907565,0.5438505448884277,0.4785388127853881,0.6298076923076923,0.04316546762589928,524,571,308,12,266,0.3411894480898257,0.3420795919192172
0.00153021030487821,0.5435684647302904,0.4781021897810219,0.6298076923076923,0.039568345323741004,524,572,308,11,267,0.3411894480898257,0.3420795919192172
0.0014489456553175017,0.543286677034733,0.47766636280765723,0.6298076923076923,0.03597122302158273,524,573,308,10,268,0.3411894480898257,0.3420795919192172
0.0013954537811067258,0.5430051813471503,0.4772313296903461,0.6298076923076923,0.03237410071942446,524,574,308,9,269,0.3411894480898257,0.3420795919192172
0.0011638291251129251,0.5427239772138788,0.4767970882620564,0.6298076923076923,0.02877697841726619,524,575,308,8,270,0.3411894480898257,0.3420795919192172
0.0008327433450860955,0.5424430641821946,0.4763636363636364,0.6298076923076923,0.025179856115107913,524,576,308,7,271,0.3411894480898257,0.3420795919192172
0.0006922923875236076,0.5421624418003104,0.47593097184377836,0.6298076923076923,0.02158273381294964,524,577,308,6,272,0.3411894480898257,0.3420795919192172
0.000610339119068215,0.5418821096173733,0.47549909255898365,0.6298076923076923,0.017985611510791366,524,578,308,5,273,0.3411894480898257,0.3420795919192172
0.0005666682726481742,0.5416020671834625,0.47506799637352676,0.6298076923076923,0.017985611510791366,524,579,308,5,273,0.3411894480898257,0.3420795919192172
0.0005118689643710816,0.5413223140495868,0.4746376811594203,0.6298076923076923,0.014388489208633094,524,580,308,4,274,0.3411894480898257,0.3420795919192172
0.0004616581718721591,0.5420753742901394,0.4751131221719457,0.6310096153846154,0.014388489208633094,525,580,307,4,274,0.3411894480898257,0.3420795919192172
0.0004307494824709046,0.541795665634675,0.47468354430379744,0.6310096153846154,0.014388489208633094,525,581,307,4,274,0.3411894480898257,0.3420795919192172
0.00041094423678222913,0.5415162454873647,0.4742547425474255,0.6310096153846154,0.01079136690647482,525,582,307,3,275,0.3411894480898257,0.3420795919192172
0.0003817859449043448,0.5412371134020618,0.47382671480144406,0.6310096153846154,0.007194244604316547,525,583,307,2,276,0.3411894480898257,0.3420795919192172
0.00031634869677921174,0.5409582689335394,0.4733994589720469,0.6310096153846154,0.0035971223021582736,525,584,307,1,277,0.3411894480898257,0.3420795919192172
5.8617359000590064e-05,0.5406797116374872,0.47297297297297297,0.6310096153846154,0.0,525,585,307,0,278,0.3411894480898257,0.3420795919192172
