threshold,f1,precision,recall,tnr,tp,fp,fn,tn_unknown,fp_unknown,auc_pr_trapezoid,ap_pr_step
0.5127040579271319,0.0,,0.0,1.0,0,0,346944,115648,0,0.506265343939134,0.5070050532131936
0.5127040579271318,0.0,0.0,0.0,1.0,0,417,346944,115648,0,0.506265343939134,0.5070050532131936
0.46599115207339903,0.002398081534772182,0.5,0.001201923076923077,1.0,417,417,346527,115648,0,0.506265343939134,0.5070050532131936
0.45918790643602114,0.004790419161676647,0.6666666666666666,0.002403846153846154,1.0,834,417,346110,115648,0,0.506265343939134,0.5070050532131936
0.441410292174164,0.007177033492822967,0.75,0.003605769230769231,1.0,1251,417,345693,115648,0,0.506265343939134,0.5070050532131936
0.4370850989735509,0.009557945041816009,0.8,0.004807692307692308,1.0,1668,417,345276,115648,0,0.506265343939134,0.5070050532131936
0.43067251823084596,0.011933174224343675,0.8333333333333334,0.006009615384615385,1.0,2085,417,344859,115648,0,0.506265343939134,0.5070050532131936
0.428965058392077,0.014302741358760428,0.8571428571428571,0.007211538461538462,1.0,2502,417,344442,115648,0,0.506265343939134,0.5070050532131936
0.4254813228974363,0.016666666666666666,0.875,0.008413461538461538,1.0,2919,417,344025,115648,0,0.506265343939134,0.5070050532131936
0.42520873158063965,0.019024970273483946,0.8888888888888888,0.009615384615384616,1.0,3336,417,343608,115648,0,0.506265343939134,0.5070050532131936
0.4195493873167696,0.021377672209026127,0.9,0.010817307692307692,1.0,3753,417,343191,115648,0,0.506265343939134,0.5070050532131936
0.4177763811108394,0.02372479240806643,0.9090909090909091,0.01201923076923077,1.0,4170,417,342774,115648,0,0.506265343939134,0.5070050532131936
0.41475428517173896,0.026066350710900472,0.9166666666666666,0.013221153846153846,1.0,4587,417,342357,115648,0,0.506265343939134,0.5070050532131936
0.4133654870995208,0.028402366863905324,0.9230769230769231,0.014423076923076924,1.0,5004,417,341940,115648,0,0.506265343939134,0.5070050532131936
0.4115717564701985,0.030732860520094562,0.9285714285714286,0.015625,1.0,5421,417,341523,115648,0,0.506265343939134,0.5070050532131936
0.4085741386390731,0.03305785123966942,0.9333333333333333,0.016826923076923076,1.0,5838,417,341106,115648,0,0.506265343939134,0.5070050532131936
0.40073032942405873,0.03537735849056604,0.9375,0.018028846153846152,1.0,6255,417,340689,115648,0,0.506265343939134,0.5070050532131936
0.4006725807718996,0.03769140164899882,0.9411764705882353,0.019230769230769232,1.0,6672,417,340272,115648,0,0.506265343939134,0.5070050532131936
0.3940780685824187,0.04,0.9444444444444444,0.020432692307692308,1.0,7089,417,339855,115648,0,0.506265343939134,0.5070050532131936
0.3906259686650422,0.04230317273795535,0.9473684210526315,0.021634615384615384,1.0,7506,417,339438,115648,0,0.506265343939134,0.5070050532131936
0.38901710345481877,0.04460093896713615,0.95,0.02283653846153846,1.0,7923,417,339021,115648,0,0.506265343939134,0.5070050532131936
0.3758639089853688,0.04689331770222743,0.9523809523809523,0.02403846153846154,1.0,8340,417,338604,115648,0,0.506265343939134,0.5070050532131936
0.3743545485912526,0.04918032786885246,0.9545454545454546,0.025240384615384616,1.0,8757,417,338187,115648,0,0.506265343939134,0.5070050532131936
0.3708364131032238,0.05146198830409357,0.9565217391304348,0.026442307692307692,1.0,9174,417,337770,115648,0,0.506265343939134,0.5070050532131936
0.36115628214223006,0.053738317757009345,0.9583333333333334,0.027644230769230768,1.0,9591,417,337353,115648,0,0.506265343939134,0.5070050532131936
0.3599096316795919,0.056009334889148193,0.96,0.028846153846153848,1.0,10008,417,336936,115648,0,0.506265343939134,0.5070050532131936
0.35866826919845396,0.05827505827505827,0.9615384615384616,0.030048076923076924,1.0,10425,417,336519,115648,0,0.506265343939134,0.5070050532131936
0.3585616538795009,0.06053550640279395,0.9629629629629629,0.03125,1.0,10842,417,336102,115648,0,0.506265343939134,0.5070050532131936
0.3578272438328759,0.06279069767441861,0.9642857142857143,0.03245192307692308,1.0,11259,417,335685,115648,0,0.506265343939134,0.5070050532131936
0.3476404392549693,0.06504065040650407,0.9655172413793104,0.03365384615384615,1.0,11676,417,335268,115648,0,0.506265343939134,0.5070050532131936
0.3309251130639268,0.06728538283062645,0.9666666666666667,0.03485576923076923,1.0,12093,417,334851,115648,0,0.506265343939134,0.5070050532131936
0.3276711497743183,0.06952491309385864,0.967741935483871,0.036057692307692304,1.0,12510,417,334434,115648,0,0.506265343939134,0.5070050532131936
0.32583988575110356,0.07175925925925926,0.96875,0.037259615384615384,1.0,12927,417,334017,115648,0,0.506265343939134,0.5070050532131936
0.3252255109883459,0.07398843930635839,0.9696969696969697,0.038461538461538464,1.0,13344,417,333600,115648,0,0.506265343939134,0.5070050532131936
0.3236250533118483,0.07621247113163972,0.9705882352941176,0.039663461538461536,1.0,13761,417,333183,115648,0,0.506265343939134,0.5070050532131936
0.32079479064480215,0.0784313725490196,0.9714285714285714,0.040865384615384616,1.0,14178,417,332766,115648,0,0.506265343939134,0.5070050532131936
0.3207722818278354,0.08064516129032258,0.9722222222222222,0.042067307692307696,1.0,14595,417,332349,115648,0,0.506265343939134,0.5070050532131936
0.32045454377983834,0.08285385500575373,0.972972972972973,0.04326923076923077,1.0,15012,417,331932,115648,0,0.506265343939134,0.5070050532131936
0.3176688399355635,0.08505747126436781,0.9736842105263158,0.04447115384615385,1.0,15429,417,331515,115648,0,0.506265343939134,0.5070050532131936
0.316292797441068,0.08725602755453502,0.9743589743589743,0.04567307692307692,1.0,15846,417,331098,115648,0,0.506265343939134,0.5070050532131936
0.31604066345209963,0.0871559633027523,0.95,0.04567307692307692,1.0,15846,834,331098,115648,0,0.506265343939134,0.5070050532131936
0.31376022114172364,0.08934707903780069,0.9512195121951219,0.046875,1.0,16263,834,330681,115648,0,0.506265343939134,0.5070050532131936
0.31252687697570625,0.09153318077803203,0.9523809523809523,0.04807692307692308,1.0,16680,834,330264,115648,0,0.506265343939134,0.5070050532131936
0.309374939160766,0.09371428571428571,0.9534883720930233,0.04927884615384615,1.0,17097,834,329847,115648,0,0.506265343939134,0.5070050532131936
0.3027388115210593,0.0958904109589041,0.9545454545454546,0.05048076923076923,1.0,17514,834,329430,115648,0,0.506265343939134,0.5070050532131936
0.30171689230330867,0.09806157354618016,0.9555555555555556,0.051682692307692304,1.0,17931,834,329013,115648,0,0.506265343939134,0.5070050532131936
0.3012749848242824,0.10022779043280182,0.9565217391304348,0.052884615384615384,1.0,18348,834,328596,115648,0,0.506265343939134,0.5070050532131936
0.29991754455812675,0.10238907849829351,0.9574468085106383,0.054086538461538464,1.0,18765,834,328179,115648,0,0.506265343939134,0.5070050532131936
0.29984952903879847,0.10454545454545454,0.9583333333333334,0.055288461538461536,1.0,19182,834,327762,115648,0,0.506265343939134,0.5070050532131936
0.29841394165583823,0.10669693530079455,0.9591836734693877,0.056490384615384616,1.0,19599,834,327345,115648,0,0.506265343939134,0.5070050532131936
0.2964306470716582,0.10884353741496598,0.96,0.057692307692307696,1.0,20016,834,326928,115648,0,0.506265343939134,0.5070050532131936
0.29587430205775,0.11098527746319366,0.9607843137254902,0.05889423076923077,1.0,20433,834,326511,115648,0,0.506265343939134,0.5070050532131936
0.2948131004783555,0.11312217194570136,0.9615384615384616,0.06009615384615385,1.0,20850,834,326094,115648,0,0.506265343939134,0.5070050532131936
0.29420389398657115,0.1152542372881356,0.9622641509433962,0.06129807692307692,1.0,21267,834,325677,115648,0,0.506265343939134,0.5070050532131936
0.2929662841421055,0.11738148984198646,0.9629629629629629,0.0625,1.0,21684,834,325260,115648,0,0.506265343939134,0.5070050532131936
0.2901332790715603,0.11950394588500564,0.9636363636363636,0.06370192307692307,1.0,22101,834,324843,115648,0,0.506265343939134,0.5070050532131936
0.2899879539661485,0.12162162162162163,0.9642857142857143,0.06490384615384616,1.0,22518,834,324426,115648,0,0.506265343939134,0.5070050532131936
0.28528834705497896,0.12373453318335208,0.9649122807017544,0.06610576923076923,1.0,22935,834,324009,115648,0,0.506265343939134,0.5070050532131936
0.2836279780035559,0.1258426966292135,0.9655172413793104,0.0673076923076923,1.0,23352,834,323592,115648,0,0.506265343939134,0.5070050532131936
0.2830556698380191,0.12794612794612795,0.9661016949152542,0.06850961538461539,1.0,23769,834,323175,115648,0,0.506265343939134,0.5070050532131936
0.28268700424267557,0.13004484304932734,0.9666666666666667,0.06971153846153846,1.0,24186,834,322758,115648,0,0.506265343939134,0.5070050532131936
0.2808726179003401,0.13213885778275475,0.9672131147540983,0.07091346153846154,1.0,24603,834,322341,115648,0,0.506265343939134,0.5070050532131936
0.2806100041822612,0.1342281879194631,0.967741935483871,0.07211538461538461,1.0,25020,834,321924,115648,0,0.506265343939134,0.5070050532131936
0.2779706585237448,0.13631284916201117,0.9682539682539683,0.0733173076923077,1.0,25437,834,321507,115648,0,0.506265343939134,0.5070050532131936
0.2779044030857889,0.13839285714285715,0.96875,0.07451923076923077,1.0,25854,834,321090,115648,0,0.506265343939134,0.5070050532131936
0.2775007384158744,0.14046822742474915,0.9692307692307692,0.07572115384615384,1.0,26271,834,320673,115648,0,0.506265343939134,0.5070050532131936
0.27556010515233487,0.14253897550111358,0.9696969696969697,0.07692307692307693,1.0,26688,834,320256,115648,0,0.506265343939134,0.5070050532131936
0.2755501408707884,0.14238080249251764,0.9552580714439115,0.07692307692307693,0.9964028776978417,26688,1250,320256,115232,416,0.506265343939134,0.5070050532131936
0.2752129415902547,0.14444482932275332,0.9559160641862106,0.078125,0.9964028776978417,27105,1250,319839,115232,416,0.506265343939134,0.5070050532131936
0.27393929687677415,0.1465042745052114,0.9565549840122342,0.07932692307692307,0.9964028776978417,27522,1250,319422,115232,416,0.506265343939134,0.5070050532131936
0.27279577945044226,0.14855915327822872,0.9571756483606838,0.08052884615384616,0.9964028776978417,27939,1250,319005,115232,416,0.506265343939134,0.5070050532131936
0.27248791850335086,0.15060948081264108,0.9577788286158211,0.08173076923076923,0.9964028776978417,28356,1250,318588,115232,416,0.506265343939134,0.5070050532131936
0.27230416235148125,0.1526552722121565,0.9583652533057989,0.0829326923076923,0.9964028776978417,28773,1250,318171,115232,416,0.506265343939134,0.5070050532131936
0.2712684604942408,0.15469654251372608,0.9589356110381078,0.08413461538461539,0.9964028776978417,29190,1250,317754,115232,416,0.506265343939134,0.5070050532131936
0.27123053757335414,0.1567333066879124,0.9594905531970055,0.08533653846153846,0.9964028776978417,29607,1250,317337,115232,416,0.506265343939134,0.5070050532131936
0.2699239409387214,0.15876557963925567,0.9600306964251455,0.08653846153846154,0.9964028776978417,30024,1250,316920,115232,416,0.506265343939134,0.5070050532131936
0.26466517862130906,0.160793376206637,0.9605566249092803,0.08774038461538461,0.9964028776978417,30441,1250,316503,115232,416,0.506265343939134,0.5070050532131936
0.26393713848129685,0.16061648533710415,0.9480814750218014,0.08774038461538461,0.9964028776978417,30441,1667,316503,115232,416,0.506265343939134,0.5070050532131936
0.2637947203155959,0.1626377912293231,0.9487471176018447,0.0889423076923077,0.9964028776978417,30858,1667,316086,115232,416,0.506265343939134,0.5070050532131936
0.2623918951123815,0.16465465955576147,0.9493959079594438,0.09014423076923077,0.9964028776978417,31275,1667,315669,115232,416,0.506265343939134,0.5070050532131936
0.2609676919594689,0.16666710491371353,0.9500284780718846,0.09134615384615384,0.9964028776978417,31692,1667,315252,115232,416,0.506265343939134,0.5070050532131936
0.25989703199095493,0.16648499286875623,0.9383271650629164,0.09134615384615384,0.9928057553956835,31692,2083,315252,114816,832,0.506265343939134,0.5070050532131936
0.25776489860310536,0.16849103732001175,0.9390793167992513,0.09254807692307693,0.9928057553956835,32109,2083,314835,114816,832,0.506265343939134,0.5070050532131936
0.2571084836080994,0.17049269695166858,0.9398133433499957,0.09375,0.9928057553956835,32526,2083,314418,114816,832,0.506265343939134,0.5070050532131936
0.25598012654659885,0.17248998612456476,0.940529892080169,0.09495192307692307,0.9928057553956835,32943,2083,314001,114816,832,0.506265343939134,0.5070050532131936
0.2557036282633761,0.17230233324441793,0.9294904350770272,0.09495192307692307,0.9892086330935251,32943,2499,314001,114400,1248,0.506265343939134,0.5070050532131936
0.25336783200188595,0.17429330491140352,0.9303103823307957,0.09615384615384616,0.9892086330935251,33360,2499,313584,114400,1248,0.506265343939134,0.5070050532131936
0.25311688176050273,0.17627994363550964,0.9311114786635792,0.09735576923076923,0.9892086330935251,33777,2499,313167,114400,1248,0.506265343939134,0.5070050532131936
0.2517963694785328,0.17826226354600833,0.931894366772954,0.0985576923076923,0.9892086330935251,34194,2499,312750,114400,1248,0.506265343939134,0.5070050532131936
0.25046183430512425,0.1802402787108063,0.9326596604688763,0.09975961538461539,0.9892086330935251,34611,2499,312333,114400,1248,0.506265343939134,0.5070050532131936
0.2501901829521451,0.18221400313677755,0.9334079462786794,0.10096153846153846,0.9892086330935251,35028,2499,311916,114400,1248,0.506265343939134,0.5070050532131936
0.24958960624378546,0.18418345077009415,0.9341397849462365,0.10216346153846154,0.9892086330935251,35445,2499,311499,114400,1248,0.506265343939134,0.5070050532131936
0.24952166035080925,0.18614863549655467,0.9348557128333463,0.10336538461538461,0.9892086330935251,35862,2499,311082,114400,1248,0.506265343939134,0.5070050532131936
0.24915541060942503,0.1881095711419105,0.9355562432306979,0.1045673076923077,0.9892086330935251,36279,2499,310665,114400,1248,0.506265343939134,0.5070050532131936
0.24875345963927586,0.19006627147219007,0.9362418675851512,0.10576923076923077,0.9892086330935251,36696,2499,310248,114400,1248,0.506265343939134,0.5070050532131936
0.24623658439402163,0.19201875019402104,0.9369130566495002,0.10697115384615384,0.9892086330935251,37113,2499,309831,114400,1248,0.506265343939134,0.5070050532131936
0.24320769467665138,0.19396702095495036,0.9375702615603687,0.10817307692307693,0.9892086330935251,37530,2499,309414,114400,1248,0.506265343939134,0.5070050532131936
0.24273619417740455,0.1959110973437621,0.9382139148494288,0.109375,0.9892086330935251,37947,2499,308997,114400,1248,0.506265343939134,0.5070050532131936
0.24249720668461705,0.1978509928907936,0.9388444313927025,0.11057692307692307,0.9892086330935251,38364,2499,308580,114400,1248,0.506265343939134,0.5070050532131936
0.24123247975697343,0.19978672106824927,0.9394622093023256,0.11177884615384616,0.9892086330935251,38781,2499,308163,114400,1248,0.506265343939134,0.5070050532131936
0.23921313295750202,0.20171829529051233,0.9400676307648033,0.11298076923076923,0.9892086330935251,39198,2499,307746,114400,1248,0.506265343939134,0.5070050532131936
0.23885888337491995,0.20364572891445493,0.9406610628294629,0.1141826923076923,0.9892086330935251,39615,2499,307329,114400,1248,0.506265343939134,0.5070050532131936
0.2376758204855332,0.20556903523974582,0.9412428581505256,0.11538461538461539,0.9892086330935251,40032,2499,306912,114400,1248,0.506265343939134,0.5070050532131936
0.23498129807624663,0.20748822750915638,0.9418133556859458,0.11658653846153846,0.9892086330935251,40449,2499,306495,114400,1248,0.506265343939134,0.5070050532131936
0.2337835793654619,0.20940331890886452,0.9423728813559322,0.11778846153846154,0.9892086330935251,40866,2499,306078,114400,1248,0.506265343939134,0.5070050532131936
0.2328949758155887,0.21131432256875662,0.9429217486638345,0.11899038461538461,0.9892086330935251,41283,2499,305661,114400,1248,0.506265343939134,0.5070050532131936
0.23178867369526884,0.2132212515627277,0.9434602592818842,0.1201923076923077,0.9892086330935251,41700,2499,305244,114400,1248,0.506265343939134,0.5070050532131936
0.23104423491965664,0.21512411890897948,0.9439887036040883,0.12139423076923077,0.9892086330935251,42117,2499,304827,114400,1248,0.506265343939134,0.5070050532131936
0.23078910540714143,0.21702293757031663,0.9445073612684032,0.12259615384615384,0.9892086330935251,42534,2499,304410,114400,1248,0.506265343939134,0.5070050532131936
0.23009053829681836,0.2189177204544412,0.945016501650165,0.12379807692307693,0.9892086330935251,42951,2499,303993,114400,1248,0.506265343939134,0.5070050532131936
0.2296563573469782,0.22080848041424503,0.9455163843286023,0.125,0.9892086330935251,43368,2499,303576,114400,1248,0.506265343939134,0.5070050532131936
0.2296025451069369,0.22269523024810034,0.9460072595281307,0.12620192307692307,0.9892086330935251,43785,2499,303159,114400,1248,0.506265343939134,0.5070050532131936
0.2293530261132668,0.22457798270014862,0.9464893685360056,0.12740384615384615,0.9892086330935251,44202,2499,302742,114400,1248,0.506265343939134,0.5070050532131936
0.22547460796669228,0.2264567504605874,0.946962944097797,0.12860576923076922,0.9892086330935251,44619,2499,302325,114400,1248,0.506265343939134,0.5070050532131936
0.2233728071061134,0.2283315461659556,0.947428210792048,0.12980769230769232,0.9892086330935251,45036,2499,301908,114400,1248,0.506265343939134,0.5070050532131936
0.22300780508095575,0.23020238239941657,0.9478853853853854,0.1310096153846154,0.9892086330935251,45453,2499,301491,114400,1248,0.506265343939134,0.5070050532131936
0.22191623687919843,0.23206927169103975,0.9483346771692613,0.13221153846153846,0.9892086330935251,45870,2499,301074,114400,1248,0.506265343939134,0.5070050532131936
0.22071506658632145,0.2318253147987638,0.9402480270574972,0.13221153846153846,0.9856115107913669,45870,2915,301074,113984,1664,0.506265343939134,0.5070050532131936
0.21971433063853363,0.23368657010294183,0.9407544408763872,0.13341346153846154,0.9856115107913669,46287,2915,300657,113984,1664,0.506265343939134,0.5070050532131936
0.21881688253768916,0.2355439110557465,0.9412523428525363,0.1346153846153846,0.9856115107913669,46704,2915,300240,113984,1664,0.506265343939134,0.5070050532131936
0.21841322378515227,0.23739734999244294,0.9417419457990247,0.13581730769230768,0.9856115107913669,47121,2915,299823,113984,1664,0.506265343939134,0.5070050532131936
0.21576868493174095,0.23924689919652137,0.9422234554932313,0.13701923076923078,0.9856115107913669,47538,2915,299406,113984,1664,0.506265343939134,0.5070050532131936
0.21571626481514394,0.24109257089996833,0.9426970709652054,0.13822115384615385,0.9856115107913669,47955,2915,298989,113984,1664,0.506265343939134,0.5070050532131936
0.21555761153093905,0.24293437728353645,0.9431629847719695,0.13942307692307693,0.9856115107913669,48372,2915,298572,113984,1664,0.506265343939134,0.5070050532131936
0.21521851808440806,0.2447723304770123,0.9436213832585486,0.140625,0.9856115107913669,48789,2915,298155,113984,1664,0.506265343939134,0.5070050532131936
0.21514752975416018,0.2466064425594828,0.9440724468064695,0.14182692307692307,0.9856115107913669,49206,2915,297738,113984,1664,0.506265343939134,0.5070050532131936
0.2144625304992398,0.24843672555959967,0.9445163500704252,0.14302884615384615,0.9856115107913669,49623,2915,297321,113984,1664,0.506265343939134,0.5070050532131936
0.21417106007860204,0.24817766486037723,0.9370786516853933,0.14302884615384615,0.9856115107913669,49623,3332,297321,113984,1664,0.506265343939134,0.5070050532131936
0.21130818627578596,0.250002498026559,0.9375702615603687,0.14423076923076922,0.9856115107913669,50040,3332,296904,113984,1664,0.506265343939134,0.5070050532131936
0.20988835311808302,0.25182353337509017,0.9380542490100207,0.14543269230769232,0.9856115107913669,50457,3332,296487,113984,1664,0.506265343939134,0.5070050532131936
0.20952452770240082,0.2536407827495949,0.938530789949452,0.1466346153846154,0.9856115107913669,50874,3332,296070,113984,1664,0.506265343939134,0.5070050532131936
0.20942592616054978,0.25545425794450244,0.9390000549219193,0.14783653846153846,0.9856115107913669,51291,3332,295653,113984,1664,0.506265343939134,0.5070050532131936
0.2091905262369056,0.2572639707053017,0.9394622093023256,0.14903846153846154,0.9856115107913669,51708,3332,295236,113984,1664,0.506265343939134,0.5070050532131936
0.20911507377956218,0.2590699327287954,0.939917413491534,0.1502403846153846,0.9856115107913669,52125,3332,294819,113984,1664,0.506265343939134,0.5070050532131936
0.20889256713652238,0.2608721556633517,0.9403658231019795,0.15144230769230768,0.9856115107913669,52542,3332,294402,113984,1664,0.506265343939134,0.5070050532131936
0.2076434854927518,0.2626706511091547,0.9408075891350305,0.15264423076923078,0.9856115107913669,52959,3332,293985,113984,1664,0.506265343939134,0.5070050532131936
0.20749998315630214,0.2644654306184535,0.9412428581505256,0.15384615384615385,0.9856115107913669,53376,3332,293568,113984,1664,0.506265343939134,0.5070050532131936
0.20424807179051585,0.2662565056958094,0.941671772428884,0.15504807692307693,0.9856115107913669,53793,3332,293151,113984,1664,0.506265343939134,0.5070050532131936
0.2033594685649167,0.2680438877983416,0.9420944701261688,0.15625,0.9856115107913669,54210,3332,292734,113984,1664,0.506265343939134,0.5070050532131936
0.20324647175613553,0.2698275883359718,0.9425110854224538,0.15745192307692307,0.9856115107913669,54627,3332,292317,113984,1664,0.506265343939134,0.5070050532131936
0.20294693758580296,0.27160761867166683,0.9429217486638345,0.15865384615384615,0.9856115107913669,55044,3332,291900,113984,1664,0.506265343939134,0.5070050532131936
0.2014830779781691,0.2733839901216798,0.9433265864983926,0.15985576923076922,0.9856115107913669,55461,3332,291483,113984,1664,0.506265343939134,0.5070050532131936
0.20043454698027552,0.27515671395579017,0.9437257220064178,0.16105769230769232,0.9856115107913669,55878,3332,291066,113984,1664,0.506265343939134,0.5070050532131936
0.19981724598712214,0.27692580139754186,0.9441192748251631,0.1622596153846154,0.9856115107913669,56295,3332,290649,113984,1664,0.506265343939134,0.5070050532131936
0.19785600477735188,0.2786912636244803,0.9445073612684032,0.16346153846153846,0.9856115107913669,56712,3332,290232,113984,1664,0.506265343939134,0.5070050532131936
0.19692996764909793,0.2804531117683877,0.9448900944410447,0.16466346153846154,0.9856115107913669,57129,3332,289815,113984,1664,0.506265343939134,0.5070050532131936
0.19526912962039789,0.2822113569155171,0.9452675843490259,0.1658653846153846,0.9856115107913669,57546,3332,289398,113984,1664,0.506265343939134,0.5070050532131936
0.19489620886721792,0.28396601010682465,0.9456399380047312,0.16706730769230768,0.9856115107913669,57963,3332,288981,113984,1664,0.506265343939134,0.5070050532131936
0.1947552163439793,0.2857170823382013,0.9460072595281307,0.16826923076923078,0.9856115107913669,58380,3332,288564,113984,1664,0.506265343939134,0.5070050532131936
0.1922453307747654,0.2874645845607019,0.9463696502438474,0.16947115384615385,0.9856115107913669,58797,3332,288147,113984,1664,0.506265343939134,0.5070050532131936
0.1917162557549178,0.2871725492015659,0.9400751458949557,0.16947115384615385,0.9820143884892086,58797,3748,288147,113568,2080,0.506265343939134,0.5070050532131936
0.19158143220446883,0.2889150195410655,0.9404720307487056,0.17067307692307693,0.9820143884892086,59214,3748,287730,113568,2080,0.506265343939134,0.5070050532131936
0.18958894632494427,0.29065394823102775,0.9408636930213478,0.171875,0.9820143884892086,59631,3748,287313,113568,2080,0.506265343939134,0.5070050532131936
0.18940624785670723,0.2903595714066597,0.9347284269927111,0.171875,0.9784172661870504,59631,4164,287313,113152,2496,0.506265343939134,0.5070050532131936
0.18932263800782884,0.292093511951668,0.9351523079798169,0.17307692307692307,0.9784172661870504,60048,4164,286896,113152,2496,0.506265343939134,0.5070050532131936
0.18917121042604568,0.2938239388881195,0.9355707190270621,0.17427884615384615,0.9784172661870504,60465,4164,286479,113152,2496,0.506265343939134,0.5070050532131936
0.18915241581454767,0.29352654190635696,0.9295729176275251,0.17427884615384615,0.9784172661870504,60465,4581,286479,113152,2496,0.506265343939134,0.5070050532131936
0.18886024530617507,0.2952520204555209,0.9300215388845607,0.17548076923076922,0.9784172661870504,60882,4581,286062,113152,2496,0.506265343939134,0.5070050532131936
0.18838257505703082,0.296974013138771,0.930464480874317,0.17668269230769232,0.9784172661870504,61299,4581,285645,113152,2496,0.506265343939134,0.5070050532131936
0.18667268121839192,0.29869253050883143,0.9309018507624779,0.1778846153846154,0.9784172661870504,61716,4581,285228,113152,2496,0.506265343939134,0.5070050532131936
0.18632131273087021,0.3004075830758743,0.9313337530353449,0.17908653846153846,0.9784172661870504,62133,4581,284811,113152,2496,0.506265343939134,0.5070050532131936
0.18448271096572033,0.30211918130773413,0.931760289583054,0.18028846153846154,0.9784172661870504,62550,4581,284394,113152,2496,0.506265343939134,0.5070050532131936
0.1844504459049615,0.3038273356301207,0.9321815597797122,0.1814903846153846,0.9784172661870504,62967,4581,283977,113152,2496,0.506265343939134,0.5070050532131936
0.1837005145941477,0.30553205642683096,0.9325976605605827,0.18269230769230768,0.9784172661870504,63384,4581,283560,113152,2496,0.506265343939134,0.5070050532131936
0.18359860900663638,0.3052252929024429,0.9269105905062736,0.18269230769230768,0.9784172661870504,63384,4998,283560,113152,2496,0.506265343939134,0.5070050532131936
0.1817928516453099,0.3069251917651049,0.927353595255745,0.18389423076923078,0.9784172661870504,63801,4998,283143,113152,2496,0.506265343939134,0.5070050532131936
0.18115500404019147,0.30661764705882355,0.9217666435506241,0.18389423076923078,0.9784172661870504,63801,5415,283143,113152,2496,0.506265343939134,0.5070050532131936
0.17943205379721283,0.308312748903564,0.9222351471285166,0.18509615384615385,0.9784172661870504,64218,5415,282726,113152,2496,0.506265343939134,0.5070050532131936
0.1792386543958303,0.31000446049583447,0.9226980728051392,0.18629807692307693,0.9784172661870504,64635,5415,282309,113152,2496,0.506265343939134,0.5070050532131936
0.1787655981427031,0.31169279199637767,0.9231555196049215,0.1875,0.9784172661870504,65052,5415,281892,113152,2496,0.506265343939134,0.5070050532131936
0.1785640215682196,0.31337775352537406,0.9236075842221093,0.18870192307692307,0.9784172661870504,65469,5415,281475,113152,2496,0.506265343939134,0.5070050532131936
0.17542014432210806,0.3150593551626439,0.9240543610889048,0.18990384615384615,0.9784172661870504,65886,5415,281058,113152,2496,0.506265343939134,0.5070050532131936
0.17492779679270698,0.314746298317732,0.9186943123666634,0.18990384615384615,0.9748201438848921,65886,5831,281058,112736,2912,0.506265343939134,0.5070050532131936
0.1747057913753971,0.31642319568194943,0.9191643330468295,0.19110576923076922,0.9748201438848921,66303,5831,280641,112736,2912,0.506265343939134,0.5070050532131936
0.17466924163129527,0.31610940800106796,0.9138938662991041,0.19110576923076922,0.9712230215827338,66303,6247,280641,112320,3328,0.506265343939134,0.5070050532131936
0.17449783988104584,0.31579624205186824,0.9086834964229915,0.19110576923076922,0.9676258992805755,66303,6663,280641,111904,3744,0.506265343939134,0.5070050532131936
0.1725614145124722,0.31548294542106503,0.9035198888025837,0.19110576923076922,0.9676258992805755,66303,7080,280641,111904,3744,0.506265343939134,0.5070050532131936
0.1710214130487221,0.31715247276253494,0.9040650406504065,0.19230769230769232,0.9676258992805755,66720,7080,280224,111904,3744,0.506265343939134,0.5070050532131936
0.17090998509549427,0.3188186940386218,0.9046040664537774,0.1935096153846154,0.9676258992805755,67137,7080,279807,111904,3744,0.506265343939134,0.5070050532131936
0.17089047250899275,0.3204816190598181,0.9051370688962135,0.19471153846153846,0.9676258992805755,67554,7080,279390,111904,3744,0.506265343939134,0.5070050532131936
0.17087396568220725,0.3201656895595672,0.9001199200532978,0.19471153846153846,0.9640287769784173,67554,7496,279390,111488,4160,0.506265343939134,0.5070050532131936
0.17060410901142853,0.321824005530159,0.900671816820597,0.19591346153846154,0.9640287769784173,67971,7496,278973,111488,4160,0.506265343939134,0.5070050532131936
0.17058719683888057,0.3215073777218579,0.8957342224213592,0.19591346153846154,0.960431654676259,67971,7912,278973,111072,4576,0.506265343939134,0.5070050532131936
0.17025647862068316,0.3231611080133445,0.8963040629095675,0.1971153846153846,0.960431654676259,68388,7912,278556,111072,4576,0.506265343939134,0.5070050532131936
0.16974967852811185,0.32481158284571865,0.8968677085913161,0.19831730769230768,0.960431654676259,68805,7912,278139,111072,4576,0.506265343939134,0.5070050532131936
0.16923602665696574,0.3264588118223534,0.8974252599372521,0.19951923076923078,0.960431654676259,69222,7912,277722,111072,4576,0.506265343939134,0.5070050532131936
0.16893744298360686,0.328102804508887,0.8979768152570566,0.20072115384615385,0.960431654676259,69639,7912,277305,111072,4576,0.506265343939134,0.5070050532131936
0.16841051534722873,0.3277815824960992,0.8931855785139867,0.20072115384615385,0.9568345323741008,69639,8328,277305,110656,4992,0.506265343939134,0.5070050532131936
0.16796160105038915,0.3274609888391755,0.8884451985762218,0.20072115384615385,0.9532374100719424,69639,8744,277305,110240,5408,0.506265343939134,0.5070050532131936
0.16718452811487294,0.329099176970198,0.8890355329949239,0.20192307692307693,0.9532374100719424,70056,8744,276888,110240,5408,0.506265343939134,0.5070050532131936
0.16570586375488505,0.32877715229690185,0.8843556307358269,0.20192307692307693,0.9532374100719424,70056,9161,276888,110240,5408,0.506265343939134,0.5070050532131936
0.1654764023304296,0.33041085100497447,0.884961197478464,0.203125,0.9532374100719424,70473,9161,276471,110240,5408,0.506265343939134,0.5070050532131936
0.16521809388641362,0.33008894738567757,0.8803622735790131,0.203125,0.9496402877697842,70473,9577,276471,109824,5824,0.506265343939134,0.5070050532131936
0.16482914063158727,0.3317181822648458,0.8809822660220961,0.20432692307692307,0.9496402877697842,70890,9577,276054,109824,5824,0.506265343939134,0.5070050532131936
0.1642765744505334,0.33334424114363714,0.8815958656841897,0.20552884615384615,0.9496402877697842,71307,9577,275637,109824,5824,0.506265343939134,0.5070050532131936
0.16368671153592756,0.3349671332998634,0.8822031709327068,0.20673076923076922,0.9496402877697842,71724,9577,275220,109824,5824,0.506265343939134,0.5070050532131936
0.16095865926770137,0.33658686797523457,0.882804278127218,0.20793269230769232,0.9496402877697842,72141,9577,274803,109824,5824,0.506265343939134,0.5070050532131936
0.1605662903108458,0.33820345437553456,0.8833992816704207,0.2091346153846154,0.9496402877697842,72558,9577,274386,109824,5824,0.506265343939134,0.5070050532131936
0.15889716670475362,0.33981690167079553,0.8839882740575637,0.21033653846153846,0.9496402877697842,72975,9577,273969,109824,5824,0.506265343939134,0.5070050532131936
0.15799221264493468,0.3414272189954712,0.8845713459243814,0.21153846153846154,0.9496402877697842,73392,9577,273552,109824,5824,0.506265343939134,0.5070050532131936
0.15686799962018827,0.3430344154486092,0.8851485860935888,0.2127403846153846,0.9496402877697842,73809,9577,273135,109824,5824,0.506265343939134,0.5070050532131936
0.1568642762908149,0.3446385000940227,0.8857200816199897,0.21394230769230768,0.9496402877697842,74226,9577,272718,109824,5824,0.506265343939134,0.5070050532131936
0.1563320247668223,0.3462394819604605,0.8862859178342436,0.21514423076923078,0.9496402877697842,74643,9577,272301,109824,5824,0.506265343939134,0.5070050532131936
0.15625030558137715,0.3478373700417766,0.8868461783853397,0.21634615384615385,0.9496402877697842,75060,9577,271884,109824,5824,0.506265343939134,0.5070050532131936
0.15623309036920774,0.3494321732970986,0.887400945281821,0.21754807692307693,0.9496402877697842,75477,9577,271467,109824,5824,0.506265343939134,0.5070050532131936
0.15605340390840905,0.351023900650995,0.8879502989318014,0.21875,0.9496402877697842,75894,9577,271050,109824,5824,0.506265343939134,0.5070050532131936
0.15574575052007433,0.35261256099364185,0.8884943181818182,0.21995192307692307,0.9496402877697842,76311,9577,270633,109824,5824,0.506265343939134,0.5070050532131936
0.15570104642513682,0.3541981631809883,0.8890330803545565,0.22115384615384615,0.9496402877697842,76728,9577,270216,109824,5824,0.506265343939134,0.5070050532131936
0.1546102905324011,0.3557807160349209,0.889566661285487,0.22235576923076922,0.9496402877697842,77145,9577,269799,109824,5824,0.506265343939134,0.5070050532131936
0.15453020721116317,0.3573602283434274,0.8900951353584503,0.22355769230769232,0.9496402877697842,77562,9577,269382,109824,5824,0.506265343939134,0.5070050532131936
0.15445360876508274,0.3589367088607595,0.8906185755402257,0.2247596153846154,0.9496402877697842,77979,9577,268965,109824,5824,0.506265343939134,0.5070050532131936
0.15421917200418683,0.3605101663075943,0.8911370534141156,0.22596153846153846,0.9496402877697842,78396,9577,268548,109824,5824,0.506265343939134,0.5070050532131936
0.15420995953800365,0.36208060937119546,0.8916506392125806,0.22716346153846154,0.9496402877697842,78813,9577,268131,109824,5824,0.506265343939134,0.5070050532131936
0.15387287962510288,0.36364804670557266,0.8921594018489534,0.2283653846153846,0.9496402877697842,79230,9577,267714,109824,5824,0.506265343939134,0.5070050532131936
0.15384468288218384,0.36521248693164104,0.892663408948265,0.22956730769230768,0.9496402877697842,79647,9577,267297,109824,5824,0.506265343939134,0.5070050532131936
0.15359437580546081,0.3667739386373787,0.8931627268772102,0.23076923076923078,0.9496402877697842,80064,9577,266880,109824,5824,0.506265343939134,0.5070050532131936
0.1534608858308557,0.36833241037798453,0.8936574207732795,0.23197115384615385,0.9496402877697842,80481,9577,266463,109824,5824,0.506265343939134,0.5070050532131936
0.15324450913699716,0.3698879106760337,0.8941475545730865,0.23317307692307693,0.9496402877697842,80898,9577,266046,109824,5824,0.506265343939134,0.5070050532131936
0.15297332535154773,0.3695356252112663,0.8900453285217621,0.23317307692307693,0.9496402877697842,80898,9994,266046,109824,5824,0.506265343939134,0.5070050532131936
0.15110794733121535,0.37108702051098336,0.890547481628317,0.234375,0.9496402877697842,81315,9994,265629,109824,5824,0.506265343939134,0.5070050532131936
0.15082523501395273,0.3726354662958488,0.8910450690098772,0.23557692307692307,0.9496402877697842,81732,9994,265212,109824,5824,0.506265343939134,0.5070050532131936
0.15023300865699218,0.37418097096930675,0.8915381526540269,0.23677884615384615,0.9496402877697842,82149,9994,264795,109824,5824,0.506265343939134,0.5070050532131936
0.1499370949558595,0.3757235429029087,0.8920267934312878,0.23798076923076922,0.9496402877697842,82566,9994,264378,109824,5824,0.506265343939134,0.5070050532131936
0.14945187629530082,0.3753673955096483,0.8880260709637867,0.23798076923076922,0.9496402877697842,82566,10411,264378,109824,5824,0.506265343939134,0.5070050532131936
0.148724069509917,0.3769059222688026,0.8885260295093903,0.23918269230769232,0.9496402877697842,82983,10411,263961,109824,5824,0.506265343939134,0.5070050532131936
0.1486261675286804,0.37844153781579337,0.8890215433158158,0.2403846153846154,0.9496402877697842,83400,10411,263544,109824,5824,0.506265343939134,0.5070050532131936
0.14832201221361258,0.37808383124949,0.8850872352167084,0.2403846153846154,0.9496402877697842,83400,10828,263544,109824,5824,0.506265343939134,0.5070050532131936
0.1471736466617265,0.3796154342612701,0.8855935337313118,0.24158653846153846,0.9496402877697842,83817,10828,263127,109824,5824,0.506265343939134,0.5070050532131936
0.14716774595083848,0.3811441473645154,0.8860953903768067,0.24278846153846154,0.9496402877697842,84234,10828,262710,109824,5824,0.506265343939134,0.5070050532131936
0.14689768786163843,0.3826699787307622,0.8865928633521507,0.2439903846153846,0.9496402877697842,84651,10828,262293,109824,5824,0.506265343939134,0.5070050532131936
0.14658030710242365,0.38231050110762604,0.8827467542624746,0.2439903846153846,0.9460431654676259,84651,11244,262293,109408,6240,0.506265343939134,0.5070050532131936
0.14648574160310435,0.38383236775136714,0.8832544231248443,0.24519230769230768,0.9460431654676259,85068,11244,261876,109408,6240,0.506265343939134,0.5070050532131936
0.14647315124462706,0.38535137364680744,0.8837577148528363,0.24639423076923078,0.9460431654676259,85485,11244,261459,109408,6240,0.506265343939134,0.5070050532131936
0.1459142149993395,0.386867526852665,0.884256685813106,0.24759615384615385,0.9460431654676259,85902,11244,261042,109408,6240,0.506265343939134,0.5070050532131936
0.14566055270320155,0.3883808353974178,0.8847513914086282,0.24879807692307693,0.9460431654676259,86319,11244,260625,109408,6240,0.506265343939134,0.5070050532131936
0.14539855973640692,0.388016829840602,0.8809859154929578,0.24879807692307693,0.9460431654676259,86319,11661,260625,109408,6240,0.506265343939134,0.5070050532131936
0.14515425886473476,0.38765437643149053,0.8772612707833651,0.24879807692307693,0.9424460431654677,86319,12077,260625,108992,6656,0.506265343939134,0.5070050532131936
0.144669730212186,0.38916270524074775,0.8777792395737403,0.25,0.9424460431654677,86736,12077,260208,108992,6656,0.506265343939134,0.5070050532131936
0.14440872546329708,0.39066821464271784,0.878292854983372,0.2512019230769231,0.9424460431654677,87153,12077,259791,108992,6656,0.506265343939134,0.5070050532131936
0.1432014941244667,0.3921709125351832,0.878802171665981,0.25240384615384615,0.9424460431654677,87570,12077,259374,108992,6656,0.506265343939134,0.5070050532131936
0.14319035130635194,0.3918050683656668,0.8751399104573073,0.25240384615384615,0.9424460431654677,87570,12494,259374,108992,6656,0.506265343939134,0.5070050532131936
0.1430668998489234,0.3933039056825166,0.8756580846130114,0.2536057692307692,0.9424460431654677,87987,12494,258957,108992,6656,0.506265343939134,0.5070050532131936
0.14288368049492906,0.39479995176870414,0.8761719756585858,0.2548076923076923,0.9424460431654677,88404,12494,258540,108992,6656,0.506265343939134,0.5070050532131936
0.14281176074750268,0.39629321441398835,0.8766816364802843,0.25600961538461536,0.9424460431654677,88821,12494,258123,108992,6656,0.506265343939134,0.5070050532131936
0.14271117528508637,0.39592489903627565,0.8730881138678095,0.25600961538461536,0.9424460431654677,88821,12911,258123,108992,6656,0.506265343939134,0.5070050532131936
0.14268758511742574,0.3974143440222849,0.8736062027038933,0.25721153846153844,0.9424460431654677,89238,12911,257706,108992,6656,0.506265343939134,0.5070050532131936
0.14261240123278662,0.3989010255611666,0.8741200787785426,0.25841346153846156,0.9424460431654677,89655,12911,257289,108992,6656,0.506265343939134,0.5070050532131936
0.14202720258432344,0.40038495133655017,0.8746297932668499,0.25961538461538464,0.9424460431654677,90072,12911,256872,108992,6656,0.506265343939134,0.5070050532131936
0.14103588674941514,0.40186612900360613,0.8751353965183752,0.2608173076923077,0.9424460431654677,90489,12911,256455,108992,6656,0.506265343939134,0.5070050532131936
0.14008151381152611,0.40334456618917786,0.8756369380737259,0.2620192307692308,0.9424460431654677,90906,12911,256038,108992,6656,0.506265343939134,0.5070050532131936
0.1397536108324825,0.40482027049191227,0.8761344666807376,0.26322115384615385,0.9424460431654677,91323,12911,255621,108992,6656,0.506265343939134,0.5070050532131936
0.13973536345329285,0.4062932494823902,0.8766280303102694,0.2644230769230769,0.9424460431654677,91740,12911,255204,108992,6656,0.506265343939134,0.5070050532131936
0.13972347406426983,0.40776351070325567,0.8771176761716222,0.265625,0.9424460431654677,92157,12911,254787,108992,6656,0.506265343939134,0.5070050532131936
0.1391097924011958,0.4073876785086721,0.8736502820306205,0.265625,0.9424460431654677,92157,13328,254787,108992,6656,0.506265343939134,0.5070050532131936
0.13892838270408014,0.4088542241733393,0.8741477970198863,0.2668269230769231,0.9424460431654677,92574,13328,254370,108992,6656,0.506265343939134,0.5070050532131936
0.13860730574978686,0.41031807140666676,0.8746414093435793,0.26802884615384615,0.9424460431654677,92991,13328,253953,108992,6656,0.506265343939134,0.5070050532131936
0.13857910743957524,0.4117792276494445,0.8751311647429171,0.2692307692307692,0.9424460431654677,93408,13328,253536,108992,6656,0.506265343939134,0.5070050532131936
0.13846909392436635,0.41140108831373035,0.8717254766548767,0.2692307692307692,0.9424460431654677,93408,13745,253536,108992,6656,0.506265343939134,0.5070050532131936
0.13642401918807479,0.4110245471526667,0.8683542656341511,0.2692307692307692,0.9388489208633094,93408,14161,253536,108576,7072,0.506265343939134,0.5070050532131936
0.13632610318087313,0.41064869463146997,0.86500902903181,0.2692307692307692,0.935251798561151,93408,14577,253536,108160,7488,0.506265343939134,0.5070050532131936
0.13575100573229226,0.4102726278478344,0.8616815187911662,0.2692307692307692,0.935251798561151,93408,14994,253536,108160,7488,0.506265343939134,0.5070050532131936
0.13524913036910163,0.41172714766227186,0.8622115623190804,0.2704326923076923,0.935251798561151,93825,14994,253119,108160,7488,0.506265343939134,0.5070050532131936
0.13506164782951857,0.4131790082862028,0.8627375590464682,0.27163461538461536,0.935251798561151,94242,14994,252702,108160,7488,0.506265343939134,0.5070050532131936
0.13467894616861065,0.41462821700536795,0.8632595551421302,0.27283653846153844,0.935251798561151,94659,14994,252285,108160,7488,0.506265343939134,0.5070050532131936
0.13448141493218735,0.4160747810789166,0.8637775960752249,0.27403846153846156,0.935251798561151,95076,14994,251868,108160,7488,0.506265343939134,0.5070050532131936
0.13327588018540737,0.41751870773952793,0.8642917266284721,0.27524038461538464,0.935251798561151,95493,14994,251451,108160,7488,0.506265343939134,0.5070050532131936
0.1331732758754116,0.4171384389579074,0.8610419822549231,0.27524038461538464,0.935251798561151,95493,15411,251451,108160,7488,0.506265343939134,0.5070050532131936
0.13297961377708234,0.41857876992569804,0.8615625084215917,0.2764423076923077,0.935251798561151,95910,15411,251034,108160,7488,0.506265343939134,0.5070050532131936
0.13217137399822476,0.4200164820071422,0.8620791494388659,0.2776442307692308,0.935251798561151,96327,15411,250617,108160,7488,0.506265343939134,0.5070050532131936
0.13206539538599749,0.42145158233844987,0.8625919486425037,0.27884615384615385,0.935251798561151,96744,15411,250200,108160,7488,0.506265343939134,0.5070050532131936
0.1315060048488994,0.42288407802992717,0.8631009487261486,0.2800480769230769,0.935251798561151,97161,15411,249783,108160,7488,0.506265343939134,0.5070050532131936
0.1305512687745225,0.42431397616609373,0.8636061917531795,0.28125,0.935251798561151,97578,15411,249366,108160,7488,0.506265343939134,0.5070050532131936
0.13053020748866184,0.42574128380579995,0.864107719168298,0.2824519230769231,0.935251798561151,97995,15411,248949,108160,7488,0.506265343939134,0.5070050532131936
0.13010148405393712,0.4271660079823425,0.8646055718088611,0.28365384615384615,0.935251798561151,98412,15411,248532,108160,7488,0.506265343939134,0.5070050532131936
0.1293759083279672,0.42858815570358033,0.8650997899159664,0.2848557692307692,0.935251798561151,98829,15411,248115,108160,7488,0.506265343939134,0.5070050532131936
0.12901584145260592,0.42820190641247835,0.8619609963717555,0.2848557692307692,0.9316546762589928,98829,15827,248115,107744,7904,0.506265343939134,0.5070050532131936
0.12743252146420947,0.4296205550877998,0.8624612202688728,0.2860576923076923,0.9316546762589928,99246,15827,247698,107744,7904,0.506265343939134,0.5070050532131936
0.12611293795357337,0.4310366452293733,0.8629578318469131,0.28725961538461536,0.9316546762589928,99663,15827,247281,107744,7904,0.506265343939134,0.5070050532131936
0.12585472763587358,0.4324501837524387,0.8634508700941272,0.28846153846153844,0.9316546762589928,100080,15827,246864,107744,7904,0.506265343939134,0.5070050532131936
0.12545161561375595,0.4338611775473376,0.8639403734397029,0.28966346153846156,0.9316546762589928,100497,15827,246447,107744,7904,0.506265343939134,0.5070050532131936
0.12484458320743896,0.43347193347193347,0.8608617440465993,0.28966346153846156,0.9280575539568345,100497,16243,246447,107328,8320,0.506265343939134,0.5070050532131936
0.12476834953707039,0.4330833872010343,0.8578049779780805,0.28966346153846156,0.9244604316546763,100497,16659,246447,106912,8736,0.506265343939134,0.5070050532131936
0.12447178433876316,0.43449001866454834,0.8583093057079432,0.29086538461538464,0.9244604316546763,100914,16659,246030,106912,8736,0.506265343939134,0.5070050532131936
0.12440267316532672,0.4358941269083354,0.8588100686498856,0.2920673076923077,0.9244604316546763,101331,16659,245613,106912,8736,0.506265343939134,0.5070050532131936
0.12427117992172054,0.4372957187155502,0.8593073044667967,0.2932692307692308,0.9244604316546763,101748,16659,245196,106912,8736,0.506265343939134,0.5070050532131936
0.12406601662619787,0.4386948008450559,0.8598010502928701,0.29447115384615385,0.9244604316546763,102165,16659,244779,106912,8736,0.506265343939134,0.5070050532131936
0.12357324967513361,0.44009138003153253,0.8602913427428485,0.2956730769230769,0.9244604316546763,102582,16659,244362,106912,8736,0.506265343939134,0.5070050532131936
0.12349697127741355,0.44148546298558516,0.8607782179210751,0.296875,0.9244604316546763,102999,16659,243945,106912,8736,0.506265343939134,0.5070050532131936
0.12299476143333998,0.4428770563938512,0.861261711430356,0.2980769230769231,0.9244604316546763,103416,16659,243528,106912,8736,0.506265343939134,0.5070050532131936
0.12298460361817809,0.4424819654455369,0.8582810477044119,0.2980769230769231,0.9244604316546763,103416,17076,243528,106912,8736,0.506265343939134,0.5070050532131936
0.12287657154898202,0.44208757879077404,0.8553209438503337,0.2980769230769231,0.9244604316546763,103416,17493,243528,106912,8736,0.506265343939134,0.5070050532131936
0.12241194448065529,0.44347491831635594,0.8558182087928391,0.29927884615384615,0.9244604316546763,103833,17493,243111,106912,8736,0.506265343939134,0.5070050532131936
0.12235830703715878,0.44485978915566254,0.8563120672235776,0.3004807692307692,0.9244604316546763,104250,17493,242694,106912,8736,0.506265343939134,0.5070050532131936
0.12232017518302973,0.44624219789215186,0.8568025540275049,0.3016826923076923,0.9244604316546763,104667,17493,242277,106912,8736,0.506265343939134,0.5070050532131936
0.1205359420394796,0.4476221510858939,0.8572897036148707,0.30288461538461536,0.9244604316546763,105084,17493,241860,106912,8736,0.506265343939134,0.5070050532131936
0.12050213100104623,0.4472249530789168,0.8543831406410068,0.30288461538461536,0.9244604316546763,105084,17910,241860,106912,8736,0.506265343939134,0.5070050532131936
0.1203907465836005,0.44860158816213286,0.8548751732017406,0.30408653846153844,0.9244604316546763,105501,17910,241443,106912,8736,0.506265343939134,0.5070050532131936
0.11911722994154628,0.44997578445616987,0.8553638918499855,0.30528846153846156,0.9244604316546763,105918,17910,241026,106912,8736,0.506265343939134,0.5070050532131936
0.1189270684953132,0.4513475484359779,0.8558493299529156,0.30649038461538464,0.9244604316546763,106335,17910,240609,106912,8736,0.506265343939134,0.5070050532131936
0.11849154111764881,0.4527168865536062,0.856331520431246,0.3076923076923077,0.9244604316546763,106752,17910,240192,106912,8736,0.506265343939134,0.5070050532131936
0.1184428139604971,0.45408380523830405,0.8568104957666755,0.3088942307692308,0.9244604316546763,107169,17910,239775,106912,8736,0.506265343939134,0.5070050532131936
0.11826584592279565,0.4536839676656669,0.8539702777003068,0.3088942307692308,0.920863309352518,107169,18326,239775,106496,9152,0.506265343939134,0.5070050532131936
0.11770526468306808,0.4532848336170708,0.8511488273463002,0.3088942307692308,0.9172661870503597,107169,18742,239775,106080,9568,0.506265343939134,0.5070050532131936
0.11736227123583509,0.452886401237346,0.8483459592961125,0.3088942307692308,0.9136690647482014,107169,19158,239775,105664,9984,0.506265343939134,0.5070050532131936
0.11647304369689393,0.4542483660130719,0.8488449157356561,0.31009615384615385,0.9136690647482014,107586,19158,239358,105664,9984,0.506265343939134,0.5070050532131936
0.1155498604255778,0.4556079349511184,0.8493405997121759,0.3112980769230769,0.9136690647482014,108003,19158,238941,105664,9984,0.506265343939134,0.5070050532131936
0.11512267610673466,0.45696511436772164,0.8498330433146781,0.3125,0.9136690647482014,108420,19158,238524,105664,9984,0.506265343939134,0.5070050532131936
0.1148512153930964,0.45656389557395793,0.8470643384507207,0.3125,0.9136690647482014,108420,19575,238524,105664,9984,0.506265343939134,0.5070050532131936
0.11471703518228915,0.4579178552495393,0.8475609756097561,0.3137019230769231,0.9136690647482014,108837,19575,238107,105664,9984,0.506265343939134,0.5070050532131936
0.11468692753520415,0.45926944151938004,0.8480543976899612,0.31490384615384615,0.9136690647482014,109254,19575,237690,105664,9984,0.506265343939134,0.5070050532131936
0.11453118021964703,0.46061866061866064,0.8485446358107794,0.3161057692307692,0.9136690647482014,109671,19575,237273,105664,9984,0.506265343939134,0.5070050532131936
0.1145016217852231,0.46196551876074,0.8490317206913306,0.3173076923076923,0.9136690647482014,110088,19575,236856,105664,9984,0.506265343939134,0.5070050532131936
0.11423325942674789,0.463310022137251,0.8495156826568265,0.31850961538461536,0.9136690647482014,110505,19575,236439,105664,9984,0.506265343939134,0.5070050532131936
0.1141593463155055,0.4629063337801609,0.8468075649828347,0.31850961538461536,0.9100719424460432,110505,19991,236439,105248,10400,0.506265343939134,0.5070050532131936
0.1130365135750806,0.4625033482890243,0.8441166585186995,0.31850961538461536,0.9064748201438849,110505,20407,236439,104832,10816,0.506265343939134,0.5070050532131936
0.11302378521977774,0.4638438715963477,0.844611624241409,0.31971153846153844,0.9064748201438849,110922,20407,236022,104832,10816,0.506265343939134,0.5070050532131936
0.1126539828965929,0.4634398044663561,0.8419382751658494,0.31971153846153844,0.9064748201438849,110922,20824,236022,104832,10816,0.506265343939134,0.5070050532131936
0.11238047836966047,0.4647771792104895,0.8424369906857441,0.32091346153846156,0.9064748201438849,111339,20824,235605,104832,10816,0.506265343939134,0.5070050532131936
0.11142798344740545,0.46611222795939306,0.8429325690149344,0.32211538461538464,0.9064748201438849,111756,20824,235188,104832,10816,0.506265343939134,0.5070050532131936
0.11105400415784561,0.46744495677593706,0.8434250396625488,0.3233173076923077,0.9064748201438849,112173,20824,234771,104832,10816,0.506265343939134,0.5070050532131936
0.11081937782447521,0.46877537170193895,0.8439144317687799,0.3245192307692308,0.9064748201438849,112590,20824,234354,104832,10816,0.506265343939134,0.5070050532131936
0.11068630873425056,0.4683687795746451,0.8412849040954636,0.3245192307692308,0.9064748201438849,112590,21241,234354,104832,10816,0.506265343939134,0.5070050532131936
0.11008108088074242,0.4696960880480141,0.8417779035814313,0.32572115384615385,0.9064748201438849,113007,21241,233937,104832,10816,0.506265343939134,0.5070050532131936
0.11005356134067507,0.47102109802765313,0.8422678498496269,0.3269230769230769,0.9064748201438849,113424,21241,233520,104832,10816,0.506265343939134,0.5070050532131936
0.1099082224314577,0.4723438154788331,0.8427547711760264,0.328125,0.9064748201438849,113841,21241,233103,104832,10816,0.506265343939134,0.5070050532131936
0.10951020269028017,0.4719365229395451,0.8401673825443918,0.328125,0.9028776978417267,113841,21657,233103,104416,11232,0.506265343939134,0.5070050532131936
0.1092012275602765,0.4732561679496499,0.8406577640437037,0.3293269230769231,0.9028776978417267,114258,21657,232686,104416,11232,0.506265343939134,0.5070050532131936
0.10915884588418578,0.47284879209559777,0.838092583491649,0.3293269230769231,0.8992805755395683,114258,22073,232686,104000,11648,0.506265343939134,0.5070050532131936
0.1088664311166167,0.472441140229733,0.8355368999912247,0.3293269230769231,0.8992805755395683,114258,22490,232686,104000,11648,0.506265343939134,0.5070050532131936
0.10870544120458725,0.47203419064714763,0.8329967557321474,0.3293269230769231,0.8992805755395683,114258,22907,232686,104000,11648,0.506265343939134,0.5070050532131936
0.10856560940889215,0.4733492113942286,0.8335029291622451,0.33052884615384615,0.8992805755395683,114675,22907,232269,104000,11648,0.506265343939134,0.5070050532131936
0.10853554530435727,0.4746619705821096,0.8340060435220545,0.3317307692307692,0.8992805755395683,115092,22907,231852,104000,11648,0.506265343939134,0.5070050532131936
0.10850341250465922,0.4759724740398879,0.8345061264593688,0.3329326923076923,0.8992805755395683,115509,22907,231435,104000,11648,0.506265343939134,0.5070050532131936
0.10833573825967957,0.47556389042708896,0.831999596637687,0.3329326923076923,0.8992805755395683,115509,23324,231435,104000,11648,0.506265343939134,0.5070050532131936
0.10814533528880571,0.47687137233285476,0.8325026929982047,0.33413461538461536,0.8992805755395683,115926,23324,231018,104000,11648,0.506265343939134,0.5070050532131936
0.10782378858644687,0.47817661335234923,0.8330027851962167,0.33533653846153844,0.8992805755395683,116343,23324,230601,104000,11648,0.506265343939134,0.5070050532131936
0.10781636780852849,0.4794796192416042,0.833499900059964,0.33653846153846156,0.8992805755395683,116760,23324,230184,104000,11648,0.506265343939134,0.5070050532131936
0.10773810590956734,0.4807803957369549,0.8339940640991879,0.33774038461538464,0.8992805755395683,117177,23324,229767,104000,11648,0.506265343939134,0.5070050532131936
0.10691973339437044,0.4820789485551242,0.8344853035098426,0.3389423076923077,0.8992805755395683,117594,23324,229350,104000,11648,0.506265343939134,0.5070050532131936
0.10677722577680937,0.48166822998373876,0.8320290942023858,0.3389423076923077,0.89568345323741,117594,23740,229350,103584,12064,0.506265343939134,0.5070050532131936
0.10642613964127307,0.4829638117844463,0.8325232273493661,0.3401442307692308,0.89568345323741,118011,23740,228933,103584,12064,0.506265343939134,0.5070050532131936
0.10622967688355472,0.4825520535173948,0.8300813122502955,0.3401442307692308,0.89568345323741,118011,24157,228933,103584,12064,0.506265343939134,0.5070050532131936
0.10622689258997442,0.48384467518778257,0.8305782515692394,0.34134615384615385,0.89568345323741,118428,24157,228516,103584,12064,0.506265343939134,0.5070050532131936
0.1057177053232854,0.4851350965208411,0.8310722926952071,0.3425480769230769,0.89568345323741,118845,24157,228099,103584,12064,0.506265343939134,0.5070050532131936
0.10514732407146149,0.4847235307793018,0.8286616742668285,0.3425480769230769,0.8920863309352518,118845,24573,228099,103168,12480,0.506265343939134,0.5070050532131936
0.1048146581736008,0.4860110151412346,0.829158410678903,0.34375,0.8920863309352518,119262,24573,227682,103168,12480,0.506265343939134,0.5070050532131936
0.10479266723098368,0.48729631348789487,0.8296522751850928,0.3449519230769231,0.8920863309352518,119679,24573,227265,103168,12480,0.506265343939134,0.5070050532131936
0.10424439191937229,0.4885794313820017,0.8301432926197043,0.34615384615384615,0.8920863309352518,120096,24573,226848,103168,12480,0.506265343939134,0.5070050532131936
0.10384741698491928,0.48986037436741664,0.830631487531533,0.3473557692307692,0.8920863309352518,120513,24573,226431,103168,12480,0.506265343939134,0.5070050532131936
0.10337379099188504,0.4894455647003637,0.8282509638976516,0.3473557692307692,0.8920863309352518,120513,24990,226431,103168,12480,0.506265343939134,0.5070050532131936
0.10299166689412576,0.48903145695364236,0.8258840460526315,0.3473557692307692,0.8920863309352518,120513,25407,226431,103168,12480,0.506265343939134,0.5070050532131936
0.10293650153453399,0.488619039896205,0.8235362453531598,0.3473557692307692,0.8884892086330936,120513,25823,226431,102752,12896,0.506265343939134,0.5070050532131936
0.10245067301112593,0.4882073178636246,0.8212017553423463,0.3473557692307692,0.8848920863309353,120513,26239,226431,102336,13312,0.506265343939134,0.5070050532131936
0.10195307476844395,0.48779530188438674,0.8188748989257248,0.3473557692307692,0.8848920863309353,120513,26656,226431,102336,13312,0.506265343939134,0.5070050532131936
0.101885760399828,0.4873839807493984,0.8165611914409225,0.3473557692307692,0.8848920863309353,120513,27073,226431,102336,13312,0.506265343939134,0.5070050532131936
0.10128682662851629,0.48865838160449504,0.81707803220205,0.3485576923076923,0.8848920863309353,120930,27073,226014,102336,13312,0.506265343939134,0.5070050532131936
0.10093190748297676,0.4882480120638804,0.814787864087482,0.3485576923076923,0.8812949640287769,120930,27489,226014,101920,13728,0.506265343939134,0.5070050532131936
0.10064900910295038,0.4895195449594578,0.8153067806175925,0.34975961538461536,0.8812949640287769,121347,27489,225597,101920,13728,0.506265343939134,0.5070050532131936
0.1006383612658246,0.49078894068283363,0.8158227975317079,0.35096153846153844,0.8812949640287769,121764,27489,225180,101920,13728,0.506265343939134,0.5070050532131936
0.10024632133849587,0.49205620461767086,0.816335939065945,0.35216346153846156,0.8812949640287769,122181,27489,224763,101920,13728,0.506265343939134,0.5070050532131936
0.09982314566057054,0.49332134212956535,0.8168462291870715,0.35336538461538464,0.8812949640287769,122598,27489,224346,101920,13728,0.506265343939134,0.5070050532131936
0.09944052195067443,0.4945843585661215,0.8173536915962366,0.3545673076923077,0.8812949640287769,123015,27489,223929,101920,13728,0.506265343939134,0.5070050532131936
0.09931348340166513,0.4958452592570275,0.8178583497326416,0.3557692307692308,0.8812949640287769,123432,27489,223512,101920,13728,0.506265343939134,0.5070050532131936
0.09908887206904204,0.49710404951413056,0.8183602267771478,0.35697115384615385,0.8812949640287769,123849,27489,223095,101920,13728,0.506265343939134,0.5070050532131936
0.0982439163304829,0.49668838317301617,0.8161114955026193,0.35697115384615385,0.8812949640287769,123849,27906,223095,101920,13728,0.506265343939134,0.5070050532131936
0.0981891974811207,0.4962744056980856,0.8138804371397966,0.35697115384615385,0.8776978417266187,123849,28322,223095,101504,14144,0.506265343939134,0.5070050532131936
0.09809212413125168,0.49752968778776935,0.8143890738459119,0.3581730769230769,0.8776978417266187,124266,28322,222678,101504,14144,0.506265343939134,0.5070050532131936
0.0980652953739991,0.498782875853337,0.8148949380739191,0.359375,0.8776978417266187,124683,28322,222261,101504,14144,0.506265343939134,0.5070050532131936
0.09767170962925686,0.5000339751302046,0.8153980524305511,0.3605769230769231,0.8776978417266187,125100,28322,221844,101504,14144,0.506265343939134,0.5070050532131936
0.09642674176300098,0.4996185965150505,0.8131930992342594,0.3605769230769231,0.8741007194244604,125100,28738,221844,101088,14560,0.506265343939134,0.5070050532131936
0.09619857932426956,0.4992029114184186,0.8109947813685132,0.3605769230769231,0.8741007194244604,125100,29155,221844,101088,14560,0.506265343939134,0.5070050532131936
0.09605004226778968,0.5004505438423017,0.8115043446777698,0.36177884615384615,0.8741007194244604,125517,29155,221427,101088,14560,0.506265343939134,0.5070050532131936
0.09585560952132244,0.5016961036425892,0.8120111677810805,0.3629807692307692,0.8741007194244604,125934,29155,221010,101088,14560,0.506265343939134,0.5070050532131936
0.09473974139208702,0.5029395959796995,0.8125152727225959,0.3641826923076923,0.8741007194244604,126351,29155,220593,101088,14560,0.506265343939134,0.5070050532131936
0.09438479393875066,0.5041810259969336,0.813016681310647,0.36538461538461536,0.8741007194244604,126768,29155,220176,101088,14560,0.506265343939134,0.5070050532131936
0.09430921801096859,0.5037642837131395,0.8108533379387101,0.36538461538461536,0.8705035971223022,126768,29571,220176,100672,14976,0.506265343939134,0.5070050532131936
0.09350009752891686,0.5050029779630733,0.8113565031003598,0.36658653846153844,0.8705035971223022,127185,29571,219759,100672,14976,0.506265343939134,0.5070050532131936
0.09346746006164364,0.5062396229446735,0.8118569983394094,0.36778846153846156,0.8705035971223022,127602,29571,219342,100672,14976,0.506265343939134,0.5070050532131936
0.09333201063494012,0.5074742237391335,0.8123548448505615,0.36899038461538464,0.8705035971223022,128019,29571,218925,100672,14976,0.506265343939134,0.5070050532131936
0.09286521286314908,0.5087067854108617,0.812850063604777,0.3701923076923077,0.8705035971223022,128436,29571,218508,100672,14976,0.506265343939134,0.5070050532131936
0.09144955585270748,0.5082880362192229,0.8107156157881116,0.3701923076923077,0.8669064748201439,128436,29987,218508,100256,15392,0.506265343939134,0.5070050532131936
0.09137875743251056,0.5095178969678756,0.8112125409216822,0.3713942307692308,0.8669064748201439,128853,29987,218091,100256,15392,0.506265343939134,0.5070050532131936
0.0913304371212944,0.5107457314386973,0.8117068637485323,0.37259615384615385,0.8669064748201439,129270,29987,217674,100256,15392,0.506265343939134,0.5070050532131936
0.09105470590198417,0.5119715446352083,0.8121986046569886,0.3737980769230769,0.8669064748201439,129687,29987,217257,100256,15392,0.506265343939134,0.5070050532131936
0.09084446896597853,0.5131953415444693,0.8126877838229507,0.375,0.8669064748201439,130104,29987,216840,100256,15392,0.506265343939134,0.5070050532131936
0.09075019317642896,0.5144171271371479,0.8131744212126498,0.3762019230769231,0.8669064748201439,130521,29987,216423,100256,15392,0.506265343939134,0.5070050532131936
0.09071409755196636,0.515636906367587,0.8136585365853658,0.37740384615384615,0.8669064748201439,130938,29987,216006,100256,15392,0.506265343939134,0.5070050532131936
0.09060733659678899,0.5152138756526837,0.8115555775929392,0.37740384615384615,0.8669064748201439,130938,30404,216006,100256,15392,0.506265343939134,0.5070050532131936
0.09054311437106899,0.5147925504519345,0.8094684652381954,0.37740384615384615,0.8633093525179856,130938,30820,216006,99840,15808,0.506265343939134,0.5070050532131936
0.09047003592421021,0.5143719137803024,0.8073920603795923,0.37740384615384615,0.8597122302158273,130938,31236,216006,99424,16224,0.506265343939134,0.5070050532131936
0.0898756781489286,0.5139519639513752,0.8053262808290793,0.37740384615384615,0.8561151079136691,130938,31652,216006,99008,16640,0.506265343939134,0.5070050532131936
0.08969823118202758,0.513531692260629,0.803266117406001,0.37740384615384615,0.8561151079136691,130938,32069,216006,99008,16640,0.506265343939134,0.5070050532131936
0.0896424648736247,0.5131121073421531,0.8012164675934991,0.37740384615384615,0.8561151079136691,130938,32486,216006,99008,16640,0.506265343939134,0.5070050532131936
0.08908356027907838,0.5126932075139247,0.7991772511154107,0.37740384615384615,0.8561151079136691,130938,32903,216006,99008,16640,0.506265343939134,0.5070050532131936
0.08895821344891608,0.513906440115649,0.799687077646142,0.3786057692307692,0.8561151079136691,131355,32903,215589,99008,16640,0.506265343939134,0.5070050532131936
0.0888173081939726,0.5151176950035085,0.8001943221496888,0.3798076923076923,0.8561151079136691,131772,32903,215172,99008,16640,0.506265343939134,0.5070050532131936
0.08849255606957007,0.5146981852838473,0.7981731398250672,0.3798076923076923,0.8561151079136691,131772,33320,215172,99008,16640,0.506265343939134,0.5070050532131936
0.0884669520111867,0.5159068246258681,0.7986816426901256,0.38100961538461536,0.8561151079136691,132189,33320,214755,99008,16640,0.506265343939134,0.5070050532131936
0.08817715169875917,0.5154873554701971,0.7966744211274905,0.38100961538461536,0.8561151079136691,132189,33737,214755,99008,16640,0.506265343939134,0.5070050532131936
0.08711064099929966,0.5150685678772304,0.7946772632452223,0.38100961538461536,0.8561151079136691,132189,34154,214755,99008,16640,0.506265343939134,0.5070050532131936
0.0867364110864205,0.514651462031563,0.7926948470547317,0.38100961538461536,0.8525179856115108,132189,34570,214755,98592,17056,0.506265343939134,0.5070050532131936
0.08642874239588838,0.5158562203376643,0.7932119442982246,0.38221153846153844,0.8525179856115108,132606,34570,214338,98592,17056,0.506265343939134,0.5070050532131936
0.0861450648129568,0.5154391529455665,0.7912430187598454,0.38221153846153844,0.8489208633093526,132606,34986,214338,98176,17472,0.506265343939134,0.5070050532131936
0.08569328068907467,0.5150227594028182,0.789283843626494,0.38221153846153844,0.8453237410071942,132606,35402,214338,97760,17888,0.506265343939134,0.5070050532131936
0.08568190459961555,0.5162242975421494,0.7898055514323883,0.38341346153846156,0.8453237410071942,133023,35402,213921,97760,17888,0.506265343939134,0.5070050532131936
0.0855973026433583,0.5174238928547886,0.7903246822473081,0.38461538461538464,0.8453237410071942,133440,35402,213504,97760,17888,0.506265343939134,0.5070050532131936
0.08501066387755163,0.5186215500491086,0.7908412551178963,0.3858173076923077,0.8453237410071942,133857,35402,213087,97760,17888,0.506265343939134,0.5070050532131936
0.08493344790030166,0.5198172738182804,0.7913552889035573,0.3870192307692308,0.8453237410071942,134274,35402,212670,97760,17888,0.506265343939134,0.5070050532131936
0.08487569952563656,0.5210110688403344,0.7918668022787534,0.38822115384615385,0.8453237410071942,134691,35402,212253,97760,17888,0.506265343939134,0.5070050532131936
0.08473313703133983,0.5205922083744804,0.7899348421490948,0.38822115384615385,0.841726618705036,134691,35818,212253,97344,18304,0.506265343939134,0.5070050532131936
0.08435554525001038,0.5201740208431089,0.7880122860903905,0.38822115384615385,0.8381294964028777,134691,36234,212253,96928,18720,0.506265343939134,0.5070050532131936
0.08427912854783293,0.521364651948924,0.7885282067444059,0.3894230769230769,0.8381294964028777,135108,36234,211836,96928,18720,0.506265343939134,0.5070050532131936
0.08400982720819483,0.5209465164969481,0.7866183816765449,0.3894230769230769,0.8345323741007195,135108,36650,211836,96512,19136,0.506265343939134,0.5070050532131936
0.0839413823382521,0.5221346165330107,0.7871351822273849,0.390625,0.8345323741007195,135525,36650,211419,96512,19136,0.506265343939134,0.5070050532131936
0.08386628846271571,0.5233208093375628,0.7876494854917957,0.3918269230769231,0.8345323741007195,135942,36650,211002,96512,19136,0.506265343939134,0.5070050532131936
0.08300546955782884,0.5229011083694103,0.7857510302932217,0.3918269230769231,0.8345323741007195,135942,37067,211002,96512,19136,0.506265343939134,0.5070050532131936
0.08290144263193078,0.5240847858254704,0.7862661884607844,0.39302884615384615,0.8345323741007195,136359,37067,210585,96512,19136,0.506265343939134,0.5070050532131936
0.0828473797271756,0.5252665677138638,0.7867788751919835,0.3942307692307692,0.8345323741007195,136776,37067,210168,96512,19136,0.506265343939134,0.5070050532131936
0.08263886525423558,0.5264464585843547,0.7872891082290829,0.3954326923076923,0.8345323741007195,137193,37067,209751,96512,19136,0.506265343939134,0.5070050532131936
0.08223959860026175,0.5260266094091485,0.7854141381758226,0.3954326923076923,0.8309352517985612,137193,37483,209751,96096,19552,0.506265343939134,0.5070050532131936
0.08209647106831319,0.5272040104437041,0.7859251940397389,0.39663461538461536,0.8309352517985612,137610,37483,209334,96096,19552,0.506265343939134,0.5070050532131936
0.08193384729260722,0.526783219192503,0.7840578884394052,0.39663461538461536,0.8309352517985612,137610,37900,209334,96096,19552,0.506265343939134,0.5070050532131936
0.08129444155715826,0.5279581388143538,0.7845697363110836,0.39783653846153844,0.8309352517985612,138027,37900,208917,96096,19552,0.506265343939134,0.5070050532131936
0.08128358300491911,0.5291311858861659,0.7850791634532505,0.39903846153846156,0.8309352517985612,138444,37900,208500,96096,19552,0.506265343939134,0.5070050532131936
0.08127265013662377,0.5287108748453325,0.7832315003394433,0.39903846153846156,0.8273381294964028,138444,38316,208500,95680,19968,0.506265343939134,0.5070050532131936
0.08074276186953455,0.5282912310157979,0.7813925136587349,0.39903846153846156,0.8237410071942446,138444,38732,208500,95264,20384,0.506265343939134,0.5070050532131936
0.0806546937818301,0.5278722528101026,0.7795621424388486,0.39903846153846156,0.8201438848920863,138444,39148,208500,94848,20800,0.506265343939134,0.5070050532131936
0.08054446189192177,0.5290416475379701,0.780078535354954,0.40024038461538464,0.8201438848920863,138861,39148,208083,94848,20800,0.506265343939134,0.5070050532131936
0.08041313372170378,0.530209185907075,0.7805925145438445,0.4014423076923077,0.8201438848920863,139278,39148,207666,94848,20800,0.506265343939134,0.5070050532131936
0.08040168520081536,0.5313748723342342,0.7811040968894505,0.4026442307692308,0.8201438848920863,139695,39148,207249,94848,20800,0.506265343939134,0.5070050532131936
0.07998297350660721,0.5325387112222636,0.7816132991185987,0.40384615384615385,0.8201438848920863,140112,39148,206832,94848,20800,0.506265343939134,0.5070050532131936
0.07995338049766532,0.5337007069600339,0.7821201378028351,0.4050480769230769,0.8201438848920863,140529,39148,206415,94848,20800,0.506265343939134,0.5070050532131936
0.07956831059744046,0.5348608639225255,0.782624629360223,0.40625,0.8201438848920863,140946,39148,205998,94848,20800,0.506265343939134,0.5070050532131936
0.07948397481323555,0.5360191864708838,0.7831267900571156,0.4074519230769231,0.8201438848920863,141363,39148,205581,94848,20800,0.506265343939134,0.5070050532131936
0.07922429552773524,0.5355957504849661,0.7813218517863459,0.4074519230769231,0.8201438848920863,141363,39565,205581,94848,20800,0.506265343939134,0.5070050532131936
0.07909149674436067,0.5367516643352408,0.7818246987785712,0.40865384615384615,0.8201438848920863,141780,39565,205164,94848,20800,0.506265343939134,0.5070050532131936
0.07841173318641559,0.537905754805128,0.7823252384986961,0.4098557692307692,0.8201438848920863,142197,39565,204747,94848,20800,0.506265343939134,0.5070050532131936
0.07812305715400514,0.539058026205627,0.7828234867904643,0.4110576923076923,0.8201438848920863,142614,39565,204330,94848,20800,0.506265343939134,0.5070050532131936
0.07799859595072267,0.5402084828341579,0.7833194593528884,0.41225961538461536,0.8201438848920863,143031,39565,203913,94848,20800,0.506265343939134,0.5070050532131936
0.0778311093050651,0.541357128974615,0.7838131717418981,0.41346153846153844,0.8201438848920863,143448,39565,203496,94848,20800,0.506265343939134,0.5070050532131936
0.07754601468356048,0.5409314936252532,0.7820312925911792,0.41346153846153844,0.8201438848920863,143448,39982,203496,94848,20800,0.506265343939134,0.5070050532131936
0.07736960460382275,0.5405075453569208,0.780261740804804,0.41346153846153844,0.8165467625899281,143448,40398,203496,94432,21216,0.506265343939134,0.5070050532131936
0.07720192691450989,0.5400832443849573,0.7784959541524885,0.41346153846153844,0.8165467625899281,143448,40815,203496,94432,21216,0.506265343939134,0.5070050532131936
0.0769981339440261,0.5396596090469956,0.7767381416504223,0.41346153846153844,0.8165467625899281,143448,41232,203496,94432,21216,0.506265343939134,0.5070050532131936
0.0767003410657856,0.5408041861435491,0.7772411222224023,0.41466346153846156,0.8165467625899281,143865,41232,203079,94432,21216,0.506265343939134,0.5070050532131936
0.07650747667215552,0.5403816646226831,0.7754982130632354,0.41466346153846156,0.8129496402877698,143865,41648,203079,94016,21632,0.506265343939134,0.5070050532131936
0.07638968969248705,0.5399587895074633,0.7737589415371376,0.41466346153846156,0.8129496402877698,143865,42065,203079,94016,21632,0.506265343939134,0.5070050532131936
0.07624536574083568,0.5411004498482067,0.774265214894793,0.41586538461538464,0.8129496402877698,144282,42065,202662,94016,21632,0.506265343939134,0.5070050532131936
0.07615593051761954,0.5422403261708649,0.7747692274742456,0.4170673076923077,0.8129496402877698,144699,42065,202245,94016,21632,0.506265343939134,0.5070050532131936
0.07562626086452973,0.5418180048078723,0.7730473341168929,0.4170673076923077,0.8093525179856115,144699,42481,202245,93600,22048,0.506265343939134,0.5070050532131936
0.07538178664108952,0.5429555450377053,0.7735518158605947,0.4182692307692308,0.8093525179856115,145116,42481,201828,93600,22048,0.506265343939134,0.5070050532131936
0.07521255530677673,0.5425323109477753,0.7718361398619252,0.4182692307692308,0.8093525179856115,145116,42898,201828,93600,22048,0.506265343939134,0.5070050532131936
0.07512893668301579,0.5421097361662386,0.7701280574852333,0.4182692307692308,0.8093525179856115,145116,43315,201828,93600,22048,0.506265343939134,0.5070050532131936
0.07510562724070019,0.5416888301595212,0.7684315874755755,0.4182692307692308,0.8057553956834532,145116,43731,201828,93184,22464,0.506265343939134,0.5070050532131936
0.07492743986279282,0.5412685772472198,0.7667425751467535,0.4182692307692308,0.802158273381295,145116,44147,201828,92768,22880,0.506265343939134,0.5070050532131936
0.07464129981311807,0.5424021288649036,0.7672553774778574,0.41947115384615385,0.802158273381295,145533,44147,201411,92768,22880,0.506265343939134,0.5070050532131936
0.07430990719987618,0.5435339201290031,0.7677659300251977,0.4206730769230769,0.802158273381295,145950,44147,200994,92768,22880,0.506265343939134,0.5070050532131936
0.07425184751441449,0.5431122059770251,0.7660854320417397,0.4206730769230769,0.802158273381295,145950,44564,200994,92768,22880,0.506265343939134,0.5070050532131936
0.07403922553490683,0.5442416918429003,0.7665963096616055,0.421875,0.802158273381295,146367,44564,200577,92768,22880,0.506265343939134,0.5070050532131936
0.07393721875934378,0.5453694277455359,0.767104960595355,0.4230769230769231,0.802158273381295,146784,44564,200160,92768,22880,0.506265343939134,0.5070050532131936
0.07307812756473447,0.5464954177487289,0.7676113993690193,0.42427884615384615,0.802158273381295,147201,44564,199743,92768,22880,0.506265343939134,0.5070050532131936
0.0726430907399967,0.5476196659037034,0.7681156403825541,0.4254807692307692,0.802158273381295,147618,44564,199326,92768,22880,0.506265343939134,0.5070050532131936
0.07262673843088013,0.5471974378268977,0.7664565571812791,0.4254807692307692,0.7985611510791367,147618,44980,199326,92352,23296,0.506265343939134,0.5070050532131936
0.072523898097,0.5483194094366424,0.7669611170116312,0.4266826923076923,0.7985611510791367,148035,44980,198909,92352,23296,0.506265343939134,0.5070050532131936
0.07207296630851301,0.5494396494292862,0.7674635013854998,0.42788461538461536,0.7985611510791367,148452,44980,198492,92352,23296,0.506265343939134,0.5070050532131936
0.07203077549245251,0.5505581618105264,0.7679637243421426,0.42908653846153844,0.7985611510791367,148869,44980,198075,92352,23296,0.506265343939134,0.5070050532131936
0.07101725739861475,0.550134975582446,0.7663192031503359,0.42908653846153844,0.7949640287769785,148869,45396,198075,91936,23712,0.506265343939134,0.5070050532131936
0.07076351535109948,0.5497114244884846,0.7646777822294819,0.42908653846153844,0.7949640287769785,148869,45813,198075,91936,23712,0.506265343939134,0.5070050532131936
0.07041405568451176,0.54928953844905,0.7630472890547315,0.42908653846153844,0.7913669064748201,148869,46229,198075,91520,24128,0.506265343939134,0.5070050532131936
0.07030944573492459,0.5488672876659803,0.7614198399099813,0.42908653846153844,0.7913669064748201,148869,46646,198075,91520,24128,0.506265343939134,0.5070050532131936
0.0702911600714855,0.5484456855709223,0.75979931813078,0.42908653846153844,0.7913669064748201,148869,47063,198075,91520,24128,0.506265343939134,0.5070050532131936
0.06978666550806573,0.5480247306701909,0.7581856795807466,0.42908653846153844,0.7913669064748201,148869,47480,198075,91520,24128,0.506265343939134,0.5070050532131936
0.06964529719138735,0.5476054286392169,0.7565827255863594,0.42908653846153844,0.7877697841726619,148869,47896,198075,91104,24544,0.506265343939134,0.5070050532131936
0.06964163987156724,0.5487184953485038,0.7570975038289499,0.43028846153846156,0.7877697841726619,149286,47896,197658,91104,24544,0.506265343939134,0.5070050532131936
0.06937678331924363,0.5482993047368248,0.7555035982145568,0.43028846153846156,0.7841726618705036,149286,48312,197658,90688,24960,0.506265343939134,0.5070050532131936
0.06936458256835143,0.5478807541131611,0.7539163897502197,0.43028846153846156,0.7805755395683454,149286,48728,197658,90272,25376,0.506265343939134,0.5070050532131936
0.06879714595638464,0.5474628420130039,0.7523358363150733,0.43028846153846156,0.7769784172661871,149286,49144,197658,89856,25792,0.506265343939134,0.5070050532131936
0.06828978108451789,0.5485726221209217,0.7528552102873063,0.43149038461538464,0.7769784172661871,149703,49144,197241,89856,25792,0.506265343939134,0.5070050532131936
0.06823812763424508,0.549680707715742,0.7533724104705316,0.4326923076923077,0.7769784172661871,150120,49144,196824,89856,25792,0.506265343939134,0.5070050532131936
0.06731001164683181,0.5507871026755088,0.7538874504835212,0.4338942307692308,0.7769784172661871,150537,49144,196407,89856,25792,0.506265343939134,0.5070050532131936
0.06679611818853937,0.5503672478529985,0.7523163649811593,0.4338942307692308,0.7769784172661871,150537,49561,196407,89856,25792,0.506265343939134,0.5070050532131936
0.06590595770794239,0.5499490371864143,0.7507555582153864,0.4338942307692308,0.7733812949640287,150537,49977,196407,89440,26208,0.506265343939134,0.5070050532131936
0.0658080521532019,0.5510527036276522,0.7512728249996268,0.43509615384615385,0.7733812949640287,150954,49977,195990,89440,26208,0.506265343939134,0.5070050532131936
0.06573012901236219,0.5521546912958788,0.7517879492222421,0.4362980769230769,0.7733812949640287,151371,49977,195573,89440,26208,0.506265343939134,0.5070050532131936
0.06566185847722061,0.5532550040185235,0.7523009441677199,0.4375,0.7733812949640287,151788,49977,195156,89440,26208,0.506265343939134,0.5070050532131936
0.0656022322503434,0.5528358752560892,0.7507530381193089,0.4375,0.7697841726618705,151788,50393,195156,89024,26624,0.506265343939134,0.5070050532131936
0.06540856347964463,0.5539340032245034,0.7512660539590716,0.4387019230769231,0.7697841726618705,152205,50393,194739,89024,26624,0.506265343939134,0.5070050532131936
0.06536920610725838,0.5535139892246513,0.7497229268773243,0.4387019230769231,0.7697841726618705,152205,50810,194739,89024,26624,0.506265343939134,0.5070050532131936
0.06527852030873443,0.553094611683649,0.7481861260765268,0.4387019230769231,0.7697841726618705,152205,51227,194739,89024,26624,0.506265343939134,0.5070050532131936
0.06502542049377014,0.554190049619367,0.748701244548661,0.43990384615384615,0.7697841726618705,152622,51227,194322,89024,26624,0.506265343939134,0.5070050532131936
0.06453910056318057,0.5552838301191924,0.7492142598376627,0.4411057692307692,0.7697841726618705,153039,51227,193905,89024,26624,0.506265343939134,0.5070050532131936
0.06438492366575915,0.5548650716246152,0.7476915410246138,0.4411057692307692,0.7661870503597122,153039,51643,193905,88608,27040,0.506265343939134,0.5070050532131936
0.06437851700951847,0.5559566917794447,0.748204525619335,0.4423076923076923,0.7661870503597122,153456,51643,193488,88608,27040,0.506265343939134,0.5070050532131936
0.06386876527238022,0.5555370524562864,0.7466863893808755,0.4423076923076923,0.7661870503597122,153456,52060,193488,88608,27040,0.506265343939134,0.5070050532131936
0.06372543392490426,0.5566265190991848,0.7471993318215148,0.44350961538461536,0.7661870503597122,153873,52060,193071,88608,27040,0.506265343939134,0.5070050532131936
0.06336735942537186,0.5577143435497222,0.7477102011146111,0.44471153846153844,0.7661870503597122,154290,52060,192654,88608,27040,0.506265343939134,0.5070050532131936
0.06292361368930577,0.558800529518106,0.7482190098033051,0.44591346153846156,0.7661870503597122,154707,52060,192237,88608,27040,0.506265343939134,0.5070050532131936
0.06272704359703163,0.5583800132821297,0.7467130666460731,0.44591346153846156,0.7661870503597122,154707,52477,192237,88608,27040,0.506265343939134,0.5070050532131936
0.06254733698694659,0.557960129475516,0.7452131733469491,0.44591346153846156,0.7661870503597122,154707,52894,192237,88608,27040,0.506265343939134,0.5070050532131936
0.061426019136780696,0.5590436822701375,0.7457239277370228,0.44711538461538464,0.7661870503597122,155124,52894,191820,88608,27040,0.506265343939134,0.5070050532131936
0.06134823792379285,0.5586239306851718,0.7442320147767889,0.44711538461538464,0.7661870503597122,155124,53311,191820,88608,27040,0.506265343939134,0.5070050532131936
0.06114536086828881,0.5597053595203996,0.7447426886024553,0.4483173076923077,0.7661870503597122,155541,53311,191403,88608,27040,0.506265343939134,0.5070050532131936
0.061071833031115186,0.5592867467800048,0.7432622283387809,0.4483173076923077,0.762589928057554,155541,53727,191403,88192,27456,0.506265343939134,0.5070050532131936
0.06075140997801087,0.5603660606975203,0.7437728020602332,0.4495192307692308,0.762589928057554,155958,53727,190986,88192,27456,0.506265343939134,0.5070050532131936
0.06074988185485497,0.5599475805365814,0.7423001318413525,0.4495192307692308,0.7589928057553957,155958,54143,190986,87776,27872,0.506265343939134,0.5070050532131936
0.060580588225517484,0.5610247873397649,0.7428105910183452,0.45072115384615385,0.7589928057553957,156375,54143,190569,87776,27872,0.506265343939134,0.5070050532131936
0.06046282861843072,0.5606064408347344,0.7413456341794116,0.45072115384615385,0.7553956834532374,156375,54559,190569,87360,28288,0.506265343939134,0.5070050532131936
0.06023267895705564,0.5601887177723565,0.7398864442867282,0.45072115384615385,0.7517985611510791,156375,54975,190569,86944,28704,0.506265343939134,0.5070050532131936
0.060163762758005446,0.5597706148617084,0.7384295003470795,0.45072115384615385,0.7517985611510791,156375,55392,190569,86944,28704,0.506265343939134,0.5070050532131936
0.060068200352793644,0.5608447439584496,0.7389435584209931,0.4519230769230769,0.7517985611510791,156792,55392,190152,86944,28704,0.506265343939134,0.5070050532131936
0.05989274970324565,0.5619172720692706,0.7394555999266231,0.453125,0.7517985611510791,157209,55392,189735,86944,28704,0.506265343939134,0.5070050532131936
0.059744849255795984,0.5629882027709023,0.7399656367067572,0.4543269230769231,0.7517985611510791,157626,55392,189318,86944,28704,0.506265343939134,0.5070050532131936
0.059722028552749995,0.5640575396294294,0.7404736805116312,0.45552884615384615,0.7517985611510791,158043,55392,188901,86944,28704,0.506265343939134,0.5070050532131936
0.059574076222255856,0.5636381143945391,0.7390297963077268,0.45552884615384615,0.7517985611510791,158043,55809,188901,86944,28704,0.506265343939134,0.5070050532131936
0.05938134866688394,0.5647053792410368,0.7395376839393473,0.4567307692307692,0.7517985611510791,158460,55809,188484,86944,28704,0.506265343939134,0.5070050532131936
0.05934349849846754,0.5642860958282143,0.7381012269081356,0.4567307692307692,0.7517985611510791,158460,56226,188484,86944,28704,0.506265343939134,0.5070050532131936
0.05920840497096164,0.5638684378146984,0.7366737640747181,0.4567307692307692,0.7482014388489209,158460,56642,188484,86528,29120,0.506265343939134,0.5070050532131936
0.059167207561452995,0.5634503958482603,0.735248400373053,0.4567307692307692,0.7482014388489209,158460,57059,188484,86528,29120,0.506265343939134,0.5070050532131936
0.05895652387729611,0.5645146389994316,0.7357596695317131,0.4579326923076923,0.7482014388489209,158877,57059,188067,86528,29120,0.506265343939134,0.5070050532131936
0.05844204255713292,0.5655773064653282,0.7362689678442176,0.45913461538461536,0.7482014388489209,159294,57059,187650,86528,29120,0.506265343939134,0.5070050532131936
0.05828283473113549,0.5651599306739422,0.7348559987821137,0.45913461538461536,0.7446043165467626,159294,57475,187650,86112,29536,0.506265343939134,0.5070050532131936
0.05796132887295702,0.5647431704450577,0.7334484425720008,0.45913461538461536,0.7410071942446043,159294,57891,187650,85696,29952,0.506265343939134,0.5070050532131936
0.057922728857293604,0.5643260248057731,0.7320429040174263,0.45913461538461536,0.7410071942446043,159294,58308,187650,85696,29952,0.506265343939134,0.5070050532131936
0.05790177632174831,0.5653856978244594,0.7325554194817883,0.46033653846153844,0.7410071942446043,159711,58308,187233,85696,29952,0.506265343939134,0.5070050532131936
0.05780929136449642,0.5649686936219888,0.7311569521507444,0.46033653846153844,0.7410071942446043,159711,58725,187233,85696,29952,0.506265343939134,0.5070050532131936
0.05778522504403416,0.5660263309985737,0.7316692026154542,0.46153846153846156,0.7410071942446043,160128,58725,186816,85696,29952,0.506265343939134,0.5070050532131936
0.057741003732047824,0.5670824105373586,0.732179504720208,0.46274038461538464,0.7410071942446043,160545,58725,186399,85696,29952,0.506265343939134,0.5070050532131936
0.05749191509202212,0.5666660783933078,0.7307930409766668,0.46274038461538464,0.737410071942446,160545,59141,186399,85280,30368,0.506265343939134,0.5070050532131936
0.05730539219770325,0.5662493585187824,0.7294085042003062,0.46274038461538464,0.737410071942446,160545,59558,186399,85280,30368,0.506265343939134,0.5070050532131936
0.05710302899122777,0.5658332510961048,0.7280292037003446,0.46274038461538464,0.737410071942446,160545,59975,186399,85280,30368,0.506265343939134,0.5070050532131936
0.05695238216562559,0.5668863723209616,0.7285425256973708,0.4639423076923077,0.737410071942446,160962,59975,185982,85280,30368,0.506265343939134,0.5070050532131936
0.05676685592060671,0.5664704081309454,0.7271700533986284,0.4639423076923077,0.737410071942446,160962,60392,185982,85280,30368,0.506265343939134,0.5070050532131936
0.05671691290245651,0.5660550539373852,0.7258027424685825,0.4639423076923077,0.737410071942446,160962,60809,185982,85280,30368,0.506265343939134,0.5070050532131936
0.056543827871121444,0.567105697799456,0.7263173528723423,0.4651442307692308,0.737410071942446,161379,60809,185565,85280,30368,0.506265343939134,0.5070050532131936
0.05609336663898973,0.5666914816661633,0.7249600186878942,0.4651442307692308,0.7338129496402878,161379,61225,185565,84864,30784,0.506265343939134,0.5070050532131936
0.05601171007993311,0.5662768766503207,0.7236045036117675,0.4651442307692308,0.7338129496402878,161379,61642,185565,84864,30784,0.506265343939134,0.5070050532131936
0.05580322124657666,0.5673250558397706,0.7241203376328109,0.46634615384615385,0.7338129496402878,161796,61642,185148,84864,30784,0.506265343939134,0.5070050532131936
0.05571039409855649,0.568371703524358,0.7246342498492327,0.4675480769230769,0.7338129496402878,162213,61642,184731,84864,30784,0.506265343939134,0.5070050532131936
0.055494275327387044,0.5694168230581776,0.7251462509809518,0.46875,0.7338129496402878,162630,61642,184314,84864,30784,0.506265343939134,0.5070050532131936
0.05539007831980913,0.5704604177855372,0.725656351668306,0.4699519230769231,0.7338129496402878,163047,61642,183897,84864,30784,0.506265343939134,0.5070050532131936
0.055122637654646534,0.5715024910409929,0.7261645624727906,0.47115384615384615,0.7338129496402878,163464,61642,183480,84864,30784,0.506265343939134,0.5070050532131936
0.05501941635094876,0.572543046149385,0.7266708938777863,0.4723557692307692,0.7338129496402878,163881,61642,183063,84864,30784,0.506265343939134,0.5070050532131936
0.054941423075173745,0.5721262943283457,0.7253297335575817,0.4723557692307692,0.7338129496402878,163881,62059,183063,84864,30784,0.506265343939134,0.5070050532131936
0.0549195294039454,0.573164881972995,0.7258357373529425,0.4735576923076923,0.7338129496402878,164298,62059,182646,84864,30784,0.506265343939134,0.5070050532131936
0.05439263608421596,0.5742019598478695,0.7263398802331837,0.47475961538461536,0.7338129496402878,164715,62059,182229,84864,30784,0.506265343939134,0.5070050532131936
0.05399459335712464,0.5737849112142615,0.725006712413784,0.47475961538461536,0.7338129496402878,164715,62476,182229,84864,30784,0.506265343939134,0.5070050532131936
0.05377180242799995,0.5733694658959779,0.7236816090893514,0.47475961538461536,0.7302158273381295,164715,62892,182229,84448,31200,0.506265343939134,0.5070050532131936
0.053559897650277244,0.5744041407521809,0.7241869276918219,0.47596153846153844,0.7302158273381295,165132,62892,181812,84448,31200,0.506265343939134,0.5070050532131936
0.05345925093426984,0.5754373158841471,0.7246904014603333,0.47716346153846156,0.7302158273381295,165549,62892,181395,84448,31200,0.506265343939134,0.5070050532131936
0.05345775976295242,0.5750215786356745,0.7233731107197945,0.47716346153846156,0.7266187050359713,165549,63308,181395,84032,31616,0.506265343939134,0.5070050532131936
0.05299374356669462,0.5746054444671982,0.7220574509102645,0.47716346153846156,0.7266187050359713,165549,63725,181395,84032,31616,0.506265343939134,0.5070050532131936
0.052980488016831084,0.5741899121628067,0.7207465682155592,0.47716346153846156,0.7266187050359713,165549,64142,181395,84032,31616,0.506265343939134,0.5070050532131936
0.052606926479255134,0.5752202574464693,0.7212526292002016,0.47836538461538464,0.7266187050359713,165966,64142,180978,84032,31616,0.506265343939134,0.5070050532131936
0.05248954848126719,0.5748048813009876,0.7199479449083613,0.47836538461538464,0.7266187050359713,165966,64559,180978,84032,31616,0.506265343939134,0.5070050532131936
0.05240509830689977,0.574390104622711,0.7186479722181327,0.47836538461538464,0.7266187050359713,165966,64976,180978,84032,31616,0.506265343939134,0.5070050532131936
0.05210395338589946,0.5754180766829845,0.7191550793355781,0.4795673076923077,0.7266187050359713,166383,64976,180561,84032,31616,0.506265343939134,0.5070050532131936
0.052080268392782125,0.5764445673209843,0.7196603617285655,0.4807692307692308,0.7266187050359713,166800,64976,180144,84032,31616,0.506265343939134,0.5070050532131936
0.052062986626316254,0.5760305006078019,0.7183710033076075,0.4807692307692308,0.7230215827338129,166800,65392,180144,83616,32032,0.506265343939134,0.5070050532131936
0.05166381376538032,0.5756160351167192,0.7170831739098659,0.4807692307692308,0.7230215827338129,166800,65809,180144,83616,32032,0.506265343939134,0.5070050532131936
0.05166009690376927,0.5752031574101374,0.7158030254264564,0.4807692307692308,0.7194244604316546,166800,66225,180144,83200,32448,0.506265343939134,0.5070050532131936
0.05098768953173649,0.5747908715766259,0.7145274394814964,0.4807692307692308,0.7158273381294964,166800,66641,180144,82784,32864,0.506265343939134,0.5070050532131936
0.050924599178155505,0.5758141328714432,0.7150364751259312,0.48197115384615385,0.7158273381294964,167217,66641,179727,82784,32864,0.506265343939134,0.5070050532131936
0.05083744869222273,0.5754010106345456,0.71376373919539,0.48197115384615385,0.7158273381294964,167217,67058,179727,82784,32864,0.506265343939134,0.5070050532131936
0.05041902321665359,0.5764223672537463,0.7142723228742351,0.4831730769230769,0.7158273381294964,167634,67058,179310,82784,32864,0.506265343939134,0.5070050532131936
0.05041882821145327,0.5760103908241875,0.7130084897153649,0.4831730769230769,0.7122302158273381,167634,67474,179310,82368,33280,0.506265343939134,0.5070050532131936
0.05016941035769096,0.5755980146582909,0.7117460991402187,0.4831730769230769,0.7122302158273381,167634,67891,179310,82368,33280,0.506265343939134,0.5070050532131936
0.05001217576803296,0.576617040038704,0.7122555543311492,0.484375,0.7122302158273381,168051,67891,178893,82368,33280,0.506265343939134,0.5070050532131936
0.04974890318173053,0.5762048197934864,0.710998946517797,0.484375,0.7122302158273381,168051,68308,178893,82368,33280,0.506265343939134,0.5070050532131936
0.04927058660146855,0.5757931885150415,0.7097467648748184,0.484375,0.7122302158273381,168051,68725,178893,82368,33280,0.506265343939134,0.5070050532131936
0.04901903265095153,0.5753821449420256,0.7084989860577673,0.484375,0.7122302158273381,168051,69142,178893,82368,33280,0.506265343939134,0.5070050532131936
0.048919412820674024,0.576398416570582,0.709010563528471,0.4855769230769231,0.7122302158273381,168468,69142,178476,82368,33280,0.506265343939134,0.5070050532131936
0.04868287857851389,0.5759885122313965,0.7077714199289153,0.4855769230769231,0.7086330935251799,168468,69558,178476,81952,33696,0.506265343939134,0.5070050532131936
0.04861330928079488,0.5770029057700291,0.7082824826059058,0.48677884615384615,0.7086330935251799,168885,69558,178059,81952,33696,0.506265343939134,0.5070050532131936
0.048447963157630336,0.576592170760186,0.7070459683496609,0.48677884615384615,0.7086330935251799,168885,69975,178059,81952,33696,0.506265343939134,0.5070050532131936
0.0483879887861568,0.576182020091399,0.7058137639639414,0.48677884615384615,0.7086330935251799,168885,70392,178059,81952,33696,0.506265343939134,0.5070050532131936
0.04833023631434025,0.5757734339975147,0.7045887864893844,0.48677884615384615,0.7050359712230215,168885,70808,178059,81536,34112,0.506265343939134,0.5070050532131936
0.048272646154721155,0.5767850998374937,0.7051018283286827,0.4879807692307692,0.7050359712230215,169302,70808,177642,81536,34112,0.506265343939134,0.5070050532131936
0.048228321261391816,0.5763766660425214,0.7038823245719797,0.4879807692307692,0.7014388489208633,169302,71224,177642,81120,34528,0.506265343939134,0.5070050532131936
0.04812009553038599,0.5759688102795439,0.7026670318997933,0.4879807692307692,0.697841726618705,169302,71640,177642,80704,34944,0.506265343939134,0.5070050532131936
0.04803619557329908,0.5769781898103529,0.7031807390650442,0.4891826923076923,0.697841726618705,169719,71640,177225,80704,34944,0.506265343939134,0.5070050532131936
0.04801467828675454,0.5765695067264573,0.7019679372642446,0.4891826923076923,0.697841726618705,169719,72057,177225,80704,34944,0.506265343939134,0.5070050532131936
0.04775969194017049,0.5761623801634936,0.7007622051925745,0.4891826923076923,0.6942446043165468,169719,72473,177225,80288,35360,0.506265343939134,0.5070050532131936
0.04771604142120939,0.5771694826419338,0.7012765396172442,0.49038461538461536,0.6942446043165468,170136,72473,176808,80288,35360,0.506265343939134,0.5070050532131936
0.047679454116487,0.5781751614488873,0.7017891089842239,0.49158653846153844,0.6942446043165468,170553,72473,176391,80288,35360,0.506265343939134,0.5070050532131936
0.047638227579981374,0.5777667868703071,0.700586995723845,0.49158653846153844,0.6942446043165468,170553,72890,176391,80288,35360,0.506265343939134,0.5070050532131936
0.04761778508437964,0.5773599660123595,0.6993918616905671,0.49158653846153844,0.6906474820143885,170553,73306,176391,79872,35776,0.506265343939134,0.5070050532131936
0.04758514825771332,0.5769527417881668,0.6981979400350423,0.49158653846153844,0.6906474820143885,170553,73723,176391,79872,35776,0.506265343939134,0.5070050532131936
0.04717004963113447,0.5779557397525847,0.6987122639388949,0.49278846153846156,0.6906474820143885,170970,73723,175974,79872,35776,0.506265343939134,0.5070050532131936
0.046963353514972606,0.5789573248386127,0.699224837827914,0.49399038461538464,0.6906474820143885,171387,73723,175557,79872,35776,0.506265343939134,0.5070050532131936
0.046884416334294965,0.5799575000295373,0.69973567061871,0.4951923076923077,0.6906474820143885,171804,73723,175140,79872,35776,0.506265343939134,0.5070050532131936
0.04677363236990151,0.5795505720314327,0.6985521035361852,0.4951923076923077,0.6870503597122302,171804,74139,175140,79456,36192,0.506265343939134,0.5070050532131936
0.046603826950176064,0.5805489260143198,0.6990623477837311,0.4963942307692308,0.6870503597122302,172221,74139,174723,79456,36192,0.506265343939134,0.5070050532131936
0.04632135019364503,0.5801411774217183,0.6978810829210178,0.4963942307692308,0.6870503597122302,172221,74556,174723,79456,36192,0.506265343939134,0.5070050532131936
0.046214012333174015,0.5797340011916423,0.696703803490376,0.4963942307692308,0.6870503597122302,172221,74973,174723,79456,36192,0.506265343939134,0.5070050532131936
0.045819495495835305,0.5807301258924742,0.697214582550856,0.49759615384615385,0.6870503597122302,172638,74973,174306,79456,36192,0.506265343939134,0.5070050532131936
0.04556397362192666,0.5803231076420403,0.6960423823116745,0.49759615384615385,0.6870503597122302,172638,75390,174306,79456,36192,0.506265343939134,0.5070050532131936
0.04554139213648545,0.5799166595284764,0.6948741170077884,0.49759615384615385,0.6870503597122302,172638,75807,174306,79456,36192,0.506265343939134,0.5070050532131936
0.045455807156442485,0.5809105648482895,0.6953853943149215,0.4987980769230769,0.6870503597122302,173055,75807,173889,79456,36192,0.506265343939134,0.5070050532131936
0.04528841082302837,0.5819030798878942,0.6958949610677193,0.5,0.6870503597122302,173472,75807,173472,79456,36192,0.506265343939134,0.5070050532131936
0.04517222131034537,0.5828942075623491,0.6964028258362168,0.5012019230769231,0.6870503597122302,173889,75807,173055,79456,36192,0.506265343939134,0.5070050532131936
0.04495178768354291,0.5824870992216824,0.6952417507286707,0.5012019230769231,0.6870503597122302,173889,76224,173055,79456,36192,0.506265343939134,0.5070050532131936
0.04477839235925807,0.5820805591540386,0.6940845407735601,0.5012019230769231,0.6870503597122302,173889,76641,173055,79456,36192,0.506265343939134,0.5070050532131936
0.04475356671036895,0.5816755590493234,0.6929339379786886,0.5012019230769231,0.6834532374100719,173889,77057,173055,79040,36608,0.506265343939134,0.5070050532131936
0.044637684330716354,0.5826640838231878,0.6934433468728493,0.5024038461538461,0.6834532374100719,174306,77057,172638,79040,36608,0.506265343939134,0.5070050532131936
0.044570231328764476,0.5822582692526106,0.6922948605925808,0.5024038461538461,0.6834532374100719,174306,77474,172638,79040,36608,0.506265343939134,0.5070050532131936
0.044460666203790966,0.5818539907200321,0.6911529128138432,0.5024038461538461,0.6798561151079137,174306,77890,172638,78624,37024,0.506265343939134,0.5070050532131936
0.04435450700144933,0.5814502732021696,0.6900147261412759,0.5024038461538461,0.6762589928057554,174306,78306,172638,78208,37440,0.506265343939134,0.5070050532131936
0.044350634610017536,0.5810471155320581,0.6888802820241238,0.5024038461538461,0.6726618705035972,174306,78722,172638,77792,37856,0.506265343939134,0.5070050532131936
0.04434081986501015,0.5806445165459669,0.6877495620334275,0.5024038461538461,0.6690647482014388,174306,79138,172638,77376,38272,0.506265343939134,0.5070050532131936
0.04406507509347202,0.5816296468904221,0.6882624743461974,0.5036057692307693,0.6690647482014388,174723,79138,172221,77376,38272,0.506265343939134,0.5070050532131936
0.04397485028180326,0.5812262358995512,0.6871337669794477,0.5036057692307693,0.6690647482014388,174723,79555,172221,77376,38272,0.506265343939134,0.5070050532131936
0.043522070749571484,0.5808233841223723,0.6860087555703881,0.5036057692307693,0.6690647482014388,174723,79972,172221,77376,38272,0.506265343939134,0.5070050532131936
0.04324649602721903,0.5804220544634626,0.6848901066594542,0.5036057692307693,0.6654676258992805,174723,80388,172221,76960,38688,0.506265343939134,0.5070050532131936
0.04320050767917982,0.5814046129944628,0.685404339250493,0.5048076923076923,0.6654676258992805,175140,80388,171804,76960,38688,0.506265343939134,0.5070050532131936
0.04315085388053663,0.581003436790913,0.6842903135060795,0.5048076923076923,0.6618705035971223,175140,80804,171804,76544,39104,0.506265343939134,0.5070050532131936
0.043120235300970255,0.5806018514681629,0.6831772383474866,0.5048076923076923,0.6618705035971223,175140,81221,171804,76544,39104,0.506265343939134,0.5070050532131936
0.043082604267955515,0.5802017819489467,0.6820704346573097,0.5048076923076923,0.658273381294964,175140,81637,171804,76128,39520,0.506265343939134,0.5070050532131936
0.04306063260961018,0.5811817829701161,0.6825859079138704,0.5060096153846154,0.658273381294964,175557,81637,171387,76128,39520,0.506265343939134,0.5070050532131936
0.043027731826864146,0.5821604320533285,0.6830997123570034,0.5072115384615384,0.658273381294964,175974,81637,170970,76128,39520,0.506265343939134,0.5070050532131936
0.04298498574401044,0.5817591557956401,0.6819957523989645,0.5072115384615384,0.658273381294964,175974,82054,170970,76128,39520,0.506265343939134,0.5070050532131936
0.04294015627686376,0.5813593926539674,0.6808979895064308,0.5072115384615384,0.6546762589928058,175974,82470,170970,75712,39936,0.506265343939134,0.5070050532131936
0.04260456317153122,0.582335900165895,0.6814120319399214,0.5084134615384616,0.6546762589928058,176391,82470,170553,75712,39936,0.506265343939134,0.5070050532131936
0.04257707076098327,0.5819362905607031,0.6803187324753064,0.5084134615384616,0.6510791366906474,176391,82886,170553,75296,40352,0.506265343939134,0.5070050532131936
0.0423566894391213,0.5815372290183421,0.6792289357048515,0.5084134615384616,0.6474820143884892,176391,83302,170553,74880,40768,0.506265343939134,0.5070050532131936
0.04234350086420935,0.581138714412086,0.6781426248226705,0.5084134615384616,0.6438848920863309,176391,83718,170553,74464,41184,0.506265343939134,0.5070050532131936
0.04216510835965892,0.5821126969233048,0.6786577923124756,0.5096153846153846,0.6438848920863309,176808,83718,170136,74464,41184,0.506265343939134,0.5070050532131936
0.041392372563393676,0.5817133776507805,0.67757326312643,0.5096153846153846,0.6438848920863309,176808,84135,170136,74464,41184,0.506265343939134,0.5070050532131936
0.041339208161713215,0.5813155614882715,0.6764947830378905,0.5096153846153846,0.6402877697841727,176808,84551,170136,74048,41600,0.506265343939134,0.5070050532131936
0.04125465890366942,0.5822874227888027,0.6770101155186113,0.5108173076923077,0.6402877697841727,177225,84551,169719,74048,41600,0.506265343939134,0.5070050532131936
0.041229369673679184,0.5818897586089149,0.6759359553304448,0.5108173076923077,0.6366906474820144,177225,84967,169719,73632,42016,0.506265343939134,0.5070050532131936
0.04112859054239315,0.5814926372155288,0.6748651983184062,0.5108173076923077,0.6330935251798561,177225,85383,169719,73216,42432,0.506265343939134,0.5070050532131936
0.04107992924367804,0.5810951048331965,0.6737952666096378,0.5108173076923077,0.6330935251798561,177225,85800,169719,73216,42432,0.506265343939134,0.5070050532131936
0.04092977155707389,0.5806990669823144,0.6727312756936088,0.5108173076923077,0.6294964028776978,177225,86216,169719,72800,42848,0.506265343939134,0.5070050532131936
0.04090658930180302,0.5803035685927168,0.6716706397783648,0.5108173076923077,0.6258992805755396,177225,86632,169719,72384,43264,0.506265343939134,0.5070050532131936
0.04066576335997352,0.581272148398771,0.6721887132294513,0.5120192307692307,0.6258992805755396,177642,86632,169302,72384,43264,0.506265343939134,0.5070050532131936
0.040651874387754805,0.5808758491584033,0.6711297324049552,0.5120192307692307,0.6258992805755396,177642,87049,169302,72384,43264,0.506265343939134,0.5070050532131936
0.04056839352658248,0.5818427192460771,0.6716470268720672,0.5132211538461539,0.6258992805755396,178059,87049,168885,72384,43264,0.506265343939134,0.5070050532131936
0.04056076157404165,0.5814465711733982,0.670592222954524,0.5132211538461539,0.6258992805755396,178059,87466,168885,72384,43264,0.506265343939134,0.5070050532131936
0.04035485895064728,0.5824117372561944,0.6711087379955027,0.5144230769230769,0.6258992805755396,178476,87466,168468,72384,43264,0.506265343939134,0.5070050532131936
0.040130890076188086,0.5820157409958862,0.6700580795092338,0.5144230769230769,0.6258992805755396,178476,87883,168468,72384,43264,0.506265343939134,0.5070050532131936
0.03986747712702843,0.581621230563173,0.6690132133820635,0.5144230769230769,0.6223021582733813,178476,88299,168468,71968,43680,0.506265343939134,0.5070050532131936
0.03972832536799742,0.582584313572238,0.669529776340609,0.515625,0.6223021582733813,178893,88299,168051,71968,43680,0.506265343939134,0.5070050532131936
0.039713368752063105,0.583546089596829,0.6700447294373507,0.5168269230769231,0.6223021582733813,179310,88299,167634,71968,43680,0.506265343939134,0.5070050532131936
0.03945421001563021,0.5845065612956729,0.6705580801862506,0.5180288461538461,0.6223021582733813,179727,88299,167217,71968,43680,0.506265343939134,0.5070050532131936
0.03928890712217459,0.5841104865718645,0.669516433656307,0.5180288461538461,0.6223021582733813,179727,88716,167217,71968,43680,0.506265343939134,0.5070050532131936
0.03904217379165725,0.5850692752888906,0.670029011381388,0.5192307692307693,0.6223021582733813,180144,88716,166800,71968,43680,0.506265343939134,0.5070050532131936
0.03858480178823587,0.584673355825264,0.6689914103321115,0.5192307692307693,0.6223021582733813,180144,89133,166800,71968,43680,0.506265343939134,0.5070050532131936
0.038440546398190945,0.5856304671460403,0.6695032147544996,0.5204326923076923,0.6223021582733813,180561,89133,166383,71968,43680,0.506265343939134,0.5070050532131936
0.03840808373654975,0.5852347035515473,0.6684696291524596,0.5204326923076923,0.6223021582733813,180561,89550,166383,71968,43680,0.506265343939134,0.5070050532131936
0.0383238111298021,0.5861901430348259,0.6689806600425834,0.5216346153846154,0.6223021582733813,180978,89550,165966,71968,43680,0.506265343939134,0.5070050532131936
0.038056209370321836,0.5871442929069784,0.6694901179206112,0.5228365384615384,0.6223021582733813,181395,89550,165549,71968,43680,0.506265343939134,0.5070050532131936
0.03801049255582034,0.5880971557772365,0.6699980100382514,0.5240384615384616,0.6223021582733813,181812,89550,165132,71968,43680,0.506265343939134,0.5070050532131936
0.03800833120940372,0.5877017465032761,0.6689724701778658,0.5240384615384616,0.6187050359712231,181812,89966,165132,71552,44096,0.506265343939134,0.5070050532131936
0.037796846191511746,0.5873068685818025,0.6679500650271497,0.5240384615384616,0.6151079136690647,181812,90382,165132,71136,44512,0.506265343939134,0.5070050532131936
0.037624719922689176,0.5869115736294599,0.6669283337796347,0.5240384615384616,0.6151079136690647,181812,90799,165132,71136,44512,0.506265343939134,0.5070050532131936
0.037545951781399745,0.5865168104366003,0.6659097235448379,0.5240384615384616,0.6151079136690647,181812,91216,165132,71136,44512,0.506265343939134,0.5070050532131936
0.03680115924151417,0.5861225779309434,0.6648942200442503,0.5240384615384616,0.6151079136690647,181812,91633,165132,71136,44512,0.506265343939134,0.5070050532131936
0.036765846385288126,0.5857298185420543,0.6638842332424113,0.5240384615384616,0.6115107913669064,181812,92049,165132,70720,44928,0.506265343939134,0.5070050532131936
0.036712084712900106,0.5853366429392391,0.6628748933563756,0.5240384615384616,0.6115107913669064,181812,92466,165132,70720,44928,0.506265343939134,0.5070050532131936
0.03667391993453606,0.584944935798648,0.6618710273977589,0.5240384615384616,0.6079136690647482,181812,92882,165132,70304,45344,0.506265343939134,0.5070050532131936
0.0366445580132993,0.5845528128541688,0.6608677951808543,0.5240384615384616,0.6079136690647482,181812,93299,165132,70304,45344,0.506265343939134,0.5070050532131936
0.03662205689763809,0.584162153738889,0.6598699945921815,0.5240384615384616,0.60431654676259,181812,93715,165132,69888,45760,0.506265343939134,0.5070050532131936
0.0365326240711179,0.5837710792309372,0.6588728147740122,0.5240384615384616,0.60431654676259,181812,94132,165132,69888,45760,0.506265343939134,0.5070050532131936
0.03637860658337544,0.5833805279919141,0.6578786442370668,0.5240384615384616,0.60431654676259,181812,94549,165132,69888,45760,0.506265343939134,0.5070050532131936
0.036141685503595755,0.5829914336698621,0.656889842725371,0.5240384615384616,0.6007194244604317,181812,94965,165132,69472,46176,0.506265343939134,0.5070050532131936
0.035654113910655316,0.5826028580263628,0.6559040091199995,0.5240384615384616,0.5971223021582733,181812,95381,165132,69056,46592,0.506265343939134,0.5070050532131936
0.035607588312845384,0.5835492207239086,0.6564208782104392,0.5252403846153846,0.5971223021582733,182229,95381,164715,69056,46592,0.506265343939134,0.5070050532131936
0.03545758496316964,0.5831598586174398,0.6554363425134969,0.5252403846153846,0.5971223021582733,182229,95798,164715,69056,46592,0.506265343939134,0.5070050532131936
0.035455802599810016,0.5827719476100398,0.6544571061222584,0.5252403846153846,0.5935251798561151,182229,96214,164715,68640,47008,0.506265343939134,0.5070050532131936
0.03530733977567596,0.5823836217090335,0.6534784479667216,0.5252403846153846,0.5935251798561151,182229,96631,164715,68640,47008,0.506265343939134,0.5070050532131936
0.035213007443930966,0.5819958129797628,0.652502712360846,0.5252403846153846,0.5935251798561151,182229,97048,164715,68640,47008,0.506265343939134,0.5070050532131936
0.03516623119360818,0.5816094485324039,0.6515322156793342,0.5252403846153846,0.5899280575539568,182229,97464,164715,68224,47424,0.506265343939134,0.5070050532131936
0.03511712621218743,0.5812235967294631,0.6505646016372197,0.5252403846153846,0.5863309352517986,182229,97880,164715,67808,47840,0.506265343939134,0.5070050532131936
0.03511238473208883,0.580837330868408,0.649597541760835,0.5252403846153846,0.5863309352517986,182229,98297,164715,67808,47840,0.506265343939134,0.5070050532131936
0.03495428624382141,0.5804515780705763,0.6486333526729622,0.5252403846153846,0.5863309352517986,182229,98714,164715,67808,47840,0.506265343939134,0.5070050532131936
0.03483387578220121,0.5813937202373374,0.6491541086152971,0.5264423076923077,0.5863309352517986,182646,98714,164298,67808,47840,0.506265343939134,0.5070050532131936
0.034699450535276566,0.5810090342282733,0.6481957299415139,0.5264423076923077,0.5827338129496403,182646,99130,164298,67392,48256,0.506265343939134,0.5070050532131936
0.034467987109525144,0.581949559475917,0.6487155953549522,0.5276442307692307,0.5827338129496403,183063,99130,163881,67392,48256,0.506265343939134,0.5070050532131936
0.034447572098856516,0.581564091404391,0.647758394961254,0.5276442307692307,0.5827338129496403,183063,99547,163881,67392,48256,0.506265343939134,0.5070050532131936
0.03412869717554934,0.5825030041065382,0.648277372830154,0.5288461538461539,0.5827338129496403,183480,99547,163464,67392,48256,0.506265343939134,0.5070050532131936
0.03404982339889029,0.5821176799050743,0.6473236335925262,0.5288461538461539,0.5827338129496403,183480,99964,163464,67392,48256,0.506265343939134,0.5070050532131936
0.0339690253188879,0.5817328651485008,0.6463726964958202,0.5288461538461539,0.5827338129496403,183480,100381,163464,67392,48256,0.506265343939134,0.5070050532131936
0.03352325280964219,0.5813494798176867,0.6454268196160787,0.5288461538461539,0.579136690647482,183480,100797,163464,66976,48672,0.506265343939134,0.5070050532131936
0.033387338244410425,0.5822860562537403,0.6459461737865919,0.5300480769230769,0.579136690647482,183897,100797,163047,66976,48672,0.506265343939134,0.5070050532131936
0.03338406538055827,0.58190189144932,0.6450014204993845,0.5300480769230769,0.579136690647482,183897,101214,163047,66976,48672,0.506265343939134,0.5070050532131936
0.03328087848321909,0.5815191526568017,0.6440616824328347,0.5300480769230769,0.5755395683453237,183897,101630,163047,66560,49088,0.506265343939134,0.5070050532131936
0.03321534019781763,0.5824537674912464,0.6445807570713147,0.53125,0.5755395683453237,184314,101630,162630,66560,49088,0.506265343939134,0.5070050532131936
0.03318858906880995,0.5820711696120663,0.6436443637379522,0.53125,0.5719424460431655,184314,102046,162630,66144,49504,0.506265343939134,0.5070050532131936
0.0331748721148476,0.5830041926967862,0.6441625374419845,0.5324519230769231,0.5719424460431655,184731,102046,162213,66144,49504,0.506265343939134,0.5070050532131936
0.033096599119490866,0.5839359886964667,0.6446792063901057,0.5336538461538461,0.5719424460431655,185148,102046,161796,66144,49504,0.506265343939134,0.5070050532131936
0.03279742799641627,0.5835531727796216,0.6437467403775946,0.5336538461538461,0.5683453237410072,185148,102462,161796,65728,49920,0.506265343939134,0.5070050532131936
0.032765245498101,0.583169940044506,0.6428147361184889,0.5336538461538461,0.5683453237410072,185148,102879,161796,65728,49920,0.506265343939134,0.5070050532131936
0.032676851064467605,0.5827872103344728,0.6418854266339393,0.5336538461538461,0.5683453237410072,185148,103296,161796,65728,49920,0.506265343939134,0.5070050532131936
0.03265944312617486,0.5824049826597778,0.6409588002534091,0.5336538461538461,0.5683453237410072,185148,103713,161796,65728,49920,0.506265343939134,0.5070050532131936
0.032441704825759476,0.5820232560332714,0.6400348453736544,0.5336538461538461,0.5683453237410072,185148,104130,161796,65728,49920,0.506265343939134,0.5070050532131936
0.03227979088432742,0.5816429430853954,0.6391157566259571,0.5336538461538461,0.564748201438849,185148,104546,161796,65312,50336,0.506265343939134,0.5070050532131936
0.03213285946785216,0.581262214408489,0.6381971038671405,0.5336538461538461,0.564748201438849,185148,104963,161796,65312,50336,0.506265343939134,0.5070050532131936
0.03202459837940452,0.5808828950650304,0.6372832817603872,0.5336538461538461,0.5611510791366906,185148,105379,161796,64896,50752,0.506265343939134,0.5070050532131936
0.031973661055899716,0.5805031604294171,0.6363698856137263,0.5336538461538461,0.5611510791366906,185148,105796,161796,64896,50752,0.506265343939134,0.5070050532131936
0.03183225424516839,0.5801248308016244,0.6354612850082373,0.5336538461538461,0.5575539568345323,185148,106212,161796,64480,51168,0.506265343939134,0.5070050532131936
0.031524792613783215,0.5797469939879759,0.6345552752796666,0.5336538461538461,0.5539568345323741,185148,106628,161796,64064,51584,0.506265343939134,0.5070050532131936
0.030861884265042105,0.5793687425387671,0.6336496767547477,0.5336538461538461,0.5539568345323741,185148,107045,161796,64064,51584,0.506265343939134,0.5070050532131936
0.030848230401737398,0.578991889647926,0.6327488218065747,0.5336538461538461,0.5503597122302158,185148,107461,161796,63648,52000,0.506265343939134,0.5070050532131936
0.030781039408642075,0.5786155266895741,0.6318505246992577,0.5336538461538461,0.5467625899280576,185148,107877,161796,63232,52416,0.506265343939134,0.5070050532131936
0.030731297059761742,0.5782387497540545,0.6309526243686998,0.5336538461538461,0.5467625899280576,185148,108294,161796,63232,52416,0.506265343939134,0.5070050532131936
0.030712396181677926,0.577863364970771,0.6300594164528446,0.5336538461538461,0.5431654676258992,185148,108710,161796,62816,52832,0.506265343939134,0.5070050532131936
0.030653302213250355,0.5787882143230316,0.6305836377538017,0.5348557692307693,0.5431654676258992,185565,108710,161379,62816,52832,0.506265343939134,0.5070050532131936
0.030629876118492827,0.578412960639616,0.6296934755387847,0.5348557692307693,0.539568345323741,185565,109126,161379,62400,53248,0.506265343939134,0.5070050532131936
0.03038189655192014,0.5780381932276408,0.6288058229726845,0.5348557692307693,0.5359712230215827,185565,109542,161379,61984,53664,0.506265343939134,0.5070050532131936
0.03028830631864754,0.5776639111425178,0.6279206694571996,0.5348557692307693,0.5323741007194245,185565,109958,161379,61568,54080,0.506265343939134,0.5070050532131936
0.030286374217236234,0.5772901134421038,0.6270380044536205,0.5348557692307693,0.5287769784172662,185565,110374,161379,61152,54496,0.506265343939134,0.5070050532131936
0.030279992066919337,0.5769159023783615,0.626155704625518,0.5348557692307693,0.5287769784172662,185565,110791,161379,61152,54496,0.506265343939134,0.5070050532131936
0.030078727888429357,0.5765421761426217,0.6252758842617084,0.5348557692307693,0.5287769784172662,185565,111208,161379,61152,54496,0.506265343939134,0.5070050532131936
0.029894174452731626,0.5761698282808053,0.624400633940018,0.5348557692307693,0.5251798561151079,185565,111624,161379,60736,54912,0.506265343939134,0.5070050532131936
0.029627125529410048,0.5757970677216663,0.6235257353682385,0.5348557692307693,0.5251798561151079,185565,112041,161379,60736,54912,0.506265343939134,0.5070050532131936
0.02958591152061174,0.5754256813537458,0.6226553744354444,0.5348557692307693,0.5215827338129496,185565,112457,161379,60320,55328,0.506265343939134,0.5070050532131936
0.029417216226223064,0.5750547737618961,0.6217874399372734,0.5348557692307693,0.5179856115107914,185565,112873,161379,59904,55744,0.506265343939134,0.5070050532131936
0.029232360954147163,0.5746834541397555,0.6209198440715397,0.5348557692307693,0.5179856115107914,185565,113290,161379,59904,55744,0.506265343939134,0.5070050532131936
0.029127625369061105,0.5743126137390594,0.6200546659894678,0.5348557692307693,0.5179856115107914,185565,113707,161379,59904,55744,0.506265343939134,0.5070050532131936
0.029074690869284936,0.5739422516326881,0.619191895598437,0.5348557692307693,0.5179856115107914,185565,114124,161379,59904,55744,0.506265343939134,0.5070050532131936
0.029069580501903447,0.5735723668959122,0.6183315228619222,0.5348557692307693,0.5179856115107914,185565,114541,161379,59904,55744,0.506265343939134,0.5070050532131936
0.028943173011295564,0.5732029586063846,0.6174735377991035,0.5348557692307693,0.5179856115107914,185565,114958,161379,59904,55744,0.506265343939134,0.5070050532131936
0.028826694872602365,0.5728340258441326,0.616617930484482,0.5348557692307693,0.5179856115107914,185565,115375,161379,59904,55744,0.506265343939134,0.5070050532131936
0.028461585581960103,0.5737520071695092,0.6171484319262536,0.5360576923076923,0.5179856115107914,185982,115375,160962,59904,55744,0.506265343939134,0.5070050532131936
0.02838334542525811,0.5733840796526066,0.6162976807070215,0.5360576923076923,0.5143884892086331,185982,115791,160962,59488,56160,0.506265343939134,0.5070050532131936
0.02827059849369218,0.5743005296287054,0.6168271617194481,0.5372596153846154,0.5143884892086331,186399,115791,160545,59488,56160,0.506265343939134,0.5070050532131936
0.02818841814678913,0.5752158029161683,0.6173551834557693,0.5384615384615384,0.5143884892086331,186816,115791,160128,59488,56160,0.506265343939134,0.5070050532131936
0.027986621158239577,0.5748467616867292,0.616505623316965,0.5384615384615384,0.5143884892086331,186816,116208,160128,59488,56160,0.506265343939134,0.5070050532131936
0.027866127980534117,0.5744790769760634,0.6156604271025573,0.5384615384615384,0.5107913669064749,186816,116624,160128,59072,56576,0.506265343939134,0.5070050532131936
0.02774779170353814,0.5741109801613704,0.6148155217750455,0.5384615384615384,0.5107913669064749,186816,117041,160128,59072,56576,0.506265343939134,0.5070050532131936
0.02756530030364779,0.57374335475985,0.6139729322912901,0.5384615384615384,0.5107913669064749,186816,117458,160128,59072,56576,0.506265343939134,0.5070050532131936
0.027535914050632937,0.5733761998664897,0.6131326491429021,0.5384615384615384,0.5107913669064749,186816,117875,160128,59072,56576,0.506265343939134,0.5070050532131936
0.027518697050422203,0.5730095145785918,0.6122946628734743,0.5384615384615384,0.5107913669064749,186816,118292,160128,59072,56576,0.506265343939134,0.5070050532131936
0.02745859102960646,0.5726441756530588,0.6114609654233383,0.5384615384615384,0.5071942446043165,186816,118708,160128,58656,56992,0.506265343939134,0.5070050532131936
0.027454718035550885,0.5722784257564503,0.6106275392967925,0.5384615384615384,0.5071942446043165,186816,119125,160128,58656,56992,0.506265343939134,0.5070050532131936
0.027431955280181664,0.5719140181937575,0.6097983724870004,0.5384615384615384,0.5035971223021583,186816,119541,160128,58240,57408,0.506265343939134,0.5070050532131936
0.02735557210337003,0.5715492001138105,0.6089694693813686,0.5384615384615384,0.5035971223021583,186816,119958,160128,58240,57408,0.506265343939134,0.5070050532131936
0.027081798266433144,0.5711857203569911,0.6081447963800904,0.5384615384615384,0.5,186816,120374,160128,57824,57824,0.506265343939134,0.5070050532131936
0.027047692739719742,0.5708218305372691,0.6073203795752372,0.5384615384615384,0.5,186816,120791,160128,57824,57824,0.506265343939134,0.5070050532131936
0.02687701485401761,0.5704584040747029,0.6064981949458483,0.5384615384615384,0.5,186816,121208,160128,57824,57824,0.506265343939134,0.5070050532131936
0.02679660027967712,0.5713679745493108,0.6070301937809824,0.5396634615384616,0.5,187233,121208,159711,57824,57824,0.506265343939134,0.5070050532131936
0.026763213014060594,0.5710046629927935,0.6062106210621062,0.5396634615384616,0.5,187233,121625,159711,57824,57824,0.506265343939134,0.5070050532131936
0.02666893398452591,0.5706426827670074,0.6053952158927035,0.5396634615384616,0.49640287769784175,187233,122041,159711,57408,58240,0.506265343939134,0.5070050532131936
0.026645159493874804,0.5702802927044706,0.6045800491457615,0.5396634615384616,0.49640287769784175,187233,122458,159711,57408,58240,0.506265343939134,0.5070050532131936
0.02657699215838194,0.5711876685559134,0.6051117675132535,0.5408653846153846,0.49640287769784175,187650,122458,159294,57408,58240,0.506265343939134,0.5070050532131936
0.02655347812559916,0.5708262607457701,0.6043011168218881,0.5408653846153846,0.49280575539568344,187650,122874,159294,56992,58656,0.506265343939134,0.5070050532131936
0.026162885232769995,0.5704644428737545,0.6034906943761035,0.5408653846153846,0.49280575539568344,187650,123291,159294,56992,58656,0.506265343939134,0.5070050532131936
0.02610756215875587,0.5713699791281205,0.6040217370358237,0.5420673076923077,0.49280575539568344,188067,123291,158877,56992,58656,0.506265343939134,0.5070050532131936
0.02594550747206481,0.5710091420000668,0.6032157909254781,0.5420673076923077,0.4892086330935252,188067,123707,158877,56576,59072,0.506265343939134,0.5070050532131936
0.025863702461087934,0.5719131892556153,0.6037457838310522,0.5432692307692307,0.4892086330935252,188484,123707,158460,56576,59072,0.506265343939134,0.5070050532131936
0.025772803251469023,0.5715515986609092,0.6029404237895384,0.5432692307692307,0.4892086330935252,188484,124124,158460,56576,59072,0.506265343939134,0.5070050532131936
0.025547801733996678,0.5711913304887509,0.6021391331016153,0.5432692307692307,0.4856115107913669,188484,124540,158460,56160,59488,0.506265343939134,0.5070050532131936
0.025531617494420344,0.5720935514889042,0.6026684447790812,0.5444711538461539,0.4856115107913669,188901,124540,158043,56160,59488,0.506265343939134,0.5070050532131936
0.025528970978352883,0.5717333962872332,0.6018696412697503,0.5444711538461539,0.48201438848920863,188901,124956,158043,55744,59904,0.506265343939134,0.5070050532131936
0.025504288243037687,0.5713728301407403,0.6010710399205789,0.5444711538461539,0.48201438848920863,188901,125373,158043,55744,59904,0.506265343939134,0.5070050532131936
0.02543364629566436,0.5710127184928246,0.6002745550397056,0.5444711538461539,0.48201438848920863,188901,125790,158043,55744,59904,0.506265343939134,0.5070050532131936
0.025293654230721607,0.5706530604846749,0.5994801782246088,0.5444711538461539,0.48201438848920863,188901,126207,158043,55744,59904,0.506265343939134,0.5070050532131936
0.025269107622274134,0.5702947161221372,0.5986897985573205,0.5444711538461539,0.4784172661870504,188901,126623,158043,55328,60320,0.506265343939134,0.5070050532131936
0.02511276027337117,0.5699359617429871,0.5978996078381723,0.5444711538461539,0.4784172661870504,188901,127040,158043,55328,60320,0.506265343939134,0.5070050532131936
0.025099013060898345,0.5695785171438005,0.5971133877233632,0.5444711538461539,0.4748201438848921,188901,127456,158043,54912,60736,0.506265343939134,0.5070050532131936
0.024938020200635624,0.5692206629924155,0.5963273500981773,0.5444711538461539,0.4748201438848921,188901,127873,158043,54912,60736,0.506265343939134,0.5070050532131936
0.024873714121160462,0.5688632582231022,0.5955433792257662,0.5444711538461539,0.4748201438848921,188901,128290,158043,54912,60736,0.506265343939134,0.5070050532131936
0.0247594347092156,0.5685071574642127,0.5947633395989383,0.5444711538461539,0.4712230215827338,188901,128706,158043,54496,61152,0.506265343939134,0.5070050532131936
0.024708006285750428,0.5694048435413434,0.5952946947400196,0.5456730769230769,0.4712230215827338,189318,128706,157626,54496,61152,0.506265343939134,0.5070050532131936
0.024692043935748365,0.5690488499873757,0.5945170204748147,0.5456730769230769,0.4676258992805755,189318,129122,157626,54080,61568,0.506265343939134,0.5070050532131936
0.02459946009173075,0.5686924471426147,0.5937395133241548,0.5456730769230769,0.4676258992805755,189318,129539,157626,54080,61568,0.506265343939134,0.5070050532131936
0.02456460342208666,0.5683373435382165,0.5929658943913203,0.5456730769230769,0.46402877697841727,189318,129955,157626,53664,61984,0.506265343939134,0.5070050532131936
0.02448475371925074,0.5692328924117281,0.5934968250492665,0.546875,0.46402877697841727,189735,129955,157209,53664,61984,0.506265343939134,0.5070050532131936
0.024267091656728135,0.568877042385065,0.5927236830184907,0.546875,0.46402877697841727,189735,130372,157209,53664,61984,0.506265343939134,0.5070050532131936
0.0242506132051743,0.5697711350956151,0.5932535473162696,0.5480769230769231,0.46402877697841727,190152,130372,156792,53664,61984,0.506265343939134,0.5070050532131936
0.024230468556705187,0.5706641113365325,0.593782034704198,0.5492788461538461,0.46402877697841727,190569,130372,156375,53664,61984,0.506265343939134,0.5070050532131936
0.024141509634624525,0.5703080343916374,0.5930115323097604,0.5492788461538461,0.46402877697841727,190569,130789,156375,53664,61984,0.506265343939134,0.5070050532131936
0.02408677073662502,0.5699524015318841,0.5922430269598322,0.5492788461538461,0.46402877697841727,190569,131206,156375,53664,61984,0.506265343939134,0.5070050532131936
0.023982783381420347,0.5695972119270223,0.5914765109003327,0.5492788461538461,0.46402877697841727,190569,131623,156375,53664,61984,0.506265343939134,0.5070050532131936
0.023717813295139112,0.5692433149329701,0.5907138074691266,0.5492788461538461,0.460431654676259,190569,132039,156375,53248,62400,0.506265343939134,0.5070050532131936
0.023463455403750944,0.5701338420135857,0.5912421639192013,0.5504807692307693,0.460431654676259,190986,132039,155958,53248,62400,0.506265343939134,0.5070050532131936
0.02329975292005798,0.5697792018329738,0.5904799005694993,0.5504807692307693,0.460431654676259,190986,132456,155958,53248,62400,0.506265343939134,0.5070050532131936
0.023299152914773025,0.5694250025715448,0.5897196001963818,0.5504807692307693,0.460431654676259,190986,132873,155958,53248,62400,0.506265343939134,0.5070050532131936
0.02320622789622956,0.5703137570394208,0.5902471968323281,0.5516826923076923,0.460431654676259,191403,132873,155541,53248,62400,0.506265343939134,0.5070050532131936
0.023174586085443316,0.5699605143262124,0.5894909637441021,0.5516826923076923,0.4568345323741007,191403,133289,155541,52832,62816,0.506265343939134,0.5070050532131936
0.023171088090612246,0.5696068613636127,0.5887348550793734,0.5516826923076923,0.4568345323741007,191403,133706,155541,52832,62816,0.506265343939134,0.5070050532131936
0.02311103448640489,0.5692536470028403,0.5879806835705904,0.5516826923076923,0.4568345323741007,191403,134123,155541,52832,62816,0.506265343939134,0.5070050532131936
0.02309919043715314,0.5689008704284672,0.5872284417827657,0.5516826923076923,0.4568345323741007,191403,134540,155541,52832,62816,0.506265343939134,0.5070050532131936
0.02287508042940012,0.5685493752441323,0.5864799193526148,0.5516826923076923,0.45323741007194246,191403,134956,155541,52416,63232,0.506265343939134,0.5070050532131936
0.022706867943564468,0.5681983141339342,0.5857333027312371,0.5516826923076923,0.44964028776978415,191403,135372,155541,52000,63648,0.506265343939134,0.5070050532131936
0.022641770865044153,0.5678476862942883,0.5849885846493332,0.5516826923076923,0.4460431654676259,191403,135788,155541,51584,64064,0.506265343939134,0.5070050532131936
0.02259441265792128,0.5674966496281977,0.5842439745061171,0.5516826923076923,0.4460431654676259,191403,136205,155541,51584,64064,0.506265343939134,0.5070050532131936
0.02258142515178546,0.5671460467073303,0.5835012575261032,0.5516826923076923,0.4460431654676259,191403,136622,155541,51584,64064,0.506265343939134,0.5070050532131936
0.02241992226057743,0.5680307261329077,0.5840300570572582,0.5528846153846154,0.4460431654676259,191820,136622,155124,51584,64064,0.506265343939134,0.5070050532131936
0.022370495388841283,0.5676810663478357,0.5832912685718455,0.5528846153846154,0.44244604316546765,191820,137038,155124,51168,64480,0.506265343939134,0.5070050532131936
0.022321649423851064,0.5673318367745313,0.582554346835766,0.5528846153846154,0.43884892086330934,191820,137454,155124,50752,64896,0.506265343939134,0.5070050532131936
0.022312442879137806,0.5669821986743222,0.5818175200414935,0.5528846153846154,0.43884892086330934,191820,137871,155124,50752,64896,0.506265343939134,0.5070050532131936
0.022219525855491584,0.5666338281754255,0.5810843150857147,0.5528846153846154,0.4352517985611511,191820,138287,155124,50336,65312,0.506265343939134,0.5070050532131936
0.02211438003444055,0.5662850496259602,0.5803511999128657,0.5528846153846154,0.4352517985611511,191820,138704,155124,50336,65312,0.506265343939134,0.5070050532131936
0.02181216915291523,0.5659375350354928,0.5796216836888862,0.5528846153846154,0.4316546762589928,191820,139120,155124,49920,65728,0.506265343939134,0.5070050532131936
0.02180994929204627,0.5655896128709821,0.5788922521630748,0.5528846153846154,0.4316546762589928,191820,139537,155124,49920,65728,0.506265343939134,0.5070050532131936
0.02173667371591881,0.5664709054423192,0.5794215339357515,0.5540865384615384,0.4316546762589928,192237,139537,154707,49920,65728,0.506265343939134,0.5070050532131936
0.02173167164565143,0.5661239166350087,0.578695927029712,0.5540865384615384,0.42805755395683454,192237,139953,154707,49504,66144,0.506265343939134,0.5070050532131936
0.02161167669158187,0.5657765200845852,0.5779703974961441,0.5540865384615384,0.42805755395683454,192237,140370,154707,49504,66144,0.506265343939134,0.5070050532131936
0.021492786604265013,0.5654303811802631,0.5772484182774162,0.5540865384615384,0.4244604316546763,192237,140786,154707,49088,66560,0.506265343939134,0.5070050532131936
0.0214810395261813,0.5650846655486689,0.5765282405477463,0.5540865384615384,0.420863309352518,192237,141202,154707,48672,66976,0.506265343939134,0.5070050532131936
0.02144969936330482,0.56596357226792,0.5770571743506182,0.5552884615384616,0.420863309352518,192654,141202,154290,48672,66976,0.506265343939134,0.5070050532131936
0.021445885282858623,0.566841402959703,0.5775847884812713,0.5564903846153846,0.420863309352518,193071,141202,153873,48672,66976,0.506265343939134,0.5070050532131936
0.021397282401370177,0.5664954601669814,0.5768668823893226,0.5564903846153846,0.4172661870503597,193071,141618,153873,48256,67392,0.506265343939134,0.5070050532131936
0.0213304038795733,0.566149109302837,0.576149039408426,0.5564903846153846,0.4172661870503597,193071,142035,153873,48256,67392,0.506265343939134,0.5070050532131936
0.02132203401063526,0.5658040107492535,0.5754346957874595,0.5564903846153846,0.4136690647482014,193071,142451,153873,47840,67808,0.506265343939134,0.5070050532131936
0.021258560002191507,0.5666797972712748,0.5759617073337719,0.5576923076923077,0.4136690647482014,193488,142451,153456,47840,67808,0.506265343939134,0.5070050532131936
0.021245924089862034,0.5663339675106103,0.5752476542710699,0.5576923076923077,0.4136690647482014,193488,142868,153456,47840,67808,0.506265343939134,0.5070050532131936
0.020966308237018172,0.565989387406467,0.5745370755288445,0.5576923076923077,0.41007194244604317,193488,143284,153456,47424,68224,0.506265343939134,0.5070050532131936
0.020940260467366356,0.5656452263598253,0.5738282501156625,0.5576923076923077,0.4064748201438849,193488,143700,153456,47008,68640,0.506265343939134,0.5070050532131936
0.02090045708546695,0.565300657805358,0.5731194739414405,0.5576923076923077,0.4064748201438849,193488,144117,153456,47008,68640,0.506265343939134,0.5070050532131936
0.02063405462894602,0.5649573335863877,0.5724141399498848,0.5576923076923077,0.4028776978417266,193488,144533,153456,46592,69056,0.506265343939134,0.5070050532131936
0.020633460465515285,0.564613602341468,0.5717088506609778,0.5576923076923077,0.4028776978417266,193488,144950,153456,46592,69056,0.506265343939134,0.5070050532131936
0.02058162253268131,0.5642711119017553,0.5710069823581838,0.5576923076923077,0.39928057553956836,193488,145366,153456,46176,69472,0.506265343939134,0.5070050532131936
0.020575317018824535,0.5639290367144943,0.5703068352639491,0.5576923076923077,0.39568345323741005,193488,145782,153456,45760,69888,0.506265343939134,0.5070050532131936
0.02053344530344603,0.5635865552239849,0.5696067261920533,0.5576923076923077,0.39568345323741005,193488,146199,153456,45760,69888,0.506265343939134,0.5070050532131936
0.020255030956967457,0.5632444894679848,0.5689083339213887,0.5576923076923077,0.39568345323741005,193488,146616,153456,45760,69888,0.506265343939134,0.5070050532131936
0.02009177054586031,0.5629028386899697,0.5682116521448016,0.5576923076923077,0.39568345323741005,193488,147033,153456,45760,69888,0.506265343939134,0.5070050532131936
0.020018549128762386,0.5625624199534512,0.5675183391653004,0.5576923076923077,0.3920863309352518,193488,147449,153456,45344,70304,0.506265343939134,0.5070050532131936
0.0199923170411338,0.5622224127084674,0.566826716038822,0.5576923076923077,0.38848920863309355,193488,147865,153456,44928,70720,0.506265343939134,0.5070050532131936
0.019902374649885868,0.5618828162093644,0.5661367765947175,0.5576923076923077,0.38489208633093525,193488,148281,153456,44512,71136,0.506265343939134,0.5070050532131936
0.019701081700422063,0.562753036437247,0.5666654977117708,0.5588942307692307,0.38489208633093525,193905,148281,153039,44512,71136,0.506265343939134,0.5070050532131936
0.019408578407632104,0.5624135300618088,0.5659774315386367,0.5588942307692307,0.381294964028777,193905,148697,153039,44096,71552,0.506265343939134,0.5070050532131936
0.019174983593876926,0.5620736184404092,0.5652893863022165,0.5588942307692307,0.381294964028777,193905,149114,153039,44096,71552,0.506265343939134,0.5070050532131936
0.01900398677280868,0.5617341174425678,0.5646030119148837,0.5588942307692307,0.381294964028777,193905,149531,153039,44096,71552,0.506265343939134,0.5070050532131936
0.018993987473096552,0.5613958390031211,0.5639199423007573,0.5588942307692307,0.3776978417266187,193905,149947,153039,43680,71968,0.506265343939134,0.5070050532131936
0.01898359487110779,0.5610571560430722,0.5632368874339543,0.5588942307692307,0.3776978417266187,193905,150364,153039,43680,71968,0.506265343939134,0.5070050532131936
0.01896715109135616,0.5619247285398262,0.5637652820247994,0.5600961538461539,0.3776978417266187,194322,150364,152622,43680,71968,0.506265343939134,0.5070050532131936
0.018901410826220655,0.5615861350457411,0.5630840647574782,0.5600961538461539,0.3776978417266187,194322,150781,152622,43680,71968,0.506265343939134,0.5070050532131936
0.01888253115608235,0.5612487598615378,0.562406119489811,0.5600961538461539,0.37410071942446044,194322,151197,152622,43264,72384,0.506265343939134,0.5070050532131936
0.018838394018661053,0.560911789793023,0.5617298047321029,0.5600961538461539,0.37050359712230213,194322,151613,152622,42848,72800,0.506265343939134,0.5070050532131936
0.018715517643145163,0.5605744155454524,0.5610534947105834,0.5600961538461539,0.37050359712230213,194322,152030,152622,42848,72800,0.506265343939134,0.5070050532131936
0.018587265998388114,0.5614396731789659,0.5615813408926403,0.5612980769230769,0.37050359712230213,194739,152030,152205,42848,72800,0.506265343939134,0.5070050532131936
0.0185761829874857,0.561103195515531,0.5609084493857741,0.5612980769230769,0.3669064748201439,194739,152446,152205,42432,73216,0.506265343939134,0.5070050532131936
0.018556592593147514,0.5619670979315985,0.5614352046305833,0.5625,0.3669064748201439,195156,152446,151788,42432,73216,0.506265343939134,0.5070050532131936
0.018543055611652592,0.5628299636095735,0.5619606975481224,0.5637019230769231,0.3669064748201439,195573,152446,151371,42432,73216,0.506265343939134,0.5070050532131936
0.018525243472303443,0.5624924501711295,0.5612881562180716,0.5637019230769231,0.3669064748201439,195573,152863,151371,42432,73216,0.506265343939134,0.5070050532131936
0.01847024219514859,0.5621561492161495,0.5606188297616181,0.5637019230769231,0.36330935251798563,195573,153279,151371,42016,73632,0.506265343939134,0.5070050532131936
0.018445373945497945,0.5618194431876452,0.5599494945156884,0.5637019230769231,0.36330935251798563,195573,153696,151371,42016,73632,0.506265343939134,0.5070050532131936
0.01841220665113208,0.5614839462612093,0.5592833550195175,0.5637019230769231,0.3597122302158273,195573,154112,151371,41600,74048,0.506265343939134,0.5070050532131936
0.01838838170903323,0.5611480447488401,0.5586172029865581,0.5637019230769231,0.3597122302158273,195573,154529,151371,41600,74048,0.506265343939134,0.5070050532131936
0.018284738797652744,0.5608125448948547,0.5579526359484079,0.5637019230769231,0.3597122302158273,195573,154946,151371,41600,74048,0.506265343939134,0.5070050532131936
0.018264947688808375,0.5604782490947571,0.5572912362688247,0.5637019230769231,0.35611510791366907,195573,155362,151371,41184,74464,0.506265343939134,0.5070050532131936
0.01818197100784391,0.561337885366664,0.5578166624923154,0.5649038461538461,0.35611510791366907,195990,155362,150954,41184,74464,0.506265343939134,0.5070050532131936
0.018142983797679313,0.5610028724240139,0.5571554059624356,0.5649038461538461,0.35611510791366907,195990,155779,150954,41184,74464,0.506265343939134,0.5070050532131936
0.018128812602043243,0.561861170311673,0.5576797487691163,0.5661057692307693,0.35611510791366907,196407,155779,150537,41184,74464,0.506265343939134,0.5070050532131936
0.018102596530951642,0.5627184449365089,0.5582028513654166,0.5673076923076923,0.35611510791366907,196824,155779,150120,41184,74464,0.506265343939134,0.5070050532131936
0.01809864216832735,0.5623832082792829,0.5575434819556966,0.5673076923076923,0.35611510791366907,196824,156196,150120,41184,74464,0.506265343939134,0.5070050532131936
0.017873711828744865,0.5620491733059196,0.5568872440837945,0.5673076923076923,0.35251798561151076,196824,156612,150120,40768,74880,0.506265343939134,0.5070050532131936
0.017629889326869097,0.5617155349060211,0.556232549201361,0.5673076923076923,0.3489208633093525,196824,157028,150120,40352,75296,0.506265343939134,0.5070050532131936
0.017603953985871723,0.5613822923737757,0.5555793918728195,0.5673076923076923,0.34532374100719426,196824,157444,150120,39936,75712,0.506265343939134,0.5070050532131936
0.017531601371267636,0.5622373077509624,0.5561018932292033,0.5685096153846154,0.34532374100719426,197241,157444,149703,39936,75712,0.506265343939134,0.5070050532131936
0.017467899927391173,0.5630913074072069,0.5566231674279503,0.5697115384615384,0.34532374100719426,197658,157444,149286,39936,75712,0.506265343939134,0.5070050532131936
0.017342583636995812,0.562757843128881,0.5559718495266063,0.5697115384615384,0.34172661870503596,197658,157860,149286,39520,76128,0.506265343939134,0.5070050532131936
0.01730801999007414,0.5624239734008272,0.5553204939104049,0.5697115384615384,0.34172661870503596,197658,158277,149286,39520,76128,0.506265343939134,0.5070050532131936
0.017306472315767207,0.5620904995904996,0.5546706627155172,0.5697115384615384,0.34172661870503596,197658,158694,149286,39520,76128,0.506265343939134,0.5070050532131936
0.017302994500270508,0.56175742099407,0.5540223505966045,0.5697115384615384,0.34172661870503596,197658,159111,149286,39520,76128,0.506265343939134,0.5070050532131936
0.01728072501586464,0.5626091772826041,0.5545430112042465,0.5709134615384616,0.34172661870503596,198075,159111,148869,39520,76128,0.506265343939134,0.5070050532131936
0.017140164011619663,0.5634599253137123,0.5550624575297187,0.5721153846153846,0.34172661870503596,198492,159111,148452,39520,76128,0.506265343939134,0.5070050532131936
0.017082072228083334,0.5631266277426933,0.5544159544159544,0.5721153846153846,0.34172661870503596,198492,159528,148452,39520,76128,0.506265343939134,0.5070050532131936
0.01681831154311375,0.5627945221015623,0.5537725005300806,0.5721153846153846,0.3381294964028777,198492,159944,148452,39104,76544,0.506265343939134,0.5070050532131936
0.01671555446310613,0.5636436539118188,0.5542910328184522,0.5733173076923077,0.3381294964028777,198909,159944,148035,39104,76544,0.506265343939134,0.5070050532131936
0.016662479778228823,0.5633108377913777,0.5536476744509701,0.5733173076923077,0.3381294964028777,198909,160361,148035,39104,76544,0.506265343939134,0.5070050532131936
0.016635029811621405,0.5629784144765797,0.553005807827361,0.5733173076923077,0.3381294964028777,198909,160778,148035,39104,76544,0.506265343939134,0.5070050532131936
0.016621033229180515,0.5626463832724228,0.5523654277653123,0.5733173076923077,0.3381294964028777,198909,161195,148035,39104,76544,0.506265343939134,0.5070050532131936
0.016232259252292103,0.5623155383171441,0.551728059469655,0.5733173076923077,0.3345323741007194,198909,161611,148035,38688,76960,0.506265343939134,0.5070050532131936
0.016139112127542043,0.561984288319647,0.5510906335454664,0.5733173076923077,0.3345323741007194,198909,162028,148035,38688,76960,0.506265343939134,0.5070050532131936
0.016060951317609318,0.5616534283592499,0.5504546787914344,0.5733173076923077,0.3345323741007194,198909,162445,148035,38688,76960,0.506265343939134,0.5070050532131936
0.015992686280534296,0.5624997354366706,0.550972852992639,0.5745192307692307,0.3345323741007194,199326,162445,147618,38688,76960,0.506265343939134,0.5070050532131936
0.01598507711637631,0.5633450471844452,0.5514898340088573,0.5757211538461539,0.3345323741007194,199743,162445,147201,38688,76960,0.506265343939134,0.5070050532131936
0.01594020095079207,0.5630139708462699,0.5508556142358765,0.5757211538461539,0.3345323741007194,199743,162862,147201,38688,76960,0.506265343939134,0.5070050532131936
0.015852562030348127,0.5626840759755762,0.5502243671853695,0.5757211538461539,0.33093525179856115,199743,163278,147201,38272,77376,0.506265343939134,0.5070050532131936
0.01579374832932212,0.5623545674785784,0.5495945652203821,0.5757211538461539,0.3273381294964029,199743,163694,147201,37856,77792,0.506265343939134,0.5070050532131936
0.01576448625284671,0.5620246539804558,0.5489646946302638,0.5757211538461539,0.3273381294964029,199743,164111,147201,37856,77792,0.506265343939134,0.5070050532131936
0.01573286076245589,0.5616959171219914,0.5483377714332776,0.5757211538461539,0.3237410071942446,199743,164527,147201,37440,78208,0.506265343939134,0.5070050532131936
0.015666209887013505,0.5613675646052021,0.5477122785080865,0.5757211538461539,0.32014388489208634,199743,164943,147201,37024,78624,0.506265343939134,0.5070050532131936
0.015628494635628654,0.5610388078315055,0.5470867125167419,0.5757211538461539,0.32014388489208634,199743,165360,147201,37024,78624,0.506265343939134,0.5070050532131936
0.015621604258987176,0.5607104358957085,0.5464625738673671,0.5757211538461539,0.32014388489208634,199743,165777,147201,37024,78624,0.506265343939134,0.5070050532131936
0.015482284676618219,0.5603832342049153,0.5458413493069827,0.5757211538461539,0.31654676258992803,199743,166193,147201,36608,79040,0.506265343939134,0.5070050532131936
0.015316267198423605,0.5612248474338178,0.5463582937767673,0.5769230769230769,0.31654676258992803,200160,166193,146784,36608,79040,0.506265343939134,0.5070050532131936
0.015191537138506295,0.5608969419123067,0.5457371104506912,0.5769230769230769,0.31654676258992803,200160,166610,146784,36608,79040,0.506265343939134,0.5070050532131936
0.01503801578547126,0.5605694193362283,0.5451173380321199,0.5769230769230769,0.31654676258992803,200160,167027,146784,36608,79040,0.506265343939134,0.5070050532131936
0.014983365284051087,0.5602430630875226,0.5445004529342796,0.5769230769230769,0.3129496402877698,200160,167443,146784,36192,79456,0.506265343939134,0.5070050532131936
0.014893122004010939,0.5599170866184684,0.5438849624611772,0.5769230769230769,0.30935251798561153,200160,167859,146784,35776,79872,0.506265343939134,0.5070050532131936
0.014890242697122469,0.5595907070368196,0.5432693873562844,0.5769230769230769,0.30935251798561153,200160,168276,146784,35776,79872,0.506265343939134,0.5070050532131936
0.014741651416531942,0.5592654890499528,0.5426566753060849,0.5769230769230769,0.3057553956834532,200160,168692,146784,35360,80288,0.506265343939134,0.5070050532131936
0.014718828931080508,0.5589406488581593,0.5420453437611708,0.5769230769230769,0.302158273381295,200160,169108,146784,34944,80704,0.506265343939134,0.5070050532131936
0.014660000345535384,0.5597791883945529,0.5425619108159649,0.578125,0.302158273381295,200577,169108,146367,34944,80704,0.506265343939134,0.5070050532131936
0.01464874433117802,0.5594536473252762,0.5419505974028781,0.578125,0.302158273381295,200577,169525,146367,34944,80704,0.506265343939134,0.5070050532131936
0.014648090158009053,0.5591284846744711,0.5413406599931447,0.578125,0.302158273381295,200577,169942,146367,34944,80704,0.506265343939134,0.5070050532131936
0.014640775028338826,0.5599654538362958,0.5418562770936226,0.5793269230769231,0.302158273381295,200994,169942,145950,34944,80704,0.506265343939134,0.5070050532131936
0.0146289050788585,0.5608014512102932,0.5423707361997884,0.5805288461538461,0.302158273381295,201411,169942,145533,34944,80704,0.506265343939134,0.5070050532131936
0.014621413517633186,0.5604760725406768,0.5417623799661081,0.5805288461538461,0.302158273381295,201411,170359,145533,34944,80704,0.506265343939134,0.5070050532131936
0.014437622229948599,0.561310804290178,0.5422757914704167,0.5817307692307693,0.302158273381295,201828,170359,145116,34944,80704,0.506265343939134,0.5070050532131936
0.01428667784263693,0.5609855075686403,0.5416689031787099,0.5817307692307693,0.302158273381295,201828,170776,145116,34944,80704,0.506265343939134,0.5070050532131936
0.01424190300782091,0.5606605876674561,0.5410633717672731,0.5817307692307693,0.302158273381295,201828,171193,145116,34944,80704,0.506265343939134,0.5070050532131936
0.014166896076003355,0.560336043932247,0.5404591926906207,0.5817307692307693,0.302158273381295,201828,171610,145116,34944,80704,0.506265343939134,0.5070050532131936
0.014156027916650105,0.5600118757101494,0.5398563614235465,0.5817307692307693,0.302158273381295,201828,172027,145116,34944,80704,0.506265343939134,0.5070050532131936
0.014106795350458723,0.559688858384809,0.5392563142749505,0.5817307692307693,0.29856115107913667,201828,172443,145116,34528,81120,0.506265343939134,0.5070050532131936
0.014095608675511517,0.5593654383397632,0.538656161926723,0.5817307692307693,0.29856115107913667,201828,172860,145116,34528,81120,0.506265343939134,0.5070050532131936
0.014086906930552257,0.5590431661053005,0.5380587783654667,0.5817307692307693,0.2949640287769784,201828,173276,145116,34112,81536,0.506265343939134,0.5070050532131936
0.014046199915276447,0.5587204916501145,0.5374612871184301,0.5817307692307693,0.2949640287769784,201828,173693,145116,34112,81536,0.506265343939134,0.5070050532131936
0.01401651295019779,0.5583989619314935,0.5368665494484448,0.5817307692307693,0.29136690647482016,201828,174109,145116,33696,81952,0.506265343939134,0.5070050532131936
0.013998248675060887,0.5580770304908903,0.5362717016426024,0.5817307692307693,0.29136690647482016,201828,174526,145116,33696,81952,0.506265343939134,0.5070050532131936
0.013998007234146681,0.5589078573747953,0.5367849436395051,0.5829326923076923,0.29136690647482016,202245,174526,144699,33696,81952,0.506265343939134,0.5070050532131936
0.013993453242402698,0.5585867750448469,0.5361929228738,0.5829326923076923,0.28776978417266186,202245,174942,144699,33280,82368,0.506265343939134,0.5070050532131936
0.013881666796329517,0.5582652909124033,0.5356007881272444,0.5829326923076923,0.28776978417266186,202245,175359,144699,33280,82368,0.506265343939134,0.5070050532131936
0.013829986131708938,0.5579449462318129,0.5350113750595207,0.5829326923076923,0.2841726618705036,202245,175775,144699,32864,82784,0.506265343939134,0.5070050532131936
0.013740269753053758,0.5576242002478697,0.534421845644057,0.5829326923076923,0.2841726618705036,202245,176192,144699,32864,82784,0.506265343939134,0.5070050532131936
0.01370180279705846,0.5584529028738023,0.5349343018682658,0.5841346153846154,0.2841726618705036,202662,176192,144282,32864,82784,0.506265343939134,0.5070050532131936
0.013646578014916866,0.5592806538008717,0.5354456312241115,0.5853365384615384,0.2841726618705036,203079,176192,143865,32864,82784,0.506265343939134,0.5070050532131936
0.013566180433001618,0.5589596934899647,0.5348575672657551,0.5853365384615384,0.2841726618705036,203079,176609,143865,32864,82784,0.506265343939134,0.5070050532131936
0.013426074486829864,0.5597862042310766,0.5353678588810986,0.5865384615384616,0.2841726618705036,203496,176609,143448,32864,82784,0.506265343939134,0.5070050532131936
0.013423858993484639,0.5606117674228074,0.535877032076989,0.5877403846153846,0.2841726618705036,203913,176609,143031,32864,82784,0.506265343939134,0.5070050532131936
0.013362938625780585,0.561436384693694,0.5363850905263048,0.5889423076923077,0.2841726618705036,204330,176609,142614,32864,82784,0.506265343939134,0.5070050532131936
0.01328679069275629,0.5611156956140266,0.5357999763999423,0.5889423076923077,0.2805755395683453,204330,177025,142614,32448,83200,0.506265343939134,0.5070050532131936
0.013166009661915612,0.5607953726765608,0.5352161374226958,0.5889423076923077,0.27697841726618705,204330,177441,142614,32032,83616,0.506265343939134,0.5070050532131936
0.013033415257624914,0.5604754152545975,0.5346335694306714,0.5889423076923077,0.2733812949640288,204330,177857,142614,31616,84032,0.506265343939134,0.5070050532131936
0.012968185648721431,0.5601550549107118,0.5340508724425255,0.5889423076923077,0.2733812949640288,204330,178274,142614,31616,84032,0.506265343939134,0.5070050532131936
0.012851530380304066,0.5609775811169029,0.5345581573856264,0.5901442307692307,0.2733812949640288,204747,178274,142197,31616,84032,0.506265343939134,0.5070050532131936
0.0127175852879583,0.5617991681065525,0.5350643389544072,0.5913461538461539,0.2733812949640288,205164,178274,141780,31616,84032,0.506265343939134,0.5070050532131936
0.012436642916887286,0.562619817487435,0.5355694207448125,0.5925480769230769,0.2733812949640288,205581,178274,141363,31616,84032,0.506265343939134,0.5070050532131936
0.012380920154023811,0.5622989650117065,0.5349882374984386,0.5925480769230769,0.2733812949640288,205581,178691,141363,31616,84032,0.506265343939134,0.5070050532131936
0.012305150472341264,0.5619784782807774,0.5344083142486528,0.5925480769230769,0.2733812949640288,205581,179108,141363,31616,84032,0.506265343939134,0.5070050532131936
0.01230409365561791,0.5616583566696264,0.5338296469024113,0.5925480769230769,0.2733812949640288,205581,179525,141363,31616,84032,0.506265343939134,0.5070050532131936
0.012174067833769453,0.5613393659227869,0.5332536145797127,0.5925480769230769,0.2697841726618705,205581,179941,141363,31200,84448,0.506265343939134,0.5070050532131936
0.012159458938567957,0.5610207373083252,0.532678824059823,0.5925480769230769,0.26618705035971224,205581,180357,141363,30784,84864,0.506265343939134,0.5070050532131936
0.012143782859097563,0.5607017055798521,0.5321038940870443,0.5925480769230769,0.26618705035971224,205581,180774,141363,30784,84864,0.506265343939134,0.5070050532131936
0.011912801804374984,0.5603838002494157,0.5315315781172839,0.5925480769230769,0.26258992805755393,205581,181190,141363,30368,85280,0.506265343939134,0.5070050532131936
0.011908323710755342,0.5612015277906426,0.5320361168218023,0.59375,0.26258992805755393,205998,181190,140946,30368,85280,0.506265343939134,0.5070050532131936
0.011811998498756804,0.562018326891739,0.5325395699229886,0.5949519230769231,0.26258992805755393,206415,181190,140529,30368,85280,0.506265343939134,0.5070050532131936
0.01169376350414636,0.5628341991330211,0.5330419409208756,0.5961538461538461,0.26258992805755393,206832,181190,140112,30368,85280,0.506265343939134,0.5070050532131936
0.0116352123710452,0.5625150431815802,0.5324697056680714,0.5961538461538461,0.26258992805755393,206832,181607,140112,30368,85280,0.506265343939134,0.5070050532131936
0.011629664599162814,0.5621970130429642,0.5319000655771432,0.5961538461538461,0.2589928057553957,206832,182023,140112,29952,85696,0.506265343939134,0.5070050532131936
0.011623219982212385,0.5618793423116888,0.5313316429942122,0.5961538461538461,0.25539568345323743,206832,182439,140112,29536,86112,0.506265343939134,0.5070050532131936
0.011553757612657978,0.5615620303788464,0.5307644340201239,0.5961538461538461,0.2517985611510791,206832,182855,140112,29120,86528,0.506265343939134,0.5070050532131936
0.011446229802922259,0.5612450766369037,0.530198434772355,0.5961538461538461,0.24820143884892087,206832,183271,140112,28704,86944,0.506265343939134,0.5070050532131936
0.011429268717457752,0.5609284804796987,0.5296336413849262,0.5961538461538461,0.2446043165467626,206832,183687,140112,28288,87360,0.506265343939134,0.5070050532131936
0.011357599052155443,0.5606122413024358,0.5290700500083134,0.5961538461538461,0.24100719424460432,206832,184103,140112,27872,87776,0.506265343939134,0.5070050532131936
0.01130438841776038,0.5602955995969097,0.5285063063431387,0.5961538461538461,0.24100719424460432,206832,184520,140112,27872,87776,0.506265343939134,0.5070050532131936
0.011297912746024485,0.5599793153768784,0.5279437627785761,0.5961538461538461,0.24100719424460432,206832,184937,140112,27872,87776,0.506265343939134,0.5070050532131936
0.011292530130707412,0.5596633880372871,0.5273824154865293,0.5961538461538461,0.24100719424460432,206832,185354,140112,27872,87776,0.506265343939134,0.5070050532131936
0.011223088082448651,0.5593478169744451,0.5268222606551657,0.5961538461538461,0.24100719424460432,206832,185771,140112,27872,87776,0.506265343939134,0.5070050532131936
0.011047975908991092,0.5601596834440594,0.5273243091954608,0.5973557692307693,0.24100719424460432,207249,185771,139695,27872,87776,0.506265343939134,0.5070050532131936
0.010922851439441161,0.5598441883300624,0.5267654033555563,0.5973557692307693,0.24100719424460432,207249,186188,139695,27872,87776,0.506265343939134,0.5070050532131936
0.01090207363177953,0.5606548613792154,0.5272664489887116,0.5985576923076923,0.24100719424460432,207666,186188,139278,27872,87776,0.506265343939134,0.5070050532131936
0.010882012515418649,0.5603401986470844,0.5267101225048825,0.5985576923076923,0.23741007194244604,207666,186604,139278,27456,88192,0.506265343939134,0.5070050532131936
0.010833423734455672,0.5600251337929509,0.52615363566573,0.5985576923076923,0.23741007194244604,207666,187021,139278,27456,88192,0.506265343939134,0.5070050532131936
0.01079433595120749,0.5597111773243474,0.5255996537611711,0.5985576923076923,0.23381294964028776,207666,187437,139278,27040,88608,0.506265343939134,0.5070050532131936
0.010788811341696125,0.5593975726736551,0.525046837193662,0.5985576923076923,0.2302158273381295,207666,187853,139278,26624,89024,0.506265343939134,0.5070050532131936
0.010690789744149276,0.5590835666594874,0.5244938575931464,0.5985576923076923,0.2302158273381295,207666,188270,139278,26624,89024,0.506265343939134,0.5070050532131936
0.010674204010668875,0.5587699129688402,0.5239420415639594,0.5985576923076923,0.2302158273381295,207666,188687,139278,26624,89024,0.506265343939134,0.5070050532131936
0.010654820030779777,0.5584566110090707,0.523391385437407,0.5985576923076923,0.2302158273381295,207666,189104,139278,26624,89024,0.506265343939134,0.5070050532131936
0.010551181129445253,0.5581436601888646,0.5228418855602022,0.5985576923076923,0.2302158273381295,207666,189521,139278,26624,89024,0.506265343939134,0.5070050532131936
0.010522842311940728,0.5589512026088311,0.5233423204997938,0.5997596153846154,0.2302158273381295,208083,189521,138861,26624,89024,0.506265343939134,0.5070050532131936
0.010432242036843564,0.5597578409723947,0.5238417068446137,0.6009615384615384,0.2302158273381295,208500,189521,138444,26624,89024,0.506265343939134,0.5070050532131936
0.01041760803122671,0.5594454379706486,0.5232947743306972,0.6009615384615384,0.22661870503597123,208500,189937,138444,26208,89440,0.506265343939134,0.5070050532131936
0.010407302292236298,0.5602508990370046,0.5237931674246716,0.6021634615384616,0.22661870503597123,208917,189937,138027,26208,89440,0.506265343939134,0.5070050532131936
0.01038609799378798,0.5610554598875659,0.5242905194717372,0.6033653846153846,0.22661870503597123,209334,189937,137610,26208,89440,0.506265343939134,0.5070050532131936
0.010327609065707288,0.5607421058834875,0.5237435199455576,0.6033653846153846,0.22661870503597123,209334,190354,137610,26208,89440,0.506265343939134,0.5070050532131936
0.010305257294174086,0.5615454943383901,0.5242398870296547,0.6045673076923077,0.22661870503597123,209751,190354,137193,26208,89440,0.506265343939134,0.5070050532131936
0.009978985215224223,0.5612322165824265,0.5236940792266093,0.6045673076923077,0.22661870503597123,209751,190771,137193,26208,89440,0.506265343939134,0.5070050532131936
0.009940779885718731,0.5609200381878424,0.5231507115813417,0.6045673076923077,0.22302158273381295,209751,191187,137193,25792,89856,0.506265343939134,0.5070050532131936
0.009626822325287887,0.5606082068908376,0.5226084703279399,0.6045673076923077,0.21942446043165467,209751,191603,137193,25376,90272,0.506265343939134,0.5070050532131936
0.009541599565050296,0.5602967221128495,0.5220673519675436,0.6045673076923077,0.2158273381294964,209751,192019,137193,24960,90688,0.506265343939134,0.5070050532131936
0.009519947906282189,0.5599848357630375,0.5215260562872495,0.6045673076923077,0.2158273381294964,209751,192436,137193,24960,90688,0.506265343939134,0.5070050532131936
0.009502116686646023,0.560785967009451,0.5220216391292685,0.6057692307692307,0.2158273381294964,210168,192436,136776,24960,90688,0.506265343939134,0.5070050532131936
0.009477190867824836,0.5604749027953342,0.521482804823582,0.6057692307692307,0.21223021582733814,210168,192852,136776,24544,91104,0.506265343939134,0.5070050532131936
0.009407887333757414,0.5612748723648386,0.5219774091122034,0.6069711538461539,0.21223021582733814,210585,192852,136359,24544,91104,0.506265343939134,0.5070050532131936
0.009219370510022973,0.5609631352241216,0.5214384406245821,0.6069711538461539,0.21223021582733814,210585,193269,136359,24544,91104,0.506265343939134,0.5070050532131936
0.009172861155899159,0.5606517441744374,0.5209005840141885,0.6069711538461539,0.21223021582733814,210585,193686,136359,24544,91104,0.506265343939134,0.5070050532131936
0.009166451371699802,0.5603414441394781,0.5203651216866368,0.6069711538461539,0.20863309352517986,210585,194102,136359,24128,91520,0.506265343939134,0.5070050532131936
0.009147480838262834,0.5600307427185499,0.5198294758876733,0.6069711538461539,0.20863309352517986,210585,194519,136359,24128,91520,0.506265343939134,0.5070050532131936
0.009083778142936039,0.5597211295158306,0.5192962122706648,0.6069711538461539,0.20503597122302158,210585,194935,136359,23712,91936,0.506265343939134,0.5070050532131936
0.00903567966242752,0.5594111154352415,0.5187627636800785,0.6069711538461539,0.20503597122302158,210585,195352,136359,23712,91936,0.506265343939134,0.5070050532131936
0.008929703776010822,0.5591014445810291,0.5182304099381327,0.6069711538461539,0.20503597122302158,210585,195769,136359,23712,91936,0.506265343939134,0.5070050532131936
0.008782097452830206,0.5587921163835137,0.517699147677686,0.6069711538461539,0.20503597122302158,210585,196186,136359,23712,91936,0.506265343939134,0.5070050532131936
0.008723360098081834,0.5584838708394165,0.5171702436472677,0.6069711538461539,0.2014388489208633,210585,196602,136359,23296,92352,0.506265343939134,0.5070050532131936
0.008722501803060445,0.5581752254329745,0.5166411517060676,0.6069711538461539,0.2014388489208633,210585,197019,136359,23296,92352,0.506265343939134,0.5070050532131936
0.008675199747776086,0.5578676599149098,0.5161144061565609,0.6069711538461539,0.19784172661870503,210585,197435,136359,22880,92768,0.506265343939134,0.5070050532131936
0.008674242270100052,0.5586637736453525,0.5166084365520264,0.6081730769230769,0.19784172661870503,211002,197435,135942,22880,92768,0.506265343939134,0.5070050532131936
0.008651829445626563,0.5583562782069789,0.5160827974846706,0.6081730769230769,0.19424460431654678,211002,197851,135942,22464,93184,0.506265343939134,0.5070050532131936
0.008620999223615922,0.5580483831296432,0.5155569672832115,0.6081730769230769,0.19424460431654678,211002,198268,135942,22464,93184,0.506265343939134,0.5070050532131936
0.008617153209613204,0.5577415645692082,0.5150334646534175,0.6081730769230769,0.1906474820143885,211002,198684,135942,22048,93600,0.506265343939134,0.5070050532131936
0.008611494002452424,0.5574343468767461,0.5145097694969313,0.6081730769230769,0.1906474820143885,211002,199101,135942,22048,93600,0.506265343939134,0.5070050532131936
0.008451880175948223,0.5571274674439973,0.5139871382636656,0.6081730769230769,0.1906474820143885,211002,199518,135942,22048,93600,0.506265343939134,0.5070050532131936
0.008399022335830397,0.5568209257126119,0.5134655677147592,0.6081730769230769,0.1906474820143885,211002,199935,135942,22048,93600,0.506265343939134,0.5070050532131936
0.008021364445995882,0.5576145525901427,0.5139587800288802,0.609375,0.1906474820143885,211419,199935,135525,22048,93600,0.506265343939134,0.5070050532131936
0.00781046885038017,0.5573088146521614,0.5134395414916094,0.609375,0.18705035971223022,211419,200351,135525,21632,94016,0.506265343939134,0.5070050532131936
0.007754190706898534,0.558101302673715,0.513931783389578,0.6105769230769231,0.18705035971223022,211836,200351,135108,21632,94016,0.506265343939134,0.5070050532131936
0.0076053527345295024,0.5577956334499379,0.513413620356614,0.6105769230769231,0.18345323741007194,211836,200767,135108,21216,94432,0.506265343939134,0.5070050532131936
0.007485728629606503,0.5574895652951982,0.5128952593094765,0.6105769230769231,0.18345323741007194,211836,201184,135108,21216,94432,0.506265343939134,0.5070050532131936
0.007161056105460806,0.5571845656119309,0.5123791832351319,0.6105769230769231,0.17985611510791366,211836,201600,135108,20800,94848,0.506265343939134,0.5070050532131936
0.007117787128649078,0.5568798994737091,0.5118641446700752,0.6105769230769231,0.17625899280575538,211836,202016,135108,20384,95264,0.506265343939134,0.5070050532131936
0.007067550370128073,0.5565755663336889,0.5113501404887657,0.6105769230769231,0.17266187050359713,211836,202432,135108,19968,95680,0.506265343939134,0.5070050532131936
0.007031103578657438,0.556271565646221,0.5108371675782041,0.6105769230769231,0.16906474820143885,211836,202848,135108,19552,96096,0.506265343939134,0.5070050532131936
0.006947656048717721,0.5559671672932701,0.5103239934377417,0.6105769230769231,0.16906474820143885,211836,203265,135108,19552,96096,0.506265343939134,0.5070050532131936
0.006894897395575583,0.5556631018988487,0.5098118493061673,0.6105769230769231,0.16906474820143885,211836,203682,135108,19552,96096,0.506265343939134,0.5070050532131936
0.006853875982214597,0.5553600968962272,0.5093019565604159,0.6105769230769231,0.16546762589928057,211836,204098,135108,19136,96512,0.506265343939134,0.5070050532131936
0.006818000514669298,0.5550566949868662,0.5087918607136767,0.6105769230769231,0.16546762589928057,211836,204515,135108,19136,96512,0.506265343939134,0.5070050532131936
0.006779575458611409,0.5547536244029163,0.5082827856265356,0.6105769230769231,0.16546762589928057,211836,204932,135108,19136,96512,0.506265343939134,0.5070050532131936
0.006742276232600153,0.5555423233511619,0.5087742847897215,0.6117788461538461,0.16546762589928057,212253,204932,134691,19136,96512,0.506265343939134,0.5070050532131936
0.006612050408464354,0.5552393184975135,0.5082662439356134,0.6117788461538461,0.16546762589928057,212253,205349,134691,19136,96512,0.506265343939134,0.5070050532131936
0.006542643553527794,0.554937369437959,0.5077604313689841,0.6117788461538461,0.1618705035971223,212253,205765,134691,18720,96928,0.506265343939134,0.5070050532131936
0.0064621803090534335,0.555724680191121,0.5082509828288743,0.6129807692307693,0.1618705035971223,212670,205765,134274,18720,96928,0.506265343939134,0.5070050532131936
0.006301035066350935,0.5554220706297761,0.507744979133441,0.6129807692307693,0.1618705035971223,212670,206182,134274,18720,96928,0.506265343939134,0.5070050532131936
0.006262584297861085,0.5551197904499141,0.5072399819686169,0.6129807692307693,0.1618705035971223,212670,206599,134274,18720,96928,0.506265343939134,0.5070050532131936
0.006205463661760835,0.5548185628250432,0.5067371957539584,0.6129807692307693,0.15827338129496402,212670,207015,134274,18304,97344,0.506265343939134,0.5070050532131936
0.006189798687571746,0.5545176619363923,0.5062354052953932,0.6129807692307693,0.15467625899280577,212670,207431,134274,17888,97760,0.506265343939134,0.5070050532131936
0.006130820559042793,0.5542170872526422,0.5057346076377411,0.6129807692307693,0.1510791366906475,212670,207847,134274,17472,98176,0.506265343939134,0.5070050532131936
0.006128647633246942,0.5539161168831507,0.5052335995666779,0.6129807692307693,0.1510791366906475,212670,208264,134274,17472,98176,0.506265343939134,0.5070050532131936
0.006068561094502045,0.553615473223176,0.50473358316463,0.6129807692307693,0.1510791366906475,212670,208681,134274,17472,98176,0.506265343939134,0.5070050532131936
0.00604598985852578,0.5544000874189553,0.5052232506970656,0.6141826923076923,0.1510791366906475,213087,208681,133857,17472,98176,0.506265343939134,0.5070050532131936
0.0060176060699506095,0.5541002277904328,0.5047254277755671,0.6141826923076923,0.1474820143884892,213087,209097,133857,17056,98592,0.506265343939134,0.5070050532131936
0.005954240139697475,0.5548837299962965,0.5052141381586887,0.6153846153846154,0.1474820143884892,213504,209097,133440,17056,98592,0.506265343939134,0.5070050532131936
0.005855810315336107,0.5556663835358109,0.5057018850261691,0.6165865384615384,0.1474820143884892,213921,209097,133023,17056,98592,0.506265343939134,0.5070050532131936
0.005846054789079402,0.5553656057602816,0.5052038683623225,0.6165865384615384,0.1474820143884892,213921,209514,133023,17056,98592,0.506265343939134,0.5070050532131936
0.005732372434787414,0.5550658735461439,0.5047080223946623,0.6165865384615384,0.14388489208633093,213921,209930,133023,16640,99008,0.506265343939134,0.5070050532131936
0.00567770846265514,0.5547664646899486,0.5042131487954519,0.6165865384615384,0.14028776978417265,213921,210346,133023,16224,99424,0.506265343939134,0.5070050532131936
0.00564714879281758,0.5555474917965652,0.504699965150559,0.6177884615384616,0.14028776978417265,214338,210346,132606,16224,99424,0.506265343939134,0.5070050532131936
0.005524848458342779,0.5552481464786981,0.5042060691601976,0.6177884615384616,0.1366906474820144,214338,210762,132606,15808,99840,0.506265343939134,0.5070050532131936
0.005507654920144933,0.5560280713201055,0.5046919394524778,0.6189903846153846,0.1366906474820144,214755,210762,132189,15808,99840,0.506265343939134,0.5070050532131936
0.005391476626689484,0.5557287899626978,0.5041990172163228,0.6189903846153846,0.13309352517985612,214755,211178,132189,15392,100256,0.506265343939134,0.5070050532131936
0.005283414384597729,0.5554298306075446,0.5037070568947036,0.6189903846153846,0.12949640287769784,214755,211594,132189,14976,100672,0.506265343939134,0.5070050532131936
0.005205012861744962,0.5551311927352531,0.5032160556746688,0.6189903846153846,0.12589928057553956,214755,212010,132189,14560,101088,0.506265343939134,0.5070050532131936
0.005157337319680044,0.554832159105882,0.5027248339115412,0.6189903846153846,0.12589928057553956,214755,212427,132189,14560,101088,0.506265343939134,0.5070050532131936
0.005135959519778188,0.5545334474651504,0.5022345702398743,0.6189903846153846,0.12589928057553956,214755,212844,132189,14560,101088,0.506265343939134,0.5070050532131936
0.005042750817058073,0.5542350572932796,0.5017452618593697,0.6189903846153846,0.12589928057553956,214755,213261,132189,14560,101088,0.506265343939134,0.5070050532131936
0.0050071175743132135,0.5539377024824086,0.5012580759607126,0.6189903846153846,0.1223021582733813,214755,213677,132189,14144,101504,0.506265343939134,0.5070050532131936
0.004981334898447098,0.553640666570421,0.5007718352423236,0.6189903846153846,0.11870503597122302,214755,214093,132189,13728,101920,0.506265343939134,0.5070050532131936
0.004856574205641118,0.5544176890502429,0.5012567994129501,0.6201923076923077,0.11870503597122302,215172,214093,131772,13728,101920,0.506265343939134,0.5070050532131936
0.004833834667153036,0.5541200011331066,0.5007703371330425,0.6201923076923077,0.11870503597122302,215172,214510,131772,13728,101920,0.506265343939134,0.5070050532131936
0.0047593946551565125,0.5538226327243151,0.5002848181465197,0.6201923076923077,0.11870503597122302,215172,214927,131772,13728,101920,0.506265343939134,0.5070050532131936
0.004678894516338961,0.5535255833097523,0.49980023971234516,0.6201923076923077,0.11870503597122302,215172,215344,131772,13728,101920,0.506265343939134,0.5070050532131936
0.004599121554253793,0.5532295635808278,0.4993177577900922,0.6201923076923077,0.11510791366906475,215172,215760,131772,13312,102336,0.506265343939134,0.5070050532131936
0.004552853386937616,0.5529338602992193,0.49883620649684246,0.6201923076923077,0.11151079136690648,215172,216176,131772,12896,102752,0.506265343939134,0.5070050532131936
0.004485247943258663,0.5526384729577711,0.4983555831426427,0.6201923076923077,0.1079136690647482,215172,216592,131772,12480,103168,0.506265343939134,0.5070050532131936
0.004473495848585918,0.5534131236964543,0.4988396065537356,0.6213942307692307,0.1079136690647482,215589,216592,131355,12480,103168,0.506265343939134,0.5070050532131936
0.004403298912108,0.5541869456680975,0.4993226968224541,0.6225961538461539,0.1079136690647482,216006,216592,130938,12480,103168,0.506265343939134,0.5070050532131936
0.00431034195777158,0.553890653226644,0.4988418415066453,0.6225961538461539,0.1079136690647482,216006,217009,130938,12480,103168,0.506265343939134,0.5070050532131936
0.004290274033935837,0.553594677437543,0.4983619114417025,0.6225961538461539,0.1079136690647482,216006,217426,130938,12480,103168,0.506265343939134,0.5070050532131936
0.004248637138867362,0.5532997264316233,0.4978840515572274,0.6225961538461539,0.10431654676258993,216006,217842,130938,12064,103584,0.506265343939134,0.5070050532131936
0.004245596025716392,0.55300438166995,0.49740596179751995,0.6225961538461539,0.10431654676258993,216006,218259,130938,12064,103584,0.506265343939134,0.5070050532131936
0.004125855177701476,0.5527100591715977,0.49692993252523115,0.6225961538461539,0.10071942446043165,216006,218675,130938,11648,104000,0.506265343939134,0.5070050532131936
0.004024963715059338,0.5524160497979006,0.49645481352434057,0.6225961538461539,0.09712230215827339,216006,219091,130938,11232,104416,0.506265343939134,0.5070050532131936
0.0038642367591675275,0.5521223530494328,0.49598060218638707,0.6225961538461539,0.09352517985611511,216006,219507,130938,10816,104832,0.506265343939134,0.5070050532131936
0.003852021838728792,0.5518289684278292,0.4955072959128665,0.6225961538461539,0.08992805755395683,216006,219923,130938,10400,105248,0.506265343939134,0.5070050532131936
0.00382081814573898,0.5515351913084554,0.49503375761437024,0.6225961538461539,0.08992805755395683,216006,220340,130938,10400,105248,0.506265343939134,0.5070050532131936
0.003804752893642349,0.5523059000366208,0.49551587474213704,0.6237980769230769,0.08992805755395683,216423,220340,130521,10400,105248,0.506265343939134,0.5070050532131936
0.003655963095216541,0.5520121817467646,0.4950432316208427,0.6237980769230769,0.08992805755395683,216423,220757,130521,10400,105248,0.506265343939134,0.5070050532131936
0.0036167779475778095,0.5517194789303286,0.4945726194937797,0.6237980769230769,0.08633093525179857,216423,221173,130521,9984,105664,0.506265343939134,0.5070050532131936
0.003494084122758867,0.5524888624472424,0.49505379977306607,0.625,0.08633093525179857,216840,221173,130104,9984,105664,0.506265343939134,0.5070050532131936
0.0034712387736377526,0.5521955144937316,0.494582943685423,0.625,0.08633093525179857,216840,221590,130104,9984,105664,0.506265343939134,0.5070050532131936
0.003423132540307794,0.5519031802389952,0.49411410836603276,0.625,0.08273381294964029,216840,222006,130104,9568,106080,0.506265343939134,0.5070050532131936
0.0033715708708511594,0.5516104537354666,0.4936450372555849,0.625,0.08273381294964029,216840,222423,130104,9568,106080,0.506265343939134,0.5070050532131936
0.0033528778771380052,0.5513180375884794,0.4931768558951965,0.625,0.08273381294964029,216840,222840,130104,9568,106080,0.506265343939134,0.5070050532131936
0.0033162992743872577,0.5510266314291523,0.4927106813058969,0.625,0.07913669064748201,216840,223256,130104,9152,106496,0.506265343939134,0.5070050532131936
0.00324950086662229,0.5507348337750506,0.4922442697491334,0.625,0.07913669064748201,216840,223673,130104,9152,106496,0.506265343939134,0.5070050532131936
0.003217472249648745,0.5504433450018658,0.491778740389631,0.625,0.07913669064748201,216840,224090,130104,9152,106496,0.506265343939134,0.5070050532131936
0.003101166529599464,0.5512101495513713,0.49225892551665695,0.6262019230769231,0.07913669064748201,217257,224090,129687,9152,106496,0.506265343939134,0.5070050532131936
0.0030633218704887444,0.5509194162090612,0.49179537444285737,0.6262019230769231,0.07553956834532374,217257,224506,129687,8736,106912,0.506265343939134,0.5070050532131936
0.003053068023611105,0.5506289893970902,0.4913326955825582,0.6262019230769231,0.07194244604316546,217257,224922,129687,8320,107328,0.506265343939134,0.5070050532131936
0.0030086400714074424,0.5503381715935861,0.49086977740422416,0.6262019230769231,0.07194244604316546,217257,225339,129687,8320,107328,0.506265343939134,0.5070050532131936
0.002764172417588806,0.5500476608220447,0.4904077306986477,0.6262019230769231,0.07194244604316546,217257,225756,129687,8320,107328,0.506265343939134,0.5070050532131936
0.0027164333762563775,0.5497574565964973,0.48994655300723905,0.6262019230769231,0.07194244604316546,217257,226173,129687,8320,107328,0.506265343939134,0.5070050532131936
0.002513185311893651,0.5494682532657216,0.48948734470965155,0.6262019230769231,0.0683453237410072,217257,226589,129687,7904,107744,0.506265343939134,0.5070050532131936
0.002487820397763185,0.5491793540493879,0.48902899640302344,0.6262019230769231,0.06474820143884892,217257,227005,129687,7488,108160,0.506265343939134,0.5070050532131936
0.0024610796644569666,0.5488907584680567,0.48857150567376845,0.6262019230769231,0.06115107913669065,217257,227421,129687,7072,108576,0.506265343939134,0.5070050532131936
0.0022533757590540437,0.5486017733975221,0.48811377346409196,0.6262019230769231,0.06115107913669065,217257,227838,129687,7072,108576,0.506265343939134,0.5070050532131936
0.0022382322265975807,0.5483130924619158,0.4876568981306901,0.6262019230769231,0.06115107913669065,217257,228255,129687,7072,108576,0.506265343939134,0.5070050532131936
0.002202565048136318,0.5480247151813721,0.4872008772696999,0.6262019230769231,0.06115107913669065,217257,228672,129687,7072,108576,0.506265343939134,0.5070050532131936
0.002163327349003319,0.5477373315399559,0.48674679900077295,0.6262019230769231,0.05755395683453238,217257,229088,129687,6656,108992,0.506265343939134,0.5070050532131936
0.0021573912204483348,0.5474495594086475,0.4862924778741254,0.6262019230769231,0.05755395683453238,217257,229505,129687,6656,108992,0.506265343939134,0.5070050532131936
0.002056042126083568,0.5471620894999893,0.48583900406772235,0.6262019230769231,0.05755395683453238,217257,229922,129687,6656,108992,0.506265343939134,0.5070050532131936
0.002035990937747534,0.5468749213381328,0.48538637521336203,0.6262019230769231,0.05755395683453238,217257,230339,129687,6656,108992,0.506265343939134,0.5070050532131936
0.0019764931541447206,0.546588054448228,0.48493458895165986,0.6262019230769231,0.05755395683453238,217257,230756,129687,6656,108992,0.506265343939134,0.5070050532131936
0.001896903190325927,0.5463021752058468,0.4844847233341287,0.6262019230769231,0.0539568345323741,217257,231172,129687,6240,109408,0.506265343939134,0.5070050532131936
0.0018709807684619273,0.5460165948511477,0.4840356916084617,0.6262019230769231,0.050359712230215826,217257,231588,129687,5824,109824,0.506265343939134,0.5070050532131936
0.0018663380309053013,0.546778095116088,0.4845146039504788,0.6274038461538461,0.050359712230215826,217674,231588,129270,5824,109824,0.506265343939134,0.5070050532131936
0.0017923647135643095,0.5464925648551007,0.48406637638487987,0.6274038461538461,0.046762589928057555,217674,232004,129270,5408,110240,0.506265343939134,0.5070050532131936
0.0017329665464073107,0.5462066473535172,0.48361790288716827,0.6274038461538461,0.046762589928057555,217674,232421,129270,5408,110240,0.506265343939134,0.5070050532131936
0.0016838246948907565,0.5459217134509158,0.48317133210953783,0.6274038461538461,0.04316546762589928,217674,232837,129270,4992,110656,0.506265343939134,0.5070050532131936
0.00153021030487821,0.5456370766702888,0.48272558529429377,0.6274038461538461,0.039568345323741004,217674,233253,129270,4576,111072,0.506265343939134,0.5070050532131936
0.0014489456553175017,0.5453527365471316,0.4822806601631132,0.6274038461538461,0.03597122302158273,217674,233669,129270,4160,111488,0.506265343939134,0.5070050532131936
0.001442599342449391,0.5450680101764859,0.4818354878696653,0.6274038461538461,0.03597122302158273,217674,234086,129270,4160,111488,0.506265343939134,0.5070050532131936
0.0014356518764628845,0.5447835809595793,0.4813911366566632,0.6274038461538461,0.03597122302158273,217674,234503,129270,4160,111488,0.506265343939134,0.5070050532131936
0.0014294571284675373,0.5455425508231003,0.48186895981829186,0.6286057692307693,0.03597122302158273,218091,234503,128853,4160,111488,0.506265343939134,0.5070050532131936
0.0013954537811067258,0.5452588523840121,0.48142645857707334,0.6286057692307693,0.03237410071942446,218091,234919,128853,3744,111904,0.506265343939134,0.5070050532131936
0.001259202250116942,0.5449747679513626,0.4809837085131675,0.6286057692307693,0.03237410071942446,218091,235336,128853,3744,111904,0.506265343939134,0.5070050532131936
0.0012560331586618512,0.5446909793853055,0.4805417720626471,0.6286057692307693,0.03237410071942446,218091,235753,128853,3744,111904,0.506265343939134,0.5070050532131936
0.0011916110220387965,0.5444074862238752,0.48010064698488314,0.6286057692307693,0.03237410071942446,218091,236170,128853,3744,111904,0.506265343939134,0.5070050532131936
0.0011638291251129251,0.5441249667860497,0.47966138599489305,0.6286057692307693,0.02877697841726619,218091,236586,128853,3328,112320,0.506265343939134,0.5070050532131936
0.0008348952843032498,0.5438420623461732,0.4792218750412003,0.6286057692307693,0.02877697841726619,218091,237003,128853,3328,112320,0.506265343939134,0.5070050532131936
0.0008327433450860955,0.543560129303362,0.47878421988540315,0.6286057692307693,0.025179856115107913,218091,237419,128853,2912,112736,0.506265343939134,0.5070050532131936
0.0007305228101415207,0.5432778117530712,0.4783463142125823,0.6286057692307693,0.025179856115107913,218091,237836,128853,2912,112736,0.506265343939134,0.5070050532131936
0.0007126201951412336,0.5429957873141389,0.4779092088424522,0.6286057692307693,0.025179856115107913,218091,238253,128853,2912,112736,0.506265343939134,0.5070050532131936
0.0006941654901413408,0.5427140555303251,0.4774729015831036,0.6286057692307693,0.025179856115107913,218091,238670,128853,2912,112736,0.506265343939134,0.5070050532131936
0.0006922923875236076,0.5424332905122488,0.4770384336919836,0.6286057692307693,0.02158273381294964,218091,239086,128853,2496,113152,0.506265343939134,0.5070050532131936
0.0006777436054823949,0.5421521419746488,0.47660371420953945,0.6286057692307693,0.02158273381294964,218091,239503,128853,2496,113152,0.506265343939134,0.5070050532131936
0.0006138535533261047,0.5418712847302023,0.4761697863151758,0.6286057692307693,0.02158273381294964,218091,239920,128853,2496,113152,0.506265343939134,0.5070050532131936
0.000610339119068215,0.5415913908000164,0.4757376856075231,0.6286057692307693,0.017985611510791366,218091,240336,128853,2080,113568,0.506265343939134,0.5070050532131936
0.0005118689643710816,0.5413117858689703,0.475306368409238,0.6286057692307693,0.014388489208633094,218091,240752,128853,1664,113984,0.506265343939134,0.5070050532131936
0.00047864083835436055,0.5420662760293921,0.4757827809955145,0.6298076923076923,0.014388489208633094,218508,240752,128436,1664,113984,0.506265343939134,0.5070050532131936
0.0004307494824709046,0.5417860432594738,0.47535117049580466,0.6298076923076923,0.014388489208633094,218508,241169,128436,1664,113984,0.506265343939134,0.5070050532131936
0.00041094423678222913,0.5415067710650193,0.4749213745916586,0.6298076923076923,0.01079136690647482,218508,241585,128436,1248,114400,0.506265343939134,0.5070050532131936
0.0003817859449043448,0.5412277866327824,0.47449235519826977,0.6298076923076923,0.007194244604316547,218508,242001,128436,832,114816,0.506265343939134,0.5070050532131936
0.00031634869677921174,0.5409490895182264,0.4740641102131583,0.6298076923076923,0.0035971223021582736,218508,242417,128436,416,115232,0.506265343939134,0.5070050532131936
0.00028764100320777253,0.5406700103676174,0.4736356108917029,0.6298076923076923,0.0035971223021582736,218508,242834,128436,416,115232,0.506265343939134,0.5070050532131936
0.0002749572634701547,0.5403912190260207,0.4732078854987125,0.6298076923076923,0.0035971223021582736,218508,243251,128436,416,115232,0.506265343939134,0.5070050532131936
7.786060185943633e-05,0.541143464504647,0.47368318562625494,0.6310096153846154,0.0035971223021582736,218925,243251,128019,416,115232,0.506265343939134,0.5070050532131936
5.8617359000590064e-05,0.5408653846153846,0.47325721153846156,0.6310096153846154,0.0,218925,243667,128019,0,115648,0.506265343939134,0.5070050532131936
