threshold,f1,precision,recall,tnr,tp,fp,fn,tn_unknown,fp_unknown,auc_pr_trapezoid,ap_pr_step
0.9525491194015193,0.0,,0.0,1.0,0,0,1040832,115648,0,0.9586710565045966,0.9587231222538848
0.9525491194015192,0.0024009603841536613,1.0,0.001201923076923077,1.0,1251,0,1039581,115648,0,0.9586710565045966,0.9587231222538848
0.8755570787949025,0.004796163069544364,1.0,0.002403846153846154,1.0,2502,0,1038330,115648,0,0.9586710565045966,0.9587231222538848
0.8672126940843701,0.00718562874251497,1.0,0.003605769230769231,1.0,3753,0,1037079,115648,0,0.9586710565045966,0.9587231222538848
0.8532077070506621,0.009569377990430622,1.0,0.004807692307692308,1.0,5004,0,1035828,115648,0,0.9586710565045966,0.9587231222538848
0.8504964972535922,0.011947431302270013,1.0,0.006009615384615385,1.0,6255,0,1034577,115648,0,0.9586710565045966,0.9587231222538848
0.8496786893640333,0.014319809069212411,1.0,0.007211538461538462,1.0,7506,0,1033326,115648,0,0.9586710565045966,0.9587231222538848
0.844634742185616,0.0166865315852205,1.0,0.008413461538461538,1.0,8757,0,1032075,115648,0,0.9586710565045966,0.9587231222538848
0.8425425355205516,0.01904761904761905,1.0,0.009615384615384616,1.0,10008,0,1030824,115648,0,0.9586710565045966,0.9587231222538848
0.839167760443249,0.02140309155766944,1.0,0.010817307692307692,1.0,11259,0,1029573,115648,0,0.9586710565045966,0.9587231222538848
0.8373951037669621,0.023752969121140142,1.0,0.01201923076923077,1.0,12510,0,1028322,115648,0,0.9586710565045966,0.9587231222538848
0.8369044132631291,0.02609727164887307,1.0,0.013221153846153846,1.0,13761,0,1027071,115648,0,0.9586710565045966,0.9587231222538848
0.834944043541578,0.02843601895734597,1.0,0.014423076923076924,1.0,15012,0,1025820,115648,0,0.9586710565045966,0.9587231222538848
0.8328547255133473,0.03076923076923077,1.0,0.015625,1.0,16263,0,1024569,115648,0,0.9586710565045966,0.9587231222538848
0.8295728860963643,0.03309692671394799,1.0,0.016826923076923076,1.0,17514,0,1023318,115648,0,0.9586710565045966,0.9587231222538848
0.8284456237929154,0.03541912632821724,1.0,0.018028846153846152,1.0,18765,0,1022067,115648,0,0.9586710565045966,0.9587231222538848
0.828140140821513,0.03773584905660377,1.0,0.019230769230769232,1.0,20016,0,1020816,115648,0,0.9586710565045966,0.9587231222538848
0.8268674756604979,0.04004711425206125,1.0,0.020432692307692308,1.0,21267,0,1019565,115648,0,0.9586710565045966,0.9587231222538848
0.8246772696016758,0.042352941176470586,1.0,0.021634615384615384,1.0,22518,0,1018314,115648,0,0.9586710565045966,0.9587231222538848
0.8229732625566664,0.04465334900117509,1.0,0.02283653846153846,1.0,23769,0,1017063,115648,0,0.9586710565045966,0.9587231222538848
0.8226609672449289,0.046948356807511735,1.0,0.02403846153846154,1.0,25020,0,1015812,115648,0,0.9586710565045966,0.9587231222538848
0.8220681212181882,0.0492379835873388,1.0,0.025240384615384616,1.0,26271,0,1014561,115648,0,0.9586710565045966,0.9587231222538848
0.8218432297977172,0.05152224824355972,1.0,0.026442307692307692,1.0,27522,0,1013310,115648,0,0.9586710565045966,0.9587231222538848
0.8217056083842973,0.05380116959064327,1.0,0.027644230769230768,1.0,28773,0,1012059,115648,0,0.9586710565045966,0.9587231222538848
0.8174752216090351,0.056074766355140186,1.0,0.028846153846153848,1.0,30024,0,1010808,115648,0,0.9586710565045966,0.9587231222538848
0.8172727522976928,0.058343057176196034,1.0,0.030048076923076924,1.0,31275,0,1009557,115648,0,0.9586710565045966,0.9587231222538848
0.8155375602826698,0.06060606060606061,1.0,0.03125,1.0,32526,0,1008306,115648,0,0.9586710565045966,0.9587231222538848
0.8127493496363786,0.06286379511059371,1.0,0.03245192307692308,1.0,33777,0,1007055,115648,0,0.9586710565045966,0.9587231222538848
0.8127371015117573,0.06511627906976744,1.0,0.03365384615384615,1.0,35028,0,1005804,115648,0,0.9586710565045966,0.9587231222538848
0.8116319896640575,0.06736353077816493,1.0,0.03485576923076923,1.0,36279,0,1004553,115648,0,0.9586710565045966,0.9587231222538848
0.8112781662814781,0.06960556844547564,1.0,0.036057692307692304,1.0,37530,0,1003302,115648,0,0.9586710565045966,0.9587231222538848
0.8106232820516351,0.07184241019698726,1.0,0.037259615384615384,1.0,38781,0,1002051,115648,0,0.9586710565045966,0.9587231222538848
0.8096717868219021,0.07407407407407407,1.0,0.038461538461538464,1.0,40032,0,1000800,115648,0,0.9586710565045966,0.9587231222538848
0.8095472864975664,0.07630057803468208,1.0,0.039663461538461536,1.0,41283,0,999549,115648,0,0.9586710565045966,0.9587231222538848
0.8085727137247343,0.07852193995381063,1.0,0.040865384615384616,1.0,42534,0,998298,115648,0,0.9586710565045966,0.9587231222538848
0.8079900731009431,0.08073817762399077,1.0,0.042067307692307696,1.0,43785,0,997047,115648,0,0.9586710565045966,0.9587231222538848
0.8056456699214297,0.08294930875576037,1.0,0.04326923076923077,1.0,45036,0,995796,115648,0,0.9586710565045966,0.9587231222538848
0.8046991682940259,0.08515535097813579,1.0,0.04447115384615385,1.0,46287,0,994545,115648,0,0.9586710565045966,0.9587231222538848
0.8039933271188962,0.08735632183908046,1.0,0.04567307692307692,1.0,47538,0,993294,115648,0,0.9586710565045966,0.9587231222538848
0.8020525151497088,0.08732294500480352,0.9913250198106519,0.04567307692307692,0.9964028776978417,47538,416,993294,115232,416,0.9586710565045966,0.9587231222538848
0.8020006681060681,0.0872895936658214,0.9827992557370271,0.04567307692307692,0.9928057553956835,47538,832,993294,114816,832,0.9586710565045966,0.9587231222538848
0.8015918855492525,0.08948391173209666,0.9832329054231072,0.046875,0.9928057553956835,48789,832,992043,114816,832,0.9586710565045966,0.9587231222538848
0.8015123967727227,0.09167320079435451,0.983645227236987,0.04807692307692308,0.9928057553956835,50040,832,990792,114816,832,0.9586710565045966,0.9587231222538848
0.7981469887212325,0.09385747812124012,0.9840377568443873,0.04927884615384615,0.9928057553956835,51291,832,989541,114816,832,0.9586710565045966,0.9587231222538848
0.7942526284613595,0.09603676090242605,0.984411885936973,0.05048076923076923,0.9928057553956835,52542,832,988290,114816,832,0.9586710565045966,0.9587231222538848
0.7928893256565173,0.09821106624906317,0.9847688787185355,0.051682692307692304,0.9928057553956835,53793,832,987039,114816,832,0.9586710565045966,0.9587231222538848
0.7925226631041316,0.10038041119422855,0.9851098861765337,0.052884615384615384,0.9928057553956835,55044,832,985788,114816,832,0.9586710565045966,0.9587231222538848
0.7900326132739202,0.10254481269337015,0.9854359584784778,0.054086538461538464,0.9928057553956835,56295,832,984537,114816,832,0.9586710565045966,0.9587231222538848
0.7889109439964905,0.10250597473540457,0.978311871122465,0.054086538461538464,0.9892086330935251,56295,1248,984537,114400,1248,0.9586710565045966,0.9587231222538848
0.7885218395502298,0.10466467689923666,0.9787733442187978,0.055288461538461536,0.9892086330935251,57546,1248,983286,114400,1248,0.9586710565045966,0.9587231222538848
0.7882012509605546,0.10681847290841756,0.9792155883087684,0.056490384615384616,0.9892086330935251,58797,1248,982035,114400,1248,0.9586710565045966,0.9587231222538848
0.7880590605750909,0.1089673794695353,0.9796397807361003,0.057692307692307696,0.9892086330935251,60048,1248,980784,114400,1248,0.9586710565045966,0.9587231222538848
0.7880551092968733,0.11111141321341081,0.9800470046525013,0.05889423076923077,0.9892086330935251,61299,1248,979533,114400,1248,0.9586710565045966,0.9587231222538848
0.7869005862618175,0.11325059069552701,0.9804382582526098,0.06009615384615385,0.9892086330935251,62550,1248,978282,114400,1248,0.9586710565045966,0.9587231222538848
0.785859498671144,0.11538492839645495,0.9808144629433196,0.06129807692307692,0.9892086330935251,63801,1248,977031,114400,1248,0.9586710565045966,0.9587231222538848
0.785289671528419,0.11751444272227701,0.9811764705882353,0.0625,0.9892086330935251,65052,1248,975780,114400,1248,0.9586710565045966,0.9587231222538848
0.7843344702009701,0.1196391500050073,0.981525069947151,0.06370192307692307,0.9892086330935251,66303,1248,974529,114400,1248,0.9586710565045966,0.9587231222538848
0.782987989332232,0.1217590665030091,0.9818609924130113,0.06490384615384616,0.9892086330935251,67554,1248,973278,114400,1248,0.9586710565045966,0.9587231222538848
0.7813667631989982,0.12387420840140968,0.9821849171341699,0.06610576923076923,0.9892086330935251,68805,1248,972027,114400,1248,0.9586710565045966,0.9587231222538848
0.7793434309897345,0.12598459181251215,0.9824974755974419,0.0673076923076923,0.9892086330935251,70056,1248,970776,114400,1248,0.9586710565045966,0.9587231222538848
0.7788942115279183,0.1280902327762045,0.9827992557370271,0.06850961538461539,0.9892086330935251,71307,1248,969525,114400,1248,0.9586710565045966,0.9587231222538848
0.7788428590621654,0.13019114726036615,0.983090805625559,0.06971153846153846,0.9892086330935251,72558,1248,968274,114400,1248,0.9586710565045966,0.9587231222538848
0.778318547988385,0.1322873511612714,0.983372636796035,0.07091346153846154,0.9892086330935251,73809,1248,967023,114400,1248,0.9586710565045966,0.9587231222538848
0.7782546431341032,0.13437886030399054,0.983645227236987,0.07211538461538461,0.9892086330935251,75060,1248,965772,114400,1248,0.9586710565045966,0.9587231222538848
0.7779412964145529,0.1364656904427879,0.9839090240977836,0.0733173076923077,0.9892086330935251,76311,1248,964521,114400,1248,0.9586710565045966,0.9587231222538848
0.7770965103880403,0.13854785726151753,0.9841644461362771,0.07451923076923077,0.9892086330935251,77562,1248,963270,114400,1248,0.9586710565045966,0.9587231222538848
0.7761981633281922,0.14062537637401606,0.984411885936973,0.07572115384615384,0.9892086330935251,78813,1248,962019,114400,1248,0.9586710565045966,0.9587231222538848
0.7757178455201713,0.14269826332449312,0.9846517119244392,0.07692307692307693,0.9892086330935251,80064,1248,960768,114400,1248,0.9586710565045966,0.9587231222538848
0.7749059931639596,0.14476653358791877,0.9848842701936703,0.078125,0.9892086330935251,81315,1248,959517,114400,1248,0.9586710565045966,0.9587231222538848
0.7738781252079681,0.14471294550418176,0.9799467335108883,0.078125,0.9856115107913669,81315,1664,959517,113984,1664,0.9586710565045966,0.9587231222538848
0.771846281306538,0.14677591101645954,0.9802445684435475,0.07932692307692307,0.9856115107913669,82566,1664,958266,113984,1664,0.9586710565045966,0.9587231222538848
0.7711661841781778,0.1488342938419427,0.9805336858483171,0.08052884615384616,0.9856115107913669,83817,1664,957015,113984,1664,0.9586710565045966,0.9587231222538848
0.7689993107247066,0.1508881092337109,0.9808144629433196,0.08173076923076923,0.9856115107913669,85068,1664,955764,113984,1664,0.9586710565045966,0.9587231222538848
0.7686100489833293,0.15293737237722746,0.9810872554925383,0.0829326923076923,0.9856115107913669,86319,1664,954513,113984,1664,0.9586710565045966,0.9587231222538848
0.7682203526176453,0.15498209839071347,0.9813523993096802,0.08413461538461539,0.9856115107913669,87570,1664,953262,113984,1664,0.9586710565045966,0.9587231222538848
0.7666093353736376,0.15702230232551972,0.9816102116372879,0.08533653846153846,0.9856115107913669,88821,1664,952011,113984,1664,0.9586710565045966,0.9587231222538848
0.7663231405590576,0.15905799916649596,0.9818609924130113,0.08653846153846154,0.9856115107913669,90072,1664,950760,113984,1664,0.9586710565045966,0.9587231222538848
0.7662686657205833,0.16108920383235772,0.9821050254336627,0.08774038461538461,0.9856115107913669,91323,1664,949509,113984,1664,0.9586710565045966,0.9587231222538848
0.765907436577517,0.1631159311760508,0.9823425794265583,0.0889423076923077,0.9856115107913669,92574,1664,948258,113984,1664,0.9586710565045966,0.9587231222538848
0.765582490578792,0.16513819598511337,0.982573909036643,0.09014423076923077,0.9856115107913669,93825,1664,947007,113984,1664,0.9586710565045966,0.9587231222538848
0.7648248560083913,0.16715601298203542,0.9827992557370271,0.09134615384615384,0.9856115107913669,95076,1664,945756,113984,1664,0.9586710565045966,0.9587231222538848
0.7643200088969078,0.1691693968246163,0.9830188486697758,0.09254807692307693,0.9856115107913669,96327,1664,944505,113984,1664,0.9586710565045966,0.9587231222538848
0.7639991606266342,0.17117836210631943,0.9832329054231072,0.09375,0.9856115107913669,97578,1664,943254,113984,1664,0.9586710565045966,0.9587231222538848
0.7629437813883979,0.17318292335662497,0.9834416327505399,0.09495192307692307,0.9856115107913669,98829,1664,942003,113984,1664,0.9586710565045966,0.9587231222538848
0.7621572319579601,0.1751830950413802,0.983645227236987,0.09615384615384616,0.9856115107913669,100080,1664,940752,113984,1664,0.9586710565045966,0.9587231222538848
0.7620880812875992,0.17717889156314723,0.9838438759163066,0.09735576923076923,0.9856115107913669,101331,1664,939501,113984,1664,0.9586710565045966,0.9587231222538848
0.7620255355136891,0.179170327261549,0.9840377568443873,0.0985576923076923,0.9856115107913669,102582,1664,938250,113984,1664,0.9586710565045966,0.9587231222538848
0.7611012755585329,0.1811574164136125,0.9842270396314587,0.09975961538461539,0.9856115107913669,103833,1664,936999,113984,1664,0.9586710565045966,0.9587231222538848
0.7610557341284645,0.18314017323411005,0.984411885936973,0.10096153846153846,0.9856115107913669,105084,1664,935748,113984,1664,0.9586710565045966,0.9587231222538848
0.7604557405175698,0.1851186118758982,0.984592449930092,0.10216346153846154,0.9856115107913669,106335,1664,934497,113984,1664,0.9586710565045966,0.9587231222538848
0.7601036521641744,0.18709274643025453,0.9847688787185355,0.10336538461538461,0.9856115107913669,107586,1664,933246,113984,1664,0.9586710565045966,0.9587231222538848
0.7598567795856315,0.1890625909272122,0.9849413127483009,0.1045673076923077,0.9856115107913669,108837,1664,931995,113984,1664,0.9586710565045966,0.9587231222538848
0.7596443695443926,0.19102815933589223,0.9851098861765337,0.10576923076923077,0.9856115107913669,110088,1664,930744,113984,1664,0.9586710565045966,0.9587231222538848
0.7593726798117648,0.1929894655648338,0.9852747272196314,0.10697115384615384,0.9856115107913669,111339,1664,929493,113984,1664,0.9586710565045966,0.9587231222538848
0.7593175440071402,0.19494652346232227,0.9854359584784778,0.10817307692307693,0.9856115107913669,112590,1664,928242,113984,1664,0.9586710565045966,0.9587231222538848
0.7587449437768075,0.1968993468167152,0.9855936972425436,0.109375,0.9856115107913669,113841,1664,926991,113984,1664,0.9586710565045966,0.9587231222538848
0.7567782044176172,0.19884794935676597,0.9857480557744356,0.11057692307692307,0.9856115107913669,115092,1664,925740,113984,1664,0.9586710565045966,0.9587231222538848
0.7564381458581585,0.20079234475194568,0.9858991415763472,0.11177884615384616,0.9856115107913669,116343,1664,924489,113984,1664,0.9586710565045966,0.9587231222538848
0.7555215519653751,0.2027325466127628,0.9860470576397391,0.11298076923076923,0.9856115107913669,117594,1664,923238,113984,1664,0.9586710565045966,0.9587231222538848
0.7552845465947484,0.20466856849108056,0.9861919026794679,0.1141826923076923,0.9856115107913669,118845,1664,921987,113984,1664,0.9586710565045966,0.9587231222538848
0.7548821428611063,0.20660042388043268,0.9863337713534822,0.11538461538461539,0.9856115107913669,120096,1664,920736,113984,1664,0.9586710565045966,0.9587231222538848
0.7544964892759386,0.20852812621633673,0.9864727544691125,0.11658653846153846,0.9856115107913669,121347,1664,919485,113984,1664,0.9586710565045966,0.9587231222538848
0.7544451246289853,0.21045168887660567,0.9866089391769004,0.11778846153846154,0.9856115107913669,122598,1664,918234,113984,1664,0.9586710565045966,0.9587231222538848
0.7543991296786391,0.21237112518165724,0.9867424091528367,0.11899038461538461,0.9856115107913669,123849,1664,916983,113984,1664,0.9586710565045966,0.9587231222538848
0.7539788459528552,0.2142864483948215,0.9868732447698084,0.1201923076923077,0.9856115107913669,125100,1664,915732,113984,1664,0.9586710565045966,0.9587231222538848
0.7518885345089859,0.21619767172264634,0.987001523258993,0.12139423076923077,0.9856115107913669,126351,1664,914481,113984,1664,0.9586710565045966,0.9587231222538848
0.7518468458024945,0.21810480831520096,0.9871273188618817,0.12259615384615384,0.9856115107913669,127602,1664,913230,113984,1664,0.9586710565045966,0.9587231222538848
0.7515156893331738,0.2200078712663775,0.987250702973559,0.12379807692307693,0.9856115107913669,128853,1664,911979,113984,1664,0.9586710565045966,0.9587231222538848
0.7509005425923829,0.22190687361419068,0.9873717442778216,0.125,0.9856115107913669,130104,1664,910728,113984,1664,0.9586710565045966,0.9587231222538848
0.7496431542055194,0.22380182834107565,0.987490508874672,0.12620192307692307,0.9856115107913669,131355,1664,909477,113984,1664,0.9586710565045966,0.9587231222538848
0.7496005623397932,0.22569274837418368,0.9876070604006851,0.12740384615384615,0.9856115107913669,132606,1664,908226,113984,1664,0.9586710565045966,0.9587231222538848
0.7486872076004558,0.22757964658567623,0.9877214601427086,0.12860576923076922,0.9856115107913669,133857,1664,906975,113984,1664,0.9586710565045966,0.9587231222538848
0.7482245065338862,0.229462535793017,0.9878337671453221,0.12980769230769232,0.9856115107913669,135108,1664,905724,113984,1664,0.9586710565045966,0.9587231222538848
0.7479831776515691,0.23134142875926217,0.9879440383124551,0.1310096153846154,0.9856115107913669,136359,1664,904473,113984,1664,0.9586710565045966,0.9587231222538848
0.7477851922477181,0.23321633819334872,0.9880523285035254,0.13221153846153846,0.9856115107913669,137610,1664,903222,113984,1664,0.9586710565045966,0.9587231222538848
0.7471969075204781,0.23508727675038113,0.9881586906244441,0.13341346153846154,0.9856115107913669,138861,1664,901971,113984,1664,0.9586710565045966,0.9587231222538848
0.74674475961147,0.2369542570319159,0.9882631757138021,0.1346153846153846,0.9856115107913669,140112,1664,900720,113984,1664,0.9586710565045966,0.9587231222538848
0.7455392504695539,0.23881729158624465,0.9883658330245338,0.13581730769230768,0.9856115107913669,141363,1664,899469,113984,1664,0.9586710565045966,0.9587231222538848
0.7446417290101857,0.24067639290867515,0.9884667101013321,0.13701923076923078,0.9856115107913669,142614,1664,898218,113984,1664,0.9586710565045966,0.9587231222538848
0.744418001374323,0.24253157344181073,0.9885658528540703,0.13822115384615385,0.9856115107913669,143865,1664,896967,113984,1664,0.9586710565045966,0.9587231222538848
0.7435634895611984,0.2424465590418419,0.9857480557744356,0.13822115384615385,0.9820143884892086,143865,2080,896967,113568,2080,0.9586710565045966,0.9587231222538848
0.743286865703763,0.24429727245485797,0.9858691812277508,0.13942307692307693,0.9820143884892086,145116,2080,895716,113568,2080,0.9586710565045966,0.9587231222538848
0.7423332949933813,0.24614409234502585,0.9859882651720816,0.140625,0.9820143884892086,146367,2080,894465,113568,2080,0.9586710565045966,0.9587231222538848
0.7417101584425994,0.24605802327487297,0.9832329054231072,0.140625,0.9784172661870504,146367,2496,894465,113152,2496,0.9586710565045966,0.9587231222538848
0.7410010033657928,0.2479004085827569,0.983372636796035,0.14182692307692307,0.9784172661870504,147618,2496,893214,113152,2496,0.9586710565045966,0.9587231222538848
0.7409192156873492,0.2497389273752576,0.9835100584679417,0.14302884615384615,0.9784172661870504,148869,2496,891963,113152,2496,0.9586710565045966,0.9587231222538848
0.7404291749947433,0.25157359181128963,0.983645227236987,0.14423076923076922,0.9784172661870504,150120,2496,890712,113152,2496,0.9586710565045966,0.9587231222538848
0.7402650103258195,0.2514859313958709,0.9809713001202363,0.14423076923076922,0.9748201438848921,150120,2912,890712,112736,2912,0.9586710565045966,0.9587231222538848
0.7399574759272723,0.2533162080636591,0.9811255938761886,0.14543269230769232,0.9748201438848921,151371,2912,889461,112736,2912,0.9586710565045966,0.9587231222538848
0.7396318515141835,0.25514265701298766,0.9812774055833451,0.1466346153846154,0.9748201438848921,152622,2912,888210,112736,2912,0.9586710565045966,0.9587231222538848
0.7382068344943506,0.256965290238866,0.981426794655101,0.14783653846153846,0.9748201438848921,153873,2912,886959,112736,2912,0.9586710565045966,0.9587231222538848
0.7368682432982846,0.2587841196862373,0.9815738186236047,0.14903846153846154,0.9748201438848921,155124,2912,885708,112736,2912,0.9586710565045966,0.9587231222538848
0.7361479759643572,0.26059915725023935,0.9817185332136332,0.1502403846153846,0.9748201438848921,156375,2912,884457,112736,2912,0.9586710565045966,0.9587231222538848
0.7351908473369216,0.26241041477646354,0.9818609924130113,0.15144230769230768,0.9748201438848921,157626,2912,883206,112736,2912,0.9586710565045966,0.9587231222538848
0.7349277545575243,0.264217904061213,0.9820012485397648,0.15264423076923078,0.9748201438848921,158877,2912,881955,112736,2912,0.9586710565045966,0.9587231222538848
0.7340584648018738,0.26602163685175834,0.9821393523061825,0.15384615384615385,0.9748201438848921,160128,2912,880704,112736,2912,0.9586710565045966,0.9587231222538848
0.7334008155816207,0.26782162484659244,0.9822753528799508,0.15504807692307693,0.9748201438848921,161379,2912,879453,112736,2912,0.9586710565045966,0.9587231222538848
0.7326773108421886,0.26961787969568307,0.9824092979425161,0.15625,0.9748201438848921,162630,2912,878202,112736,2912,0.9586710565045966,0.9587231222538848
0.7316736178997115,0.27141041300072455,0.9825412337448214,0.15745192307692307,0.9748201438848921,163881,2912,876951,112736,2912,0.9586710565045966,0.9587231222538848
0.7315839646075439,0.2731992363153872,0.9826712051605532,0.15865384615384615,0.9748201438848921,165132,2912,875700,112736,2912,0.9586710565045966,0.9587231222538848
0.7314858058866018,0.27498436114556574,0.9827992557370271,0.15985576923076922,0.9748201438848921,166383,2912,874449,112736,2912,0.9586710565045966,0.9587231222538848
0.7307740005852321,0.27676579894962594,0.9829254277438345,0.16105769230769232,0.9748201438848921,167634,2912,873198,112736,2912,0.9586710565045966,0.9587231222538848
0.7301961873476428,0.27854356113865,0.9830497622193636,0.1622596153846154,0.9748201438848921,168885,2912,871947,112736,2912,0.9586710565045966,0.9587231222538848
0.72968765545053,0.2803176590766797,0.9831722990153021,0.16346153846153846,0.9748201438848921,170136,2912,870696,112736,2912,0.9586710565045966,0.9587231222538848
0.7283626373974937,0.2802216263579885,0.9808144629433196,0.16346153846153846,0.9712230215827338,170136,3328,870696,112320,3328,0.9586710565045966,0.9587231222538848
0.7278561129526936,0.2819915642916317,0.9809518358469508,0.16466346153846154,0.9712230215827338,171387,3328,869445,112320,3328,0.9586710565045966,0.9587231222538848
0.7276739844412508,0.2837578628498732,0.9810872554925383,0.1658653846153846,0.9712230215827338,172638,3328,868194,112320,3328,0.9586710565045966,0.9587231222538848
0.7275384855605884,0.28552053324619947,0.9812207632450611,0.16706730769230768,0.9712230215827338,173889,3328,866943,112320,3328,0.9586710565045966,0.9587231222538848
0.7274238834360132,0.2872795866480768,0.9813523993096802,0.16826923076923078,0.9712230215827338,175140,3328,865692,112320,3328,0.9586710565045966,0.9587231222538848
0.7273533100142006,0.2890350341771872,0.9814822027721053,0.16947115384615385,0.9712230215827338,176391,3328,864441,112320,3328,0.9586710565045966,0.9587231222538848
0.7234745712988384,0.2907868869096629,0.9816102116372879,0.17067307692307693,0.9712230215827338,177642,3328,863190,112320,3328,0.9586710565045966,0.9587231222538848
0.722918561231322,0.29253515587631934,0.9817364628665193,0.171875,0.9712230215827338,178893,3328,861939,112320,3328,0.9586710565045966,0.9587231222538848
0.7228449813954254,0.2942798520628863,0.9818609924130113,0.17307692307692307,0.9712230215827338,180144,3328,860688,112320,3328,0.9586710565045966,0.9587231222538848
0.722702466073871,0.2960209864102386,0.9819838352560321,0.17427884615384615,0.9712230215827338,181395,3328,859437,112320,3328,0.9586710565045966,0.9587231222538848
0.7225080756052202,0.29775856981462434,0.9821050254336627,0.17548076923076922,0.9712230215827338,182646,3328,858186,112320,3328,0.9586710565045966,0.9587231222538848
0.7222631456980346,0.29949261312789227,0.9822245960742422,0.17668269230769232,0.9712230215827338,183897,3328,856935,112320,3328,0.9586710565045966,0.9587231222538848
0.7197202287304865,0.301223127157718,0.9823425794265583,0.1778846153846154,0.9712230215827338,185148,3328,855684,112320,3328,0.9586710565045966,0.9587231222538848
0.7193042460444253,0.3029501226678282,0.9824590068888456,0.17908653846153846,0.9712230215827338,186399,3328,854433,112320,3328,0.9586710565045966,0.9587231222538848
0.7186211564479363,0.30467361037822394,0.982573909036643,0.18028846153846154,0.9712230215827338,187650,3328,853182,112320,3328,0.9586710565045966,0.9587231222538848
0.7185303656924527,0.30457075244313947,0.9804382582526098,0.18028846153846154,0.9676258992805755,187650,3744,853182,111904,3744,0.9586710565045966,0.9587231222538848
0.7181975395228452,0.30629026726886677,0.980565288483999,0.1814903846153846,0.9676258992805755,188901,3744,851931,111904,3744,0.9586710565045966,0.9587231222538848
0.7181708414565349,0.3080062977433086,0.980690679539547,0.18269230769230768,0.9676258992805755,190152,3744,850680,111904,3744,0.9586710565045966,0.9587231222538848
0.7180052138843098,0.3097188544465561,0.9808144629433196,0.18389423076923078,0.9676258992805755,191403,3744,849429,111904,3744,0.9586710565045966,0.9587231222538848
0.7179629558793569,0.31142794791590894,0.9809366694161855,0.18509615384615385,0.9676258992805755,192654,3744,848178,111904,3744,0.9586710565045966,0.9587231222538848
0.7171326814603931,0.31132327014348204,0.9788632922454703,0.18509615384615385,0.9640287769784173,192654,4160,848178,111488,4160,0.9586710565045966,0.9587231222538848
0.7161312425234533,0.3130284438496501,0.9789967939817736,0.18629807692307693,0.9640287769784173,193905,4160,846927,111488,4160,0.9586710565045966,0.9587231222538848
0.7157922451640979,0.3147301773659273,0.9791286198799896,0.1875,0.9640287769784173,195156,4160,845676,111488,4160,0.9586710565045966,0.9587231222538848
0.7156371596710944,0.31642848109270266,0.9792588012983192,0.18870192307692307,0.9640287769784173,196407,4160,844425,111488,4160,0.9586710565045966,0.9587231222538848
0.7154499027056664,0.3181233653884843,0.9793873688174494,0.18990384615384615,0.9640287769784173,197658,4160,843174,111488,4160,0.9586710565045966,0.9587231222538848
0.7151097265789118,0.31981484057010967,0.9795143522645012,0.19110576923076922,0.9640287769784173,198909,4160,841923,111488,4160,0.9586710565045966,0.9587231222538848
0.7150786305177189,0.3215029169129552,0.9796397807361003,0.19230769230769232,0.9640287769784173,200160,4160,840672,111488,4160,0.9586710565045966,0.9587231222538848
0.7146764600660732,0.32318760465114416,0.9797636826206031,0.1935096153846154,0.9640287769784173,201411,4160,839421,111488,4160,0.9586710565045966,0.9587231222538848
0.7146282601173222,0.32486891397775347,0.9798860856195183,0.19471153846153846,0.9640287769784173,202662,4160,838170,111488,4160,0.9586710565045966,0.9587231222538848
0.714601257856273,0.32654685504501946,0.9800070167681535,0.19591346153846154,0.9640287769784173,203913,4160,836919,111488,4160,0.9586710565045966,0.9587231222538848
0.713898387883352,0.328221437964542,0.9801265024555235,0.1971153846153846,0.9640287769784173,205164,4160,835668,111488,4160,0.9586710565045966,0.9587231222538848
0.7130977681167463,0.3298926728074879,0.9802445684435475,0.19831730769230768,0.9640287769784173,206415,4160,834417,111488,4160,0.9586710565045966,0.9587231222538848
0.7124805501162357,0.33156056960479235,0.9803612398855664,0.19951923076923078,0.9640287769784173,207666,4160,833166,111488,4160,0.9586710565045966,0.9587231222538848
0.7122964579856872,0.3332251383473601,0.9804765413442089,0.20072115384615385,0.9640287769784173,208917,4160,831915,111488,4160,0.9586710565045966,0.9587231222538848
0.7116769069913624,0.3348863889862647,0.9805904968086298,0.20192307692307693,0.9640287769784173,210168,4160,830664,111488,4160,0.9586710565045966,0.9587231222538848
0.7114581720420698,0.3365443314329467,0.9807031297111499,0.203125,0.9640287769784173,211419,4160,829413,111488,4160,0.9586710565045966,0.9587231222538848
0.7107596530403861,0.33643293786654804,0.9788143244056575,0.203125,0.960431654676259,211419,4576,829413,111072,4576,0.9586710565045966,0.9587231222538848
0.7106884714667282,0.3363216180165648,0.9769327806812038,0.203125,0.9568345323741008,211419,4992,829413,110656,4992,0.9586710565045966,0.9587231222538848
0.7093331250525532,0.3379753896323701,0.9770653582159495,0.20432692307692307,0.9568345323741008,212670,4992,828162,110656,4992,0.9586710565045966,0.9587231222538848
0.7090316712588245,0.33962587666551564,0.9771964204958135,0.20552884615384615,0.9568345323741008,213921,4992,826911,110656,4992,0.9586710565045966,0.9587231222538848
0.7087034631687792,0.34127308889163804,0.9773259933504115,0.20673076923076922,0.9568345323741008,215172,4992,825660,110656,4992,0.9586710565045966,0.9587231222538848
0.7083708316733702,0.34291703604761986,0.977454102025608,0.20793269230769232,0.9568345323741008,216423,4992,824409,110656,4992,0.9586710565045966,0.9587231222538848
0.7077985392509427,0.3445577278317813,0.9775807711999138,0.2091346153846154,0.9568345323741008,217674,4992,823158,110656,4992,0.9586710565045966,0.9587231222538848
0.7077649075596064,0.34619517390407106,0.977706025000335,0.21033653846153846,0.9568345323741008,218925,4992,821907,110656,4992,0.9586710565045966,0.9587231222538848
0.7066256796299588,0.34782938388625595,0.9778298870176935,0.21153846153846154,0.9568345323741008,220176,4992,820656,110656,4992,0.9586710565045966,0.9587231222538848
0.706216514080926,0.349460367362109,0.9779523803214395,0.2127403846153846,0.9568345323741008,221427,4992,819405,110656,4992,0.9586710565045966,0.9587231222538848
0.7053235363730932,0.35108813387759735,0.9780735274739755,0.21394230769230768,0.9568345323741008,222678,4992,818154,110656,4992,0.9586710565045966,0.9587231222538848
0.7046172254714673,0.35097303371849087,0.976289645133853,0.21394230769230768,0.9532374100719424,222678,5408,818154,110240,5408,0.9586710565045966,0.9587231222538848
0.7036513843168122,0.35259717407683544,0.9764189816732581,0.21514423076923078,0.9532374100719424,223929,5408,816903,110240,5408,0.9586710565045966,0.9587231222538848
0.7032863882646998,0.3542181183243932,0.9765469148437906,0.21634615384615385,0.9532374100719424,225180,5408,815652,110240,5408,0.9586710565045966,0.9587231222538848
0.7031948911302515,0.35583587588622667,0.976673467363127,0.21754807692307693,0.9532374100719424,226431,5408,814401,110240,5408,0.9586710565045966,0.9587231222538848
0.7024642218654377,0.35745045615037657,0.9767986614612382,0.21875,0.9532374100719424,227682,5408,813150,110240,5408,0.9586710565045966,0.9587231222538848
0.7021548655547184,0.35906186846804317,0.9769225188934074,0.21995192307692307,0.9532374100719424,228933,5408,811899,110240,5408,0.9586710565045966,0.9587231222538848
0.7018862984669004,0.3606701221537671,0.9770450609528337,0.22115384615384615,0.9532374100719424,230184,5408,810648,110240,5408,0.9586710565045966,0.9587231222538848
0.7017413223639404,0.3622752264856086,0.9771663084828346,0.22235576923076922,0.9532374100719424,231435,5408,809397,110240,5408,0.9586710565045966,0.9587231222538848
0.7014387802199855,0.3638771907053262,0.9772862818886658,0.22355769230769232,0.9532374100719424,232686,5408,808146,110240,5408,0.9586710565045966,0.9587231222538848
0.7013868102015958,0.36547602401855367,0.9774050011489691,0.2247596153846154,0.9532374100719424,233937,5408,806895,110240,5408,0.9586710565045966,0.9587231222538848
0.7008710298770998,0.36707173559497686,0.9775224858268633,0.22596153846153846,0.9532374100719424,235188,5408,805644,110240,5408,0.9586710565045966,0.9587231222538848
0.7006803327561033,0.36866433456850856,0.9776387550806915,0.22716346153846154,0.9532374100719424,236439,5408,804393,110240,5408,0.9586710565045966,0.9587231222538848
0.7000427509790057,0.3702538300374631,0.9777538276744359,0.2283653846153846,0.9532374100719424,237690,5408,803142,110240,5408,0.9586710565045966,0.9587231222538848
0.6998659328976004,0.37013390472660795,0.9760835105989799,0.2283653846153846,0.9496402877697842,237690,5824,803142,109824,5824,0.9586710565045966,0.9587231222538848
0.6996674520203167,0.3717199091161538,0.9762057483708864,0.22956730769230768,0.9496402877697842,238941,5824,801891,109824,5824,0.9586710565045966,0.9587231222538848
0.6982035581744942,0.37330282986024765,0.9763267429760666,0.23076923076923078,0.9496402877697842,240192,5824,800640,109824,5824,0.9586710565045966,0.9587231222538848
0.6969359667215557,0.3748826759433863,0.9764465132832121,0.23197115384615385,0.9496402877697842,241443,5824,799389,109824,5824,0.9586710565045966,0.9587231222538848
0.696647718204888,0.37645945631519756,0.9765650777810863,0.23317307692307693,0.9496402877697842,242694,5824,798138,109824,5824,0.9586710565045966,0.9587231222538848
0.6963187072407264,0.3780331798906091,0.9766824545880394,0.234375,0.9496402877697842,243945,5824,796887,109824,5824,0.9586710565045966,0.9587231222538848
0.6962162476110891,0.3796038555500166,0.9767986614612382,0.23557692307692307,0.9496402877697842,245196,5824,795636,109824,5824,0.9586710565045966,0.9587231222538848
0.6961543574530051,0.3811714921394506,0.9769137158056217,0.23677884615384615,0.9496402877697842,246447,5824,794385,109824,5824,0.9586710565045966,0.9587231222538848
0.6961216029870593,0.3827360984707429,0.9770276346825917,0.23798076923076922,0.9496402877697842,247698,5824,793134,109824,5824,0.9586710565045966,0.9587231222538848
0.6952395097491797,0.3842976833216914,0.9771404348184463,0.23918269230769232,0.9496402877697842,248949,5824,791883,109824,5824,0.9586710565045966,0.9587231222538848
0.694781846722637,0.3858562554362242,0.9772521326125676,0.2403846153846154,0.9496402877697842,250200,5824,790632,109824,5824,0.9586710565045966,0.9587231222538848
0.6947676828789996,0.38741182352456305,0.9773627441453697,0.24158653846153846,0.9496402877697842,251451,5824,789381,109824,5824,0.9586710565045966,0.9587231222538848
0.6947551774909094,0.38896439626338547,0.9774722851860161,0.24278846153846154,0.9496402877697842,252702,5824,788130,109824,5824,0.9586710565045966,0.9587231222538848
0.6946982926008618,0.39051398229598594,0.9775807711999138,0.2439903846153846,0.9496402877697842,253953,5824,786879,109824,5824,0.9586710565045966,0.9587231222538848
0.6940860202098855,0.39206059023243667,0.9776882173559924,0.24519230769230768,0.9496402877697842,255204,5824,785628,109824,5824,0.9586710565045966,0.9587231222538848
0.6939411290215398,0.39360422864974665,0.9777946385337751,0.24639423076923078,0.9496402877697842,256455,5824,784377,109824,5824,0.9586710565045966,0.9587231222538848
0.6932069000574821,0.3934786160931074,0.9762462170958717,0.24639423076923078,0.9460431654676259,256455,6240,784377,109408,6240,0.9586710565045966,0.9587231222538848
0.6930046786237236,0.39501892275927397,0.9763588006637721,0.24759615384615385,0.9460431654676259,257706,6240,783126,109408,6240,0.9586710565045966,0.9587231222538848
0.6924180700783253,0.39655627861249637,0.9764703220624668,0.24879807692307693,0.9460431654676259,258957,6240,781875,109408,6240,0.9586710565045966,0.9587231222538848
0.691975793934661,0.39809069212410503,0.9765807962529274,0.25,0.9460431654676259,260208,6240,780624,109408,6240,0.9586710565045966,0.9587231222538848
0.6919303322648329,0.3979640528073803,0.9750584567420109,0.25,0.9424460431654677,260208,6656,780624,108992,6656,0.9586710565045966,0.9587231222538848
0.6912009443829652,0.3994951667256199,0.9751748316953546,0.2512019230769231,0.9424460431654677,261459,6656,779373,108992,6656,0.9586710565045966,0.9587231222538848
0.6911878641495646,0.40102335677508283,0.9752901257025757,0.25240384615384615,0.9424460431654677,262710,6656,778122,108992,6656,0.9586710565045966,0.9587231222538848
0.6911251031631602,0.4025486313230633,0.9754043537545682,0.2536057692307692,0.9424460431654677,263961,6656,776871,108992,6656,0.9586710565045966,0.9587231222538848
0.6910266330422309,0.4040709987049592,0.9755175305663042,0.2548076923076923,0.9424460431654677,265212,6656,775620,108992,6656,0.9586710565045966,0.9587231222538848
0.6907934239005187,0.40559046722442466,0.9756296705831524,0.25600961538461536,0.9424460431654677,266463,6656,774369,108992,6656,0.9586710565045966,0.9587231222538848
0.689247676080944,0.40710704515352014,0.9757407879870248,0.25721153846153844,0.9424460431654677,267714,6656,773118,108992,6656,0.9586710565045966,0.9587231222538848
0.6873588781934066,0.40862074073286325,0.9758508967023558,0.25841346153846156,0.9424460431654677,268965,6656,771867,108992,6656,0.9586710565045966,0.9587231222538848
0.6857866100088712,0.4101315621717776,0.9759600104019186,0.25961538461538464,0.9424460431654677,270216,6656,770616,108992,6656,0.9586710565045966,0.9587231222538848
0.6857801513595368,0.41000212423755045,0.9744958310493061,0.25961538461538464,0.9388489208633094,270216,7072,770616,108576,7072,0.9586710565045966,0.9587231222538848
0.6856376198283636,0.4115097269835399,0.9746103777208937,0.2608173076923077,0.9388489208633094,271467,7072,769365,108576,7072,0.9586710565045966,0.9587231222538848
0.6852693943249419,0.4130144734829497,0.9747239000679081,0.2620192307692308,0.9388489208633094,272718,7072,768114,108576,7072,0.9586710565045966,0.9587231222538848
0.6851897967301878,0.4145163718451016,0.9748364117691013,0.26322115384615385,0.9388489208633094,273969,7072,766863,108576,7072,0.9586710565045966,0.9587231222538848
0.6849054508781546,0.4160154301486482,0.9749479262607513,0.2644230769230769,0.9388489208633094,275220,7072,765612,108576,7072,0.9586710565045966,0.9587231222538848
0.6846074342235144,0.4175116564417178,0.9750584567420109,0.265625,0.9388489208633094,276471,7072,764361,108576,7072,0.9586710565045966,0.9587231222538848
0.684330868769274,0.4173805528570167,0.9736299958796869,0.265625,0.935251798561151,276471,7488,764361,108160,7488,0.9586710565045966,0.9587231222538848
0.6840203451854641,0.4188736103381341,0.973745661091827,0.2668269230769231,0.935251798561151,277722,7488,763110,108160,7488,0.9586710565045966,0.9587231222538848
0.6834939002627662,0.4203638533466235,0.9738603160639668,0.26802884615384615,0.935251798561151,278973,7488,761859,108160,7488,0.9586710565045966,0.9587231222538848
0.6830349803201581,0.4218512898330804,0.973973973973974,0.2692307692307692,0.935251798561151,280224,7488,760608,108160,7488,0.9586710565045966,0.9587231222538848
0.683025642552167,0.4233359277181821,0.974086647771514,0.2704326923076923,0.935251798561151,281475,7488,759357,108160,7488,0.9586710565045966,0.9587231222538848
0.6830220838252907,0.4248177748928286,0.9741983501829684,0.27163461538461536,0.935251798561151,282726,7488,758106,108160,7488,0.9586710565045966,0.9587231222538848
0.682690511038176,0.42629683921828243,0.9743090937162266,0.27283653846153844,0.935251798561151,283977,7488,756855,108160,7488,0.9586710565045966,0.9587231222538848
0.6812520430761566,0.4277731285263073,0.9744188906653548,0.27403846153846156,0.935251798561151,285228,7488,755604,108160,7488,0.9586710565045966,0.9587231222538848
0.6811888911895477,0.4292466506193067,0.9745277531151456,0.27524038461538464,0.935251798561151,286479,7488,754353,108160,7488,0.9586710565045966,0.9587231222538848
0.6811416568734951,0.4307174132704614,0.9746356929455521,0.2764423076923077,0.935251798561151,287730,7488,753102,108160,7488,0.9586710565045966,0.9587231222538848
0.6808804889747428,0.43218542422386585,0.9747427218360099,0.2776442307692308,0.935251798561151,288981,7488,751851,108160,7488,0.9586710565045966,0.9587231222538848
0.6804257058826986,0.4336506911946641,0.9748488512696494,0.27884615384615385,0.935251798561151,290232,7488,750600,108160,7488,0.9586710565045966,0.9587231222538848
0.6796083477125548,0.4351132218691852,0.9749540925374033,0.2800480769230769,0.935251798561151,291483,7488,749349,108160,7488,0.9586710565045966,0.9587231222538848
0.6785840738054427,0.43657302390507763,0.9750584567420109,0.28125,0.935251798561151,292734,7488,748098,108160,7488,0.9586710565045966,0.9587231222538848
0.6785290412394456,0.43803010493144257,0.9751619548019226,0.2824519230769231,0.935251798561151,293985,7488,746847,108160,7488,0.9586710565045966,0.9587231222538848
0.6783694488325982,0.43948447254896705,0.9752645974551076,0.28365384615384615,0.935251798561151,295236,7488,745596,108160,7488,0.9586710565045966,0.9587231222538848
0.6781368852564358,0.4409361343300563,0.9753663952627684,0.2848557692307692,0.935251798561151,296487,7488,744345,108160,7488,0.9586710565045966,0.9587231222538848
0.6772146555918475,0.44238509781896473,0.9754673586129622,0.2860576923076923,0.935251798561151,297738,7488,743094,108160,7488,0.9586710565045966,0.9587231222538848
0.677150973044658,0.44383137053192695,0.9755674977241359,0.28725961538461536,0.935251798561151,298989,7488,741843,108160,7488,0.9586710565045966,0.9587231222538848
0.6770756193447518,0.4452749599572878,0.9756668226485727,0.28846153846153844,0.935251798561151,300240,7488,740592,108160,7488,0.9586710565045966,0.9587231222538848
0.6769729707200149,0.44671587355563114,0.9757653432757566,0.28966346153846156,0.935251798561151,301491,7488,739341,108160,7488,0.9586710565045966,0.9587231222538848
0.6769561621364142,0.44815411875990885,0.9758630693356541,0.29086538461538464,0.935251798561151,302742,7488,738090,108160,7488,0.9586710565045966,0.9587231222538848
0.6762916660420939,0.44801617192436727,0.9745562473040053,0.29086538461538464,0.9316546762589928,302742,7904,738090,107744,7904,0.9586710565045966,0.9587231222538848
0.6756221536327452,0.44945144223270145,0.9746583006569477,0.2920673076923077,0.9316546762589928,303993,7904,736839,107744,7904,0.9586710565045966,0.9587231222538848
0.6753597811682788,0.45088406032585415,0.9747595386207161,0.2932692307692308,0.9316546762589928,305244,7904,735588,107744,7904,0.9586710565045966,0.9587231222538848
0.6753025515596942,0.4523140335485242,0.9748599709286607,0.29447115384615385,0.9316546762589928,306495,7904,734337,107744,7904,0.9586710565045966,0.9587231222538848
0.6752152495823052,0.4537413692183162,0.9749596071598289,0.2956730769230769,0.9316546762589928,307746,7904,733086,107744,7904,0.9586710565045966,0.9587231222538848
0.6750303191202294,0.45516607462586534,0.9750584567420109,0.296875,0.9316546762589928,308997,7904,731835,107744,7904,0.9586710565045966,0.9587231222538848
0.6747640494552525,0.4565881570349614,0.9751565289547135,0.2980769230769231,0.9316546762589928,310248,7904,730584,107744,7904,0.9586710565045966,0.9587231222538848
0.6736581011195205,0.4580076236826725,0.9752538329320639,0.29927884615384615,0.9316546762589928,311499,7904,729333,107744,7904,0.9586710565045966,0.9587231222538848
0.6734323047760605,0.45942448177946743,0.9753503776656458,0.3004807692307692,0.9316546762589928,312750,7904,728082,107744,7904,0.9586710565045966,0.9587231222538848
0.6733167798069513,0.4608387385093382,0.9754461720072692,0.3016826923076923,0.9316546762589928,314001,7904,726831,107744,7904,0.9586710565045966,0.9587231222538848
0.6721418818258145,0.46069810212059836,0.974187223296031,0.3016826923076923,0.9280575539568345,314001,8320,726831,107328,8320,0.9586710565045966,0.9587231222538848
0.6718420983529958,0.46210946317952745,0.9742870211266735,0.30288461538461536,0.9280575539568345,315252,8320,725580,107328,8320,0.9586710565045966,0.9587231222538848
0.6718065812084988,0.4635182385009391,0.9743860502489048,0.30408653846153844,0.9280575539568345,316503,8320,724329,107328,8320,0.9586710565045966,0.9587231222538848
0.6717422836675571,0.4649244351842775,0.9744843195102952,0.30528846153846156,0.9280575539568345,317754,8320,723078,107328,8320,0.9586710565045966,0.9587231222538848
0.6717001413257875,0.46632806030302076,0.9745818376231574,0.30649038461538464,0.9280575539568345,319005,8320,721827,107328,8320,0.9586710565045966,0.9587231222538848
0.6715719595154207,0.46772912090479973,0.9746786131671211,0.3076923076923077,0.9280575539568345,320256,8320,720576,107328,8320,0.9586710565045966,0.9587231222538848
0.6712659868036839,0.46758707687994955,0.9734461628246279,0.3076923076923077,0.9244604316546763,320256,8736,720576,106912,8736,0.9586710565045966,0.9587231222538848
0.6700059404926901,0.46898528526885835,0.9735467519372099,0.3088942307692308,0.9244604316546763,321507,8736,719325,106912,8736,0.9586710565045966,0.9587231222538848
0.6694557933852977,0.47038094446946277,0.9736465818385853,0.31009615384615385,0.9244604316546763,322758,8736,718074,106912,8736,0.9586710565045966,0.9587231222538848
0.6688239545438147,0.4717740614468646,0.973745661091827,0.3112980769230769,0.9244604316546763,324009,8736,716823,106912,8736,0.9586710565045966,0.9587231222538848
0.6681027926339589,0.47163122373985894,0.9725297979055172,0.3112980769230769,0.920863309352518,324009,9152,716823,106496,9152,0.9586710565045966,0.9587231222538848
0.6677941692018645,0.47302151472756837,0.9726325610324988,0.3125,0.920863309352518,325260,9152,715572,106496,9152,0.9586710565045966,0.9587231222538848
0.6675496034398621,0.47440927863886173,0.9727345581729294,0.3137019230769231,0.920863309352518,326511,9152,714321,106496,9152,0.9586710565045966,0.9587231222538848
0.6673252116607746,0.47426594747227674,0.9715305032447729,0.3137019230769231,0.9172661870503597,326511,9568,714321,106080,9568,0.9586710565045966,0.9587231222538848
0.6670827224089523,0.4756509031594254,0.9716360833605076,0.31490384615384615,0.9172661870503597,327762,9568,713070,106080,9568,0.9586710565045966,0.9587231222538848
0.6670442862865724,0.4770333467931649,0.9717408832746078,0.3161057692307692,0.9172661870503597,329013,9568,711819,106080,9568,0.9586710565045966,0.9587231222538848
0.6666920991667141,0.47841328520190285,0.9718449116033805,0.3173076923076923,0.9172661870503597,330264,9568,710568,106080,9568,0.9586710565045966,0.9587231222538848
0.6659168947684185,0.47979072518932064,0.9719481768367231,0.31850961538461536,0.9172661870503597,331515,9568,709317,106080,9568,0.9586710565045966,0.9587231222538848
0.664801839166911,0.48116567353448536,0.9720506873404337,0.31971153846153844,0.9172661870503597,332766,9568,708066,106080,9568,0.9586710565045966,0.9587231222538848
0.6647363974867946,0.48253813699196124,0.9721524513584703,0.32091346153846156,0.9172661870503597,334017,9568,706815,106080,9568,0.9586710565045966,0.9587231222538848
0.6646308730877577,0.4839081222919199,0.9722534770151608,0.32211538461538464,0.9172661870503597,335268,9568,705564,106080,9568,0.9586710565045966,0.9587231222538848
0.6640069737534239,0.48527563614025043,0.9723537723173653,0.3233173076923077,0.9172661870503597,336519,9568,704313,106080,9568,0.9586710565045966,0.9587231222538848
0.663247912567705,0.48664068521866916,0.972453345156591,0.3245192307692308,0.9172661870503597,337770,9568,703062,106080,9568,0.9586710565045966,0.9587231222538848
0.6632243244949387,0.4880032761848281,0.9725522033110626,0.32572115384615385,0.9172661870503597,339021,9568,701811,106080,9568,0.9586710565045966,0.9587231222538848
0.6632019121734829,0.48936341567242314,0.9726503544477475,0.3269230769230769,0.9172661870503597,340272,9568,700560,106080,9568,0.9586710565045966,0.9587231222538848
0.6630598282223192,0.49072111029130205,0.9727478061243381,0.328125,0.9172661870503597,341523,9568,699309,106080,9568,0.9586710565045966,0.9587231222538848
0.662399406608412,0.49207636662757126,0.9728445657911915,0.3293269230769231,0.9172661870503597,342774,9568,698058,106080,9568,0.9586710565045966,0.9587231222538848
0.6621364075109666,0.4934291912437026,0.9729406407932284,0.33052884615384615,0.9172661870503597,344025,9568,696807,106080,9568,0.9586710565045966,0.9587231222538848
0.6619921806220156,0.49477959067863886,0.9730360383717915,0.3317307692307692,0.9172661870503597,345276,9568,695556,106080,9568,0.9586710565045966,0.9587231222538848
0.6607915687489729,0.4961275714478996,0.9731307656664654,0.3329326923076923,0.9172661870503597,346527,9568,694305,106080,9568,0.9586710565045966,0.9587231222538848
0.6606716616118551,0.4974731400436854,0.9732248297168571,0.33413461538461536,0.9172661870503597,347778,9568,693054,106080,9568,0.9586710565045966,0.9587231222538848
0.6590960894656843,0.4973251708501538,0.9720931792644272,0.33413461538461536,0.9136690647482014,347778,9984,693054,105664,9984,0.9586710565045966,0.9587231222538848
0.6589658650007151,0.49866806682168385,0.9721904220738525,0.33533653846153844,0.9136690647482014,349029,9984,691803,105664,9984,0.9586710565045966,0.9587231222538848
0.6588368848824866,0.5000085647236163,0.9722869895410032,0.33653846153846156,0.9136690647482014,350280,9984,690552,105664,9984,0.9586710565045966,0.9587231222538848
0.6586216563106356,0.5013466709737319,0.9723828886768184,0.33774038461538464,0.9136690647482014,351531,9984,689301,105664,9984,0.9586710565045966,0.9587231222538848
0.6584388986252296,0.5026823919669307,0.9724781263955277,0.3389423076923077,0.9136690647482014,352782,9984,688050,105664,9984,0.9586710565045966,0.9587231222538848
0.6581408688954444,0.5040157340753347,0.9725727095163138,0.3401442307692308,0.9136690647482014,354033,9984,686799,105664,9984,0.9586710565045966,0.9587231222538848
0.6576540398579089,0.5038665305120387,0.9714625184876232,0.3401442307692308,0.9100719424460432,354033,10400,686799,105248,10400,0.9586710565045966,0.9587231222538848
0.657429479710363,0.5051972391355661,0.9715601448244933,0.34134615384615385,0.9100719424460432,355284,10400,685548,105248,10400,0.9586710565045966,0.9587231222538848
0.6569327486266645,0.5065255827136167,0.9716571054818973,0.3425480769230769,0.9100719424460432,356535,10400,684297,105248,10400,0.9586710565045966,0.9587231222538848
0.6568070815297364,0.507851567545624,0.971753407245251,0.34375,0.9100719424460432,357786,10400,683046,105248,10400,0.9586710565045966,0.9587231222538848
0.6567797932407122,0.5077016731539044,0.9706566974677294,0.34375,0.9064748201438849,357786,10816,683046,104832,10816,0.9586710565045966,0.9587231222538848
0.6566583779741411,0.5090250481149229,0.9707559489851373,0.3449519230769231,0.9064748201438849,359037,10816,681795,104832,10816,0.9586710565045966,0.9587231222538848
0.6561904220475896,0.5103460780092015,0.9708545313443132,0.34615384615384615,0.9064748201438849,360288,10816,680544,104832,10816,0.9586710565045966,0.9587231222538848
0.6561238373159455,0.5116647690645328,0.9709524512897638,0.3473557692307692,0.9064748201438849,361539,10816,679293,104832,10816,0.9586710565045966,0.9587231222538848
0.6556965005802199,0.5115141945793833,0.9698689007460344,0.3473557692307692,0.9028776978417267,361539,11232,679293,104416,11232,0.9586710565045966,0.9587231222538848
0.6555981920015014,0.5128302990979988,0.9699696809278598,0.3485576923076923,0.9028776978417267,362790,11232,678042,104416,11232,0.9586710565045966,0.9587231222538848
0.655381062396042,0.5141440782992787,0.9700697891934672,0.34975961538461536,0.9028776978417267,364041,11232,676791,104416,11232,0.9586710565045966,0.9587231222538848
0.6547092659406409,0.5139930858773007,0.9689956320254253,0.34975961538461536,0.8992805755395683,364041,11648,676791,104000,11648,0.9586710565045966,0.9587231222538848
0.654267812164467,0.5138421821153657,0.9679238510522328,0.34975961538461536,0.89568345323741,364041,12064,676791,103584,12064,0.9586710565045966,0.9587231222538848
0.6540142663952091,0.5151531390760604,0.9680301889992474,0.35096153846153844,0.89568345323741,365292,12064,675540,103584,12064,0.9586710565045966,0.9587231222538848
0.6527416066854723,0.5164617852545971,0.968135824218781,0.35216346153846156,0.89568345323741,366543,12064,674289,103584,12064,0.9586710565045966,0.9587231222538848
0.6527363152408356,0.517768126755309,0.9682407636537864,0.35336538461538464,0.89568345323741,367794,12064,673038,103584,12064,0.9586710565045966,0.9587231222538848
0.6526379786191416,0.517616560622501,0.9671815585604064,0.35336538461538464,0.8920863309352518,367794,12480,673038,103168,12480,0.9586710565045966,0.9587231222538848
0.6525688975191569,0.5189203554381917,0.9672891684686455,0.3545673076923077,0.8920863309352518,369045,12480,671787,103168,12480,0.9586710565045966,0.9587231222538848
0.6524781753552255,0.5202218588263061,0.9673960749890276,0.3557692307692308,0.8920863309352518,370296,12480,670536,103168,12480,0.9586710565045966,0.9587231222538848
0.6519267204244645,0.5215210768223382,0.9675022849955862,0.35697115384615385,0.8920863309352518,371547,12480,669285,103168,12480,0.9586710565045966,0.9587231222538848
0.6513075296244121,0.5228180154406041,0.9676078052730755,0.3581730769230769,0.8920863309352518,372798,12480,668034,103168,12480,0.9586710565045966,0.9587231222538848
0.6498353543777733,0.5241126806743354,0.9677126425184139,0.359375,0.8920863309352518,374049,12480,666783,103168,12480,0.9586710565045966,0.9587231222538848
0.6497101635423138,0.5254050784957707,0.9678168033421012,0.3605769230769231,0.8920863309352518,375300,12480,665532,103168,12480,0.9586710565045966,0.9587231222538848
0.649585661284962,0.5266952148562485,0.9679202942696084,0.36177884615384615,0.8920863309352518,376551,12480,664281,103168,12480,0.9586710565045966,0.9587231222538848
0.6493414244231615,0.5279830956862975,0.9680231217427399,0.3629807692307692,0.8920863309352518,377802,12480,663030,103168,12480,0.9586710565045966,0.9587231222538848
0.6487593934964555,0.5292687268957283,0.9681252921209706,0.3641826923076923,0.8920863309352518,379053,12480,661779,103168,12480,0.9586710565045966,0.9587231222538848
0.6487171606879498,0.5305521143737235,0.9682268116827569,0.36538461538461536,0.8920863309352518,380304,12480,660528,103168,12480,0.9586710565045966,0.9587231222538848
0.6486405356045919,0.5318332639889272,0.9683276866268224,0.36658653846153844,0.8920863309352518,381555,12480,659277,103168,12480,0.9586710565045966,0.9587231222538848
0.6485496660319184,0.5331121815895351,0.9684279230734203,0.36778846153846156,0.8920863309352518,382806,12480,658026,103168,12480,0.9586710565045966,0.9587231222538848
0.6485350759279898,0.5343888730033832,0.9685275270655702,0.36899038461538464,0.8920863309352518,384057,12480,656775,103168,12480,0.9586710565045966,0.9587231222538848
0.6482639499377839,0.5356633440380365,0.9686265045702737,0.3701923076923077,0.8920863309352518,385308,12480,655524,103168,12480,0.9586710565045966,0.9587231222538848
0.6478305650240787,0.5369356004808764,0.968724861479705,0.3713942307692308,0.8920863309352518,386559,12480,654273,103168,12480,0.9586710565045966,0.9587231222538848
0.6477135874122704,0.5382056480991894,0.968822603612381,0.37259615384615385,0.8920863309352518,387810,12480,653022,103168,12480,0.9586710565045966,0.9587231222538848
0.6473241950898918,0.5394734926402532,0.9689197367143081,0.3737980769230769,0.8920863309352518,389061,12480,651771,103168,12480,0.9586710565045966,0.9587231222538848
0.6470848930950406,0.5407391398314243,0.9690162664601084,0.375,0.8920863309352518,390312,12480,650520,103168,12480,0.9586710565045966,0.9587231222538848
0.6464111697685159,0.5405833633417357,0.9680165076089761,0.375,0.8884892086330936,390312,12896,650520,102752,12896,0.9586710565045966,0.9587231222538848
0.646286039021811,0.5418465900638695,0.9681154332083104,0.3762019230769231,0.8884892086330936,391563,12896,649269,102752,12896,0.9586710565045966,0.9587231222538848
0.6455493950273644,0.5431076318558328,0.9682137487367825,0.37740384615384615,0.8884892086330936,392814,12896,648018,102752,12896,0.9586710565045966,0.9587231222538848
0.6453654599534877,0.5443664943814481,0.9683114598204742,0.3786057692307692,0.8884892086330936,394065,12896,646767,102752,12896,0.9586710565045966,0.9587231222538848
0.6449501953618427,0.5456231832849796,0.9684085720165012,0.3798076923076923,0.8884892086330936,395316,12896,645516,102752,12896,0.9586710565045966,0.9587231222538848
0.6445636132344061,0.5454665875567453,0.9674226925222941,0.3798076923076923,0.8848920863309353,395316,13312,645516,102336,13312,0.9586710565045966,0.9587231222538848
0.6444631170216761,0.5467208837597565,0.9675221223824592,0.38100961538461536,0.8848920863309353,396567,13312,644265,102336,13312,0.9586710565045966,0.9587231222538848
0.6439418431490671,0.5479730185776212,0.9676209471456717,0.38221153846153844,0.8848920863309353,397818,13312,643014,102336,13312,0.9586710565045966,0.9587231222538848
0.643081316469049,0.5492229975922318,0.9677191723188022,0.38341346153846156,0.8848920863309353,399069,13312,641763,102336,13312,0.9586710565045966,0.9587231222538848
0.643037626363232,0.5504708263662765,0.9678168033421012,0.38461538461538464,0.8848920863309353,400320,13312,640512,102336,13312,0.9586710565045966,0.9587231222538848
0.6428959318950405,0.5517165104433217,0.9679138455902025,0.3858173076923077,0.8848920863309353,401571,13312,639261,102336,13312,0.9586710565045966,0.9587231222538848
0.6415707034256226,0.551558891336013,0.9669442979636358,0.3858173076923077,0.8812949640287769,401571,13728,639261,101920,13728,0.9586710565045966,0.9587231222538848
0.6411618047305591,0.552802216577397,0.9670435722002161,0.3870192307692308,0.8812949640287769,402822,13728,638010,101920,13728,0.9586710565045966,0.9587231222538848
0.6409283489022887,0.5540434091371853,0.9671422519333367,0.38822115384615385,0.8812949640287769,404073,13728,636759,101920,13728,0.9586710565045966,0.9587231222538848
0.6402295769872579,0.5552824744979739,0.9672403424873285,0.3894230769230769,0.8812949640287769,405324,13728,635508,101920,13728,0.9586710565045966,0.9587231222538848
0.6399722249325752,0.556519418123582,0.9673378491231326,0.390625,0.8812949640287769,406575,13728,634257,101920,13728,0.9586710565045966,0.9587231222538848
0.6394130728922708,0.5577542454591332,0.9674347770392405,0.3918269230769231,0.8812949640287769,407826,13728,633006,101920,13728,0.9586710565045966,0.9587231222538848
0.6392564484771834,0.5589869619311346,0.9675311313726186,0.39302884615384615,0.8812949640287769,409077,13728,631755,101920,13728,0.9586710565045966,0.9587231222538848
0.6391935479745783,0.5602175729475564,0.9676269171996151,0.3942307692307692,0.8812949640287769,410328,13728,630504,101920,13728,0.9586710565045966,0.9587231222538848
0.6391376012182762,0.5614460838979115,0.9677221395368522,0.3954326923076923,0.8812949640287769,411579,13728,629253,101920,13728,0.9586710565045966,0.9587231222538848
0.6389094682893188,0.5626725001533335,0.9678168033421012,0.39663461538461536,0.8812949640287769,412830,13728,628002,101920,13728,0.9586710565045966,0.9587231222538848
0.638856912792221,0.5638968270666554,0.9679109135151435,0.39783653846153844,0.8812949640287769,414081,13728,626751,101920,13728,0.9586710565045966,0.9587231222538848
0.6383570635742752,0.5651190699724877,0.9680044748986156,0.39903846153846156,0.8812949640287769,415332,13728,625500,101920,13728,0.9586710565045966,0.9587231222538848
0.6382978240788499,0.5663392341872951,0.9680974922788402,0.40024038461538464,0.8812949640287769,416583,13728,624249,101920,13728,0.9586710565045966,0.9587231222538848
0.6381376496626432,0.5675573250094743,0.968189970386642,0.4014423076923077,0.8812949640287769,417834,13728,622998,101920,13728,0.9586710565045966,0.9587231222538848
0.6376481629557675,0.5687733477194304,0.96828191389815,0.4026442307692308,0.8812949640287769,419085,13728,621747,101920,13728,0.9586710565045966,0.9587231222538848
0.6375859091796754,0.5699873075796531,0.9683733274355856,0.40384615384615385,0.8812949640287769,420336,13728,620496,101920,13728,0.9586710565045966,0.9587231222538848
0.6370172041186815,0.5711992098347929,0.968464215568037,0.4050480769230769,0.8812949640287769,421587,13728,619245,101920,13728,0.9586710565045966,0.9587231222538848
0.6366342201333317,0.5724090597117364,0.9685545828122208,0.40625,0.8812949640287769,422838,13728,617994,101920,13728,0.9586710565045966,0.9587231222538848
0.6362832258200442,0.5736168624196818,0.9686444336332303,0.4074519230769231,0.8812949640287769,424089,13728,616743,101920,13728,0.9586710565045966,0.9587231222538848
0.6360297922778175,0.5748226231502128,0.9687337724452705,0.40865384615384615,0.8812949640287769,425340,13728,615492,101920,13728,0.9586710565045966,0.9587231222538848
0.6355951087107348,0.5746610858762589,0.9678168033421012,0.40865384615384615,0.8776978417266187,425340,14144,615492,101504,14144,0.9586710565045966,0.9587231222538848
0.6354331909256772,0.5758646082154908,0.9679081534255278,0.4098557692307692,0.8776978417266187,426591,14144,614241,101504,14144,0.9586710565045966,0.9587231222538848
0.6350792335164845,0.5770660998180491,0.9679989863932342,0.4110576923076923,0.8776978417266187,427842,14144,612990,101504,14144,0.9586710565045966,0.9587231222538848
0.6339827590207384,0.578265565819379,0.9680893066237701,0.41225961538461536,0.8776978417266187,429093,14144,611739,101504,14144,0.9586710565045966,0.9587231222538848
0.6335449653249501,0.5794630113376242,0.9681791184463923,0.41346153846153844,0.8776978417266187,430344,14144,610488,101504,14144,0.9586710565045966,0.9587231222538848
0.6331004419914962,0.5806584414737002,0.9682684261417556,0.41466346153846156,0.8776978417266187,431595,14144,609237,101504,14144,0.9586710565045966,0.9587231222538848
0.6327027129784883,0.5818518613113666,0.9683572339425938,0.41586538461538464,0.8776978417266187,432846,14144,607986,101504,14144,0.9586710565045966,0.9587231222538848
0.632011070319751,0.5830432759172989,0.9684455460343877,0.4170673076923077,0.8776978417266187,434097,14144,606735,101504,14144,0.9586710565045966,0.9587231222538848
0.6315310318342846,0.5842326903411608,0.9685333665560233,0.4182692307692308,0.8776978417266187,435348,14144,605484,101504,14144,0.9586710565045966,0.9587231222538848
0.6311769370742418,0.5854201096156747,0.9686206996004375,0.41947115384615385,0.8776978417266187,436599,14144,604233,101504,14144,0.9586710565045966,0.9587231222538848
0.6305194277400761,0.5866055387566936,0.968707549215255,0.4206730769230769,0.8776978417266187,437850,14144,602982,101504,14144,0.9586710565045966,0.9587231222538848
0.6301026463233192,0.5877889827632712,0.9687939194034132,0.421875,0.8776978417266187,439101,14144,601731,101504,14144,0.9586710565045966,0.9587231222538848
0.6295928029123903,0.588970446617732,0.9688798141237767,0.4230769230769231,0.8776978417266187,440352,14144,600480,101504,14144,0.9586710565045966,0.9587231222538848
0.6295402435244764,0.5888066407085705,0.967993809791784,0.4230769230769231,0.8741007194244604,440352,14560,600480,101088,14560,0.9586710565045966,0.9587231222538848
0.6294386311085989,0.5899859384967886,0.9680815848720742,0.42427884615384615,0.8741007194244604,441603,14560,599229,101088,14560,0.9586710565045966,0.9587231222538848
0.6289552773853013,0.5911632669134441,0.9681688798331489,0.4254807692307692,0.8741007194244604,442854,14560,597978,101088,14560,0.9586710565045966,0.9587231222538848
0.6287639650480481,0.5923386308875577,0.968255698603556,0.4266826923076923,0.8741007194244604,444105,14560,596727,101088,14560,0.9586710565045966,0.9587231222538848
0.6287061450543623,0.5921743461120745,0.9673783057891745,0.4266826923076923,0.8705035971223022,444105,14976,596727,100672,14976,0.9586710565045966,0.9587231222538848
0.62850742586652,0.5933475622916616,0.9674669586298584,0.42788461538461536,0.8705035971223022,445356,14976,595476,100672,14976,0.9586710565045966,0.9587231222538848
0.6284720634309453,0.5931831803833295,0.9665934523861199,0.42788461538461536,0.8669064748201439,445356,15392,595476,100256,15392,0.9586710565045966,0.9587231222538848
0.6283090882970892,0.5943542554019714,0.966683910571235,0.42908653846153844,0.8669064748201439,446607,15392,594225,100256,15392,0.9586710565045966,0.9587231222538848
0.6283005891407365,0.5955233823687804,0.9667738801942796,0.43028846153846156,0.8669064748201439,447858,15392,592974,100256,15392,0.9586710565045966,0.9587231222538848
0.6282220633196818,0.5966905661405151,0.9668633652026584,0.43149038461538464,0.8669064748201439,449109,15392,591723,100256,15392,0.9586710565045966,0.9587231222538848
0.6280331929808556,0.5978558115578023,0.9669523695013655,0.4326923076923077,0.8669064748201439,450360,15392,590472,100256,15392,0.9586710565045966,0.9587231222538848
0.6278957793432883,0.5976907763769078,0.9660894784712808,0.4326923076923077,0.8633093525179856,450360,15808,590472,99840,15808,0.9586710565045966,0.9587231222538848
0.6276437584216537,0.5988539042904663,0.9661802365757489,0.4338942307692308,0.8633093525179856,451611,15808,589221,99840,15808,0.9586710565045966,0.9587231222538848
0.6267500091454126,0.6000151043191728,0.9662705101670686,0.43509615384615385,0.8633093525179856,452862,15808,587970,99840,15808,0.9586710565045966,0.9587231222538848
0.6267279263453084,0.601174381252263,0.9663603031147788,0.4362980769230769,0.8633093525179856,454113,15808,586719,99840,15808,0.9586710565045966,0.9587231222538848
0.6265312580082303,0.602331739863122,0.9664496192473236,0.4375,0.8633093525179856,455364,15808,585468,99840,15808,0.9586710565045966,0.9587231222538848
0.6263692908012471,0.603487184909351,0.966538462352595,0.4387019230769231,0.8633093525179856,456615,15808,584217,99840,15808,0.9586710565045966,0.9587231222538848
0.6263516503750618,0.6046407211328314,0.9666268361784688,0.43990384615384615,0.8633093525179856,457866,15808,582966,99840,15808,0.9586710565045966,0.9587231222538848
0.6262877997119747,0.6057923532597903,0.9667147444333316,0.4411057692307692,0.8633093525179856,459117,15808,581715,99840,15808,0.9586710565045966,0.9587231222538848
0.6261546842676466,0.6056261389696295,0.9658687131974729,0.4411057692307692,0.8597122302158273,459117,16224,581715,99424,16224,0.9586710565045966,0.9587231222538848
0.6256681828538921,0.6067756935437952,0.9659583039581026,0.4423076923076923,0.8597122302158273,460368,16224,580464,99424,16224,0.9586710565045966,0.9587231222538848
0.6256373020497836,0.6079233542397156,0.9660474256188748,0.44350961538461536,0.8597122302158273,461619,16224,579213,99424,16224,0.9586710565045966,0.9587231222538848
0.6250549606321949,0.6090691257337528,0.9661360818545004,0.44471153846153844,0.8597122302158273,462870,16224,577962,99424,16224,0.9586710565045966,0.9587231222538848
0.6248547783136829,0.6102130126868865,0.9662242763014084,0.44591346153846156,0.8597122302158273,464121,16224,576711,99424,16224,0.9586710565045966,0.9587231222538848
0.6246764443285984,0.6113550197447761,0.9663120125582438,0.44711538461538464,0.8597122302158273,465372,16224,575460,99424,16224,0.9586710565045966,0.9587231222538848
0.6242544159189662,0.6124951515378239,0.9663992941863572,0.4483173076923077,0.8597122302158273,466623,16224,574209,99424,16224,0.9586710565045966,0.9587231222538848
0.6240147609658984,0.6136334126812378,0.9664861247102859,0.4495192307692308,0.8597122302158273,467874,16224,572958,99424,16224,0.9586710565045966,0.9587231222538848
0.6234290190591223,0.6134660595038764,0.9656563071448916,0.4495192307692308,0.8561151079136691,467874,16640,572958,99008,16640,0.9586710565045966,0.9587231222538848
0.6233830268751159,0.6146022820692036,0.9657447531213653,0.45072115384615385,0.8561151079136691,469125,16640,571707,99008,16640,0.9586710565045966,0.9587231222538848
0.6226121163885756,0.6157366439593468,0.9658327447147527,0.4519230769230769,0.8561151079136691,470376,16640,570456,99008,16640,0.9586710565045966,0.9587231222538848
0.6222813744085842,0.6168691497411221,0.9659202854176097,0.453125,0.8561151079136691,471627,16640,569205,99008,16640,0.9586710565045966,0.9587231222538848
0.6221588744859323,0.617999803966413,0.9660073786867899,0.4543269230769231,0.8561151079136691,472878,16640,567954,99008,16640,0.9586710565045966,0.9587231222538848
0.6219753376670618,0.6191286111722308,0.9660940279439003,0.45552884615384615,0.8561151079136691,474129,16640,566703,99008,16640,0.9586710565045966,0.9587231222538848
0.6218538785917481,0.6202555758807765,0.9661802365757489,0.4567307692307692,0.8561151079136691,475380,16640,565452,99008,16640,0.9586710565045966,0.9587231222538848
0.6213184769082278,0.6213807025994995,0.9662660079347863,0.4579326923076923,0.8561151079136691,476631,16640,564201,99008,16640,0.9586710565045966,0.9587231222538848
0.6211638401769903,0.6225039958211591,0.96635134533954,0.45913461538461536,0.8561151079136691,477882,16640,562950,99008,16640,0.9586710565045966,0.9587231222538848
0.6206775226437838,0.6236254600238839,0.9664362520750424,0.46033653846153844,0.8561151079136691,479133,16640,561699,99008,16640,0.9586710565045966,0.9587231222538848
0.6206484768731392,0.6247450996712306,0.9665207313932527,0.46153846153846156,0.8561151079136691,480384,16640,560448,99008,16640,0.9586710565045966,0.9587231222538848
0.6203946817447459,0.6258629192122445,0.9666047865134715,0.46274038461538464,0.8561151079136691,481635,16640,559197,99008,16640,0.9586710565045966,0.9587231222538848
0.6203192086087992,0.6256938025609231,0.9657984603692467,0.46274038461538464,0.8525179856115108,481635,17056,559197,98592,17056,0.9586710565045966,0.9587231222538848
0.6195542115037087,0.625524777280139,0.9649934783523373,0.46274038461538464,0.8489208633093526,481635,17472,559197,98176,17472,0.9586710565045966,0.9587231222538848
0.619361253105217,0.6266404531563272,0.9650810020025662,0.4639423076923077,0.8489208633093526,482886,17472,557946,98176,17472,0.9586710565045966,0.9587231222538848
0.6189826951767563,0.6264713551971126,0.9642792956503333,0.4639423076923077,0.8453237410071942,482886,17888,557946,97760,17888,0.9586710565045966,0.9587231222538848
0.6184803732468678,0.6275850581097276,0.9643683083511777,0.4651442307692308,0.8453237410071942,484137,17888,556695,97760,17888,0.9586710565045966,0.9587231222538848
0.6184251097261865,0.6286969564305087,0.9644568785318592,0.46634615384615385,0.8453237410071942,485388,17888,555444,97760,17888,0.9586710565045966,0.9587231222538848
0.6183239078896747,0.629807054542019,0.9645450094841307,0.4675480769230769,0.8453237410071942,486639,17888,554193,97760,17888,0.9586710565045966,0.9587231222538848
0.6179757051568155,0.6309153568126419,0.9646327044671773,0.46875,0.8453237410071942,487890,17888,552942,97760,17888,0.9586710565045966,0.9587231222538848
0.6170715360499663,0.6320218675966383,0.9647199667080186,0.4699519230769231,0.8453237410071942,489141,17888,551691,97760,17888,0.9586710565045966,0.9587231222538848
0.6166364150785026,0.6331265912342039,0.9648067994019045,0.47115384615384615,0.8453237410071942,490392,17888,550440,97760,17888,0.9586710565045966,0.9587231222538848
0.6164058049259108,0.634229532051526,0.9648932057127044,0.4723557692307692,0.8453237410071942,491643,17888,549189,97760,17888,0.9586710565045966,0.9587231222538848
0.6159384070684888,0.634059398534543,0.9641060737684505,0.4723557692307692,0.841726618705036,491643,18304,549189,97344,18304,0.9586710565045966,0.9587231222538848
0.6157085832717532,0.6351604028272649,0.9641939131217259,0.4735576923076923,0.841726618705036,492894,18304,547938,97344,18304,0.9586710565045966,0.9587231222538848
0.6148646544865795,0.6362596336400175,0.9642813236048856,0.47475961538461536,0.841726618705036,494145,18304,546687,97344,18304,0.9586710565045966,0.9587231222538848
0.6145925389803351,0.6373570952543917,0.9643683083511777,0.47596153846153844,0.841726618705036,495396,18304,545436,97344,18304,0.9586710565045966,0.9587231222538848
0.6145386123826162,0.6384527919382074,0.9644548704634033,0.47716346153846156,0.841726618705036,496647,18304,544185,97344,18304,0.9586710565045966,0.9587231222538848
0.6137146513126495,0.6395467279455683,0.9645410130142851,0.47836538461538464,0.841726618705036,497898,18304,542934,97344,18304,0.9586710565045966,0.9587231222538848
0.6130786681402309,0.6406389075169177,0.9646267390468313,0.4795673076923077,0.841726618705036,499149,18304,541683,97344,18304,0.9586710565045966,0.9587231222538848
0.6127547172431501,0.6404679281016693,0.9638518621504666,0.4795673076923077,0.8381294964028777,499149,18720,541683,96928,18720,0.9586710565045966,0.9587231222538848
0.6124251706454703,0.640297039927087,0.9630782291596323,0.4795673076923077,0.8345323741007195,499149,19136,541683,96512,19136,0.9586710565045966,0.9587231222538848
0.612400618406263,0.6413871599520113,0.9631671337501155,0.4807692307692308,0.8345323741007195,500400,19136,540432,96512,19136,0.9586710565045966,0.9587231222538848
0.6121468938739376,0.6424755334047549,0.963255611219174,0.48197115384615385,0.8345323741007195,501651,19136,539181,96512,19136,0.9586710565045966,0.9587231222538848
0.6117405810026189,0.6435621644794512,0.9633436646374401,0.4831730769230769,0.8345323741007195,502902,19136,537930,96512,19136,0.9586710565045966,0.9587231222538848
0.6116188488994195,0.6446470573568157,0.9634312970461829,0.484375,0.8345323741007195,504153,19136,536679,96512,19136,0.9586710565045966,0.9587231222538848
0.6111055007060675,0.644475649984628,0.9626660047163956,0.484375,0.8309352517985612,504153,19552,536679,96096,19552,0.9586710565045966,0.9587231222538848
0.6110729081325807,0.6455586580047874,0.9627549737501809,0.4855769230769231,0.8309352517985612,505404,19552,535428,96096,19552,0.9586710565045966,0.9587231222538848
0.6107839074567951,0.646639936849051,0.9628435197555335,0.48677884615384615,0.8309352517985612,506655,19552,534177,96096,19552,0.9586710565045966,0.9587231222538848
0.610500898396424,0.6464683196646793,0.9620829321924792,0.48677884615384615,0.8273381294964028,506655,19968,534177,95680,19968,0.9586710565045966,0.9587231222538848
0.6091261621279416,0.6475477240477183,0.9621727912342718,0.4879807692307692,0.8273381294964028,507906,19968,532926,95680,19968,0.9586710565045966,0.9587231222538848
0.6079606194953088,0.6486254082118172,0.9622622253720765,0.4891826923076923,0.8273381294964028,509157,19968,531675,95680,19968,0.9586710565045966,0.9587231222538848
0.6070253351593041,0.6484535839574419,0.961506285632274,0.4891826923076923,0.8237410071942446,509157,20384,531675,95264,20384,0.9586710565045966,0.9587231222538848
0.6067760910729534,0.6495294039795778,0.9615970097514658,0.49038461538461536,0.8237410071942446,510408,20384,530424,95264,20384,0.9586710565045966,0.9587231222538848
0.6061766429765421,0.6506035126758325,0.961687307228927,0.49158653846153844,0.8237410071942446,511659,20384,529173,95264,20384,0.9586710565045966,0.9587231222538848
0.6059772850848273,0.6516759141263152,0.9617771810671037,0.49278846153846156,0.8237410071942446,512910,20384,527922,95264,20384,0.9586710565045966,0.9587231222538848
0.6059076486909956,0.651503738865016,0.9610275243109554,0.49278846153846156,0.8201438848920863,512910,20800,527922,94848,20800,0.9586710565045966,0.9587231222538848
0.6057165101848871,0.6525742911664159,0.9611186609865018,0.49399038461538464,0.8201438848920863,514161,20800,526671,94848,20800,0.9586710565045966,0.9587231222538848
0.6051717438511508,0.6536431450232206,0.961209372412404,0.4951923076923077,0.8201438848920863,515412,20800,525420,94848,20800,0.9586710565045966,0.9587231222538848
0.6051545599151922,0.6547103044741319,0.961299661558098,0.4963942307692308,0.8201438848920863,516663,20800,524169,94848,20800,0.9586710565045966,0.9587231222538848
0.6049574340270061,0.6557757735450567,0.9613895313654369,0.49759615384615385,0.8201438848920863,517914,20800,522918,94848,20800,0.9586710565045966,0.9587231222538848
0.6047079511094202,0.6568395562491579,0.9614789847490115,0.4987980769230769,0.8201438848920863,519165,20800,521667,94848,20800,0.9586710565045966,0.9587231222538848
0.6044579923124537,0.657901656586905,0.9615680245964643,0.5,0.8201438848920863,520416,20800,520416,94848,20800,0.9586710565045966,0.9587231222538848
0.6039678514963093,0.6589620785461242,0.9616566537688007,0.5012019230769231,0.8201438848920863,521667,20800,519165,94848,20800,0.9586710565045966,0.9587231222538848
0.6038901877532588,0.6600208261020479,0.9617448751006956,0.5024038461538461,0.8201438848920863,522918,20800,517914,94848,20800,0.9586710565045966,0.9587231222538848
0.6032130346976643,0.6610779032173646,0.9618326914007953,0.5036057692307693,0.8201438848920863,524169,20800,516663,94848,20800,0.9586710565045966,0.9587231222538848
0.6030696032506233,0.6621333138422686,0.9619201054520157,0.5048076923076923,0.8201438848920863,525420,20800,515412,94848,20800,0.9586710565045966,0.9587231222538848
0.6028635699969047,0.6631870619145087,0.9620071200118362,0.5060096153846154,0.8201438848920863,526671,20800,514161,94848,20800,0.9586710565045966,0.9587231222538848
0.6026863315383101,0.6642391513594379,0.96209373781259,0.5072115384615384,0.8201438848920863,527922,20800,512910,94848,20800,0.9586710565045966,0.9587231222538848
0.6022170828162052,0.6652895860900613,0.9621799615617493,0.5084134615384616,0.8201438848920863,529173,20800,511659,94848,20800,0.9586710565045966,0.9587231222538848
0.6021370175459558,0.6663383700070852,0.9622657939422086,0.5096153846153846,0.8201438848920863,530424,20800,510408,94848,20800,0.9586710565045966,0.9587231222538848
0.6017916924011624,0.667385506998965,0.9623512376125617,0.5108173076923077,0.8201438848920863,531675,20800,509157,94848,20800,0.9586710565045966,0.9587231222538848
0.6017732637667121,0.6684310009419538,0.962436295207377,0.5120192307692307,0.8201438848920863,532926,20800,507906,94848,20800,0.9586710565045966,0.9587231222538848
0.6014480964098357,0.6694748557001495,0.962520969337468,0.5132211538461539,0.8201438848920863,534177,20800,506655,94848,20800,0.9586710565045966,0.9587231222538848
0.6009261116516653,0.6705170751255431,0.9626052625901609,0.5144230769230769,0.8201438848920863,535428,20800,505404,94848,20800,0.9586710565045966,0.9587231222538848
0.600924538941689,0.6715576630580656,0.9626891775295572,0.515625,0.8201438848920863,536679,20800,504153,94848,20800,0.9586710565045966,0.9587231222538848
0.6004447527004285,0.6725966233256354,0.9627727166967945,0.5168269230769231,0.8201438848920863,537930,20800,502902,94848,20800,0.9586710565045966,0.9587231222538848
0.6003727742939333,0.6736339597442049,0.9628558826103029,0.5180288461538461,0.8201438848920863,539181,20800,501651,94848,20800,0.9586710565045966,0.9587231222538848
0.6001913518767128,0.674669676117808,0.9629386777660576,0.5192307692307693,0.8201438848920863,540432,20800,500400,94848,20800,0.9586710565045966,0.9587231222538848
0.5996179527417352,0.6757037762386057,0.9630211046378291,0.5204326923076923,0.8201438848920863,541683,20800,499149,94848,20800,0.9586710565045966,0.9587231222538848
0.5993539610416676,0.6767362638869326,0.9631031656774294,0.5216346153846154,0.8201438848920863,542934,20800,497898,94848,20800,0.9586710565045966,0.9587231222538848
0.5991301705415997,0.6777671428313438,0.9631848633149552,0.5228365384615384,0.8201438848920863,544185,20800,496647,94848,20800,0.9586710565045966,0.9587231222538848
0.5981796604844882,0.6775916071952202,0.9624761894655298,0.5228365384615384,0.8165467625899281,544185,21216,496647,94432,21216,0.9586710565045966,0.9587231222538848
0.5980138407552811,0.678620751435162,0.9625590309396244,0.5240384615384616,0.8165467625899281,545436,21216,495396,94432,21216,0.9586710565045966,0.9587231222538848
0.5976793242333398,0.6784451769388643,0.9618528994759006,0.5240384615384616,0.8129496402877698,545436,21632,495396,94016,21632,0.9586710565045966,0.9587231222538848
0.5973811569544871,0.6794725914472911,0.9619368699621164,0.5252403846153846,0.8129496402877698,546687,21632,494145,94016,21632,0.9586710565045966,0.9587231222538848
0.5973387392687886,0.6792969786284138,0.9612332632948561,0.5252403846153846,0.8093525179856115,546687,22048,494145,93600,22048,0.9586710565045966,0.9587231222538848
0.5955035430761038,0.6803226683585607,0.9613183481699551,0.5264423076923077,0.8093525179856115,547938,22048,492894,93600,22048,0.9586710565045966,0.9587231222538848
0.5950394225901496,0.6813467661744007,0.9614030603759911,0.5276442307692307,0.8093525179856115,549189,22048,491643,93600,22048,0.9586710565045966,0.9587231222538848
0.5947759199414544,0.6823692757791386,0.9614874023560319,0.5288461538461539,0.8093525179856115,550440,22048,490392,93600,22048,0.9586710565045966,0.9587231222538848
0.5946023183849245,0.6833902008645021,0.9615713765318377,0.5300480769230769,0.8093525179856115,551691,22048,489141,93600,22048,0.9586710565045966,0.9587231222538848
0.5941478861489291,0.6844095451107857,0.9616549853040922,0.53125,0.8093525179856115,552942,22048,487890,93600,22048,0.9586710565045966,0.9587231222538848
0.5938227459726804,0.6854273121868957,0.9617382310526325,0.5324519230769231,0.8093525179856115,554193,22048,486639,93600,22048,0.9586710565045966,0.9587231222538848
0.5931946362886202,0.6864435057503936,0.9618211161366738,0.5336538461538461,0.8093525179856115,555444,22048,485388,93600,22048,0.9586710565045966,0.9587231222538848
0.5928917696144314,0.6874581294475403,0.9619036428950328,0.5348557692307693,0.8093525179856115,556695,22048,484137,93600,22048,0.9586710565045966,0.9587231222538848
0.592155553856391,0.6884711869133392,0.961985813646348,0.5360576923076923,0.8093525179856115,557946,22048,482886,93600,22048,0.9586710565045966,0.9587231222538848
0.5919663527355652,0.6894826817715806,0.9620676306892962,0.5372596153846154,0.8093525179856115,559197,22048,481635,93600,22048,0.9586710565045966,0.9587231222538848
0.5912999678406214,0.6904926176348835,0.9621490963028072,0.5384615384615384,0.8093525179856115,560448,22048,480384,93600,22048,0.9586710565045966,0.9587231222538848
0.5910833201437259,0.6915009981047398,0.9622302127462754,0.5396634615384616,0.8093525179856115,561699,22048,479133,93600,22048,0.9586710565045966,0.9587231222538848
0.5908963660383151,0.6925078267715566,0.9623109822597684,0.5408653846153846,0.8093525179856115,562950,22048,477882,93600,22048,0.9586710565045966,0.9587231222538848
0.5904611776790213,0.6935131072146992,0.9623914070642338,0.5420673076923077,0.8093525179856115,564201,22048,476631,93600,22048,0.9586710565045966,0.9587231222538848
0.5900983243652889,0.6945168430025327,0.9624714893617021,0.5432692307692307,0.8093525179856115,565452,22048,475380,93600,22048,0.9586710565045966,0.9587231222538848
0.5900352099890529,0.6955190376924649,0.9625512313354881,0.5444711538461539,0.8093525179856115,566703,22048,474129,93600,22048,0.9586710565045966,0.9587231222538848
0.5899591802652109,0.6965196948309883,0.9626306351503893,0.5456730769230769,0.8093525179856115,567954,22048,472878,93600,22048,0.9586710565045966,0.9587231222538848
0.5893498842163902,0.6975188179537217,0.9627097029528814,0.546875,0.8093525179856115,569205,22048,471627,93600,22048,0.9586710565045966,0.9587231222538848
0.5891515314726652,0.6973410736042428,0.9620328257860391,0.546875,0.8057553956834532,569205,22464,471627,93184,22464,0.9586710565045966,0.9587231222538848
0.5889702628751814,0.6983385483231237,0.9621129326047358,0.5480769230769231,0.8057553956834532,570456,22464,470376,93184,22464,0.9586710565045966,0.9587231222538848
0.5887528330710131,0.6993344966339511,0.9621927021009103,0.5492788461538461,0.8057553956834532,571707,22464,469125,93184,22464,0.9586710565045966,0.9587231222538848
0.58822674095311,0.7003289220377765,0.9622721364007376,0.5504807692307693,0.8057553956834532,572958,22464,467874,93184,22464,0.9586710565045966,0.9587231222538848
0.5880499732580546,0.7013218280249526,0.9623512376125617,0.5516826923076923,0.8057553956834532,574209,22464,466623,93184,22464,0.9586710565045966,0.9587231222538848
0.5871812473225888,0.7023132180751741,0.9624300078270817,0.5528846153846154,0.8057553956834532,575460,22464,465372,93184,22464,0.9586710565045966,0.9587231222538848
0.5869895333207082,0.7021349803437346,0.9617608717451616,0.5528846153846154,0.802158273381295,575460,22880,465372,92768,22880,0.9586710565045966,0.9587231222538848
0.5862483605099813,0.7031247428254785,0.9618406547129627,0.5540865384615384,0.802158273381295,576711,22880,464121,92768,22880,0.9586710565045966,0.9587231222538848
0.5848364446582175,0.70294648042861,0.9611737863058264,0.5540865384615384,0.7985611510791367,576711,23296,464121,92352,23296,0.9586710565045966,0.9587231222538848
0.5846453500001728,0.703934619905121,0.9612545695857685,0.5552884615384616,0.7985611510791367,577962,23296,462870,92352,23296,0.9586710565045966,0.9587231222538848
0.584453594661897,0.704921254931265,0.9613350174022297,0.5564903846153846,0.7985611510791367,579213,23296,461619,92352,23296,0.9586710565045966,0.9587231222538848
0.5837042103794137,0.7059063889402356,0.9614151318404665,0.5576923076923077,0.7985611510791367,580464,23296,460368,92352,23296,0.9586710565045966,0.9587231222538848
0.5836071096646278,0.7068900253547878,0.9614949149684882,0.5588942307692307,0.7985611510791367,581715,23296,459117,92352,23296,0.9586710565045966,0.9587231222538848
0.5835200061463807,0.7067113983887104,0.9608342541710231,0.5588942307692307,0.7949640287769785,581715,23712,459117,91936,23712,0.9586710565045966,0.9587231222538848
0.583445788588943,0.7076934282644718,0.9609150158733298,0.5600961538461539,0.7949640287769785,582966,23712,457866,91936,23712,0.9586710565045966,0.9587231222538848
0.5832697458094305,0.70867396790681,0.9609954451917905,0.5612980769230769,0.7949640287769785,584217,23712,456615,91936,23712,0.9586710565045966,0.9587231222538848
0.5828946972174712,0.7084952070032507,0.9603382948820159,0.5612980769230769,0.7913669064748201,584217,24128,456615,91520,24128,0.9586710565045966,0.9587231222538848
0.5825214643470387,0.7083165362607625,0.9596820427064151,0.5612980769230769,0.7877697841726619,584217,24544,456615,91104,24544,0.9586710565045966,0.9587231222538848
0.5824747127297473,0.709295366491322,0.9597647259398175,0.5625,0.7877697841726619,585468,24544,455364,91104,24544,0.9586710565045966,0.9587231222538848
0.5820548411368655,0.7091166745394426,0.9591106567850753,0.5625,0.7841726618705036,585468,24960,455364,90688,24960,0.9586710565045966,0.9587231222538848
0.581282978667297,0.71009391162903,0.9591942832760321,0.5637019230769231,0.7841726618705036,586719,24960,454113,90688,24960,0.9586710565045966,0.9587231222538848
0.5812237890809734,0.7099151989168305,0.9585423831268022,0.5637019230769231,0.7805755395683454,586719,25376,454113,90272,25376,0.9586710565045966,0.9587231222538848
0.5811770206133007,0.7097365761369541,0.9578913684815457,0.5637019230769231,0.7769784172661871,586719,25792,454113,89856,25792,0.9586710565045966,0.9587231222538848
0.5805565877810835,0.710712114270933,0.9579771963725353,0.5649038461538461,0.7769784172661871,587970,25792,452862,89856,25792,0.9586710565045966,0.9587231222538848
0.5804604853455235,0.711686178356066,0.9580626750979248,0.5661057692307693,0.7769784172661871,589221,25792,451611,89856,25792,0.9586710565045966,0.9587231222538848
0.5794657679872708,0.7126587717307868,0.9581478067841055,0.5673076923076923,0.7769784172661871,590472,25792,450360,89856,25792,0.9586710565045966,0.9587231222538848
0.5786779683637403,0.713629897723456,0.9582325935402379,0.5685096153846154,0.7769784172661871,591723,25792,449109,89856,25792,0.9586710565045966,0.9587231222538848
0.5786009094832977,0.7134509269859528,0.9575874976332309,0.5685096153846154,0.7733812949640287,591723,26208,449109,89440,26208,0.9586710565045966,0.9587231222538848
0.57830602244648,0.7144204807911259,0.9576731881740749,0.5697115384615384,0.7733812949640287,592974,26208,447858,89440,26208,0.9586710565045966,0.9587231222538848
0.5783033623401963,0.7153885743695316,0.9577585331534589,0.5709134615384616,0.7733812949640287,594225,26208,446607,89440,26208,0.9586710565045966,0.9587231222538848
0.5777757742902565,0.716355211017518,0.9578435346574787,0.5721153846153846,0.7733812949640287,595476,26208,445356,89440,26208,0.9586710565045966,0.9587231222538848
0.5776531846650784,0.7173203940215186,0.9579281947554721,0.5733173076923077,0.7733812949640287,596727,26208,444105,89440,26208,0.9586710565045966,0.9587231222538848
0.5771964730924295,0.7171410836428446,0.9572889110629484,0.5733173076923077,0.7697841726618705,596727,26624,444105,89024,26624,0.9586710565045966,0.9587231222538848
0.5769309999180401,0.7181047102436963,0.9573744560536149,0.5745192307692307,0.7697841726618705,597978,26624,442854,89024,26624,0.9586710565045966,0.9587231222538848
0.5764272461712927,0.7179253834378846,0.9567372459673161,0.5745192307692307,0.7661870503597122,597978,27040,442854,88608,27040,0.9586710565045966,0.9587231222538848
0.5764055442399183,0.7177461461735402,0.9561008835464654,0.5745192307692307,0.762589928057554,597978,27456,442854,88192,27456,0.9586710565045966,0.9587231222538848
0.5758784154722205,0.7187081151196659,0.956188515761507,0.5757211538461539,0.762589928057554,599229,27456,441603,88192,27456,0.9586710565045966,0.9587231222538848
0.5755986437497458,0.7185288617708265,0.9555542089711226,0.5757211538461539,0.7589928057553957,599229,27872,441603,87776,27872,0.9586710565045966,0.9587231222538848
0.5754800478992589,0.7194892833863732,0.9556426970869831,0.5769230769230769,0.7589928057553957,600480,27872,440352,87776,27872,0.9586710565045966,0.9587231222538848
0.575367359289677,0.7204482664695124,0.9557308335570193,0.578125,0.7589928057553957,601731,27872,439101,87776,27872,0.9586710565045966,0.9587231222538848
0.5750543866316296,0.7214058142498053,0.9558186204731999,0.5793269230769231,0.7589928057553957,602982,27872,437850,87776,27872,0.9586710565045966,0.9587231222538848
0.5747981175881602,0.721226336670849,0.9551887464951605,0.5793269230769231,0.7553956834532374,602982,28288,437850,87360,28288,0.9586710565045966,0.9587231222538848
0.5745809187324017,0.7210469483736498,0.9545597021304889,0.5793269230769231,0.7517985611510791,602982,28704,437850,86944,28704,0.9586710565045966,0.9587231222538848
0.5745346100233315,0.7220028570250734,0.9546495148806279,0.5805288461538461,0.7517985611510791,604233,28704,436599,86944,28704,0.9586710565045966,0.9587231222538848
0.5736585974079182,0.722957337822832,0.9547389733012923,0.5817307692307693,0.7517985611510791,605484,28704,435348,86944,28704,0.9586710565045966,0.9587231222538848
0.5731669869076121,0.7239103939637446,0.9548280794852063,0.5829326923076923,0.7517985611510791,606735,28704,434097,86944,28704,0.9586710565045966,0.9587231222538848
0.5729973157514845,0.7248620286350939,0.9549168355086463,0.5841346153846154,0.7517985611510791,607986,28704,432846,86944,28704,0.9586710565045966,0.9587231222538848
0.5722530899670918,0.7258122450146625,0.9550052434316026,0.5853365384615384,0.7517985611510791,609237,28704,431595,86944,28704,0.9586710565045966,0.9587231222538848
0.5712146778365387,0.7256324332758254,0.954382892331407,0.5853365384615384,0.7482014388489209,609237,29120,431595,86528,29120,0.9586710565045966,0.9587231222538848
0.5710720121446862,0.7265811335126514,0.954472114169929,0.5865384615384616,0.7482014388489209,610488,29120,430344,86528,29120,0.9586710565045966,0.9587231222538848
0.5709465239319336,0.7264013098088117,0.953851730560104,0.5865384615384616,0.7446043165467626,610488,29536,430344,86112,29536,0.9586710565045966,0.9587231222538848
0.5705873023803366,0.7262215750931438,0.9532321528948847,0.5865384615384616,0.7410071942446043,610488,29952,430344,85696,29952,0.9586710565045966,0.9587231222538848
0.5704543368288159,0.7271686627760809,0.9533233285179316,0.5877403846153846,0.7410071942446043,611739,29952,429093,85696,29952,0.9586710565045966,0.9587231222538848
0.5702064236425677,0.7269889164134885,0.9527057016976921,0.5877403846153846,0.737410071942446,611739,30368,429093,85280,30368,0.9586710565045966,0.9587231222538848
0.5691062313632125,0.7279344967016785,0.9527976647527504,0.5889423076923077,0.737410071942446,612990,30368,427842,85280,30368,0.9586710565045966,0.9587231222538848
0.5689693531713865,0.7288786732967811,0.9528892708603199,0.5901442307692307,0.737410071942446,614241,30368,426591,85280,30368,0.9586710565045966,0.9587231222538848
0.5689347450136979,0.729821449322105,0.9529805220945716,0.5913461538461539,0.737410071942446,615492,30368,425340,85280,30368,0.9586710565045966,0.9587231222538848
0.5686872775522077,0.7307628278917001,0.9530714205136368,0.5925480769230769,0.737410071942446,616743,30368,424089,85280,30368,0.9586710565045966,0.9587231222538848
0.5675647035107058,0.7305827729766003,0.952459125256553,0.5925480769230769,0.7338129496402878,616743,30784,424089,84864,30784,0.9586710565045966,0.9587231222538848
0.5675441495970145,0.7315226590751712,0.9525507954955316,0.59375,0.7338129496402878,617994,30784,422838,84864,30784,0.9586710565045966,0.9587231222538848
0.5674590182982174,0.7324611544059506,0.952642112890348,0.5949519230769231,0.7338129496402878,619245,30784,421587,84864,30784,0.9586710565045966,0.9587231222538848
0.5670639790823999,0.7333982620535756,0.9527330794742661,0.5961538461538461,0.7338129496402878,620496,30784,420336,84864,30784,0.9586710565045966,0.9587231222538848
0.5669487892624661,0.7332180028927143,0.9521249171392797,0.5961538461538461,0.7302158273381295,620496,31200,420336,84448,31200,0.9586710565045966,0.9587231222538848
0.5663369079925124,0.734153629251514,0.9522166423921083,0.5973557692307693,0.7302158273381295,621747,31200,419085,84448,31200,0.9586710565045966,0.9587231222538848
0.5657946530273869,0.7350878745508929,0.9523080168389386,0.5985576923076923,0.7302158273381295,622998,31200,417834,84448,31200,0.9586710565045966,0.9587231222538848
0.565382193187863,0.734907511061986,0.9517028355641646,0.5985576923076923,0.7266187050359713,622998,31616,417834,84032,31616,0.9586710565045966,0.9587231222538848
0.5652820014348565,0.7358402826197017,0.9517949578038163,0.5997596153846154,0.7266187050359713,624249,31616,416583,84032,31616,0.9586710565045966,0.9587231222538848
0.5646656585714928,0.7367716796980827,0.9518867292837185,0.6009615384615384,0.7266187050359713,625500,31616,415332,84032,31616,0.9586710565045966,0.9587231222538848
0.5635676195750212,0.7377017053329246,0.9519781520033659,0.6021634615384616,0.7266187050359713,626751,31616,414081,84032,31616,0.9586710565045966,0.9587231222538848
0.563244435521806,0.7386303625510894,0.9520692279470845,0.6033653846153846,0.7266187050359713,628002,31616,412830,84032,31616,0.9586710565045966,0.9587231222538848
0.5627505518927616,0.738449707384356,0.9514691667398952,0.6033653846153846,0.7230215827338129,628002,32032,412830,83616,32032,0.9586710565045966,0.9587231222538848
0.5623925693482231,0.7393769053478697,0.9515609759785871,0.6045673076923077,0.7230215827338129,629253,32032,411579,83616,32032,0.9586710565045966,0.9587231222538848
0.5615457318589632,0.7403027413923474,0.9516524385090018,0.6057692307692307,0.7230215827338129,630504,32032,410328,83616,32032,0.9586710565045966,0.9587231222538848
0.561389804676563,0.7412272185162784,0.9517435562914007,0.6069711538461539,0.7230215827338129,631755,32032,409077,83616,32032,0.9586710565045966,0.9587231222538848
0.5609770159290491,0.7410463714821104,0.9511474654586023,0.6069711538461539,0.7194244604316546,631755,32448,409077,83200,32448,0.9586710565045966,0.9587231222538848
0.5605471216471941,0.7408656126737151,0.9505521208391575,0.6069711538461539,0.7158273381294964,631755,32864,409077,82784,32864,0.9586710565045966,0.9587231222538848
0.5604808232611258,0.7417885489089484,0.9506450207998558,0.6081730769230769,0.7158273381294964,633006,32864,407826,82784,32864,0.9586710565045966,0.9587231222538848
0.5603718294544012,0.7427101331242721,0.9507375723444472,0.609375,0.7158273381294964,634257,32864,406575,82784,32864,0.9586710565045966,0.9587231222538848
0.5603132951547651,0.7436303682883962,0.9508297774293357,0.6105769230769231,0.7158273381294964,635508,32864,405324,82784,32864,0.9586710565045966,0.9587231222538848
0.5598861192768492,0.7445492573613454,0.9509216379963054,0.6117788461538461,0.7158273381294964,636759,32864,404073,82784,32864,0.9586710565045966,0.9587231222538848
0.5595617666240397,0.745466803294491,0.9510131559726566,0.6129807692307693,0.7158273381294964,638010,32864,402822,82784,32864,0.9586710565045966,0.9587231222538848
0.5593232906319421,0.7463830090305827,0.9511043332713409,0.6141826923076923,0.7158273381294964,639261,32864,401571,82784,32864,0.9586710565045966,0.9587231222538848
0.5590238896181269,0.7472978775037802,0.9511951717910945,0.6153846153846154,0.7158273381294964,640512,32864,400320,82784,32864,0.9586710565045966,0.9587231222538848
0.5556938014096676,0.7482114116396836,0.9512856734165694,0.6165865384615384,0.7158273381294964,641763,32864,399069,82784,32864,0.9586710565045966,0.9587231222538848
0.5552296034240933,0.7491236143553658,0.9513758400184649,0.6177884615384616,0.7158273381294964,643014,32864,397818,82784,32864,0.9586710565045966,0.9587231222538848
0.5550897949307623,0.7489421277180591,0.9507906324764082,0.6177884615384616,0.7122302158273381,643014,33280,397818,82368,33280,0.9586710565045966,0.9587231222538848
0.5550496463733194,0.7498529135341081,0.9508814912662628,0.6189903846153846,0.7122302158273381,644265,33280,396567,82368,33280,0.9586710565045966,0.9587231222538848
0.555035231404253,0.7507623741879057,0.9509720151562472,0.6201923076923077,0.7122302158273381,645516,33280,395316,82368,33280,0.9586710565045966,0.9587231222538848
0.5548927694513064,0.7516705125694485,0.9510622059945857,0.6213942307692307,0.7122302158273381,646767,33280,394065,82368,33280,0.9586710565045966,0.9587231222538848
0.5548236670243772,0.7525773315603351,0.9511520656159272,0.6225961538461539,0.7122302158273381,648018,33280,392814,82368,33280,0.9586710565045966,0.9587231222538848
0.5543666540065408,0.7534828340337976,0.9512415958414707,0.6237980769230769,0.7122302158273381,649269,33280,391563,82368,33280,0.9586710565045966,0.9587231222538848
0.5542651257798727,0.7543870228547307,0.9513307984790874,0.625,0.7122302158273381,650520,33280,390312,82368,33280,0.9586710565045966,0.9587231222538848
0.5538312700071403,0.7552899008797236,0.9514196753234431,0.6262019230769231,0.7122302158273381,651771,33280,389061,82368,33280,0.9586710565045966,0.9587231222538848
0.5530778576279778,0.7561914709570885,0.9515082281561179,0.6274038461538461,0.7122302158273381,653022,33280,387810,82368,33280,0.9586710565045966,0.9587231222538848
0.5529847013984807,0.7560093774420422,0.9509318235432885,0.6274038461538461,0.7086330935251799,653022,33696,387810,81952,33696,0.9586710565045966,0.9587231222538848
0.5525963264124263,0.7558273716033764,0.9503561168563919,0.6274038461538461,0.7050359712230215,653022,34112,387810,81536,34112,0.9586710565045966,0.9587231222538848
0.5518278507568419,0.7567274668245801,0.9504463345366329,0.6286057692307693,0.7050359712230215,654273,34112,386559,81536,34112,0.9586710565045966,0.9587231222538848
0.5513888074578344,0.7576262606416299,0.9505362249070524,0.6298076923076923,0.7050359712230215,655524,34112,385308,81536,34112,0.9586710565045966,0.9587231222538848
0.5513183140539022,0.7585237558749428,0.9506257897456458,0.6310096153846154,0.7050359712230215,656775,34112,384057,81536,34112,0.9586710565045966,0.9587231222538848
0.550950738613095,0.7594199553367917,0.9507150308175537,0.6322115384615384,0.7050359712230215,658026,34112,382806,81536,34112,0.9586710565045966,0.9587231222538848
0.5506407767931525,0.7592377000852666,0.9501439598933802,0.6322115384615384,0.7014388489208633,658026,34528,382806,81120,34528,0.9586710565045966,0.9587231222538848
0.5505529232665856,0.7590555322926147,0.9495735746136197,0.6322115384615384,0.697841726618705,658026,34944,382806,80704,34944,0.9586710565045966,0.9587231222538848
0.5504453190147575,0.7599502724124277,0.9496644440315116,0.6334134615384616,0.697841726618705,659277,34944,381555,80704,34944,0.9586710565045966,0.9587231222538848
0.5498028869077115,0.7608437232189755,0.9497549865415142,0.6346153846153846,0.697841726618705,660528,34944,380304,80704,34944,0.9586710565045966,0.9587231222538848
0.5496117273281393,0.7617358874970864,0.9498452039045646,0.6358173076923077,0.697841726618705,661779,34944,379053,80704,34944,0.9586710565045966,0.9587231222538848
0.5495953464415451,0.7626267680235748,0.949935097868975,0.6370192307692307,0.697841726618705,663030,34944,377802,80704,34944,0.9586710565045966,0.9587231222538848
0.5485066614846571,0.7624443573045879,0.9493692635919758,0.6370192307692307,0.6942446043165468,663030,35360,377802,80288,35360,0.9586710565045966,0.9587231222538848
0.5483785332882526,0.762262033825428,0.9488041029985432,0.6370192307692307,0.6906474820143885,663030,35776,377802,79872,35776,0.9586710565045966,0.9587231222538848
0.5483370595115854,0.7631514703120073,0.9488955899305342,0.6382211538461539,0.6906474820143885,664281,35776,376551,79872,35776,0.9586710565045966,0.9587231222538848
0.5476209791782898,0.7640396294212864,0.9489867504719752,0.6394230769230769,0.6906474820143885,665532,35776,375300,79872,35776,0.9586710565045966,0.9587231222538848
0.5473262092700217,0.7649265139030774,0.9490775863664119,0.640625,0.6906474820143885,666783,35776,374049,79872,35776,0.9586710565045966,0.9587231222538848
0.5466802427024053,0.7647440341735066,0.9485159500693481,0.640625,0.6870503597122302,666783,36192,374049,79456,36192,0.9586710565045966,0.9587231222538848
0.5456474553521544,0.7656295664671318,0.9486074072811853,0.6418269230769231,0.6870503597122302,668034,36192,372798,79456,36192,0.9586710565045966,0.9587231222538848
0.5441433691007149,0.7665138300266447,0.9486985401366734,0.6430288461538461,0.6870503597122302,669285,36192,371547,79456,36192,0.9586710565045966,0.9587231222538848
0.5440094620176713,0.7673968275767356,0.9487893503582708,0.6442307692307693,0.6870503597122302,670536,36192,370296,79456,36192,0.9586710565045966,0.9587231222538848
0.5428579998180676,0.7682785618342977,0.948879839656261,0.6454326923076923,0.6870503597122302,671787,36192,369045,79456,36192,0.9586710565045966,0.9587231222538848
0.5424545988264289,0.7691590355084563,0.9489700097288609,0.6466346153846154,0.6870503597122302,673038,36192,367794,79456,36192,0.9586710565045966,0.9587231222538848
0.5424505849270607,0.7700382513005956,0.9490598622623265,0.6478365384615384,0.6870503597122302,674289,36192,366543,79456,36192,0.9586710565045966,0.9587231222538848
0.5419420182922502,0.7698553828817128,0.948504495025299,0.6478365384615384,0.6834532374100719,674289,36608,366543,79040,36608,0.9586710565045966,0.9587231222538848
0.5415258986234185,0.7696726012972671,0.9479497773835147,0.6478365384615384,0.6798561151079137,674289,37024,366543,78624,37024,0.9586710565045966,0.9587231222538848
0.5414983995764373,0.770550406183201,0.9480411584082272,0.6490384615384616,0.6798561151079137,675540,37024,365292,78624,37024,0.9586710565045966,0.9587231222538848
0.5413491770156083,0.7714269593827134,0.9481322191324083,0.6502403846153846,0.6798561151079137,676791,37024,364041,78624,37024,0.9586710565045966,0.9587231222538848
0.5411996384054433,0.7723022635711186,0.9482229612371446,0.6514423076923077,0.6798561151079137,678042,37024,362790,78624,37024,0.9586710565045966,0.9587231222538848
0.5409536178396133,0.7731763214161121,0.9483133863917791,0.6526442307692307,0.6798561151079137,679293,37024,361539,78624,37024,0.9586710565045966,0.9587231222538848
0.5408999576600166,0.774049135577798,0.9484034962540135,0.6538461538461539,0.6798561151079137,680544,37024,360288,78624,37024,0.9586710565045966,0.9587231222538848
0.5408209577264613,0.7749207087087155,0.9484932924700098,0.6550480769230769,0.6798561151079137,681795,37024,359037,78624,37024,0.9586710565045966,0.9587231222538848
0.5405721809057424,0.7757910434538663,0.94858277667449,0.65625,0.6798561151079137,683046,37024,357786,78624,37024,0.9586710565045966,0.9587231222538848
0.5402967305350609,0.7756078118772419,0.9480350763234816,0.65625,0.6762589928057554,683046,37440,357786,78208,37440,0.9586710565045966,0.9587231222538848
0.5394707052720424,0.7764768358004708,0.9481251480802564,0.6574519230769231,0.6762589928057554,684297,37440,356535,78208,37440,0.9586710565045966,0.9587231222538848
0.5391006722657107,0.7773446270027554,0.9482149081312553,0.6586538461538461,0.6762589928057554,685548,37440,355284,78208,37440,0.9586710565045966,0.9587231222538848
0.5386778285817773,0.7771613321573758,0.9476696285892807,0.6586538461538461,0.6726618705035972,685548,37856,355284,77792,37856,0.9586710565045966,0.9587231222538848
0.538667808735818,0.7780278189530707,0.9477599685367519,0.6598557692307693,0.6726618705035972,686799,37856,354033,77792,37856,0.9586710565045966,0.9587231222538848
0.5386518456139144,0.7778445361947967,0.9472162036545386,0.6598557692307693,0.6690647482014388,686799,38272,354033,77376,38272,0.9586710565045966,0.9587231222538848
0.5386507872886486,0.778709721959716,0.9473071172289976,0.6610576923076923,0.6690647482014388,688050,38272,352782,77376,38272,0.9586710565045966,0.9587231222538848
0.5374627713974656,0.7795736836301639,0.9473977181671117,0.6622596153846154,0.6690647482014388,689301,38272,351531,77376,38272,0.9586710565045966,0.9587231222538848
0.5360064264072231,0.7804364238021401,0.947488008078768,0.6634615384615384,0.6690647482014388,690552,38272,350280,77376,38272,0.9586710565045966,0.9587231222538848
0.5357837630917457,0.7812979450643088,0.9475779885628189,0.6646634615384616,0.6690647482014388,691803,38272,349029,77376,38272,0.9586710565045966,0.9587231222538848
0.5347496983809846,0.781114455127608,0.9470383618689348,0.6646634615384616,0.6654676258992805,691803,38688,349029,76960,38688,0.9586710565045966,0.9587231222538848
0.5338865112401104,0.7819746876576098,0.9471289060898513,0.6658653846153846,0.6654676258992805,693054,38688,347778,76960,38688,0.9586710565045966,0.9587231222538848
0.5338679903612215,0.7828337068200076,0.9472191412469151,0.6670673076923077,0.6654676258992805,694305,38688,346527,76960,38688,0.9586710565045966,0.9587231222538848
0.5330644050790427,0.7836915151801951,0.9473090689198685,0.6682692307692307,0.6654676258992805,695556,38688,345276,76960,38688,0.9586710565045966,0.9587231222538848
0.532997777651251,0.784548115296339,0.9473986906777069,0.6694711538461539,0.6654676258992805,696807,38688,344025,76960,38688,0.9586710565045966,0.9587231222538848
0.5327794254546945,0.784364424117613,0.946863139700317,0.6694711538461539,0.6618705035971223,696807,39104,344025,76544,39104,0.9586710565045966,0.9587231222538848
0.5324890633181615,0.7852197476481922,0.9469533155534333,0.6706730769230769,0.6618705035971223,698058,39104,342774,76544,39104,0.9586710565045966,0.9587231222538848
0.5324708103888028,0.7860738684104774,0.9470431858594038,0.671875,0.6618705035971223,699309,39104,341523,76544,39104,0.9586710565045966,0.9587231222538848
0.5324340905627258,0.7858901217703821,0.9465099502049865,0.671875,0.658273381294964,699309,39520,341523,76128,39520,0.9586710565045966,0.9587231222538848
0.5319514553427038,0.786742972140117,0.9466003675278348,0.6730769230769231,0.658273381294964,700560,39520,340272,76128,39520,0.9586710565045966,0.9587231222538848
0.531174007100226,0.7865592411953329,0.9460685810591819,0.6730769230769231,0.6546762589928058,700560,39936,340272,75712,39936,0.9586710565045966,0.9587231222538848
0.5308399775254922,0.7874108244290996,0.9461595395734664,0.6742788461538461,0.6546762589928058,701811,39936,339021,75712,39936,0.9586710565045966,0.9587231222538848
0.5307220411876906,0.7882612132322027,0.9462501917905566,0.6754807692307693,0.6546762589928058,703062,39936,337770,75712,39936,0.9586710565045966,0.9587231222538848
0.5300712659113471,0.7891104101158435,0.9463405392550074,0.6766826923076923,0.6546762589928058,704313,39936,336519,75712,39936,0.9586710565045966,0.9587231222538848
0.5294655758851681,0.7899584175841893,0.9464305835010061,0.6778846153846154,0.6546762589928058,705564,39936,335268,75712,39936,0.9586710565045966,0.9587231222538848
0.5291645604031885,0.7897744953401376,0.9459027558062838,0.6778846153846154,0.6510791366906474,705564,40352,335268,75296,40352,0.9586710565045966,0.9587231222538848
0.5285913339282104,0.7895906587196251,0.9453755165261573,0.6778846153846154,0.6474820143884892,705564,40768,335268,74880,40768,0.9586710565045966,0.9587231222538848
0.5285910182057421,0.7904373425631076,0.9454669247428045,0.6790865384615384,0.6474820143884892,706815,40768,334017,74880,40768,0.9586710565045966,0.9587231222538848
0.5285691398656522,0.7902535231109031,0.9449411028624369,0.6790865384615384,0.6438848920863309,706815,41184,334017,74464,41184,0.9586710565045966,0.9587231222538848
0.5283811613518277,0.7910989552433911,0.945033033033033,0.6802884615384616,0.6438848920863309,708066,41184,332766,74464,41184,0.9586710565045966,0.9587231222538848
0.5279882437081503,0.7919432065394877,0.9451246567293048,0.6814903846153846,0.6438848920863309,709317,41184,331515,74464,41184,0.9586710565045966,0.9587231222538848
0.5277019881421823,0.7917593368267541,0.9446010677611507,0.6814903846153846,0.6402877697841727,709317,41600,331515,74048,41600,0.9586710565045966,0.9587231222538848
0.5274022720704028,0.7926023424428332,0.9446932068367705,0.6826923076923077,0.6402877697841727,710568,41600,330264,74048,41600,0.9586710565045966,0.9587231222538848
0.526249245151184,0.7924184907461514,0.9441710161257747,0.6826923076923077,0.6366906474820144,710568,42016,330264,73632,42016,0.9586710565045966,0.9587231222538848
0.5260739757166196,0.7932602538521074,0.9442636651256575,0.6838942307692307,0.6366906474820144,711819,42016,329013,73632,42016,0.9586710565045966,0.9587231222538848
0.5253022704582611,0.7941008442479,0.9443560071303136,0.6850961538461539,0.6366906474820144,713070,42016,327762,73632,42016,0.9586710565045966,0.9587231222538848
0.5252736102686467,0.7949402643824816,0.9444480436630761,0.6862980769230769,0.6366906474820144,714321,42016,326511,73632,42016,0.9586710565045966,0.9587231222538848
0.525205962482245,0.7957785166979905,0.944539776237216,0.6875,0.6366906474820144,715572,42016,325260,73632,42016,0.9586710565045966,0.9587231222538848
0.5249853562146333,0.7966156036297746,0.9446312063560255,0.6887019230769231,0.6366906474820144,716823,42016,324009,73632,42016,0.9586710565045966,0.9587231222538848
0.5238722799363907,0.7974515276064149,0.9447223355128997,0.6899038461538461,0.6366906474820144,718074,42016,322758,73632,42016,0.9586710565045966,0.9587231222538848
0.5227396736263097,0.7982862910497494,0.9448131651914188,0.6911057692307693,0.6366906474820144,719325,42016,321507,73632,42016,0.9586710565045966,0.9587231222538848
0.5226323678770843,0.7981020631990986,0.9442971971376699,0.6911057692307693,0.6330935251798561,719325,42432,321507,73216,42432,0.9586710565045966,0.9587231222538848
0.5224197395283963,0.7989356040447047,0.9443885254151988,0.6923076923076923,0.6330935251798561,720576,42432,320256,73216,42432,0.9586710565045966,0.9587231222538848
0.5223522379888359,0.7997679895362616,0.9444795547059308,0.6935096153846154,0.6330935251798561,721827,42432,319005,73216,42432,0.9586710565045966,0.9587231222538848
0.5223136625785434,0.8005992220742252,0.9445702864756829,0.6947115384615384,0.6330935251798561,723078,42432,317754,73216,42432,0.9586710565045966,0.9587231222538848
0.5220606446336539,0.8014293040524056,0.9446607221807056,0.6959134615384616,0.6330935251798561,724329,42432,316503,73216,42432,0.9586710565045966,0.9587231222538848
0.5219892073572187,0.8012449053074404,0.9441484820321777,0.6959134615384616,0.6294964028776978,724329,42848,316503,72800,42848,0.9586710565045966,0.9587231222538848
0.5217487873529184,0.8020737760189248,0.944239408246446,0.6971153846153846,0.6294964028776978,725580,42848,315252,72800,42848,0.9586710565045966,0.9587231222538848
0.5215324289024911,0.8029015012888626,0.9443300388863409,0.6983173076923077,0.6294964028776978,726831,42848,314001,72800,42848,0.9586710565045966,0.9587231222538848
0.5215261608079286,0.8027170614828759,0.9438199183217655,0.6983173076923077,0.6258992805755396,726831,43264,314001,72384,43264,0.9586710565045966,0.9587231222538848
0.521309187161915,0.8035435812596776,0.943911033440246,0.6995192307692307,0.6258992805755396,728082,43264,312750,72384,43264,0.9586710565045966,0.9587231222538848
0.5211134138490962,0.80436896068167,0.944001853488947,0.7007211538461539,0.6258992805755396,729333,43264,311499,72384,43264,0.9586710565045966,0.9587231222538848
0.5207215959301849,0.8051932021072585,0.9440923798988948,0.7019230769230769,0.6258992805755396,730584,43264,310248,72384,43264,0.9586710565045966,0.9587231222538848
0.5198293328210333,0.8060163078883504,0.9441826140918773,0.703125,0.6258992805755396,731835,43264,308997,72384,43264,0.9586710565045966,0.9587231222538848
0.5198082181604078,0.8058317050651665,0.9436761377923057,0.703125,0.6223021582733813,731835,43680,308997,71968,43680,0.9586710565045966,0.9587231222538848
0.5197903668627276,0.8066536164762506,0.9437668487034705,0.7043269230769231,0.6223021582733813,733086,43680,307746,71968,43680,0.9586710565045966,0.9587231222538848
0.5194909877050684,0.8074743972699218,0.9438572679003158,0.7055288461538461,0.6223021582733813,734337,43680,306495,71968,43680,0.9586710565045966,0.9587231222538848
0.519146283995369,0.8082940497774848,0.9439473967877546,0.7067307692307693,0.6223021582733813,735588,43680,305244,71968,43680,0.9586710565045966,0.9587231222538848
0.5187802811421502,0.8091125763238387,0.9440372367616932,0.7079326923076923,0.6223021582733813,736839,43680,303993,71968,43680,0.9586710565045966,0.9587231222538848
0.5184377167745726,0.8099299792275,0.9441267892091024,0.7091346153846154,0.6223021582733813,738090,43680,302742,71968,43680,0.9586710565045966,0.9587231222538848
0.5182916110493856,0.8107462608006237,0.9442160555080898,0.7103365384615384,0.6223021582733813,739341,43680,301491,71968,43680,0.9586710565045966,0.9587231222538848
0.5181666439194902,0.8115614233490256,0.9443050370279699,0.7115384615384616,0.6223021582733813,740592,43680,300240,71968,43680,0.9586710565045966,0.9587231222538848
0.5179835616329334,0.8123754691722036,0.9443937351293342,0.7127403846153846,0.6223021582733813,741843,43680,298989,71968,43680,0.9586710565045966,0.9587231222538848
0.5178598809462696,0.81318840056336,0.9444821511641208,0.7139423076923077,0.6223021582733813,743094,43680,297738,71968,43680,0.9586710565045966,0.9587231222538848
0.5177914891606772,0.8140002198094219,0.9445702864756829,0.7151442307692307,0.6223021582733813,744345,43680,296487,71968,43680,0.9586710565045966,0.9587231222538848
0.517693214858894,0.8148109291910641,0.9446581423988567,0.7163461538461539,0.6223021582733813,745596,43680,295236,71968,43680,0.9586710565045966,0.9587231222538848
0.5167975096356031,0.8156205309827292,0.9447457202600291,0.7175480769230769,0.6223021582733813,746847,43680,293985,71968,43680,0.9586710565045966,0.9587231222538848
0.5165820670663928,0.8164290274526494,0.9448330213772043,0.71875,0.6223021582733813,748098,43680,292734,71968,43680,0.9586710565045966,0.9587231222538848
0.5160776731209241,0.8162437412235287,0.944336866979553,0.71875,0.6187050359712231,748098,44096,292734,71552,44096,0.9586710565045966,0.9587231222538848
0.5155953670748519,0.8170510778906348,0.9444246293063792,0.7199519230769231,0.6187050359712231,749349,44096,291483,71552,44096,0.9586710565045966,0.9587231222538848
0.5153104129009836,0.8168658189680781,0.9439297307715079,0.7199519230769231,0.6151079136690647,749349,44512,291483,71136,44512,0.9586710565045966,0.9587231222538848
0.515120810510733,0.8176719987102004,0.944017949672499,0.7211538461538461,0.6151079136690647,750600,44512,290232,71136,44512,0.9586710565045966,0.9587231222538848
0.514496383120421,0.8184770805494246,0.9441058914088173,0.7223557692307693,0.6151079136690647,751851,44512,288981,71136,44512,0.9586710565045966,0.9587231222538848
0.5138599643430529,0.8192810667270075,0.9441935572846013,0.7235576923076923,0.6151079136690647,753102,44512,287730,71136,44512,0.9586710565045966,0.9587231222538848
0.5132851716741585,0.8190957233332354,0.943701364610353,0.7235576923076923,0.6115107913669064,753102,44928,287730,70720,44928,0.9586710565045966,0.9587231222538848
0.5130924353595335,0.8189104637798093,0.9432096848127488,0.7235576923076923,0.6079136690647482,753102,45344,287730,70304,45344,0.9586710565045966,0.9587231222538848
0.5127119635788153,0.8197132454854013,0.9432985243160847,0.7247596153846154,0.6079136690647482,754353,45344,286479,70304,45344,0.9586710565045966,0.9587231222538848
0.5123105313531177,0.8205149366373834,0.9433870863027313,0.7259615384615384,0.6079136690647482,755604,45344,285228,70304,45344,0.9586710565045966,0.9587231222538848
0.5120436088920497,0.8213155394564714,0.9434753720710198,0.7271634615384616,0.6079136690647482,756855,45344,283977,70304,45344,0.9586710565045966,0.9587231222538848
0.5118055337667795,0.8211301979389698,0.9429863633248818,0.7271634615384616,0.60431654676259,756855,45760,283977,69888,45760,0.9586710565045966,0.9587231222538848
0.5109873425394688,0.8219296600310728,0.943075089629366,0.7283653846153846,0.60431654676259,758106,45760,282726,69888,45760,0.9586710565045966,0.9587231222538848
0.5108177476802938,0.8227280385319421,0.9431635402059576,0.7295673076923077,0.60431654676259,759357,45760,281475,69888,45760,0.9586710565045966,0.9587231222538848
0.5107233737467676,0.8225426716819264,0.9426764639065066,0.7295673076923077,0.6007194244604317,759357,46176,281475,69472,46176,0.9586710565045966,0.9587231222538848
0.5102383917888179,0.8233399147874884,0.9427653498334126,0.7307692307692307,0.6007194244604317,760608,46176,280224,69472,46176,0.9586710565045966,0.9587231222538848
0.5101728867575995,0.8241360790148777,0.9428539605338878,0.7319711538461539,0.6007194244604317,761859,46176,278973,69472,46176,0.9586710565045966,0.9587231222538848
0.5090255069293312,0.8239506879152623,0.9423688015723897,0.7319711538461539,0.5971223021582733,761859,46592,278973,69056,46592,0.9586710565045966,0.9587231222538848
0.5089488633085547,0.8247457220456366,0.9424578425149005,0.7331730769230769,0.5971223021582733,763110,46592,277722,69056,46592,0.9586710565045966,0.9587231222538848
0.5089339684753129,0.8255396819825196,0.9425466087430467,0.734375,0.5971223021582733,764361,46592,276471,69056,46592,0.9586710565045966,0.9587231222538848
0.5088849102175683,0.8263325699015022,0.9426351015262175,0.7355769230769231,0.5971223021582733,765612,46592,275220,69056,46592,0.9586710565045966,0.9587231222538848
0.508001331302498,0.8271243879723041,0.9427233221259934,0.7367788461538461,0.5971223021582733,766863,46592,273969,69056,46592,0.9586710565045966,0.9587231222538848
0.5076525629989359,0.8269388683794656,0.9422414608703344,0.7367788461538461,0.5935251798561151,766863,47008,273969,68640,47008,0.9586710565045966,0.9587231222538848
0.507502478016406,0.8267534319900772,0.9417600919577496,0.7367788461538461,0.5899280575539568,766863,47424,273969,68224,47424,0.9586710565045966,0.9587231222538848
0.5071310619958015,0.8275440779585966,0.9418494294563834,0.7379807692307693,0.5899280575539568,768114,47424,272718,68224,47424,0.9586710565045966,0.9587231222538848
0.5066390616701878,0.8283336590187127,0.941938493295086,0.7391826923076923,0.5899280575539568,769365,47424,271467,68224,47424,0.9586710565045966,0.9587231222538848
0.5065396595656021,0.8291221773204395,0.942027284729353,0.7403846153846154,0.5899280575539568,770616,47424,270216,68224,47424,0.9586710565045966,0.9587231222538848
0.5065391146309008,0.8299096350080075,0.9421158050070122,0.7415865384615384,0.5899280575539568,771867,47424,268965,68224,47424,0.9586710565045966,0.9587231222538848
0.5062239692370967,0.8306960342198827,0.942204055368281,0.7427884615384616,0.5899280575539568,773118,47424,267714,68224,47424,0.9586710565045966,0.9587231222538848
0.5058883129253517,0.831481377088786,0.9422920370458254,0.7439903846153846,0.5899280575539568,774369,47424,266463,68224,47424,0.9586710565045966,0.9587231222538848
0.5058090258032698,0.8322656657417125,0.942379751264817,0.7451923076923077,0.5899280575539568,775620,47424,265212,68224,47424,0.9586710565045966,0.9587231222538848
0.5055774273426444,0.8330489022999507,0.9424671992429895,0.7463942307692307,0.5899280575539568,776871,47424,263961,68224,47424,0.9586710565045966,0.9587231222538848
0.5055411880251697,0.8338310888791016,0.9425543821906956,0.7475961538461539,0.5899280575539568,778122,47424,262710,68224,47424,0.9586710565045966,0.9587231222538848
0.5054244116696294,0.8346122275890983,0.9426413013109627,0.7487980769230769,0.5899280575539568,779373,47424,261459,68224,47424,0.9586710565045966,0.9587231222538848
0.5053621958738639,0.8353923205342237,0.9427279577995479,0.75,0.5899280575539568,780624,47424,260208,68224,47424,0.9586710565045966,0.9587231222538848
0.5052386507702542,0.8361713698131308,0.9428143528449932,0.7512019230769231,0.5899280575539568,781875,47424,258957,68224,47424,0.9586710565045966,0.9587231222538848
0.5051503871359571,0.8369493775188603,0.9429004876286798,0.7524038461538461,0.5899280575539568,783126,47424,257706,68224,47424,0.9586710565045966,0.9587231222538848
0.504895557580384,0.8377263457388607,0.9429863633248818,0.7536057692307693,0.5899280575539568,784377,47424,256455,68224,47424,0.9586710565045966,0.9587231222538848
0.504867660190822,0.8385022765550055,0.9430719811008197,0.7548076923076923,0.5899280575539568,785628,47424,255204,68224,47424,0.9586710565045966,0.9587231222538848
0.5043095217953892,0.8392771720436129,0.943157342116713,0.7560096153846154,0.5899280575539568,786879,47424,253953,68224,47424,0.9586710565045966,0.9587231222538848
0.5041599581771883,0.8400510342754636,0.9432424475258332,0.7572115384615384,0.5899280575539568,788130,47424,252702,68224,47424,0.9586710565045966,0.9587231222538848
0.5040792530991786,0.8408238653158199,0.943327298474555,0.7584134615384616,0.5899280575539568,789381,47424,251451,68224,47424,0.9586710565045966,0.9587231222538848
0.5038144096556149,0.8406376177882093,0.9428585761704497,0.7584134615384616,0.5863309352517986,789381,47840,251451,67808,47840,0.9586710565045966,0.9587231222538848
0.5036957731126066,0.8414093728316441,0.9429438311595378,0.7596153846153846,0.5863309352517986,790632,47840,250200,67808,47840,0.9586710565045966,0.9587231222538848
0.5034133086425111,0.842180101087179,0.9430288321267847,0.7608173076923077,0.5863309352517986,791883,47840,248949,67808,47840,0.9586710565045966,0.9587231222538848
0.5033078465030676,0.8419938425419637,0.9425618855927412,0.7608173076923077,0.5827338129496403,791883,48256,248949,67392,48256,0.9586710565045966,0.9587231222538848
0.5026681374290718,0.8418076663652933,0.9420954012527437,0.7608173076923077,0.579136690647482,791883,48672,248949,66976,48672,0.9586710565045966,0.9587231222538848
0.5023960381335333,0.8425772772035834,0.9421814527337653,0.7620192307692307,0.579136690647482,793134,48672,247698,66976,48672,0.9586710565045966,0.9587231222538848
0.5023104989457157,0.8433458659188519,0.9422672488337087,0.7632211538461539,0.579136690647482,794385,48672,246447,66976,48672,0.9586710565045966,0.9587231222538848
0.5018500225199272,0.8441134345459753,0.9423527906877585,0.7644230769230769,0.579136690647482,795636,48672,245196,66976,48672,0.9586710565045966,0.9587231222538848
0.5013035663032923,0.8439272023742599,0.9418887115791666,0.7644230769230769,0.5755395683453237,795636,49088,245196,66560,49088,0.9586710565045966,0.9587231222538848
0.5012745171970479,0.8446937074115158,0.941974644640799,0.765625,0.5755395683453237,796887,49088,243945,66560,49088,0.9586710565045966,0.9587231222538848
0.5011149894436029,0.8454591966984065,0.942060323927736,0.7668269230769231,0.5755395683453237,798138,49088,242694,66560,49088,0.9586710565045966,0.9587231222538848
0.5010895771116111,0.8452729558362996,0.9415979859421785,0.7668269230769231,0.5719424460431655,798138,49504,242694,66144,49504,0.9586710565045966,0.9587231222538848
0.5010282720244896,0.8450867970077665,0.9411361015402249,0.7668269230769231,0.5683453237410072,798138,49920,242694,65728,49920,0.9586710565045966,0.9587231222538848
0.5000509279000586,0.845851182530827,0.9412228058339192,0.7680288461538461,0.5683453237410072,799389,49920,241443,65728,49920,0.9586710565045966,0.9587231222538848
0.5000482015770316,0.8466145568977769,0.9413092550790068,0.7692307692307693,0.5683453237410072,800640,49920,240192,65728,49920,0.9586710565045966,0.9587231222538848
0.49913638457680565,0.8473769221136791,0.9413954503992082,0.7704326923076923,0.5683453237410072,801891,49920,238941,65728,49920,0.9586710565045966,0.9587231222538848
0.4990355607801327,0.8481382801782993,0.9414813929116523,0.7716346153846154,0.5683453237410072,803142,49920,237690,65728,49920,0.9586710565045966,0.9587231222538848
0.4990085331397836,0.8488986330861227,0.9415670837269244,0.7728365384615384,0.5683453237410072,804393,49920,236439,65728,49920,0.9586710565045966,0.9587231222538848
0.49895379894118236,0.8496579828263717,0.9416525239491143,0.7740384615384616,0.5683453237410072,805644,49920,235188,65728,49920,0.9586710565045966,0.9587231222538848
0.49892751711123573,0.8504163313830233,0.9417377146758635,0.7752403846153846,0.5683453237410072,806895,49920,233937,65728,49920,0.9586710565045966,0.9587231222538848
0.4980027160626961,0.8511736807348262,0.9418226569984127,0.7764423076923077,0.5683453237410072,808146,49920,232686,65728,49920,0.9586710565045966,0.9587231222538848
0.497962238256196,0.8519300328553182,0.9419073520016478,0.7776442307692307,0.5683453237410072,809397,49920,231435,65728,49920,0.9586710565045966,0.9587231222538848
0.4978029938133932,0.8526853897128431,0.9419918007641465,0.7788461538461539,0.5683453237410072,810648,49920,230184,65728,49920,0.9586710565045966,0.9587231222538848
0.49695483983067834,0.8534397532705683,0.9420760043582237,0.7800480769230769,0.5683453237410072,811899,49920,228933,65728,49920,0.9586710565045966,0.9587231222538848
0.49663170588286254,0.853253196025153,0.941621483702239,0.7800480769230769,0.564748201438849,811899,50336,228933,65312,50336,0.9586710565045966,0.9587231222538848
0.4964351611794835,0.8540065262209358,0.9417060612447683,0.78125,0.564748201438849,813150,50336,227682,65312,50336,0.9586710565045966,0.9587231222538848
0.4961800154525079,0.8547588672989538,0.9417903940735738,0.7824519230769231,0.564748201438849,814401,50336,226431,65312,50336,0.9586710565045966,0.9587231222538848
0.4958007988753278,0.855510221205987,0.9418744832491905,0.7836538461538461,0.564748201438849,815652,50336,225180,65312,50336,0.9586710565045966,0.9587231222538848
0.4955851125651411,0.8553236201497875,0.9414222464346886,0.7836538461538461,0.5611510791366906,815652,50752,225180,64896,50752,0.9586710565045966,0.9587231222538848
0.4952386276894164,0.8551371004774456,0.9409704436907317,0.7836538461538461,0.5575539568345323,815652,51168,225180,64480,51168,0.9586710565045966,0.9587231222538848
0.49512621644432764,0.8558873866299126,0.9410555127403173,0.7848557692307693,0.5575539568345323,816903,51168,223929,64480,51168,0.9586710565045966,0.9587231222538848
0.49508823929402745,0.8566366900260398,0.9411403369522455,0.7860576923076923,0.5575539568345323,818154,51168,222678,64480,51168,0.9586710565045966,0.9587231222538848
0.49506566044465605,0.8573850125954467,0.9412249173820001,0.7872596153846154,0.5575539568345323,819405,51168,221427,64480,51168,0.9586710565045966,0.9587231222538848
0.4950157218148128,0.8571984511102242,0.9407753714455636,0.7872596153846154,0.5539568345323741,819405,51584,221427,64064,51584,0.9586710565045966,0.9587231222538848
0.49437949596230685,0.8579457542633001,0.9408603136751352,0.7884615384615384,0.5539568345323741,820656,51584,220176,64064,51584,0.9586710565045966,0.9587231222538848
0.4935892325557416,0.8586920806990251,0.9409450125988705,0.7896634615384616,0.5539568345323741,821907,51584,218925,64064,51584,0.9586710565045966,0.9587231222538848
0.49322211971042373,0.859437432330988,0.9410294692606506,0.7908653846153846,0.5539568345323741,823158,51584,217674,64064,51584,0.9586710565045966,0.9587231222538848
0.49205975846122063,0.8601818110677814,0.9411136846983937,0.7920673076923077,0.5539568345323741,824409,51584,216423,64064,51584,0.9586710565045966,0.9587231222538848
0.4917801142698871,0.8609252188130189,0.9411976599440977,0.7932692307692307,0.5539568345323741,825660,51584,215172,64064,51584,0.9586710565045966,0.9587231222538848
0.4911094379921322,0.8616676574653511,0.9412813960238817,0.7944711538461539,0.5539568345323741,826911,51584,213921,64064,51584,0.9586710565045966,0.9587231222538848
0.49103223539716856,0.8624091289184819,0.9413648939580288,0.7956730769230769,0.5539568345323741,828162,51584,212670,64064,51584,0.9586710565045966,0.9587231222538848
0.4906677383411966,0.8622223702937125,0.9409199670060738,0.7956730769230769,0.5503597122302158,828162,52000,212670,63648,52000,0.9586710565045966,0.9587231222538848
0.49060481486920593,0.8629628377235993,0.9410038200026548,0.796875,0.5503597122302158,829413,52000,211419,63648,52000,0.9586710565045966,0.9587231222538848
0.49050666119506653,0.8637023419856344,0.9410874353094723,0.7980769230769231,0.5503597122302158,830664,52000,210168,63648,52000,0.9586710565045966,0.9587231222538848
0.48960074414452937,0.8644408849578672,0.9411708139357291,0.7992788461538461,0.5503597122302158,831915,52000,208917,63648,52000,0.9586710565045966,0.9587231222538848
0.4893014093949192,0.8642540917314534,0.9407280757996723,0.7992788461538461,0.5467625899280576,831915,52416,208917,63232,52416,0.9586710565045966,0.9587231222538848
0.48913169127568834,0.8649916373116059,0.9408118051179902,0.8004807692307693,0.5467625899280576,833166,52416,207666,63232,52416,0.9586710565045966,0.9587231222538848
0.48886896733961704,0.8648048867829544,0.9403700685554595,0.8004807692307693,0.5431654676258992,833166,52832,207666,62816,52832,0.9586710565045966,0.9587231222538848
0.48815967621481376,0.8655414373151336,0.9404541453413867,0.8016826923076923,0.5431654676258992,834417,52832,206415,62816,52832,0.9586710565045966,0.9587231222538848
0.48806243148263606,0.8653547296158615,0.9400134059583288,0.8016826923076923,0.539568345323741,834417,53248,206415,62400,53248,0.9586710565045966,0.9587231222538848
0.4879934047884069,0.8660902874364943,0.940097827016276,0.8028846153846154,0.539568345323741,835668,53248,205164,62400,53248,0.9586710565045966,0.9587231222538848
0.48722837403192143,0.8659036226973459,0.9396580804468972,0.8028846153846154,0.5359712230215827,835668,53664,205164,61984,53664,0.9586710565045966,0.9587231222538848
0.48713849779933777,0.865717038402967,0.9392187450828774,0.8028846153846154,0.5323741007194245,835668,54080,205164,61568,54080,0.9586710565045966,0.9587231222538848
0.48679866906297503,0.8664515684860632,0.9393040845163687,0.8040865384615384,0.5323741007194245,836919,54080,203913,61568,54080,0.9586710565045966,0.9587231222538848
0.48615426137501627,0.8671851478623256,0.939389184645559,0.8052884615384616,0.5323741007194245,838170,54080,202662,61568,54080,0.9586710565045966,0.9587231222538848
0.4858593147765353,0.8669985694321898,0.9389514107180065,0.8052884615384616,0.5287769784172662,838170,54496,202662,61152,54496,0.9586710565045966,0.9587231222538848
0.4856034358770436,0.8668120712710079,0.9385140446230021,0.8052884615384616,0.5251798561151079,838170,54912,202662,60736,54912,0.9586710565045966,0.9587231222538848
0.4855629058162675,0.8666256533269918,0.9380770857909028,0.8052884615384616,0.5215827338129496,838170,55328,202662,60320,55328,0.9586710565045966,0.9587231222538848
0.4854953881970685,0.8664393155483976,0.9376405336531255,0.8052884615384616,0.5179856115107914,838170,55744,202662,59904,55744,0.9586710565045966,0.9587231222538848
0.48492485330423174,0.866253057883526,0.9372043876421455,0.8052884615384616,0.5143884892086331,838170,56160,202662,59488,56160,0.9586710565045966,0.9587231222538848
0.484296045627525,0.8669855036089925,0.937292104231778,0.8064903846153846,0.5143884892086331,839421,56160,201411,59488,56160,0.9586710565045966,0.9587231222538848
0.4840470860808658,0.867717003567182,0.9373795761078998,0.8076923076923077,0.5143884892086331,840672,56160,200160,59488,56160,0.9586710565045966,0.9587231222538848
0.48301535779745175,0.8684475595887391,0.9374668042931444,0.8088942307692307,0.5143884892086331,841923,56160,198909,59488,56160,0.9586710565045966,0.9587231222538848
0.4824240140929463,0.868261271541578,0.9370327624182108,0.8088942307692307,0.5107913669064749,841923,56576,198909,59072,56576,0.9586710565045966,0.9587231222538848
0.4819119877764265,0.8680750633974431,0.9365991222751873,0.8088942307692307,0.5071942446043165,841923,56992,198909,58656,56992,0.9586710565045966,0.9587231222538848
0.48173156503858966,0.8688046046415298,0.9366872332436462,0.8100961538461539,0.5071942446043165,843174,56992,197658,58656,56992,0.9586710565045966,0.9587231222538848
0.48163349477175954,0.868618439961801,0.9362545553875161,0.8100961538461539,0.5035971223021583,843174,57408,197658,58240,57408,0.9586710565045966,0.9587231222538848
0.4816021497666175,0.8693470052736834,0.936342981461091,0.8112980769230769,0.5035971223021583,844425,57408,196407,58240,57408,0.9586710565045966,0.9587231222538848
0.48153913605095733,0.870074632854506,0.9364311625496632,0.8125,0.5035971223021583,845676,57408,195156,58240,57408,0.9586710565045966,0.9587231222538848
0.4809087296102386,0.8708013245135251,0.9365190996699232,0.8137019230769231,0.5035971223021583,846927,57408,193905,58240,57408,0.9586710565045966,0.9587231222538848
0.48064847804177957,0.8715270820553448,0.9366067938329435,0.8149038461538461,0.5035971223021583,848178,57408,192654,58240,57408,0.9586710565045966,0.9587231222538848
0.48054117105083277,0.8713408539197487,0.9361767413316968,0.8149038461538461,0.5,848178,57824,192654,57824,57824,0.9586710565045966,0.9587231222538848
0.4804279271684128,0.8720656439529076,0.9362647464378735,0.8161057692307693,0.5,849429,57824,191403,57824,57824,0.9586710565045966,0.9587231222538848
0.4803220976397701,0.8727895037079293,0.9363525091799265,0.8173076923076923,0.5,850680,57824,190152,57824,57824,0.9586710565045966,0.9587231222538848
0.4797840622042236,0.8726032849305964,0.9359239537032962,0.8173076923076923,0.49640287769784175,850680,58240,190152,57408,58240,0.9586710565045966,0.9587231222538848
0.47896298718163677,0.8733261814564098,0.93601202411415,0.8185096153846154,0.49640287769784175,851931,58240,188901,57408,58240,0.9586710565045966,0.9587231222538848
0.4783212019206998,0.8740481515212672,0.936099852757559,0.8197115384615384,0.49640287769784175,853182,58240,187650,57408,58240,0.9586710565045966,0.9587231222538848
0.47804878072522244,0.8747691969050502,0.9361874406276947,0.8209134615384616,0.49640287769784175,854433,58240,186399,57408,58240,0.9586710565045966,0.9587231222538848
0.4766292561005209,0.8754893193830842,0.9362747887132847,0.8221153846153846,0.49640287769784175,855684,58240,185148,57408,58240,0.9586710565045966,0.9587231222538848
0.47504454757897496,0.8753030423921783,0.935848808976967,0.8221153846153846,0.49280575539568344,855684,58656,185148,56992,58656,0.9586710565045966,0.9587231222538848
0.4741865728127819,0.8760222099208607,0.9359364607122612,0.8233173076923077,0.49280575539568344,856935,58656,183897,56992,58656,0.9586710565045966,0.9587231222538848
0.47359620011891496,0.8767404583194137,0.9360238732518799,0.8245192307692307,0.49280575539568344,858186,58656,182646,56992,58656,0.9586710565045966,0.9587231222538848
0.47216249954276546,0.8765541931167617,0.9355993624476429,0.8245192307692307,0.4892086330935252,858186,59072,182646,56576,59072,0.9586710565045966,0.9587231222538848
0.4719531354809868,0.8772714907716421,0.9356870754668708,0.8257211538461539,0.4892086330935252,859437,59072,181395,56576,59072,0.9586710565045966,0.9587231222538848
0.4717453790723772,0.8779878730505888,0.935774549882578,0.8269230769230769,0.4892086330935252,860688,59072,180144,56576,59072,0.9586710565045966,0.9587231222538848
0.4712588984895264,0.8787033417047134,0.9358617866670431,0.828125,0.4892086330935252,861939,59072,178893,56576,59072,0.9586710565045966,0.9587231222538848
0.47081618507528555,0.8794178984806637,0.9359487867872687,0.8293269230769231,0.4892086330935252,863190,59072,177642,56576,59072,0.9586710565045966,0.9587231222538848
0.4707894022758369,0.8801315451206382,0.9360355512050182,0.8305288461538461,0.4892086330935252,864441,59072,176391,56576,59072,0.9586710565045966,0.9587231222538848
0.4701268758807373,0.879945194351883,0.9356141002176575,0.8305288461538461,0.4856115107913669,864441,59488,176391,56160,59488,0.9586710565045966,0.9587231222538848
0.47011837467182493,0.8806579003586956,0.935701160855185,0.8317307692307693,0.4856115107913669,865692,59488,175140,56160,59488,0.9586710565045966,0.9587231222538848
0.46953454842440523,0.8813696999333592,0.9357879863691954,0.8329326923076923,0.4856115107913669,866943,59488,173889,56160,59488,0.9586710565045966,0.9587231222538848
0.4693808412828069,0.8820805948039994,0.9358745777108967,0.8341346153846154,0.4856115107913669,868194,59488,172638,56160,59488,0.9586710565045966,0.9587231222538848
0.46874270706857574,0.8818942268135485,0.9354550920269196,0.8341346153846154,0.48201438848920863,868194,59904,172638,55744,59904,0.9586710565045966,0.9587231222538848
0.46776431034798116,0.8826041871279847,0.9355419761575038,0.8353365384615384,0.48201438848920863,869445,59904,171387,55744,59904,0.9586710565045966,0.9587231222538848
0.46722758245405915,0.8833132464117454,0.9356286266924565,0.8365384615384616,0.48201438848920863,870696,59904,170136,55744,59904,0.9586710565045966,0.9587231222538848
0.46622606204608774,0.8831268941622276,0.9352105656615998,0.8365384615384616,0.4784172661870504,870696,60320,170136,55328,60320,0.9586710565045966,0.9587231222538848
0.46581725459560763,0.883835022976546,0.9352975059720016,0.8377403846153846,0.4784172661870504,871947,60320,168885,55328,60320,0.9586710565045966,0.9587231222538848
0.4656475854999957,0.8836487181501027,0.9348803398367934,0.8377403846153846,0.4748201438848921,871947,60736,168885,54912,60736,0.9586710565045966,0.9587231222538848
0.46525690210057313,0.8843559186252954,0.9349675673013297,0.8389423076923077,0.4748201438848921,873198,60736,167634,54912,60736,0.9586710565045966,0.9587231222538848
0.465168110590198,0.8850622236549585,0.9350545613969429,0.8401442307692307,0.4748201438848921,874449,60736,166383,54912,60736,0.9586710565045966,0.9587231222538848
0.4648018323064962,0.8857676349387135,0.935141323058917,0.8413461538461539,0.4748201438848921,875700,60736,165132,54912,60736,0.9586710565045966,0.9587231222538848
0.46465398709088157,0.8864721541718831,0.9352278532175449,0.8425480769230769,0.4748201438848921,876951,60736,163881,54912,60736,0.9586710565045966,0.9587231222538848
0.4644484934951295,0.8871757830455053,0.9353141527981613,0.84375,0.4748201438848921,878202,60736,162630,54912,60736,0.9586710565045966,0.9587231222538848
0.46444774777381836,0.8878785232463462,0.9354002227211763,0.8449519230769231,0.4748201438848921,879453,60736,161379,54912,60736,0.9586710565045966,0.9587231222538848
0.464345740854446,0.8885803764569141,0.9354860639021074,0.8461538461538461,0.4748201438848921,880704,60736,160128,54912,60736,0.9586710565045966,0.9587231222538848
0.4641866465812535,0.8883939379266934,0.9350728773825299,0.8461538461538461,0.4712230215827338,880704,61152,160128,54496,61152,0.9586710565045966,0.9587231222538848
0.46390173066965634,0.8882075776156975,0.9346600556951709,0.8461538461538461,0.4676258992805755,880704,61568,160128,54080,61568,0.9586710565045966,0.9587231222538848
0.46379175946907336,0.8889084866367157,0.9347466887399671,0.8473557692307693,0.4676258992805755,881955,61568,158877,54080,61568,0.9586710565045966,0.9587231222538848
0.4634334999366876,0.8896085124642049,0.9348330923585958,0.8485576923076923,0.4676258992805755,883206,61568,157626,54080,61568,0.9586710565045966,0.9587231222538848
0.4632357642692827,0.8903076567664406,0.9349192674612193,0.8497596153846154,0.4676258992805755,884457,61568,156375,54080,61568,0.9586710565045966,0.9587231222538848
0.4632050061004591,0.8901212868086066,0.9345083317396435,0.8497596153846154,0.46402877697841727,884457,61984,156375,53664,61984,0.9586710565045966,0.9587231222538848
0.46257722224536224,0.8908195224196439,0.9345947839593455,0.8509615384615384,0.46402877697841727,885708,61984,155124,53664,61984,0.9586710565045966,0.9587231222538848
0.46238136839917265,0.8915168800492518,0.9346810082375865,0.8521634615384616,0.46402877697841727,886959,61984,153873,53664,61984,0.9586710565045966,0.9587231222538848
0.4622453092017826,0.8922133613523882,0.9347670054746715,0.8533653846153846,0.46402877697841727,888210,61984,152622,53664,61984,0.9586710565045966,0.9587231222538848
0.46077119326805366,0.8929089679798542,0.9348527765661704,0.8545673076923077,0.46402877697841727,889461,61984,151371,53664,61984,0.9586710565045966,0.9587231222538848
0.46035014421866044,0.8927225618798279,0.9344442098163492,0.8545673076923077,0.460431654676259,889461,62400,151371,53248,62400,0.9586710565045966,0.9587231222538848
0.45883910658855487,0.8934172674859474,0.934530254576587,0.8557692307692307,0.460431654676259,890712,62400,150120,53248,62400,0.9586710565045966,0.9587231222538848
0.4582921776057793,0.8941111019223685,0.9346160737580983,0.8569711538461539,0.460431654676259,891963,62400,148869,53248,62400,0.9586710565045966,0.9587231222538848
0.4580809872878103,0.8948040668267512,0.9347016682468026,0.8581730769230769,0.460431654676259,893214,62400,147618,53248,62400,0.9586710565045966,0.9587231222538848
0.4578341804156646,0.8946176551008532,0.9342949489032771,0.8581730769230769,0.4568345323741007,893214,62816,147618,52832,62816,0.9586710565045966,0.9587231222538848
0.45727629318058627,0.894431321027919,0.933888583359646,0.8581730769230769,0.45323741007194246,893214,63232,147618,52416,63232,0.9586710565045966,0.9587231222538848
0.4570277260394012,0.8942450645594371,0.9334825711544611,0.8581730769230769,0.44964028776978415,893214,63648,147618,52000,63648,0.9586710565045966,0.9587231222538848
0.4566842990589435,0.8940588856469364,0.9330769118270763,0.8581730769230769,0.4460431654676259,893214,64064,147618,51584,64064,0.9586710565045966,0.9587231222538848
0.4560936295199867,0.8947508729038928,0.9331642548112785,0.859375,0.4460431654676259,894465,64064,146367,51584,64064,0.9586710565045966,0.9587231222538848
0.45553824476695814,0.8954419947496066,0.9332513701056492,0.8605769230769231,0.4460431654676259,895716,64064,145116,51584,64064,0.9586710565045966,0.9587231222538848
0.45523132613060846,0.8961322528065108,0.9333382585993584,0.8617788461538461,0.4460431654676259,896967,64064,143865,51584,64064,0.9586710565045966,0.9587231222538848
0.45480716421888606,0.896821648692985,0.9334249211769523,0.8629807692307693,0.4460431654676259,898218,64064,142614,51584,64064,0.9586710565045966,0.9587231222538848
0.4547585204156285,0.897510184023369,0.9335113587183833,0.8641826923076923,0.4460431654676259,899469,64064,141363,51584,64064,0.9586710565045966,0.9587231222538848
0.45416874888795866,0.8981978604079744,0.9335975720990398,0.8653846153846154,0.4460431654676259,900720,64064,140112,51584,64064,0.9586710565045966,0.9587231222538848
0.4540890112330794,0.8988846794530978,0.9336835621897758,0.8665865384615384,0.4460431654676259,901971,64064,138861,51584,64064,0.9586710565045966,0.9587231222538848
0.4539334668926483,0.8995706427610329,0.93376932985694,0.8677884615384616,0.4460431654676259,903222,64064,137610,51584,64064,0.9586710565045966,0.9587231222538848
0.45387453242097064,0.9002557519300836,0.9338548759624051,0.8689903846153846,0.4460431654676259,904473,64064,136359,51584,64064,0.9586710565045966,0.9587231222538848
0.45346487939436164,0.9000694104095712,0.9334539446185728,0.8689903846153846,0.44244604316546765,904473,64480,136359,51168,64480,0.9586710565045966,0.9587231222538848
0.4522474849768149,0.8998831460137569,0.9330533573902198,0.8689903846153846,0.43884892086330934,904473,64896,136359,50752,64896,0.9586710565045966,0.9587231222538848
0.4510044310639605,0.8996969586947688,0.9326531138345097,0.8689903846153846,0.4352517985611511,904473,65312,136359,50336,65312,0.9586710565045966,0.9587231222538848
0.45065971421098255,0.899510848404775,0.9322532135093656,0.8689903846153846,0.4316546762589928,904473,65728,136359,49920,65728,0.9586710565045966,0.9587231222538848
0.4503856633429691,0.9001950022958985,0.9323404553184306,0.8701923076923077,0.4316546762589928,905724,65728,135108,49920,65728,0.9586710565045966,0.9587231222538848
0.44918433206700553,0.9000089432106126,0.9319413747545963,0.8701923076923077,0.42805755395683454,905724,66144,135108,49504,66144,0.9586710565045966,0.9587231222538848
0.44892571361904093,0.8998229610216202,0.9315426356908064,0.8701923076923077,0.4244604316546763,905724,66560,135108,49088,66560,0.9586710565045966,0.9587231222538848
0.44823576462692466,0.8996370556812606,0.9311442376889072,0.8701923076923077,0.420863309352518,905724,66976,135108,48672,66976,0.9586710565045966,0.9587231222538848
0.4478477112770057,0.9003202826309334,0.9312326800834949,0.8713942307692307,0.420863309352518,906975,66976,133857,48672,66976,0.9586710565045966,0.9587231222538848
0.44686973711130074,0.90100266166146,0.9313208955683028,0.8725961538461539,0.420863309352518,908226,66976,132606,48672,66976,0.9586710565045966,0.9587231222538848
0.44680168346633825,0.9016841943503273,0.931408885015459,0.8737980769230769,0.420863309352518,909477,66976,131355,48672,66976,0.9586710565045966,0.9587231222538848
0.4466401334776873,0.901498289389756,0.9310122442210778,0.8737980769230769,0.4172661870503597,909477,67392,131355,48256,67392,0.9586710565045966,0.9587231222538848
0.4463960962178666,0.9013124610713849,0.930615941102135,0.8737980769230769,0.4136690647482014,909477,67808,131355,47840,67808,0.9586710565045966,0.9587231222538848
0.4462793464927804,0.9019930988309214,0.9307046444893188,0.875,0.4136690647482014,910728,67808,130104,47840,67808,0.9586710565045966,0.9587231222538848
0.4455697962667751,0.902672893801355,0.9307931213620919,0.8762019230769231,0.4136690647482014,911979,67808,128853,47840,67808,0.9586710565045966,0.9587231222538848
0.44525816949801666,0.902487092009787,0.930398091007679,0.8762019230769231,0.41007194244604317,911979,68224,128853,47424,68224,0.9586710565045966,0.9587231222538848
0.4447116969432657,0.9023013666915498,0.9300033958142765,0.8762019230769231,0.4064748201438849,911979,68640,128853,47008,68640,0.9586710565045966,0.9587231222538848
0.4444444923807972,0.9029802709445088,0.9300925784472486,0.8774038461538461,0.4064748201438849,913230,68640,127602,47008,68640,0.9586710565045966,0.9587231222538848
0.44426884266636546,0.9036583359396192,0.9301815341143155,0.8786057692307693,0.4064748201438849,914481,68640,126351,47008,68640,0.9586710565045966,0.9587231222538848
0.44397600966818157,0.9043355632321485,0.9302702636808036,0.8798076923076923,0.4064748201438849,915732,68640,125100,47008,68640,0.9586710565045966,0.9587231222538848
0.44386742516359684,0.9050119543735242,0.9303587680076459,0.8810096153846154,0.4064748201438849,916983,68640,123849,47008,68640,0.9586710565045966,0.9587231222538848
0.4431223396943229,0.9056875109113451,0.9304470479514102,0.8822115384615384,0.4064748201438849,918234,68640,122598,47008,68640,0.9586710565045966,0.9587231222538848
0.4426209318818419,0.9055017400333905,0.93005499903777,0.8822115384615384,0.4028776978417266,918234,69056,122598,46592,69056,0.9586710565045966,0.9587231222538848
0.44236491145021417,0.9061764397180804,0.930143514533034,0.8834134615384616,0.4028776978417266,919485,69056,121347,46592,69056,0.9586710565045966,0.9587231222538848
0.44121963653188345,0.9059907212030412,0.9297522541424956,0.8834134615384616,0.39928057553956836,919485,69472,121347,46176,69472,0.9586710565045966,0.9587231222538848
0.4401418804600101,0.906664565936663,0.9298410031023785,0.8846153846153846,0.39928057553956836,920736,69472,120096,46176,69472,0.9586710565045966,0.9587231222538848
0.43924775883088707,0.9073375810845986,0.9299295280994978,0.8858173076923077,0.39928057553956836,921987,69472,118845,46176,69472,0.9586710565045966,0.9587231222538848
0.43820535294650687,0.9080097681778886,0.9300178299805583,0.8870192307692307,0.39928057553956836,923238,69472,117594,46176,69472,0.9586710565045966,0.9587231222538848
0.43794948160433234,0.907824055363975,0.9296282646914893,0.8870192307692307,0.39568345323741005,923238,69888,117594,45760,69888,0.9586710565045966,0.9587231222538848
0.4377788065732886,0.9084953928564585,0.9297167975526385,0.8882211538461539,0.39568345323741005,924489,69888,116343,45760,69888,0.9586710565045966,0.9587231222538848
0.4376464044036129,0.9091659055419699,0.9298051079318782,0.8894230769230769,0.39568345323741005,925740,69888,115092,45760,69888,0.9586710565045966,0.9587231222538848
0.4375044495435785,0.9089802226546928,0.9294167727530109,0.8894230769230769,0.3920863309352518,925740,70304,115092,45344,70304,0.9586710565045966,0.9587231222538848
0.43726696952127014,0.9096498893346685,0.9295053118686045,0.890625,0.3920863309352518,926991,70304,113841,45344,70304,0.9586710565045966,0.9587231222538848
0.4369594106347727,0.910318734437657,0.9295936291367649,0.8918269230769231,0.3920863309352518,928242,70304,112590,45344,70304,0.9586710565045966,0.9587231222538848
0.43685224499455927,0.9101330820661302,0.9292065163639858,0.8918269230769231,0.38848920863309355,928242,70720,112590,44928,70720,0.9586710565045966,0.9587231222538848
0.4364730725880886,0.9099475054038555,0.9288197258694908,0.8918269230769231,0.38489208633093525,928242,71136,112590,44512,71136,0.9586710565045966,0.9587231222538848
0.43646815584231113,0.9097620044045308,0.9284332572509937,0.8918269230769231,0.381294964028777,928242,71552,112590,44096,71552,0.9586710565045966,0.9587231222538848
0.436351465616711,0.9095765790218917,0.9280471101068776,0.8918269230769231,0.3776978417266187,928242,71968,112590,43680,71968,0.9586710565045966,0.9587231222538848
0.4363194187835857,0.9093912292097119,0.9276612840361933,0.8918269230769231,0.37410071942446044,928242,72384,112590,43264,72384,0.9586710565045966,0.9587231222538848
0.43587412805972015,0.9092059549218022,0.9272757786386585,0.8918269230769231,0.37050359712230213,928242,72800,112590,42848,72800,0.9586710565045966,0.9587231222538848
0.4347535574697754,0.9090207561120115,0.9268905935146556,0.8918269230769231,0.3669064748201439,928242,73216,112590,42432,73216,0.9586710565045966,0.9587231222538848
0.43450755061246027,0.9088356327342261,0.9265057282652309,0.8918269230769231,0.36330935251798563,928242,73632,112590,42016,73632,0.9586710565045966,0.9587231222538848
0.43339755984044726,0.9086505847423698,0.9261211824920931,0.8918269230769231,0.3597122302158273,928242,74048,112590,41600,74048,0.9586710565045966,0.9587231222538848
0.43278160946619315,0.9093184071595546,0.9262132787798406,0.8930288461538461,0.3597122302158273,929493,74048,111339,41600,74048,0.9586710565045966,0.9587231222538848
0.4323569629999379,0.909985412764027,0.9263051457416063,0.8942307692307693,0.3597122302158273,930744,74048,110088,41600,74048,0.9586710565045966,0.9587231222538848
0.4320414894629778,0.9098003949091904,0.925921799269405,0.8942307692307693,0.35611510791366907,930744,74464,110088,41184,74464,0.9586710565045966,0.9587231222538848
0.4315338940609662,0.9104665628872496,0.92601387637251,0.8954326923076923,0.35611510791366907,931995,74464,108837,41184,74464,0.9586710565045966,0.9587231222538848
0.4302545915617047,0.9111319172367469,0.9261057248613193,0.8966346153846154,0.35611510791366907,933246,74464,107586,41184,74464,0.9586710565045966,0.9587231222538848
0.42994983798881137,0.9117964594473685,0.926197345586202,0.8978365384615384,0.35611510791366907,934497,74464,106335,41184,74464,0.9586710565045966,0.9587231222538848
0.4298589429137524,0.9124601910051662,0.9262887393933155,0.8990384615384616,0.35611510791366907,935748,74464,105084,41184,74464,0.9586710565045966,0.9587231222538848
0.4292169777311742,0.9122751601298588,0.925907455562284,0.8990384615384616,0.35251798561151076,935748,74880,105084,40768,74880,0.9586710565045966,0.9587231222538848
0.4287258596775026,0.9129380609350269,0.9259990571995268,0.9002403846153846,0.35251798561151076,936999,74880,103833,40768,74880,0.9586710565045966,0.9587231222538848
0.42699495363674,0.912753083467316,0.9256185202929976,0.9002403846153846,0.3489208633093525,936999,75296,103833,40352,75296,0.9586710565045966,0.9587231222538848
0.4267987134510616,0.9125681809438614,0.9252382960192987,0.9002403846153846,0.34532374100719426,936999,75712,103833,39936,75712,0.9586710565045966,0.9587231222538848
0.4255743068425009,0.9132302313516586,0.9253305350693616,0.9014423076923077,0.34532374100719426,938250,75712,102582,39936,75712,0.9586710565045966,0.9587231222538848
0.4252341789836036,0.9130453822237143,0.9249510537491941,0.9014423076923077,0.34172661870503596,938250,76128,102582,39520,76128,0.9586710565045966,0.9587231222538848
0.42490939395513583,0.9128606079121396,0.9245718835546919,0.9014423076923077,0.3381294964028777,938250,76544,102582,39104,76544,0.9586710565045966,0.9587231222538848
0.4243530951390999,0.9135218100061404,0.9246647540217214,0.9026442307692307,0.3381294964028777,939501,76544,101331,39104,76544,0.9586710565045966,0.9587231222538848
0.42417469071144503,0.9141822082980262,0.9247573960774446,0.9038461538461539,0.3381294964028777,940752,76544,100080,39104,76544,0.9586710565045966,0.9587231222538848
0.4240196064537637,0.913997466170264,0.9243793922052604,0.9038461538461539,0.3345323741007194,940752,76960,100080,38688,76960,0.9586710565045966,0.9587231222538848
0.4238684904135727,0.9146570411133147,0.924472233044772,0.9050480769230769,0.3345323741007194,942003,76960,98829,38688,76960,0.9586710565045966,0.9587231222538848
0.42375768810210734,0.914472352589128,0.924094963698487,0.9050480769230769,0.33093525179856115,942003,77376,98829,38272,77376,0.9586710565045966,0.9587231222538848
0.42351771423984136,0.9151311059820652,0.9241880015284677,0.90625,0.33093525179856115,943254,77376,97578,38272,77376,0.9586710565045966,0.9587231222538848
0.42322205852210804,0.9157890603297696,0.9242808115622073,0.9074519230769231,0.33093525179856115,944505,77376,96327,38272,77376,0.9586710565045966,0.9587231222538848
0.4223500041208649,0.9164462170851817,0.9243733946352963,0.9086538461538461,0.33093525179856115,945756,77376,95076,38272,77376,0.9586710565045966,0.9587231222538848
0.4223497086690735,0.9171025776977215,0.9244657515792433,0.9098557692307693,0.33093525179856115,947007,77376,93825,38272,77376,0.9586710565045966,0.9587231222538848
0.42226835237525384,0.9177581436132992,0.9245578832215001,0.9110576923076923,0.33093525179856115,948258,77376,92574,38272,77376,0.9586710565045966,0.9587231222538848
0.4218894109291429,0.9184129162743258,0.9246497903854862,0.9122596153846154,0.33093525179856115,949509,77376,91323,38272,77376,0.9586710565045966,0.9587231222538848
0.42152210687098823,0.9190668971197234,0.9247414738906137,0.9134615384615384,0.33093525179856115,950760,77376,90072,38272,77376,0.9586710565045966,0.9587231222538848
0.42143525108601554,0.9188821407723264,0.9243674602742497,0.9134615384615384,0.3273381294964029,950760,77792,90072,37856,77792,0.9586710565045966,0.9587231222538848
0.4206236386462119,0.9186974586916611,0.9239937490767448,0.9134615384615384,0.3237410071942446,950760,78208,90072,37440,78208,0.9586710565045966,0.9587231222538848
0.4197480130662278,0.9193506099077232,0.9240860438411639,0.9146634615384616,0.3237410071942446,952011,78208,88821,37440,78208,0.9586710565045966,0.9587231222538848
0.41945503944083384,0.9191659823690167,0.9237130506920491,0.9146634615384616,0.32014388489208634,952011,78624,88821,37024,78624,0.9586710565045966,0.9587231222538848
0.4187764333795655,0.9198183255030351,0.9238055366581193,0.9158653846153846,0.32014388489208634,953262,78624,87570,37024,78624,0.9586710565045966,0.9587231222538848
0.41849178325855485,0.9196337525697809,0.9234332588719193,0.9158653846153846,0.31654676258992803,953262,79040,87570,36608,79040,0.9586710565045966,0.9587231222538848
0.4172248368403776,0.9202852893749232,0.9235259343255741,0.9170673076923077,0.31654676258992803,954513,79040,86319,36608,79040,0.9586710565045966,0.9587231222538848
0.41711706134950494,0.9209360408086967,0.9236183857039594,0.9182692307692307,0.31654676258992803,955764,79040,85068,36608,79040,0.9586710565045966,0.9587231222538848
0.4168372902260725,0.9207515033342132,0.9232472324723248,0.9182692307692307,0.3129496402877698,955764,79456,85068,36192,79456,0.9586710565045966,0.9587231222538848
0.4167879609453201,0.9214014517862825,0.9233398715448864,0.9194711538461539,0.3129496402877698,957015,79456,83817,36192,79456,0.9586710565045966,0.9587231222538848
0.41652769166037484,0.9220506178814695,0.9234322872599791,0.9206730769230769,0.3129496402877698,958266,79456,82566,36192,79456,0.9586710565045966,0.9587231222538848
0.4165194506202067,0.9226990030315342,0.9235244804244191,0.921875,0.3129496402877698,959517,79456,81315,36192,79456,0.9586710565045966,0.9587231222538848
0.4164563100515888,0.9233466086448419,0.9236164518411419,0.9230769230769231,0.3129496402877698,960768,79456,80064,36192,79456,0.9586710565045966,0.9587231222538848
0.4160908471565981,0.9231620699197491,0.9232472324723248,0.9230769230769231,0.30935251798561153,960768,79872,80064,35776,79872,0.9586710565045966,0.9587231222538848
0.41412095013840394,0.9238088790492063,0.9233393896290495,0.9242788461538461,0.30935251798561153,962019,79872,78813,35776,79872,0.9586710565045966,0.9587231222538848
0.41341058130882613,0.9244549116255769,0.9234313257447212,0.9254807692307693,0.30935251798561153,963270,79872,77562,35776,79872,0.9586710565045966,0.9587231222538848
0.4133217363625306,0.9251001690465058,0.9235230416136454,0.9266826923076923,0.30935251798561153,964521,79872,76311,35776,79872,0.9586710565045966,0.9587231222538848
0.41218001580621566,0.9249156494334356,0.9231553326971724,0.9266826923076923,0.3057553956834532,964521,80288,76311,35360,80288,0.9586710565045966,0.9587231222538848
0.4113390797597798,0.9255601152335626,0.9232472324723248,0.9278846153846154,0.3057553956834532,965772,80288,75060,35360,80288,0.9586710565045966,0.9587231222538848
0.4108081741668558,0.9253756513173906,0.9228802189443427,0.9278846153846154,0.302158273381295,965772,80704,75060,34944,80704,0.9586710565045966,0.9587231222538848
0.41029042745391514,0.9260193272011947,0.9229723009906207,0.9290865384615384,0.302158273381295,967023,80704,73809,34944,80704,0.9586710565045966,0.9587231222538848
0.41019033100639624,0.9266622324517539,0.9230641634047616,0.9302884615384616,0.302158273381295,968274,80704,72558,34944,80704,0.9586710565045966,0.9587231222538848
0.41014738915067117,0.926477806706069,0.9226982429859519,0.9302884615384616,0.29856115107913667,968274,81120,72558,34528,81120,0.9586710565045966,0.9587231222538848
0.4087498120887879,0.9271199252968118,0.9227902859671916,0.9314903846153846,0.29856115107913667,969525,81120,71307,34528,81120,0.9586710565045966,0.9587231222538848
0.408695720159181,0.9269355554992535,0.9224250543022717,0.9314903846153846,0.2949640287769784,969525,81536,71307,34112,81536,0.9586710565045966,0.9587231222538848
0.40835425576108886,0.9267512590157573,0.9220601116334451,0.9314903846153846,0.29136690647482016,969525,81952,71307,33696,81952,0.9586710565045966,0.9587231222538848
0.4081359256764253,0.9273925753262385,0.9221527308098578,0.9326923076923077,0.29136690647482016,970776,81952,70056,33696,81952,0.9586710565045966,0.9587231222538848
0.40812151119635465,0.9280331256614559,0.9222451301211884,0.9338942307692307,0.29136690647482016,972027,81952,68805,33696,81952,0.9586710565045966,0.9587231222538848
0.407927054833954,0.9278488679269598,0.9218812684051043,0.9338942307692307,0.28776978417266186,972027,82368,68805,33280,82368,0.9586710565045966,0.9587231222538848
0.407824377257223,0.9276646833453981,0.9215176936910973,0.9338942307692307,0.2841726618705036,972027,82784,68805,32864,82784,0.9586710565045966,0.9587231222538848
0.40671943351761625,0.9283044350358196,0.9216106630103157,0.9350961538461539,0.2841726618705036,973278,82784,67554,32864,82784,0.9586710565045966,0.9587231222538848
0.40454706653945727,0.9289434238339104,0.9217034123291779,0.9362980769230769,0.2841726618705036,974529,82784,66303,32864,82784,0.9586710565045966,0.9587231222538848
0.4041169780402558,0.9287592783817101,0.9213409105735023,0.9362980769230769,0.2805755395683453,974529,83200,66303,32448,83200,0.9586710565045966,0.9587231222538848
0.4039723603800911,0.9285752059217419,0.9209786938463065,0.9362980769230769,0.27697841726618705,974529,83616,66303,32032,83616,0.9586710565045966,0.9587231222538848
0.40362569068644427,0.9292133996880338,0.9210720070681785,0.9375,0.27697841726618705,975780,83616,65052,32032,83616,0.9586710565045966,0.9587231222538848
0.4032798157844297,0.929850833627174,0.9211651001699905,0.9387019230769231,0.27697841726618705,977031,83616,63801,32032,83616,0.9586710565045966,0.9587231222538848
0.40277374501475355,0.930487509095319,0.9212579739296994,0.9399038461538461,0.27697841726618705,978282,83616,62550,32032,83616,0.9586710565045966,0.9587231222538848
0.4022677183535896,0.9311234274453999,0.9213506291216,0.9411057692307693,0.27697841726618705,979533,83616,61299,32032,83616,0.9586710565045966,0.9587231222538848
0.40201690452559835,0.9309393617268985,0.9209902544743387,0.9411057692307693,0.2733812949640288,979533,84032,61299,31616,84032,0.9586710565045966,0.9587231222538848
0.4009909252371541,0.9307553687667266,0.920630161628826,0.9411057692307693,0.2697841726618705,979533,84448,61299,31200,84448,0.9586710565045966,0.9587231222538848
0.40049195106099594,0.9313904990541598,0.9207233729365998,0.9423076923076923,0.2697841726618705,980784,84448,60048,31200,84448,0.9586710565045966,0.9587231222538848
0.3993378495287163,0.9320248752559537,0.9208163655679462,0.9435096153846154,0.2697841726618705,982035,84448,58797,31200,84448,0.9586710565045966,0.9587231222538848
0.3989982794892635,0.9326584987142921,0.9209091402914958,0.9447115384615384,0.2697841726618705,983286,84448,57546,31200,84448,0.9586710565045966,0.9587231222538848
0.39825720418051347,0.9324745303658353,0.9205504844825165,0.9447115384615384,0.26618705035971224,983286,84864,57546,30784,84864,0.9586710565045966,0.9587231222538848
0.39797339267668297,0.9322906345791548,0.920192107927821,0.9447115384615384,0.26258992805755393,983286,85280,57546,30368,85280,0.9586710565045966,0.9587231222538848
0.39788855472074336,0.9321068113113289,0.9198340103013896,0.9447115384615384,0.2589928057553957,983286,85696,57546,29952,85696,0.9586710565045966,0.9587231222538848
0.3974439843841022,0.9319230605194695,0.9194761912777095,0.9447115384615384,0.25539568345323743,983286,86112,57546,29536,86112,0.9586710565045966,0.9587231222538848
0.39579024935674184,0.9317393821607224,0.9191186505317747,0.9447115384615384,0.2517985611510791,983286,86528,57546,29120,86528,0.9586710565045966,0.9587231222538848
0.39574699237538286,0.9323721753475667,0.9192131196519352,0.9459134615384616,0.2517985611510791,984537,86528,56295,29120,86528,0.9586710565045966,0.9587231222538848
0.3946527780114176,0.932188553495623,0.9188562373014547,0.9459134615384616,0.24820143884892087,984537,86944,56295,28704,86944,0.9586710565045966,0.9587231222538848
0.392773640982055,0.932005003954601,0.9184996319609067,0.9459134615384616,0.2446043165467626,984537,87360,56295,28288,87360,0.9586710565045966,0.9587231222538848
0.39264858770632455,0.9326370164334573,0.9185946393228147,0.9471153846153846,0.2446043165467626,985788,87360,55044,28288,87360,0.9586710565045966,0.9587231222538848
0.3916363284232334,0.9324535233702674,0.9182386890767574,0.9471153846153846,0.24100719424460432,985788,87776,55044,27872,87776,0.9586710565045966,0.9587231222538848
0.3905272390843886,0.9322701024961084,0.9178830145812771,0.9471153846153846,0.23741007194244604,985788,88192,55044,27456,88192,0.9586710565045966,0.9587231222538848
0.39004956827055803,0.9329013361133388,0.9179785553057901,0.9483173076923077,0.23741007194244604,987039,88192,53793,27456,88192,0.9586710565045966,0.9587231222538848
0.3899075076537394,0.9327179716878835,0.9176235326273396,0.9483173076923077,0.23381294964028776,987039,88608,53793,27040,88608,0.9586710565045966,0.9587231222538848
0.38876356466656603,0.9333484438526157,0.9177192268905691,0.9495192307692307,0.23381294964028776,988290,88608,52542,27040,88608,0.9586710565045966,0.9587231222538848
0.38776524144671143,0.9331651359254745,0.9173648537009637,0.9495192307692307,0.2302158273381295,988290,89024,52542,26624,89024,0.9586710565045966,0.9587231222538848
0.3877193235444301,0.9329818999868779,0.9170107540849749,0.9495192307692307,0.22661870503597123,988290,89440,52542,26208,89440,0.9586710565045966,0.9587231222538848
0.3853438390344537,0.9327987359944275,0.9166569277259295,0.9495192307692307,0.22302158273381295,988290,89856,52542,25792,89856,0.9586710565045966,0.9587231222538848
0.3850677063971102,0.932615643905758,0.916303374307643,0.9495192307692307,0.21942446043165467,988290,90272,52542,25376,90272,0.9586710565045966,0.9587231222538848
0.38474060499002033,0.9324326236785372,0.9159500935144183,0.9495192307692307,0.2158273381294964,988290,90688,52542,24960,90688,0.9586710565045966,0.9587231222538848
0.38453850343585033,0.9330622740222936,0.9160474306836791,0.9507211538461539,0.2158273381294964,989541,90688,51291,24960,90688,0.9586710565045966,0.9587231222538848
0.38386468530431495,0.9336911820693659,0.9161445426637571,0.9519230769230769,0.2158273381294964,990792,90688,50040,24960,90688,0.9586710565045966,0.9587231222538848
0.38347058827233826,0.9343193491316245,0.9162414302352108,0.953125,0.2158273381294964,992043,90688,48789,24960,90688,0.9586710565045966,0.9587231222538848
0.38203170733864095,0.9349467765178505,0.9163380941749956,0.9543269230769231,0.2158273381294964,993294,90688,47538,24960,90688,0.9586710565045966,0.9587231222538848
0.38173825507240045,0.9347637667452464,0.9159865658180852,0.9543269230769231,0.21223021582733814,993294,91104,47538,24544,91104,0.9586710565045966,0.9587231222538848
0.3811424367034627,0.9353904408268873,0.9160833750134713,0.9555288461538461,0.21223021582733814,994545,91104,46287,24544,91104,0.9586710565045966,0.9587231222538848
0.3810581057749305,0.9360163780024928,0.9161799613579906,0.9567307692307693,0.21223021582733814,995796,91104,45036,24544,91104,0.9586710565045966,0.9587231222538848
0.3805420171147861,0.936641579571091,0.9162763256202494,0.9579326923076923,0.21223021582733814,997047,91104,43785,24544,91104,0.9586710565045966,0.9587231222538848
0.37973856843852916,0.9372660468286582,0.916372468565323,0.9591346153846154,0.21223021582733814,998298,91104,42534,24544,91104,0.9586710565045966,0.9587231222538848
0.3797220060124695,0.9370830497735433,0.9160226753457917,0.9591346153846154,0.20863309352517986,998298,91520,42534,24128,91520,0.9586710565045966,0.9587231222538848
0.3787495052144548,0.9377067696858343,0.9161189622287866,0.9603365384615384,0.20863309352517986,999549,91520,41283,24128,91520,0.9586710565045966,0.9587231222538848
0.3783866560598098,0.9383297580294325,0.9162150285630585,0.9615384615384616,0.20863309352517986,1000800,91520,40032,24128,91520,0.9586710565045966,0.9587231222538848
0.3783239528867902,0.938952016090682,0.916310875105503,0.9627403846153846,0.20863309352517986,1002051,91520,38781,24128,91520,0.9586710565045966,0.9587231222538848
0.377932635308187,0.9387690478677584,0.91596243831051,0.9627403846153846,0.20503597122302158,1002051,91936,38781,23712,91936,0.9586710565045966,0.9587231222538848
0.3778440083065353,0.939390563043346,0.9160584274833415,0.9639423076923077,0.20503597122302158,1003302,91936,37530,23712,91936,0.9586710565045966,0.9587231222538848
0.3755490689681249,0.9392076521914957,0.9157106166727818,0.9639423076923077,0.2014388489208633,1003302,92352,37530,23296,92352,0.9586710565045966,0.9587231222538848
0.37490731417156653,0.9398284260411828,0.9158067471658895,0.9651442307692307,0.2014388489208633,1004553,92352,36279,23296,92352,0.9586710565045966,0.9587231222538848
0.3745235365461381,0.9396455726040185,0.9154595601469396,0.9651442307692307,0.19784172661870503,1004553,92768,36279,22880,92768,0.9586710565045966,0.9587231222538848
0.37416280689680614,0.9402656066829828,0.9155558306601661,0.9663461538461539,0.19784172661870503,1005804,92768,35028,22880,92768,0.9586710565045966,0.9587231222538848
0.37413963565411934,0.940082810703704,0.915209265251304,0.9663461538461539,0.19424460431654678,1005804,93184,35028,22464,93184,0.9586710565045966,0.9587231222538848
0.3737986382260431,0.9407021065625568,0.9153056744943598,0.9675480769230769,0.19424460431654678,1007055,93184,33777,22464,93184,0.9586710565045966,0.9587231222538848
0.37329275364851733,0.9405193680839529,0.9149597285252872,0.9675480769230769,0.1906474820143885,1007055,93600,33777,22048,93600,0.9586710565045966,0.9587231222538848
0.3724423309806997,0.9403367005882153,0.9146140439626509,0.9675480769230769,0.18705035971223022,1007055,94016,33777,21632,94016,0.9586710565045966,0.9587231222538848
0.3711614809559157,0.9409552463332079,0.9147109465292356,0.96875,0.18705035971223022,1008306,94016,32526,21632,94016,0.9586710565045966,0.9587231222538848
0.3699114772666203,0.9407726363029899,0.9143658783863438,0.96875,0.18345323741007194,1008306,94432,32526,21216,94432,0.9586710565045966,0.9587231222538848
0.3696726633589432,0.9405900971368283,0.9140210704942374,0.96875,0.17985611510791366,1008306,94848,32526,20800,94848,0.9586710565045966,0.9587231222538848
0.3688881761473578,0.9412078945123545,0.9141184619772638,0.9699519230769231,0.17985611510791366,1009557,94848,31275,20800,94848,0.9586710565045966,0.9587231222538848
0.36832235432055294,0.9418249717678365,0.9142156330721309,0.9711538461538461,0.17985611510791366,1010808,94848,30024,20800,94848,0.9586710565045966,0.9587231222538848
0.3680016640672066,0.9424413301616258,0.9143125845260713,0.9723557692307693,0.17985611510791366,1012059,94848,28773,20800,94848,0.9586710565045966,0.9587231222538848
0.36777491917093685,0.9430569709491435,0.914409317082943,0.9735576923076923,0.17985611510791366,1013310,94848,27522,20800,94848,0.9586710565045966,0.9587231222538848
0.36578342568960764,0.9428744499643157,0.9140661787124721,0.9735576923076923,0.17625899280575538,1013310,95264,27522,20384,95264,0.9586710565045966,0.9587231222538848
0.3652668609744206,0.9434893616229831,0.9141630437231095,0.9747596153846154,0.17625899280575538,1014561,95264,26271,20384,95264,0.9586710565045966,0.9587231222538848
0.36448657679271723,0.9433068984641618,0.9138205128436079,0.9747596153846154,0.17266187050359713,1014561,95680,26271,19968,95680,0.9586710565045966,0.9587231222538848
0.364095635250629,0.9439210825135993,0.913917509077888,0.9759615384615384,0.17266187050359713,1015812,95680,25020,19968,95680,0.9586710565045966,0.9587231222538848
0.361802658728403,0.9437386772206583,0.9135755835914482,0.9759615384615384,0.16906474820143885,1015812,96096,25020,19552,96096,0.9586710565045966,0.9587231222538848
0.3616165541431955,0.9443521351760523,0.9136727098285151,0.9771634615384616,0.16906474820143885,1017063,96096,23769,19552,96096,0.9586710565045966,0.9587231222538848
0.36114509288074725,0.9441697877884726,0.9133313876478908,0.9771634615384616,0.16546762589928057,1017063,96512,23769,19136,96512,0.9586710565045966,0.9587231222538848
0.36113911858748715,0.9439875108071522,0.9129903203885849,0.9771634615384616,0.1618705035971223,1017063,96928,23769,18720,96928,0.9586710565045966,0.9587231222538848
0.36047549617827057,0.9438053041913217,0.9126495077651163,0.9771634615384616,0.15827338129496402,1017063,97344,23769,18304,97344,0.9586710565045966,0.9587231222538848
0.35941022761314495,0.9444180126038145,0.9127474548652006,0.9783653846153846,0.15827338129496402,1018314,97344,22518,18304,97344,0.9586710565045966,0.9587231222538848
0.3589873060775991,0.9442358637789501,0.9124072418137149,0.9783653846153846,0.15467625899280577,1018314,97760,22518,17888,97760,0.9586710565045966,0.9587231222538848
0.35846706142005635,0.9448478493455296,0.9125053140312801,0.9795673076923077,0.15467625899280577,1019565,97760,21267,17888,97760,0.9586710565045966,0.9587231222538848
0.3580736025695185,0.9446657583505399,0.9121656984936581,0.9795673076923077,0.1510791366906475,1019565,98176,21267,17472,98176,0.9586710565045966,0.9587231222538848
0.35746452635567566,0.9444837375271481,0.9118263356576939,0.9795673076923077,0.1474820143884892,1019565,98592,21267,17056,98592,0.9586710565045966,0.9587231222538848
0.355177997629176,0.9450949894456172,0.9119248745765619,0.9807692307692307,0.1474820143884892,1020816,98592,20016,17056,98592,0.9586710565045966,0.9587231222538848
0.3538240257556373,0.9457055338190166,0.9120231934959698,0.9819711538461539,0.1474820143884892,1022067,98592,18765,17056,98592,0.9586710565045966,0.9587231222538848
0.3533335578569574,0.9463153718751474,0.9121212931518571,0.9831730769230769,0.1474820143884892,1023318,98592,17514,17056,98592,0.9586710565045966,0.9587231222538848
0.3504299302969677,0.9461333846163803,0.9117832073746843,0.9831730769230769,0.14388489208633093,1023318,99008,17514,16640,99008,0.9586710565045966,0.9587231222538848
0.34921352213815304,0.94674250569093,0.9118814286871305,0.984375,0.14388489208633093,1024569,99008,16263,16640,99008,0.9586710565045966,0.9587231222538848
0.3465229608573559,0.9465605764900165,0.9115439331027863,0.984375,0.14028776978417265,1024569,99424,16263,16224,99424,0.9586710565045966,0.9587231222538848
0.34594486782187184,0.9463787171959149,0.9112066872463668,0.984375,0.1366906474820144,1024569,99840,16263,15808,99840,0.9586710565045966,0.9587231222538848
0.3457864337587685,0.9461969277683401,0.9108696908407975,0.984375,0.13309352517985612,1024569,100256,16263,15392,100256,0.9586710565045966,0.9587231222538848
0.3457754084195852,0.9460152081670378,0.9105329436094135,0.984375,0.12949640287769784,1024569,100672,16263,14976,100672,0.9586710565045966,0.9587231222538848
0.34550957195853993,0.9458335583517848,0.9101964452759589,0.984375,0.12589928057553956,1024569,101088,16263,14560,101088,0.9586710565045966,0.9587231222538848
0.3449611923292769,0.9456519782823889,0.909860195564586,0.984375,0.1223021582733813,1024569,101504,16263,14144,101504,0.9586710565045966,0.9587231222538848
0.344198578015268,0.9454704679186886,0.9095241941998546,0.984375,0.11870503597122302,1024569,101920,16263,13728,101920,0.9586710565045966,0.9587231222538848
0.3430185818686804,0.9452890272205531,0.9091884409067312,0.984375,0.11510791366906475,1024569,102336,16263,13312,102336,0.9586710565045966,0.9587231222538848
0.3415613538222564,0.9451076561478825,0.9088529354105884,0.984375,0.11151079136690648,1024569,102752,16263,12896,102752,0.9586710565045966,0.9587231222538848
0.3410870452629585,0.944926354660608,0.9085176774372039,0.984375,0.1079136690647482,1024569,103168,16263,12480,103168,0.9586710565045966,0.9587231222538848
0.3387757486071142,0.944745122718691,0.9081826667127597,0.984375,0.10431654676258993,1024569,103584,16263,12064,103584,0.9586710565045966,0.9587231222538848
0.33795935558132395,0.944563960282124,0.9078479029638418,0.984375,0.10071942446043165,1024569,104000,16263,11648,104000,0.9586710565045966,0.9587231222538848
0.33688990946900327,0.9443828673109299,0.9075133859174391,0.984375,0.09712230215827339,1024569,104416,16263,11232,104416,0.9586710565045966,0.9587231222538848
0.3365944496624419,0.9442018437651626,0.9071791153009428,0.984375,0.09352517985611511,1024569,104832,16263,10816,104832,0.9586710565045966,0.9587231222538848
0.33554282997897666,0.9440208896049062,0.9068450908421453,0.984375,0.08992805755395683,1024569,105248,16263,10400,105248,0.9586710565045966,0.9587231222538848
0.33430899521263135,0.9446291265712049,0.906948123366588,0.9855769230769231,0.08992805755395683,1025820,105248,15012,10400,105248,0.9586710565045966,0.9587231222538848
0.33339957936480547,0.9444482294472811,0.9066146759476935,0.9855769230769231,0.08633093525179857,1025820,105664,15012,9984,105664,0.9586710565045966,0.9587231222538848
0.3331131548711343,0.944267401593938,0.9062814736284124,0.9855769230769231,0.08273381294964029,1025820,106080,15012,9568,106080,0.9586710565045966,0.9587231222538848
0.33132633053823224,0.9440866429713944,0.9059485161386044,0.9855769230769231,0.07913669064748201,1025820,106496,15012,9152,106496,0.9586710565045966,0.9587231222538848
0.3305271461748006,0.9446941430712579,0.9060523109794127,0.9867788461538461,0.07913669064748201,1027071,106496,13761,9152,106496,0.9586710565045966,0.9587231222538848
0.3300348659996046,0.9453009445453083,0.9061558769776299,0.9879807692307693,0.07913669064748201,1028322,106496,12510,9152,106496,0.9586710565045966,0.9587231222538848
0.3276316796976708,0.945907048597984,0.9062592148892364,0.9891826923076923,0.07913669064748201,1029573,106496,11259,9152,106496,0.9586710565045966,0.9587231222538848
0.3245844796684057,0.9457263228092189,0.9059274869443943,0.9891826923076923,0.07553956834532374,1029573,106912,11259,8736,106912,0.9586710565045966,0.9587231222538848
0.32292006979384047,0.9463317188171313,0.9060309245730117,0.9903846153846154,0.07553956834532374,1030824,106912,10008,8736,106912,0.9586710565045966,0.9587231222538848
0.32275748906887247,0.9461510502142283,0.90569976593636,0.9903846153846154,0.07194244604316546,1030824,107328,10008,8320,107328,0.9586710565045966,0.9587231222538848
0.32246625294193376,0.9459704505827292,0.9053688492913906,0.9903846153846154,0.0683453237410072,1030824,107744,10008,7904,107744,0.9586710565045966,0.9587231222538848
0.3217946331332443,0.9457899198831461,0.90503817437295,0.9903846153846154,0.06474820143884892,1030824,108160,10008,7488,108160,0.9586710565045966,0.9587231222538848
0.3202454112617354,0.9456094580760213,0.9047077409162717,0.9903846153846154,0.06115107913669065,1030824,108576,10008,7072,108576,0.9586710565045966,0.9587231222538848
0.3174523357451092,0.945429065121927,0.9043775486569762,0.9903846153846154,0.05755395683453238,1030824,108992,10008,6656,108992,0.9586710565045966,0.9587231222538848
0.31602686552746956,0.9452487409814659,0.9040475973310694,0.9903846153846154,0.0539568345323741,1030824,109408,10008,6240,109408,0.9586710565045966,0.9587231222538848
0.31465317696824663,0.9450684856152703,0.9037178866749427,0.9903846153846154,0.050359712230215826,1030824,109824,10008,5824,109824,0.9586710565045966,0.9587231222538848
0.3143442710032276,0.9456731040151076,0.9038233679160766,0.9915865384615384,0.050359712230215826,1032075,109824,8757,5824,109824,0.9586710565045966,0.9587231222538848
0.3141848478812372,0.9454929054250584,0.9034942200706461,0.9915865384615384,0.046762589928057555,1032075,110240,8757,5408,110240,0.9586710565045966,0.9587231222538848
0.3126071879345552,0.9453127754958295,0.9031653118712978,0.9915865384615384,0.04316546762589928,1032075,110656,8757,4992,110656,0.9586710565045966,0.9587231222538848
0.3119279375861832,0.9451327141881859,0.9028366430564048,0.9915865384615384,0.039568345323741004,1032075,111072,8757,4576,111072,0.9586710565045966,0.9587231222538848
0.31145749004677487,0.9449527214629222,0.9025082133647206,0.9915865384615384,0.03597122302158273,1032075,111488,8757,4160,111488,0.9586710565045966,0.9587231222538848
0.3091544481035433,0.9447727972808632,0.9021800225353787,0.9915865384615384,0.03237410071942446,1032075,111904,8757,3744,111904,0.9586710565045966,0.9587231222538848
0.30813379069792046,0.9445929416028632,0.9018520703078919,0.9915865384615384,0.02877697841726619,1032075,112320,8757,3328,112320,0.9586710565045966,0.9587231222538848
0.3076147606367985,0.9444131543898066,0.9015243564221518,0.9915865384615384,0.025179856115107913,1032075,112736,8757,2912,112736,0.9586710565045966,0.9587231222538848
0.30396162098912727,0.9442334356026072,0.9011968806184276,0.9915865384615384,0.02158273381294964,1032075,113152,8757,2496,113152,0.9586710565045966,0.9587231222538848
0.3034030651743067,0.9440537852022091,0.9008696426373661,0.9915865384615384,0.017985611510791366,1032075,113568,8757,2080,113568,0.9586710565045966,0.9587231222538848
0.3031108646980121,0.9438742031495854,0.9005426422199905,0.9915865384615384,0.014388489208633094,1032075,113984,8757,1664,113984,0.9586710565045966,0.9587231222538848
0.3015243875860055,0.9444780091968437,0.9006510881976101,0.9927884615384616,0.014388489208633094,1033326,113984,7506,1664,113984,0.9586710565045966,0.9587231222538848
0.3004303199965678,0.9450811252251194,0.9007592979388992,0.9939903846153846,0.014388489208633094,1034577,113984,6255,1664,113984,0.9586710565045966,0.9587231222538848
0.29926847105136145,0.9456835524165497,0.900867272214936,0.9951923076923077,0.014388489208633094,1035828,113984,5004,1664,113984,0.9586710565045966,0.9587231222538848
0.2962965336229523,0.9455040026288646,0.9005414578674836,0.9951923076923077,0.01079136690647482,1035828,114400,5004,1248,114400,0.9586710565045966,0.9587231222538848
0.28736211175585546,0.9461057304369681,0.900649512496537,0.9963942307692307,0.01079136690647482,1037079,114400,3753,1248,114400,0.9586710565045966,0.9587231222538848
0.27857301835529436,0.9459262370555022,0.9003242483038819,0.9963942307692307,0.007194244604316547,1037079,114816,3753,832,114816,0.9586710565045966,0.9587231222538848
0.26920713611258223,0.9465272669096956,0.9004323823696219,0.9975961538461539,0.007194244604316547,1038330,114816,2502,832,114816,0.9586710565045966,0.9587231222538848
0.2654339992832298,0.9471276117434673,0.9005402820693401,0.9987980769230769,0.007194244604316547,1039581,114816,1251,832,114816,0.9586710565045966,0.9587231222538848
0.23771079979447596,0.9477272727272728,0.9006479481641468,1.0,0.007194244604316547,1040832,114816,0,832,114816,0.9586710565045966,0.9587231222538848
0.22468420163572733,0.9475478129142207,0.9003238575026988,1.0,0.0035971223021582736,1040832,115232,0,416,115232,0.9586710565045966,0.9587231222538848
0.21915330351144197,0.9473684210526315,0.9,1.0,0.0,1040832,115648,0,0,115648,0.9586710565045966,0.9587231222538848
