threshold,f1,precision,recall,tnr,tp,fp,fn,tn_unknown,fp_unknown,auc_pr_trapezoid,ap_pr_step
0.9937305085899049,0.0,,0.0,1.0,0,0,346944,115648,0,0.9907821393343776,0.9907872805455662
0.9937305085899047,0.0024009603841536613,1.0,0.001201923076923077,1.0,417,0,346527,115648,0,0.9907821393343776,0.9907872805455662
0.9923632510373781,0.004796163069544364,1.0,0.002403846153846154,1.0,834,0,346110,115648,0,0.9907821393343776,0.9907872805455662
0.9910694335090667,0.00718562874251497,1.0,0.003605769230769231,1.0,1251,0,345693,115648,0,0.9907821393343776,0.9907872805455662
0.9902003219656318,0.009569377990430622,1.0,0.004807692307692308,1.0,1668,0,345276,115648,0,0.9907821393343776,0.9907872805455662
0.9901603237315614,0.011947431302270013,1.0,0.006009615384615385,1.0,2085,0,344859,115648,0,0.9907821393343776,0.9907872805455662
0.9899389653955575,0.014319809069212411,1.0,0.007211538461538462,1.0,2502,0,344442,115648,0,0.9907821393343776,0.9907872805455662
0.9898517056343388,0.0166865315852205,1.0,0.008413461538461538,1.0,2919,0,344025,115648,0,0.9907821393343776,0.9907872805455662
0.9898152601779763,0.01904761904761905,1.0,0.009615384615384616,1.0,3336,0,343608,115648,0,0.9907821393343776,0.9907872805455662
0.9894414432582389,0.02140309155766944,1.0,0.010817307692307692,1.0,3753,0,343191,115648,0,0.9907821393343776,0.9907872805455662
0.9889369087391123,0.023752969121140142,1.0,0.01201923076923077,1.0,4170,0,342774,115648,0,0.9907821393343776,0.9907872805455662
0.9888915652167614,0.02609727164887307,1.0,0.013221153846153846,1.0,4587,0,342357,115648,0,0.9907821393343776,0.9907872805455662
0.9879799199473367,0.02843601895734597,1.0,0.014423076923076924,1.0,5004,0,341940,115648,0,0.9907821393343776,0.9907872805455662
0.9879680005728431,0.03076923076923077,1.0,0.015625,1.0,5421,0,341523,115648,0,0.9907821393343776,0.9907872805455662
0.9879092373647259,0.03309692671394799,1.0,0.016826923076923076,1.0,5838,0,341106,115648,0,0.9907821393343776,0.9907872805455662
0.9877905455759708,0.03541912632821724,1.0,0.018028846153846152,1.0,6255,0,340689,115648,0,0.9907821393343776,0.9907872805455662
0.9871871033951956,0.03773584905660377,1.0,0.019230769230769232,1.0,6672,0,340272,115648,0,0.9907821393343776,0.9907872805455662
0.9867970884289798,0.04004711425206125,1.0,0.020432692307692308,1.0,7089,0,339855,115648,0,0.9907821393343776,0.9907872805455662
0.9865050870647817,0.042352941176470586,1.0,0.021634615384615384,1.0,7506,0,339438,115648,0,0.9907821393343776,0.9907872805455662
0.9856580495552648,0.04465334900117509,1.0,0.02283653846153846,1.0,7923,0,339021,115648,0,0.9907821393343776,0.9907872805455662
0.9853094056212048,0.046948356807511735,1.0,0.02403846153846154,1.0,8340,0,338604,115648,0,0.9907821393343776,0.9907872805455662
0.9852828553016093,0.0492379835873388,1.0,0.025240384615384616,1.0,8757,0,338187,115648,0,0.9907821393343776,0.9907872805455662
0.9850950966782361,0.05152224824355972,1.0,0.026442307692307692,1.0,9174,0,337770,115648,0,0.9907821393343776,0.9907872805455662
0.9850131369066459,0.05380116959064327,1.0,0.027644230769230768,1.0,9591,0,337353,115648,0,0.9907821393343776,0.9907872805455662
0.9844820164871295,0.056074766355140186,1.0,0.028846153846153848,1.0,10008,0,336936,115648,0,0.9907821393343776,0.9907872805455662
0.9844254637751915,0.058343057176196034,1.0,0.030048076923076924,1.0,10425,0,336519,115648,0,0.9907821393343776,0.9907872805455662
0.9841907750368344,0.06060606060606061,1.0,0.03125,1.0,10842,0,336102,115648,0,0.9907821393343776,0.9907872805455662
0.9841903192888778,0.06286379511059371,1.0,0.03245192307692308,1.0,11259,0,335685,115648,0,0.9907821393343776,0.9907872805455662
0.9839974369759253,0.06511627906976744,1.0,0.03365384615384615,1.0,11676,0,335268,115648,0,0.9907821393343776,0.9907872805455662
0.9839281554516226,0.06736353077816493,1.0,0.03485576923076923,1.0,12093,0,334851,115648,0,0.9907821393343776,0.9907872805455662
0.9838609224168613,0.06960556844547564,1.0,0.036057692307692304,1.0,12510,0,334434,115648,0,0.9907821393343776,0.9907872805455662
0.98376356857034,0.07184241019698726,1.0,0.037259615384615384,1.0,12927,0,334017,115648,0,0.9907821393343776,0.9907872805455662
0.9836897120476052,0.07407407407407407,1.0,0.038461538461538464,1.0,13344,0,333600,115648,0,0.9907821393343776,0.9907872805455662
0.9836464641343814,0.07630057803468208,1.0,0.039663461538461536,1.0,13761,0,333183,115648,0,0.9907821393343776,0.9907872805455662
0.9836224445509449,0.07852193995381063,1.0,0.040865384615384616,1.0,14178,0,332766,115648,0,0.9907821393343776,0.9907872805455662
0.9833306364012608,0.08073817762399077,1.0,0.042067307692307696,1.0,14595,0,332349,115648,0,0.9907821393343776,0.9907872805455662
0.9833111930008662,0.08294930875576037,1.0,0.04326923076923077,1.0,15012,0,331932,115648,0,0.9907821393343776,0.9907872805455662
0.9830741982466424,0.08515535097813579,1.0,0.04447115384615385,1.0,15429,0,331515,115648,0,0.9907821393343776,0.9907872805455662
0.9829196351480447,0.08735632183908046,1.0,0.04567307692307692,1.0,15846,0,331098,115648,0,0.9907821393343776,0.9907872805455662
0.9826323202879019,0.08955223880597014,1.0,0.046875,1.0,16263,0,330681,115648,0,0.9907821393343776,0.9907872805455662
0.9823835534429258,0.09174311926605505,1.0,0.04807692307692308,1.0,16680,0,330264,115648,0,0.9907821393343776,0.9907872805455662
0.9823358634006479,0.09392898052691867,1.0,0.04927884615384615,1.0,17097,0,329847,115648,0,0.9907821393343776,0.9907872805455662
0.982092632084682,0.09610983981693363,1.0,0.05048076923076923,1.0,17514,0,329430,115648,0,0.9907821393343776,0.9907872805455662
0.9818664186208839,0.09828571428571428,1.0,0.051682692307692304,1.0,17931,0,329013,115648,0,0.9907821393343776,0.9907872805455662
0.981592514895701,0.1004566210045662,1.0,0.052884615384615384,1.0,18348,0,328596,115648,0,0.9907821393343776,0.9907872805455662
0.981436705723112,0.10262257696693272,1.0,0.054086538461538464,1.0,18765,0,328179,115648,0,0.9907821393343776,0.9907872805455662
0.981274812705875,0.10478359908883828,1.0,0.055288461538461536,1.0,19182,0,327762,115648,0,0.9907821393343776,0.9907872805455662
0.9812516332805041,0.10693970420932879,1.0,0.056490384615384616,1.0,19599,0,327345,115648,0,0.9907821393343776,0.9907872805455662
0.9812008029198485,0.10909090909090909,1.0,0.057692307692307696,1.0,20016,0,326928,115648,0,0.9907821393343776,0.9907872805455662
0.9808243397026812,0.1112372304199773,1.0,0.05889423076923077,1.0,20433,0,326511,115648,0,0.9907821393343776,0.9907872805455662
0.9802897793542534,0.11337868480725624,1.0,0.06009615384615385,1.0,20850,0,326094,115648,0,0.9907821393343776,0.9907872805455662
0.9802495425023874,0.11551528878822197,1.0,0.06129807692307692,1.0,21267,0,325677,115648,0,0.9907821393343776,0.9907872805455662
0.9796893869311512,0.11764705882352941,1.0,0.0625,1.0,21684,0,325260,115648,0,0.9907821393343776,0.9907872805455662
0.9794917120135257,0.11977401129943503,1.0,0.06370192307692307,1.0,22101,0,324843,115648,0,0.9907821393343776,0.9907872805455662
0.9793131691293879,0.12189616252821671,1.0,0.06490384615384616,1.0,22518,0,324426,115648,0,0.9907821393343776,0.9907872805455662
0.9792373321706098,0.12401352874859076,1.0,0.06610576923076923,1.0,22935,0,324009,115648,0,0.9907821393343776,0.9907872805455662
0.9791388907444901,0.12612612612612611,1.0,0.0673076923076923,1.0,23352,0,323592,115648,0,0.9907821393343776,0.9907872805455662
0.9790771109811462,0.12823397075365578,1.0,0.06850961538461539,1.0,23769,0,323175,115648,0,0.9907821393343776,0.9907872805455662
0.9789463022128457,0.1303370786516854,1.0,0.06971153846153846,1.0,24186,0,322758,115648,0,0.9907821393343776,0.9907872805455662
0.97894535661636,0.1324354657687991,1.0,0.07091346153846154,1.0,24603,0,322341,115648,0,0.9907821393343776,0.9907872805455662
0.9789286995284523,0.13452914798206278,1.0,0.07211538461538461,1.0,25020,0,321924,115648,0,0.9907821393343776,0.9907872805455662
0.9787601973125877,0.1366181410974244,1.0,0.0733173076923077,1.0,25437,0,321507,115648,0,0.9907821393343776,0.9907872805455662
0.9787481433018735,0.13870246085011187,1.0,0.07451923076923077,1.0,25854,0,321090,115648,0,0.9907821393343776,0.9907872805455662
0.978726540856405,0.14078212290502792,1.0,0.07572115384615384,1.0,26271,0,320673,115648,0,0.9907821393343776,0.9907872805455662
0.9784645320448377,0.14285714285714285,1.0,0.07692307692307693,1.0,26688,0,320256,115648,0,0.9907821393343776,0.9907872805455662
0.978458925041557,0.14492753623188406,1.0,0.078125,1.0,27105,0,319839,115648,0,0.9907821393343776,0.9907872805455662
0.9783776670918822,0.14699331848552338,1.0,0.07932692307692307,1.0,27522,0,319422,115648,0,0.9907821393343776,0.9907872805455662
0.9782968596834225,0.14905450500556172,1.0,0.08052884615384616,1.0,27939,0,319005,115648,0,0.9907821393343776,0.9907872805455662
0.9777715396566695,0.1511111111111111,1.0,0.08173076923076923,1.0,28356,0,318588,115648,0,0.9907821393343776,0.9907872805455662
0.9775539881579317,0.15316315205327413,1.0,0.0829326923076923,1.0,28773,0,318171,115648,0,0.9907821393343776,0.9907872805455662
0.9775374806587724,0.15521064301552107,1.0,0.08413461538461539,1.0,29190,0,317754,115648,0,0.9907821393343776,0.9907872805455662
0.9773698280205493,0.15725359911406422,1.0,0.08533653846153846,1.0,29607,0,317337,115648,0,0.9907821393343776,0.9907872805455662
0.9773030213482737,0.1592920353982301,1.0,0.08653846153846154,1.0,30024,0,316920,115648,0,0.9907821393343776,0.9907872805455662
0.9770404609434844,0.16132596685082873,1.0,0.08774038461538461,1.0,30441,0,316503,115648,0,0.9907821393343776,0.9907872805455662
0.9769209204346776,0.16335540838852097,1.0,0.0889423076923077,1.0,30858,0,316086,115648,0,0.9907821393343776,0.9907872805455662
0.9769111272350046,0.16538037486218302,1.0,0.09014423076923077,1.0,31275,0,315669,115648,0,0.9907821393343776,0.9907872805455662
0.9767706853382687,0.16740088105726872,1.0,0.09134615384615384,1.0,31692,0,315252,115648,0,0.9907821393343776,0.9907872805455662
0.9767282295600299,0.1694169416941694,1.0,0.09254807692307693,1.0,32109,0,314835,115648,0,0.9907821393343776,0.9907872805455662
0.9767175999421509,0.17142857142857143,1.0,0.09375,1.0,32526,0,314418,115648,0,0.9907821393343776,0.9907872805455662
0.9766337898148094,0.1734357848518112,1.0,0.09495192307692307,1.0,32943,0,314001,115648,0,0.9907821393343776,0.9907872805455662
0.9762796105421448,0.17543859649122806,1.0,0.09615384615384616,1.0,33360,0,313584,115648,0,0.9907821393343776,0.9907872805455662
0.9761641203920897,0.1774370208105148,1.0,0.09735576923076923,1.0,33777,0,313167,115648,0,0.9907821393343776,0.9907872805455662
0.9754423842560829,0.17943107221006566,1.0,0.0985576923076923,1.0,34194,0,312750,115648,0,0.9907821393343776,0.9907872805455662
0.9754244887384871,0.1814207650273224,1.0,0.09975961538461539,1.0,34611,0,312333,115648,0,0.9907821393343776,0.9907872805455662
0.9754167102566842,0.18340611353711792,1.0,0.10096153846153846,1.0,35028,0,311916,115648,0,0.9907821393343776,0.9907872805455662
0.9753857593666156,0.18538713195201745,1.0,0.10216346153846154,1.0,35445,0,311499,115648,0,0.9907821393343776,0.9907872805455662
0.9753732023639652,0.18736383442265794,1.0,0.10336538461538461,1.0,35862,0,311082,115648,0,0.9907821393343776,0.9907872805455662
0.974824652626511,0.1893362350380849,1.0,0.1045673076923077,1.0,36279,0,310665,115648,0,0.9907821393343776,0.9907872805455662
0.9746440788159142,0.19130434782608696,1.0,0.10576923076923077,1.0,36696,0,310248,115648,0,0.9907821393343776,0.9907872805455662
0.9741602582063262,0.19326818675352878,1.0,0.10697115384615384,1.0,37113,0,309831,115648,0,0.9907821393343776,0.9907872805455662
0.9740848009639964,0.19522776572668113,1.0,0.10817307692307693,1.0,37530,0,309414,115648,0,0.9907821393343776,0.9907872805455662
0.9740814285530799,0.19718309859154928,1.0,0.109375,1.0,37947,0,308997,115648,0,0.9907821393343776,0.9907872805455662
0.9740027297712347,0.19913419913419914,1.0,0.11057692307692307,1.0,38364,0,308580,115648,0,0.9907821393343776,0.9907872805455662
0.9739634966870292,0.20108108108108108,1.0,0.11177884615384616,1.0,38781,0,308163,115648,0,0.9907821393343776,0.9907872805455662
0.9737593308543824,0.20302375809935205,1.0,0.11298076923076923,1.0,39198,0,307746,115648,0,0.9907821393343776,0.9907872805455662
0.9732148805431007,0.20496224379719524,1.0,0.1141826923076923,1.0,39615,0,307329,115648,0,0.9907821393343776,0.9907872805455662
0.973096549311286,0.20689655172413793,1.0,0.11538461538461539,1.0,40032,0,306912,115648,0,0.9907821393343776,0.9907872805455662
0.9728116760412269,0.20882669537136705,1.0,0.11658653846153846,1.0,40449,0,306495,115648,0,0.9907821393343776,0.9907872805455662
0.9727645845966719,0.210752688172043,1.0,0.11778846153846154,1.0,40866,0,306078,115648,0,0.9907821393343776,0.9907872805455662
0.9726732860324591,0.21267454350161116,1.0,0.11899038461538461,1.0,41283,0,305661,115648,0,0.9907821393343776,0.9907872805455662
0.9726472666363475,0.2145922746781116,1.0,0.1201923076923077,1.0,41700,0,305244,115648,0,0.9907821393343776,0.9907872805455662
0.9722885115040062,0.2165058949624866,1.0,0.12139423076923077,1.0,42117,0,304827,115648,0,0.9907821393343776,0.9907872805455662
0.9720239906123804,0.21841541755888652,1.0,0.12259615384615384,1.0,42534,0,304410,115648,0,0.9907821393343776,0.9907872805455662
0.9719756706119325,0.22032085561497325,1.0,0.12379807692307693,1.0,42951,0,303993,115648,0,0.9907821393343776,0.9907872805455662
0.971945781641452,0.2222222222222222,1.0,0.125,1.0,43368,0,303576,115648,0,0.9907821393343776,0.9907872805455662
0.9718958619745823,0.22411953041622198,1.0,0.12620192307692307,1.0,43785,0,303159,115648,0,0.9907821393343776,0.9907872805455662
0.971877475283788,0.2260127931769723,1.0,0.12740384615384615,1.0,44202,0,302742,115648,0,0.9907821393343776,0.9907872805455662
0.9716460299413592,0.22790202342917998,1.0,0.12860576923076922,1.0,44619,0,302325,115648,0,0.9907821393343776,0.9907872805455662
0.9714680251716772,0.2297872340425532,1.0,0.12980769230769232,1.0,45036,0,301908,115648,0,0.9907821393343776,0.9907872805455662
0.9713662077148493,0.2316684378320935,1.0,0.1310096153846154,1.0,45453,0,301491,115648,0,0.9907821393343776,0.9907872805455662
0.9713651276673083,0.23354564755838642,1.0,0.13221153846153846,1.0,45870,0,301074,115648,0,0.9907821393343776,0.9907872805455662
0.9713551656898056,0.2354188759278897,1.0,0.13341346153846154,1.0,46287,0,300657,115648,0,0.9907821393343776,0.9907872805455662
0.971296199885563,0.23728813559322035,1.0,0.1346153846153846,1.0,46704,0,300240,115648,0,0.9907821393343776,0.9907872805455662
0.971222423113269,0.23915343915343915,1.0,0.13581730769230768,1.0,47121,0,299823,115648,0,0.9907821393343776,0.9907872805455662
0.9709735966829199,0.24101479915433405,1.0,0.13701923076923078,1.0,47538,0,299406,115648,0,0.9907821393343776,0.9907872805455662
0.9709066680939853,0.24287222808870115,1.0,0.13822115384615385,1.0,47955,0,298989,115648,0,0.9907821393343776,0.9907872805455662
0.9708325885919685,0.24472573839662448,1.0,0.13942307692307693,1.0,48372,0,298572,115648,0,0.9907821393343776,0.9907872805455662
0.9705183076666919,0.2465753424657534,1.0,0.140625,1.0,48789,0,298155,115648,0,0.9907821393343776,0.9907872805455662
0.970502137777314,0.24842105263157896,1.0,0.14182692307692307,1.0,49206,0,297738,115648,0,0.9907821393343776,0.9907872805455662
0.9702451591921908,0.2502628811777077,1.0,0.14302884615384615,1.0,49623,0,297321,115648,0,0.9907821393343776,0.9907872805455662
0.9700033875546541,0.25210084033613445,1.0,0.14423076923076922,1.0,50040,0,296904,115648,0,0.9907821393343776,0.9907872805455662
0.9696569720023834,0.2539349422875131,1.0,0.14543269230769232,1.0,50457,0,296487,115648,0,0.9907821393343776,0.9907872805455662
0.9696427235569302,0.2557651991614256,1.0,0.1466346153846154,1.0,50874,0,296070,115648,0,0.9907821393343776,0.9907872805455662
0.9694419388764294,0.25759162303664923,1.0,0.14783653846153846,1.0,51291,0,295653,115648,0,0.9907821393343776,0.9907872805455662
0.9694343348763192,0.2594142259414226,1.0,0.14903846153846154,1.0,51708,0,295236,115648,0,0.9907821393343776,0.9907872805455662
0.9692356112760567,0.2612330198537095,1.0,0.1502403846153846,1.0,52125,0,294819,115648,0,0.9907821393343776,0.9907872805455662
0.9691992658540896,0.2630480167014614,1.0,0.15144230769230768,1.0,52542,0,294402,115648,0,0.9907821393343776,0.9907872805455662
0.9689064717802157,0.264859228362878,1.0,0.15264423076923078,1.0,52959,0,293985,115648,0,0.9907821393343776,0.9907872805455662
0.9688627979336671,0.26666666666666666,1.0,0.15384615384615385,1.0,53376,0,293568,115648,0,0.9907821393343776,0.9907872805455662
0.9688258742383128,0.2684703433922997,1.0,0.15504807692307693,1.0,53793,0,293151,115648,0,0.9907821393343776,0.9907872805455662
0.9686679027646632,0.2702702702702703,1.0,0.15625,1.0,54210,0,292734,115648,0,0.9907821393343776,0.9907872805455662
0.9683792557378579,0.2720664589823468,1.0,0.15745192307692307,1.0,54627,0,292317,115648,0,0.9907821393343776,0.9907872805455662
0.968229370904568,0.27385892116182575,1.0,0.15865384615384615,1.0,55044,0,291900,115648,0,0.9907821393343776,0.9907872805455662
0.9681480561801932,0.2756476683937824,1.0,0.15985576923076922,1.0,55461,0,291483,115648,0,0.9907821393343776,0.9907872805455662
0.9681384040399952,0.2774327122153209,1.0,0.16105769230769232,1.0,55878,0,291066,115648,0,0.9907821393343776,0.9907872805455662
0.968070600497285,0.2792140641158221,1.0,0.1622596153846154,1.0,56295,0,290649,115648,0,0.9907821393343776,0.9907872805455662
0.9679792445921372,0.2809917355371901,1.0,0.16346153846153846,1.0,56712,0,290232,115648,0,0.9907821393343776,0.9907872805455662
0.9679608813739659,0.28276573787409703,1.0,0.16466346153846154,1.0,57129,0,289815,115648,0,0.9907821393343776,0.9907872805455662
0.9676560787316139,0.2845360824742268,1.0,0.1658653846153846,1.0,57546,0,289398,115648,0,0.9907821393343776,0.9907872805455662
0.9675784991950331,0.286302780638517,1.0,0.16706730769230768,1.0,57963,0,288981,115648,0,0.9907821393343776,0.9907872805455662
0.9674942207005837,0.2880658436213992,1.0,0.16826923076923078,1.0,58380,0,288564,115648,0,0.9907821393343776,0.9907872805455662
0.9673571711307621,0.289825282631038,1.0,0.16947115384615385,1.0,58797,0,288147,115648,0,0.9907821393343776,0.9907872805455662
0.9666697482862142,0.2915811088295688,1.0,0.17067307692307693,1.0,59214,0,287730,115648,0,0.9907821393343776,0.9907872805455662
0.9665007218743941,0.29333333333333333,1.0,0.171875,1.0,59631,0,287313,115648,0,0.9907821393343776,0.9907872805455662
0.9663539869957868,0.29508196721311475,1.0,0.17307692307692307,1.0,60048,0,286896,115648,0,0.9907821393343776,0.9907872805455662
0.9661583955060569,0.2968270214943705,1.0,0.17427884615384615,1.0,60465,0,286479,115648,0,0.9907821393343776,0.9907872805455662
0.9660115192455134,0.2985685071574642,1.0,0.17548076923076922,1.0,60882,0,286062,115648,0,0.9907821393343776,0.9907872805455662
0.9657971132546157,0.3003064351378958,1.0,0.17668269230769232,1.0,61299,0,285645,115648,0,0.9907821393343776,0.9907872805455662
0.9656438126987287,0.3020408163265306,1.0,0.1778846153846154,1.0,61716,0,285228,115648,0,0.9907821393343776,0.9907872805455662
0.9654652761424343,0.3037716615698267,1.0,0.17908653846153846,1.0,62133,0,284811,115648,0,0.9907821393343776,0.9907872805455662
0.965160603881617,0.3054989816700611,1.0,0.18028846153846154,1.0,62550,0,284394,115648,0,0.9907821393343776,0.9907872805455662
0.9649168993337504,0.3072227873855544,1.0,0.1814903846153846,1.0,62967,0,283977,115648,0,0.9907821393343776,0.9907872805455662
0.9648168659062464,0.3089430894308943,1.0,0.18269230769230768,1.0,63384,0,283560,115648,0,0.9907821393343776,0.9907872805455662
0.9646934142176955,0.31065989847715736,1.0,0.18389423076923078,1.0,63801,0,283143,115648,0,0.9907821393343776,0.9907872805455662
0.9645349498570097,0.31237322515212984,1.0,0.18509615384615385,1.0,64218,0,282726,115648,0,0.9907821393343776,0.9907872805455662
0.9644394079671764,0.3140830800405269,1.0,0.18629807692307693,1.0,64635,0,282309,115648,0,0.9907821393343776,0.9907872805455662
0.9644197615853177,0.3157894736842105,1.0,0.1875,1.0,65052,0,281892,115648,0,0.9907821393343776,0.9907872805455662
0.9642817987340322,0.31749241658240646,1.0,0.18870192307692307,1.0,65469,0,281475,115648,0,0.9907821393343776,0.9907872805455662
0.9639873986038223,0.3191919191919192,1.0,0.18990384615384615,1.0,65886,0,281058,115648,0,0.9907821393343776,0.9907872805455662
0.9639113074435599,0.32088799192734613,1.0,0.19110576923076922,1.0,66303,0,280641,115648,0,0.9907821393343776,0.9907872805455662
0.9638438250346413,0.3225806451612903,1.0,0.19230769230769232,1.0,66720,0,280224,115648,0,0.9907821393343776,0.9907872805455662
0.9636547862500255,0.324269889224572,1.0,0.1935096153846154,1.0,67137,0,279807,115648,0,0.9907821393343776,0.9907872805455662
0.9636456624756078,0.32595573440643866,1.0,0.19471153846153846,1.0,67554,0,279390,115648,0,0.9907821393343776,0.9907872805455662
0.9636063194851898,0.32763819095477387,1.0,0.19591346153846154,1.0,67971,0,278973,115648,0,0.9907821393343776,0.9907872805455662
0.9633882525626531,0.3293172690763052,1.0,0.1971153846153846,1.0,68388,0,278556,115648,0,0.9907821393343776,0.9907872805455662
0.9632542960456946,0.33099297893681046,1.0,0.19831730769230768,1.0,68805,0,278139,115648,0,0.9907821393343776,0.9907872805455662
0.9630190135310861,0.33266533066132264,1.0,0.19951923076923078,1.0,69222,0,277722,115648,0,0.9907821393343776,0.9907872805455662
0.9624957713171682,0.33433433433433435,1.0,0.20072115384615385,1.0,69639,0,277305,115648,0,0.9907821393343776,0.9907872805455662
0.9622714318773825,0.336,1.0,0.20192307692307693,1.0,70056,0,276888,115648,0,0.9907821393343776,0.9907872805455662
0.9622169155782971,0.33766233766233766,1.0,0.203125,1.0,70473,0,276471,115648,0,0.9907821393343776,0.9907872805455662
0.9620282466157873,0.3393213572854291,1.0,0.20432692307692307,1.0,70890,0,276054,115648,0,0.9907821393343776,0.9907872805455662
0.9618098892421485,0.34097706879361916,1.0,0.20552884615384615,1.0,71307,0,275637,115648,0,0.9907821393343776,0.9907872805455662
0.9615206280969828,0.3426294820717131,1.0,0.20673076923076922,1.0,71724,0,275220,115648,0,0.9907821393343776,0.9907872805455662
0.9612162038814203,0.34427860696517415,1.0,0.20793269230769232,1.0,72141,0,274803,115648,0,0.9907821393343776,0.9907872805455662
0.9608568813590643,0.34592445328031807,1.0,0.2091346153846154,1.0,72558,0,274386,115648,0,0.9907821393343776,0.9907872805455662
0.9608459042977284,0.34756703078450846,1.0,0.21033653846153846,1.0,72975,0,273969,115648,0,0.9907821393343776,0.9907872805455662
0.9607306335819313,0.3492063492063492,1.0,0.21153846153846154,1.0,73392,0,273552,115648,0,0.9907821393343776,0.9907872805455662
0.9603631949683543,0.3508424182358771,1.0,0.2127403846153846,1.0,73809,0,273135,115648,0,0.9907821393343776,0.9907872805455662
0.9602527816168629,0.35247524752475246,1.0,0.21394230769230768,1.0,74226,0,272718,115648,0,0.9907821393343776,0.9907872805455662
0.9601672948726941,0.35410484668644904,1.0,0.21514423076923078,1.0,74643,0,272301,115648,0,0.9907821393343776,0.9907872805455662
0.9601611544206765,0.3557312252964427,1.0,0.21634615384615385,1.0,75060,0,271884,115648,0,0.9907821393343776,0.9907872805455662
0.9601167230500052,0.35735439289239884,1.0,0.21754807692307693,1.0,75477,0,271467,115648,0,0.9907821393343776,0.9907872805455662
0.9600931619667386,0.358974358974359,1.0,0.21875,1.0,75894,0,271050,115648,0,0.9907821393343776,0.9907872805455662
0.9598039116864077,0.3605911330049261,1.0,0.21995192307692307,1.0,76311,0,270633,115648,0,0.9907821393343776,0.9907872805455662
0.9592196930805119,0.36220472440944884,1.0,0.22115384615384615,1.0,76728,0,270216,115648,0,0.9907821393343776,0.9907872805455662
0.9590438779577775,0.3638151425762045,1.0,0.22235576923076922,1.0,77145,0,269799,115648,0,0.9907821393343776,0.9907872805455662
0.9587092101503234,0.3654223968565815,1.0,0.22355769230769232,1.0,77562,0,269382,115648,0,0.9907821393343776,0.9907872805455662
0.9584298596778651,0.36702649656526004,1.0,0.2247596153846154,1.0,77979,0,268965,115648,0,0.9907821393343776,0.9907872805455662
0.9582212559022293,0.3686274509803922,1.0,0.22596153846153846,1.0,78396,0,268548,115648,0,0.9907821393343776,0.9907872805455662
0.9582205002667965,0.3702252693437806,1.0,0.22716346153846154,1.0,78813,0,268131,115648,0,0.9907821393343776,0.9907872805455662
0.9581721231166815,0.37181996086105673,1.0,0.2283653846153846,1.0,79230,0,267714,115648,0,0.9907821393343776,0.9907872805455662
0.9581259226698375,0.3734115347018573,1.0,0.22956730769230768,1.0,79647,0,267297,115648,0,0.9907821393343776,0.9907872805455662
0.9581111477081619,0.375,1.0,0.23076923076923078,1.0,80064,0,266880,115648,0,0.9907821393343776,0.9907872805455662
0.9579410537406299,0.37658536585365854,1.0,0.23197115384615385,1.0,80481,0,266463,115648,0,0.9907821393343776,0.9907872805455662
0.9576610413125246,0.37816764132553604,1.0,0.23317307692307693,1.0,80898,0,266046,115648,0,0.9907821393343776,0.9907872805455662
0.957450969317138,0.379746835443038,1.0,0.234375,1.0,81315,0,265629,115648,0,0.9907821393343776,0.9907872805455662
0.9567434145194373,0.38132295719844356,1.0,0.23557692307692307,1.0,81732,0,265212,115648,0,0.9907821393343776,0.9907872805455662
0.9565864427200506,0.38289601554907676,1.0,0.23677884615384615,1.0,82149,0,264795,115648,0,0.9907821393343776,0.9907872805455662
0.9563369930211978,0.3844660194174757,1.0,0.23798076923076922,1.0,82566,0,264378,115648,0,0.9907821393343776,0.9907872805455662
0.9561922274468999,0.3860329776915616,1.0,0.23918269230769232,1.0,82983,0,263961,115648,0,0.9907821393343776,0.9907872805455662
0.9560159188477801,0.3875968992248062,1.0,0.2403846153846154,1.0,83400,0,263544,115648,0,0.9907821393343776,0.9907872805455662
0.9559662418750519,0.38915779283639884,1.0,0.24158653846153846,1.0,83817,0,263127,115648,0,0.9907821393343776,0.9907872805455662
0.9557873143688806,0.390715667311412,1.0,0.24278846153846154,1.0,84234,0,262710,115648,0,0.9907821393343776,0.9907872805455662
0.9555243301450002,0.3922705314009662,1.0,0.2439903846153846,1.0,84651,0,262293,115648,0,0.9907821393343776,0.9907872805455662
0.9555215472903201,0.3938223938223938,1.0,0.24519230769230768,1.0,85068,0,261876,115648,0,0.9907821393343776,0.9907872805455662
0.9555048522612299,0.39537126325940214,1.0,0.24639423076923078,1.0,85485,0,261459,115648,0,0.9907821393343776,0.9907872805455662
0.9554385328052758,0.3969171483622351,1.0,0.24759615384615385,1.0,85902,0,261042,115648,0,0.9907821393343776,0.9907872805455662
0.9552465405490911,0.39846005774783444,1.0,0.24879807692307693,1.0,86319,0,260625,115648,0,0.9907821393343776,0.9907872805455662
0.95424272407379,0.4,1.0,0.25,1.0,86736,0,260208,115648,0,0.9907821393343776,0.9907872805455662
0.9541162704225307,0.4015369836695485,1.0,0.2512019230769231,1.0,87153,0,259791,115648,0,0.9907821393343776,0.9907872805455662
0.9540064349821984,0.40307101727447214,1.0,0.25240384615384615,1.0,87570,0,259374,115648,0,0.9907821393343776,0.9907872805455662
0.9537970005180225,0.4046021093000959,1.0,0.2536057692307692,1.0,87987,0,258957,115648,0,0.9907821393343776,0.9907872805455662
0.9537598084105208,0.4061302681992337,1.0,0.2548076923076923,1.0,88404,0,258540,115648,0,0.9907821393343776,0.9907872805455662
0.9537397198737971,0.4076555023923445,1.0,0.25600961538461536,1.0,88821,0,258123,115648,0,0.9907821393343776,0.9907872805455662
0.9535718316887956,0.4091778202676864,1.0,0.25721153846153844,1.0,89238,0,257706,115648,0,0.9907821393343776,0.9907872805455662
0.9531686005334798,0.41069723018147086,1.0,0.25841346153846156,1.0,89655,0,257289,115648,0,0.9907821393343776,0.9907872805455662
0.9531383408589171,0.4122137404580153,1.0,0.25961538461538464,1.0,90072,0,256872,115648,0,0.9907821393343776,0.9907872805455662
0.9530386376030011,0.41372735938989513,1.0,0.2608173076923077,1.0,90489,0,256455,115648,0,0.9907821393343776,0.9907872805455662
0.9528466574523176,0.41523809523809524,1.0,0.2620192307692308,1.0,90906,0,256038,115648,0,0.9907821393343776,0.9907872805455662
0.9528430584099995,0.4167459562321599,1.0,0.26322115384615385,1.0,91323,0,255621,115648,0,0.9907821393343776,0.9907872805455662
0.952786007685636,0.41825095057034223,1.0,0.2644230769230769,1.0,91740,0,255204,115648,0,0.9907821393343776,0.9907872805455662
0.9526238498836759,0.41975308641975306,1.0,0.265625,1.0,92157,0,254787,115648,0,0.9907821393343776,0.9907872805455662
0.952623634696142,0.42125237191650855,1.0,0.2668269230769231,1.0,92574,0,254370,115648,0,0.9907821393343776,0.9907872805455662
0.9525491194015192,0.42274881516587676,1.0,0.26802884615384615,1.0,92991,0,253953,115648,0,0.9907821393343776,0.9907872805455662
0.9523750404879376,0.42424242424242425,1.0,0.2692307692307692,1.0,93408,0,253536,115648,0,0.9907821393343776,0.9907872805455662
0.9523423851558935,0.42573320719016083,1.0,0.2704326923076923,1.0,93825,0,253119,115648,0,0.9907821393343776,0.9907872805455662
0.9522268953422124,0.42722117202268434,1.0,0.27163461538461536,1.0,94242,0,252702,115648,0,0.9907821393343776,0.9907872805455662
0.9521220123902417,0.42870632672332387,1.0,0.27283653846153844,1.0,94659,0,252285,115648,0,0.9907821393343776,0.9907872805455662
0.9510391817668069,0.43018867924528303,1.0,0.27403846153846156,1.0,95076,0,251868,115648,0,0.9907821393343776,0.9907872805455662
0.9507804449293462,0.43166823751178135,1.0,0.27524038461538464,1.0,95493,0,251451,115648,0,0.9907821393343776,0.9907872805455662
0.9506701942885919,0.4331450094161959,1.0,0.2764423076923077,1.0,95910,0,251034,115648,0,0.9907821393343776,0.9907872805455662
0.9506700542988566,0.43461900282220134,1.0,0.2776442307692308,1.0,96327,0,250617,115648,0,0.9907821393343776,0.9907872805455662
0.9506596152486745,0.43609022556390975,1.0,0.27884615384615385,1.0,96744,0,250200,115648,0,0.9907821393343776,0.9907872805455662
0.9504939809574128,0.4375586854460094,1.0,0.2800480769230769,1.0,97161,0,249783,115648,0,0.9907821393343776,0.9907872805455662
0.9503806691495649,0.43902439024390244,1.0,0.28125,1.0,97578,0,249366,115648,0,0.9907821393343776,0.9907872805455662
0.950367841761697,0.44048734770384257,1.0,0.2824519230769231,1.0,97995,0,248949,115648,0,0.9907821393343776,0.9907872805455662
0.9503583246063549,0.4419475655430712,1.0,0.28365384615384615,1.0,98412,0,248532,115648,0,0.9907821393343776,0.9907872805455662
0.950350219220577,0.44340505144995324,1.0,0.2848557692307692,1.0,98829,0,248115,115648,0,0.9907821393343776,0.9907872805455662
0.950177666642516,0.44485981308411215,1.0,0.2860576923076923,1.0,99246,0,247698,115648,0,0.9907821393343776,0.9907872805455662
0.9500068505350125,0.446311858076564,1.0,0.28725961538461536,1.0,99663,0,247281,115648,0,0.9907821393343776,0.9907872805455662
0.9498805261426749,0.44776119402985076,1.0,0.28846153846153844,1.0,100080,0,246864,115648,0,0.9907821393343776,0.9907872805455662
0.9498053811752245,0.44920782851817337,1.0,0.28966346153846156,1.0,100497,0,246447,115648,0,0.9907821393343776,0.9907872805455662
0.9489614345438131,0.4506517690875233,1.0,0.29086538461538464,1.0,100914,0,246030,115648,0,0.9907821393343776,0.9907872805455662
0.9487818575068012,0.45209302325581396,1.0,0.2920673076923077,1.0,101331,0,245613,115648,0,0.9907821393343776,0.9907872805455662
0.948497185168399,0.45353159851301117,1.0,0.2932692307692308,1.0,101748,0,245196,115648,0,0.9907821393343776,0.9907872805455662
0.9484349426696368,0.45496750232126276,1.0,0.29447115384615385,1.0,102165,0,244779,115648,0,0.9907821393343776,0.9907872805455662
0.948430540401305,0.45640074211502785,1.0,0.2956730769230769,1.0,102582,0,244362,115648,0,0.9907821393343776,0.9907872805455662
0.9483026026542241,0.4578313253012048,1.0,0.296875,1.0,102999,0,243945,115648,0,0.9907821393343776,0.9907872805455662
0.9482827192344596,0.45925925925925926,1.0,0.2980769230769231,1.0,103416,0,243528,115648,0,0.9907821393343776,0.9907872805455662
0.9481278723910951,0.4606845513413506,1.0,0.29927884615384615,1.0,103833,0,243111,115648,0,0.9907821393343776,0.9907872805455662
0.9478953955893965,0.46210720887245843,1.0,0.3004807692307692,1.0,104250,0,242694,115648,0,0.9907821393343776,0.9907872805455662
0.947203738744163,0.46352723915050786,1.0,0.3016826923076923,1.0,104667,0,242277,115648,0,0.9907821393343776,0.9907872805455662
0.9471414399489693,0.46494464944649444,1.0,0.30288461538461536,1.0,105084,0,241860,115648,0,0.9907821393343776,0.9907872805455662
0.9466719582025915,0.4663594470046083,1.0,0.30408653846153844,1.0,105501,0,241443,115648,0,0.9907821393343776,0.9907872805455662
0.9464357316165688,0.4677716390423573,1.0,0.30528846153846156,1.0,105918,0,241026,115648,0,0.9907821393343776,0.9907872805455662
0.9463963759739884,0.46918123275068996,1.0,0.30649038461538464,1.0,106335,0,240609,115648,0,0.9907821393343776,0.9907872805455662
0.9461849554585702,0.47058823529411764,1.0,0.3076923076923077,1.0,106752,0,240192,115648,0,0.9907821393343776,0.9907872805455662
0.9459290390688031,0.4719926538108356,1.0,0.3088942307692308,1.0,107169,0,239775,115648,0,0.9907821393343776,0.9907872805455662
0.9457434705103943,0.47339449541284406,1.0,0.31009615384615385,1.0,107586,0,239358,115648,0,0.9907821393343776,0.9907872805455662
0.9453255922563613,0.4747937671860678,1.0,0.3112980769230769,1.0,108003,0,238941,115648,0,0.9907821393343776,0.9907872805455662
0.9451559228134958,0.47619047619047616,1.0,0.3125,1.0,108420,0,238524,115648,0,0.9907821393343776,0.9907872805455662
0.9451428107853377,0.4775846294602013,1.0,0.3137019230769231,1.0,108837,0,238107,115648,0,0.9907821393343776,0.9907872805455662
0.9451149663532676,0.4789762340036563,1.0,0.31490384615384615,1.0,109254,0,237690,115648,0,0.9907821393343776,0.9907872805455662
0.9448438175088676,0.480365296803653,1.0,0.3161057692307692,1.0,109671,0,237273,115648,0,0.9907821393343776,0.9907872805455662
0.9447892247735599,0.48175182481751827,1.0,0.3173076923076923,1.0,110088,0,236856,115648,0,0.9907821393343776,0.9907872805455662
0.9447142756806768,0.4831358249772106,1.0,0.31850961538461536,1.0,110505,0,236439,115648,0,0.9907821393343776,0.9907872805455662
0.9447032629321777,0.48451730418943534,1.0,0.31971153846153844,1.0,110922,0,236022,115648,0,0.9907821393343776,0.9907872805455662
0.9438433552759993,0.4858962693357598,1.0,0.32091346153846156,1.0,111339,0,235605,115648,0,0.9907821393343776,0.9907872805455662
0.9437765736816348,0.48727272727272725,1.0,0.32211538461538464,1.0,111756,0,235188,115648,0,0.9907821393343776,0.9907872805455662
0.9437705969288107,0.48864668483197093,1.0,0.3233173076923077,1.0,112173,0,234771,115648,0,0.9907821393343776,0.9907872805455662
0.9437566034670317,0.4900181488203267,1.0,0.3245192307692308,1.0,112590,0,234354,115648,0,0.9907821393343776,0.9907872805455662
0.9430314120881722,0.4913871260199456,1.0,0.32572115384615385,1.0,113007,0,233937,115648,0,0.9907821393343776,0.9907872805455662
0.9429629124439495,0.4927536231884058,1.0,0.3269230769230769,1.0,113424,0,233520,115648,0,0.9907821393343776,0.9907872805455662
0.9426591751478306,0.49411764705882355,1.0,0.328125,1.0,113841,0,233103,115648,0,0.9907821393343776,0.9907872805455662
0.9426457361963712,0.49547920433996384,1.0,0.3293269230769231,1.0,114258,0,232686,115648,0,0.9907821393343776,0.9907872805455662
0.9426281052284273,0.4968383017163505,1.0,0.33052884615384615,1.0,114675,0,232269,115648,0,0.9907821393343776,0.9907872805455662
0.9426085273988549,0.4981949458483754,1.0,0.3317307692307692,1.0,115092,0,231852,115648,0,0.9907821393343776,0.9907872805455662
0.942122865085061,0.4995491433724076,1.0,0.3329326923076923,1.0,115509,0,231435,115648,0,0.9907821393343776,0.9907872805455662
0.9418071474380395,0.5009009009009009,1.0,0.33413461538461536,1.0,115926,0,231018,115648,0,0.9907821393343776,0.9907872805455662
0.9416998071913738,0.5022502250225023,1.0,0.33533653846153844,1.0,116343,0,230601,115648,0,0.9907821393343776,0.9907872805455662
0.941643618816674,0.5035971223021583,1.0,0.33653846153846156,1.0,116760,0,230184,115648,0,0.9907821393343776,0.9907872805455662
0.9416027202201203,0.504941599281222,1.0,0.33774038461538464,1.0,117177,0,229767,115648,0,0.9907821393343776,0.9907872805455662
0.9415474423386156,0.5062836624775583,1.0,0.3389423076923077,1.0,117594,0,229350,115648,0,0.9907821393343776,0.9907872805455662
0.9414790874541543,0.5076233183856502,1.0,0.3401442307692308,1.0,118011,0,228933,115648,0,0.9907821393343776,0.9907872805455662
0.9412485697735267,0.5089605734767025,1.0,0.34134615384615385,1.0,118428,0,228516,115648,0,0.9907821393343776,0.9907872805455662
0.9411319779829155,0.5102954341987467,1.0,0.3425480769230769,1.0,118845,0,228099,115648,0,0.9907821393343776,0.9907872805455662
0.9411250448455077,0.5116279069767442,1.0,0.34375,1.0,119262,0,227682,115648,0,0.9907821393343776,0.9907872805455662
0.9410940777881592,0.51295799821269,1.0,0.3449519230769231,1.0,119679,0,227265,115648,0,0.9907821393343776,0.9907872805455662
0.9410630636312989,0.5142857142857142,1.0,0.34615384615384615,1.0,120096,0,226848,115648,0,0.9907821393343776,0.9907872805455662
0.9407580543472108,0.5156110615521855,1.0,0.3473557692307692,1.0,120513,0,226431,115648,0,0.9907821393343776,0.9907872805455662
0.940718077978219,0.5169340463458111,1.0,0.3485576923076923,1.0,120930,0,226014,115648,0,0.9907821393343776,0.9907872805455662
0.9404973600618218,0.5182546749777382,1.0,0.34975961538461536,1.0,121347,0,225597,115648,0,0.9907821393343776,0.9907872805455662
0.9400994317072302,0.5195729537366548,1.0,0.35096153846153844,1.0,121764,0,225180,115648,0,0.9907821393343776,0.9907872805455662
0.9399415761660012,0.5208888888888888,1.0,0.35216346153846156,1.0,122181,0,224763,115648,0,0.9907821393343776,0.9907872805455662
0.9395824689976343,0.522202486678508,1.0,0.35336538461538464,1.0,122598,0,224346,115648,0,0.9907821393343776,0.9907872805455662
0.9386489660936955,0.5235137533274179,1.0,0.3545673076923077,1.0,123015,0,223929,115648,0,0.9907821393343776,0.9907872805455662
0.9383985894991148,0.524822695035461,1.0,0.3557692307692308,1.0,123432,0,223512,115648,0,0.9907821393343776,0.9907872805455662
0.9381547657626133,0.5261293179805138,1.0,0.35697115384615385,1.0,123849,0,223095,115648,0,0.9907821393343776,0.9907872805455662
0.9381026685320947,0.5274336283185841,1.0,0.3581730769230769,1.0,124266,0,222678,115648,0,0.9907821393343776,0.9907872805455662
0.9378886925447436,0.5287356321839081,1.0,0.359375,1.0,124683,0,222261,115648,0,0.9907821393343776,0.9907872805455662
0.9378041667587834,0.5300353356890459,1.0,0.3605769230769231,1.0,125100,0,221844,115648,0,0.9907821393343776,0.9907872805455662
0.9376761043931852,0.531332744924978,1.0,0.36177884615384615,1.0,125517,0,221427,115648,0,0.9907821393343776,0.9907872805455662
0.9376543723201627,0.5326278659611993,1.0,0.3629807692307692,1.0,125934,0,221010,115648,0,0.9907821393343776,0.9907872805455662
0.9376283475602991,0.533920704845815,1.0,0.3641826923076923,1.0,126351,0,220593,115648,0,0.9907821393343776,0.9907872805455662
0.937543935316189,0.5352112676056338,1.0,0.36538461538461536,1.0,126768,0,220176,115648,0,0.9907821393343776,0.9907872805455662
0.9375196283949216,0.5364995602462621,1.0,0.36658653846153844,1.0,127185,0,219759,115648,0,0.9907821393343776,0.9907872805455662
0.9372293233560316,0.5377855887521968,1.0,0.36778846153846156,1.0,127602,0,219342,115648,0,0.9907821393343776,0.9907872805455662
0.9371935437968031,0.5390693590869183,1.0,0.36899038461538464,1.0,128019,0,218925,115648,0,0.9907821393343776,0.9907872805455662
0.9359593099280858,0.5403508771929825,1.0,0.3701923076923077,1.0,128436,0,218508,115648,0,0.9907821393343776,0.9907872805455662
0.935845937226603,0.5416301489921121,1.0,0.3713942307692308,1.0,128853,0,218091,115648,0,0.9907821393343776,0.9907872805455662
0.9358099928863471,0.542907180385289,1.0,0.37259615384615385,1.0,129270,0,217674,115648,0,0.9907821393343776,0.9907872805455662
0.9356011276151458,0.5441819772528433,1.0,0.3737980769230769,1.0,129687,0,217257,115648,0,0.9907821393343776,0.9907872805455662
0.9354861816044564,0.5454545454545454,1.0,0.375,1.0,130104,0,216840,115648,0,0.9907821393343776,0.9907872805455662
0.9352349579819293,0.5467248908296943,1.0,0.3762019230769231,1.0,130521,0,216423,115648,0,0.9907821393343776,0.9907872805455662
0.9351875842993813,0.5479930191972077,1.0,0.37740384615384615,1.0,130938,0,216006,115648,0,0.9907821393343776,0.9907872805455662
0.9350870070524822,0.5492589363557105,1.0,0.3786057692307692,1.0,131355,0,215589,115648,0,0.9907821393343776,0.9907872805455662
0.9349911831124447,0.5505226480836237,1.0,0.3798076923076923,1.0,131772,0,215172,115648,0,0.9907821393343776,0.9907872805455662
0.9348745665794904,0.5517841601392516,1.0,0.38100961538461536,1.0,132189,0,214755,115648,0,0.9907821393343776,0.9907872805455662
0.9345201310419673,0.5530434782608695,1.0,0.38221153846153844,1.0,132606,0,214338,115648,0,0.9907821393343776,0.9907872805455662
0.9345104217303613,0.5543006081668115,1.0,0.38341346153846156,1.0,133023,0,213921,115648,0,0.9907821393343776,0.9907872805455662
0.9344370718898762,0.5555555555555556,1.0,0.38461538461538464,1.0,133440,0,213504,115648,0,0.9907821393343776,0.9907872805455662
0.9343827199848009,0.5568083261058109,1.0,0.3858173076923077,1.0,133857,0,213087,115648,0,0.9907821393343776,0.9907872805455662
0.9342959219630689,0.5580589254766031,1.0,0.3870192307692308,1.0,134274,0,212670,115648,0,0.9907821393343776,0.9907872805455662
0.9341479190758332,0.5593073593073593,1.0,0.38822115384615385,1.0,134691,0,212253,115648,0,0.9907821393343776,0.9907872805455662
0.934089025756616,0.5605536332179931,1.0,0.3894230769230769,1.0,135108,0,211836,115648,0,0.9907821393343776,0.9907872805455662
0.9337691544120583,0.5617977528089888,1.0,0.390625,1.0,135525,0,211419,115648,0,0.9907821393343776,0.9907872805455662
0.933512921632456,0.5630397236614854,1.0,0.3918269230769231,1.0,135942,0,211002,115648,0,0.9907821393343776,0.9907872805455662
0.9334175159023838,0.5642795513373597,1.0,0.39302884615384615,1.0,136359,0,210585,115648,0,0.9907821393343776,0.9907872805455662
0.9331037168189591,0.5655172413793104,1.0,0.3942307692307692,1.0,136776,0,210168,115648,0,0.9907821393343776,0.9907872805455662
0.9327843787147818,0.5667527993109388,1.0,0.3954326923076923,1.0,137193,0,209751,115648,0,0.9907821393343776,0.9907872805455662
0.9327365127108586,0.5679862306368331,1.0,0.39663461538461536,1.0,137610,0,209334,115648,0,0.9907821393343776,0.9907872805455662
0.932635424810987,0.5692175408426483,1.0,0.39783653846153844,1.0,138027,0,208917,115648,0,0.9907821393343776,0.9907872805455662
0.9326298528386707,0.570446735395189,1.0,0.39903846153846156,1.0,138444,0,208500,115648,0,0.9907821393343776,0.9907872805455662
0.9325615124953824,0.5716738197424893,1.0,0.40024038461538464,1.0,138861,0,208083,115648,0,0.9907821393343776,0.9907872805455662
0.9324012246871811,0.5728987993138936,1.0,0.4014423076923077,1.0,139278,0,207666,115648,0,0.9907821393343776,0.9907872805455662
0.9322592215415173,0.5741216795201372,1.0,0.4026442307692308,1.0,139695,0,207249,115648,0,0.9907821393343776,0.9907872805455662
0.9322272595552771,0.5753424657534246,1.0,0.40384615384615385,1.0,140112,0,206832,115648,0,0.9907821393343776,0.9907872805455662
0.9320916458372496,0.5765611633875107,1.0,0.4050480769230769,1.0,140529,0,206415,115648,0,0.9907821393343776,0.9907872805455662
0.9319718139564533,0.5777777777777777,1.0,0.40625,1.0,140946,0,205998,115648,0,0.9907821393343776,0.9907872805455662
0.931327735639017,0.5789923142613151,1.0,0.4074519230769231,1.0,141363,0,205581,115648,0,0.9907821393343776,0.9907872805455662
0.9312411923016752,0.5802047781569966,1.0,0.40865384615384615,1.0,141780,0,205164,115648,0,0.9907821393343776,0.9907872805455662
0.9311971077896579,0.5814151747655584,1.0,0.4098557692307692,1.0,142197,0,204747,115648,0,0.9907821393343776,0.9907872805455662
0.9310270331718499,0.5826235093696763,1.0,0.4110576923076923,1.0,142614,0,204330,115648,0,0.9907821393343776,0.9907872805455662
0.9310012387802031,0.5838297872340426,1.0,0.41225961538461536,1.0,143031,0,203913,115648,0,0.9907821393343776,0.9907872805455662
0.9308735374909897,0.5850340136054422,1.0,0.41346153846153844,1.0,143448,0,203496,115648,0,0.9907821393343776,0.9907872805455662
0.9303050547138851,0.5862361937128292,1.0,0.41466346153846156,1.0,143865,0,203079,115648,0,0.9907821393343776,0.9907872805455662
0.9301532203711917,0.5874363327674024,1.0,0.41586538461538464,1.0,144282,0,202662,115648,0,0.9907821393343776,0.9907872805455662
0.9297767930886272,0.5886344359626803,1.0,0.4170673076923077,1.0,144699,0,202245,115648,0,0.9907821393343776,0.9907872805455662
0.9296146410166286,0.5898305084745763,1.0,0.4182692307692308,1.0,145116,0,201828,115648,0,0.9907821393343776,0.9907872805455662
0.9294880609105594,0.5910245554614734,1.0,0.41947115384615385,1.0,145533,0,201411,115648,0,0.9907821393343776,0.9907872805455662
0.9292591503439107,0.5922165820642978,1.0,0.4206730769230769,1.0,145950,0,200994,115648,0,0.9907821393343776,0.9907872805455662
0.92923528799657,0.5934065934065934,1.0,0.421875,1.0,146367,0,200577,115648,0,0.9907821393343776,0.9907872805455662
0.9291054123720535,0.5945945945945946,1.0,0.4230769230769231,1.0,146784,0,200160,115648,0,0.9907821393343776,0.9907872805455662
0.928846369883126,0.5957805907172996,1.0,0.42427884615384615,1.0,147201,0,199743,115648,0,0.9907821393343776,0.9907872805455662
0.9274998668500616,0.596964586846543,1.0,0.4254807692307692,1.0,147618,0,199326,115648,0,0.9907821393343776,0.9907872805455662
0.9272885758357405,0.5981465880370682,1.0,0.4266826923076923,1.0,148035,0,198909,115648,0,0.9907821393343776,0.9907872805455662
0.9270542235947152,0.5993265993265994,1.0,0.42788461538461536,1.0,148452,0,198492,115648,0,0.9907821393343776,0.9907872805455662
0.9270131936962129,0.6005046257359126,1.0,0.42908653846153844,1.0,148869,0,198075,115648,0,0.9907821393343776,0.9907872805455662
0.9269969519092267,0.6016806722689075,1.0,0.43028846153846156,1.0,149286,0,197658,115648,0,0.9907821393343776,0.9907872805455662
0.9268731318943731,0.6028547439126785,1.0,0.43149038461538464,1.0,149703,0,197241,115648,0,0.9907821393343776,0.9907872805455662
0.9267955271808965,0.6040268456375839,1.0,0.4326923076923077,1.0,150120,0,196824,115648,0,0.9907821393343776,0.9907872805455662
0.9264798058291506,0.6051969823973177,1.0,0.4338942307692308,1.0,150537,0,196407,115648,0,0.9907821393343776,0.9907872805455662
0.9264118361716844,0.6063651591289783,1.0,0.43509615384615385,1.0,150954,0,195990,115648,0,0.9907821393343776,0.9907872805455662
0.926359289639123,0.6075313807531381,1.0,0.4362980769230769,1.0,151371,0,195573,115648,0,0.9907821393343776,0.9907872805455662
0.9263003314512007,0.6086956521739131,1.0,0.4375,1.0,151788,0,195156,115648,0,0.9907821393343776,0.9907872805455662
0.9257644048871752,0.6098579782790309,1.0,0.4387019230769231,1.0,152205,0,194739,115648,0,0.9907821393343776,0.9907872805455662
0.925690086417303,0.6110183639398998,1.0,0.43990384615384615,1.0,152622,0,194322,115648,0,0.9907821393343776,0.9907872805455662
0.9254620906601422,0.6121768140116765,1.0,0.4411057692307692,1.0,153039,0,193905,115648,0,0.9907821393343776,0.9907872805455662
0.9245832445697841,0.6133333333333333,1.0,0.4423076923076923,1.0,153456,0,193488,115648,0,0.9907821393343776,0.9907872805455662
0.9244897694897867,0.6144879267277269,1.0,0.44350961538461536,1.0,153873,0,193071,115648,0,0.9907821393343776,0.9907872805455662
0.923361884086384,0.6156405990016639,1.0,0.44471153846153844,1.0,154290,0,192654,115648,0,0.9907821393343776,0.9907872805455662
0.9232045080132643,0.6167913549459684,1.0,0.44591346153846156,1.0,154707,0,192237,115648,0,0.9907821393343776,0.9907872805455662
0.9223753361713859,0.6179401993355482,1.0,0.44711538461538464,1.0,155124,0,191820,115648,0,0.9907821393343776,0.9907872805455662
0.9223109598861505,0.6190871369294606,1.0,0.4483173076923077,1.0,155541,0,191403,115648,0,0.9907821393343776,0.9907872805455662
0.9222758574871701,0.6202321724709784,1.0,0.4495192307692308,1.0,155958,0,190986,115648,0,0.9907821393343776,0.9907872805455662
0.9219069851819794,0.6213753106876554,1.0,0.45072115384615385,1.0,156375,0,190569,115648,0,0.9907821393343776,0.9907872805455662
0.9209974049323202,0.6225165562913907,1.0,0.4519230769230769,1.0,156792,0,190152,115648,0,0.9907821393343776,0.9907872805455662
0.9209512846900536,0.6236559139784946,1.0,0.453125,1.0,157209,0,189735,115648,0,0.9907821393343776,0.9907872805455662
0.9203370552764083,0.6247933884297521,1.0,0.4543269230769231,1.0,157626,0,189318,115648,0,0.9907821393343776,0.9907872805455662
0.9202272095770321,0.6259289843104872,1.0,0.45552884615384615,1.0,158043,0,188901,115648,0,0.9907821393343776,0.9907872805455662
0.9201350170419812,0.6270627062706271,1.0,0.4567307692307692,1.0,158460,0,188484,115648,0,0.9907821393343776,0.9907872805455662
0.9198540636777741,0.6281945589447651,1.0,0.4579326923076923,1.0,158877,0,188067,115648,0,0.9907821393343776,0.9907872805455662
0.919696911592333,0.6293245469522241,1.0,0.45913461538461536,1.0,159294,0,187650,115648,0,0.9907821393343776,0.9907872805455662
0.919591429635346,0.6304526748971193,1.0,0.46033653846153844,1.0,159711,0,187233,115648,0,0.9907821393343776,0.9907872805455662
0.919458227156358,0.631578947368421,1.0,0.46153846153846156,1.0,160128,0,186816,115648,0,0.9907821393343776,0.9907872805455662
0.9194281061751681,0.6327033689400164,1.0,0.46274038461538464,1.0,160545,0,186399,115648,0,0.9907821393343776,0.9907872805455662
0.9193882930055554,0.6338259441707718,1.0,0.4639423076923077,1.0,160962,0,185982,115648,0,0.9907821393343776,0.9907872805455662
0.9193528753162937,0.6349466776045939,1.0,0.4651442307692308,1.0,161379,0,185565,115648,0,0.9907821393343776,0.9907872805455662
0.9189951534663557,0.6360655737704918,1.0,0.46634615384615385,1.0,161796,0,185148,115648,0,0.9907821393343776,0.9907872805455662
0.9184376931834588,0.6371826371826372,1.0,0.4675480769230769,1.0,162213,0,184731,115648,0,0.9907821393343776,0.9907872805455662
0.9182388225857514,0.6382978723404256,1.0,0.46875,1.0,162630,0,184314,115648,0,0.9907821393343776,0.9907872805455662
0.9181435276133778,0.6394112837285364,1.0,0.4699519230769231,1.0,163047,0,183897,115648,0,0.9907821393343776,0.9907872805455662
0.9173558229339573,0.6405228758169934,1.0,0.47115384615384615,1.0,163464,0,183480,115648,0,0.9907821393343776,0.9907872805455662
0.9169110418081685,0.6416326530612245,1.0,0.4723557692307692,1.0,163881,0,183063,115648,0,0.9907821393343776,0.9907872805455662
0.9163128623064896,0.6427406199021207,1.0,0.4735576923076923,1.0,164298,0,182646,115648,0,0.9907821393343776,0.9907872805455662
0.9157111307433465,0.6438467807660961,1.0,0.47475961538461536,1.0,164715,0,182229,115648,0,0.9907821393343776,0.9907872805455662
0.9156781394814874,0.6449511400651465,1.0,0.47596153846153844,1.0,165132,0,181812,115648,0,0.9907821393343776,0.9907872805455662
0.915675702458333,0.646053702196908,1.0,0.47716346153846156,1.0,165549,0,181395,115648,0,0.9907821393343776,0.9907872805455662
0.9152824932909855,0.6471544715447154,1.0,0.47836538461538464,1.0,165966,0,180978,115648,0,0.9907821393343776,0.9907872805455662
0.9150220912964104,0.6482534524776604,1.0,0.4795673076923077,1.0,166383,0,180561,115648,0,0.9907821393343776,0.9907872805455662
0.91464532334868,0.6493506493506493,1.0,0.4807692307692308,1.0,166800,0,180144,115648,0,0.9907821393343776,0.9907872805455662
0.9144131978366177,0.6504460665044607,1.0,0.48197115384615385,1.0,167217,0,179727,115648,0,0.9907821393343776,0.9907872805455662
0.9143429661853297,0.6515397082658023,1.0,0.4831730769230769,1.0,167634,0,179310,115648,0,0.9907821393343776,0.9907872805455662
0.9141190309661705,0.6526315789473685,1.0,0.484375,1.0,168051,0,178893,115648,0,0.9907821393343776,0.9907872805455662
0.9140433365630765,0.6537216828478964,1.0,0.4855769230769231,1.0,168468,0,178476,115648,0,0.9907821393343776,0.9907872805455662
0.9138402003207318,0.6548100242522231,1.0,0.48677884615384615,1.0,168885,0,178059,115648,0,0.9907821393343776,0.9907872805455662
0.913267921263031,0.6558966074313409,1.0,0.4879807692307692,1.0,169302,0,177642,115648,0,0.9907821393343776,0.9907872805455662
0.9132246812948008,0.6569814366424536,1.0,0.4891826923076923,1.0,169719,0,177225,115648,0,0.9907821393343776,0.9907872805455662
0.913158063234883,0.6580645161290323,1.0,0.49038461538461536,1.0,170136,0,176808,115648,0,0.9907821393343776,0.9907872805455662
0.91310693973357,0.6591458501208702,1.0,0.49158653846153844,1.0,170553,0,176391,115648,0,0.9907821393343776,0.9907872805455662
0.9130182582815555,0.6602254428341385,1.0,0.49278846153846156,1.0,170970,0,175974,115648,0,0.9907821393343776,0.9907872805455662
0.9128021564704429,0.6613032984714401,1.0,0.49399038461538464,1.0,171387,0,175557,115648,0,0.9907821393343776,0.9907872805455662
0.9124281172356312,0.662379421221865,1.0,0.4951923076923077,1.0,171804,0,175140,115648,0,0.9907821393343776,0.9907872805455662
0.9123162114706735,0.6634538152610442,1.0,0.4963942307692308,1.0,172221,0,174723,115648,0,0.9907821393343776,0.9907872805455662
0.9123098052985978,0.6645264847512039,1.0,0.49759615384615385,1.0,172638,0,174306,115648,0,0.9907821393343776,0.9907872805455662
0.9121917139689724,0.6655974338412189,1.0,0.4987980769230769,1.0,173055,0,173889,115648,0,0.9907821393343776,0.9907872805455662
0.9119551553422875,0.6666666666666666,1.0,0.5,1.0,173472,0,173472,115648,0,0.9907821393343776,0.9907872805455662
0.9117189603243621,0.6677341873498799,1.0,0.5012019230769231,1.0,173889,0,173055,115648,0,0.9907821393343776,0.9907872805455662
0.9113579111118724,0.6688,1.0,0.5024038461538461,1.0,174306,0,172638,115648,0,0.9907821393343776,0.9907872805455662
0.9113073571357425,0.6698641087130296,1.0,0.5036057692307693,1.0,174723,0,172221,115648,0,0.9907821393343776,0.9907872805455662
0.9104263115357195,0.670926517571885,1.0,0.5048076923076923,1.0,175140,0,171804,115648,0,0.9907821393343776,0.9907872805455662
0.9103497622887248,0.6719872306464485,1.0,0.5060096153846154,1.0,175557,0,171387,115648,0,0.9907821393343776,0.9907872805455662
0.9098547141587681,0.6730462519936204,1.0,0.5072115384615384,1.0,175974,0,170970,115648,0,0.9907821393343776,0.9907872805455662
0.909526943411761,0.6741035856573705,1.0,0.5084134615384616,1.0,176391,0,170553,115648,0,0.9907821393343776,0.9907872805455662
0.9095010801541945,0.6751592356687898,1.0,0.5096153846153846,1.0,176808,0,170136,115648,0,0.9907821393343776,0.9907872805455662
0.9094782751953417,0.6762132060461417,1.0,0.5108173076923077,1.0,177225,0,169719,115648,0,0.9907821393343776,0.9907872805455662
0.9093928615320057,0.6772655007949125,1.0,0.5120192307692307,1.0,177642,0,169302,115648,0,0.9907821393343776,0.9907872805455662
0.9091769578732131,0.6783161239078633,1.0,0.5132211538461539,1.0,178059,0,168885,115648,0,0.9907821393343776,0.9907872805455662
0.9079493640727615,0.6793650793650794,1.0,0.5144230769230769,1.0,178476,0,168468,115648,0,0.9907821393343776,0.9907872805455662
0.9073578911316802,0.6804123711340206,1.0,0.515625,1.0,178893,0,168051,115648,0,0.9907821393343776,0.9907872805455662
0.9068152107225932,0.6814580031695721,1.0,0.5168269230769231,1.0,179310,0,167634,115648,0,0.9907821393343776,0.9907872805455662
0.9067925833045173,0.6825019794140934,1.0,0.5180288461538461,1.0,179727,0,167217,115648,0,0.9907821393343776,0.9907872805455662
0.9067836138673357,0.6835443037974683,1.0,0.5192307692307693,1.0,180144,0,166800,115648,0,0.9907821393343776,0.9907872805455662
0.9067656224789152,0.6845849802371542,1.0,0.5204326923076923,1.0,180561,0,166383,115648,0,0.9907821393343776,0.9907872805455662
0.9066476159104556,0.6856240126382307,1.0,0.5216346153846154,1.0,180978,0,165966,115648,0,0.9907821393343776,0.9907872805455662
0.9066020793549261,0.6866614048934491,1.0,0.5228365384615384,1.0,181395,0,165549,115648,0,0.9907821393343776,0.9907872805455662
0.9065136866261185,0.6876971608832808,1.0,0.5240384615384616,1.0,181812,0,165132,115648,0,0.9907821393343776,0.9907872805455662
0.9063123220373595,0.6887312844759653,1.0,0.5252403846153846,1.0,182229,0,164715,115648,0,0.9907821393343776,0.9907872805455662
0.9057847967052386,0.6897637795275591,1.0,0.5264423076923077,1.0,182646,0,164298,115648,0,0.9907821393343776,0.9907872805455662
0.9056407458352339,0.6907946498819827,1.0,0.5276442307692307,1.0,183063,0,163881,115648,0,0.9907821393343776,0.9907872805455662
0.9055958271462723,0.6918238993710691,1.0,0.5288461538461539,1.0,183480,0,163464,115648,0,0.9907821393343776,0.9907872805455662
0.9055613926856265,0.6928515318146111,1.0,0.5300480769230769,1.0,183897,0,163047,115648,0,0.9907821393343776,0.9907872805455662
0.9054845385677834,0.6938775510204082,1.0,0.53125,1.0,184314,0,162630,115648,0,0.9907821393343776,0.9907872805455662
0.905401776325155,0.6949019607843138,1.0,0.5324519230769231,1.0,184731,0,162213,115648,0,0.9907821393343776,0.9907872805455662
0.9042221882686139,0.6959247648902821,1.0,0.5336538461538461,1.0,185148,0,161796,115648,0,0.9907821393343776,0.9907872805455662
0.9039223279930375,0.696945967110415,1.0,0.5348557692307693,1.0,185565,0,161379,115648,0,0.9907821393343776,0.9907872805455662
0.9038374988103273,0.6979655712050078,1.0,0.5360576923076923,1.0,185982,0,160962,115648,0,0.9907821393343776,0.9907872805455662
0.9037950476175864,0.6989835809225958,1.0,0.5372596153846154,1.0,186399,0,160545,115648,0,0.9907821393343776,0.9907872805455662
0.9030520798042803,0.7,1.0,0.5384615384615384,1.0,186816,0,160128,115648,0,0.9907821393343776,0.9907872805455662
0.9028740285791255,0.7010148321623731,1.0,0.5396634615384616,1.0,187233,0,159711,115648,0,0.9907821393343776,0.9907872805455662
0.9018670691731234,0.7020280811232449,1.0,0.5408653846153846,1.0,187650,0,159294,115648,0,0.9907821393343776,0.9907872805455662
0.9018480567725875,0.7030397505845675,1.0,0.5420673076923077,1.0,188067,0,158877,115648,0,0.9907821393343776,0.9907872805455662
0.9016686933362581,0.7040498442367601,1.0,0.5432692307692307,1.0,188484,0,158460,115648,0,0.9907821393343776,0.9907872805455662
0.9015028965429119,0.7050583657587549,1.0,0.5444711538461539,1.0,188901,0,158043,115648,0,0.9907821393343776,0.9907872805455662
0.901111520936956,0.7060653188180405,1.0,0.5456730769230769,1.0,189318,0,157626,115648,0,0.9907821393343776,0.9907872805455662
0.9010481109403828,0.7070707070707071,1.0,0.546875,1.0,189735,0,157209,115648,0,0.9907821393343776,0.9907872805455662
0.9010352763173494,0.7080745341614907,1.0,0.5480769230769231,1.0,190152,0,156792,115648,0,0.9907821393343776,0.9907872805455662
0.9006583430587456,0.7090768037238169,1.0,0.5492788461538461,1.0,190569,0,156375,115648,0,0.9907821393343776,0.9907872805455662
0.9005512327239654,0.710077519379845,1.0,0.5504807692307693,1.0,190986,0,155958,115648,0,0.9907821393343776,0.9907872805455662
0.9001331697588397,0.7110766847405112,1.0,0.5516826923076923,1.0,191403,0,155541,115648,0,0.9907821393343776,0.9907872805455662
0.9000832274892738,0.7120743034055728,1.0,0.5528846153846154,1.0,191820,0,155124,115648,0,0.9907821393343776,0.9907872805455662
0.9000739245339946,0.7130703789636504,1.0,0.5540865384615384,1.0,192237,0,154707,115648,0,0.9907821393343776,0.9907872805455662
0.8996759989113234,0.714064914992272,1.0,0.5552884615384616,1.0,192654,0,154290,115648,0,0.9907821393343776,0.9907872805455662
0.8992033925852115,0.715057915057915,1.0,0.5564903846153846,1.0,193071,0,153873,115648,0,0.9907821393343776,0.9907872805455662
0.899128823352489,0.7160493827160493,1.0,0.5576923076923077,1.0,193488,0,153456,115648,0,0.9907821393343776,0.9907872805455662
0.8989917544489503,0.7170393215111797,1.0,0.5588942307692307,1.0,193905,0,153039,115648,0,0.9907821393343776,0.9907872805455662
0.8989905390914255,0.7180277349768875,1.0,0.5600961538461539,1.0,194322,0,152622,115648,0,0.9907821393343776,0.9907872805455662
0.8987085875394243,0.7190146266358738,1.0,0.5612980769230769,1.0,194739,0,152205,115648,0,0.9907821393343776,0.9907872805455662
0.8986907333556426,0.72,1.0,0.5625,1.0,195156,0,151788,115648,0,0.9907821393343776,0.9907872805455662
0.8985832305262501,0.7209838585703305,1.0,0.5637019230769231,1.0,195573,0,151371,115648,0,0.9907821393343776,0.9907872805455662
0.8980139747187856,0.7219662058371735,1.0,0.5649038461538461,1.0,195990,0,150954,115648,0,0.9907821393343776,0.9907872805455662
0.8966020077175829,0.7229470452801228,1.0,0.5661057692307693,1.0,196407,0,150537,115648,0,0.9907821393343776,0.9907872805455662
0.8965013023132584,0.7239263803680982,1.0,0.5673076923076923,1.0,196824,0,150120,115648,0,0.9907821393343776,0.9907872805455662
0.8964524268433298,0.724904214559387,1.0,0.5685096153846154,1.0,197241,0,149703,115648,0,0.9907821393343776,0.9907872805455662
0.8956639286380879,0.7258805513016845,1.0,0.5697115384615384,1.0,197658,0,149286,115648,0,0.9907821393343776,0.9907872805455662
0.8950348173165865,0.7268553940321346,1.0,0.5709134615384616,1.0,198075,0,148869,115648,0,0.9907821393343776,0.9907872805455662
0.894640628714044,0.72782874617737,1.0,0.5721153846153846,1.0,198492,0,148452,115648,0,0.9907821393343776,0.9907872805455662
0.8944498817801663,0.7288006111535523,1.0,0.5733173076923077,1.0,198909,0,148035,115648,0,0.9907821393343776,0.9907872805455662
0.894049329687177,0.7297709923664122,1.0,0.5745192307692307,1.0,199326,0,147618,115648,0,0.9907821393343776,0.9907872805455662
0.8937401272944633,0.7307398932112891,1.0,0.5757211538461539,1.0,199743,0,147201,115648,0,0.9907821393343776,0.9907872805455662
0.893246178837471,0.7317073170731707,1.0,0.5769230769230769,1.0,200160,0,146784,115648,0,0.9907821393343776,0.9907872805455662
0.8930725757794242,0.7326732673267327,1.0,0.578125,1.0,200577,0,146367,115648,0,0.9907821393343776,0.9907872805455662
0.8929535516051899,0.7336377473363774,1.0,0.5793269230769231,1.0,200994,0,145950,115648,0,0.9907821393343776,0.9907872805455662
0.8926704153933209,0.7346007604562738,1.0,0.5805288461538461,1.0,201411,0,145533,115648,0,0.9907821393343776,0.9907872805455662
0.8926030198999886,0.7355623100303952,1.0,0.5817307692307693,1.0,201828,0,145116,115648,0,0.9907821393343776,0.9907872805455662
0.8910077429684389,0.7365223993925588,1.0,0.5829326923076923,1.0,202245,0,144699,115648,0,0.9907821393343776,0.9907872805455662
0.8907148791755863,0.7374810318664643,1.0,0.5841346153846154,1.0,202662,0,144282,115648,0,0.9907821393343776,0.9907872805455662
0.8906563338977231,0.7384382107657316,1.0,0.5853365384615384,1.0,203079,0,143865,115648,0,0.9907821393343776,0.9907872805455662
0.8898097665204829,0.7393939393939394,1.0,0.5865384615384616,1.0,203496,0,143448,115648,0,0.9907821393343776,0.9907872805455662
0.8895229836265346,0.7403482210446631,1.0,0.5877403846153846,1.0,203913,0,143031,115648,0,0.9907821393343776,0.9907872805455662
0.8887631830467859,0.7413010590015129,1.0,0.5889423076923077,1.0,204330,0,142614,115648,0,0.9907821393343776,0.9907872805455662
0.8882238561038052,0.7422524565381708,1.0,0.5901442307692307,1.0,204747,0,142197,115648,0,0.9907821393343776,0.9907872805455662
0.8882135137783068,0.743202416918429,1.0,0.5913461538461539,1.0,205164,0,141780,115648,0,0.9907821393343776,0.9907872805455662
0.8878564987073394,0.7441509433962264,1.0,0.5925480769230769,1.0,205581,0,141363,115648,0,0.9907821393343776,0.9907872805455662
0.8878227497506417,0.7450980392156863,1.0,0.59375,1.0,205998,0,140946,115648,0,0.9907821393343776,0.9907872805455662
0.8877703505911985,0.746043707611153,1.0,0.5949519230769231,1.0,206415,0,140529,115648,0,0.9907821393343776,0.9907872805455662
0.8874071781380714,0.7469879518072289,1.0,0.5961538461538461,1.0,206832,0,140112,115648,0,0.9907821393343776,0.9907872805455662
0.8868666570078251,0.7479307750188111,1.0,0.5973557692307693,1.0,207249,0,139695,115648,0,0.9907821393343776,0.9907872805455662
0.8868194221971868,0.7488721804511278,1.0,0.5985576923076923,1.0,207666,0,139278,115648,0,0.9907821393343776,0.9907872805455662
0.88678073854696,0.7498121712997746,1.0,0.5997596153846154,1.0,208083,0,138861,115648,0,0.9907821393343776,0.9907872805455662
0.8860345169095492,0.7507507507507507,1.0,0.6009615384615384,1.0,208500,0,138444,115648,0,0.9907821393343776,0.9907872805455662
0.8858377533287081,0.7516879219804952,1.0,0.6021634615384616,1.0,208917,0,138027,115648,0,0.9907821393343776,0.9907872805455662
0.8853283078299363,0.7526236881559221,1.0,0.6033653846153846,1.0,209334,0,137610,115648,0,0.9907821393343776,0.9907872805455662
0.8852319263213442,0.753558052434457,1.0,0.6045673076923077,1.0,209751,0,137193,115648,0,0.9907821393343776,0.9907872805455662
0.8847816290510169,0.7544910179640718,1.0,0.6057692307692307,1.0,210168,0,136776,115648,0,0.9907821393343776,0.9907872805455662
0.8847233964736376,0.7554225878833208,1.0,0.6069711538461539,1.0,210585,0,136359,115648,0,0.9907821393343776,0.9907872805455662
0.8842008422594826,0.7563527653213752,1.0,0.6081730769230769,1.0,211002,0,135942,115648,0,0.9907821393343776,0.9907872805455662
0.8839842248177052,0.7572815533980582,1.0,0.609375,1.0,211419,0,135525,115648,0,0.9907821393343776,0.9907872805455662
0.8839150081932753,0.7582089552238805,1.0,0.6105769230769231,1.0,211836,0,135108,115648,0,0.9907821393343776,0.9907872805455662
0.882487173465275,0.7591349739000746,1.0,0.6117788461538461,1.0,212253,0,134691,115648,0,0.9907821393343776,0.9907872805455662
0.8824671827916698,0.7600596125186289,1.0,0.6129807692307693,1.0,212670,0,134274,115648,0,0.9907821393343776,0.9907872805455662
0.8823468877164586,0.7609828741623231,1.0,0.6141826923076923,1.0,213087,0,133857,115648,0,0.9907821393343776,0.9907872805455662
0.8819803999253741,0.7619047619047619,1.0,0.6153846153846154,1.0,213504,0,133440,115648,0,0.9907821393343776,0.9907872805455662
0.8817010075513536,0.762825278810409,1.0,0.6165865384615384,1.0,213921,0,133023,115648,0,0.9907821393343776,0.9907872805455662
0.8815905125685635,0.763744427934621,1.0,0.6177884615384616,1.0,214338,0,132606,115648,0,0.9907821393343776,0.9907872805455662
0.8814359855655074,0.7646622123236823,1.0,0.6189903846153846,1.0,214755,0,132189,115648,0,0.9907821393343776,0.9907872805455662
0.8812992016548303,0.7655786350148368,1.0,0.6201923076923077,1.0,215172,0,131772,115648,0,0.9907821393343776,0.9907872805455662
0.8809568022489396,0.7664936990363233,1.0,0.6213942307692307,1.0,215589,0,131355,115648,0,0.9907821393343776,0.9907872805455662
0.8804682598520721,0.7674074074074074,1.0,0.6225961538461539,1.0,216006,0,130938,115648,0,0.9907821393343776,0.9907872805455662
0.880163043221541,0.768319763138416,1.0,0.6237980769230769,1.0,216423,0,130521,115648,0,0.9907821393343776,0.9907872805455662
0.8801242113111118,0.7692307692307693,1.0,0.625,1.0,216840,0,130104,115648,0,0.9907821393343776,0.9907872805455662
0.8798124223480627,0.770140428677014,1.0,0.6262019230769231,1.0,217257,0,129687,115648,0,0.9907821393343776,0.9907872805455662
0.879388772547478,0.7710487444608567,1.0,0.6274038461538461,1.0,217674,0,129270,115648,0,0.9907821393343776,0.9907872805455662
0.8790304777663664,0.7719557195571956,1.0,0.6286057692307693,1.0,218091,0,128853,115648,0,0.9907821393343776,0.9907872805455662
0.8787885549101897,0.7728613569321534,1.0,0.6298076923076923,1.0,218508,0,128436,115648,0,0.9907821393343776,0.9907872805455662
0.878510068795921,0.7737656595431098,1.0,0.6310096153846154,1.0,218925,0,128019,115648,0,0.9907821393343776,0.9907872805455662
0.8784092828437837,0.7746686303387335,1.0,0.6322115384615384,1.0,219342,0,127602,115648,0,0.9907821393343776,0.9907872805455662
0.8783087095783325,0.775570272259014,1.0,0.6334134615384616,1.0,219759,0,127185,115648,0,0.9907821393343776,0.9907872805455662
0.8773189307683344,0.7764705882352941,1.0,0.6346153846153846,1.0,220176,0,126768,115648,0,0.9907821393343776,0.9907872805455662
0.8768041558353856,0.7773695811903012,1.0,0.6358173076923077,1.0,220593,0,126351,115648,0,0.9907821393343776,0.9907872805455662
0.8767532204617101,0.7782672540381792,1.0,0.6370192307692307,1.0,221010,0,125934,115648,0,0.9907821393343776,0.9907872805455662
0.8755570787949025,0.7791636096845195,1.0,0.6382211538461539,1.0,221427,0,125517,115648,0,0.9907821393343776,0.9907872805455662
0.8753391445487164,0.7800586510263929,1.0,0.6394230769230769,1.0,221844,0,125100,115648,0,0.9907821393343776,0.9907872805455662
0.8742297184459771,0.780952380952381,1.0,0.640625,1.0,222261,0,124683,115648,0,0.9907821393343776,0.9907872805455662
0.8739689643496706,0.7818448023426061,1.0,0.6418269230769231,1.0,222678,0,124266,115648,0,0.9907821393343776,0.9907872805455662
0.8736687850324494,0.7827359180687637,1.0,0.6430288461538461,1.0,223095,0,123849,115648,0,0.9907821393343776,0.9907872805455662
0.8733602350983897,0.783625730994152,1.0,0.6442307692307693,1.0,223512,0,123432,115648,0,0.9907821393343776,0.9907872805455662
0.8733282805107001,0.7845142439737034,1.0,0.6454326923076923,1.0,223929,0,123015,115648,0,0.9907821393343776,0.9907872805455662
0.8732486629061169,0.7854014598540145,1.0,0.6466346153846154,1.0,224346,0,122598,115648,0,0.9907821393343776,0.9907872805455662
0.8730614481189084,0.7862873814733771,1.0,0.6478365384615384,1.0,224763,0,122181,115648,0,0.9907821393343776,0.9907872805455662
0.8715263996263881,0.7871720116618076,1.0,0.6490384615384616,1.0,225180,0,121764,115648,0,0.9907821393343776,0.9907872805455662
0.8714771426695914,0.7880553532410779,1.0,0.6502403846153846,1.0,225597,0,121347,115648,0,0.9907821393343776,0.9907872805455662
0.8712687036471476,0.7889374090247453,1.0,0.6514423076923077,1.0,226014,0,120930,115648,0,0.9907821393343776,0.9907872805455662
0.8700770784985958,0.7898181818181819,1.0,0.6526442307692307,1.0,226431,0,120513,115648,0,0.9907821393343776,0.9907872805455662
0.8698162670594373,0.7906976744186046,1.0,0.6538461538461539,1.0,226848,0,120096,115648,0,0.9907821393343776,0.9907872805455662
0.8690926960850179,0.7915758896151053,1.0,0.6550480769230769,1.0,227265,0,119679,115648,0,0.9907821393343776,0.9907872805455662
0.8690688672399014,0.7924528301886793,1.0,0.65625,1.0,227682,0,119262,115648,0,0.9907821393343776,0.9907872805455662
0.8681535635522126,0.7933284989122552,1.0,0.6574519230769231,1.0,228099,0,118845,115648,0,0.9907821393343776,0.9907872805455662
0.8679499523404126,0.7942028985507247,1.0,0.6586538461538461,1.0,228516,0,118428,115648,0,0.9907821393343776,0.9907872805455662
0.8678946271690815,0.7950760318609703,1.0,0.6598557692307693,1.0,228933,0,118011,115648,0,0.9907821393343776,0.9907872805455662
0.8677641665149887,0.7959479015918958,1.0,0.6610576923076923,1.0,229350,0,117594,115648,0,0.9907821393343776,0.9907872805455662
0.8673316177694645,0.7968185104844541,1.0,0.6622596153846154,1.0,229767,0,117177,115648,0,0.9907821393343776,0.9907872805455662
0.8665320681649317,0.7976878612716763,1.0,0.6634615384615384,1.0,230184,0,116760,115648,0,0.9907821393343776,0.9907872805455662
0.866476778374905,0.7985559566787004,1.0,0.6646634615384616,1.0,230601,0,116343,115648,0,0.9907821393343776,0.9907872805455662
0.8661080478049464,0.7994227994227994,1.0,0.6658653846153846,1.0,231018,0,115926,115648,0,0.9907821393343776,0.9907872805455662
0.866029527915638,0.8002883922134102,1.0,0.6670673076923077,1.0,231435,0,115509,115648,0,0.9907821393343776,0.9907872805455662
0.8659336780781903,0.8011527377521613,1.0,0.6682692307692307,1.0,231852,0,115092,115648,0,0.9907821393343776,0.9907872805455662
0.865276451933133,0.8020158387329014,1.0,0.6694711538461539,1.0,232269,0,114675,115648,0,0.9907821393343776,0.9907872805455662
0.8651647657523325,0.8028776978417266,1.0,0.6706730769230769,1.0,232686,0,114258,115648,0,0.9907821393343776,0.9907872805455662
0.8646434800695451,0.8037383177570093,1.0,0.671875,1.0,233103,0,113841,115648,0,0.9907821393343776,0.9907872805455662
0.8643304665695963,0.8045977011494253,1.0,0.6730769230769231,1.0,233520,0,113424,115648,0,0.9907821393343776,0.9907872805455662
0.8638570638753196,0.8054558506819813,1.0,0.6742788461538461,1.0,233937,0,113007,115648,0,0.9907821393343776,0.9907872805455662
0.8626549052994913,0.806312769010043,1.0,0.6754807692307693,1.0,234354,0,112590,115648,0,0.9907821393343776,0.9907872805455662
0.8609012824180667,0.807168458781362,1.0,0.6766826923076923,1.0,234771,0,112173,115648,0,0.9907821393343776,0.9907872805455662
0.8608046229098812,0.8080229226361032,1.0,0.6778846153846154,1.0,235188,0,111756,115648,0,0.9907821393343776,0.9907872805455662
0.8607068867897633,0.8088761632068718,1.0,0.6790865384615384,1.0,235605,0,111339,115648,0,0.9907821393343776,0.9907872805455662
0.8605295427968963,0.8097281831187411,1.0,0.6802884615384616,1.0,236022,0,110922,115648,0,0.9907821393343776,0.9907872805455662
0.8593887338131235,0.810578984989278,1.0,0.6814903846153846,1.0,236439,0,110505,115648,0,0.9907821393343776,0.9907872805455662
0.8593868254765562,0.8114285714285714,1.0,0.6826923076923077,1.0,236856,0,110088,115648,0,0.9907821393343776,0.9907872805455662
0.8591286634704518,0.8122769450392576,1.0,0.6838942307692307,1.0,237273,0,109671,115648,0,0.9907821393343776,0.9907872805455662
0.8590371352554753,0.8131241084165478,1.0,0.6850961538461539,1.0,237690,0,109254,115648,0,0.9907821393343776,0.9907872805455662
0.8585395454813833,0.8139700641482538,1.0,0.6862980769230769,1.0,238107,0,108837,115648,0,0.9907821393343776,0.9907872805455662
0.8583727063464044,0.8148148148148148,1.0,0.6875,1.0,238524,0,108420,115648,0,0.9907821393343776,0.9907872805455662
0.8577605213945143,0.8156583629893238,1.0,0.6887019230769231,1.0,238941,0,108003,115648,0,0.9907821393343776,0.9907872805455662
0.8577409399435474,0.8165007112375533,1.0,0.6899038461538461,1.0,239358,0,107586,115648,0,0.9907821393343776,0.9907872805455662
0.8574470227220494,0.8173418621179815,1.0,0.6911057692307693,1.0,239775,0,107169,115648,0,0.9907821393343776,0.9907872805455662
0.8553705842222419,0.8181818181818182,1.0,0.6923076923076923,1.0,240192,0,106752,115648,0,0.9907821393343776,0.9907872805455662
0.8550758262404106,0.8190205819730305,1.0,0.6935096153846154,1.0,240609,0,106335,115648,0,0.9907821393343776,0.9907872805455662
0.8541829650732089,0.8198581560283688,1.0,0.6947115384615384,1.0,241026,0,105918,115648,0,0.9907821393343776,0.9907872805455662
0.8537832501181415,0.820694542877392,1.0,0.6959134615384616,1.0,241443,0,105501,115648,0,0.9907821393343776,0.9907872805455662
0.8525714289488742,0.8215297450424929,1.0,0.6971153846153846,1.0,241860,0,105084,115648,0,0.9907821393343776,0.9907872805455662
0.8514622015760989,0.8223637650389243,1.0,0.6983173076923077,1.0,242277,0,104667,115648,0,0.9907821393343776,0.9907872805455662
0.8507631401929872,0.8231966053748232,1.0,0.6995192307692307,1.0,242694,0,104250,115648,0,0.9907821393343776,0.9907872805455662
0.850190899959854,0.8240282685512368,1.0,0.7007211538461539,1.0,243111,0,103833,115648,0,0.9907821393343776,0.9907872805455662
0.8501729367658422,0.8248587570621468,1.0,0.7019230769230769,1.0,243528,0,103416,115648,0,0.9907821393343776,0.9907872805455662
0.8494508832056854,0.8256880733944955,1.0,0.703125,1.0,243945,0,102999,115648,0,0.9907821393343776,0.9907872805455662
0.8482251368520096,0.8265162200282088,1.0,0.7043269230769231,1.0,244362,0,102582,115648,0,0.9907821393343776,0.9907872805455662
0.846998118510121,0.8273431994362227,1.0,0.7055288461538461,1.0,244779,0,102165,115648,0,0.9907821393343776,0.9907872805455662
0.8458677358308249,0.828169014084507,1.0,0.7067307692307693,1.0,245196,0,101748,115648,0,0.9907821393343776,0.9907872805455662
0.8458025265758671,0.82899366643209,1.0,0.7079326923076923,1.0,245613,0,101331,115648,0,0.9907821393343776,0.9907872805455662
0.8446182472758543,0.829817158931083,1.0,0.7091346153846154,1.0,246030,0,100914,115648,0,0.9907821393343776,0.9907872805455662
0.8440416940920443,0.8306394940267041,1.0,0.7103365384615384,1.0,246447,0,100497,115648,0,0.9907821393343776,0.9907872805455662
0.8427702746189324,0.8314606741573034,1.0,0.7115384615384616,1.0,246864,0,100080,115648,0,0.9907821393343776,0.9907872805455662
0.8418121991297294,0.832280701754386,1.0,0.7127403846153846,1.0,247281,0,99663,115648,0,0.9907821393343776,0.9907872805455662
0.8414380049832157,0.8330995792426368,1.0,0.7139423076923077,1.0,247698,0,99246,115648,0,0.9907821393343776,0.9907872805455662
0.840392931400928,0.833917309039944,1.0,0.7151442307692307,1.0,248115,0,98829,115648,0,0.9907821393343776,0.9907872805455662
0.8395712327053351,0.834733893557423,1.0,0.7163461538461539,1.0,248532,0,98412,115648,0,0.9907821393343776,0.9907872805455662
0.8390871399228982,0.8355493351994402,1.0,0.7175480769230769,1.0,248949,0,97995,115648,0,0.9907821393343776,0.9907872805455662
0.838942044390304,0.8363636363636363,1.0,0.71875,1.0,249366,0,97578,115648,0,0.9907821393343776,0.9907872805455662
0.8388566292179092,0.8371767994409504,1.0,0.7199519230769231,1.0,249783,0,97161,115648,0,0.9907821393343776,0.9907872805455662
0.8383053536067087,0.8379888268156425,1.0,0.7211538461538461,1.0,250200,0,96744,115648,0,0.9907821393343776,0.9907872805455662
0.838014232214479,0.8387997208653175,1.0,0.7223557692307693,1.0,250617,0,96327,115648,0,0.9907821393343776,0.9907872805455662
0.8374229091110321,0.8396094839609484,1.0,0.7235576923076923,1.0,251034,0,95910,115648,0,0.9907821393343776,0.9907872805455662
0.8373475231478335,0.840418118466899,1.0,0.7247596153846154,1.0,251451,0,95493,115648,0,0.9907821393343776,0.9907872805455662
0.8367617602396519,0.841225626740947,1.0,0.7259615384615384,1.0,251868,0,95076,115648,0,0.9907821393343776,0.9907872805455662
0.8352186386211632,0.8420320111343076,1.0,0.7271634615384616,1.0,252285,0,94659,115648,0,0.9907821393343776,0.9907872805455662
0.8351996372526307,0.8428372739916551,1.0,0.7283653846153846,1.0,252702,0,94242,115648,0,0.9907821393343776,0.9907872805455662
0.8351468265575899,0.8436414176511466,1.0,0.7295673076923077,1.0,253119,0,93825,115648,0,0.9907821393343776,0.9907872805455662
0.8351456209894677,0.8444444444444444,1.0,0.7307692307692307,1.0,253536,0,93408,115648,0,0.9907821393343776,0.9907872805455662
0.8346129161533851,0.8452463566967384,1.0,0.7319711538461539,1.0,253953,0,92991,115648,0,0.9907821393343776,0.9907872805455662
0.8344094349482226,0.8460471567267683,1.0,0.7331730769230769,1.0,254370,0,92574,115648,0,0.9907821393343776,0.9907872805455662
0.8343471786602583,0.8468468468468469,1.0,0.734375,1.0,254787,0,92157,115648,0,0.9907821393343776,0.9907872805455662
0.8321504014366176,0.8476454293628809,1.0,0.7355769230769231,1.0,255204,0,91740,115648,0,0.9907821393343776,0.9907872805455662
0.8310010430013397,0.8484429065743945,1.0,0.7367788461538461,1.0,255621,0,91323,115648,0,0.9907821393343776,0.9907872805455662
0.8297326973282523,0.8492392807745505,1.0,0.7379807692307693,1.0,256038,0,90906,115648,0,0.9907821393343776,0.9907872805455662
0.8295882070818331,0.8500345542501728,1.0,0.7391826923076923,1.0,256455,0,90489,115648,0,0.9907821393343776,0.9907872805455662
0.8286252532842197,0.850828729281768,1.0,0.7403846153846154,1.0,256872,0,90072,115648,0,0.9907821393343776,0.9907872805455662
0.8264071423395172,0.8516218081435473,1.0,0.7415865384615384,1.0,257289,0,89655,115648,0,0.9907821393343776,0.9907872805455662
0.8262531140277609,0.8524137931034482,1.0,0.7427884615384616,1.0,257706,0,89238,115648,0,0.9907821393343776,0.9907872805455662
0.8255655776973709,0.8532046864231564,1.0,0.7439903846153846,1.0,258123,0,88821,115648,0,0.9907821393343776,0.9907872805455662
0.8238237089642433,0.8539944903581267,1.0,0.7451923076923077,1.0,258540,0,88404,115648,0,0.9907821393343776,0.9907872805455662
0.8237066976057388,0.8547832071576049,1.0,0.7463942307692307,1.0,258957,0,87987,115648,0,0.9907821393343776,0.9907872805455662
0.8234400118639542,0.8555708390646493,1.0,0.7475961538461539,1.0,259374,0,87570,115648,0,0.9907821393343776,0.9907872805455662
0.8230170634884157,0.8563573883161512,1.0,0.7487980769230769,1.0,259791,0,87153,115648,0,0.9907821393343776,0.9907872805455662
0.8219848944889141,0.8571428571428571,1.0,0.75,1.0,260208,0,86736,115648,0,0.9907821393343776,0.9907872805455662
0.821913463275781,0.8579272477693891,1.0,0.7512019230769231,1.0,260625,0,86319,115648,0,0.9907821393343776,0.9907872805455662
0.8219074492017706,0.8587105624142661,1.0,0.7524038461538461,1.0,261042,0,85902,115648,0,0.9907821393343776,0.9907872805455662
0.8213589541590434,0.8594928032899246,1.0,0.7536057692307693,1.0,261459,0,85485,115648,0,0.9907821393343776,0.9907872805455662
0.8212270383533216,0.8602739726027397,1.0,0.7548076923076923,1.0,261876,0,85068,115648,0,0.9907821393343776,0.9907872805455662
0.8185985281969632,0.8610540725530459,1.0,0.7560096153846154,1.0,262293,0,84651,115648,0,0.9907821393343776,0.9907872805455662
0.8183831681566422,0.8618331053351573,1.0,0.7572115384615384,1.0,262710,0,84234,115648,0,0.9907821393343776,0.9907872805455662
0.8167670973506591,0.8626110731373889,1.0,0.7584134615384616,1.0,263127,0,83817,115648,0,0.9907821393343776,0.9907872805455662
0.8154141307149377,0.8633879781420765,1.0,0.7596153846153846,1.0,263544,0,83400,115648,0,0.9907821393343776,0.9907872805455662
0.8146325852304506,0.8641638225255973,1.0,0.7608173076923077,1.0,263961,0,82983,115648,0,0.9907821393343776,0.9907872805455662
0.8122821923967973,0.8649386084583902,1.0,0.7620192307692307,1.0,264378,0,82566,115648,0,0.9907821393343776,0.9907872805455662
0.8092997487186663,0.8657123381049762,1.0,0.7632211538461539,1.0,264795,0,82149,115648,0,0.9907821393343776,0.9907872805455662
0.8090926881465854,0.8664850136239782,1.0,0.7644230769230769,1.0,265212,0,81732,115648,0,0.9907821393343776,0.9907872805455662
0.8080183469976174,0.8672566371681416,1.0,0.765625,1.0,265629,0,81315,115648,0,0.9907821393343776,0.9907872805455662
0.8072022822204298,0.8680272108843538,1.0,0.7668269230769231,1.0,266046,0,80898,115648,0,0.9907821393343776,0.9907872805455662
0.8060767489774157,0.8687967369136642,1.0,0.7680288461538461,1.0,266463,0,80481,115648,0,0.9907821393343776,0.9907872805455662
0.8060217690216565,0.8695652173913043,1.0,0.7692307692307693,1.0,266880,0,80064,115648,0,0.9907821393343776,0.9907872805455662
0.8055984521283619,0.8703326544467074,1.0,0.7704326923076923,1.0,267297,0,79647,115648,0,0.9907821393343776,0.9907872805455662
0.8046338826653858,0.8710990502035278,1.0,0.7716346153846154,1.0,267714,0,79230,115648,0,0.9907821393343776,0.9907872805455662
0.8039933271188962,0.871864406779661,1.0,0.7728365384615384,1.0,268131,0,78813,115648,0,0.9907821393343776,0.9907872805455662
0.8039072474833819,0.8726287262872628,1.0,0.7740384615384616,1.0,268548,0,78396,115648,0,0.9907821393343776,0.9907872805455662
0.8036734742672904,0.8733920108327691,1.0,0.7752403846153846,1.0,268965,0,77979,115648,0,0.9907821393343776,0.9907872805455662
0.803080578435513,0.8741542625169147,1.0,0.7764423076923077,1.0,269382,0,77562,115648,0,0.9907821393343776,0.9907872805455662
0.8020783214716126,0.8749154834347532,1.0,0.7776442307692307,1.0,269799,0,77145,115648,0,0.9907821393343776,0.9907872805455662
0.8020525151497088,0.8743257410164965,0.9984604851692171,0.7776442307692307,0.9964028776978417,269799,416,77145,115232,416,0.9907821393343776,0.9907872805455662
0.8020006681060681,0.8737367931020524,0.9969257032638538,0.7776442307692307,0.9928057553956835,269799,832,77145,114816,832,0.9907821393343776,0.9907872805455662
0.8015123967727227,0.8744967572395759,0.9969304329860393,0.7788461538461539,0.9928057553956835,270216,832,76728,114816,832,0.9907821393343776,0.9907872805455662
0.8014640661320883,0.8752556964727227,0.9969351481774814,0.7800480769230769,0.9928057553956835,270633,832,76311,114816,832,0.9907821393343776,0.9907872805455662
0.8012798509898433,0.8760136128734087,0.9969398489050397,0.78125,0.9928057553956835,271050,832,75894,114816,832,0.9907821393343776,0.9907872805455662
0.801190309426125,0.8767705085079686,0.9969445352351642,0.7824519230769231,0.9928057553956835,271467,832,75477,114816,832,0.9907821393343776,0.9907872805455662
0.8003173693049919,0.8775263854371752,0.996949207233899,0.7836538461538461,0.9928057553956835,271884,832,75060,114816,832,0.9907821393343776,0.9907872805455662
0.7993620168021407,0.8782812457162579,0.9969538649668843,0.7848557692307693,0.9928057553956835,272301,832,74643,114816,832,0.9907821393343776,0.9907872805455662
0.7976707795853653,0.8790350913949209,0.9969585084993603,0.7860576923076923,0.9928057553956835,272718,832,74226,114816,832,0.9907821393343776,0.9907872805455662
0.7972908600247783,0.8797879245173624,0.99696313789617,0.7872596153846154,0.9928057553956835,273135,832,73809,114816,832,0.9907821393343776,0.9907872805455662
0.7962217866531143,0.8805397471222929,0.9969677532217622,0.7884615384615384,0.9928057553956835,273552,832,73392,114816,832,0.9907821393343776,0.9907872805455662
0.7952255357669527,0.8812905612429534,0.9969723545401945,0.7896634615384616,0.9928057553956835,273969,832,72975,114816,832,0.9907821393343776,0.9907872805455662
0.7942526284613595,0.8820403689071336,0.9969769419151364,0.7908653846153846,0.9928057553956835,274386,832,72558,114816,832,0.9907821393343776,0.9907872805455662
0.7942406750991537,0.8827891721371907,0.9969815154098718,0.7920673076923077,0.9928057553956835,274803,832,72141,114816,832,0.9907821393343776,0.9907872805455662
0.7937652624179398,0.8835369729500671,0.9969860750873024,0.7932692307692307,0.9928057553956835,275220,832,71724,114816,832,0.9907821393343776,0.9907872805455662
0.7929490418207301,0.8842837733573089,0.9969906210099505,0.7944711538461539,0.9928057553956835,275637,832,71307,114816,832,0.9907821393343776,0.9907872805455662
0.7923510785594627,0.8850295753650834,0.9969951532399616,0.7956730769230769,0.9928057553956835,276054,832,70890,114816,832,0.9907821393343776,0.9907872805455662
0.7916656838689671,0.8857743809741977,0.9969996718391074,0.796875,0.9928057553956835,276471,832,70473,114816,832,0.9907821393343776,0.9907872805455662
0.7899764267694629,0.8865181921801161,0.9970041768687887,0.7980769230769231,0.9928057553956835,276888,832,70056,114816,832,0.9907821393343776,0.9907872805455662
0.7889109439964905,0.8859282011902476,0.9955129864526706,0.7980769230769231,0.9892086330935251,276888,1248,70056,114400,1248,0.9907821393343776,0.9907872805455662
0.788793664801615,0.8866709192849845,0.9955197036111619,0.7992788461538461,0.9892086330935251,277305,1248,69639,114400,1248,0.9907821393343776,0.9907872805455662
0.788659318905724,0.8874126477439392,0.995526400688246,0.8004807692307693,0.9892086330935251,277722,1248,69222,114400,1248,0.9907821393343776,0.9907872805455662
0.7877573113707781,0.8881533885437572,0.9955330777738406,0.8016826923076923,0.9892086330935251,278139,1248,68805,114400,1248,0.9907821393343776,0.9907872805455662
0.7860706880011653,0.8888931436558234,0.9955397349573273,0.8028846153846154,0.9892086330935251,278556,1248,68388,114400,1248,0.9907821393343776,0.9907872805455662
0.7858513361280458,0.8896319150462797,0.9955463723275557,0.8040865384615384,0.9892086330935251,278973,1248,67971,114400,1248,0.9907821393343776,0.9907872805455662
0.7845726488836745,0.8903697046760424,0.9955529899728476,0.8052884615384616,0.9892086330935251,279390,1248,67554,114400,1248,0.9907821393343776,0.9907872805455662
0.7843437215596463,0.8911065145008192,0.9955595879810002,0.8064903846153846,0.9892086330935251,279807,1248,67137,114400,1248,0.9907821393343776,0.9907872805455662
0.7839980507473956,0.8918423464711274,0.9955661664392906,0.8076923076923077,0.9892086330935251,280224,1248,66720,114400,1248,0.9907821393343776,0.9907872805455662
0.7802645908996826,0.8925772025323099,0.9955727254344795,0.8088942307692307,0.9892086330935251,280641,1248,66303,114400,1248,0.9907821393343776,0.9907872805455662
0.7792533827099346,0.893311084624553,0.995579265052815,0.8100961538461539,0.9892086330935251,281058,1248,65886,114400,1248,0.9907821393343776,0.9907872805455662
0.7789542283246489,0.8940439946829039,0.9955857853800363,0.8112980769230769,0.9892086330935251,281475,1248,65469,114400,1248,0.9907821393343776,0.9907872805455662
0.7785026637087866,0.8947759346372864,0.9955922865013774,0.8125,0.9892086330935251,281892,1248,65052,114400,1248,0.9907821393343776,0.9907872805455662
0.7776482295264979,0.8955069064125196,0.9955987685015711,0.8137019230769231,0.9892086330935251,282309,1248,64635,114400,1248,0.9907821393343776,0.9907872805455662
0.7738781252079681,0.89491644701284,0.9941402879851253,0.8137019230769231,0.9856115107913669,282309,1664,64635,113984,1664,0.9907821393343776,0.9907872805455662
0.7726172479835604,0.8956463615138738,0.9941488800590738,0.8149038461538461,0.9856115107913669,282726,1664,64218,113984,1664,0.9907821393343776,0.9907872805455662
0.7723353306858383,0.8963753124253068,0.9941574469728623,0.8161057692307693,0.9856115107913669,283143,1664,63801,113984,1664,0.9907821393343776,0.9907872805455662
0.7718835881873759,0.8971033016539907,0.994165988836844,0.8173076923076923,0.9856115107913669,283560,1664,63384,113984,1664,0.9907821393343776,0.9907872805455662
0.7717909294371836,0.8978303311017491,0.9941745057607276,0.8185096153846154,0.9856115107913669,283977,1664,62967,113984,1664,0.9907821393343776,0.9907872805455662
0.7716955991845798,0.8985564026653944,0.9941829978535821,0.8197115384615384,0.9856115107913669,284394,1664,62550,113984,1664,0.9907821393343776,0.9907872805455662
0.7716502822107961,0.8992815182367437,0.9941914652238415,0.8209134615384616,0.9856115107913669,284811,1664,62133,113984,1664,0.9907821393343776,0.9907872805455662
0.7713854502408974,0.900005679702636,0.9941999079793092,0.8221153846153846,0.9856115107913669,285228,1664,61716,113984,1664,0.9907821393343776,0.9907872805455662
0.7696662200523857,0.9007288889449478,0.994208326227163,0.8233173076923077,0.9856115107913669,285645,1664,61299,113984,1664,0.9907821393343776,0.9907872805455662
0.7688556859739895,0.9014511478406101,0.9942167200739592,0.8245192307692307,0.9856115107913669,286062,1664,60882,113984,1664,0.9907821393343776,0.9907872805455662
0.7687547551168975,0.902172458261624,0.9942250896256373,0.8257211538461539,0.9856115107913669,286479,1664,60465,113984,1664,0.9907821393343776,0.9907872805455662
0.7678594505260692,0.9028928220750774,0.9942334349875243,0.8269230769230769,0.9856115107913669,286896,1664,60048,113984,1664,0.9907821393343776,0.9907872805455662
0.7674152192234989,0.9036122411431609,0.9942417562643394,0.828125,0.9856115107913669,287313,1664,59631,113984,1664,0.9907821393343776,0.9907872805455662
0.7663231405590576,0.9043307173231836,0.9942500535601982,0.8293269230769231,0.9856115107913669,287730,1664,59214,113984,1664,0.9907821393343776,0.9907872805455662
0.7655261280773521,0.9050482524675896,0.994258326978617,0.8305288461538461,0.9856115107913669,288147,1664,58797,113984,1664,0.9907821393343776,0.9907872805455662
0.7655219544864508,0.9057648484239734,0.9942665766225175,0.8317307692307693,0.9856115107913669,288564,1664,58380,113984,1664,0.9907821393343776,0.9907872805455662
0.7645959156439381,0.9064805070350963,0.9942748025942301,0.8329326923076923,0.9856115107913669,288981,1664,57963,113984,1664,0.9907821393343776,0.9907872805455662
0.7645886562511701,0.9071952301389015,0.9942830049954993,0.8341346153846154,0.9856115107913669,289398,1664,57546,113984,1664,0.9907821393343776,0.9907872805455662
0.7620880812875992,0.9079090195685305,0.994291183927487,0.8353365384615384,0.9856115107913669,289815,1664,57129,113984,1664,0.9907821393343776,0.9907872805455662
0.7617429249144665,0.9086218771523387,0.9942993394907775,0.8365384615384616,0.9856115107913669,290232,1664,56712,113984,1664,0.9907821393343776,0.9907872805455662
0.7615743680827468,0.90933380471391,0.9943074717853807,0.8377403846153846,0.9856115107913669,290649,1664,56295,113984,1664,0.9907821393343776,0.9907872805455662
0.7613188496336293,0.9100448040720742,0.9943155809107369,0.8389423076923077,0.9856115107913669,291066,1664,55878,113984,1664,0.9907821393343776,0.9907872805455662
0.7612552863905411,0.9107548770409207,0.9943236669657203,0.8401442307692307,0.9856115107913669,291483,1664,55461,113984,1664,0.9907821393343776,0.9907872805455662
0.7593175440071402,0.9114640254298151,0.9943317300486436,0.8413461538461539,0.9856115107913669,291900,1664,55044,113984,1664,0.9907821393343776,0.9907872805455662
0.7567782044176172,0.9121722510434138,0.9943397702572615,0.8425480769230769,0.9856115107913669,292317,1664,54627,113984,1664,0.9907821393343776,0.9907872805455662
0.7551624557484997,0.91287955568168,0.9943477876887751,0.84375,0.9856115107913669,292734,1664,54210,113984,1664,0.9907821393343776,0.9907872805455662
0.7517382484167909,0.9135859411398983,0.9943557824398351,0.8449519230769231,0.9856115107913669,293151,1664,53793,113984,1664,0.9907821393343776,0.9907872805455662
0.7493759781064371,0.9142914092086905,0.9943637546065467,0.8461538461538461,0.9856115107913669,293568,1664,53376,113984,1664,0.9907821393343776,0.9907872805455662
0.7487212570864553,0.9149959616740301,0.9943717042844724,0.8473557692307693,0.9856115107913669,293985,1664,52959,113984,1664,0.9907821393343776,0.9907872805455662
0.7481242594646672,0.915699600317258,0.9943796315686367,0.8485576923076923,0.9856115107913669,294402,1664,52542,113984,1664,0.9907821393343776,0.9907872805455662
0.7471969075204781,0.9164023269150968,0.9943875365535292,0.8497596153846154,0.9856115107913669,294819,1664,52125,113984,1664,0.9907821393343776,0.9907872805455662
0.74674475961147,0.9171041432396667,0.9943954193331088,0.8509615384615384,0.9856115107913669,295236,1664,51708,113984,1664,0.9907821393343776,0.9907872805455662
0.7459446290519318,0.9178050510584996,0.9944032800008072,0.8521634615384616,0.9856115107913669,295653,1664,51291,113984,1664,0.9907821393343776,0.9907872805455662
0.7446092646621891,0.918505052134554,0.9944111186495328,0.8533653846153846,0.9856115107913669,296070,1664,50874,113984,1664,0.9907821393343776,0.9907872805455662
0.7435634895611984,0.9179127382986045,0.9930236458158646,0.8533653846153846,0.9820143884892086,296070,2080,50874,113568,2080,0.9907821393343776,0.9907872805455662
0.7417101584425994,0.9173211878979411,0.9916400393882759,0.8533653846153846,0.9784172661870504,296070,2496,50874,113152,2496,0.9907821393343776,0.9907872805455662
0.7412548519121789,0.9180201477875983,0.9916516992604931,0.8545673076923077,0.9784172661870504,296487,2496,50457,113152,2496,0.9907821393343776,0.9907872805455662
0.7410770928402974,0.9187182057851546,0.9916633266533066,0.8557692307692307,0.9784172661870504,296904,2496,50040,113152,2496,0.9907821393343776,0.9907872805455662
0.7406288047793628,0.9194153636350986,0.9916749217022384,0.8569711538461539,0.9784172661870504,297321,2496,49623,113152,2496,0.9907821393343776,0.9907872805455662
0.7403816730131678,0.9201116230774223,0.9916864845420572,0.8581730769230769,0.9784172661870504,297738,2496,49206,113152,2496,0.9907821393343776,0.9907872805455662
0.7402650103258195,0.9195205638100414,0.990314318975553,0.8581730769230769,0.9748201438848921,297738,2912,49206,112736,2912,0.9907821393343776,0.9907872805455662
0.7387026327927921,0.9202158605332317,0.9903277343581329,0.859375,0.9748201438848921,298155,2912,48789,112736,2912,0.9907821393343776,0.9907872805455662
0.7373535524186154,0.9209102629744551,0.990341112629526,0.8605769230769231,0.9748201438848921,298572,2912,48372,112736,2912,0.9907821393343776,0.9907872805455662
0.7344858873403115,0.9216037728579245,0.9903544539435113,0.8617788461538461,0.9748201438848921,298989,2912,47955,112736,2912,0.9907821393343776,0.9907872805455662
0.7340602309507394,0.9222963919034226,0.9903677584530197,0.8629807692307693,0.9748201438848921,299406,2912,47538,112736,2912,0.9907821393343776,0.9907872805455662
0.7340584648018738,0.9229881218263173,0.9903810263101392,0.8641826923076923,0.9748201438848921,299823,2912,47121,112736,2912,0.9907821393343776,0.9907872805455662
0.7314674165406672,0.9236789643375748,0.9903942576661213,0.8653846153846154,0.9748201438848921,300240,2912,46704,112736,2912,0.9907821393343776,0.9907872805455662
0.7307740005852321,0.9243689211437742,0.9904074526713861,0.8665865384615384,0.9748201438848921,300657,2912,46287,112736,2912,0.9907821393343776,0.9907872805455662
0.7304161024198919,0.9250579939471218,0.9904206114755285,0.8677884615384616,0.9748201438848921,301074,2912,45870,112736,2912,0.9907821393343776,0.9907872805455662
0.7293964813595252,0.9257461844454645,0.9904337342273236,0.8689903846153846,0.9748201438848921,301491,2912,45453,112736,2912,0.9907821393343776,0.9907872805455662
0.7283626373974937,0.9251553095220195,0.9890820454105551,0.8689903846153846,0.9712230215827338,301491,3328,45453,112320,3328,0.9907821393343776,0.9907872805455662
0.7273533100142006,0.9258425588027845,0.9890969610399821,0.8701923076923077,0.9712230215827338,301908,3328,45036,112320,3328,0.9907821393343776,0.9907872805455662
0.7270579983878089,0.9265289297989417,0.9891118359708558,0.8713942307692307,0.9712230215827338,302325,3328,44619,112320,3328,0.9907821393343776,0.9907872805455662
0.7241526962101043,0.9272144241930494,0.9891266703695233,0.8725961538461539,0.9712230215827338,302742,3328,44202,112320,3328,0.9907821393343776,0.9907872805455662
0.7235337031576884,0.9278990436633707,0.9891414644014265,0.8737980769230769,0.9712230215827338,303159,3328,43785,112320,3328,0.9907821393343776,0.9907872805455662
0.7232927498397532,0.9285827898838874,0.9891562182311081,0.875,0.9712230215827338,303576,3328,43368,112320,3328,0.9907821393343776,0.9907872805455662
0.7218639486690314,0.9292656645243136,0.9891709320222178,0.8762019230769231,0.9712230215827338,303993,3328,42951,112320,3328,0.9907821393343776,0.9907872805455662
0.7210838248559903,0.9299476692501092,0.9891856059375183,0.8774038461538461,0.9712230215827338,304410,3328,42534,112320,3328,0.9907821393343776,0.9907872805455662
0.7185303656924527,0.9293571343524175,0.9878502307287914,0.8774038461538461,0.9676258992805755,304410,3744,42534,111904,3744,0.9907821393343776,0.9907872805455662
0.7180052138843098,0.9300382142285074,0.9878666498147914,0.8786057692307693,0.9676258992805755,304827,3744,42117,111904,3744,0.9907821393343776,0.9907872805455662
0.7179629558793569,0.9307184281297451,0.987883024583479,0.8798076923076923,0.9676258992805755,305244,3744,41700,111904,3744,0.9907821393343776,0.9907872805455662
0.7176642017424453,0.9313977777066774,0.9878993552140398,0.8810096153846154,0.9676258992805755,305661,3744,41283,111904,3744,0.9907821393343776,0.9907872805455662
0.7171326814603931,0.9308078231939887,0.9865728920893032,0.8810096153846154,0.9640287769784173,305661,4160,41283,111488,4160,0.9907821393343776,0.9907872805455662
0.7154499027056664,0.9314862549491617,0.986590939859076,0.8822115384615384,0.9640287769784173,306078,4160,40866,111488,4160,0.9907821393343776,0.9907872805455662
0.7132950665973852,0.9321638262831908,0.9866089391769004,0.8834134615384616,0.9640287769784173,306495,4160,40449,111488,4160,0.9907821393343776,0.9907872805455662
0.7130616088944546,0.9328405388318826,0.9866268902376298,0.8846153846153846,0.9640287769784173,306912,4160,40032,111488,4160,0.9907821393343776,0.9907872805455662
0.7116769069913624,0.9335163942268994,0.9866447932350741,0.8858173076923077,0.9640287769784173,307329,4160,39615,111488,4160,0.9907821393343776,0.9907872805455662
0.7107596530403861,0.9329269680913229,0.9853288661611709,0.8858173076923077,0.960431654676259,307329,4576,39615,111072,4576,0.9907821393343776,0.9907872805455662
0.7106884714667282,0.9323382858182977,0.984016444619478,0.8858173076923077,0.9568345323741008,307329,4992,39615,110656,4992,0.9907821393343776,0.9907872805455662
0.7094435934443495,0.9330131790771917,0.9840377568443873,0.8870192307692307,0.9568345323741008,307746,4992,39198,110656,4992,0.9907821393343776,0.9907872805455662
0.7086942956825036,0.9336872196443261,0.9840590123101979,0.8882211538461539,0.9568345323741008,308163,4992,38781,110656,4992,0.9907821393343776,0.9907872805455662
0.7077649075596064,0.9343604091346766,0.9840802112433508,0.8894230769230769,0.9568345323741008,308580,4992,38364,110656,4992,0.9907821393343776,0.9907872805455662
0.7077060470978161,0.9350327491591433,0.9841013538690846,0.890625,0.9568345323741008,308997,4992,37947,110656,4992,0.9907821393343776,0.9907872805455662
0.705706220477327,0.9357042413245634,0.9841224404114425,0.8918269230769231,0.9568345323741008,309414,4992,37530,110656,4992,0.9907821393343776,0.9907872805455662
0.7055400075728648,0.9363748872337243,0.984143471093281,0.8930288461538461,0.9568345323741008,309831,4992,37113,110656,4992,0.9907821393343776,0.9907872805455662
0.7046172254714673,0.9357866330002431,0.9828447622280239,0.8930288461538461,0.9532374100719424,309831,5408,37113,110240,5408,0.9907821393343776,0.9907872805455662
0.7037551152010246,0.9364563839420464,0.9828674252984262,0.8942307692307693,0.9532374100719424,310248,5408,36696,110240,5408,0.9907821393343776,0.9907872805455662
0.7032863882646998,0.9371252924133167,0.9828900285693495,0.8954326923076923,0.9532374100719424,310665,5408,36279,110240,5408,0.9907821393343776,0.9907872805455662
0.7021548655547184,0.9377933600026529,0.9829125722771651,0.8966346153846154,0.9532374100719424,311082,5408,35862,110240,5408,0.9907821393343776,0.9907872805455662
0.7019317198716611,0.9384605882946625,0.9829350566570003,0.8978365384615384,0.9532374100719424,311499,5408,35445,110240,5408,0.9907821393343776,0.9907872805455662
0.6998659328976004,0.9378728734078315,0.981646461176782,0.8978365384615384,0.9496402877697842,311499,5824,35445,109824,5824,0.9907821393343776,0.9907872805455662
0.6996674520203167,0.9385392156272755,0.9816705482469944,0.8990384615384616,0.9496402877697842,311916,5824,35028,109824,5824,0.9907821393343776,0.9907872805455662
0.699630415971713,0.9392047222902987,0.9816945721766298,0.9002403846153846,0.9496402877697842,312333,5824,34611,109824,5824,0.9907821393343776,0.9907872805455662
0.6988104999111128,0.9398693949675291,0.9817185332136332,0.9014423076923077,0.9496402877697842,312750,5824,34194,109824,5824,0.9907821393343776,0.9907872805455662
0.6969359667215557,0.9405332352256601,0.9817424316046535,0.9026442307692307,0.9496402877697842,313167,5824,33777,109824,5824,0.9907821393343776,0.9907872805455662
0.6961029850081251,0.9411962446274642,0.9817662675950508,0.9038461538461539,0.9496402877697842,313584,5824,33360,109824,5824,0.9907821393343776,0.9907872805455662
0.6932069000574821,0.9406090274278309,0.9804892690980039,0.9038461538461539,0.9460431654676259,313584,6240,33360,109408,6240,0.9907821393343776,0.9907872805455662
0.6931543487465883,0.9412711616718001,0.9805146748854768,0.9050480769230769,0.9460431654676259,314001,6240,32943,109408,6240,0.9907821393343776,0.9907872805455662
0.6924180700783253,0.9419324687463488,0.9805400145949891,0.90625,0.9460431654676259,314418,6240,32526,109408,6240,0.9907821393343776,0.9907872805455662
0.6919303322648329,0.941345891877165,0.9792695764839259,0.90625,0.9424460431654677,314418,6656,32526,108992,6656,0.9907821393343776,0.9907872805455662
0.6907934239005187,0.9420063282144113,0.9792964655309169,0.9074519230769231,0.9424460431654677,314835,6656,32109,108992,6656,0.9907821393343776,0.9907872805455662
0.6880698177324235,0.9426659410452537,0.979323284913702,0.9086538461538461,0.9424460431654677,315252,6656,31692,108992,6656,0.9907821393343776,0.9907872805455662
0.6857866100088712,0.9433247319089932,0.9793500349026604,0.9098557692307693,0.9424460431654677,315669,6656,31275,108992,6656,0.9907821393343776,0.9907872805455662
0.6857801513595368,0.9427387503079806,0.9780876926080045,0.9098557692307693,0.9388489208633094,315669,7072,31275,108576,7072,0.9907821393343776,0.9907872805455662
0.6850985548320833,0.9433966769238116,0.9781159680404012,0.9110576923076923,0.9388489208633094,316086,7072,30858,108576,7072,0.9907821393343776,0.9907872805455662
0.684330868769274,0.9428113786654497,0.9768584620519573,0.9110576923076923,0.935251798561151,316086,7488,30858,108160,7488,0.9907821393343776,0.9907872805455662
0.6820161469092192,0.9434684432918241,0.9768882468957472,0.9122596153846154,0.935251798561151,316503,7488,30441,108160,7488,0.9907821393343776,0.9907872805455662
0.6763544934615312,0.9441246916669646,0.9769179551675667,0.9134615384615384,0.935251798561151,316920,7488,30024,108160,7488,0.9907821393343776,0.9907872805455662
0.6762916660420939,0.943540031677603,0.9756668226485727,0.9134615384615384,0.9316546762589928,316920,7904,30024,107744,7904,0.9907821393343776,0.9907872805455662
0.6734675061208485,0.9441954223911572,0.9756980208522296,0.9146634615384616,0.9316546762589928,317337,7904,29607,107744,7904,0.9907821393343776,0.9907872805455662
0.6721418818258145,0.9436114427424283,0.9744516469782624,0.9146634615384616,0.9280575539568345,317337,8320,29607,107328,8320,0.9907821393343776,0.9907872805455662
0.6712659868036839,0.9430281850235581,0.9732084533218022,0.9146634615384616,0.9244604316546763,317337,8736,29607,106912,8736,0.9907821393343776,0.9907872805455662
0.6681027926339589,0.9424456478966727,0.9719684277265084,0.9146634615384616,0.920863309352518,317337,9152,29607,106496,9152,0.9907821393343776,0.9907872805455662
0.6673394469918934,0.9431000964606366,0.9720041846891767,0.9158653846153846,0.920863309352518,317754,9152,29190,106496,9152,0.9907821393343776,0.9907872805455662
0.6673252116607746,0.942518234643301,0.9707688453571712,0.9158653846153846,0.9172661870503597,317754,9568,29190,106080,9568,0.9907821393343776,0.9907872805455662
0.6661432979503117,0.9431718303262421,0.9708060377312434,0.9170673076923077,0.9172661870503597,318171,9568,28773,106080,9568,0.9907821393343776,0.9907872805455662
0.6633231831108252,0.943824618575026,0.9708431355818574,0.9182692307692307,0.9172661870503597,318588,9568,28356,106080,9568,0.9907821393343776,0.9907872805455662
0.6630598282223192,0.9444766008849518,0.9708801392688992,0.9194711538461539,0.9172661870503597,319005,9568,27939,106080,9568,0.9907821393343776,0.9907872805455662
0.6627503643601991,0.9451277787476292,0.9709170491504301,0.9206730769230769,0.9172661870503597,319422,9568,27522,106080,9568,0.9907821393343776,0.9907872805455662
0.6621364075109666,0.9457781536509889,0.9709538655826986,0.921875,0.9172661870503597,319839,9568,27105,106080,9568,0.9907821393343776,0.9907872805455662
0.6590960894656843,0.9451967959430646,0.9697292183989594,0.921875,0.9136690647482014,319839,9984,27105,105664,9984,0.9907821393343776,0.9907872805455662
0.6585766634504443,0.945846328324355,0.9697674418604652,0.9230769230769231,0.9136690647482014,320256,9984,26688,105664,9984,0.9907821393343776,0.9907872805455662
0.6576540398579089,0.9452656434474617,0.968547372495887,0.9230769230769231,0.9100719424460432,320256,10400,26688,105248,10400,0.9907821393343776,0.9907872805455662
0.6567797932407122,0.9446856711346044,0.9673303692248212,0.9230769230769231,0.9064748201438849,320256,10816,26688,104832,10816,0.9907821393343776,0.9907872805455662
0.6556965005802199,0.9441064100749965,0.9661164205039097,0.9230769230769231,0.9028776978417267,320256,11232,26688,104416,11232,0.9907821393343776,0.9907872805455662
0.6547092659406409,0.9435278589610635,0.9649055148476668,0.9230769230769231,0.8992805755395683,320256,11648,26688,104000,11648,0.9907821393343776,0.9907872805455662
0.654267812164467,0.9429500164884346,0.9636976408281175,0.9230769230769231,0.89568345323741,320256,12064,26688,103584,12064,0.9907821393343776,0.9907872805455662
0.6530384452131548,0.943598541080301,0.9637431364711468,0.9242788461538461,0.89568345323741,320673,12064,26271,103584,12064,0.9907821393343776,0.9907872805455662
0.6526379786191416,0.943021363129083,0.9625397339960919,0.9242788461538461,0.8920863309352518,320673,12480,26271,103168,12480,0.9907821393343776,0.9907872805455662
0.6500875504516432,0.9436690501591444,0.9625865635398867,0.9254807692307693,0.8920863309352518,321090,12480,25854,103168,12480,0.9907821393343776,0.9907872805455662
0.650022322600914,0.9443159439062108,0.9626332761454787,0.9266826923076923,0.8920863309352518,321507,12480,25437,103168,12480,0.9907821393343776,0.9907872805455662
0.6499782337401139,0.9449620458268022,0.9626798722503319,0.9278846153846154,0.8920863309352518,321924,12480,25020,103168,12480,0.9907821393343776,0.9907872805455662
0.649585661284962,0.9456073573738751,0.9627263522897309,0.9290865384615384,0.8920863309352518,322341,12480,24603,103168,12480,0.9907821393343776,0.9907872805455662
0.6464111697685159,0.9450307176541123,0.9615316925041091,0.9290865384615384,0.8884892086330936,322341,12896,24603,102752,12896,0.9907821393343776,0.9907872805455662
0.6451804316009495,0.9456751997515375,0.9615794836349336,0.9302884615384616,0.8884892086330936,322758,12896,24186,102752,12896,0.9907821393343776,0.9907872805455662
0.6446756672152603,0.9463188948998191,0.9616271561664053,0.9314903846153846,0.8884892086330936,323175,12896,23769,102752,12896,0.9907821393343776,0.9907872805455662
0.6445636132344061,0.9457428767498108,0.9604382933070222,0.9314903846153846,0.8848920863309353,323175,13312,23769,102336,13312,0.9907821393343776,0.9907872805455662
0.6442339970909354,0.9463857465401668,0.9604872604658894,0.9326923076923077,0.8848920863309353,323592,13312,23352,102336,13312,0.9907821393343776,0.9907872805455662
0.642792494892854,0.9470278327840822,0.9605361065572555,0.9338942307692307,0.8848920863309353,324009,13312,22935,102336,13312,0.9907821393343776,0.9907872805455662
0.6424115703457329,0.9476691369131948,0.9605848320295614,0.9350961538461539,0.8848920863309353,324426,13312,22518,102336,13312,0.9907821393343776,0.9907872805455662
0.6415707034256226,0.9470937004632913,0.9594031121914868,0.9350961538461539,0.8812949640287769,324426,13728,22518,101920,13728,0.9907821393343776,0.9907872805455662
0.6382978240788499,0.9477341852475876,0.959453113231789,0.9362980769230769,0.8812949640287769,324843,13728,22101,101920,13728,0.9907821393343776,0.9907872805455662
0.6382375234681837,0.9483738912895155,0.9595029912563277,0.9375,0.8812949640287769,325260,13728,21684,101920,13728,0.9907821393343776,0.9907872805455662
0.6355951087107348,0.9477990756875521,0.9583269495939942,0.9375,0.8776978417266187,325260,14144,21684,101504,14144,0.9907821393343776,0.9907872805455662
0.6327536099000877,0.9484379664077232,0.9583780872871306,0.9387019230769231,0.8776978417266187,325677,14144,21267,101504,14144,0.9907821393343776,0.9907872805455662
0.6295402435244764,0.9478638088072866,0.9572063003141927,0.9387019230769231,0.8741007194244604,325677,14560,21267,101088,14560,0.9907821393343776,0.9907872805455662
0.6287639650480481,0.9485018862765744,0.9572586847651869,0.9399038461538461,0.8741007194244604,326094,14560,20850,101088,14560,0.9907821393343776,0.9907872805455662
0.6287061450543623,0.9479283851782085,0.9560911249890052,0.9399038461538461,0.8705035971223022,326094,14976,20850,100672,14976,0.9907821393343776,0.9907872805455662
0.6284720634309453,0.9473555771828653,0.9549264098674616,0.9399038461538461,0.8669064748201439,326094,15392,20850,100256,15392,0.9907821393343776,0.9907872805455662
0.6278957793432883,0.9467834610348321,0.9537645290170867,0.9399038461538461,0.8633093525179856,326094,15808,20850,99840,15808,0.9907821393343776,0.9907872805455662
0.6263692908012471,0.9474206507530507,0.9538208513112039,0.9411057692307693,0.8633093525179856,326511,15808,20433,99840,15808,0.9907821393343776,0.9907872805455662
0.6261546842676466,0.9468491863606112,0.9526631362422863,0.9411057692307693,0.8597122302158273,326511,16224,20433,99424,16224,0.9907821393343776,0.9907872805455662
0.6234290190591223,0.9462784109434208,0.9515082281561179,0.9411057692307693,0.8561151079136691,326511,16640,20433,99008,16640,0.9907821393343776,0.9907872805455662
0.6222813744085842,0.9469147531107353,0.9515670842453313,0.9423076923076923,0.8561151079136691,326928,16640,20016,99008,16640,0.9907821393343776,0.9907872805455662
0.6213184769082278,0.947550327168204,0.9516257976365249,0.9435096153846154,0.8561151079136691,327345,16640,19599,99008,16640,0.9907821393343776,0.9907872805455662
0.6203192086087992,0.9469801618584064,0.9504763342731293,0.9435096153846154,0.8525179856115108,327345,17056,19599,98592,17056,0.9907821393343776,0.9907872805455662
0.6195542115037087,0.9464106823021246,0.9493296444200837,0.9435096153846154,0.8489208633093526,327345,17472,19599,98176,17472,0.9907821393343776,0.9907872805455662
0.6189826951767563,0.9458418872629399,0.9481857180512872,0.9435096153846154,0.8453237410071942,327345,17888,19599,97760,17888,0.9907821393343776,0.9907872805455662
0.6164058049259108,0.9464765793524056,0.9482482279762766,0.9447115384615384,0.8453237410071942,327762,17888,19182,97760,17888,0.9907821393343776,0.9907872805455662
0.6159384070684888,0.9459084284498059,0.9471083550536603,0.9447115384615384,0.841726618705036,327762,18304,19182,97344,18304,0.9907821393343776,0.9907872805455662
0.6127547172431501,0.9453409592371789,0.9459712192841186,0.9447115384615384,0.8381294964028777,327762,18720,19182,96928,18720,0.9907821393343776,0.9907872805455662
0.6124251706454703,0.9447741704883821,0.9448368108204718,0.9447115384615384,0.8345323741007195,327762,19136,19182,96512,19136,0.9907821393343776,0.9907872805455662
0.6111055007060675,0.9442080609802119,0.9437051198627179,0.9447115384615384,0.8309352517985612,327762,19552,19182,96096,19552,0.9907821393343776,0.9907872805455662
0.610500898396424,0.943642629492395,0.9425761366577518,0.9447115384615384,0.8273381294964028,327762,19968,19182,95680,19968,0.9907821393343776,0.9907872805455662
0.6097633350996674,0.9442763609369133,0.9426449172332377,0.9459134615384616,0.8273381294964028,328179,19968,18765,95680,19968,0.9907821393343776,0.9907872805455662
0.6091261621279416,0.9449093324591522,0.942713533239233,0.9471153846153846,0.8273381294964028,328596,19968,18348,95680,19968,0.9907821393343776,0.9907872805455662
0.6087426647439944,0.9455415454251536,0.9427819852656735,0.9483173076923077,0.8273381294964028,329013,19968,17931,95680,19968,0.9907821393343776,0.9907872805455662
0.6070253351593041,0.9449766709126707,0.941659487631548,0.9483173076923077,0.8237410071942446,329013,20384,17931,95264,20384,0.9907821393343776,0.9907872805455662
0.6061766429765421,0.9456080877435207,0.9417290331433276,0.9495192307692307,0.8237410071942446,329430,20384,17514,95264,20384,0.9907821393343776,0.9907872805455662
0.6059076486909956,0.9450438484510323,0.9406104559860663,0.9495192307692307,0.8201438848920863,329430,20800,17514,94848,20800,0.9907821393343776,0.9907872805455662
0.6042387441206726,0.9456744711442665,0.9406810838250435,0.9507211538461539,0.8201438848920863,329847,20800,17097,94848,20800,0.9907821393343776,0.9907872805455662
0.6014480964098357,0.9463043403514,0.9407515438780394,0.9519230769230769,0.8201438848920863,330264,20800,16680,94848,20800,0.9907821393343776,0.9907872805455662
0.598631859092265,0.9469334574220568,0.9408218367422421,0.953125,0.8201438848920863,330681,20800,16263,94848,20800,0.9907821393343776,0.9907872805455662
0.5981796604844882,0.9463697750990568,0.9397096309431453,0.953125,0.8165467625899281,330681,21216,16263,94432,21216,0.9907821393343776,0.9907872805455662
0.5980232985073308,0.9469981037042122,0.9397809908206883,0.9543269230769231,0.8165467625899281,331098,21216,15846,94432,21216,0.9907821393343776,0.9907872805455662
0.5976793242333398,0.9464350540394526,0.938672639129079,0.9543269230769231,0.8129496402877698,331098,21632,15846,94016,21632,0.9907821393343776,0.9907872805455662
0.5973387392687886,0.9458726735134054,0.9375668986764681,0.9543269230769231,0.8093525179856115,331098,22048,15846,93600,22048,0.9907821393343776,0.9907872805455662
0.5966484933380374,0.9465001777284167,0.9376405336531255,0.9555288461538461,0.8093525179856115,331515,22048,15429,93600,22048,0.9907821393343776,0.9907872805455662
0.592350997966806,0.9471269353025435,0.9377139951409684,0.9567307692307693,0.8093525179856115,331932,22048,15012,93600,22048,0.9907821393343776,0.9907872805455662
0.5912999678406214,0.9477529475675883,0.937787283752402,0.9579326923076923,0.8093525179856115,332349,22048,14595,93600,22048,0.9907821393343776,0.9907872805455662
0.5891515314726652,0.9471911217130716,0.9366877763779794,0.9579326923076923,0.8057553956834532,332349,22464,14595,93184,22464,0.9907821393343776,0.9907872805455662
0.5869895333207082,0.9466299615621792,0.9355908442159846,0.9579326923076923,0.802158273381295,332349,22880,14595,92768,22880,0.9907821393343776,0.9907872805455662
0.5848364446582175,0.9460694659324299,0.9344964782296954,0.9579326923076923,0.7985611510791367,332349,23296,14595,92352,23296,0.9907821393343776,0.9907872805455662
0.5835200061463807,0.945509633644142,0.9334046694246211,0.9579326923076923,0.7949640287769785,332349,23712,14595,91936,23712,0.9907821393343776,0.9907872805455662
0.5828946972174712,0.9449504635204238,0.9323154088482567,0.9579326923076923,0.7913669064748201,332349,24128,14595,91520,24128,0.9907821393343776,0.9907872805455662
0.5825214643470387,0.9443919543871664,0.9312286875898379,0.9579326923076923,0.7877697841726619,332349,24544,14595,91104,24544,0.9907821393343776,0.9907872805455662
0.5824644617883821,0.9450169967085739,0.9313089474126109,0.9591346153846154,0.7877697841726619,332766,24544,14178,91104,24544,0.9907821393343776,0.9907872805455662
0.5820548411368655,0.9444591085188812,0.930225927106221,0.9591346153846154,0.7841726618705036,332766,24960,14178,90688,24960,0.9907821393343776,0.9907872805455662
0.5812237890809734,0.9439018786360813,0.9291454227652719,0.9591346153846154,0.7805755395683454,332766,25376,14178,90272,25376,0.9907821393343776,0.9907872805455662
0.5811770206133007,0.9433453058956601,0.9280674256326731,0.9591346153846154,0.7769784172661871,332766,25792,14178,89856,25792,0.9907821393343776,0.9907872805455662
0.5786009094832977,0.9427893891358486,0.926991926991927,0.9591346153846154,0.7733812949640287,332766,26208,14178,89440,26208,0.9907821393343776,0.9907872805455662
0.5771964730924295,0.9422341271976147,0.9259189181668939,0.9591346153846154,0.7697841726618705,332766,26624,14178,89024,26624,0.9907821393343776,0.9907872805455662
0.5764272461712927,0.9416795189246551,0.9248483905215589,0.9591346153846154,0.7661870503597122,332766,27040,14178,88608,27040,0.9907821393343776,0.9907872805455662
0.5764055442399183,0.9411255631633874,0.9237803354597998,0.9591346153846154,0.762589928057554,332766,27456,14178,88192,27456,0.9907821393343776,0.9907872805455662
0.5755986437497458,0.9405722587629419,0.9227147444251577,0.9591346153846154,0.7589928057553957,332766,27872,14178,87776,27872,0.9907821393343776,0.9907872805455662
0.5747981175881602,0.9400196045751542,0.9216516089006077,0.9591346153846154,0.7553956834532374,332766,28288,14178,87360,28288,0.9907821393343776,0.9907872805455662
0.5745809187324017,0.9394675994545563,0.9205909204083327,0.9591346153846154,0.7517985611510791,332766,28704,14178,86944,28704,0.9907821393343776,0.9907872805455662
0.5722530899670918,0.9400915027700538,0.9206824229662851,0.9603365384615384,0.7517985611510791,333183,28704,13761,86944,28704,0.9907821393343776,0.9907872805455662
0.5712146778365387,0.9395401038002276,0.9196252860175047,0.9603365384615384,0.7482014388489209,333183,29120,13761,86528,29120,0.9907821393343776,0.9907872805455662
0.5709465239319336,0.9389893512836375,0.9185705739153449,0.9603365384615384,0.7446043165467626,333183,29536,13761,86112,29536,0.9907821393343776,0.9907872805455662
0.5705873023803366,0.938439244084109,0.9175182783262423,0.9603365384615384,0.7410071942446043,333183,29952,13761,85696,29952,0.9907821393343776,0.9907872805455662
0.5702064236425677,0.9378897810681286,0.9164683909547766,0.9603365384615384,0.737410071942446,333183,30368,13761,85280,30368,0.9907821393343776,0.9907872805455662
0.5675647035107058,0.9373409611048359,0.9154209035434531,0.9603365384615384,0.7338129496402878,333183,30784,13761,84864,30784,0.9907821393343776,0.9907872805455662
0.5669487892624661,0.9367927830660161,0.9143758078724858,0.9603365384615384,0.7302158273381295,333183,31200,13761,84448,31200,0.9907821393343776,0.9907872805455662
0.5653835292162692,0.9374157000269759,0.9144736842105263,0.9615384615384616,0.7302158273381295,333600,31200,13344,84448,31200,0.9907821393343776,0.9907872805455662
0.565382193187863,0.9368681195237025,0.9134320511697187,0.9615384615384616,0.7266187050359713,333600,31616,13344,84032,31616,0.9907821393343776,0.9907872805455662
0.5632910583399896,0.9374902642100432,0.9135307808649656,0.9627403846153846,0.7266187050359713,334017,31616,12927,84032,31616,0.9907821393343776,0.9907872805455662
0.5627505518927616,0.9369432799480499,0.9124925897898916,0.9627403846153846,0.7230215827338129,334017,32032,12927,83616,32032,0.9907821393343776,0.9907872805455662
0.561389804676563,0.9375646542661302,0.9125921640752485,0.9639423076923077,0.7230215827338129,334434,32032,12510,83616,32032,0.9907821393343776,0.9907872805455662
0.5609770159290491,0.9370182649553253,0.9115573944756079,0.9639423076923077,0.7194244604316546,334434,32448,12510,83200,32448,0.9907821393343776,0.9907872805455662
0.5605471216471941,0.9364725121177416,0.9105249688264025,0.9639423076923077,0.7158273381294964,334434,32864,12510,82784,32864,0.9907821393343776,0.9907872805455662
0.5550897949307623,0.9359273946419127,0.9094948791724002,0.9639423076923077,0.7122302158273381,334434,33280,12510,82368,33280,0.9907821393343776,0.9907872805455662
0.5529847013984807,0.935382911418958,0.9084671175943281,0.9639423076923077,0.7086330935251799,334434,33696,12510,81952,33696,0.9907821393343776,0.9907872805455662
0.5525963264124263,0.9348390613425764,0.9074416762086687,0.9639423076923077,0.7050359712230215,334434,34112,12510,81536,34112,0.9907821393343776,0.9907872805455662
0.5506407767931525,0.9342958433090378,0.906418547167459,0.9639423076923077,0.7014388489208633,334434,34528,12510,81120,34528,0.9907821393343776,0.9907872805455662
0.5505529232665856,0.9337532562171761,0.90539772265809,0.9639423076923077,0.697841726618705,334434,34944,12510,80704,34944,0.9907821393343776,0.9907872805455662
0.5485066614846571,0.9332112989683817,0.9043791949031083,0.9639423076923077,0.6942446043165468,334434,35360,12510,80288,35360,0.9907821393343776,0.9907872805455662
0.5483785332882526,0.9326699704665944,0.9033629561600173,0.9639423076923077,0.6906474820143885,334434,35776,12510,79872,35776,0.9907821393343776,0.9907872805455662
0.5476452390435387,0.9332902249394137,0.9034716844698308,0.9651442307692307,0.6906474820143885,334851,35776,12093,79872,35776,0.9907821393343776,0.9907872805455662
0.5466802427024053,0.932749478751008,0.9024587446737979,0.9651442307692307,0.6870503597122302,334851,36192,12093,79456,36192,0.9907821393343776,0.9907872805455662
0.5448533794278981,0.933368967878798,0.9025682442254886,0.9663461538461539,0.6870503597122302,335268,36192,11676,79456,36192,0.9907821393343776,0.9907872805455662
0.5435879135660391,0.9339877382547255,0.9026774982050517,0.9675480769230769,0.6870503597122302,335685,36192,11259,79456,36192,0.9907821393343776,0.9907872805455662
0.5419420182922502,0.933447528422481,0.9016688468491215,0.9675480769230769,0.6834532374100719,335685,36608,11259,79040,36608,0.9907821393343776,0.9907872805455662
0.5415258986234185,0.9329079431337047,0.900662447110212,0.9675480769230769,0.6798561151079137,335685,37024,11259,78624,37024,0.9907821393343776,0.9907872805455662
0.5402967305350609,0.9323689813059581,0.8996582914572865,0.9675480769230769,0.6762589928057554,335685,37440,11259,78208,37440,0.9907821393343776,0.9907872805455662
0.5386778285817773,0.9318306418593031,0.8986563723928565,0.9675480769230769,0.6726618705035972,335685,37856,11259,77792,37856,0.9907821393343776,0.9907872805455662
0.5386518456139144,0.9312929237162939,0.8976566824527954,0.9675480769230769,0.6690647482014388,335685,38272,11259,77376,38272,0.9907821393343776,0.9907872805455662
0.5374627713974656,0.9319107522618318,0.8977706785193417,0.96875,0.6690647482014388,336102,38272,10842,77376,38272,0.9907821393343776,0.9907872805455662
0.5347496983809846,0.9313736085593861,0.896774193548387,0.96875,0.6654676258992805,336102,38688,10842,76960,38688,0.9907821393343776,0.9907872805455662
0.5327794254546945,0.9308370837083708,0.8957799182315848,0.96875,0.6618705035971223,336102,39104,10842,76544,39104,0.9907821393343776,0.9907872805455662
0.5324340905627258,0.9303011766399194,0.8947878452273829,0.96875,0.658273381294964,336102,39520,10842,76128,39520,0.9907821393343776,0.9907872805455662
0.531174007100226,0.9297658862876255,0.8937979672267164,0.96875,0.6546762589928058,336102,39936,10842,75712,39936,0.9907821393343776,0.9907872805455662
0.5291645604031885,0.9292312115875355,0.8928102769528282,0.96875,0.6510791366906474,336102,40352,10842,75296,40352,0.9907821393343776,0.9907872805455662
0.5285913339282104,0.9286971514781421,0.89182476716109,0.96875,0.6474820143884892,336102,40768,10842,74880,40768,0.9907821393343776,0.9907872805455662
0.5285691398656522,0.9281637049003769,0.8908414306388257,0.96875,0.6438848920863309,336102,41184,10842,74464,41184,0.9907821393343776,0.9907872805455662
0.5277019881421823,0.9276308707976032,0.8898602602051353,0.96875,0.6402877697841727,336102,41600,10842,74048,41600,0.9907821393343776,0.9907872805455662
0.526249245151184,0.9270986481156094,0.8888812487107199,0.96875,0.6366906474820144,336102,42016,10842,73632,42016,0.9907821393343776,0.9907872805455662
0.5238722799363907,0.9277153439313888,0.8890036588426433,0.9699519230769231,0.6366906474820144,336519,42016,10425,73632,42016,0.9907821393343776,0.9907872805455662
0.5226323678770843,0.927183683590602,0.8880277397341608,0.9699519230769231,0.6330935251798561,336519,42432,10425,73216,42432,0.9907821393343776,0.9907872805455662
0.5219892073572187,0.9266526322746041,0.8870539609401977,0.9699519230769231,0.6294964028776978,336519,42848,10425,72800,42848,0.9907821393343776,0.9907872805455662
0.5215261608079286,0.926122188937524,0.8860823154274942,0.9699519230769231,0.6258992805755396,336519,43264,10425,72384,43264,0.9907821393343776,0.9907872805455662
0.5211134138490962,0.9267380326317758,0.8862072593371909,0.9711538461538461,0.6258992805755396,336936,43264,10008,72384,43264,0.9907821393343776,0.9907872805455662
0.5198082181604078,0.9262081477816263,0.8852386657418501,0.9711538461538461,0.6223021582733813,336936,43680,10008,71968,43680,0.9907821393343776,0.9907872805455662
0.5183599861968811,0.9268232375473401,0.8853642597885223,0.9723557692307693,0.6223021582733813,337353,43680,9591,71968,43680,0.9907821393343776,0.9907872805455662
0.5160776731209241,0.9262939100183555,0.8843987007437429,0.9723557692307693,0.6187050359712231,337353,44096,9591,71552,44096,0.9907821393343776,0.9907872805455662
0.5153104129009836,0.9257651867636102,0.8834352454401425,0.9723557692307693,0.6151079136690647,337353,44512,9591,71136,44512,0.9907821393343776,0.9907872805455662
0.5132851716741585,0.9252370667489458,0.8824738870098174,0.9723557692307693,0.6115107913669064,337353,44928,9591,70720,44928,0.9907821393343776,0.9907872805455662
0.5130924353595335,0.9247095489425622,0.8815146186147266,0.9723557692307693,0.6079136690647482,337353,45344,9591,70304,45344,0.9907821393343776,0.9907872805455662
0.5118055337667795,0.924182632315011,0.8805574334465288,0.9723557692307693,0.60431654676259,337353,45760,9591,69888,45760,0.9907821393343776,0.9907872805455662
0.5107880085078178,0.9247967757921569,0.8806872995593565,0.9735576923076923,0.60431654676259,337770,45760,9174,69888,45760,0.9907821393343776,0.9907872805455662
0.5107233737467676,0.9242704100480237,0.8797330874654248,0.9735576923076923,0.6007194244604317,337770,46176,9174,69472,46176,0.9907821393343776,0.9907872805455662
0.5090255069293312,0.923744643145277,0.8787809408838543,0.9735576923076923,0.5971223021582733,337770,46592,9174,69056,46592,0.9907821393343776,0.9907872805455662
0.5076525629989359,0.9232194740625538,0.8778308531153028,0.9735576923076923,0.5935251798561151,337770,47008,9174,68640,47008,0.9907821393343776,0.9907872805455662
0.507502478016406,0.9226949017808118,0.876882817489369,0.9735576923076923,0.5899280575539568,337770,47424,9174,68224,47424,0.9907821393343776,0.9907872805455662
0.5048009045042631,0.9233081475111083,0.877015956495017,0.9747596153846154,0.5899280575539568,338187,47424,8757,68224,47424,0.9907821393343776,0.9907872805455662
0.5038144096556149,0.9227841210634528,0.8760708447854684,0.9747596153846154,0.5863309352517986,338187,47840,8757,67808,47840,0.9907821393343776,0.9907872805455662
0.5033078465030676,0.9222606891041155,0.8751277678726229,0.9747596153846154,0.5827338129496403,338187,48256,8757,67392,48256,0.9907821393343776,0.9907872805455662
0.5026681374290718,0.9217378506220334,0.8741867191922639,0.9747596153846154,0.579136690647482,338187,48672,8757,66976,48672,0.9907821393343776,0.9907872805455662
0.502506573787984,0.9223502492440958,0.8743221888265733,0.9759615384615384,0.579136690647482,338604,48672,8340,66976,48672,0.9907821393343776,0.9907872805455662
0.5013035663032923,0.9218279528909555,0.8733840264952591,0.9759615384615384,0.5755395683453237,338604,49088,8340,66560,49088,0.9907821393343776,0.9907872805455662
0.5010895771116111,0.9213062477212497,0.87244787533367,0.9759615384615384,0.5719424460431655,338604,49504,8340,66144,49504,0.9907821393343776,0.9907872805455662
0.5010282720244896,0.9207851327318116,0.8715137288816135,0.9759615384615384,0.5683453237410072,338604,49920,8340,65728,49920,0.9907821393343776,0.9907872805455662
0.49895379894118236,0.921396685623433,0.8716514844153741,0.9771634615384616,0.5683453237410072,339021,49920,7923,65728,49920,0.9907821393343776,0.9907872805455662
0.49663170588286254,0.9208761090912548,0.8707201873858695,0.9771634615384616,0.564748201438849,339021,50336,7923,65312,50336,0.9907821393343776,0.9907872805455662
0.4955851125651411,0.9203561204641674,0.869790878280435,0.9771634615384616,0.5611510791366906,339021,50752,7923,64896,50752,0.9907821393343776,0.9907872805455662
0.4952386276894164,0.9198367187468205,0.8688635507407948,0.9771634615384616,0.5575539568345323,339021,51168,7923,64480,51168,0.9907821393343776,0.9907872805455662
0.4950157218148128,0.9193179029461094,0.8679381984357599,0.9771634615384616,0.5539568345323741,339021,51584,7923,64064,51584,0.9907821393343776,0.9907872805455662
0.4909498766226483,0.9199285603943813,0.8680790339162502,0.9783653846153846,0.5539568345323741,339438,51584,7506,64064,51584,0.9907821393343776,0.9907872805455662
0.4906677383411966,0.9194102781487089,0.8671564845518319,0.9783653846153846,0.5503597122302158,339438,52000,7506,63648,52000,0.9907821393343776,0.9907872805455662
0.4893014093949192,0.9188925795684342,0.8662358939809215,0.9783653846153846,0.5467625899280576,339438,52416,7506,63232,52416,0.9907821393343776,0.9907872805455662
0.48886896733961704,0.9183754636681665,0.8653172559716522,0.9783653846153846,0.5431654676258992,339438,52832,7506,62816,52832,0.9907821393343776,0.9907872805455662
0.48806243148263606,0.9178589294647324,0.8644005643185649,0.9783653846153846,0.539568345323741,339438,53248,7506,62400,53248,0.9907821393343776,0.9907872805455662
0.48722837403192143,0.917342975977169,0.8634858128424684,0.9783653846153846,0.5359712230215827,339438,53664,7506,61984,53664,0.9907821393343776,0.9907872805455662
0.48713849779933777,0.9168276022267179,0.8625729953902999,0.9783653846153846,0.5323741007194245,339438,54080,7506,61568,54080,0.9907821393343776,0.9907872805455662
0.4869031630200759,0.9174372603353584,0.862718468782921,0.9795673076923077,0.5323741007194245,339855,54080,7089,61568,54080,0.9907821393343776,0.9907872805455662
0.4858593147765353,0.916922412804619,0.861808388973275,0.9795673076923077,0.5287769784172662,339855,54496,7089,61152,54496,0.9907821393343776,0.9907872805455662
0.4856034358770436,0.916408142794161,0.8609002272226401,0.9795673076923077,0.5251798561151079,339855,54912,7089,60736,54912,0.9907821393343776,0.9907872805455662
0.4855629058162675,0.9158944493327962,0.8599939774737274,0.9795673076923077,0.5215827338129496,339855,55328,7089,60320,55328,0.9907821393343776,0.9907872805455662
0.4854953881970685,0.9153813314515119,0.8590896336947262,0.9795673076923077,0.5179856115107914,339855,55744,7089,59904,55744,0.9907821393343776,0.9907872805455662
0.48492485330423174,0.9148687881834664,0.8581871898791712,0.9795673076923077,0.5143884892086331,339855,56160,7089,59488,56160,0.9907821393343776,0.9907872805455662
0.4824240140929463,0.9143568185639819,0.8572866400458087,0.9795673076923077,0.5107913669064749,339855,56576,7089,59072,56576,0.9907821393343776,0.9907872805455662
0.4819119877764265,0.9138454216305387,0.8563879782384647,0.9795673076923077,0.5071942446043165,339855,56992,7089,58656,56992,0.9907821393343776,0.9907872805455662
0.48163349477175954,0.9133345964227695,0.8554911985259136,0.9795673076923077,0.5035971223021583,339855,57408,7089,58240,57408,0.9907821393343776,0.9907872805455662
0.48054117105083277,0.9128243419824529,0.8545962950017476,0.9795673076923077,0.5,339855,57824,7089,57824,57824,0.9907821393343776,0.9907872805455662
0.4797840622042236,0.9123146573535077,0.8537032617842475,0.9795673076923077,0.49640287769784175,339855,58240,7089,57408,58240,0.9907821393343776,0.9907872805455662
0.47504454757897496,0.9118055415819868,0.852812093016253,0.9795673076923077,0.49280575539568344,339855,58656,7089,56992,58656,0.9907821393343776,0.9907872805455662
0.47216249954276546,0.9112969937160715,0.8519227828650354,0.9795673076923077,0.4892086330935252,339855,59072,7089,56576,59072,0.9907821393343776,0.9907872805455662
0.4712961860832355,0.9119053234140171,0.8520774069473938,0.9807692307692307,0.4892086330935252,340272,59072,6672,56576,59072,0.9907821393343776,0.9907872805455662
0.4701268758807373,0.9113972872784932,0.8511907144286572,0.9807692307692307,0.4856115107913669,340272,59488,6672,56160,59488,0.9907821393343776,0.9907872805455662
0.46874270706857574,0.9108898168968841,0.8503058654192155,0.9807692307692307,0.48201438848920863,340272,59904,6672,55744,59904,0.9907821393343776,0.9907872805455662
0.46622606204608774,0.910382911324672,0.8494228541758198,0.9807692307692307,0.4784172661870504,340272,60320,6672,55328,60320,0.9907821393343776,0.9907872805455662
0.4656475854999957,0.9098765696194409,0.8485416749790528,0.9807692307692307,0.4748201438848921,340272,60736,6672,54912,60736,0.9907821393343776,0.9907872805455662
0.4641866465812535,0.9093707908408697,0.8476623221332058,0.9807692307692307,0.4712230215827338,340272,61152,6672,54496,61152,0.9907821393343776,0.9907872805455662
0.46390173066965634,0.9088655740507275,0.8467847899661557,0.9807692307692307,0.4676258992805755,340272,61568,6672,54080,61568,0.9907821393343776,0.9907872805455662
0.46345508406409286,0.9094728917873841,0.846943620620648,0.9819711538461539,0.4676258992805755,340689,61568,6255,54080,61568,0.9907821393343776,0.9907872805455662
0.4632050061004591,0.9089681797504592,0.8460686462712921,0.9819711538461539,0.46402877697841727,340689,61984,6255,53664,61984,0.9907821393343776,0.9907872805455662
0.46035014421866044,0.9084640275827863,0.8451954779217493,0.9819711538461539,0.460431654676259,340689,62400,6255,53248,62400,0.9907821393343776,0.9907872805455662
0.4578341804156646,0.9079604343533005,0.8443241099862455,0.9819711538461539,0.4568345323741007,340689,62816,6255,52832,62816,0.9907821393343776,0.9907872805455662
0.45727629318058627,0.9074573991329999,0.843454536902018,0.9819711538461539,0.45323741007194246,340689,63232,6255,52416,63232,0.9907821393343776,0.9907872805455662
0.4570277260394012,0.9069549209949407,0.8425867531291967,0.9819711538461539,0.44964028776978415,340689,63648,6255,52000,63648,0.9907821393343776,0.9907872805455662
0.4566842990589435,0.9064529990142305,0.841720753150687,0.9819711538461539,0.4460431654676259,340689,64064,6255,51584,64064,0.9907821393343776,0.9907872805455662
0.45416874888795866,0.9070593021802545,0.8418836537749587,0.9831730769230769,0.4460431654676259,341106,64064,5838,51584,64064,0.9907821393343776,0.9907872805455662
0.45346487939436164,0.9065578780912389,0.8410201535555961,0.9831730769230769,0.44244604316546765,341106,64480,5838,51168,64480,0.9907821393343776,0.9907872805455662
0.4522474849768149,0.9060570080722921,0.840158422864912,0.9831730769230769,0.43884892086330934,341106,64896,5838,50752,64896,0.9907821393343776,0.9907872805455662
0.4510044310639605,0.9055566912055559,0.8392984562691613,0.9831730769230769,0.4352517985611511,341106,65312,5838,50336,65312,0.9907821393343776,0.9907872805455662
0.45065971421098255,0.9050569265751985,0.8384402483568236,0.9831730769230769,0.4316546762589928,341106,65728,5838,49920,65728,0.9907821393343776,0.9907872805455662
0.44918433206700553,0.9045577132674086,0.8375837937384899,0.9831730769230769,0.42805755395683454,341106,66144,5838,49504,66144,0.9907821393343776,0.9907872805455662
0.44892571361904093,0.90405905037039,0.8367290870467491,0.9831730769230769,0.4244604316546763,341106,66560,5838,49088,66560,0.9907821393343776,0.9907872805455662
0.44823576462692466,0.9035609369743558,0.8358761229360766,0.9831730769230769,0.420863309352518,341106,66976,5838,48672,66976,0.9907821393343776,0.9907872805455662
0.44686973711130074,0.9041661647536611,0.836043662285587,0.984375,0.420863309352518,341523,66976,5421,48672,66976,0.9907821393343776,0.9907872805455662
0.4466401334776873,0.9036685413549352,0.8351931330472103,0.984375,0.4172661870503597,341523,67392,5421,48256,67392,0.9907821393343776,0.9907872805455662
0.4463960962178666,0.9031714654061023,0.8343443325817004,0.984375,0.4136690647482014,341523,67808,5421,47840,67808,0.9907821393343776,0.9907872805455662
0.44525816949801666,0.9026749360042606,0.8334972556235921,0.984375,0.41007194244604317,341523,68224,5421,47424,68224,0.9907821393343776,0.9907872805455662
0.4447116969432657,0.9021789522484933,0.8326518969287819,0.984375,0.4064748201438849,341523,68640,5421,47008,68640,0.9907821393343776,0.9907872805455662
0.44386742516359684,0.9027832781535634,0.8328218617565395,0.9855769230769231,0.4064748201438849,341940,68640,5004,47008,68640,0.9907821393343776,0.9907872805455662
0.4426209318818419,0.902287780035359,0.8319789000379566,0.9855769230769231,0.4028776978417266,341940,69056,5004,46592,69056,0.9907821393343776,0.9907872805455662
0.44121963653188345,0.9017928255331269,0.831137643043956,0.9855769230769231,0.39928057553956836,341940,69472,5004,46176,69472,0.9907821393343776,0.9907872805455662
0.43924775883088707,0.9023963688744855,0.8313086256674493,0.9867788461538461,0.39928057553956836,342357,69472,4587,46176,69472,0.9907821393343776,0.9907872805455662
0.43794948160433234,0.9019018979463612,0.8304697449332314,0.9867788461538461,0.39568345323741005,342357,69888,4587,45760,69888,0.9907821393343776,0.9907872805455662
0.4375044495435785,0.9014079686152672,0.8296325555358999,0.9867788461538461,0.3920863309352518,342357,70304,4587,45344,70304,0.9907821393343776,0.9907872805455662
0.43685224499455927,0.9009145799918686,0.8287970523655396,0.9867788461538461,0.38848920863309355,342357,70720,4587,44928,70720,0.9907821393343776,0.9907872805455662
0.4364730725880886,0.900421731188777,0.8279632303327988,0.9867788461538461,0.38489208633093525,342357,71136,4587,44512,71136,0.9907821393343776,0.9907872805455662
0.43646815584231113,0.8999294213205442,0.8271310843687864,0.9867788461538461,0.381294964028777,342357,71552,4587,44096,71552,0.9907821393343776,0.9907872805455662
0.436351465616711,0.8994376495036577,0.8263006094249683,0.9867788461538461,0.3776978417266187,342357,71968,4587,43680,71968,0.9907821393343776,0.9907872805455662
0.4363194187835857,0.8989464148565351,0.8254718004730663,0.9867788461538461,0.37410071942446044,342357,72384,4587,43264,72384,0.9907821393343776,0.9907872805455662
0.43587412805972015,0.898455716499519,0.824644652504956,0.9867788461538461,0.37050359712230213,342357,72800,4587,42848,72800,0.9907821393343776,0.9907872805455662
0.4347535574697754,0.8979655535548715,0.8238191605325659,0.9867788461538461,0.3669064748201439,342357,73216,4587,42432,73216,0.9907821393343776,0.9907872805455662
0.43450755061246027,0.8974759251467691,0.8229953195877776,0.9867788461538461,0.36330935251798563,342357,73632,4587,42016,73632,0.9907821393343776,0.9907872805455662
0.43339755984044726,0.8969868304012975,0.8221731247223256,0.9867788461538461,0.3597122302158273,342357,74048,4587,41600,74048,0.9907821393343776,0.9907872805455662
0.4320414894629778,0.8964982684464462,0.8213525710076988,0.9867788461538461,0.35611510791366907,342357,74464,4587,41184,74464,0.9907821393343776,0.9907872805455662
0.4302545915617047,0.8971004289554059,0.8215311165330099,0.9879807692307693,0.35611510791366907,342774,74464,4170,41184,74464,0.9907821393343776,0.9907872805455662
0.4298589429137524,0.8977019326470477,0.8217093055272893,0.9891826923076923,0.35611510791366907,343191,74464,3753,41184,74464,0.9907821393343776,0.9907872805455662
0.4292169777311742,0.8972137801219584,0.8208916667264651,0.9891826923076923,0.35251798561151076,343191,74880,3753,40768,74880,0.9907821393343776,0.9907872805455662
0.42699495363674,0.8967261582036787,0.8200756534850545,0.9891826923076923,0.3489208633093525,343191,75296,3753,40352,75296,0.9907821393343776,0.9907872805455662
0.4267987134510616,0.8962390660275485,0.8192612609601746,0.9891826923076923,0.34532374100719426,343191,75712,3753,39936,75712,0.9907821393343776,0.9907872805455662
0.4255743068425009,0.896839731476358,0.8194409997138223,0.9903846153846154,0.34532374100719426,343608,75712,3336,39936,75712,0.9907821393343776,0.9907872805455662
0.4252341789836036,0.8963531069024887,0.8186288524215221,0.9903846153846154,0.34172661870503596,343608,76128,3336,39520,76128,0.9907821393343776,0.9907872805455662
0.42490939395513583,0.895867010126503,0.8178183133723034,0.9903846153846154,0.3381294964028777,343608,76544,3336,39104,76544,0.9907821393343776,0.9907872805455662
0.4240196064537637,0.8953814402901844,0.8170093777938408,0.9903846153846154,0.3345323741007194,343608,76960,3336,38688,76960,0.9907821393343776,0.9907872805455662
0.4238684904135727,0.8959812691017008,0.817190636245947,0.9915865384615384,0.3345323741007194,344025,76960,2919,38688,76960,0.9907821393343776,0.9907872805455662
0.42375768810210734,0.8954961638326533,0.8163839193547239,0.9915865384615384,0.33093525179856115,344025,77376,2919,38272,77376,0.9907821393343776,0.9907872805455662
0.42143525108601554,0.8950115835740887,0.8155787936474822,0.9915865384615384,0.3273381294964029,344025,77792,2919,37856,77792,0.9907821393343776,0.9907872805455662
0.4206236386462119,0.8945275274741704,0.8147752544211372,0.9915865384615384,0.3237410071942446,344025,78208,2919,37440,78208,0.9907821393343776,0.9907872805455662
0.41945503944083384,0.8940439946829039,0.8139732969911203,0.9915865384615384,0.32014388489208634,344025,78624,2919,37024,78624,0.9907821393343776,0.9907872805455662
0.41849178325855485,0.8935609843521309,0.8131729166912885,0.9915865384615384,0.31654676258992803,344025,79040,2919,36608,79040,0.9907821393343776,0.9907872805455662
0.41711706134950494,0.894159854418205,0.813356884117861,0.9927884615384616,0.31654676258992803,344442,79040,2502,36608,79040,0.9907821393343776,0.9907872805455662
0.4168372902260725,0.8936773035200469,0.8125586815696229,0.9927884615384616,0.3129496402877698,344442,79456,2502,36192,79456,0.9907821393343776,0.9907872805455662
0.4160908471565981,0.8931952731770691,0.8117620441465518,0.9927884615384616,0.30935251798561153,344442,79872,2502,35776,79872,0.9907821393343776,0.9907872805455662
0.41341058130882613,0.8937933715618622,0.8119468557745961,0.9939903846153846,0.30935251798561153,344859,79872,2085,35776,79872,0.9907821393343776,0.9907872805455662
0.41218001580621566,0.8933117987387497,0.8111523778834144,0.9939903846153846,0.3057553956834532,344859,80288,2085,35360,80288,0.9907821393343776,0.9907872805455662
0.4108081741668558,0.8928307445757773,0.8103594532419407,0.9939903846153846,0.302158273381295,344859,80704,2085,34944,80704,0.9907821393343776,0.9907872805455662
0.41014738915067117,0.8923502082354905,0.8095680772995852,0.9939903846153846,0.29856115107913667,344859,81120,2085,34528,81120,0.9907821393343776,0.9907872805455662
0.408695720159181,0.8918701888822367,0.808778245523517,0.9939903846153846,0.2949640287769784,344859,81536,2085,34112,81536,0.9907821393343776,0.9907872805455662
0.40835425576108886,0.8913906856821604,0.8079899533985769,0.9939903846153846,0.29136690647482016,344859,81952,2085,33696,81952,0.9907821393343776,0.9907872805455662
0.407927054833954,0.8909116978031986,0.8072031964271921,0.9939903846153846,0.28776978417266186,344859,82368,2085,33280,82368,0.9907821393343776,0.9907872805455662
0.407824377257223,0.8904332244150754,0.8064179701292901,0.9939903846153846,0.2841726618705036,344859,82784,2085,32864,82784,0.9907821393343776,0.9907872805455662
0.4049878613043896,0.8910302398439234,0.8066065504835771,0.9951923076923077,0.2841726618705036,345276,82784,1668,32864,82784,0.9907821393343776,0.9907872805455662
0.4041169780402558,0.8905522168631194,0.8058234300170838,0.9951923076923077,0.2805755395683453,345276,83200,1668,32448,83200,0.9907821393343776,0.9907872805455662
0.4039723603800911,0.8900747065101388,0.8050418287121234,0.9951923076923077,0.27697841726618705,345276,83616,1668,32032,83616,0.9907821393343776,0.9907872805455662
0.40201690452559835,0.8895977079608168,0.8042617421524872,0.9951923076923077,0.2733812949640288,345276,84032,1668,31616,84032,0.9907821393343776,0.9907872805455662
0.4009909252371541,0.8891212203927547,0.8034831659390679,0.9951923076923077,0.2697841726618705,345276,84448,1668,31200,84448,0.9907821393343776,0.9907872805455662
0.39825720418051347,0.8886452429853143,0.8027060956897755,0.9951923076923077,0.26618705035971224,345276,84864,1668,30784,84864,0.9907821393343776,0.9907872805455662
0.39797339267668297,0.8881697749196141,0.801930527039456,0.9951923076923077,0.26258992805755393,345276,85280,1668,30368,85280,0.9907821393343776,0.9907872805455662
0.39788855472074336,0.8876948153785241,0.8011564556398095,0.9951923076923077,0.2589928057553957,345276,85696,1668,29952,85696,0.9907821393343776,0.9907872805455662
0.3974439843841022,0.8872203635466613,0.800383877159309,0.9951923076923077,0.25539568345323743,345276,86112,1668,29536,86112,0.9907821393343776,0.9907872805455662
0.39579024935674184,0.8867464186103848,0.7996127872831192,0.9951923076923077,0.2517985611510791,345276,86528,1668,29120,86528,0.9907821393343776,0.9907872805455662
0.3946527780114176,0.8862729797577917,0.7988431817130165,0.9951923076923077,0.24820143884892087,345276,86944,1668,28704,86944,0.9907821393343776,0.9907872805455662
0.392773640982055,0.8858000461787117,0.7980750561673092,0.9951923076923077,0.2446043165467626,345276,87360,1668,28288,87360,0.9907821393343776,0.9907872805455662
0.3916363284232334,0.8853276170647029,0.797308406380758,0.9951923076923077,0.24100719424460432,345276,87776,1668,27872,87776,0.9907821393343776,0.9907872805455662
0.3905272390843886,0.8848556916090475,0.7965432281044967,0.9951923076923077,0.23741007194244604,345276,88192,1668,27456,88192,0.9907821393343776,0.9907872805455662
0.3899075076537394,0.8843842690067467,0.7957795171059546,0.9951923076923077,0.23381294964028776,345276,88608,1668,27040,88608,0.9907821393343776,0.9907872805455662
0.38776524144671143,0.8839133484545161,0.7950172691687774,0.9951923076923077,0.2302158273381295,345276,89024,1668,26624,89024,0.9907821393343776,0.9907872805455662
0.3877193235444301,0.8834429291507817,0.7942564800927502,0.9951923076923077,0.22661870503597123,345276,89440,1668,26208,89440,0.9907821393343776,0.9907872805455662
0.3853438390344537,0.8829730102956745,0.7934971456937205,0.9951923076923077,0.22302158273381295,345276,89856,1668,25792,89856,0.9907821393343776,0.9907872805455662
0.3850677063971102,0.8825035910910272,0.7927392618035211,0.9951923076923077,0.21942446043165467,345276,90272,1668,25376,90272,0.9907821393343776,0.9907872805455662
0.38474060499002033,0.882034670740368,0.7919828242698939,0.9951923076923077,0.2158273381294964,345276,90688,1668,24960,90688,0.9907821393343776,0.9907872805455662
0.38453850343585033,0.8826298152108001,0.792181602773723,0.9963942307692307,0.2158273381294964,345693,90688,1251,24960,90688,0.9907821393343776,0.9907872805455662
0.38173825507240045,0.8821613262544642,0.7914271389226575,0.9963942307692307,0.21223021582733814,345693,91104,1251,24544,91104,0.9907821393343776,0.9907872805455662
0.3810581057749305,0.8827557711583635,0.7916260686986235,0.9975961538461539,0.21223021582733814,346110,91104,834,24544,91104,0.9907821393343776,0.9907872805455662
0.3797220060124695,0.8822877128224998,0.790873568996641,0.9975961538461539,0.20863309352517986,346110,91520,834,24128,91520,0.9907821393343776,0.9907872805455662
0.377932635308187,0.8818201505751666,0.7901224985503805,0.9975961538461539,0.20503597122302158,346110,91936,834,23712,91936,0.9907821393343776,0.9907872805455662
0.3755490689681249,0.8813530836280854,0.7893728532917333,0.9975961538461539,0.2014388489208633,346110,92352,834,23296,92352,0.9907821393343776,0.9907872805455662
0.3745235365461381,0.8808865111946471,0.7886246291680148,0.9975961538461539,0.19784172661870503,346110,92768,834,22880,92768,0.9907821393343776,0.9907872805455662
0.37413963565411934,0.8804204324899076,0.7878778221418913,0.9975961538461539,0.19424460431654678,346110,93184,834,22464,93184,0.9907821393343776,0.9907872805455662
0.37329275364851733,0.879954846730583,0.7871324281913079,0.9975961538461539,0.1906474820143885,346110,93600,834,22048,93600,0.9907821393343776,0.9907872805455662
0.3724423309806997,0.8794897531350452,0.7863884433094159,0.9975961538461539,0.18705035971223022,346110,94016,834,21632,94016,0.9907821393343776,0.9907872805455662
0.3699114772666203,0.879025150923318,0.7856458635045013,0.9975961538461539,0.18345323741007194,346110,94432,834,21216,94432,0.9907821393343776,0.9907872805455662
0.3696726633589432,0.8785610393170724,0.7849046847999129,0.9975961538461539,0.17985611510791366,346110,94848,834,20800,94848,0.9907821393343776,0.9907872805455662
0.36578342568960764,0.8780974175396223,0.784164903233992,0.9975961538461539,0.17625899280575538,346110,95264,834,20384,95264,0.9907821393343776,0.9907872805455662
0.36448657679271723,0.8776342848159202,0.7834265148600014,0.9975961538461539,0.17266187050359713,346110,95680,834,19968,95680,0.9907821393343776,0.9907872805455662
0.36366465479678833,0.8782273607966029,0.7836307430682915,0.9987980769230769,0.17266187050359713,346527,95680,417,19968,95680,0.9907821393343776,0.9907872805455662
0.361802658728403,0.8777646482185806,0.7828942463450838,0.9987980769230769,0.16906474820143885,346527,96096,417,19552,96096,0.9907821393343776,0.9907872805455662
0.36114509288074725,0.8773024229635321,0.7821591327174358,0.9987980769230769,0.16546762589928057,346527,96512,417,19136,96512,0.9907821393343776,0.9907872805455662
0.36113911858748715,0.8768406842619993,0.7814253982929497,0.9987980769230769,0.1618705035971223,346527,96928,417,18720,96928,0.9907821393343776,0.9907872805455662
0.36047549617827057,0.8763794313461429,0.7806930391938198,0.9987980769230769,0.15827338129496402,346527,97344,417,18304,97344,0.9907821393343776,0.9907872805455662
0.3589873060775991,0.8759186634497385,0.779962051556764,0.9987980769230769,0.15467625899280577,346527,97760,417,17888,97760,0.9907821393343776,0.9907872805455662
0.3580736025695185,0.8754583798081721,0.7792324315329557,0.9987980769230769,0.1510791366906475,346527,98176,417,17472,98176,0.9907821393343776,0.9907872805455662
0.35746452635567566,0.8749985796584363,0.7785041752879567,0.9987980769230769,0.1474820143884892,346527,98592,417,17056,98592,0.9907821393343776,0.9907872805455662
0.3504299302969677,0.8745392622391256,0.7777772790016497,0.9987980769230769,0.14388489208633093,346527,99008,417,16640,99008,0.9907821393343776,0.9907872805455662
0.3465229608573559,0.8740804267904325,0.7770517388681716,0.9987980769230769,0.14028776978417265,346527,99424,417,16224,99424,0.9907821393343776,0.9907872805455662
0.34594486782187184,0.8736220725541434,0.7763275510958472,0.9987980769230769,0.1366906474820144,346527,99840,417,15808,99840,0.9907821393343776,0.9907872805455662
0.3457864337587685,0.8731641987736337,0.7756047119071227,0.9987980769230769,0.13309352517985612,346527,100256,417,15392,100256,0.9907821393343776,0.9907872805455662
0.3457754084195852,0.872706804693865,0.7748832175385008,0.9987980769230769,0.12949640287769784,346527,100672,417,14976,100672,0.9907821393343776,0.9907872805455662
0.34550957195853993,0.8722498895613793,0.7741630642404745,0.9987980769230769,0.12589928057553956,346527,101088,417,14560,101088,0.9907821393343776,0.9907872805455662
0.3449611923292769,0.8717934526242964,0.7734442482774629,0.9987980769230769,0.1223021582733813,346527,101504,417,14144,101504,0.9907821393343776,0.9907872805455662
0.344198578015268,0.8713374931323085,0.7727267659277463,0.9987980769230769,0.11870503597122302,346527,101920,417,13728,101920,0.9907821393343776,0.9907872805455662
0.3430185818686804,0.8708820103366771,0.7720106134834014,0.9987980769230769,0.11510791366906475,346527,102336,417,13312,102336,0.9907821393343776,0.9907872805455662
0.3415613538222564,0.8704270034902283,0.7712957872502387,0.9987980769230769,0.11151079136690648,346527,102752,417,12896,102752,0.9907821393343776,0.9907872805455662
0.3410870452629585,0.8699724718473487,0.770582283547738,0.9987980769230769,0.1079136690647482,346527,103168,417,12480,103168,0.9907821393343776,0.9907872805455662
0.3387757486071142,0.8695184146639818,0.7698700987089852,0.9987980769230769,0.10431654676258993,346527,103584,417,12064,103584,0.9907821393343776,0.9907872805455662
0.33795935558132395,0.8690648311976235,0.7691592290806101,0.9987980769230769,0.10071942446043165,346527,104000,417,11648,104000,0.9907821393343776,0.9907872805455662
0.33688990946900327,0.8686117207073182,0.7684496710227235,0.9987980769230769,0.09712230215827339,346527,104416,417,11232,104416,0.9907821393343776,0.9907872805455662
0.3365944496624419,0.8681590824536548,0.7677414209088552,0.9987980769230769,0.09352517985611511,346527,104832,417,10816,104832,0.9907821393343776,0.9907872805455662
0.33554282997897666,0.8677069156987627,0.7670344751258923,0.9987980769230769,0.08992805755395683,346527,105248,417,10400,105248,0.9907821393343776,0.9907872805455662
0.33339957936480547,0.8672552197063075,0.7663288300740174,0.9987980769230769,0.08633093525179857,346527,105664,417,9984,105664,0.9907821393343776,0.9907872805455662
0.3331131548711343,0.8668039937414874,0.7656244821666479,0.9987980769230769,0.08273381294964029,346527,106080,417,9568,106080,0.9907821393343776,0.9907872805455662
0.33132633053823224,0.8663532370710292,0.7649214278303751,0.9987980769230769,0.07913669064748201,346527,106496,417,9152,106496,0.9907821393343776,0.9907872805455662
0.3245844796684057,0.8659029489631839,0.7642196635049037,0.9987980769230769,0.07553956834532374,346527,106912,417,8736,106912,0.9907821393343776,0.9907872805455662
0.32275748906887247,0.8654531286877232,0.7635191856429917,0.9987980769230769,0.07194244604316546,346527,107328,417,8320,107328,0.9907821393343776,0.9907872805455662
0.32246625294193376,0.8650037755159352,0.762819990710391,0.9987980769230769,0.0683453237410072,346527,107744,417,7904,107744,0.9907821393343776,0.9907872805455662
0.3217946331332443,0.8645548887206208,0.7621220751857871,0.9987980769230769,0.06474820143884892,346527,108160,417,7488,108160,0.9907821393343776,0.9907872805455662
0.3202454112617354,0.8641064675760897,0.7614254355607412,0.9987980769230769,0.06115107913669065,346527,108576,417,7072,108576,0.9907821393343776,0.9907872805455662
0.3174523357451092,0.8636585113581561,0.7607300683396302,0.9987980769230769,0.05755395683453238,346527,108992,417,6656,108992,0.9907821393343776,0.9907872805455662
0.31602686552746956,0.8632110193441352,0.760035970039589,0.9987980769230769,0.0539568345323741,346527,109408,417,6240,109408,0.9907821393343776,0.9907872805455662
0.31465317696824663,0.8627639908128396,0.7593431371904521,0.9987980769230769,0.050359712230215826,346527,109824,417,5824,109824,0.9907821393343776,0.9907872805455662
0.3141848478812372,0.8623174250445744,0.7586515663346958,0.9987980769230769,0.046762589928057555,346527,110240,417,5408,110240,0.9907821393343776,0.9907872805455662
0.3126071879345552,0.8618713213211346,0.7579612540273807,0.9987980769230769,0.04316546762589928,346527,110656,417,4992,110656,0.9907821393343776,0.9907872805455662
0.3119279375861832,0.8614256789258001,0.7572721968360945,0.9987980769230769,0.039568345323741004,346527,111072,417,4576,111072,0.9907821393343776,0.9907872805455662
0.31145749004677487,0.8609804971433328,0.756584391340895,0.9987980769230769,0.03597122302158273,346527,111488,417,4160,111488,0.9907821393343776,0.9907872805455662
0.3091544481035433,0.860535775259972,0.7558978341342536,0.9987980769230769,0.03237410071942446,346527,111904,417,3744,111904,0.9907821393343776,0.9907872805455662
0.30813379069792046,0.8600915125634314,0.7552125218209992,0.9987980769230769,0.02877697841726619,346527,112320,417,3328,112320,0.9907821393343776,0.9907872805455662
0.3076147606367985,0.8596477083428946,0.7545284510182618,0.9987980769230769,0.025179856115107913,346527,112736,417,2912,112736,0.9907821393343776,0.9907872805455662
0.30396162098912727,0.8592043618890114,0.7538456183554176,0.9987980769230769,0.02158273381294964,346527,113152,417,2496,113152,0.9907821393343776,0.9907872805455662
0.3034030651743067,0.8587614724938943,0.7531640204740325,0.9987980769230769,0.017985611510791366,346527,113568,417,2080,113568,0.9907821393343776,0.9907872805455662
0.3031108646980121,0.8583190394511149,0.7524836540278083,0.9987980769230769,0.014388489208633094,346527,113984,417,1664,113984,0.9907821393343776,0.9907872805455662
0.29926847105136145,0.858908341915551,0.7527075812274369,1.0,0.014388489208633094,346944,113984,0,1664,113984,0.9907821393343776,0.9907872805455662
0.2962965336229523,0.8584662892434379,0.7520288548241659,1.0,0.01079136690647482,346944,114400,0,1248,114400,0.9907821393343776,0.9907872805455662
0.27857301835529436,0.8580246913580247,0.7513513513513513,1.0,0.007194244604316547,346944,114816,0,832,114816,0.9907821393343776,0.9907872805455662
0.22468420163572733,0.8575835475578406,0.7506750675067507,1.0,0.0035971223021582736,346944,115232,0,416,115232,0.9907821393343776,0.9907872805455662
0.21915330351144197,0.8571428571428571,0.75,1.0,0.0,346944,115648,0,0,115648,0.9907821393343776,0.9907872805455662
