threshold,f1,precision,recall,tnr,tp,fp,fn,tn_unknown,fp_unknown,auc_pr_trapezoid,ap_pr_step
0.4659911520733991,0.0,,0.0,1.0,0,0,1040832,115648,0,0.9534447357356306,0.9534916745336052
0.46599115207339903,0.0024009603841536613,1.0,0.001201923076923077,1.0,1251,0,1039581,115648,0,0.9534447357356306,0.9534916745336052
0.45918790643602114,0.004796163069544364,1.0,0.002403846153846154,1.0,2502,0,1038330,115648,0,0.9534447357356306,0.9534916745336052
0.441410292174164,0.00718562874251497,1.0,0.003605769230769231,1.0,3753,0,1037079,115648,0,0.9534447357356306,0.9534916745336052
0.4370850989735509,0.009569377990430622,1.0,0.004807692307692308,1.0,5004,0,1035828,115648,0,0.9534447357356306,0.9534916745336052
0.43067251823084596,0.011947431302270013,1.0,0.006009615384615385,1.0,6255,0,1034577,115648,0,0.9534447357356306,0.9534916745336052
0.428965058392077,0.014319809069212411,1.0,0.007211538461538462,1.0,7506,0,1033326,115648,0,0.9534447357356306,0.9534916745336052
0.4254813228974363,0.0166865315852205,1.0,0.008413461538461538,1.0,8757,0,1032075,115648,0,0.9534447357356306,0.9534916745336052
0.42520873158063965,0.01904761904761905,1.0,0.009615384615384616,1.0,10008,0,1030824,115648,0,0.9534447357356306,0.9534916745336052
0.4207125423596874,0.02140309155766944,1.0,0.010817307692307692,1.0,11259,0,1029573,115648,0,0.9534447357356306,0.9534916745336052
0.4195493873167696,0.023752969121140142,1.0,0.01201923076923077,1.0,12510,0,1028322,115648,0,0.9534447357356306,0.9534916745336052
0.4189615321349952,0.02609727164887307,1.0,0.013221153846153846,1.0,13761,0,1027071,115648,0,0.9534447357356306,0.9534916745336052
0.4177763811108394,0.02843601895734597,1.0,0.014423076923076924,1.0,15012,0,1025820,115648,0,0.9534447357356306,0.9534916745336052
0.41475428517173896,0.03076923076923077,1.0,0.015625,1.0,16263,0,1024569,115648,0,0.9534447357356306,0.9534916745336052
0.4115717564701985,0.03309692671394799,1.0,0.016826923076923076,1.0,17514,0,1023318,115648,0,0.9534447357356306,0.9534916745336052
0.4085741386390731,0.03541912632821724,1.0,0.018028846153846152,1.0,18765,0,1022067,115648,0,0.9534447357356306,0.9534916745336052
0.40073032942405873,0.03773584905660377,1.0,0.019230769230769232,1.0,20016,0,1020816,115648,0,0.9534447357356306,0.9534916745336052
0.4006725807718996,0.04004711425206125,1.0,0.020432692307692308,1.0,21267,0,1019565,115648,0,0.9534447357356306,0.9534916745336052
0.3940780685824187,0.042352941176470586,1.0,0.021634615384615384,1.0,22518,0,1018314,115648,0,0.9534447357356306,0.9534916745336052
0.3906259686650422,0.04465334900117509,1.0,0.02283653846153846,1.0,23769,0,1017063,115648,0,0.9534447357356306,0.9534916745336052
0.38901710345481877,0.046948356807511735,1.0,0.02403846153846154,1.0,25020,0,1015812,115648,0,0.9534447357356306,0.9534916745336052
0.3758639089853688,0.0492379835873388,1.0,0.025240384615384616,1.0,26271,0,1014561,115648,0,0.9534447357356306,0.9534916745336052
0.3708364131032238,0.05152224824355972,1.0,0.026442307692307692,1.0,27522,0,1013310,115648,0,0.9534447357356306,0.9534916745336052
0.36115628214223006,0.05380116959064327,1.0,0.027644230769230768,1.0,28773,0,1012059,115648,0,0.9534447357356306,0.9534916745336052
0.3599096316795919,0.056074766355140186,1.0,0.028846153846153848,1.0,30024,0,1010808,115648,0,0.9534447357356306,0.9534916745336052
0.35866826919845396,0.058343057176196034,1.0,0.030048076923076924,1.0,31275,0,1009557,115648,0,0.9534447357356306,0.9534916745336052
0.3585616538795009,0.06060606060606061,1.0,0.03125,1.0,32526,0,1008306,115648,0,0.9534447357356306,0.9534916745336052
0.3578272438328759,0.06286379511059371,1.0,0.03245192307692308,1.0,33777,0,1007055,115648,0,0.9534447357356306,0.9534916745336052
0.3476404392549693,0.06511627906976744,1.0,0.03365384615384615,1.0,35028,0,1005804,115648,0,0.9534447357356306,0.9534916745336052
0.3309251130639268,0.06736353077816493,1.0,0.03485576923076923,1.0,36279,0,1004553,115648,0,0.9534447357356306,0.9534916745336052
0.3276711497743183,0.06960556844547564,1.0,0.036057692307692304,1.0,37530,0,1003302,115648,0,0.9534447357356306,0.9534916745336052
0.32583988575110356,0.07184241019698726,1.0,0.037259615384615384,1.0,38781,0,1002051,115648,0,0.9534447357356306,0.9534916745336052
0.3252255109883459,0.07407407407407407,1.0,0.038461538461538464,1.0,40032,0,1000800,115648,0,0.9534447357356306,0.9534916745336052
0.3236250533118483,0.07630057803468208,1.0,0.039663461538461536,1.0,41283,0,999549,115648,0,0.9534447357356306,0.9534916745336052
0.32079479064480215,0.07852193995381063,1.0,0.040865384615384616,1.0,42534,0,998298,115648,0,0.9534447357356306,0.9534916745336052
0.3207722818278354,0.08073817762399077,1.0,0.042067307692307696,1.0,43785,0,997047,115648,0,0.9534447357356306,0.9534916745336052
0.32045454377983834,0.08294930875576037,1.0,0.04326923076923077,1.0,45036,0,995796,115648,0,0.9534447357356306,0.9534916745336052
0.3176688399355635,0.08515535097813579,1.0,0.04447115384615385,1.0,46287,0,994545,115648,0,0.9534447357356306,0.9534916745336052
0.316292797441068,0.08735632183908046,1.0,0.04567307692307692,1.0,47538,0,993294,115648,0,0.9534447357356306,0.9534916745336052
0.31604066345209963,0.08955223880597014,1.0,0.046875,1.0,48789,0,992043,115648,0,0.9534447357356306,0.9534916745336052
0.31376022114172364,0.09174311926605505,1.0,0.04807692307692308,1.0,50040,0,990792,115648,0,0.9534447357356306,0.9534916745336052
0.31252687697570625,0.09392898052691867,1.0,0.04927884615384615,1.0,51291,0,989541,115648,0,0.9534447357356306,0.9534916745336052
0.309374939160766,0.09610983981693363,1.0,0.05048076923076923,1.0,52542,0,988290,115648,0,0.9534447357356306,0.9534916745336052
0.3027388115210593,0.09828571428571428,1.0,0.051682692307692304,1.0,53793,0,987039,115648,0,0.9534447357356306,0.9534916745336052
0.30171689230330867,0.1004566210045662,1.0,0.052884615384615384,1.0,55044,0,985788,115648,0,0.9534447357356306,0.9534916745336052
0.3012749848242824,0.10262257696693272,1.0,0.054086538461538464,1.0,56295,0,984537,115648,0,0.9534447357356306,0.9534916745336052
0.29991754455812675,0.10478359908883828,1.0,0.055288461538461536,1.0,57546,0,983286,115648,0,0.9534447357356306,0.9534916745336052
0.29984952903879847,0.10693970420932879,1.0,0.056490384615384616,1.0,58797,0,982035,115648,0,0.9534447357356306,0.9534916745336052
0.29841394165583823,0.10909090909090909,1.0,0.057692307692307696,1.0,60048,0,980784,115648,0,0.9534447357356306,0.9534916745336052
0.2964306470716582,0.1112372304199773,1.0,0.05889423076923077,1.0,61299,0,979533,115648,0,0.9534447357356306,0.9534916745336052
0.29587430205775,0.11337868480725624,1.0,0.06009615384615385,1.0,62550,0,978282,115648,0,0.9534447357356306,0.9534916745336052
0.2948131004783555,0.11551528878822197,1.0,0.06129807692307692,1.0,63801,0,977031,115648,0,0.9534447357356306,0.9534916745336052
0.29420389398657115,0.11764705882352941,1.0,0.0625,1.0,65052,0,975780,115648,0,0.9534447357356306,0.9534916745336052
0.2929662841421055,0.11977401129943503,1.0,0.06370192307692307,1.0,66303,0,974529,115648,0,0.9534447357356306,0.9534916745336052
0.2901332790715603,0.12189616252821671,1.0,0.06490384615384616,1.0,67554,0,973278,115648,0,0.9534447357356306,0.9534916745336052
0.2899879539661485,0.12401352874859076,1.0,0.06610576923076923,1.0,68805,0,972027,115648,0,0.9534447357356306,0.9534916745336052
0.28528834705497896,0.12612612612612611,1.0,0.0673076923076923,1.0,70056,0,970776,115648,0,0.9534447357356306,0.9534916745336052
0.2850369227948614,0.12823397075365578,1.0,0.06850961538461539,1.0,71307,0,969525,115648,0,0.9534447357356306,0.9534916745336052
0.2836279780035559,0.1303370786516854,1.0,0.06971153846153846,1.0,72558,0,968274,115648,0,0.9534447357356306,0.9534916745336052
0.2830556698380191,0.1324354657687991,1.0,0.07091346153846154,1.0,73809,0,967023,115648,0,0.9534447357356306,0.9534916745336052
0.2829082923371615,0.13452914798206278,1.0,0.07211538461538461,1.0,75060,0,965772,115648,0,0.9534447357356306,0.9534916745336052
0.28268700424267557,0.1366181410974244,1.0,0.0733173076923077,1.0,76311,0,964521,115648,0,0.9534447357356306,0.9534916745336052
0.2806100041822612,0.13870246085011187,1.0,0.07451923076923077,1.0,77562,0,963270,115648,0,0.9534447357356306,0.9534916745336052
0.2779706585237448,0.14078212290502792,1.0,0.07572115384615384,1.0,78813,0,962019,115648,0,0.9534447357356306,0.9534916745336052
0.2779044030857889,0.14285714285714285,1.0,0.07692307692307693,1.0,80064,0,960768,115648,0,0.9534447357356306,0.9534916745336052
0.27556010515233487,0.14492753623188406,1.0,0.078125,1.0,81315,0,959517,115648,0,0.9534447357356306,0.9534916745336052
0.2755501408707884,0.14487382890759806,0.9949101320184508,0.078125,0.9964028776978417,81315,416,959517,115232,416,0.9534447357356306,0.9534916745336052
0.2752129415902547,0.14693890626028863,0.9949868646212432,0.07932692307692307,0.9964028776978417,82566,416,958266,115232,416,0.9534447357356306,0.9534916745336052
0.27393929687677415,0.14899939114628932,0.9950613180107559,0.08052884615384616,0.9964028776978417,83817,416,957015,115232,416,0.9534447357356306,0.9534916745336052
0.27279577945044226,0.15105529886816843,0.9951335922511815,0.08173076923076923,0.9964028776978417,85068,416,955764,115232,416,0.9534447357356306,0.9534916745336052
0.27248791850335086,0.15310664466058335,0.9952037816337119,0.0829326923076923,0.9964028776978417,86319,416,954513,115232,416,0.9534447357356306,0.9534916745336052
0.27230416235148125,0.15515344369065695,0.9952719750869456,0.08413461538461539,0.9964028776978417,87570,416,953262,115232,416,0.9534447357356306,0.9534916745336052
0.2712684604942408,0.1571957110583513,0.9953382565527752,0.08533653846153846,0.9964028776978417,88821,416,952011,115232,416,0.9534447357356306,0.9534916745336052
0.27123053757335414,0.1592334617968391,0.9954027053310937,0.08653846153846154,0.9964028776978417,90072,416,950760,115232,416,0.9534447357356306,0.9534916745336052
0.2699239409387214,0.16126671087287242,0.9954653963962982,0.08774038461538461,0.9964028776978417,91323,416,949509,115232,416,0.9534447357356306,0.9534916745336052
0.26466517862130906,0.1632954731871493,0.995526400688246,0.0889423076923077,0.9964028776978417,92574,416,948258,115232,416,0.9534447357356306,0.9534916745336052
0.26393713848129685,0.16531976357467756,0.9955857853800363,0.09014423076923077,0.9964028776978417,93825,416,947007,115232,416,0.9534447357356306,0.9534916745336052
0.2637947203155959,0.16733959680513658,0.9956436141247434,0.09134615384615384,0.9964028776978417,95076,416,945756,115232,416,0.9534447357356306,0.9534916745336052
0.2623918951123815,0.16935498758323628,0.9956999472830076,0.09254807692307693,0.9964028776978417,96327,416,944505,115232,416,0.9534447357356306,0.9534916745336052
0.2609676919594689,0.17136595054907422,0.9957548421331919,0.09375,0.9964028776978417,97578,416,943254,115232,416,0.9534447357356306,0.9534916745336052
0.25989703199095493,0.17130337540224114,0.9915455746367239,0.09375,0.9928057553956835,97578,832,943254,114816,832,0.9534447357356306,0.9534916745336052
0.25776489860310536,0.17330926187183962,0.9916516992604931,0.09495192307692307,0.9928057553956835,98829,832,942003,114816,832,0.9534447357356306,0.9534916745336052
0.2571084836080994,0.17531075267310361,0.991755192643095,0.09615384615384616,0.9928057553956835,100080,832,940752,114816,832,0.9534447357356306,0.9534916745336052
0.2566925445091759,0.1773078622391174,0.9918561514442606,0.09735576923076923,0.9928057553956835,101331,832,939501,114816,832,0.9534447357356306,0.9534916745336052
0.25598012654659885,0.17930060493984684,0.9919546676465469,0.0985576923076923,0.9928057553956835,102582,832,938250,114816,832,0.9534447357356306,0.9534916745336052
0.2557036282633761,0.1792354424275463,0.9879803524992776,0.0985576923076923,0.9892086330935251,102582,1248,938250,114400,1248,0.9534447357356306,0.9534916745336052
0.25336783200188595,0.18122318186459183,0.988123447626117,0.09975961538461539,0.9892086330935251,103833,1248,936999,114400,1248,0.9534447357356306,0.9534916745336052
0.25311688176050273,0.1832065859807316,0.9882631757138021,0.10096153846153846,0.9892086330935251,105084,1248,935748,114400,1248,0.9534447357356306,0.9534916745336052
0.2517963694785328,0.18518566894371807,0.9883996542204624,0.10216346153846154,0.9892086330935251,106335,1248,934497,114400,1248,0.9534447357356306,0.9534916745336052
0.25046183430512425,0.18716044485963748,0.9885329952037047,0.10336538461538461,0.9892086330935251,107586,1248,933246,114400,1248,0.9534447357356306,0.9534916745336052
0.2501901829521451,0.18913092777324517,0.9886633056274697,0.1045673076923077,0.9892086330935251,108837,1248,931995,114400,1248,0.9534447357356306,0.9534916745336052
0.24958960624378546,0.19109713166829836,0.9887906876482,0.10576923076923077,0.9892086330935251,110088,1248,930744,114400,1248,0.9534447357356306,0.9534916745336052
0.24952166035080925,0.1930590704678872,0.9889152388819313,0.10697115384615384,0.9892086330935251,111339,1248,929493,114400,1248,0.9534447357356306,0.9534916745336052
0.24915541060942503,0.19501675803476318,0.9890370526537712,0.10817307692307693,0.9892086330935251,112590,1248,928242,114400,1248,0.9534447357356306,0.9534916745336052
0.24875345963927586,0.19697020817166572,0.9891562182311081,0.109375,0.9892086330935251,113841,1248,926991,114400,1248,0.9534447357356306,0.9534916745336052
0.24623658439402163,0.19891943462164657,0.9892728210417742,0.11057692307692307,0.9892086330935251,115092,1248,925740,114400,1248,0.9534447357356306,0.9534916745336052
0.24320769467665138,0.20086445106839212,0.9893869428782816,0.11177884615384616,0.9892086330935251,116343,1248,924489,114400,1248,0.9534447357356306,0.9534916745336052
0.24273619417740455,0.20280527113654354,0.9894986620891604,0.11298076923076923,0.9892086330935251,117594,1248,923238,114400,1248,0.9534447357356306,0.9534916745336052
0.24249720668461705,0.20474190839201498,0.9896080537583373,0.1141826923076923,0.9892086330935251,118845,1248,921987,114400,1248,0.9534447357356306,0.9534916745336052
0.24123247975697343,0.2066743763423096,0.9897151898734177,0.11538461538461539,0.9892086330935251,120096,1248,920736,114400,1248,0.9534447357356306,0.9534916745336052
0.23921313295750202,0.2086026884368336,0.9898201394836658,0.11658653846153846,0.9892086330935251,121347,1248,919485,114400,1248,0.9534447357356306,0.9534916745336052
0.23885888337491995,0.21052685806720828,0.9899229688484085,0.11778846153846154,0.9892086330935251,122598,1248,918234,114400,1248,0.9534447357356306,0.9534916745336052
0.23879026257984393,0.21244689856758,0.9900237415765366,0.11899038461538461,0.9892086330935251,123849,1248,916983,114400,1248,0.9534447357356306,0.9534916745336052
0.2376758204855332,0.21436282321492828,0.9901225187577167,0.1201923076923077,0.9892086330935251,125100,1248,915732,114400,1248,0.9534447357356306,0.9534916745336052
0.23498129807624663,0.2162746452293717,0.9902193590858862,0.12139423076923077,0.9892086330935251,126351,1248,914481,114400,1248,0.9534447357356306,0.9534916745336052
0.2337835793654619,0.21818237777447202,0.990314318975553,0.12259615384615384,0.9892086330935251,127602,1248,913230,114400,1248,0.9534447357356306,0.9534916745336052
0.2328949758155887,0.22008603395753643,0.9904074526713861,0.12379807692307693,0.9892086330935251,128853,1248,911979,114400,1248,0.9534447357356306,0.9534916745336052
0.23178867369526884,0.2219856268299175,0.9904988123515439,0.125,0.9892086330935251,130104,1248,910728,114400,1248,0.9534447357356306,0.9534916745336052
0.23104423491965664,0.22388116938731162,0.9905884482251532,0.12620192307692307,0.9892086330935251,131355,1248,909477,114400,1248,0.9534447357356306,0.9534916745336052
0.23078910540714143,0.22577267457005532,0.990676408624322,0.12740384615384615,0.9892086330935251,132606,1248,908226,114400,1248,0.9534447357356306,0.9534916745336052
0.23009053829681836,0.22766015526341973,0.9907627400910403,0.12860576923076922,0.9892086330935251,133857,1248,906975,114400,1248,0.9534447357356306,0.9534916745336052
0.2296563573469782,0.22954362429790315,0.9908474874592977,0.12980769230769232,0.9892086330935251,135108,1248,905724,114400,1248,0.9534447357356306,0.9534916745336052
0.2296025451069369,0.23142309444952178,0.9909306939327215,0.1310096153846154,0.9892086330935251,136359,1248,904473,114400,1248,0.9534447357356306,0.9534916745336052
0.2293530261132668,0.23329857844009866,0.9910124011580176,0.13221153846153846,0.9892086330935251,137610,1248,903222,114400,1248,0.9534447357356306,0.9534916745336052
0.22547460796669228,0.23517008893755065,0.9910926492944778,0.13341346153846154,0.9892086330935251,138861,1248,901971,114400,1248,0.9534447357356306,0.9534916745336052
0.2233728071061134,0.23703763855617363,0.9911714770797962,0.1346153846153846,0.9892086330935251,140112,1248,900720,114400,1248,0.9534447357356306,0.9534916745336052
0.22300780508095575,0.23890123985692593,0.9912489218924206,0.13581730769230768,0.9892086330935251,141363,1248,899469,114400,1248,0.9534447357356306,0.9534916745336052
0.22191623687919843,0.24076090534771005,0.9913250198106519,0.13701923076923078,0.9892086330935251,142614,1248,898218,114400,1248,0.9534447357356306,0.9534916745336052
0.22071506658632145,0.24067639290867515,0.9884667101013321,0.13701923076923078,0.9856115107913669,142614,1664,898218,113984,1664,0.9534447357356306,0.9534916745336052
0.21971433063853363,0.24253157344181073,0.9885658528540703,0.13822115384615385,0.9856115107913669,143865,1664,896967,113984,1664,0.9534447357356306,0.9534916745336052
0.21881688253768916,0.2443828455758278,0.9886633056274697,0.13942307692307693,0.9856115107913669,145116,1664,895716,113984,1664,0.9534447357356306,0.9534916745336052
0.21841322378515227,0.2462302216487518,0.9887591112672346,0.140625,0.9856115107913669,146367,1664,894465,113984,1664,0.9534447357356306,0.9534916745336052
0.21621295315127664,0.24807371394673117,0.988853311182862,0.14182692307692307,0.9856115107913669,147618,1664,893214,113984,1664,0.9534447357356306,0.9534916745336052
0.21576868493174095,0.24991333470430976,0.9889459454073193,0.14302884615384615,0.9856115107913669,148869,1664,891963,113984,1664,0.9534447357356306,0.9534916745336052
0.21571626481514394,0.2517490961046976,0.9890370526537712,0.14423076923076922,0.9856115107913669,150120,1664,890712,113984,1664,0.9534447357356306,0.9534916745336052
0.21555761153093905,0.25358101028003954,0.9891266703695233,0.14543269230769232,0.9856115107913669,151371,1664,889461,113984,1664,0.9534447357356306,0.9534916745336052
0.21521851808440806,0.25540908931168305,0.989214834787343,0.1466346153846154,0.9856115107913669,152622,1664,888210,113984,1664,0.9534447357356306,0.9534916745336052
0.21514752975416018,0.2572333452304431,0.989301580974302,0.14783653846153846,0.9856115107913669,153873,1664,886959,113984,1664,0.9534447357356306,0.9534916745336052
0.2144625304992398,0.2590537900168668,0.9893869428782816,0.14903846153846154,0.9856115107913669,155124,1664,885708,113984,1664,0.9534447357356306,0.9534916745336052
0.21417106007860204,0.2608704356014951,0.9894709533722689,0.1502403846153846,0.9856115107913669,156375,1664,884457,113984,1664,0.9534447357356306,0.9534916745336052
0.21165942869088744,0.26268329386512373,0.989553644296566,0.15144230769230768,0.9856115107913669,157626,1664,883206,113984,1664,0.9534447357356306,0.9534916745336052
0.21130818627578596,0.26449237663906217,0.9896350464990251,0.15264423076923078,0.9856115107913669,158877,1664,881955,113984,1664,0.9534447357356306,0.9534916745336052
0.20988835311808302,0.26629769570539086,0.9897151898734177,0.15384615384615385,0.9856115107913669,160128,1664,880704,113984,1664,0.9534447357356306,0.9534916745336052
0.20952452770240082,0.2680992627972173,0.9897941033960366,0.15504807692307693,0.9856115107913669,161379,1664,879453,113984,1664,0.9534447357356306,0.9534916745336052
0.20942592616054978,0.2698970895989299,0.9898718151606267,0.15625,0.9856115107913669,162630,1664,878202,113984,1664,0.9534447357356306,0.9534916745336052
0.2091905262369056,0.27169118774645074,0.989948352411731,0.15745192307692307,0.9856115107913669,163881,1664,876951,113984,1664,0.9534447357356306,0.9534916745336052
0.20911507377956218,0.2734815688274866,0.9900237415765366,0.15865384615384615,0.9856115107913669,165132,1664,875700,113984,1664,0.9534447357356306,0.9534916745336052
0.20889256713652238,0.2752682443817785,0.9900980082952984,0.15985576923076922,0.9856115107913669,166383,1664,874449,113984,1664,0.9534447357356306,0.9534916745336052
0.2076434854927518,0.27705122590134945,0.9901711774504128,0.16105769230769232,0.9856115107913669,167634,1664,873198,113984,1664,0.9534447357356306,0.9534916745336052
0.20749998315630214,0.278830524830751,0.990243273194214,0.1622596153846154,0.9856115107913669,168885,1664,871947,113984,1664,0.9534447357356306,0.9534916745336052
0.20324647175613553,0.28060615256730814,0.990314318975553,0.16346153846153846,0.9856115107913669,170136,1664,870696,113984,1664,0.9534447357356306,0.9534916745336052
0.20294693758580296,0.2823781204613624,0.9903843375652265,0.16466346153846154,0.9856115107913669,171387,1664,869445,113984,1664,0.9534447357356306,0.9534916745336052
0.2014830779781691,0.28414643981651405,0.9904533510803089,0.1658653846153846,0.9856115107913669,172638,1664,868194,113984,1664,0.9534447357356306,0.9534916745336052
0.20043454698027552,0.2859111218898622,0.990521381007445,0.16706730769230768,0.9856115107913669,173889,1664,866943,113984,1664,0.9534447357356306,0.9534916745336052
0.19981724598712214,0.28767217789224364,0.9905884482251532,0.16826923076923078,0.9856115107913669,175140,1664,865692,113984,1664,0.9534447357356306,0.9534916745336052
0.19785600477735188,0.28942961898847064,0.9906545730251889,0.16947115384615385,0.9856115107913669,176391,1664,864441,113984,1664,0.9534447357356306,0.9534916745336052
0.19692996764909793,0.29118345629756637,0.9907197751330128,0.17067307692307693,0.9856115107913669,177642,1664,863190,113984,1664,0.9534447357356306,0.9534916745336052
0.19526912962039789,0.2929337008929997,0.9907840737274102,0.171875,0.9856115107913669,178893,1664,861939,113984,1664,0.9534447357356306,0.9534916745336052
0.19489620886721792,0.2946803638029183,0.9908474874592977,0.17307692307692307,0.9856115107913669,180144,1664,860688,113984,1664,0.9534447357356306,0.9534916745336052
0.1947552163439793,0.29642345601038,0.9909100344697611,0.17427884615384615,0.9856115107913669,181395,1664,859437,113984,1664,0.9534447357356306,0.9534916745336052
0.1922453307747654,0.29816298845358336,0.9909717324073571,0.17548076923076922,0.9856115107913669,182646,1664,858186,113984,1664,0.9534447357356306,0.9534916745336052
0.1917162557549178,0.2980617808377898,0.9887400799021253,0.17548076923076922,0.9820143884892086,182646,2080,858186,113568,2080,0.9534447357356306,0.9534916745336052
0.19158143220446883,0.29979727895703406,0.9888158213112375,0.17668269230769232,0.9820143884892086,183897,2080,856935,113568,2080,0.9534447357356306,0.9534916745336052
0.19157796175050523,0.3015292412422846,0.9888905505586771,0.1778846153846154,0.9820143884892086,185148,2080,855684,113568,2080,0.9534447357356306,0.9534916745336052
0.18958894632494427,0.3032576784881938,0.9889642877986407,0.17908653846153846,0.9820143884892086,186399,2080,854433,113568,2080,0.9534447357356306,0.9534916745336052
0.18940624785670723,0.30315509052009104,0.9867863098546812,0.17908653846153846,0.9784172661870504,186399,2496,854433,113152,2496,0.9534447357356306,0.9534916745336052
0.18917121042604568,0.30487953480890806,0.9868732447698084,0.18028846153846154,0.9784172661870504,187650,2496,853182,113152,2496,0.9534447357356306,0.9534916745336052
0.18886024530617507,0.3066004776709524,0.9869590432451919,0.1814903846153846,0.9784172661870504,188901,2496,851931,113152,2496,0.9534447357356306,0.9534916745336052
0.18838257505703082,0.30831792975970423,0.9870437274199576,0.18269230769230768,0.9784172661870504,190152,2496,850680,113152,2496,0.9534447357356306,0.9534916745336052
0.18667268121839192,0.31003190168546835,0.9871273188618817,0.18389423076923078,0.9784172661870504,191403,2496,849429,113152,2496,0.9534447357356306,0.9534916745336052
0.18632131273087021,0.31174240401559244,0.9872098385857033,0.18509615384615385,0.9784172661870504,192654,2496,848178,113152,2496,0.9534447357356306,0.9534916745336052
0.18448271096572033,0.3134494472746847,0.987291307070738,0.18629807692307693,0.9784172661870504,193905,2496,846927,113152,2496,0.9534447357356306,0.9534916745336052
0.1844504459049615,0.31515304194482935,0.9873717442778216,0.1875,0.9784172661870504,195156,2496,845676,113152,2496,0.9534447357356306,0.9534916745336052
0.1837005145941477,0.3168531984658012,0.9874511696656159,0.18870192307692307,0.9784172661870504,196407,2496,844425,113152,2496,0.9534447357356306,0.9534916745336052
0.18359860900663638,0.31854992723527903,0.9875296022063011,0.18990384615384615,0.9784172661870504,197658,2496,843174,113152,2496,0.9534447357356306,0.9534916745336052
0.18263998473805887,0.3202432386090577,0.9876070604006851,0.19110576923076922,0.9784172661870504,198909,2496,841923,113152,2496,0.9534447357356306,0.9534916745336052
0.1817928516453099,0.3219331429012584,0.9876835622927522,0.19230769230769232,0.9784172661870504,200160,2496,840672,113152,2496,0.9534447357356306,0.9534916745336052
0.18115500404019147,0.32361965038453844,0.9877591254836764,0.1935096153846154,0.9784172661870504,201411,2496,839421,113152,2496,0.9534447357356306,0.9534916745336052
0.17943205379721283,0.3253027712902993,0.9878337671453221,0.19471153846153846,0.9784172661870504,202662,2496,838170,113152,2496,0.9534447357356306,0.9534916745336052
0.1792386543958303,0.32698251580889337,0.9879075040332543,0.19591346153846154,0.9784172661870504,203913,2496,836919,113152,2496,0.9534447357356306,0.9534916745336052
0.1787655981427031,0.32865889408982996,0.9879803524992776,0.1971153846153846,0.9784172661870504,205164,2496,835668,113152,2496,0.9534447357356306,0.9534916745336052
0.1785640215682196,0.33033191624197933,0.9880523285035254,0.19831730769230768,0.9784172661870504,206415,2496,834417,113152,2496,0.9534447357356306,0.9534916745336052
0.17542014432210806,0.3320015923337762,0.988123447626117,0.19951923076923078,0.9784172661870504,207666,2496,833166,113152,2496,0.9534447357356306,0.9534916745336052
0.17492779679270698,0.33189122669628657,0.9861713949225465,0.19951923076923078,0.9748201438848921,207666,2912,833166,112736,2912,0.9534447357356306,0.9534916745336052
0.1747057913753971,0.33355712359529033,0.9862530626118237,0.20072115384615385,0.9748201438848921,208917,2912,831915,112736,2912,0.9534447357356306,0.9534916745336052
0.17466924163129527,0.3334463883703875,0.9843200075384579,0.20072115384615385,0.9712230215827338,208917,3328,831915,112320,3328,0.9534447357356306,0.9534916745336052
0.17449783988104584,0.3333357266454619,0.9823945152143553,0.20072115384615385,0.9676258992805755,208917,3744,831915,111904,3744,0.9534447357356306,0.9534916745336052
0.17261245947024056,0.33499741779996556,0.9824974755974419,0.20192307692307693,0.9676258992805755,210168,3744,830664,111904,3744,0.9534447357356306,0.9534916745336052
0.1725614145124722,0.3366557987890079,0.9825992387166939,0.203125,0.9676258992805755,211419,3744,829413,111904,3744,0.9534447357356306,0.9534916745336052
0.1710214130487221,0.3383108794937506,0.9826998253347751,0.20432692307692307,0.9676258992805755,212670,3744,828162,111904,3744,0.9534447357356306,0.9534916745336052
0.17090998509549427,0.33996266975606615,0.9827992557370271,0.20552884615384615,0.9676258992805755,213921,3744,826911,111904,3744,0.9534447357356306,0.9534916745336052
0.17089047250899275,0.34161117937873287,0.9828975497451077,0.20673076923076922,0.9676258992805755,215172,3744,825660,111904,3744,0.9534447357356306,0.9534916745336052
0.17087396568220725,0.3414984081437019,0.9810333193514854,0.20673076923076922,0.9640287769784173,215172,4160,825660,111488,4160,0.9534447357356306,0.9534916745336052
0.17060410901142853,0.3431432161501171,0.9811408857436883,0.20793269230769232,0.9640287769784173,216423,4160,824409,111488,4160,0.9534447357356306,0.9534916745336052
0.17058719683888057,0.34303008881538016,0.9792940239548595,0.20793269230769232,0.960431654676259,216423,4576,824409,111072,4576,0.9534447357356306,0.9534916745336052
0.17025647862068316,0.3446712089951405,0.9794105736782902,0.2091346153846154,0.960431654676259,217674,4576,823158,111072,4576,0.9534447357356306,0.9534916745336052
0.16974967852811185,0.3463090815473455,0.9795258186764265,0.21033653846153846,0.960431654676259,218925,4576,821907,111072,4576,0.9534447357356306,0.9534916745336052
0.16923602665696574,0.3479437161026056,0.9796397807361003,0.21153846153846154,0.960431654676259,220176,4576,820656,111072,4576,0.9534447357356306,0.9534916745336052
0.16893744298360686,0.34957512225349,0.9797524811617545,0.2127403846153846,0.960431654676259,221427,4576,819405,111072,4576,0.9534447357356306,0.9534916745336052
0.16841051534722873,0.349460367362109,0.9779523803214395,0.2127403846153846,0.9568345323741008,221427,4992,819405,110656,4992,0.9534447357356306,0.9534916745336052
0.16796160105038915,0.34934568778709235,0.9761588820067449,0.2127403846153846,0.9532374100719424,221427,5408,819405,110240,5408,0.9534447357356306,0.9534916745336052
0.16718452811487294,0.35097303371849087,0.976289645133853,0.21394230769230768,0.9532374100719424,222678,5408,818154,110240,5408,0.9534447357356306,0.9534916745336052
0.16570586375488505,0.35259717407683544,0.9764189816732581,0.21514423076923078,0.9532374100719424,223929,5408,816903,110240,5408,0.9534447357356306,0.9534916745336052
0.16521809388641362,0.3524817308562591,0.9746510382889451,0.21514423076923078,0.9496402877697842,223929,5824,816903,109824,5824,0.9534447357356306,0.9534916745336052
0.16482914063158727,0.35410225846728666,0.9747883153538467,0.21634615384615385,0.9496402877697842,225180,5824,815652,109824,5824,0.9534447357356306,0.9534916745336052
0.1642765744505334,0.3557196012527031,0.9749241135820542,0.21754807692307693,0.9496402877697842,226431,5824,814401,109824,5824,0.9534447357356306,0.9534916745336052
0.16095865926770137,0.3573337685920062,0.9750584567420109,0.21875,0.9496402877697842,227682,5824,813150,109824,5824,0.9534447357356306,0.9534916745336052
0.1605662903108458,0.35894476982789913,0.9751913680955201,0.21995192307692307,0.9496402877697842,228933,5824,811899,109824,5824,0.9534447357356306,0.9534916745336052
0.15889716670475362,0.36055261426647034,0.9753228704111725,0.22115384615384615,0.9496402877697842,230184,5824,810648,109824,5824,0.9534447357356306,0.9534916745336052
0.15799221264493468,0.36215731117737315,0.9754529859773496,0.22235576923076922,0.9496402877697842,231435,5824,809397,109824,5824,0.9534447357356306,0.9534916745336052
0.15686799962018827,0.36375886979400346,0.975581736614817,0.22355769230769232,0.9496402877697842,232686,5824,808146,109824,5824,0.9534447357356306,0.9534916745336052
0.1568642762908149,0.36535729931367733,0.9757091436889236,0.2247596153846154,0.9496402877697842,233937,5824,806895,109824,5824,0.9534447357356306,0.9534916745336052
0.1563320247668223,0.3669526088978066,0.9758352281214213,0.22596153846153846,0.9496402877697842,235188,5824,805644,109824,5824,0.9534447357356306,0.9534916745336052
0.15625030558137715,0.36854480767207415,0.9759600104019186,0.22716346153846154,0.9496402877697842,236439,5824,804393,109824,5824,0.9534447357356306,0.9534916745336052
0.15623309036920774,0.37013390472660795,0.9760835105989799,0.2283653846153846,0.9496402877697842,237690,5824,803142,109824,5824,0.9534447357356306,0.9534916745336052
0.15605340390840905,0.3717199091161538,0.9762057483708864,0.22956730769230768,0.9496402877697842,238941,5824,801891,109824,5824,0.9534447357356306,0.9534916745336052
0.15574575052007433,0.37330282986024765,0.9763267429760666,0.23076923076923078,0.9496402877697842,240192,5824,800640,109824,5824,0.9534447357356306,0.9534916745336052
0.15570104642513682,0.3748826759433863,0.9764465132832121,0.23197115384615385,0.9496402877697842,241443,5824,799389,109824,5824,0.9534447357356306,0.9534916745336052
0.15563042409721572,0.37645945631519756,0.9765650777810863,0.23317307692307693,0.9496402877697842,242694,5824,798138,109824,5824,0.9534447357356306,0.9534916745336052
0.1546102905324011,0.3780331798906091,0.9766824545880394,0.234375,0.9496402877697842,243945,5824,796887,109824,5824,0.9534447357356306,0.9534916745336052
0.15453020721116317,0.3796038555500166,0.9767986614612382,0.23557692307692307,0.9496402877697842,245196,5824,795636,109824,5824,0.9534447357356306,0.9534916745336052
0.15445360876508274,0.3811714921394506,0.9769137158056217,0.23677884615384615,0.9496402877697842,246447,5824,794385,109824,5824,0.9534447357356306,0.9534916745336052
0.15430580914480818,0.3827360984707429,0.9770276346825917,0.23798076923076922,0.9496402877697842,247698,5824,793134,109824,5824,0.9534447357356306,0.9534916745336052
0.15421917200418683,0.3842976833216914,0.9771404348184463,0.23918269230769232,0.9496402877697842,248949,5824,791883,109824,5824,0.9534447357356306,0.9534916745336052
0.15420995953800365,0.3858562554362242,0.9772521326125676,0.2403846153846154,0.9496402877697842,250200,5824,790632,109824,5824,0.9534447357356306,0.9534916745336052
0.15387287962510288,0.38741182352456305,0.9773627441453697,0.24158653846153846,0.9496402877697842,251451,5824,789381,109824,5824,0.9534447357356306,0.9534916745336052
0.15384468288218384,0.38896439626338547,0.9774722851860161,0.24278846153846154,0.9496402877697842,252702,5824,788130,109824,5824,0.9534447357356306,0.9534916745336052
0.15359437580546081,0.39051398229598594,0.9775807711999138,0.2439903846153846,0.9496402877697842,253953,5824,786879,109824,5824,0.9534447357356306,0.9534916745336052
0.1534608858308557,0.39206059023243667,0.9776882173559924,0.24519230769230768,0.9496402877697842,255204,5824,785628,109824,5824,0.9534447357356306,0.9534916745336052
0.15324450913699716,0.39360422864974665,0.9777946385337751,0.24639423076923078,0.9496402877697842,256455,5824,784377,109824,5824,0.9534447357356306,0.9534916745336052
0.15297332535154773,0.39514490609202046,0.977900049330247,0.24759615384615385,0.9496402877697842,257706,5824,783126,109824,5824,0.9534447357356306,0.9534916745336052
0.15224928534050453,0.39668263107061585,0.9780044640665304,0.24879807692307693,0.9496402877697842,258957,5824,781875,109824,5824,0.9534447357356306,0.9534916745336052
0.15110794733121535,0.3982174120643005,0.9781078967943706,0.25,0.9496402877697842,260208,5824,780624,109824,5824,0.9534447357356306,0.9534916745336052
0.15082523501395273,0.3997492575194077,0.9782103613024398,0.2512019230769231,0.9496402877697842,261459,5824,779373,109824,5824,0.9534447357356306,0.9534916745336052
0.1507518286023647,0.40127817584999154,0.978311871122465,0.25240384615384615,0.9496402877697842,262710,5824,778122,109824,5824,0.9534447357356306,0.9534916745336052
0.15023300865699218,0.40280417543798075,0.9784124395351854,0.2536057692307692,0.9496402877697842,263961,5824,776871,109824,5824,0.9534447357356306,0.9534916745336052
0.1499370949558595,0.404327264633332,0.9785120795761448,0.2548076923076923,0.9496402877697842,265212,5824,775620,109824,5824,0.9534447357356306,0.9534916745336052
0.14945187629530082,0.40584745175418224,0.9786108040413241,0.25600961538461536,0.9496402877697842,266463,5824,774369,109824,5824,0.9534447357356306,0.9534916745336052
0.148724069509917,0.4073647450869999,0.9787086254926189,0.25721153846153844,0.9496402877697842,267714,5824,773118,109824,5824,0.9534447357356306,0.9534916745336052
0.1486261675286804,0.4088791528867356,0.9788055562631692,0.25841346153846156,0.9496402877697842,268965,5824,771867,109824,5824,0.9534447357356306,0.9534916745336052
0.14832201221361258,0.4103906833769721,0.9789016084625417,0.25961538461538464,0.9496402877697842,270216,5824,770616,109824,5824,0.9534447357356306,0.9534916745336052
0.1471736466617265,0.4118993447500726,0.9789967939817736,0.2608173076923077,0.9496402877697842,271467,5824,769365,109824,5824,0.9534447357356306,0.9534916745336052
0.14701084537890324,0.41340514516732935,0.9790911244982803,0.2620192307692308,0.9496402877697842,272718,5824,768114,109824,5824,0.9534447357356306,0.9534916745336052
0.14689768786163843,0.4149080927591103,0.9791846114806303,0.26322115384615385,0.9496402877697842,273969,5824,766863,109824,5824,0.9534447357356306,0.9534916745336052
0.14658030710242365,0.41477743688500207,0.9777309080008136,0.26322115384615385,0.9460431654676259,273969,6240,766863,109408,6240,0.9534447357356306,0.9534916745336052
0.14648574160310435,0.41627719142216696,0.9778298870176935,0.2644230769230769,0.9460431654676259,275220,6240,765612,109408,6240,0.9534447357356306,0.9534916745336052
0.14647315124462706,0.4177741108524619,0.9779279900675956,0.265625,0.9460431654676259,276471,6240,764361,109408,6240,0.9534447357356306,0.9534916745336052
0.1459142149993395,0.41926820320744207,0.9780252287277875,0.2668269230769231,0.9460431654676259,277722,6240,763110,109408,6240,0.9534447357356306,0.9534916745336052
0.14566055270320155,0.4207594764883545,0.9781216143724164,0.26802884615384615,0.9460431654676259,278973,6240,761859,109408,6240,0.9534447357356306,0.9534916745336052
0.14539855973640692,0.4222479386662809,0.9782171581769437,0.2692307692307692,0.9460431654676259,280224,6240,760608,109408,6240,0.9534447357356306,0.9534916745336052
0.14515425886473476,0.422115639536285,0.9767986614612382,0.2692307692307692,0.9424460431654677,280224,6656,760608,108992,6656,0.9534447357356306,0.9534916745336052
0.144669730212186,0.4236009580402163,0.9768993964550846,0.2704326923076923,0.9424460431654677,281475,6656,759357,108992,6656,0.9534447357356306,0.9534916745336052
0.14440872546329708,0.4250834828080294,0.9769992604930507,0.27163461538461536,0.9424460431654677,282726,6656,758106,108992,6656,0.9534447357356306,0.9534916745336052
0.1443815538711571,0.42656322171442734,0.9770982648219576,0.27283653846153844,0.9424460431654677,283977,6656,756855,108992,6656,0.9534447357356306,0.9534916745336052
0.1432014941244667,0.4280401826045459,0.9771964204958135,0.27403846153846156,0.9424460431654677,285228,6656,755604,108992,6656,0.9534447357356306,0.9534916745336052
0.14319035130635194,0.429514373294092,0.9772937383799274,0.27524038461538464,0.9424460431654677,286479,6656,754353,108992,6656,0.9534447357356306,0.9534916745336052
0.1430668998489234,0.4309858015694815,0.977390229154919,0.2764423076923077,0.9424460431654677,287730,6656,753102,108992,6656,0.9534447357356306,0.9534916745336052
0.14304679127051634,0.4324544751879767,0.9774859033206263,0.2776442307692308,0.9424460431654677,288981,6656,751851,108992,6656,0.9534447357356306,0.9534916745336052
0.14288368049492906,0.433920401877822,0.9775807711999138,0.27884615384615385,0.9424460431654677,290232,6656,750600,108992,6656,0.9534447357356306,0.9534916745336052
0.14268758511742574,0.43538358933838,0.9776748429423859,0.2800480769230769,0.9424460431654677,291483,6656,749349,108992,6656,0.9534447357356306,0.9534916745336052
0.14261240123278662,0.43684404524026615,0.977768128528007,0.28125,0.9424460431654677,292734,6656,748098,108992,6656,0.9534447357356306,0.9534916745336052
0.14202720258432344,0.43830177722548275,0.97786063777063,0.2824519230769231,0.9424460431654677,293985,6656,746847,108992,6656,0.9534447357356306,0.9534916745336052
0.141906117625474,0.4397567929075521,0.9779523803214395,0.28365384615384615,0.9424460431654677,295236,6656,745596,108992,6656,0.9534447357356306,0.9534916745336052
0.14103588674941514,0.4412090998716494,0.9780433656723064,0.2848557692307692,0.9424460431654677,296487,6656,744345,108992,6656,0.9534447357356306,0.9534916745336052
0.14008151381152611,0.4426587056747342,0.9781336031590636,0.2860576923076923,0.9424460431654677,297738,6656,743094,108992,6656,0.9534447357356306,0.9534916745336052
0.1397536108324825,0.44410561784568175,0.9782231019646976,0.28725961538461536,0.9424460431654677,298989,6656,741843,108992,6656,0.9534447357356306,0.9534916745336052
0.13973536345329285,0.4455498438854131,0.978311871122465,0.28846153846153844,0.9424460431654677,300240,6656,740592,108992,6656,0.9534447357356306,0.9534916745336052
0.13972347406426983,0.4469913912670249,0.9783999195189309,0.28966346153846156,0.9424460431654677,301491,6656,739341,108992,6656,0.9534447357356306,0.9534916745336052
0.1391097924011958,0.44843026743591835,0.9784872558969353,0.29086538461538464,0.9424460431654677,302742,6656,738090,108992,6656,0.9534447357356306,0.9534916745336052
0.13892838270408014,0.44986647980992706,0.9785738888584866,0.2920673076923077,0.9424460431654677,303993,6656,736839,108992,6656,0.9534447357356306,0.9534916745336052
0.13860730574978686,0.45130003577944483,0.9786598268675858,0.2932692307692308,0.9424460431654677,305244,6656,735588,108992,6656,0.9534447357356306,0.9534916745336052
0.13857910743957524,0.45273094270755243,0.9787450782529834,0.29447115384615385,0.9424460431654677,306495,6656,734337,108992,6656,0.9534447357356306,0.9534916745336052
0.13846909392436635,0.4541592079301434,0.9788296512108702,0.2956730769230769,0.9424460431654677,307746,6656,733086,108992,6656,0.9534447357356306,0.9534916745336052
0.13642401918807479,0.45401984287979935,0.977536227280524,0.2956730769230769,0.9388489208633094,307746,7072,733086,108576,7072,0.9534447357356306,0.9534916745336052
0.13632610318087313,0.4538805633354129,0.9762462170958717,0.2956730769230769,0.935251798561151,307746,7488,733086,108160,7488,0.9534447357356306,0.9534916745336052
0.13524913036910163,0.45530557710542197,0.9763401109057301,0.296875,0.935251798561151,308997,7488,731835,108160,7488,0.9534447357356306,0.9534916745336052
0.13467894616861065,0.4567279665059092,0.976433265352368,0.2980769230769231,0.935251798561151,310248,7488,730584,108160,7488,0.9534447357356306,0.9534916745336052
0.13448141493218735,0.4581477387799406,0.976525689134667,0.29927884615384615,0.935251798561151,311499,7488,729333,108160,7488,0.9534447357356306,0.9534916745336052
0.13327588018540737,0.45956490114395293,0.976617390815581,0.3004807692307692,0.935251798561151,312750,7488,728082,108160,7488,0.9534447357356306,0.9534916745336052
0.1331732758754116,0.460979460787876,0.9767083788247809,0.3016826923076923,0.935251798561151,314001,7488,726831,108160,7488,0.9534447357356306,0.9534916745336052
0.13297961377708234,0.4623914248752541,0.9767986614612382,0.30288461538461536,0.935251798561151,315252,7488,725580,108160,7488,0.9534447357356306,0.9534916745336052
0.13217137399822476,0.46380080054336714,0.9768882468957472,0.30408653846153844,0.935251798561151,316503,7488,724329,108160,7488,0.9534447357356306,0.9534916745336052
0.13206539538599749,0.4652075949033508,0.9769771431733909,0.30528846153846156,0.935251798561151,317754,7488,723078,108160,7488,0.9534447357356306,0.9534916745336052
0.1315060048488994,0.46661181504031596,0.9770653582159495,0.30649038461538464,0.935251798561151,319005,7488,721827,108160,7488,0.9534447357356306,0.9534916745336052
0.1305512687745225,0.468013468013468,0.9771528998242531,0.3076923076923077,0.935251798561151,320256,7488,720576,108160,7488,0.9534447357356306,0.9534916745336052
0.13053020748866184,0.4694125608562249,0.9772397756804815,0.3088942307692308,0.935251798561151,321507,7488,719325,108160,7488,0.9534447357356306,0.9534916745336052
0.13010148405393712,0.47080910057633485,0.9773259933504115,0.31009615384615385,0.935251798561151,322758,7488,718074,108160,7488,0.9534447357356306,0.9534916745336052
0.1293759083279672,0.4722030941559932,0.9774115602856135,0.3112980769230769,0.935251798561151,324009,7488,716823,108160,7488,0.9534447357356306,0.9534916745336052
0.12743252146420947,0.4735945485519591,0.9774964838255977,0.3125,0.935251798561151,325260,7488,715572,108160,7488,0.9534447357356306,0.9534916745336052
0.12585472763587358,0.474983470695671,0.9775807711999138,0.3137019230769231,0.935251798561151,326511,7488,714321,108160,7488,0.9534447357356306,0.9534916745336052
0.12545161561375595,0.4763698674933616,0.9776644295302014,0.31490384615384615,0.935251798561151,327762,7488,713070,108160,7488,0.9534447357356306,0.9534916745336052
0.12484458320743896,0.47622590080043703,0.9764527834216156,0.31490384615384615,0.9316546762589928,327762,7904,713070,107744,7904,0.9534447357356306,0.9534916745336052
0.12476834953707039,0.476082021099357,0.9752441368475551,0.31490384615384615,0.9280575539568345,327762,8320,713070,107328,8320,0.9534447357356306,0.9534916745336052
0.12447178433876316,0.47746532526947066,0.9753359440078498,0.3161057692307692,0.9280575539568345,329013,8320,711819,107328,8320,0.9534447357356306,0.9534916745336052
0.12440267316532672,0.47884612038717833,0.9754270727500414,0.3173076923076923,0.9280575539568345,330264,8320,710568,107328,8320,0.9534447357356306,0.9534916745336052
0.12427117992172054,0.4802244132727153,0.9755175305663042,0.31850961538461536,0.9280575539568345,331515,8320,709317,107328,8320,0.9534447357356306,0.9534916745336052
0.12406601662619787,0.48160021072162024,0.9756073248388969,0.31971153846153844,0.9280575539568345,332766,8320,708066,107328,8320,0.9534447357356306,0.9534916745336052
0.12357324967513361,0.4829735195048472,0.9756964628421702,0.32091346153846156,0.9280575539568345,334017,8320,706815,107328,8320,0.9534447357356306,0.9534916745336052
0.12349697127741355,0.4843443463688765,0.9757849517445313,0.32211538461538464,0.9280575539568345,335268,8320,705564,107328,8320,0.9534447357356306,0.9534916745336052
0.12299476143333998,0.48571269803582523,0.975872798610366,0.3233173076923077,0.9280575539568345,336519,8320,704313,107328,8320,0.9534447357356306,0.9534916745336052
0.12298460361817809,0.48707858120355724,0.9759600104019186,0.3245192307692308,0.9280575539568345,337770,8320,703062,107328,8320,0.9534447357356306,0.9534916745336052
0.12287657154898202,0.4884420025457922,0.9760465939811309,0.32572115384615385,0.9280575539568345,339021,8320,701811,107328,8320,0.9534447357356306,0.9534916745336052
0.12265046319670925,0.48829567280167135,0.9748790103434295,0.32572115384615385,0.9244604316546763,339021,8736,701811,106912,8736,0.9534447357356306,0.9534916745336052
0.12241194448065529,0.4896563633223968,0.9749690551505983,0.3269230769230769,0.9244604316546763,340272,8736,700560,106912,8736,0.9534447357356306,0.9534916745336052
0.12235830703715878,0.4910146065210687,0.9750584567420109,0.328125,0.9244604316546763,341523,8736,699309,106912,8736,0.9534447357356306,0.9534916745336052
0.12232017518302973,0.4923704089943419,0.9751472219851498,0.3293269230769231,0.9244604316546763,342774,8736,698058,106912,8736,0.9534447357356306,0.9534916745336052
0.1205359420394796,0.4937237773151846,0.9752353576500804,0.33052884615384615,0.9244604316546763,344025,8736,696807,106912,8736,0.9534447357356306,0.9534916745336052
0.12050213100104623,0.4950747180329843,0.9753228704111725,0.3317307692307692,0.9244604316546763,345276,8736,695556,106912,8736,0.9534447357356306,0.9534916745336052
0.1203907465836005,0.49642323767365404,0.9754097668487852,0.3329326923076923,0.9244604316546763,346527,8736,694305,106912,8736,0.9534447357356306,0.9534916745336052
0.11911722994154628,0.4977693427397366,0.9754960534509164,0.33413461538461536,0.9244604316546763,347778,8736,693054,106912,8736,0.9534447357356306,0.9534916745336052
0.1189270684953132,0.4991130397105099,0.975581736614817,0.33533653846153844,0.9244604316546763,349029,8736,691803,106912,8736,0.9534447357356306,0.9534916745336052
0.11849154111764881,0.5004543350420902,0.9756668226485727,0.33653846153846156,0.9244604316546763,350280,8736,690552,106912,8736,0.9534447357356306,0.9534916745336052
0.1184428139604971,0.5017932351675364,0.975751317772652,0.33774038461538464,0.9244604316546763,351531,8736,689301,106912,8736,0.9534447357356306,0.9534916745336052
0.11826584592279565,0.5016442920696532,0.9746259180499219,0.33774038461538464,0.920863309352518,351531,9152,689301,106496,9152,0.9534447357356306,0.9534916745336052
0.11770526468306808,0.5014954373646064,0.9735031113351186,0.33774038461538464,0.9172661870503597,351531,9568,689301,106080,9568,0.9534447357356306,0.9534916745336052
0.11736227123583509,0.5013466709737319,0.9723828886768184,0.33774038461538464,0.9136690647482014,351531,9984,689301,105664,9984,0.9534447357356306,0.9534916745336052
0.11647304369689393,0.5026823919669307,0.9724781263955277,0.3389423076923077,0.9136690647482014,352782,9984,688050,105664,9984,0.9534447357356306,0.9534916745336052
0.11575463069631853,0.5040157340753347,0.9725727095163138,0.3401442307692308,0.9136690647482014,354033,9984,686799,105664,9984,0.9534447357356306,0.9534916745336052
0.1155498604255778,0.5053467036483892,0.9726666447649397,0.34134615384615385,0.9136690647482014,355284,9984,685548,105664,9984,0.9534447357356306,0.9534916745336052
0.11512267610673466,0.5066753070129627,0.9727599387753432,0.3425480769230769,0.9136690647482014,356535,9984,684297,105664,9984,0.9534447357356306,0.9534916745336052
0.1148512153930964,0.5080015504734482,0.9728525980911983,0.34375,0.9136690647482014,357786,9984,683046,105664,9984,0.9534447357356306,0.9534916745336052
0.11468692753520415,0.5093254403118623,0.9729446291674457,0.3449519230769231,0.9136690647482014,359037,9984,681795,105664,9984,0.9534447357356306,0.9534916745336052
0.11453118021964703,0.5106469827879447,0.9730360383717915,0.34615384615384615,0.9136690647482014,360288,9984,680544,105664,9984,0.9534447357356306,0.9534916745336052
0.1145016217852231,0.5119661841392568,0.9731268319861758,0.3473557692307692,0.9136690647482014,361539,9984,679293,105664,9984,0.9534447357356306,0.9534916745336052
0.11423325942674789,0.5132830505812793,0.973217016208212,0.3485576923076923,0.9136690647482014,362790,9984,678042,105664,9984,0.9534447357356306,0.9534916745336052
0.1141593463155055,0.5131320446216537,0.972132157882044,0.3485576923076923,0.9100719424460432,362790,10400,678042,105248,10400,0.9534447357356306,0.9534916745336052
0.11323484092026381,0.5144463294360876,0.9722252637932278,0.34975961538461536,0.9100719424460432,364041,10400,676791,105248,10400,0.9534447357356306,0.9534916745336052
0.1130365135750806,0.5142951594594576,0.9711463304673515,0.34975961538461536,0.9064748201438849,364041,10816,676791,104832,10816,0.9534447357356306,0.9534916745336052
0.11302378521977774,0.5156068711448615,0.9712423027428292,0.35096153846153844,0.9064748201438849,365292,10816,675540,104832,10816,0.9534447357356306,0.9534916745336052
0.1126539828965929,0.5169162686831322,0.9713376386941878,0.35216346153846156,0.9064748201438849,366543,10816,674289,104832,10816,0.9534447357356306,0.9534916745336052
0.11238047836966047,0.5182233581928674,0.9714323446290378,0.35336538461538464,0.9064748201438849,367794,10816,673038,104832,10816,0.9534447357356306,0.9534916745336052
0.11142798344740545,0.5195281457711131,0.9715264267718982,0.3545673076923077,0.9064748201438849,369045,10816,671787,104832,10816,0.9534447357356306,0.9534916745336052
0.11105400415784561,0.5208306374934597,0.9716198912655597,0.3557692307692308,0.9064748201438849,370296,10816,670536,104832,10816,0.9534447357356306,0.9534916745336052
0.11081937782447521,0.5221308394141351,0.9717127441724226,0.35697115384615385,0.9064748201438849,371547,10816,669285,104832,10816,0.9534447357356306,0.9534916745336052
0.11068630873425056,0.5234287575660994,0.9718049914758065,0.3581730769230769,0.9064748201438849,372798,10816,668034,104832,10816,0.9534447357356306,0.9534916745336052
0.11008108088074242,0.5247243979611376,0.9718966390812362,0.359375,0.9064748201438849,374049,10816,666783,104832,10816,0.9534447357356306,0.9534916745336052
0.11005356134067507,0.5260177665899528,0.9719876928177025,0.3605769230769231,0.9064748201438849,375300,10816,665532,104832,10816,0.9534447357356306,0.9534916745336052
0.1099082224314577,0.5273088694222584,0.9720781584388964,0.36177884615384615,0.9064748201438849,376551,10816,664281,104832,10816,0.9534447357356306,0.9534916745336052
0.1092012275602765,0.5285977124068698,0.9721680416244229,0.3629807692307692,0.9064748201438849,377802,10816,663030,104832,10816,0.9534447357356306,0.9534916745336052
0.10915884588418578,0.5284439241159661,0.9711284874843844,0.3629807692307692,0.9028776978417267,377802,11232,663030,104416,11232,0.9534447357356306,0.9534916745336052
0.1088664311166167,0.5297302736254269,0.9712210307851954,0.3641826923076923,0.9028776978417267,379053,11232,661779,104416,11232,0.9534447357356306,0.9534916745336052
0.10870544120458725,0.5310143761938273,0.9713129827142332,0.36538461538461536,0.9028776978417267,380304,11232,660528,104416,11232,0.9534447357356306,0.9534916745336052
0.10856560940889215,0.5322962377033228,0.9714043489219348,0.36658653846153844,0.9028776978417267,381555,11232,659277,104416,11232,0.9534447357356306,0.9534916745336052
0.10850341250465922,0.5335758640155555,0.9714951349869809,0.36778846153846156,0.9028776978417267,382806,11232,658026,104416,11232,0.9534447357356306,0.9534916745336052
0.10833573825967957,0.5348532609717427,0.9715853464174313,0.36899038461538464,0.9028776978417267,384057,11232,656775,104416,11232,0.9534447357356306,0.9534916745336052
0.10814533528880571,0.5361284343927668,0.9716749886518384,0.3701923076923077,0.9028776978417267,385308,11232,655524,104416,11232,0.9534447357356306,0.9534916745336052
0.1078908454230793,0.5359733145637604,0.9706566974677294,0.3701923076923077,0.8992805755395683,385308,11648,655524,104000,11648,0.9534447357356306,0.9534916745336052
0.10782378858644687,0.5372460371122673,0.9707488818629507,0.3713942307692308,0.8992805755395683,386559,11648,654273,104000,11648,0.9534447357356306,0.9534916745336052
0.10773810590956734,0.5385165487505988,0.9708404888624086,0.37259615384615385,0.8992805755395683,387810,11648,653022,104000,11648,0.9534447357356306,0.9534916745336052
0.10691973339437044,0.53978485523478,0.9709315238739334,0.3737980769230769,0.8992805755395683,389061,11648,651771,104000,11648,0.9534447357356306,0.9534916745336052
0.10677722577680937,0.5396291290239584,0.9699245870987847,0.3737980769230769,0.89568345323741,389061,12064,651771,103584,12064,0.9534447357356306,0.9534916745336052
0.10642613964127307,0.5408950061252432,0.9700180925303696,0.375,0.89568345323741,390312,12064,650520,103584,12064,0.9534447357356306,0.9534916745336052
0.10622967688355472,0.5421586905547336,0.9701110183411913,0.3762019230769231,0.89568345323741,391563,12064,649269,103584,12064,0.9534447357356306,0.9534916745336052
0.10622689258997442,0.5434201880045099,0.9702033699040205,0.37740384615384615,0.89568345323741,392814,12064,648018,103584,12064,0.9534447357356306,0.9534916745336052
0.1057177053232854,0.5446795041469673,0.9702951525254291,0.3786057692307692,0.89568345323741,394065,12064,646767,103584,12064,0.9534447357356306,0.9534916745336052
0.10514732407146149,0.5445229542821255,0.9693022912592701,0.3786057692307692,0.8920863309352518,394065,12480,646767,103168,12480,0.9534447357356306,0.9534916745336052
0.1048146581736008,0.5457798689518634,0.969396462937351,0.3798076923076923,0.8920863309352518,395316,12480,645516,103168,12480,0.9534447357356306,0.9534916745336052
0.10479266723098368,0.5470346146126677,0.969490058599623,0.38100961538461536,0.8920863309352518,396567,12480,644265,103168,12480,0.9534447357356306,0.9534916745336052
0.10424439191937229,0.5482871968741602,0.9695830835149086,0.38221153846153844,0.8920863309352518,397818,12480,643014,103168,12480,0.9534447357356306,0.9534916745336052
0.10384741698491928,0.5495376213266354,0.9696755428879672,0.38341346153846156,0.8920863309352518,399069,12480,641763,103168,12480,0.9534447357356306,0.9534916745336052
0.10337379099188504,0.5507858935411438,0.9697674418604652,0.38461538461538464,0.8920863309352518,400320,12480,640512,103168,12480,0.9534447357356306,0.9534916745336052
0.10293650153453399,0.5506283148836902,0.9687911407109114,0.38461538461538464,0.8884892086330936,400320,12896,640512,102752,12896,0.9534447357356306,0.9534916745336052
0.10245067301112593,0.5504708263662765,0.9678168033421012,0.38461538461538464,0.8848920863309353,400320,13312,640512,102336,13312,0.9534447357356306,0.9534916745336052
0.10195307476844395,0.5517165104433217,0.9679138455902025,0.3858173076923077,0.8848920863309353,401571,13312,639261,102336,13312,0.9534447357356306,0.9534916745336052
0.101885760399828,0.5529600553478942,0.9680103043731105,0.3870192307692308,0.8848920863309353,402822,13312,638010,102336,13312,0.9534447357356306,0.9534916745336052
0.10128682662851629,0.554201466585563,0.9681061849371683,0.38822115384615385,0.8848920863309353,404073,13312,636759,102336,13312,0.9534447357356306,0.9534916745336052
0.10093190748297676,0.5540434091371853,0.9671422519333367,0.38822115384615385,0.8812949640287769,404073,13728,636759,101920,13728,0.9534447357356306,0.9534916745336052
0.10064900910295038,0.5552824744979739,0.9672403424873285,0.3894230769230769,0.8812949640287769,405324,13728,635508,101920,13728,0.9534447357356306,0.9534916745336052
0.1006383612658246,0.556519418123582,0.9673378491231326,0.390625,0.8812949640287769,406575,13728,634257,101920,13728,0.9534447357356306,0.9534916745336052
0.10024632133849587,0.5577542454591332,0.9674347770392405,0.3918269230769231,0.8812949640287769,407826,13728,633006,101920,13728,0.9534447357356306,0.9534916745336052
0.09982314566057054,0.5589869619311346,0.9675311313726186,0.39302884615384615,0.8812949640287769,409077,13728,631755,101920,13728,0.9534447357356306,0.9534916745336052
0.09944052195067443,0.5602175729475564,0.9676269171996151,0.3942307692307692,0.8812949640287769,410328,13728,630504,101920,13728,0.9534447357356306,0.9534916745336052
0.09931348340166513,0.5614460838979115,0.9677221395368522,0.3954326923076923,0.8812949640287769,411579,13728,629253,101920,13728,0.9534447357356306,0.9534916745336052
0.09908887206904204,0.5626725001533335,0.9678168033421012,0.39663461538461536,0.8812949640287769,412830,13728,628002,101920,13728,0.9534447357356306,0.9534916745336052
0.0982439163304829,0.5638968270666554,0.9679109135151435,0.39783653846153844,0.8812949640287769,414081,13728,626751,101920,13728,0.9534447357356306,0.9534916745336052
0.0981891974811207,0.5637371456655528,0.9669706345962987,0.39783653846153844,0.8776978417266187,414081,14144,626751,101504,14144,0.9534447357356306,0.9534916745336052
0.09809212413125168,0.564959178621078,0.9670668442474085,0.39903846153846156,0.8776978417266187,415332,14144,625500,101504,14144,0.9534447357356306,0.9534916745336052
0.0980652953739991,0.566179133830176,0.9671624950374599,0.40024038461538464,0.8776978417266187,416583,14144,624249,101504,14144,0.9534447357356306,0.9534916745336052
0.09767170962925686,0.5673970165873399,0.9672575918218057,0.4014423076923077,0.8776978417266187,417834,14144,622998,101504,14144,0.9534447357356306,0.9534916745336052
0.09605004226778968,0.5686128321690893,0.967352139399717,0.4026442307692308,0.8776978417266187,419085,14144,621747,101504,14144,0.9534447357356306,0.9534916745336052
0.09585560952132244,0.5698265858340473,0.9674461425151906,0.40384615384615385,0.8776978417266187,420336,14144,620496,101504,14144,0.9534447357356306,0.9534916745336052
0.09558354414092252,0.5710382828230154,0.9675396058577425,0.4050480769230769,0.8776978417266187,421587,14144,619245,101504,14144,0.9534447357356306,0.9534916745336052
0.09473974139208702,0.5722479283590493,0.9676325340631879,0.40625,0.8776978417266187,422838,14144,617994,101504,14144,0.9534447357356306,0.9534916745336052
0.09438479393875066,0.573455527647534,0.9677249317144077,0.4074519230769231,0.8776978417266187,424089,14144,616743,101504,14144,0.9534447357356306,0.9534916745336052
0.09430921801096859,0.5732942836035069,0.9668071738451472,0.4074519230769231,0.8741007194244604,424089,14560,616743,101088,14560,0.9534447357356306,0.9534916745336052
0.09350009752891686,0.574499639367556,0.9669015685383041,0.40865384615384615,0.8741007194244604,425340,14560,615492,101088,14560,0.9534447357356306,0.9534916745336052
0.09346746006164364,0.5757029601554133,0.966995427869369,0.4098557692307692,0.8741007194244604,426591,14560,614241,101088,14560,0.9534447357356306,0.9534916745336052
0.09333201063494012,0.5769042511161422,0.9670887563799441,0.4110576923076923,0.8741007194244604,427842,14560,612990,101088,14560,0.9534447357356306,0.9534916745336052
0.09286521286314908,0.5781035173814488,0.9671815585604064,0.41225961538461536,0.8741007194244604,429093,14560,611739,101088,14560,0.9534447357356306,0.9534916745336052
0.09144955585270748,0.5779415597403463,0.9662755112381184,0.41225961538461536,0.8705035971223022,429093,14976,611739,100672,14976,0.9534447357356306,0.9534916745336052
0.09137875743251056,0.5791386076255995,0.9663702506063055,0.41346153846153844,0.8705035971223022,430344,14976,610488,100672,14976,0.9534447357356306,0.9534916745336052
0.0913304371212944,0.5803336419248852,0.9664644591789435,0.41466346153846156,0.8705035971223022,431595,14976,609237,100672,14976,0.9534447357356306,0.9534916745336052
0.09105470590198417,0.5815266677145932,0.9665581414043973,0.41586538461538464,0.8705035971223022,432846,14976,607986,100672,14976,0.9534447357356306,0.9534916745336052
0.09084695301397794,0.5827176900540638,0.9666513016814638,0.4170673076923077,0.8705035971223022,434097,14976,606735,100672,14976,0.9534447357356306,0.9534916745336052
0.09084446896597853,0.5839067139856594,0.9667439443600607,0.4182692307692308,0.8705035971223022,435348,14976,605484,100672,14976,0.9534447357356306,0.9534916745336052
0.09075019317642896,0.5850937445348353,0.9668360737419034,0.41947115384615385,0.8705035971223022,436599,14976,604233,100672,14976,0.9534447357356306,0.9534916745336052
0.09071409755196636,0.5862787867102107,0.9669276940811703,0.4206730769230769,0.8705035971223022,437850,14976,602982,100672,14976,0.9534447357356306,0.9534916745336052
0.09060733659678899,0.5874618455036393,0.9670188095851585,0.421875,0.8705035971223022,439101,14976,601731,100672,14976,0.9534447357356306,0.9534916745336052
0.09054311437106899,0.5872984133883938,0.966133691828037,0.421875,0.8669064748201439,439101,15392,601731,100256,15392,0.9534447357356306,0.9534916745336052
0.09047003592421021,0.5871350721816143,0.965250192895722,0.421875,0.8633093525179856,439101,15808,601731,99840,15808,0.9534447357356306,0.9534916745336052
0.0898756781489286,0.5869718218074708,0.9643683083511777,0.421875,0.8597122302158273,439101,16224,601731,99424,16224,0.9534447357356306,0.9534916745336052
0.0896424648736247,0.5881523272214386,0.9644659377628259,0.4230769230769231,0.8597122302158273,440352,16224,600480,99424,16224,0.9534447357356306,0.9534916745336052
0.08908356027907838,0.5893308617904407,0.9645630336349756,0.42427884615384615,0.8597122302158273,441603,16224,599229,99424,16224,0.9534447357356306,0.9534916745336052
0.08895821344891608,0.5905074304458268,0.9646596003293558,0.4254807692307692,0.8597122302158273,442854,16224,597978,99424,16224,0.9534447357356306,0.9534916745336052
0.0888173081939726,0.5916820381025086,0.964755642160281,0.4266826923076923,0.8597122302158273,444105,16224,596727,99424,16224,0.9534447357356306,0.9534916745336052
0.08849255606957007,0.5928546896590283,0.9648511633952944,0.42788461538461536,0.8597122302158273,445356,16224,595476,99424,16224,0.9534447357356306,0.9534916745336052
0.0884669520111867,0.5940253899976258,0.9649461682557996,0.42908653846153844,0.8597122302158273,446607,16224,594225,99424,16224,0.9534447357356306,0.9534916745336052
0.08817715169875917,0.5951941439843074,0.9650406609176827,0.43028846153846156,0.8597122302158273,447858,16224,592974,99424,16224,0.9534447357356306,0.9534916745336052
0.08711064099929966,0.5963609564689127,0.9651346455119237,0.43149038461538464,0.8597122302158273,449109,16224,591723,99424,16224,0.9534447357356306,0.9534916745336052
0.0867364110864205,0.596196288151782,0.9642726017661873,0.43149038461538464,0.8561151079136691,449109,16640,591723,99008,16640,0.9534447357356306,0.9534916745336052
0.08642874239588838,0.5973609792072326,0.9643683083511777,0.4326923076923077,0.8561151079136691,450360,16640,590472,99008,16640,0.9534447357356306,0.9534916745336052
0.0861450648129568,0.5971962170677502,0.963510021051911,0.4326923076923077,0.8525179856115108,450360,17056,590472,98592,17056,0.9534447357356306,0.9534916745336052
0.08569328068907467,0.5970315457915083,0.9626532601446673,0.4326923076923077,0.8489208633093526,450360,17472,590472,98176,17472,0.9534447357356306,0.9534916745336052
0.08568190459961555,0.5981939380693615,0.9627528603679946,0.4338942307692308,0.8489208633093526,451611,17472,589221,98176,17472,0.9534447357356306,0.9534916745336052
0.0855973026433583,0.599354405803201,0.9628519307555907,0.43509615384615385,0.8489208633093526,452862,17472,587970,98176,17472,0.9534447357356306,0.9534916745336052
0.08501066387755163,0.6005129537687027,0.9629504755240307,0.4362980769230769,0.8489208633093526,454113,17472,586719,98176,17472,0.9534447357356306,0.9534916745336052
0.08493344790030166,0.6016695867257549,0.9630484988452656,0.4375,0.8489208633093526,455364,17472,585468,98176,17472,0.9534447357356306,0.9534916745336052
0.08487569952563656,0.6028243094185234,0.9631460048472116,0.4387019230769231,0.8489208633093526,456615,17472,584217,98176,17472,0.9534447357356306,0.9534916745336052
0.08473313703133983,0.6026588180171382,0.9623016082090102,0.4387019230769231,0.8453237410071942,456615,17888,584217,97760,17888,0.9534447357356306,0.9534916745336052
0.08436192866831133,0.6038114554664226,0.9624007365150897,0.43990384615384615,0.8453237410071942,457866,17888,582966,97760,17888,0.9534447357356306,0.9534916745336052
0.08435554525001038,0.6036458752196767,0.9615599470777243,0.43990384615384615,0.841726618705036,457866,18304,582966,97344,18304,0.9534447357356306,0.9534916745336052
0.08427912854783293,0.6047964337959484,0.9616606726557901,0.4411057692307692,0.841726618705036,459117,18304,581715,97344,18304,0.9534447357356306,0.9534916745336052
0.08400982720819483,0.6046307654926781,0.9608234607198689,0.4411057692307692,0.8381294964028777,459117,18720,581715,96928,18720,0.9534447357356306,0.9534916745336052
0.0839413823382521,0.6057792515395547,0.9609257589419897,0.4423076923076923,0.8381294964028777,460368,18720,580464,96928,18720,0.9534447357356306,0.9534916745336052
0.08386628846271571,0.6069258485732373,0.9610275243109554,0.44350961538461536,0.8381294964028777,461619,18720,579213,96928,18720,0.9534447357356306,0.9534916745336052
0.08300546955782884,0.6080705612504286,0.9611287609792563,0.44471153846153844,0.8381294964028777,462870,18720,577962,96928,18720,0.9534447357356306,0.9534916745336052
0.08290144263193078,0.6092133942125377,0.9612294730563478,0.44591346153846156,0.8381294964028777,464121,18720,576711,96928,18720,0.9534447357356306,0.9534916745336052
0.0828473797271756,0.6103543520857433,0.9613296646092065,0.44711538461538464,0.8381294964028777,465372,18720,575460,96928,18720,0.9534447357356306,0.9534916745336052
0.08267142684968642,0.6114934394810556,0.9614293396628776,0.4483173076923077,0.8381294964028777,466623,18720,574209,96928,18720,0.9534447357356306,0.9534916745336052
0.08263886525423558,0.6126306609943788,0.9615285022010136,0.4495192307692308,0.8381294964028777,467874,18720,572958,96928,18720,0.9534447357356306,0.9534916745336052
0.08223959860026175,0.6124638542467088,0.9607071723373237,0.4495192307692308,0.8345323741007195,467874,19136,572958,96512,19136,0.9534447357356306,0.9534916745336052
0.08209647106831319,0.6135990420464942,0.9608078466230151,0.45072115384615385,0.8345323741007195,469125,19136,571707,96512,19136,0.9534447357356306,0.9534916745336052
0.08193384729260722,0.6147323738976335,0.960908006341009,0.4519230769230769,0.8345323741007195,470376,19136,570456,96512,19136,0.9534447357356306,0.9534916745336052
0.08129444155715826,0.6158638543479183,0.9610076554263464,0.453125,0.8345323741007195,471627,19136,569205,96512,19136,0.9534447357356306,0.9534916745336052
0.08128358300491911,0.6169934879302944,0.9611067977740471,0.4543269230769231,0.8345323741007195,472878,19136,567954,96512,19136,0.9534447357356306,0.9534916745336052
0.08127265013662377,0.616826087126662,0.9602948642446643,0.4543269230769231,0.8309352517985612,472878,19552,567954,96096,19552,0.9534447357356306,0.9534916745336052
0.08074276186953455,0.6166587771357482,0.9594843013842053,0.4543269230769231,0.8273381294964028,472878,19968,567954,95680,19968,0.9534447357356306,0.9534916745336052
0.0806546937818301,0.6164915578836759,0.9586751057247467,0.4543269230769231,0.8237410071942446,472878,20384,567954,95264,20384,0.9534447357356306,0.9534916745336052
0.08054446189192177,0.617618841367901,0.958779647855567,0.45552884615384615,0.8237410071942446,474129,20384,566703,95264,20384,0.9534447357356306,0.9534916745336052
0.08041313372170378,0.6187442893252357,0.958883662387749,0.4567307692307692,0.8237410071942446,475380,20384,565452,95264,20384,0.9534447357356306,0.9534916745336052
0.08040168520081536,0.6198679062351456,0.9589871533052322,0.4579326923076923,0.8237410071942446,476631,20384,564201,95264,20384,0.9534447357356306,0.9534916745336052
0.07998297350660721,0.6209896965625321,0.9590901245519462,0.45913461538461536,0.8237410071942446,477882,20384,562950,95264,20384,0.9534447357356306,0.9534916745336052
0.07995338049766532,0.622109664757792,0.9591925800323112,0.46033653846153844,0.8237410071942446,479133,20384,561699,95264,20384,0.9534447357356306,0.9534916745336052
0.07956831059744046,0.623227815256876,0.9592945236117324,0.46153846153846156,0.8237410071942446,480384,20384,560448,95264,20384,0.9534447357356306,0.9534916745336052
0.07948397481323555,0.6243441524813479,0.9593959591170852,0.46274038461538464,0.8237410071942446,481635,20384,559197,95264,20384,0.9534447357356306,0.9534916745336052
0.07922429552773524,0.625458680838442,0.9594968903371948,0.4639423076923077,0.8237410071942446,482886,20384,557946,95264,20384,0.9534447357356306,0.9534916745336052
0.07909149674436067,0.6265714047211219,0.9595973210233073,0.4651442307692308,0.8237410071942446,484137,20384,556695,95264,20384,0.9534447357356306,0.9534916745336052
0.07853408983892896,0.6276823285081379,0.9596972548895549,0.46634615384615385,0.8237410071942446,485388,20384,555444,95264,20384,0.9534447357356306,0.9534916745336052
0.07841173318641559,0.6287914565640839,0.959796695613414,0.4675480769230769,0.8237410071942446,486639,20384,554193,95264,20384,0.9534447357356306,0.9534916745336052
0.07812305715400514,0.6298987932394555,0.9598956468361552,0.46875,0.8237410071942446,487890,20384,552942,95264,20384,0.9534447357356306,0.9534916745336052
0.07799859595072267,0.6310043428707065,0.9599941121632893,0.4699519230769231,0.8237410071942446,489141,20384,551691,95264,20384,0.9534447357356306,0.9534916745336052
0.0778311093050651,0.6321081097803053,0.9600920951650038,0.47115384615384615,0.8237410071942446,490392,20384,550440,95264,20384,0.9534447357356306,0.9534916745336052
0.07754601468356048,0.6332100982767914,0.9601895993765954,0.4723557692307692,0.8237410071942446,491643,20384,549189,95264,20384,0.9534447357356306,0.9534916745336052
0.07736960460382275,0.6330405111779949,0.9594101197596611,0.4723557692307692,0.8201438848920863,491643,20800,549189,94848,20800,0.9534447357356306,0.9534916745336052
0.07720192691450989,0.6341405676071034,0.9595089683741683,0.4735576923076923,0.8201438848920863,492894,20800,547938,94848,20800,0.9534447357356306,0.9534916745336052
0.0769981339440261,0.6352388549258666,0.9596073367058618,0.47475961538461536,0.8201438848920863,494145,20800,546687,94848,20800,0.9534447357356306,0.9534916745336052
0.0767003410657856,0.6363353773984797,0.959705228246635,0.47596153846153844,0.8201438848920863,495396,20800,545436,94848,20800,0.9534447357356306,0.9534916745336052
0.07650747667215552,0.6361654094786072,0.9589324289795823,0.47596153846153844,0.8165467625899281,495396,21216,545436,94432,21216,0.9534447357356306,0.9534916745336052
0.07624536574083568,0.6372600155899647,0.9590316357801194,0.47716346153846156,0.8165467625899281,496647,21216,544185,94432,21216,0.9534447357356306,0.9534916745336052
0.07615593051761954,0.6383528660607483,0.9591303644286227,0.47836538461538464,0.8165467625899281,497898,21216,542934,94432,21216,0.9534447357356306,0.9534916745336052
0.07562626086452973,0.638182678122128,0.95836236598464,0.47836538461538464,0.8129496402877698,497898,21632,542934,94016,21632,0.9534447357356306,0.9534916745336052
0.07538448398324338,0.638012580905164,0.9575955964657868,0.47836538461538464,0.8093525179856115,497898,22048,542934,93600,22048,0.9534447357356306,0.9534916745336052
0.07538178664108952,0.6391033713202507,0.9576973773832159,0.4795673076923077,0.8093525179856115,499149,22048,541683,93600,22048,0.9534447357356306,0.9534916745336052
0.07521255530677673,0.6401924159459598,0.9577986708725079,0.4807692307692308,0.8093525179856115,500400,22048,540432,93600,22048,0.9534447357356306,0.9534916745336052
0.07510562724070019,0.6400221014826412,0.957036629027816,0.4807692307692308,0.8057553956834532,500400,22464,540432,93184,22464,0.9534447357356306,0.9534916745336052
0.07492743986279282,0.6398518776149023,0.9562757988075218,0.4807692307692308,0.802158273381295,500400,22880,540432,92768,22880,0.9534447357356306,0.9534916745336052
0.07464129981311807,0.6409388748807785,0.9563800804909529,0.48197115384615385,0.802158273381295,501651,22880,539181,92768,22880,0.9534447357356306,0.9534916745336052
0.07430990719987618,0.6420241361305338,0.9564838659368331,0.4831730769230769,0.802158273381295,502902,22880,537930,92768,22880,0.9534447357356306,0.9534916745336052
0.07425184751441449,0.6431076655196717,0.9565871586788683,0.484375,0.802158273381295,504153,22880,536679,92768,22880,0.9534447357356306,0.9534916745336052
0.07403922553490683,0.6441894671904436,0.9566899622172922,0.4855769230769231,0.802158273381295,505404,22880,535428,92768,22880,0.9534447357356306,0.9534916745336052
0.07393721875934378,0.6452695452719014,0.9567922800192622,0.48677884615384615,0.802158273381295,506655,22880,534177,92768,22880,0.9534447357356306,0.9534916745336052
0.07307812756473447,0.6463479038799504,0.9568941155192489,0.4879807692307692,0.802158273381295,507906,22880,532926,92768,22880,0.9534447357356306,0.9534916745336052
0.0726430907399967,0.6474245471174014,0.9569954721194203,0.4891826923076923,0.802158273381295,509157,22880,531675,92768,22880,0.9534447357356306,0.9534916745336052
0.07262673843088013,0.6472533584188497,0.9562477814943291,0.4891826923076923,0.7985611510791367,509157,23296,531675,92352,23296,0.9534447357356306,0.9534916745336052
0.072523898097,0.6483281423860744,0.9563503365161213,0.49038461538461536,0.7985611510791367,510408,23296,530424,92352,23296,0.9534447357356306,0.9534916745336052
0.07207296630851301,0.6494012198349143,0.9564524118851119,0.49158653846153844,0.7985611510791367,511659,23296,529173,92352,23296,0.9534447357356306,0.9534916745336052
0.07203077549245251,0.6504725948265039,0.9565540109584749,0.49278846153846156,0.7985611510791367,512910,23296,527922,92352,23296,0.9534447357356306,0.9534916745336052
0.07172686620242302,0.6515422714091019,0.9566551370621278,0.49399038461538464,0.7985611510791367,514161,23296,526671,92352,23296,0.9534447357356306,0.9534916745336052
0.07153418012923118,0.652610253618142,0.9567557934910935,0.4951923076923077,0.7985611510791367,515412,23296,525420,92352,23296,0.9534447357356306,0.9534916745336052
0.07101725739861475,0.6524384223358118,0.9560175395641819,0.4951923076923077,0.7949640287769785,515412,23712,525420,91936,23712,0.9534447357356306,0.9534916745336052
0.07076351535109948,0.6535045696104305,0.9561193615544761,0.4963942307692308,0.7949640287769785,516663,23712,524169,91936,23712,0.9534447357356306,0.9534916745336052
0.07041405568451176,0.653332684211092,0.9553838728824999,0.4963942307692308,0.7913669064748201,516663,24128,524169,91520,24128,0.9534447357356306,0.9534916745336052
0.07030944573492459,0.6543970019091855,0.9554868441928854,0.49759615384615385,0.7913669064748201,517914,24128,522918,91520,24128,0.9534447357356306,0.9534916745336052
0.0702911600714855,0.6554596386017517,0.9555893412946606,0.4987980769230769,0.7913669064748201,519165,24128,521667,91520,24128,0.9534447357356306,0.9534916745336052
0.06978666550806573,0.6565205982681711,0.9556913674560733,0.5,0.7913669064748201,520416,24128,520416,91520,24128,0.9534447357356306,0.9534916745336052
0.06964529719138735,0.6563483735571878,0.9549618320610687,0.5,0.7877697841726619,520416,24544,520416,91104,24544,0.9534447357356306,0.9534916745336052
0.06937678331924363,0.6561762391817466,0.954233409610984,0.5,0.7841726618705036,520416,24960,520416,90688,24960,0.9534447357356306,0.9534916745336052
0.06936458256835143,0.6560041950707918,0.9535060975609756,0.5,0.7805755395683454,520416,25376,520416,90272,25376,0.9534447357356306,0.9534916745336052
0.06879714595638464,0.655832241153342,0.9527798933739527,0.5,0.7769784172661871,520416,25792,520416,89856,25792,0.9534447357356306,0.9534916745336052
0.06828978108451789,0.6568909601578048,0.952887796163731,0.5012019230769231,0.7769784172661871,521667,25792,519165,89856,25792,0.9534447357356306,0.9534916745336052
0.06823812763424508,0.6579480126979973,0.9529952069399136,0.5024038461538461,0.7769784172661871,522918,25792,517914,89856,25792,0.9534447357356306,0.9534916745336052
0.06731704478322953,0.6590034027054431,0.9531021290600606,0.5036057692307693,0.7769784172661871,524169,25792,516663,89856,25792,0.9534447357356306,0.9534916745336052
0.06731001164683181,0.6600571340993088,0.9532085658512515,0.5048076923076923,0.7769784172661871,525420,25792,515412,89856,25792,0.9534447357356306,0.9534916745336052
0.06679611818853937,0.661109210786452,0.95331452061043,0.5060096153846154,0.7769784172661871,526671,25792,514161,89856,25792,0.9534447357356306,0.9534916745336052
0.06590595770794239,0.6609366440967026,0.95259722290049,0.5060096153846154,0.7733812949640287,526671,26208,514161,89440,26208,0.9534447357356306,0.9534916745336052
0.0658080521532019,0.6619869313500886,0.9527042390774728,0.5072115384615384,0.7733812949640287,527922,26208,512910,89440,26208,0.9534447357356306,0.9534916745336052
0.06573012901236219,0.6630355723202355,0.9528107731449221,0.5084134615384616,0.7733812949640287,529173,26208,511659,89440,26208,0.9534447357356306,0.9534916745336052
0.06566185847722061,0.6640825708748366,0.9529168283533825,0.5096153846153846,0.7733812949640287,530424,26208,510408,89440,26208,0.9534447357356306,0.9534916745336052
0.0656022322503434,0.6639096803264325,0.9522051959615688,0.5096153846153846,0.7697841726618705,530424,26624,510408,89024,26624,0.9534447357356306,0.9534916745336052
0.06540856347964463,0.6649549036320351,0.9523122914423992,0.5108173076923077,0.7697841726618705,531675,26624,509157,89024,26624,0.9534447357356306,0.9534916745336052
0.06536920610725838,0.6659984928598297,0.9524189080511125,0.5120192307692307,0.7697841726618705,532926,26624,507906,89024,26624,0.9534447357356306,0.9534916745336052
0.06485736521715568,0.667040451838842,0.9525250489924233,0.5132211538461539,0.7697841726618705,534177,26624,506655,89024,26624,0.9534447357356306,0.9534916745336052
0.06453910056318057,0.6680807843861439,0.9526307174425143,0.5144230769230769,0.7697841726618705,535428,26624,505404,89024,26624,0.9534447357356306,0.9534916745336052
0.06438492366575915,0.6679074409031373,0.9519261540212065,0.5144230769230769,0.7661870503597122,535428,27040,505404,88608,27040,0.9534447357356306,0.9534916745336052
0.06437851700951847,0.6689460166738234,0.9520328390563384,0.515625,0.7661870503597122,536679,27040,504153,88608,27040,0.9534447357356306,0.9534916745336052
0.06386876527238022,0.6699829742396635,0.95213905163106,0.5168269230769231,0.7661870503597122,537930,27040,502902,88608,27040,0.9534447357356306,0.9534916745336052
0.06372543392490426,0.6710183173797006,0.952244794876912,0.5180288461538461,0.7661870503597122,539181,27040,501651,88608,27040,0.9534447357356306,0.9534916745336052
0.06336735942537186,0.6720520498612202,0.9523500718978205,0.5192307692307693,0.7661870503597122,540432,27040,500400,88608,27040,0.9534447357356306,0.9534916745336052
0.06292361368930577,0.6730841754397955,0.9524548857704014,0.5204326923076923,0.7661870503597122,541683,27040,499149,88608,27040,0.9534447357356306,0.9534916745336052
0.06272704359703163,0.6741146978593325,0.9525592395442599,0.5216346153846154,0.7661870503597122,542934,27040,497898,88608,27040,0.9534447357356306,0.9534916745336052
0.06165774200889573,0.6751436208521163,0.9526631362422863,0.5228365384615384,0.7661870503597122,544185,27040,496647,88608,27040,0.9534447357356306,0.9534916745336052
0.06156170803039451,0.676170948138855,0.9527665788609478,0.5240384615384616,0.7661870503597122,545436,27040,495396,88608,27040,0.9534447357356306,0.9534916745336052
0.06134823792379285,0.6771966834287257,0.952869570370577,0.5252403846153846,0.7661870503597122,546687,27040,494145,88608,27040,0.9534447357356306,0.9534916745336052
0.06114536086828881,0.6782208304194182,0.9529721137156552,0.5264423076923077,0.7661870503597122,547938,27040,492894,88608,27040,0.9534447357356306,0.9534916745336052
0.061071833031115186,0.6780462633319845,0.9522831312109615,0.5264423076923077,0.762589928057554,547938,27456,492894,88192,27456,0.9534447357356306,0.9534916745336052
0.06085446225266278,0.6778717860849836,0.9515951442316042,0.5264423076923077,0.7589928057553957,547938,27872,492894,87776,27872,0.9534447357356306,0.9534916745336052
0.06075140997801087,0.6788940925017909,0.951700080234152,0.5276442307692307,0.7589928057553957,549189,27872,491643,87776,27872,0.9534447357356306,0.9534916745336052
0.06074988185485497,0.6787195770399843,0.9510144992787591,0.5276442307692307,0.7553956834532374,549189,28288,491643,87360,28288,0.9534447357356306,0.9534916745336052
0.060580588225517484,0.6797401763441923,0.9511203881616235,0.5288461538461539,0.7553956834532374,550440,28288,490392,87360,28288,0.9534447357356306,0.9534916745336052
0.06046282861843072,0.6795656231944177,0.9504371969665575,0.5288461538461539,0.7517985611510791,550440,28704,490392,86944,28704,0.9534447357356306,0.9534916745336052
0.06023267895705564,0.6793911596700057,0.9497549865415142,0.5288461538461539,0.7482014388489209,550440,29120,490392,86528,29120,0.9534447357356306,0.9534916745336052
0.060163762758005446,0.6804099299290904,0.9498632085136128,0.5300480769230769,0.7482014388489209,551691,29120,489141,86528,29120,0.9534447357356306,0.9534916745336052
0.060068200352793644,0.6814271295599097,0.9499709652923571,0.53125,0.7482014388489209,552942,29120,487890,86528,29120,0.9534447357356306,0.9534916745336052
0.05989274970324565,0.6824427621917993,0.9500782598707727,0.5324519230769231,0.7482014388489209,554193,29120,486639,86528,29120,0.9534447357356306,0.9534916745336052
0.059744849255795984,0.6834568314429222,0.9501850952162637,0.5336538461538461,0.7482014388489209,555444,29120,485388,86528,29120,0.9534447357356306,0.9534916745336052
0.059722028552749995,0.6844693409203103,0.9502914742708876,0.5348557692307693,0.7482014388489209,556695,29120,484137,86528,29120,0.9534447357356306,0.9534916745336052
0.05938134866688394,0.6854802942199081,0.9503973999516239,0.5360576923076923,0.7482014388489209,557946,29120,482886,86528,29120,0.9534447357356306,0.9534916745336052
0.05934349849846754,0.686489694926615,0.9505028751506416,0.5372596153846154,0.7482014388489209,559197,29120,481635,86528,29120,0.9534447357356306,0.9534916745336052
0.05920840497096164,0.6863144458797287,0.9498312477812523,0.5372596153846154,0.7446043165467626,559197,29536,481635,86112,29536,0.9534447357356306,0.9534916745336052
0.059167207561452995,0.6873221749112101,0.9499376254271302,0.5384615384615384,0.7446043165467626,560448,29536,480384,86112,29536,0.9534447357356306,0.9534916745336052
0.05895652387729611,0.6883283590685921,0.9500435529019764,0.5396634615384616,0.7446043165467626,561699,29536,479133,86112,29536,0.9534447357356306,0.9534916745336052
0.05857545283560228,0.6881529547321473,0.9493755609303458,0.5396634615384616,0.7410071942446043,561699,29952,479133,85696,29952,0.9534447357356306,0.9534916745336052
0.05844204255713292,0.6891574760640349,0.9494823765141626,0.5408653846153846,0.7410071942446043,562950,29952,477882,85696,29952,0.9534447357356306,0.9534916745336052
0.05828283473113549,0.6889820395924486,0.9488166548124277,0.5408653846153846,0.737410071942446,562950,30368,477882,85280,30368,0.9534447357356306,0.9534916745336052
0.05796132887295702,0.6888066924186603,0.9481518659871255,0.5408653846153846,0.7338129496402878,562950,30784,477882,84864,30784,0.9534447357356306,0.9534916745336052
0.057922728857293604,0.6898094346739274,0.9482608805263998,0.5420673076923077,0.7338129496402878,564201,30784,476631,84864,30784,0.9534447357356306,0.9534916745336052
0.05790177632174831,0.6908106443959566,0.9483694376052436,0.5432692307692307,0.7338129496402878,565452,30784,475380,84864,30784,0.9534447357356306,0.9534916745336052
0.05780929136449642,0.691810325095418,0.9484775400971067,0.5444711538461539,0.7338129496402878,566703,30784,474129,84864,30784,0.9534447357356306,0.9534916745336052
0.05778522504403416,0.6928084802722665,0.9485851908514241,0.5456730769230769,0.7338129496402878,567954,30784,472878,84864,30784,0.9534447357356306,0.9534916745336052
0.057741003732047824,0.6938051134157839,0.9486923926938661,0.546875,0.7338129496402878,569205,30784,471627,84864,30784,0.9534447357356306,0.9534916745336052
0.05749191509202212,0.6936292564693581,0.9480350763234816,0.546875,0.7302158273381295,569205,31200,471627,84448,31200,0.9534447357356306,0.9534916745336052
0.05730539219770325,0.6946242529625787,0.9481431249750688,0.5480769230769231,0.7302158273381295,570456,31200,470376,84448,31200,0.9534447357356306,0.9534916745336052
0.05710302899122777,0.6956177349323707,0.9482507252362304,0.5492788461538461,0.7302158273381295,571707,31200,469125,84448,31200,0.9534447357356306,0.9534916745336052
0.05695238216562559,0.696609705834078,0.948357879892346,0.5504807692307693,0.7302158273381295,572958,31200,467874,84448,31200,0.9534447357356306,0.9534916745336052
0.05676685592060671,0.6976001691125419,0.9484645917057725,0.5516826923076923,0.7302158273381295,574209,31200,466623,84448,31200,0.9534447357356306,0.9534916745336052
0.05671691290245651,0.69858912820214,0.9485708634160815,0.5528846153846154,0.7302158273381295,575460,31200,465372,84448,31200,0.9534447357356306,0.9534916745336052
0.056543827871121444,0.6995765865268267,0.9486766977402942,0.5540865384615384,0.7302158273381295,576711,31200,464121,84448,31200,0.9534447357356306,0.9534916745336052
0.05609336663898973,0.6994001184846337,0.9480279520718298,0.5540865384615384,0.7266187050359713,576711,31616,464121,84032,31616,0.9534447357356306,0.9534916745336052
0.05601171007993311,0.7003859646996807,0.9481346111572267,0.5552884615384616,0.7266187050359713,577962,31616,462870,84032,31616,0.9534447357356306,0.9534916745336052
0.05580322124657666,0.7013703175167302,0.9482408333592544,0.5564903846153846,0.7266187050359713,579213,31616,461619,84032,31616,0.9534447357356306,0.9534916745336052
0.05571039409855649,0.7023531803265993,0.9483466213566853,0.5576923076923077,0.7266187050359713,580464,31616,460368,84032,31616,0.9534447357356306,0.9534916745336052
0.05556087679410715,0.7033345565098482,0.9484519778064373,0.5588942307692307,0.7266187050359713,581715,31616,459117,84032,31616,0.9534447357356306,0.9534916745336052
0.055494275327387044,0.7043144494368176,0.9485569053437947,0.5600961538461539,0.7266187050359713,582966,31616,457866,84032,31616,0.9534447357356306,0.9534916745336052
0.05539007831980913,0.7052928624676684,0.9486614065826288,0.5612980769230769,0.7266187050359713,584217,31616,456615,84032,31616,0.9534447357356306,0.9534916745336052
0.055122637654646534,0.7062697989524198,0.9487654841156147,0.5625,0.7266187050359713,585468,31616,455364,84032,31616,0.9534447357356306,0.9534916745336052
0.05501941635094876,0.707245262230987,0.948869140514446,0.5637019230769231,0.7266187050359713,586719,31616,454113,84032,31616,0.9534447357356306,0.9534916745336052
0.054941423075173745,0.7082192556332201,0.9489723783300462,0.5649038461538461,0.7266187050359713,587970,31616,452862,84032,31616,0.9534447357356306,0.9534916745336052
0.05439263608421596,0.7091917824789413,0.949075200092778,0.5661057692307693,0.7266187050359713,589221,31616,451611,84032,31616,0.9534447357356306,0.9534916745336052
0.05399459335712464,0.7101628460779833,0.9491776083126503,0.5673076923076923,0.7266187050359713,590472,31616,450360,84032,31616,0.9534447357356306,0.9534916745336052
0.05377180242799995,0.7099852344926101,0.9485433025329958,0.5673076923076923,0.7230215827338129,590472,32032,450360,83616,32032,0.9534447357356306,0.9534916745336052
0.053559897650277244,0.7109547293112346,0.9486465038356406,0.5685096153846154,0.7230215827338129,591723,32032,449109,83616,32032,0.9534447357356306,0.9534916745336052
0.05345925093426984,0.7119227680002497,0.9487492920067967,0.5697115384615384,0.7230215827338129,592974,32032,447858,83616,32032,0.9534447357356306,0.9534916745336052
0.05345775976295242,0.7117450280689499,0.9481182305707186,0.5697115384615384,0.7194244604316546,592974,32448,447858,83200,32448,0.9534447357356306,0.9534916745336052
0.052980488016831084,0.7127115061124254,0.948221799886065,0.5709134615384616,0.7194244604316546,594225,32448,446607,83200,32448,0.9534447357356306,0.9534916745336052
0.05277700930184814,0.7136765350956041,0.9483249565234009,0.5721153846153846,0.7194244604316546,595476,32448,445356,83200,32448,0.9534447357356306,0.9534916745336052
0.05261647926838853,0.7146401182749533,0.9484277029443319,0.5733173076923077,0.7194244604316546,596727,32448,444105,83200,32448,0.9534447357356306,0.9534916745336052
0.052606926479255134,0.71560225889719,0.9485300415909242,0.5745192307692307,0.7194244604316546,597978,32448,442854,83200,32448,0.9534447357356306,0.9534916745336052
0.05248954848126719,0.7165629601993173,0.948631974885899,0.5757211538461539,0.7194244604316546,599229,32448,441603,83200,32448,0.9534447357356306,0.9534916745336052
0.05240509830689977,0.7175222254086607,0.9487335052328227,0.5769230769230769,0.7194244604316546,600480,32448,440352,83200,32448,0.9534447357356306,0.9534916745336052
0.05210395338589946,0.7184800577429044,0.9488346350162966,0.578125,0.7194244604316546,601731,32448,439101,83200,32448,0.9534447357356306,0.9534916745336052
0.052080268392782125,0.7194364604101268,0.9489353666021434,0.5793269230769231,0.7194244604316546,602982,32448,437850,83200,32448,0.9534447357356306,0.9534916745336052
0.052062986626316254,0.7192579612781942,0.9483145289897239,0.5793269230769231,0.7158273381294964,602982,32864,437850,82784,32864,0.9534447357356306,0.9534916745336052
0.05166381376538032,0.7202128337969008,0.9484160182829302,0.5805288461538461,0.7158273381294964,604233,32864,436599,82784,32864,0.9534447357356306,0.9534916745336052
0.05098768953173649,0.7200343195231016,0.947797142960222,0.5805288461538461,0.7122302158273381,604233,33280,436599,82368,33280,0.9534447357356306,0.9534916745336052
0.050924599178155505,0.7209876660816054,0.9478993806789362,0.5817307692307693,0.7122302158273381,605484,33280,435348,82368,33280,0.9534447357356306,0.9534916745336052
0.05083744869222273,0.7219395935501566,0.9480012187214362,0.5829326923076923,0.7122302158273381,606735,33280,434097,82368,33280,0.9534447357356306,0.9534916745336052
0.05041902321665359,0.7228901050949469,0.9481026594268214,0.5841346153846154,0.7122302158273381,607986,33280,432846,82368,33280,0.9534447357356306,0.9534916745336052
0.05041882821145327,0.7227113711981,0.947488008078768,0.5841346153846154,0.7086330935251799,607986,33696,432846,81952,33696,0.9534447357356306,0.9534916745336052
0.05016941035769096,0.723660368281797,0.9475901843582457,0.5853365384615384,0.7086330935251799,609237,33696,431595,81952,33696,0.9534447357356306,0.9534916745336052
0.05001217576803296,0.7246079562449259,0.9476919637867441,0.5865384615384616,0.7086330935251799,610488,33696,430344,81952,33696,0.9534447357356306,0.9534916745336052
0.04994639830927072,0.7255541382236621,0.947793348671826,0.5877403846153846,0.7086330935251799,611739,33696,429093,81952,33696,0.9534447357356306,0.9534916745336052
0.04974890318173053,0.7264989173448817,0.9478943413031982,0.5889423076923077,0.7086330935251799,612990,33696,427842,81952,33696,0.9534447357356306,0.9534916745336052
0.04967789104850023,0.7274422967261952,0.9479949439528843,0.5901442307692307,0.7086330935251799,614241,33696,426591,81952,33696,0.9534447357356306,0.9534916745336052
0.04927058660146855,0.7283842794759825,0.9480951588753951,0.5913461538461539,0.7086330935251799,615492,33696,425340,81952,33696,0.9534447357356306,0.9534916745336052
0.04901903265095153,0.7293248686934264,0.9481949883078966,0.5925480769230769,0.7086330935251799,616743,33696,424089,81952,33696,0.9534447357356306,0.9534916745336052
0.048919412820674024,0.7302640674685469,0.948294434470377,0.59375,0.7086330935251799,617994,33696,422838,81952,33696,0.9534447357356306,0.9534916745336052
0.04868287857851389,0.7300846221184709,0.9476894860651489,0.59375,0.7050359712230215,617994,34112,422838,81536,34112,0.9534447357356306,0.9534916745336052
0.04861330928079488,0.7310223357606501,0.9477896463954623,0.5949519230769231,0.7050359712230215,619245,34112,421587,81536,34112,0.9534447357356306,0.9534916745336052
0.048447963157630336,0.7319586655971311,0.947889423899494,0.5961538461538461,0.7050359712230215,620496,34112,420336,81536,34112,0.9534447357356306,0.9534916745336052
0.0483879887861568,0.7328936146888266,0.9479888207678785,0.5973557692307693,0.7050359712230215,621747,34112,419085,81536,34112,0.9534447357356306,0.9534916745336052
0.04833023631434025,0.732713965589677,0.9473879090320368,0.5973557692307693,0.7014388489208633,621747,34528,419085,81120,34528,0.9534447357356306,0.9534916745336052
0.048272646154721155,0.7336474406456118,0.947488008078768,0.5985576923076923,0.7014388489208633,622998,34528,417834,81120,34528,0.9534447357356306,0.9534916745336052
0.048228321261391816,0.7334677832366165,0.9468889354988738,0.5985576923076923,0.697841726618705,622998,34944,417834,80704,34944,0.9534447357356306,0.9534916745336052
0.04812009553038599,0.7332882137959852,0.9462906199970229,0.5985576923076923,0.6942446043165468,622998,35360,417834,80288,35360,0.9534447357356306,0.9534916745336052
0.04803619557329908,0.7342201228975307,0.946392484032207,0.5997596153846154,0.6942446043165468,624249,35360,416583,80288,35360,0.9534447357356306,0.9534916745336052
0.04801467828675454,0.7351506618118907,0.9464939624126139,0.6009615384615384,0.6942446043165468,625500,35360,415332,80288,35360,0.9534447357356306,0.9534916745336052
0.04775969194017049,0.734970988914922,0.9458985355585262,0.6009615384615384,0.6906474820143885,625500,35776,415332,79872,35776,0.9534447357356306,0.9534916745336052
0.04771604142120939,0.7359000656937263,0.9460006912925812,0.6021634615384616,0.6906474820143885,626751,35776,414081,79872,35776,0.9534447357356306,0.9534916745336052
0.047679454116487,0.7368277787881099,0.9461024619677061,0.6033653846153846,0.6906474820143885,628002,35776,412830,79872,35776,0.9534447357356306,0.9534916745336052
0.04761778508437964,0.7366480041946575,0.9455098962050245,0.6033653846153846,0.6870503597122302,628002,36192,412830,79456,36192,0.9534447357356306,0.9534916745336052
0.04758514825771332,0.7375742625611199,0.9456123346031603,0.6045673076923077,0.6870503597122302,629253,36192,411579,79456,36192,0.9534447357356306,0.9534916745336052
0.04717004963113447,0.7384991637033185,0.945714388566903,0.6057692307692307,0.6870503597122302,630504,36192,410328,79456,36192,0.9534447357356306,0.9534916745336052
0.047160485504379124,0.7394227106021317,0.9458160602562778,0.6069711538461539,0.6870503597122302,631755,36192,409077,79456,36192,0.9534447357356306,0.9534916745336052
0.046963353514972606,0.7403449062297153,0.9459173518151578,0.6081730769230769,0.6870503597122302,633006,36192,407826,79456,36192,0.9534447357356306,0.9534916745336052
0.046884416334294965,0.741265753549534,0.9460182653714153,0.609375,0.6870503597122302,634257,36192,406575,79456,36192,0.9534447357356306,0.9534916745336052
0.04677363236990151,0.7410856010146656,0.9454316442205213,0.609375,0.6834532374100719,634257,36608,406575,79040,36608,0.9534447357356306,0.9534916745336052
0.046603826950176064,0.7420050112437739,0.9455332115289623,0.6105769230769231,0.6834532374100719,635508,36608,405324,79040,36608,0.9534447357356306,0.9534916745336052
0.04632135019364503,0.7429230795257726,0.9456344014482444,0.6117788461538461,0.6834532374100719,636759,36608,404073,79040,36608,0.9534447357356306,0.9534916745336052
0.046214012333174015,0.7438398087965257,0.9457352160778396,0.6129807692307693,0.6834532374100719,638010,36608,402822,79040,36608,0.9534447357356306,0.9534916745336052
0.045819495495835305,0.744755201983339,0.9458356575016756,0.6141826923076923,0.6834532374100719,639261,36608,401571,79040,36608,0.9534447357356306,0.9534916745336052
0.04573841471292356,0.7445747727149635,0.9452538500779997,0.6141826923076923,0.6798561151079137,639261,37024,401571,78624,37024,0.9534447357356306,0.9534916745336052
0.04556397362192666,0.7454887428071286,0.9453549331696028,0.6153846153846154,0.6798561151079137,640512,37024,400320,78624,37024,0.9534447357356306,0.9534916745336052
0.04554139213648545,0.7464013830970697,0.9454556436702529,0.6165865384615384,0.6798561151079137,641763,37024,399069,78624,37024,0.9534447357356306,0.9534916745336052
0.045455807156442485,0.7473126964849175,0.9455559836362085,0.6177884615384616,0.6798561151079137,643014,37024,397818,78624,37024,0.9534447357356306,0.9534916745336052
0.04528841082302837,0.7482226858623755,0.945655955108625,0.6189903846153846,0.6798561151079137,644265,37024,396567,78624,37024,0.9534447357356306,0.9534916745336052
0.04517222131034537,0.749131354112751,0.945755560113693,0.6201923076923077,0.6798561151079137,645516,37024,395316,78624,37024,0.9534447357356306,0.9534916745336052
0.04501267440119383,0.7500387041109854,0.9458548006627756,0.6213942307692307,0.6798561151079137,646767,37024,394065,78624,37024,0.9534447357356306,0.9534916745336052
0.04495178768354291,0.7509447387236844,0.9459536787525437,0.6225961538461539,0.6798561151079137,648018,37024,392814,78624,37024,0.9534447357356306,0.9534916745336052
0.04494682571882247,0.7507637766539805,0.9453795856201255,0.6225961538461539,0.6762589928057554,648018,37440,392814,78208,37440,0.9534447357356306,0.9534916745336052
0.04477839235925807,0.7516684119219168,0.945479089395945,0.6237980769230769,0.6762589928057554,649269,37440,391563,78208,37440,0.9534447357356306,0.9534916745336052
0.04475356671036895,0.751487450208541,0.9449066763689286,0.6237980769230769,0.6726618705035972,649269,37856,391563,77792,37856,0.9534447357356306,0.9534916745336052
0.044637684330716354,0.7523906898418236,0.945006798610062,0.625,0.6726618705035972,650520,37856,390312,77792,37856,0.9534447357356306,0.9534916745336052
0.044570231328764476,0.7532926235178066,0.9451065576028781,0.6262019230769231,0.6726618705035972,651771,37856,389061,77792,37856,0.9534447357356306,0.9534916745336052
0.044460666203790966,0.7531115765147686,0.9445367897362918,0.6262019230769231,0.6690647482014388,651771,38272,389061,77376,38272,0.9534447357356306,0.9534916745336052
0.044350634610017536,0.7529306165168074,0.9439677084374307,0.6262019230769231,0.6654676258992805,651771,38688,389061,76960,38688,0.9534447357356306,0.9534916745336052
0.04434081986501015,0.7527497434612206,0.9433993124660757,0.6262019230769231,0.6618705035971223,651771,39104,389061,76544,39104,0.9534447357356306,0.9534916745336052
0.04406507509347202,0.7536501173138646,0.9435016167576424,0.6274038461538461,0.6618705035971223,653022,39104,387810,76544,39104,0.9534447357356306,0.9534916745336052
0.04397485028180326,0.7545491921677261,0.9436035518916838,0.6286057692307693,0.6618705035971223,654273,39104,386559,76544,39104,0.9534447357356306,0.9534916745336052
0.043522070749571484,0.7554469708319408,0.9437051198627179,0.6298076923076923,0.6618705035971223,655524,39104,385308,76544,39104,0.9534447357356306,0.9534916745336052
0.04324649602721903,0.7552659291331869,0.9431402903988813,0.6298076923076923,0.658273381294964,655524,39520,385308,76128,39520,0.9534447357356306,0.9534916745336052
0.04320050767917982,0.7561623301002172,0.9432424475258332,0.6310096153846154,0.658273381294964,656775,39520,384057,76128,39520,0.9534447357356306,0.9534916745336052
0.04315085388053663,0.7559812908227307,0.9426792457704845,0.6310096153846154,0.6546762589928058,656775,39936,384057,75712,39936,0.9534447357356306,0.9534916745336052
0.043120235300970255,0.7568763177236636,0.9427819852656735,0.6322115384615384,0.6546762589928058,658026,39936,382806,75712,39936,0.9534447357356306,0.9534916745336052
0.043082604267955515,0.7566952811908855,0.9422204021317968,0.6322115384615384,0.6510791366906474,658026,40352,382806,75296,40352,0.9534447357356306,0.9534916745336052
0.04306063260961018,0.7575889376435324,0.9423237172844464,0.6334134615384616,0.6510791366906474,659277,40352,381555,75296,40352,0.9534447357356306,0.9534916745336052
0.043027731826864146,0.758481310342927,0.9424266636228741,0.6346153846153846,0.6510791366906474,660528,40352,380304,75296,40352,0.9534447357356306,0.9534916745336052
0.04298498574401044,0.7593724020532852,0.9425292431184494,0.6358173076923077,0.6510791366906474,661779,40352,379053,75296,40352,0.9534447357356306,0.9534916745336052
0.04294015627686376,0.7591912028308245,0.9419711421442266,0.6358173076923077,0.6474820143884892,661779,40768,379053,74880,40768,0.9534447357356306,0.9534916745336052
0.04260456317153122,0.760080934066249,0.942074288361149,0.6370192307692307,0.6474820143884892,663030,40768,377802,74880,40768,0.9534447357356306,0.9534916745336052
0.04257707076098327,0.7598997390326674,0.9415177772665695,0.6370192307692307,0.6438848920863309,663030,41184,377802,74464,41184,0.9534447357356306,0.9534916745336052
0.0423566894391213,0.7597186303683495,0.940961923278884,0.6370192307692307,0.6402877697841727,663030,41600,377802,74048,41600,0.9534447357356306,0.9534916745336052
0.04234350086420935,0.7595376080115563,0.9404067252349492,0.6370192307692307,0.6366906474820144,663030,42016,377802,73632,42016,0.9534447357356306,0.9534916745336052
0.04216510835965892,0.7604258185858056,0.940512277413043,0.6382211538461539,0.6366906474820144,664281,42016,376551,73632,42016,0.9534447357356306,0.9534916745336052
0.041339208161713215,0.7602448005630756,0.9399586536543123,0.6382211538461539,0.6330935251798561,664281,42432,376551,73216,42432,0.9534447357356306,0.9534916745336052
0.04125465890366942,0.7611316585811038,0.9400647490550367,0.6394230769230769,0.6330935251798561,665532,42432,375300,73216,42432,0.9534447357356306,0.9534916745336052
0.041229369673679184,0.7609506452048123,0.9395126909285977,0.6394230769230769,0.6294964028776978,665532,42848,375300,72800,42848,0.9534447357356306,0.9534916745336052
0.04112859054239315,0.7607697179057491,0.9389612808198692,0.6394230769230769,0.6258992805755396,665532,43264,375300,72384,43264,0.9534447357356306,0.9534916745336052
0.04092977155707389,0.7605888766225306,0.9384105175885349,0.6394230769230769,0.6223021582733813,665532,43680,375300,71968,43680,0.9534447357356306,0.9534916745336052
0.04090658930180302,0.7604081212938313,0.9378604000969522,0.6394230769230769,0.6187050359712231,665532,44096,375300,71552,44096,0.9534447357356306,0.9534916745336052
0.04073396552330477,0.7612933868657559,0.9379697529396704,0.640625,0.6187050359712231,666783,44096,374049,71552,44096,0.9534447357356306,0.9534916745336052
0.04066576335997352,0.7621773888994742,0.9380787215817337,0.6418269230769231,0.6187050359712231,668034,44096,372798,71552,44096,0.9534447357356306,0.9534916745336052
0.04056839352658248,0.7630601300982264,0.938187308044369,0.6430288461538461,0.6187050359712231,669285,44096,371547,71552,44096,0.9534447357356306,0.9534916745336052
0.04035485895064728,0.7639416131575469,0.9382955143346505,0.6442307692307693,0.6187050359712231,670536,44096,370296,71552,44096,0.9534447357356306,0.9534916745336052
0.040130890076188086,0.764821840765292,0.9384033424456231,0.6454326923076923,0.6187050359712231,671787,44096,369045,71552,44096,0.9534447357356306,0.9534916745336052
0.03986747712702843,0.764640769527144,0.9378583524477907,0.6454326923076923,0.6151079136690647,671787,44512,369045,71136,44512,0.9534447357356306,0.9534916745336052
0.03972832536799742,0.7655196652377014,0.9379666922165703,0.6466346153846154,0.6151079136690647,673038,44512,367794,71136,44512,0.9534447357356306,0.9534916745336052
0.039713368752063105,0.7663973112575179,0.9380746548766626,0.6478365384615384,0.6151079136690647,674289,44512,366543,71136,44512,0.9534447357356306,0.9534916745336052
0.03945421001563021,0.767273710250079,0.9381822423936049,0.6490384615384616,0.6151079136690647,675540,44512,365292,71136,44512,0.9534447357356306,0.9534916745336052
0.03928890712217459,0.7681488648713067,0.9382894567192983,0.6502403846153846,0.6151079136690647,676791,44512,364041,71136,44512,0.9534447357356306,0.9534916745336052
0.03904217379165725,0.7690227777695865,0.9383962997921262,0.6514423076923077,0.6151079136690647,678042,44512,362790,71136,44512,0.9534447357356306,0.9534916745336052
0.03859288966799279,0.7698954515857935,0.9385027735370715,0.6526442307692307,0.6151079136690647,679293,44512,361539,71136,44512,0.9534447357356306,0.9534916745336052
0.03858480178823587,0.7707668889533198,0.9386088798658311,0.6538461538461539,0.6151079136690647,680544,44512,360288,71136,44512,0.9534447357356306,0.9534916745336052
0.038440546398190945,0.7716370924981001,0.9387146206769313,0.6550480769230769,0.6151079136690647,681795,44512,359037,71136,44512,0.9534447357356306,0.9534916745336052
0.03840808373654975,0.7725060648386385,0.938819997855841,0.65625,0.6151079136690647,683046,44512,357786,71136,44512,0.9534447357356306,0.9534916745336052
0.0383238111298021,0.7733738085860352,0.938925013275083,0.6574519230769231,0.6151079136690647,684297,44512,356535,71136,44512,0.9534447357356306,0.9534916745336052
0.038056209370321836,0.774240326344012,0.9390296687943457,0.6586538461538461,0.6151079136690647,685548,44512,355284,71136,44512,0.9534447357356306,0.9534916745336052
0.03801049255582034,0.7751056207089383,0.9391339662605923,0.6598557692307693,0.6151079136690647,686799,44512,354033,71136,44512,0.9534447357356306,0.9534916745336052
0.03800833120940372,0.7749237119892766,0.9386000516586104,0.6598557692307693,0.6115107913669064,686799,44928,354033,70720,44928,0.9534447357356306,0.9534916745336052
0.037796846191511746,0.7747418886335115,0.9380667437918548,0.6598557692307693,0.6079136690647482,686799,45344,354033,70304,45344,0.9534447357356306,0.9534916745336052
0.037624719922689176,0.7756058134645756,0.9381723875570294,0.6610576923076923,0.6079136690647482,688050,45344,352782,70304,45344,0.9534447357356306,0.9534916745336052
0.037545951781399745,0.7764685208538326,0.9382776715284253,0.6622596153846154,0.6079136690647482,689301,45344,351531,70304,45344,0.9534447357356306,0.9534916745336052
0.03680115924151417,0.7773300133728966,0.9383825975409569,0.6634615384615384,0.6079136690647482,690552,45344,350280,70304,45344,0.9534447357356306,0.9534916745336052
0.036765846385288126,0.7771480532809947,0.937852432121166,0.6634615384615384,0.60431654676259,690552,45760,350280,69888,45760,0.9534447357356306,0.9534916745336052
0.036712084712900106,0.778008260257142,0.9379578422453404,0.6646634615384616,0.60431654676259,691803,45760,349029,69888,45760,0.9534447357356306,0.9534916745336052
0.03667391993453606,0.7778263120702537,0.9374291138365726,0.6646634615384616,0.6007194244604317,691803,46176,349029,69472,46176,0.9534447357356306,0.9534916745336052
0.0366445580132993,0.7786852368063585,0.9375350026378799,0.6658653846153846,0.6007194244604317,693054,46176,347778,69472,46176,0.9534447357356306,0.9534916745336052
0.03662205689763809,0.7785033007989989,0.9370077036852764,0.6658653846153846,0.5971223021582733,693054,46592,347778,69056,46592,0.9534447357356306,0.9534916745336052
0.0365326240711179,0.7793609465861531,0.9371140657878221,0.6670673076923077,0.5971223021582733,694305,46592,346527,69056,46592,0.9534447357356306,0.9534916745336052
0.03649483154839084,0.7802173888658314,0.9372200693123205,0.6682692307692307,0.5971223021582733,695556,46592,345276,69056,46592,0.9534447357356306,0.9534916745336052
0.03637860658337544,0.781072630169524,0.9373257160690289,0.6694711538461539,0.5971223021582733,696807,46592,344025,69056,46592,0.9534447357356306,0.9534916745336052
0.035654113910655316,0.7808905626714975,0.936801489617714,0.6694711538461539,0.5935251798561151,696807,47008,344025,68640,47008,0.9534447357356306,0.9534916745336052
0.035607588312845384,0.7817445341223295,0.9369076028163947,0.6706730769230769,0.5935251798561151,698058,47008,342774,68640,47008,0.9534447357356306,0.9534916745336052
0.03545758496316964,0.7825973100172398,0.9370133602745214,0.671875,0.5935251798561151,699309,47008,341523,68640,47008,0.9534447357356306,0.9534916745336052
0.035455802599810016,0.7824151849023672,0.936491356348253,0.671875,0.5899280575539568,699309,47424,341523,68224,47424,0.9534447357356306,0.9534916745336052
0.035213007443930966,0.7832666970778437,0.9365975742796637,0.6730769230769231,0.5899280575539568,700560,47424,340272,68224,47424,0.9534447357356306,0.9534916745336052
0.03516623119360818,0.7830845860123226,0.9360769641902725,0.6730769230769231,0.5863309352517986,700560,47840,340272,67808,47840,0.9534447357356306,0.9534916745336052
0.03511712621218743,0.7829025596094874,0.9355569325441764,0.6730769230769231,0.5827338129496403,700560,48256,340272,67392,48256,0.9534447357356306,0.9534916745336052
0.03511238473208883,0.7837527409418398,0.9356644139790179,0.6742788461538461,0.5827338129496403,701811,48256,339021,67392,48256,0.9534447357356306,0.9534916745336052
0.03504753906564023,0.7846017353458137,0.9357715374847934,0.6754807692307693,0.5827338129496403,703062,48256,337770,67392,48256,0.9534447357356306,0.9534916745336052
0.03495428624382141,0.7854495453052608,0.935878304846466,0.6766826923076923,0.5827338129496403,704313,48256,336519,67392,48256,0.9534447357356306,0.9534916745336052
0.03483387578220121,0.7862961732971072,0.9359847178371494,0.6778846153846154,0.5827338129496403,705564,48256,335268,67392,48256,0.9534447357356306,0.9534916745336052
0.03470480674065579,0.7871416217913774,0.9360907782182073,0.6790865384615384,0.5827338129496403,706815,48256,334017,67392,48256,0.9534447357356306,0.9534916745336052
0.034699450535276566,0.7869593318335997,0.9355753308792871,0.6790865384615384,0.579136690647482,706815,48672,334017,66976,48672,0.9534447357356306,0.9534916745336052
0.034467987109525144,0.7878035347719421,0.9356818343997526,0.6802884615384616,0.579136690647482,708066,48672,332766,66976,48672,0.9534447357356306,0.9534916745336052
0.034447572098856516,0.7886465634990919,0.9357879863691954,0.6814903846153846,0.579136690647482,709317,48672,331515,66976,48672,0.9534447357356306,0.9534916745336052
0.03412869717554934,0.7894884204631815,0.9358937885253674,0.6826923076923077,0.579136690647482,710568,48672,330264,66976,48672,0.9534447357356306,0.9534916745336052
0.03404982339889029,0.7903291081055425,0.9359992425945869,0.6838942307692307,0.579136690647482,711819,48672,329013,66976,48672,0.9534447357356306,0.9534916745336052
0.0339690253188879,0.7911686288607291,0.9361043502918311,0.6850961538461539,0.579136690647482,713070,48672,327762,66976,48672,0.9534447357356306,0.9534916745336052
0.03352325280964219,0.7909860842267566,0.9355934071413015,0.6850961538461539,0.5755395683453237,713070,49088,327762,66560,49088,0.9534447357356306,0.9534916745336052
0.033387338244410425,0.7918243737948534,0.9356989503660554,0.6862980769230769,0.5755395683453237,714321,49088,326511,66560,49088,0.9534447357356306,0.9534916745336052
0.03338406538055827,0.7926615016848593,0.9358041482488949,0.6875,0.5755395683453237,715572,49088,325260,66560,49088,0.9534447357356306,0.9534916745336052
0.03328087848321909,0.7924789081171355,0.9352953170665398,0.6875,0.5719424460431655,715572,49504,325260,66144,49504,0.9534447357356306,0.9534916745336052
0.03321534019781763,0.7933148107056435,0.9354009450273839,0.6887019230769231,0.5719424460431655,716823,49504,324009,66144,49504,0.9534447357356306,0.9534916745336052
0.03318858906880995,0.7931322351769636,0.9348934388706516,0.6887019230769231,0.5683453237410072,716823,49920,324009,65728,49920,0.9534447357356306,0.9534916745336052
0.0331748721148476,0.7939669155573836,0.9349994921835327,0.6899038461538461,0.5683453237410072,718074,49920,322758,65728,49920,0.9534447357356306,0.9534916745336052
0.033096599119490866,0.7948004421911333,0.9351052005537898,0.6911057692307693,0.5683453237410072,719325,49920,321507,65728,49920,0.9534447357356306,0.9534916745336052
0.03279742799641627,0.7946178195662729,0.9345997783439722,0.6911057692307693,0.564748201438849,719325,50336,321507,65312,50336,0.9534447357356306,0.9534916745336052
0.032676851064467605,0.7954501298196655,0.9347059067701632,0.6923076923076923,0.564748201438849,720576,50336,320256,65312,50336,0.9534447357356306,0.9534916745336052
0.03265944312617486,0.7962812914541959,0.9348116913138806,0.6935096153846154,0.564748201438849,721827,50336,319005,65312,50336,0.9534447357356306,0.9534916745336052
0.032441704825759476,0.7971113068459293,0.9349171336438182,0.6947115384615384,0.564748201438849,723078,50336,317754,65312,50336,0.9534447357356306,0.9534916745336052
0.03227979088432742,0.7969285740264578,0.9344145354922916,0.6947115384615384,0.5611510791366906,723078,50752,317754,64896,50752,0.9534447357356306,0.9534916745336052
0.03213285946785216,0.7977573815485653,0.934520392062249,0.6959134615384616,0.5611510791366906,724329,50752,316503,64896,50752,0.9534447357356306,0.9534916745336052
0.03202459837940452,0.7975746684659002,0.9340190871144569,0.6959134615384616,0.5575539568345323,724329,51168,316503,64480,51168,0.9534447357356306,0.9534916745336052
0.031973661055899716,0.7984022711517512,0.9341253533964684,0.6971153846153846,0.5575539568345323,725580,51168,315252,64480,51168,0.9534447357356306,0.9534916745336052
0.03183225424516839,0.7982195780408757,0.9336253351930867,0.6971153846153846,0.5539568345323741,725580,51584,315252,64064,51584,0.9534447357356306,0.9534916745336052
0.03177499591455102,0.7990459789132537,0.9337320067059345,0.6983173076923077,0.5539568345323741,726831,51584,314001,64064,51584,0.9534447357356306,0.9534916745336052
0.031524792613783215,0.7988633060077608,0.933233268834959,0.6983173076923077,0.5503597122302158,726831,52000,314001,63648,52000,0.9534447357356306,0.9534916745336052
0.031035118632921632,0.7986807166062572,0.9327350634651144,0.6983173076923077,0.5467625899280576,726831,52416,314001,63232,52416,0.9534447357356306,0.9534916745336052
0.030861884265042105,0.7995058556110095,0.9328428772399161,0.6995192307692307,0.5467625899280576,728082,52416,312750,63232,52416,0.9534447357356306,0.9534916745336052
0.030848230401737398,0.7993232865613538,0.9323459433433131,0.6995192307692307,0.5431654676258992,728082,52832,312750,62816,52832,0.9534447357356306,0.9534916745336052
0.030781039408642075,0.7991408008728094,0.9318495386072466,0.6995192307692307,0.539568345323741,728082,53248,312750,62400,53248,0.9534447357356306,0.9534916745336052
0.030731297059761742,0.7999646816162876,0.9319584809751323,0.7007211538461539,0.539568345323741,729333,53248,311499,62400,53248,0.9534447357356306,0.9534916745336052
0.030712396181677926,0.7997822164248951,0.9314633389399959,0.7007211538461539,0.5359712230215827,729333,53664,311499,61984,53664,0.9534447357356306,0.9534916745336052
0.030653302213250355,0.8006049049904662,0.9315726657893931,0.7019230769230769,0.5359712230215827,730584,53664,310248,61984,53664,0.9534447357356306,0.9534916745336052
0.030629876118492827,0.8004224605257968,0.9310787802167552,0.7019230769230769,0.5323741007194245,730584,54080,310248,61568,54080,0.9534447357356306,0.9534916745336052
0.03038189655192014,0.8002400991942656,0.9305854180465685,0.7019230769230769,0.5287769784172662,730584,54496,310248,61152,54496,0.9534447357356306,0.9534916745336052
0.030286374217236234,0.8000578209390646,0.9300925784472486,0.7019230769230769,0.5251798561151079,730584,54912,310248,60736,54912,0.9534447357356306,0.9534916745336052
0.030078727888429357,0.800879195919848,0.9302037376691618,0.703125,0.5251798561151079,731835,54912,308997,60736,54912,0.9534447357356306,0.9534916745336052
0.029894174452731626,0.8006969384489564,0.9297121434823538,0.703125,0.5215827338129496,731835,55328,308997,60320,55328,0.9534447357356306,0.9534916745336052
0.029627125529410048,0.8015171278220644,0.9298236713198903,0.7043269230769231,0.5215827338129496,733086,55328,307746,60320,55328,0.9534447357356306,0.9534916745336052
0.02958591152061174,0.8013348913624484,0.9293333164306631,0.7043269230769231,0.5179856115107914,733086,55744,307746,59904,55744,0.9534447357356306,0.9534916745336052
0.029417216226223064,0.8011527377521613,0.9288434784591876,0.7043269230769231,0.5143884892086331,733086,56160,307746,59488,56160,0.9534447357356306,0.9534916745336052
0.029232360954147163,0.8019716828598248,0.9289560871198752,0.7055288461538461,0.5143884892086331,734337,56160,306495,59488,56160,0.9534447357356306,0.9534916745336052
0.029127625369061105,0.8027895098713289,0.9290683399263402,0.7067307692307693,0.5143884892086331,735588,56160,305244,59488,56160,0.9534447357356306,0.9534916745336052
0.029069580501903447,0.8036062210748973,0.929180238562722,0.7079326923076923,0.5143884892086331,736839,56160,303993,59488,56160,0.9534447357356306,0.9534916745336052
0.028943173011295564,0.8044218187525135,0.9292917847025496,0.7091346153846154,0.5143884892086331,738090,56160,302742,59488,56160,0.9534447357356306,0.9534916745336052
0.028826694872602365,0.8052363051799428,0.9294029800088246,0.7103365384615384,0.5143884892086331,739341,56160,301491,59488,56160,0.9534447357356306,0.9534916745336052
0.028461585581960103,0.8060496826267534,0.9295138261341045,0.7115384615384616,0.5143884892086331,740592,56160,300240,59488,56160,0.9534447357356306,0.9534916745336052
0.02838334542525811,0.805867247007617,0.9290287618168316,0.7115384615384616,0.5107913669064749,740592,56576,300240,59072,56576,0.9534447357356306,0.9534916745336052
0.02827059849369218,0.8066794581055006,0.9291399628515854,0.7127403846153846,0.5107913669064749,741843,56576,298989,59072,56576,0.9534447357356306,0.9534916745336052
0.02818841814678913,0.8074905650740939,0.9292508159615842,0.7139423076923077,0.5107913669064749,743094,56576,297738,59072,56576,0.9534447357356306,0.9534916745336052
0.02808840518137501,0.8083005701633172,0.9293613227771528,0.7151442307692307,0.5107913669064749,744345,56576,296487,59072,56576,0.9534447357356306,0.9534916745336052
0.027986621158239577,0.8091094756169819,0.9294714849184464,0.7163461538461539,0.5107913669064749,745596,56576,295236,59072,56576,0.9534447357356306,0.9534916745336052
0.027866127980534117,0.8089268858968656,0.9289897182614243,0.7163461538461539,0.5071942446043165,745596,56992,295236,58656,56992,0.9534447357356306,0.9534916745336052
0.02774779170353814,0.8097346356071082,0.9291002302699919,0.7175480769230769,0.5071942446043165,746847,56992,293985,58656,56992,0.9534447357356306,0.9534916745336052
0.027637598763538607,0.8105412904770624,0.9292103988373971,0.71875,0.5071942446043165,748098,56992,292734,58656,56992,0.9534447357356306,0.9534916745336052
0.027535914050632937,0.8113468527311736,0.9293202255621381,0.7199519230769231,0.5071942446043165,749349,56992,291483,58656,56992,0.9534447357356306,0.9534916745336052
0.027518697050422203,0.8121513245878651,0.9294297120328087,0.7211538461538461,0.5071942446043165,750600,56992,290232,58656,56992,0.9534447357356306,0.9534916745336052
0.02745859102960646,0.8119685857077952,0.9289511985029851,0.7211538461538461,0.5035971223021583,750600,57408,290232,58240,57408,0.9534447357356306,0.9534916745336052
0.027454718035550885,0.81277191230053,0.9290610299051354,0.7223557692307693,0.5035971223021583,751851,57408,288981,58240,57408,0.9534447357356306,0.9534916745336052
0.027434978815562228,0.8135741532358689,0.9291705222637598,0.7235576923076923,0.5035971223021583,753102,57408,287730,58240,57408,0.9534447357356306,0.9534916745336052
0.027431955280181664,0.813391382675274,0.9286938635584505,0.7235576923076923,0.5,753102,57824,287730,57824,57824,0.9534447357356306,0.9534916745336052
0.02735557210337003,0.8141924836846448,0.9288036967311313,0.7247596153846154,0.5,754353,57824,286479,57824,57824,0.9534447357356306,0.9534916745336052
0.027081798266433144,0.8140097387269515,0.9283282036640729,0.7247596153846154,0.49640287769784175,754353,58240,286479,57408,58240,0.9534447357356306,0.9534916745336052
0.027047692739719742,0.81480970261113,0.9284383739389859,0.7259615384615384,0.49640287769784175,755604,58240,285228,57408,58240,0.9534447357356306,0.9534916745336052
0.02687701485401761,0.8156085880533017,0.9285482060373331,0.7271634615384616,0.49640287769784175,756855,58240,283977,57408,58240,0.9534447357356306,0.9534916745336052
0.02679660027967712,0.8164063972327908,0.9286577015138189,0.7283653846153846,0.49640287769784175,758106,58240,282726,57408,58240,0.9534447357356306,0.9534916745336052
0.026763213014060594,0.8172031323230535,0.9287668619136322,0.7295673076923077,0.49640287769784175,759357,58240,281475,57408,58240,0.9534447357356306,0.9534916745336052
0.02666893398452591,0.8170202464433559,0.9282945381063626,0.7295673076923077,0.49280575539568344,759357,58656,281475,56992,58656,0.9534447357356306,0.9534916745336052
0.02657699215838194,0.8178158546655656,0.9284040309350832,0.7307692307692307,0.49280575539568344,760608,58656,280224,56992,58656,0.9534447357356306,0.9534916745336052
0.02655347812559916,0.8176329956485097,0.9279328518446223,0.7307692307692307,0.4892086330935252,760608,59072,280224,56576,59072,0.9534447357356306,0.9534916745336052
0.026162885232769995,0.818427479759776,0.9280426735011834,0.7319711538461539,0.4892086330935252,761859,59072,278973,56576,59072,0.9534447357356306,0.9534916745336052
0.02613776615460206,0.8192208968907373,0.928152160957063,0.7331730769230769,0.4892086330935252,763110,59072,277722,56576,59072,0.9534447357356306,0.9534916745336052
0.02610756215875587,0.8200132491893588,0.9282613157354636,0.734375,0.4892086330935252,764361,59072,276471,56576,59072,0.9534447357356306,0.9534916745336052
0.02594550747206481,0.8198303087766755,0.9277925930601361,0.734375,0.4856115107913669,764361,59488,276471,56160,59488,0.9534447357356306,0.9534916745336052
0.025772803251469023,0.8206215446222049,0.9279020724760635,0.7355769230769231,0.4856115107913669,765612,59488,275220,56160,59488,0.9534447357356306,0.9534916745336052
0.025547801733996678,0.8204386320236098,0.9274344773450787,0.7355769230769231,0.48201438848920863,765612,59904,275220,55744,59904,0.9534447357356306,0.9534916745336052
0.025531617494420344,0.8212287541383348,0.9275442778920784,0.7367788461538461,0.48201438848920863,766863,59904,273969,55744,59904,0.9534447357356306,0.9534916745336052
0.025528970978352883,0.8210458695460154,0.9270778050322601,0.7367788461538461,0.4784172661870504,766863,60320,273969,55328,60320,0.9534447357356306,0.9534916745336052
0.025504288243037687,0.8218348806429904,0.9271879232383027,0.7379807692307693,0.4784172661870504,768114,60320,272718,55328,60320,0.9534447357356306,0.9534916745336052
0.02543364629566436,0.8226228363602148,0.927297709371629,0.7391826923076923,0.4784172661870504,769365,60320,271467,55328,60320,0.9534447357356306,0.9534916745336052
0.025293654230721607,0.8234097388137847,0.9274071649320766,0.7403846153846154,0.4784172661870504,770616,60320,270216,55328,60320,0.9534447357356306,0.9534916745336052
0.025269107622274134,0.8232267768552664,0.9269430999143564,0.7403846153846154,0.4748201438848921,770616,60736,270216,54912,60736,0.9534447357356306,0.9534916745336052
0.02511276027337117,0.8240125758299595,0.9270528691345095,0.7415865384615384,0.4748201438848921,771867,60736,268965,54912,60736,0.9534447357356306,0.9534916745336052
0.025007400103943755,0.8247973260588707,0.9271623089893435,0.7427884615384616,0.4748201438848921,773118,60736,267714,54912,60736,0.9534447357356306,0.9534916745336052
0.024873714121160462,0.8255810296401211,0.927271420959041,0.7439903846153846,0.4748201438848921,774369,60736,266463,54912,60736,0.9534447357356306,0.9534916745336052
0.0247594347092156,0.8253979928083894,0.9268097390729856,0.7439903846153846,0.4712230215827338,774369,61152,266463,54496,61152,0.9534447357356306,0.9534916745336052
0.024708006285750428,0.8261806003821892,0.9269191607749782,0.7451923076923077,0.4712230215827338,775620,61152,265212,54496,61152,0.9534447357356306,0.9534916745336052
0.024695096019952234,0.82599759320987,0.9264585732236965,0.7451923076923077,0.4676258992805755,775620,61568,265212,54080,61568,0.9534447357356306,0.9534916745336052
0.024692043935748365,0.8258146670953921,0.9259984431783993,0.7451923076923077,0.46402877697841727,775620,61984,265212,53664,61984,0.9534447357356306,0.9534916745336052
0.02459946009173075,0.8265961301003837,0.9261088030708525,0.7463942307692307,0.46402877697841727,776871,61984,263961,53664,61984,0.9534447357356306,0.9534916745336052
0.02456460342208666,0.826413233743045,0.925649760327713,0.7463942307692307,0.460431654676259,776871,62400,263961,53248,62400,0.9534447357356306,0.9534916745336052
0.02448475371925074,0.827193606306947,0.9257604203102358,0.7475961538461539,0.460431654676259,778122,62400,262710,53248,62400,0.9534447357356306,0.9534916745336052
0.0242506132051743,0.8279729417482691,0.9258707513783407,0.7487980769230769,0.460431654676259,779373,62400,261459,53248,62400,0.9534447357356306,0.9534916745336052
0.024230468556705187,0.8287512421331567,0.9259807549962991,0.75,0.460431654676259,780624,62400,260208,53248,62400,0.9534447357356306,0.9534916745336052
0.024141509634624525,0.8295285095222712,0.9260904326197033,0.7512019230769231,0.460431654676259,781875,62400,258957,53248,62400,0.9534447357356306,0.9534916745336052
0.02408677073662502,0.8303047459708073,0.9261997856955315,0.7524038461538461,0.460431654676259,783126,62400,257706,53248,62400,0.9534447357356306,0.9534916745336052
0.023982783381420347,0.8310799535285115,0.9263088156622109,0.7536057692307693,0.460431654676259,784377,62400,256455,53248,62400,0.9534447357356306,0.9534916745336052
0.023717813295139112,0.830896836641464,0.9258539671597853,0.7536057692307693,0.4568345323741007,784377,62816,256455,52832,62816,0.9534447357356306,0.9534916745336052
0.02352432013662631,0.8316709681380592,0.9259632928042393,0.7548076923076923,0.4568345323741007,785628,62816,255204,52832,62816,0.9534447357356306,0.9534916745336052
0.023463455403750944,0.8324440751176788,0.9260722965299313,0.7560096153846154,0.4568345323741007,786879,62816,253953,52832,62816,0.9534447357356306,0.9534916745336052
0.02329975292005798,0.8332161596128087,0.9261809797566473,0.7572115384615384,0.4568345323741007,788130,62816,252702,52832,62816,0.9534447357356306,0.9534916745336052
0.023299152914773025,0.8339872236505621,0.9262893438958363,0.7584134615384616,0.4568345323741007,789381,62816,251451,52832,62816,0.9534447357356306,0.9534916745336052
0.02320622789622956,0.8347572692526976,0.9263973903506716,0.7596153846153846,0.4568345323741007,790632,62816,250200,52832,62816,0.9534447357356306,0.9534916745336052
0.023174586085443316,0.8345739897060003,0.9259460522987267,0.7596153846153846,0.45323741007194246,790632,63232,250200,52416,63232,0.9534447357356306,0.9534916745336052
0.023171088090612246,0.8353429710851622,0.9260543903451582,0.7608173076923077,0.45323741007194246,791883,63232,248949,52416,63232,0.9534447357356306,0.9534916745336052
0.02311103448640489,0.8361109383417018,0.9261624118659545,0.7620192307692307,0.45323741007194246,793134,63232,247698,52416,63232,0.9534447357356306,0.9534916745336052
0.02309919043715314,0.8368778934804147,0.9262701182462568,0.7632211538461539,0.45323741007194246,794385,63232,246447,52416,63232,0.9534447357356306,0.9534916745336052
0.023008958510541022,0.8376438385008159,0.9263775108631361,0.7644230769230769,0.45323741007194246,795636,63232,245196,52416,63232,0.9534447357356306,0.9534916745336052
0.02287508042940012,0.8374604497830659,0.9259290292848464,0.7644230769230769,0.44964028776978415,795636,63648,245196,52000,63648,0.9534447357356306,0.9534916745336052
0.022641770865044153,0.8372771413477911,0.9254809817378156,0.7644230769230769,0.4460431654676259,795636,64064,245196,51584,64064,0.9534447357356306,0.9534916745336052
0.02259441265792128,0.8380419848110957,0.9255892611774654,0.765625,0.4460431654676259,796887,64064,243945,51584,64064,0.9534447357356306,0.9534916745336052
0.02258142515178546,0.8388058227020642,0.9256972264040213,0.7668269230769231,0.4460431654676259,798138,64064,242694,51584,64064,0.9534447357356306,0.9534916745336052
0.02241992226057743,0.839568657002497,0.9258048787832112,0.7680288461538461,0.4460431654676259,799389,64064,241443,51584,64064,0.9534447357356306,0.9534916745336052
0.022370495388841283,0.8393852893446268,0.9253590532823842,0.7680288461538461,0.44244604316546765,799389,64480,241443,51168,64480,0.9534447357356306,0.9534916745336052
0.022321649423851064,0.8392020017668206,0.9249136569534355,0.7680288461538461,0.43884892086330934,799389,64896,241443,50752,64896,0.9534447357356306,0.9534916745336052
0.022219525855491584,0.8390187942166313,0.9244686891769525,0.7680288461538461,0.4352517985611511,799389,65312,241443,50336,65312,0.9534447357356306,0.9534916745336052
0.02211438003444055,0.8397804890328427,0.9245778056982373,0.7692307692307693,0.4352517985611511,800640,65312,240192,50336,65312,0.9534447357356306,0.9534916745336052
0.02181216915291523,0.8395973154362416,0.9241338553593854,0.7692307692307693,0.4316546762589928,800640,65728,240192,49920,65728,0.9534447357356306,0.9534916745336052
0.02180994929204627,0.8403579657009795,0.9242432450188389,0.7704326923076923,0.4316546762589928,801891,65728,238941,49920,65728,0.9534447357356306,0.9534916745336052
0.02173667371591881,0.8411176193982097,0.9243523196795839,0.7716346153846154,0.4316546762589928,803142,65728,237690,49920,65728,0.9534447357356306,0.9534916745336052
0.02173167164565143,0.8409344344171408,0.9239099674905612,0.7716346153846154,0.42805755395683454,803142,66144,237690,49504,66144,0.9534447357356306,0.9534916745336052
0.02161167669158187,0.8416930482811011,0.9240193122176312,0.7728365384615384,0.42805755395683454,804393,66144,236439,49504,66144,0.9534447357356306,0.9534916745336052
0.021492786604265013,0.8415098978180078,0.9235779657455684,0.7728365384615384,0.4244604316546763,804393,66560,236439,49088,66560,0.9534447357356306,0.9534916745336052
0.0214810395261813,0.8413268270438097,0.9231370406796662,0.7728365384615384,0.420863309352518,804393,66976,236439,48672,66976,0.9534447357356306,0.9534916745336052
0.02144969936330482,0.8420843585310737,0.9232472324723248,0.7740384615384616,0.420863309352518,805644,66976,235188,48672,66976,0.9534447357356306,0.9534916745336052
0.021445885282858623,0.8428409001291585,0.9233571087723474,0.7752403846153846,0.420863309352518,806895,66976,233937,48672,66976,0.9534447357356306,0.9534916745336052
0.021397282401370177,0.8426578191746832,0.9229177604150582,0.7752403846153846,0.4172661870503597,806895,67392,233937,48256,67392,0.9534447357356306,0.9534916745336052
0.0213304038795733,0.8434133283238623,0.9230278982751177,0.7764423076923077,0.4172661870503597,808146,67392,232686,48256,67392,0.9534447357356306,0.9534916745336052
0.02132203401063526,0.8432302823580723,0.9225895423732297,0.7764423076923077,0.4136690647482014,808146,67808,232686,47840,67808,0.9534447357356306,0.9534916745336052
0.021258560002191507,0.8439847615035581,0.9226999390108356,0.7776442307692307,0.4136690647482014,809397,67808,231435,47840,67808,0.9534447357356306,0.9534916745336052
0.021245924089862034,0.8447382571036759,0.922810021219048,0.7788461538461539,0.4136690647482014,810648,67808,230184,47840,67808,0.9534447357356306,0.9534916745336052
0.020966308237018172,0.8445552022603485,0.9223732238596747,0.7788461538461539,0.41007194244604317,810648,68224,230184,47424,68224,0.9534447357356306,0.9534916745336052
0.020940260467366356,0.844372226735829,0.9219368398067528,0.7788461538461539,0.4064748201438849,810648,68640,230184,47008,68640,0.9534447357356306,0.9534916745336052
0.02063405462894602,0.8441893304785747,0.9215008684739412,0.7788461538461539,0.4028776978417266,810648,69056,230184,46592,69056,0.9534447357356306,0.9534916745336052
0.020633460465515285,0.8449417131034813,0.9216123411524992,0.7800480769230769,0.4028776978417266,811899,69056,228933,46592,69056,0.9534447357356306,0.9534916745336052
0.02058162253268131,0.8447588522127996,0.9211773475641926,0.7800480769230769,0.39928057553956836,811899,69472,228933,46176,69472,0.9534447357356306,0.9534916745336052
0.020575317018824535,0.8445760704538965,0.920742764409092,0.7800480769230769,0.39568345323741005,811899,69888,228933,45760,69888,0.9534447357356306,0.9534916745336052
0.02053344530344603,0.8453273869856072,0.9208550481406236,0.78125,0.39568345323741005,813150,69888,227682,45760,69888,0.9534447357356306,0.9534916745336052
0.02009177054586031,0.8460777270623508,0.9209670141774917,0.7824519230769231,0.39568345323741005,814401,69888,226431,45760,69888,0.9534447357356306,0.9534916745336052
0.020018549128762386,0.8458949373603312,0.9205339632985007,0.7824519230769231,0.3920863309352518,814401,70304,226431,45344,70304,0.9534447357356306,0.9534916745336052
0.0199923170411338,0.8457122266223527,0.9201013194806134,0.7824519230769231,0.38848920863309355,814401,70720,226431,44928,70720,0.9534447357356306,0.9534916745336052
0.019902374649885868,0.8455295947972584,0.919669082150153,0.7824519230769231,0.38489208633093525,814401,71136,226431,44512,71136,0.9534447357356306,0.9534916745336052
0.019883207117152413,0.8453470418339358,0.9192372507345198,0.7824519230769231,0.381294964028777,814401,71552,226431,44096,71552,0.9534447357356306,0.9534916745336052
0.019701081700422063,0.846096234717609,0.919351130067042,0.7836538461538461,0.381294964028777,815652,71552,225180,44096,71552,0.9534447357356306,0.9534916745336052
0.019664077662876034,0.845913717323532,0.9189202586692503,0.7836538461538461,0.3776978417266187,815652,71968,225180,43680,71968,0.9534447357356306,0.9534916745336052
0.01946912006084034,0.8466618956388625,0.9190343705667077,0.7848557692307693,0.3776978417266187,816903,71968,223929,43680,71968,0.9534447357356306,0.9534916745336052
0.019408578407632104,0.8464794139635949,0.9186044550297036,0.7848557692307693,0.37410071942446044,816903,72384,223929,43264,72384,0.9534447357356306,0.9534916745336052
0.019174983593876926,0.847226580095994,0.9187187969519549,0.7860576923076923,0.37410071942446044,818154,72384,222678,43264,72384,0.9534447357356306,0.9534916745336052
0.018993987473096552,0.8470441342881665,0.9182898331451456,0.7860576923076923,0.37050359712230213,818154,72800,222678,42848,72800,0.9534447357356306,0.9534916745336052
0.01898359487110779,0.8477902906152339,0.9184044025756413,0.7872596153846154,0.37050359712230213,819405,72800,221427,42848,72800,0.9534447357356306,0.9534916745336052
0.01896715109135616,0.8485354817896817,0.9185186511702871,0.7884615384615384,0.37050359712230213,820656,72800,220176,42848,72800,0.9534447357356306,0.9534916745336052
0.018901410826220655,0.8492797096829359,0.9186325802748833,0.7896634615384616,0.37050359712230213,821907,72800,218925,42848,72800,0.9534447357356306,0.9534916745336052
0.01888253115608235,0.8490972155861061,0.918205654418443,0.7896634615384616,0.3669064748201439,821907,73216,218925,42432,73216,0.9534447357356306,0.9534916745336052
0.018838394018661053,0.8489147999014651,0.9177791251972276,0.7896634615384616,0.36330935251798563,821907,73632,218925,42016,73632,0.9534447357356306,0.9534916745336052
0.018715517643145163,0.8496579828263717,0.9178938212959555,0.7908653846153846,0.36330935251798563,823158,73632,217674,42016,73632,0.9534447357356306,0.9534916745336052
0.018587265998388114,0.8504002067180264,0.9180081978439737,0.7920673076923077,0.36330935251798563,824409,73632,216423,42016,73632,0.9534447357356306,0.9534916745336052
0.0185761829874857,0.8502177860030145,0.9175831453258197,0.7920673076923077,0.3597122302158273,824409,74048,216423,41600,74048,0.9534447357356306,0.9534916745336052
0.018556592593147514,0.8509590114091954,0.9176977419340497,0.7932692307692307,0.3597122302158273,825660,74048,215172,41600,74048,0.9534447357356306,0.9534916745336052
0.018554087416169096,0.8507766276000074,0.9172736200790114,0.7932692307692307,0.35611510791366907,825660,74464,215172,41184,74464,0.9534447357356306,0.9534916745336052
0.018552996427417756,0.8505943219537523,0.9168498900659604,0.7932692307692307,0.35251798561151076,825660,74880,215172,40768,74880,0.9534447357356306,0.9534916745336052
0.018543055611652592,0.8513345100927973,0.9169652391740436,0.7944711538461539,0.35251798561151076,826911,74880,213921,40768,74880,0.9534447357356306,0.9534916745336052
0.018525243472303443,0.852073745520543,0.9170802686918217,0.7956730769230769,0.35251798561151076,828162,74880,212670,40768,74880,0.9534447357356306,0.9534916745336052
0.01847024219514859,0.851891435948341,0.9166579962765287,0.7956730769230769,0.3489208633093525,828162,75296,212670,40352,75296,0.9534447357356306,0.9534916745336052
0.018445373945497945,0.8526296798679648,0.916773238687799,0.796875,0.3489208633093525,829413,75296,211419,40352,75296,0.9534447357356306,0.9534916745336052
0.01841220665113208,0.8524474076251428,0.9163518850987432,0.796875,0.34532374100719426,829413,75712,211419,39936,75712,0.9534447357356306,0.9534916745336052
0.01838838170903323,0.8531846623473198,0.9164673380583775,0.7980769230769231,0.34532374100719426,830664,75712,210168,39936,75712,0.9534447357356306,0.9534916745336052
0.018284738797652744,0.8539209703668386,0.9165824727558788,0.7992788461538461,0.34532374100719426,831915,75712,208917,39936,75712,0.9534447357356306,0.9534916745336052
0.018264947688808375,0.853738695401193,0.9161625605835847,0.7992788461538461,0.34172661870503596,831915,76128,208917,39520,76128,0.9534447357356306,0.9534916745336052
0.018202038785135988,0.8535564982344863,0.9157430329822259,0.7992788461538461,0.3381294964028777,831915,76544,208917,39104,76544,0.9534447357356306,0.9534916745336052
0.01820051274298551,0.8542917814638188,0.9158589000890394,0.8004807692307693,0.3381294964028777,833166,76544,207666,39104,76544,0.9534447357356306,0.9534916745336052
0.01818197100784391,0.855026122134878,0.9159744489610422,0.8016826923076923,0.3381294964028777,834417,76544,206415,39104,76544,0.9534447357356306,0.9534916745336052
0.018142983797679313,0.8557595220588988,0.9160896809075083,0.8028846153846154,0.3381294964028777,835668,76544,205164,39104,76544,0.9534447357356306,0.9534916745336052
0.018128812602043243,0.8564919830424782,0.9162045972305392,0.8040865384615384,0.3381294964028777,836919,76544,203913,39104,76544,0.9534447357356306,0.9534916745336052
0.018102596530951642,0.8572235068875905,0.916319199225113,0.8052884615384616,0.3381294964028777,838170,76544,202662,39104,76544,0.9534447357356306,0.9534916745336052
0.01809864216832735,0.8579540953916017,0.9164334881791335,0.8064903846153846,0.3381294964028777,839421,76544,201411,39104,76544,0.9534447357356306,0.9534916745336052
0.017603953985871723,0.8577717397135621,0.9160174643516179,0.8064903846153846,0.3345323741007194,839421,76960,201411,38688,76960,0.9534447357356306,0.9534916745336052
0.017531601371267636,0.8585013561648313,0.9161319570372437,0.8076923076923077,0.3345323741007194,840672,76960,200160,38688,76960,0.9534447357356306,0.9534916745336052
0.017467899927391173,0.8592300411029155,0.9162461379740402,0.8088942307692307,0.3345323741007194,841923,76960,198909,38688,76960,0.9534447357356306,0.9534916745336052
0.017342583636995812,0.8590476860985312,0.9158315194512341,0.8088942307692307,0.33093525179856115,841923,77376,198909,38272,77376,0.9534447357356306,0.9534916745336052
0.01730801999007414,0.8597754032615778,0.915945901906469,0.8100961538461539,0.33093525179856115,843174,77376,197658,38272,77376,0.9534447357356306,0.9534916745336052
0.01728072501586464,0.8605021927176401,0.9160599738989218,0.8112980769230769,0.33093525179856115,844425,77376,196407,38272,77376,0.9534447357356306,0.9534916745336052
0.017140164011619663,0.8612280562395742,0.9161737366908906,0.8125,0.33093525179856115,845676,77376,195156,38272,77376,0.9534447357356306,0.9534916745336052
0.017082072228083334,0.8619529955957225,0.9162871915378399,0.8137019230769231,0.33093525179856115,846927,77376,193905,38272,77376,0.9534447357356306,0.9534916745336052
0.01681831154311375,0.8617705671335926,0.9158749847250894,0.8137019230769231,0.3273381294964029,846927,77792,193905,37856,77792,0.9534447357356306,0.9534916745336052
0.01671555446310613,0.8624945469854108,0.9159886389407864,0.8149038461538461,0.3273381294964029,848178,77792,192654,37856,77792,0.9534447357356306,0.9534916745336052
0.016662479778228823,0.863217606436412,0.9161019864735591,0.8161057692307693,0.3273381294964029,849429,77792,191403,37856,77792,0.9534447357356306,0.9534916745336052
0.016635029811621405,0.8639397472406495,0.9162150285630585,0.8173076923076923,0.3273381294964029,850680,77792,190152,37856,77792,0.9534447357356306,0.9534916745336052
0.01662772464634321,0.8646609711477223,0.9163277664422629,0.8185096153846154,0.3273381294964029,851931,77792,188901,37856,77792,0.9534447357356306,0.9534916745336052
0.016621033229180515,0.8653812799027897,0.9164402013375239,0.8197115384615384,0.3273381294964029,853182,77792,187650,37856,77792,0.9534447357356306,0.9534916745336052
0.016232259252292103,0.8651987453745065,0.9160308785793276,0.8197115384615384,0.3237410071942446,853182,78208,187650,37440,78208,0.9534447357356306,0.9534916745336052
0.016139112127542043,0.8659181047827865,0.916143510739931,0.8209134615384616,0.3237410071942446,854433,78208,186399,37440,78208,0.9534447357356306,0.9534916745336052
0.015992686280534296,0.8666365527537013,0.9162558411465137,0.8221153846153846,0.3237410071942446,855684,78208,185148,37440,78208,0.9534447357356306,0.9534916745336052
0.01598507711637631,0.867354091018358,0.9163678710101022,0.8233173076923077,0.3237410071942446,856935,78208,183897,37440,78208,0.9534447357356306,0.9534916745336052
0.01594020095079207,0.8680707213034827,0.9164796015352512,0.8245192307692307,0.3237410071942446,858186,78208,182646,37440,78208,0.9534447357356306,0.9534916745336052
0.015852562030348127,0.8678881213081033,0.9160726294552791,0.8245192307692307,0.32014388489208634,858186,78624,182646,37024,78624,0.9534447357356306,0.9534916745336052
0.01579374832932212,0.8677055981169409,0.9156660186550523,0.8245192307692307,0.31654676258992803,858186,79040,182646,36608,79040,0.9534447357356306,0.9534916745336052
0.01573286076245589,0.8675231516815485,0.915259768653708,0.8245192307692307,0.3129496402877698,858186,79456,182646,36192,79456,0.9534447357356306,0.9534916745336052
0.015666209887013505,0.8673407819535194,0.9148538789712363,0.8245192307692307,0.30935251798561153,858186,79872,182646,35776,79872,0.9534447357356306,0.9534916745336052
0.015628494635628654,0.8680563656830499,0.914967279138175,0.8257211538461539,0.30935251798561153,859437,79872,181395,35776,79872,0.9534447357356306,0.9534916745336052
0.015621604258987176,0.8687710458102182,0.9150803776473591,0.8269230769230769,0.30935251798561153,860688,79872,180144,35776,79872,0.9534447357356306,0.9534916745336052
0.015482284676618219,0.8685886826574521,0.9146758259509276,0.8269230769230769,0.3057553956834532,860688,80288,180144,35360,80288,0.9534447357356306,0.9534916745336052
0.01533874267070462,0.8693024262011367,0.9147891113287987,0.828125,0.3057553956834532,861939,80288,178893,35360,80288,0.9534447357356306,0.9534916745336052
0.015316267198423605,0.8700152697915144,0.9149020962862939,0.8293269230769231,0.3057553956834532,863190,80288,177642,35360,80288,0.9534447357356306,0.9534916745336052
0.015191537138506295,0.8707272151296284,0.9150147820168535,0.8305288461538461,0.3057553956834532,864441,80288,176391,35360,80288,0.9534447357356306,0.9534916745336052
0.01503801578547126,0.8714382639122373,0.9151271697076048,0.8317307692307693,0.3057553956834532,865692,80288,175140,35360,80288,0.9534447357356306,0.9534916745336052
0.015009099676685123,0.8721484178318293,0.9152392605394039,0.8329326923076923,0.3057553956834532,866943,80288,173889,35360,80288,0.9534447357356306,0.9534916745336052
0.014983365284051087,0.8719659599120735,0.9148374869545305,0.8329326923076923,0.302158273381295,866943,80704,173889,34944,80704,0.9534447357356306,0.9534916745336052
0.014893122004010939,0.8717835783186141,0.914436065957642,0.8329326923076923,0.29856115107913667,866943,81120,173889,34528,81120,0.9534447357356306,0.9534916745336052
0.014741651416531942,0.8716012730035676,0.9140349970848063,0.8329326923076923,0.2949640287769784,866943,81536,173889,34112,81536,0.9534447357356306,0.9534916745336052
0.014718828931080508,0.8714190439190904,0.9136342798729048,0.8329326923076923,0.29136690647482016,866943,81952,173889,33696,81952,0.9534447357356306,0.9534916745336052
0.014660000345535384,0.8721281701756625,0.9137479924137974,0.8341346153846154,0.29136690647482016,868194,81952,172638,33696,81952,0.9534447357356306,0.9534916745336052
0.01464874433117802,0.8728364058549494,0.9138614059115174,0.8353365384615384,0.29136690647482016,869445,81952,171387,33696,81952,0.9534447357356306,0.9534916745336052
0.014648090158009053,0.8735437526335855,0.913974521544159,0.8365384615384616,0.29136690647482016,870696,81952,170136,33696,81952,0.9534447357356306,0.9534916745336052
0.014640775028338826,0.8742502121839988,0.9140873404836362,0.8377403846153846,0.29136690647482016,871947,81952,168885,33696,81952,0.9534447357356306,0.9534916745336052
0.0146289050788585,0.8749557861744244,0.9141998638957232,0.8389423076923077,0.29136690647482016,873198,81952,167634,33696,81952,0.9534447357356306,0.9534916745336052
0.014621413517633186,0.8756604762689181,0.9143120929400952,0.8401442307692307,0.29136690647482016,874449,81952,166383,33696,81952,0.9534447357356306,0.9534916745336052
0.014437622229948599,0.8763642841273686,0.9144240287703675,0.8413461538461539,0.29136690647482016,875700,81952,165132,33696,81952,0.9534447357356306,0.9534916745336052
0.014405911891214873,0.8770672114055112,0.9145356725341354,0.8425480769230769,0.29136690647482016,876951,81952,163881,33696,81952,0.9534447357356306,0.9534916745336052
0.01428667784263693,0.8777692597549408,0.9146470253730131,0.84375,0.29136690647482016,878202,81952,162630,33696,81952,0.9534447357356306,0.9534916745336052
0.01424190300782091,0.8784704308231244,0.914758088422673,0.8449519230769231,0.29136690647482016,879453,81952,161379,33696,81952,0.9534447357356306,0.9534916745336052
0.014166896076003355,0.8791707262534141,0.9148688628128844,0.8461538461538461,0.29136690647482016,880704,81952,160128,33696,81952,0.9534447357356306,0.9534916745336052
0.014106795350458723,0.8789882150043116,0.9144736842105263,0.8461538461538461,0.28776978417266186,880704,82368,160128,33280,82368,0.9534447357356306,0.9534916745336052
0.014095608675511517,0.8796876051976031,0.914584636060739,0.8473557692307693,0.28776978417266186,881955,82368,158877,33280,82368,0.9534447357356306,0.9534916745336052
0.014086906930552257,0.879505138436884,0.9141902628586592,0.8473557692307693,0.2841726618705036,881955,82784,158877,32864,82784,0.9534447357356306,0.9534916745336052
0.014046199915276447,0.8802036254336458,0.9143013902835433,0.8485576923076923,0.2841726618705036,883206,82784,157626,32864,82784,0.9534447357356306,0.9534916745336052
0.01401651295019779,0.8800212032653826,0.9139078192809234,0.8485576923076923,0.2805755395683453,883206,83200,157626,32448,83200,0.9534447357356306,0.9534916745336052
0.013998248675060887,0.8807187890996665,0.9140191204114682,0.8497596153846154,0.2805755395683453,884457,83200,156375,32448,83200,0.9534447357356306,0.9534916745336052
0.013998007234146681,0.8814155064834257,0.9141301341303818,0.8509615384615384,0.2805755395683453,885708,83200,155124,32448,83200,0.9534447357356306,0.9534916745336052
0.013993453242402698,0.881233098326697,0.9137378214095596,0.8509615384615384,0.27697841726618705,885708,83616,155124,32032,83616,0.9534447357356306,0.9534916745336052
0.013881666796329517,0.8819289184138267,0.9138490070319141,0.8521634615384616,0.27697841726618705,886959,83616,153873,32032,83616,0.9534447357356306,0.9534916745336052
0.013829986131708938,0.8817465552387064,0.9134574882774402,0.8521634615384616,0.2733812949640288,886959,84032,153873,31616,84032,0.9534447357356306,0.9534916745336052
0.013740269753053758,0.8824414800449462,0.9135688439709455,0.8533653846153846,0.2733812949640288,888210,84032,152622,31616,84032,0.9534447357356306,0.9534916745336052
0.01370180279705846,0.8831355416826977,0.9136799134662499,0.8545673076923077,0.2733812949640288,889461,84032,151371,31616,84032,0.9534447357356306,0.9534916745336052
0.013646578014916866,0.8838287417591795,0.9137906978652857,0.8557692307692307,0.2733812949640288,890712,84032,150120,31616,84032,0.9534447357356306,0.9534916745336052
0.013566180433001618,0.8845210818776226,0.9139011982643354,0.8569711538461539,0.2733812949640288,891963,84032,148869,31616,84032,0.9534447357356306,0.9534916745336052
0.013426074486829864,0.8852125636372826,0.9140114157540681,0.8581730769230769,0.2733812949640288,893214,84032,147618,31616,84032,0.9534447357356306,0.9534916745336052
0.013423858993484639,0.885903188633452,0.9141213514195752,0.859375,0.2733812949640288,894465,84032,146367,31616,84032,0.9534447357356306,0.9534916745336052
0.013362938625780585,0.8865929584574727,0.9142310063404059,0.8605769230769231,0.2733812949640288,895716,84032,145116,31616,84032,0.9534447357356306,0.9534916745336052
0.01328679069275629,0.8864104629598475,0.9138429895405259,0.8605769230769231,0.2697841726618705,895716,84448,145116,31200,84448,0.9534447357356306,0.9534916745336052
0.013166009661915612,0.8862280425761794,0.9134553019641437,0.8605769230769231,0.26618705035971224,895716,84864,145116,30784,84864,0.9534447357356306,0.9534916745336052
0.013033415257624914,0.8860456972601032,0.9130679431924289,0.8605769230769231,0.26258992805755393,895716,85280,145116,30368,85280,0.9534447357356306,0.9534916745336052
0.012851530380304066,0.8867345269265313,0.9131786607645531,0.8617788461538461,0.26258992805755393,896967,85280,143865,30368,85280,0.9534447357356306,0.9534916745336052
0.0127175852879583,0.8874225052239506,0.9132890966733028,0.8629807692307693,0.26258992805755393,898218,85280,142614,30368,85280,0.9534447357356306,0.9534916745336052
0.012628732134005838,0.8872401772864349,0.9129029569657511,0.8629807692307693,0.2589928057553957,898218,85696,142614,29952,85696,0.9534447357356306,0.9534916745336052
0.012436642916887286,0.8879272772861954,0.9130135561048149,0.8641826923076923,0.2589928057553957,899469,85696,141363,29952,85696,0.9534447357356306,0.9534916745336052
0.012380920154023811,0.8886135292771284,0.9131238747141166,0.8653846153846154,0.2589928057553957,900720,85696,140112,29952,85696,0.9534447357356306,0.9534916745336052
0.012305150472341264,0.889298934828166,0.9132339138596308,0.8665865384615384,0.2589928057553957,901971,85696,138861,29952,85696,0.9534447357356306,0.9534916745336052
0.01230409365561791,0.8899834955043725,0.9133436746019387,0.8677884615384616,0.2589928057553957,903222,85696,137610,29952,85696,0.9534447357356306,0.9534916745336052
0.012174067833769453,0.8898011295628042,0.9129596273856958,0.8677884615384616,0.25539568345323743,903222,86112,137610,29536,86112,0.9534447357356306,0.9534916745336052
0.012159458938567957,0.8896188383428988,0.9125759030058096,0.8677884615384616,0.2517985611510791,903222,86528,137610,29120,86528,0.9534447357356306,0.9534916745336052
0.012009827473489387,0.8903025002546961,0.9126862636869186,0.8689903846153846,0.2517985611510791,904473,86528,136359,29120,86528,0.9534447357356306,0.9534916745336052
0.011912801804374984,0.890120255933205,0.9123032992171811,0.8689903846153846,0.24820143884892087,904473,86944,136359,28704,86944,0.9534447357356306,0.9534916745336052
0.011908323710755342,0.8908030489304155,0.9124138181144149,0.8701923076923077,0.24820143884892087,905724,86944,135108,28704,86944,0.9534447357356306,0.9534916745336052
0.011811998498756804,0.8914850023418098,0.9125240588015724,0.8713942307692307,0.24820143884892087,906975,86944,133857,28704,86944,0.9534447357356306,0.9534916745336052
0.01169376350414636,0.8921661177150121,0.9126340223278435,0.8725961538461539,0.24820143884892087,908226,86944,132606,28704,86944,0.9534447357356306,0.9534916745336052
0.011629664599162814,0.8919838657878687,0.9122526833442817,0.8725961538461539,0.2446043165467626,908226,87360,132606,28288,87360,0.9534447357356306,0.9534916745336052
0.011623219982212385,0.8918016883064599,0.9118716629083075,0.8725961538461539,0.24100719424460432,908226,87776,132606,27872,87776,0.9534447357356306,0.9534916745336052
0.011553757612657978,0.891619585225181,0.9114909606209443,0.8725961538461539,0.23741007194244604,908226,88192,132606,27456,88192,0.9534447357356306,0.9534916745336052
0.011446229802922259,0.8914375564984645,0.9111105760838816,0.8725961538461539,0.23381294964028776,908226,88608,132606,27040,88608,0.9534447357356306,0.9534916745336052
0.01130438841776038,0.892117727205178,0.9112219901110626,0.8737980769230769,0.23381294964028776,909477,88608,131355,27040,88608,0.9534447357356306,0.9534916745336052
0.011297912746024485,0.8927970637712188,0.9113331251951295,0.875,0.23381294964028776,910728,88608,130104,27040,88608,0.9534447357356306,0.9534916745336052
0.011292530130707412,0.8934755677300936,0.9114439823823416,0.8762019230769231,0.23381294964028776,911979,88608,128853,27040,88608,0.9534447357356306,0.9534916745336052
0.011223088082448651,0.8941532406115525,0.9115545627137321,0.8774038461538461,0.23381294964028776,913230,88608,127602,27040,88608,0.9534447357356306,0.9534916745336052
0.011047975908991092,0.8948300839416005,0.9116648672251415,0.8786057692307693,0.23381294964028776,914481,88608,126351,27040,88608,0.9534447357356306,0.9534916745336052
0.010922851439441161,0.8955060992425087,0.9117748969472489,0.8798076923076923,0.23381294964028776,915732,88608,125100,27040,88608,0.9534447357356306,0.9534916745336052
0.01090207363177953,0.896181288032826,0.9118846529056047,0.8810096153846154,0.23381294964028776,916983,88608,123849,27040,88608,0.9534447357356306,0.9534916745336052
0.010882012515418649,0.8959991479544801,0.9115075740029642,0.8810096153846154,0.2302158273381295,916983,89024,123849,26624,89024,0.9534447357356306,0.9534916745336052
0.010833423734455672,0.896673486028446,0.911617480327781,0.8822115384615384,0.2302158273381295,918234,89024,122598,26624,89024,0.9534447357356306,0.9534916745336052
0.01079433595120749,0.8964913942160775,0.9112411355259736,0.8822115384615384,0.22661870503597123,918234,89440,122598,26208,89440,0.9534447357356306,0.9534916745336052
0.010788811341696125,0.8963093763452196,0.9108651013302383,0.8822115384615384,0.22302158273381295,918234,89856,122598,25792,89856,0.9534447357356306,0.9534916745336052
0.010654820030779777,0.8969828399847233,0.9109755771339914,0.8834134615384616,0.22302158273381295,919485,89856,121347,25792,89856,0.9534447357356306,0.9534916745336052
0.010551181129445253,0.897655482240629,0.9110857794243374,0.8846153846153846,0.22302158273381295,920736,89856,120096,25792,89856,0.9534447357356306,0.9534916745336052
0.010522842311940728,0.8983273046147101,0.9111957092157578,0.8858173076923077,0.22302158273381295,921987,89856,118845,25792,89856,0.9534447357356306,0.9534916745336052
0.010432242036843564,0.8989983086050812,0.911305367517723,0.8870192307692307,0.22302158273381295,923238,89856,117594,25792,89856,0.9534447357356306,0.9534916745336052
0.01041760803122671,0.8988162633096145,0.9109313178952354,0.8870192307692307,0.21942446043165467,923238,90272,117594,25376,90272,0.9534447357356306,0.9534916745336052
0.010407302292236298,0.8994864255715991,0.9110411219981848,0.8882211538461539,0.21942446043165467,924489,90272,116343,25376,90272,0.9534447357356306,0.9534916745336052
0.010327609065707288,0.9001557726303016,0.9111506557009169,0.8894230769230769,0.21942446043165467,925740,90272,115092,25376,90272,0.9534447357356306,0.9534916745336052
0.010305257294174086,0.9008243059722705,0.9112599200010224,0.890625,0.21942446043165467,926991,90272,113841,25376,90272,0.9534447357356306,0.9534916745336052
0.010006764769045384,0.9006422603522644,0.910887421279205,0.890625,0.2158273381294964,926991,90688,113841,24960,90688,0.9534447357356306,0.9534916745336052
0.009978985215224223,0.9013099571698089,0.9109968300079495,0.8918269230769231,0.2158273381294964,928242,90688,112590,24960,90688,0.9534447357356306,0.9534916745336052
0.009626822325287887,0.9011279607878543,0.9106250478247818,0.8918269230769231,0.21223021582733814,928242,91104,112590,24544,91104,0.9534447357356306,0.9534916745336052
0.009519947906282189,0.9017948229116792,0.9107345994550249,0.8930288461538461,0.21223021582733814,929493,91104,111339,24544,91104,0.9534447357356306,0.9534916745336052
0.009502116686646023,0.9024608761417185,0.9108438828475468,0.8942307692307693,0.21223021582733814,930744,91104,110088,24544,91104,0.9534447357356306,0.9534916745336052
0.009407887333757414,0.9031261219488442,0.9109528989863152,0.8954326923076923,0.21223021582733814,931995,91104,108837,24544,91104,0.9534447357356306,0.9534916745336052
0.009373741927124923,0.9037905618003643,0.9110616488504906,0.8966346153846154,0.21223021582733814,933246,91104,107586,24544,91104,0.9534447357356306,0.9534916745336052
0.009219370510022973,0.9044541971600337,0.9111701334144565,0.8978365384615384,0.21223021582733814,934497,91104,106335,24544,91104,0.9534447357356306,0.9534916745336052
0.009172861155899159,0.9051170294880649,0.911278353647848,0.8990384615384616,0.21223021582733814,935748,91104,105084,24544,91104,0.9534447357356306,0.9534916745336052
0.009166451371699802,0.9049349644601324,0.9109093245384846,0.8990384615384616,0.20863309352517986,935748,91520,105084,24128,91520,0.9534447357356306,0.9534916745336052
0.009147480838262834,0.9055969721907979,0.9110176865959695,0.9002403846153846,0.20863309352517986,936999,91520,103833,24128,91520,0.9534447357356306,0.9534916745336052
0.009083778142936039,0.9054149573357774,0.9106493607467916,0.9002403846153846,0.20503597122302158,936999,91936,103833,23712,91936,0.9534447357356306,0.9534916745336052
0.00903567966242752,0.9060761422643357,0.9107578631431605,0.9014423076923077,0.20503597122302158,938250,91936,102582,23712,91936,0.9534447357356306,0.9534916745336052
0.008929703776010822,0.9067365288965863,0.910866102340715,0.9026442307692307,0.20503597122302158,939501,91936,101331,23712,91936,0.9534447357356306,0.9534916745336052
0.008816083418067111,0.9073961186774181,0.9109740792959732,0.9038461538461539,0.20503597122302158,940752,91936,100080,23712,91936,0.9534447357356306,0.9534916745336052
0.008782097452830206,0.9080549130482352,0.9110817949608245,0.9050480769230769,0.20503597122302158,942003,91936,98829,23712,91936,0.9534447357356306,0.9534916745336052
0.008722501803060445,0.9087129134469674,0.9111892502825568,0.90625,0.20503597122302158,943254,91936,97578,23712,91936,0.9534447357356306,0.9534916745336052
0.008675199747776086,0.9085308590962022,0.9108232281388868,0.90625,0.2014388489208633,943254,92352,97578,23296,92352,0.9534447357356306,0.9534916745336052
0.008674242270100052,0.9091880449865211,0.9109308226688926,0.9074519230769231,0.2014388489208633,944505,92352,96327,23296,92352,0.9534447357356306,0.9534916745336052
0.008651829445626563,0.9090060415619038,0.910565492401711,0.9074519230769231,0.19784172661870503,944505,92768,96327,22880,92768,0.9534447357356306,0.9534916745336052
0.008620999223615922,0.9096624147091695,0.9106732246919667,0.9086538461538461,0.19784172661870503,945756,92768,95076,22880,92768,0.9534447357356306,0.9534916745336052
0.008617153209613204,0.9094804622814424,0.910308583748821,0.9086538461538461,0.19424460431654678,945756,93184,95076,22464,93184,0.9534447357356306,0.9534916745336052
0.008451880175948223,0.9101360244456693,0.9104164523630757,0.9098557692307693,0.19424460431654678,947007,93184,93825,22464,93184,0.9534447357356306,0.9534916745336052
0.008399022335830397,0.9107907989054275,0.9105240618296554,0.9110576923076923,0.19424460431654678,948258,93184,92574,22464,93184,0.9534447357356306,0.9534916745336052
0.008021364445995882,0.9114447870795886,0.9106314130813192,0.9122596153846154,0.19424460431654678,949509,93184,91323,22464,93184,0.9534447357356306,0.9534916745336052
0.00781046885038017,0.9112628428539964,0.9102682461756154,0.9122596153846154,0.1906474820143885,949509,93600,91323,22048,93600,0.9534447357356306,0.9534916745336052
0.007754190706898534,0.9119160249991368,0.9103757325060324,0.9134615384615384,0.1906474820143885,950760,93600,90072,22048,93600,0.9534447357356306,0.9534916745336052
0.0076053527345295024,0.9117341322050931,0.9100132468586568,0.9134615384615384,0.18705035971223022,950760,94016,90072,21632,94016,0.9534447357356306,0.9534916745336052
0.007485728629606503,0.9123865100612931,0.9101208668609893,0.9146634615384616,0.18705035971223022,952011,94016,88821,21632,94016,0.9534447357356306,0.9534916745336052
0.007161056105460806,0.9122046687666934,0.9097590599774665,0.9146634615384616,0.18345323741007194,952011,94432,88821,21216,94432,0.9534447357356306,0.9534916745336052
0.007117787128649078,0.9120228999406521,0.9093975406430093,0.9146634615384616,0.17985611510791366,952011,94848,88821,20800,94848,0.9534447357356306,0.9534916745336052
0.007067550370128073,0.9118412035398569,0.9090363085149554,0.9146634615384616,0.17625899280575538,952011,95264,88821,20384,95264,0.9534447357356306,0.9534916745336052
0.007031103578657438,0.9116595795210299,0.9086753632511876,0.9146634615384616,0.17266187050359713,952011,95680,88821,19968,95680,0.9534447357356306,0.9534916745336052
0.006947656048717721,0.9123110920128206,0.9087842797790535,0.9158653846153846,0.17266187050359713,953262,95680,87570,19968,95680,0.9534447357356306,0.9534916745336052
0.006894897395575583,0.9129618249423129,0.9088929368220889,0.9170673076923077,0.17266187050359713,954513,95680,86319,19968,95680,0.9534447357356306,0.9534916745336052
0.006853875982214597,0.9127802314289526,0.9085330508305183,0.9170673076923077,0.16906474820143885,954513,96096,86319,19552,96096,0.9534447357356306,0.9534916745336052
0.006818000514669298,0.913430165547534,0.9086418344646626,0.9182692307692307,0.16906474820143885,955764,96096,85068,19552,96096,0.9534447357356306,0.9534916745336052
0.006779575458611409,0.9140793230761296,0.908750359648698,0.9194711538461539,0.16906474820143885,957015,96096,83817,19552,96096,0.9534447357356306,0.9534916745336052
0.006742276232600153,0.9147277054058002,0.9088586273025773,0.9206730769230769,0.16906474820143885,958266,96096,82566,19552,96096,0.9534447357356306,0.9534916745336052
0.006709162199476926,0.9153753139242861,0.9089666383418924,0.921875,0.16906474820143885,959517,96096,81315,19552,96096,0.9534447357356306,0.9534916745336052
0.006612050408464354,0.9160221500160176,0.9090743936778999,0.9230769230769231,0.16906474820143885,960768,96096,80064,19552,96096,0.9534447357356306,0.9534916745336052
0.006542643553527794,0.9158405271024617,0.9087167070217917,0.9230769230769231,0.16546762589928057,960768,96512,80064,19136,96512,0.9534447357356306,0.9534916745336052
0.006535913441235719,0.9164865723555192,0.9088245880375728,0.9242788461538461,0.16546762589928057,962019,96512,78813,19136,96512,0.9534447357356306,0.9534916745336052
0.0064621803090534335,0.9171318481167887,0.9089322143610667,0.9254807692307693,0.16546762589928057,963270,96512,77562,19136,96512,0.9534447357356306,0.9534916745336052
0.006301035066350935,0.9177763557602415,0.9090395868931503,0.9266826923076923,0.16546762589928057,964521,96512,76311,19136,96512,0.9534447357356306,0.9534916745336052
0.006205463661760835,0.9175947458974324,0.9086833187463552,0.9266826923076923,0.1618705035971223,964521,96928,76311,18720,96928,0.9534447357356306,0.9534916745336052
0.006189798687571746,0.9174132078944327,0.9083273297453066,0.9266826923076923,0.15827338129496402,964521,97344,76311,18304,97344,0.9534447357356306,0.9534916745336052
0.006130820559042793,0.9172317417086006,0.9079716195620556,0.9266826923076923,0.15467625899280577,964521,97760,76311,17888,97760,0.9534447357356306,0.9534916745336052
0.006128647633246942,0.9178754245938441,0.9080798697171312,0.9278846153846154,0.15467625899280577,965772,97760,75060,17888,97760,0.9534447357356306,0.9534916745336052
0.006068561094502045,0.9185183426219893,0.9081878655087469,0.9290865384615384,0.15467625899280577,967023,97760,73809,17888,97760,0.9534447357356306,0.9534916745336052
0.00604598985852578,0.9191604971554906,0.9082956078323956,0.9302884615384616,0.15467625899280577,968274,97760,72558,17888,97760,0.9534447357356306,0.9534916745336052
0.0060176060699506095,0.9189790450447544,0.9079413005766797,0.9302884615384616,0.1510791366906475,968274,98176,72558,17472,98176,0.9534447357356306,0.9534916745336052
0.005984557359780762,0.9196204185564086,0.9080491635766942,0.9314903846153846,0.1510791366906475,969525,98176,71307,17472,98176,0.9534447357356306,0.9534916745336052
0.005954240139697475,0.9202610314610405,0.9081567741114662,0.9326923076923077,0.1510791366906475,970776,98176,70056,17472,98176,0.9534447357356306,0.9534916745336052
0.005855810315336107,0.920900885110858,0.9082641330663435,0.9338942307692307,0.1510791366906475,972027,98176,68805,17472,98176,0.9534447357356306,0.9534916745336052
0.005846054789079402,0.9215399808548653,0.9083712413225393,0.9350961538461539,0.1510791366906475,973278,98176,67554,17472,98176,0.9534447357356306,0.9534916745336052
0.005805876797418619,0.9221783200388732,0.908478099757156,0.9362980769230769,0.1510791366906475,974529,98176,66303,17472,98176,0.9534447357356306,0.9534916745336052
0.005732372434787414,0.9219968466659382,0.9081259242899915,0.9362980769230769,0.1474820143884892,974529,98592,66303,17056,98592,0.9534447357356306,0.9534916745336052
0.00567770846265514,0.9218154447024147,0.9077740217617092,0.9362980769230769,0.14388489208633093,974529,99008,66303,16640,99008,0.9534447357356306,0.9534916745336052
0.00564714879281758,0.9224529925033796,0.9078813682326189,0.9375,0.14388489208633093,975780,99008,65052,16640,99008,0.9534447357356306,0.9534916745336052
0.005524848458342779,0.922271643771656,0.9075301059147846,0.9375,0.14028776978417265,975780,99424,65052,16224,99424,0.9534447357356306,0.9534916745336052
0.005507654920144933,0.9229084200677565,0.9076375696150791,0.9387019230769231,0.14028776978417265,977031,99424,63801,16224,99424,0.9534447357356306,0.9534916745336052
0.005391476626689484,0.9227271246251245,0.9072869452329945,0.9387019230769231,0.1366906474820144,977031,99840,63801,15808,99840,0.9534447357356306,0.9534916745336052
0.005283414384597729,0.9225459003955868,0.9069365916417816,0.9387019230769231,0.13309352517985612,977031,100256,63801,15392,100256,0.9534447357356306,0.9534916745336052
0.005205012861744962,0.9223647473371929,0.9065865085278597,0.9387019230769231,0.12949640287769784,977031,100672,63801,14976,100672,0.9534447357356306,0.9534916745336052
0.005157337319680044,0.9230007179970053,0.9066948173879517,0.9399038461538461,0.12949640287769784,978282,100672,62550,14976,100672,0.9534447357356306,0.9534916745336052
0.005135959519778188,0.923635938458405,0.9068028753801362,0.9411057692307693,0.12949640287769784,979533,100672,61299,14976,100672,0.9534447357356306,0.9534916745336052
0.0050071175743132135,0.9234548208232753,0.906453789071284,0.9411057692307693,0.12589928057553956,979533,101088,61299,14560,101088,0.9534447357356306,0.9534916745336052
0.004981334898447098,0.9232737742056649,0.9061049714302101,0.9411057692307693,0.1223021582733813,979533,101504,61299,14144,101504,0.9534447357356306,0.9534916745336052
0.004892369281218278,0.9239082105580466,0.9062135032449773,0.9423076923076923,0.1223021582733813,980784,101504,60048,14144,101504,0.9534447357356306,0.9534916745336052
0.004856574205641118,0.9245418996964277,0.9063217844489215,0.9435096153846154,0.1223021582733813,982035,101504,58797,14144,101504,0.9534447357356306,0.9534916745336052
0.004833834667153036,0.92517484294009,0.90642981590907,0.9447115384615384,0.1223021582733813,983286,101504,57546,14144,101504,0.9534447357356306,0.9534916745336052
0.0047593946551565125,0.925807041605211,0.9065375984884548,0.9459134615384616,0.1223021582733813,984537,101504,56295,14144,101504,0.9534447357356306,0.9534916745336052
0.004678894516338961,0.9264384970048738,0.9066451330461366,0.9471153846153846,0.1223021582733813,985788,101504,55044,14144,101504,0.9534447357356306,0.9534916745336052
0.004599121554253793,0.926257434673532,0.9062983815509309,0.9471153846153846,0.11870503597122302,985788,101920,55044,13728,101920,0.9534447357356306,0.9534916745336052
0.004552853386937616,0.9260764431016892,0.905951895188416,0.9471153846153846,0.11510791366906475,985788,102336,55044,13312,102336,0.9534447357356306,0.9534916745336052
0.004485247943258663,0.925895522247874,0.90560567365462,0.9471153846153846,0.11151079136690648,985788,102752,55044,12896,102752,0.9534447357356306,0.9534916745336052
0.004473495848585918,0.9265261850641807,0.9057140314060219,0.9483173076923077,0.11151079136690648,987039,102752,53793,12896,102752,0.9534447357356306,0.9534916745336052
0.004461580001168086,0.9271561077249406,0.9058221406691951,0.9495192307692307,0.11151079136690648,988290,102752,52542,12896,102752,0.9534447357356306,0.9534916745336052
0.004403298912108,0.9277852915323762,0.9059300022979182,0.9507211538461539,0.11151079136690648,989541,102752,51291,12896,102752,0.9534447357356306,0.9534916745336052
0.00431034195777158,0.9284137377856573,0.9060376171420629,0.9519230769230769,0.11151079136690648,990792,102752,50040,12896,102752,0.9534447357356306,0.9534916745336052
0.004290274033935837,0.9290414477809094,0.9061449860476162,0.953125,0.11151079136690648,992043,102752,48789,12896,102752,0.9534447357356306,0.9534916745336052
0.004248637138867362,0.9288605145121143,0.9058008000284876,0.953125,0.1079136690647482,992043,103168,48789,12480,103168,0.9534447357356306,0.9534916745336052
0.004245596025716392,0.9294874734126424,0.9059082758910022,0.9543269230769231,0.1079136690647482,993294,103168,47538,12480,103168,0.9534447357356306,0.9534916745336052
0.004125855177701476,0.9293065944398445,0.9055647027290181,0.9543269230769231,0.10431654676258993,993294,103584,47538,12064,103584,0.9534447357356306,0.9534916745336052
0.004024963715059338,0.9291257858517225,0.9052213900741278,0.9543269230769231,0.10071942446043165,993294,104000,47538,11648,104000,0.9534447357356306,0.9534916745336052
0.0038642367591675275,0.9289450476072015,0.9048783376301573,0.9543269230769231,0.09712230215827339,993294,104416,47538,11232,104416,0.9534447357356306,0.9534916745336052
0.00382081814573898,0.9295712248801636,0.9049866191793885,0.9555288461538461,0.09712230215827339,994545,104416,46287,11232,104416,0.9534447357356306,0.9534916745336052
0.003804752893642349,0.930196670409389,0.905094654484772,0.9567307692307693,0.09712230215827339,995796,104416,45036,11232,104416,0.9534447357356306,0.9534916745336052
0.003655963095216541,0.93082138547679,0.9052024443853312,0.9579326923076923,0.09712230215827339,997047,104416,43785,11232,104416,0.9534447357356306,0.9534916745336052
0.0036167779475778095,0.9306406696936731,0.9048606970456828,0.9579326923076923,0.09352517985611511,997047,104832,43785,10816,104832,0.9534447357356306,0.9534916745336052
0.003494084122758867,0.9312646399516409,0.9049685893774986,0.9591346153846154,0.09352517985611511,998298,104832,42534,10816,104832,0.9534447357356306,0.9534916745336052
0.0034712387736377526,0.9318878824620213,0.9050762372768094,0.9603365384615384,0.09352517985611511,999549,104832,41283,10816,104832,0.9534447357356306,0.9534916745336052
0.003423132540307794,0.9317072056725557,0.9047354400853731,0.9603365384615384,0.08992805755395683,999549,105248,41283,10400,105248,0.9534447357356306,0.9534916745336052
0.0033715708708511594,0.9323297063645849,0.904843189445666,0.9615384615384616,0.08992805755395683,1000800,105248,40032,10400,105248,0.9534447357356306,0.9534916745336052
0.0033528778771380052,0.9329514820092443,0.9049506953406442,0.9627403846153846,0.08992805755395683,1002051,105248,38781,10400,105248,0.9534447357356306,0.9534916745336052
0.0033162992743872577,0.9327708446685132,0.9046108430417571,0.9627403846153846,0.08633093525179857,1002051,105664,38781,9984,105664,0.9534447357356306,0.9534916745336052
0.00324950086662229,0.9333918814697939,0.9047184494384859,0.9639423076923077,0.08633093525179857,1003302,105664,37530,9984,105664,0.9534447357356306,0.9534916745336052
0.003101166529599464,0.9340121959099955,0.9048258133319883,0.9651442307692307,0.08633093525179857,1004553,105664,36279,9984,105664,0.9534447357356306,0.9534916745336052
0.0030676883758997686,0.9346317892487107,0.9049329355411042,0.9663461538461539,0.08633093525179857,1005804,105664,35028,9984,105664,0.9534447357356306,0.9534916745336052
0.0030633218704887444,0.9344511770247446,0.9045943641602902,0.9663461538461539,0.08273381294964029,1005804,106080,35028,9568,106080,0.9534447357356306,0.9534916745336052
0.003053068023611105,0.9342706345918411,0.904256046030747,0.9663461538461539,0.07913669064748201,1005804,106496,35028,9152,106496,0.9534447357356306,0.9534916745336052
0.0030086400714074424,0.9348894787974098,0.9043636079532954,0.9675480769230769,0.07913669064748201,1007055,106496,33777,9152,106496,0.9534447357356306,0.9534916745336052
0.002764172417588806,0.9355076047232508,0.904470928469809,0.96875,0.07913669064748201,1008306,106496,32526,9152,106496,0.9534447357356306,0.9534916745336052
0.0027164333762563775,0.9361250136191777,0.9045780083920746,0.9699519230769231,0.07913669064748201,1009557,106496,31275,9152,106496,0.9534447357356306,0.9534916745336052
0.002585964965363896,0.9359444973140049,0.9042409596683831,0.9699519230769231,0.07553956834532374,1009557,106912,31275,8736,106912,0.9534447357356306,0.9534916745336052
0.002513185311893651,0.935764050614608,0.9039041620220524,0.9699519230769231,0.07194244604316546,1009557,107328,31275,8320,107328,0.9534447357356306,0.9534916745336052
0.002487820397763185,0.9355836734807355,0.9035676151726347,0.9699519230769231,0.0683453237410072,1009557,107744,31275,7904,107744,0.9534447357356306,0.9534916745336052
0.0024610796644569666,0.9354033658721669,0.9032313188401,0.9699519230769231,0.06474820143884892,1009557,108160,31275,7488,108160,0.9534447357356306,0.9534916745336052
0.0022533757590540437,0.9360200018520234,0.9033395056873834,0.9711538461538461,0.06474820143884892,1010808,108160,30024,7488,108160,0.9534447357356306,0.9534916745336052
0.0022382322265975807,0.936635923909246,0.9034474509002257,0.9723557692307693,0.06474820143884892,1012059,108160,28773,7488,108160,0.9534447357356306,0.9534916745336052
0.002202565048136318,0.937251133282955,0.9035551552872569,0.9735576923076923,0.06474820143884892,1013310,108160,27522,7488,108160,0.9534447357356306,0.9534916745336052
0.002163327349003319,0.9370708525105909,0.9032201132735411,0.9735576923076923,0.06115107913669065,1013310,108576,27522,7072,108576,0.9534447357356306,0.9534916745336052
0.0021573912204483348,0.9376853365274641,0.9033279110206502,0.9747596153846154,0.06115107913669065,1014561,108576,26271,7072,108576,0.9534447357356306,0.9534916745336052
0.002056042126083568,0.9382991104829994,0.903435468895079,0.9759615384615384,0.06115107913669065,1015812,108576,25020,7072,108576,0.9534447357356306,0.9534916745336052
0.0019764931541447206,0.9389121756072433,0.9035427876965884,0.9771634615384616,0.06115107913669065,1017063,108576,23769,7072,108576,0.9534447357356306,0.9534916745336052
0.001896903190325927,0.9387319227998506,0.9032089906798514,0.9771634615384616,0.05755395683453238,1017063,108992,23769,6656,108992,0.9534447357356306,0.9534916745336052
0.0018709807684619273,0.9385517391892135,0.9028754402021889,0.9771634615384616,0.0539568345323741,1017063,109408,23769,6240,109408,0.9534447357356306,0.9534916745336052
0.0018663380309053013,0.9391640696980569,0.9029831820253573,0.9783653846153846,0.0539568345323741,1018314,109408,22518,6240,109408,0.9534447357356306,0.9534916745336052
0.0017923647135643095,0.938983941686607,0.9026502076873574,0.9783653846153846,0.050359712230215826,1018314,109824,22518,5824,109824,0.9534447357356306,0.9534916745336052
0.0017683020398736593,0.9395955527109912,0.9027580399667431,0.9795673076923077,0.050359712230215826,1019565,109824,21267,5824,109824,0.9534447357356306,0.9534916745336052
0.0016838246948907565,0.9394154803405637,0.9024256398228013,0.9795673076923077,0.046762589928057555,1019565,110240,21267,5408,110240,0.9534447357356306,0.9534916745336052
0.00153021030487821,0.9392354769782221,0.9020934843716406,0.9795673076923077,0.04316546762589928,1019565,110656,21267,4992,110656,0.9534447357356306,0.9534916745336052
0.0014489456553175017,0.9390555425843058,0.9017615733431685,0.9795673076923077,0.039568345323741004,1019565,111072,21267,4576,111072,0.9534447357356306,0.9534916745336052
0.001442599342449391,0.9396664089252181,0.9018701496967898,0.9807692307692307,0.039568345323741004,1020816,111072,20016,4576,111072,0.9534447357356306,0.9534916745336052
0.0014356518764628845,0.9402765722265845,0.901978486311035,0.9819711538461539,0.039568345323741004,1022067,111072,18765,4576,111072,0.9534447357356306,0.9534916745336052
0.0014294571284675373,0.9408860337013877,0.9020865839790548,0.9831730769230769,0.039568345323741004,1023318,111072,17514,4576,111072,0.9534447357356306,0.9534916745336052
0.0013954537811067258,0.9407061285011569,0.9017558948401754,0.9831730769230769,0.03597122302158273,1023318,111488,17514,4160,111488,0.9534447357356306,0.9534916745336052
0.001259202250116942,0.9413148764130831,0.9018640790030782,0.984375,0.03597122302158273,1024569,111488,16263,4160,111488,0.9534447357356306,0.9534916745336052
0.0012560331586618512,0.9419229250645046,0.9019720251682042,0.9855769230769231,0.03597122302158273,1025820,111488,15012,4160,111488,0.9534447357356306,0.9534916745336052
0.0011916110220387965,0.9425302756595765,0.9020797341200588,0.9867788461538461,0.03597122302158273,1027071,111488,13761,4160,111488,0.9534447357356306,0.9534916745336052
0.0011638291251129251,0.9423504007464881,0.901750257907329,0.9867788461538461,0.03237410071942446,1027071,111904,13761,3744,111904,0.9534447357356306,0.9534916745336052
0.0010419887381770687,0.9421705944758861,0.9014210222829564,0.9867788461538461,0.02877697841726619,1027071,112320,13761,3328,112320,0.9534447357356306,0.9534916745336052
0.0008348952843032498,0.9427772231069451,0.9015291388533826,0.9879807692307693,0.02877697841726619,1028322,112320,12510,3328,112320,0.9534447357356306,0.9534916745336052
0.0008327433450860955,0.942597472833186,0.9012004648317614,0.9879807692307693,0.025179856115107913,1028322,112736,12510,2912,112736,0.9534447357356306,0.9534916745336052
0.0007305228101415207,0.9432033936424629,0.9013086651685315,0.9891826923076923,0.025179856115107913,1029573,112736,11259,2912,112736,0.9534447357356306,0.9534916745336052
0.0007126201951412336,0.9438086204307652,0.9014166287733044,0.9903846153846154,0.025179856115107913,1030824,112736,10008,2912,112736,0.9534447357356306,0.9534916745336052
0.0006941654901413408,0.9444131543898066,0.9015243564221518,0.9915865384615384,0.025179856115107913,1032075,112736,8757,2912,112736,0.9534447357356306,0.9534916745336052
0.0006922923875236076,0.9442334356026072,0.9011968806184276,0.9915865384615384,0.02158273381294964,1032075,113152,8757,2496,113152,0.9534447357356306,0.9534916745336052
0.0006777436054823949,0.944837265865378,0.9013046914114358,0.9927884615384616,0.02158273381294964,1033326,113152,7506,2496,113152,0.9534447357356306,0.9534916745336052
0.0006138535533261047,0.9454404058191661,0.9014122671815386,0.9939903846153846,0.02158273381294964,1034577,113152,6255,2496,113152,0.9534447357356306,0.9534916745336052
0.0005118689643710816,0.9452607313827418,0.901085664267144,0.9939903846153846,0.017985611510791366,1034577,113568,6255,2080,113568,0.9534447357356306,0.9534916745336052
0.00047864083835436055,0.945863170409656,0.9011933224058549,0.9951923076923077,0.017985611510791366,1035828,113568,5004,2080,113568,0.9534447357356306,0.9534916745336052
0.0004307494824709046,0.9464649216351149,0.9013007464496062,0.9963942307692307,0.017985611510791366,1037079,113568,3753,2080,113568,0.9534447357356306,0.9534916745336052
0.00041094423678222913,0.9462852919505724,0.9009750117934466,0.9963942307692307,0.014388489208633094,1037079,113984,3753,1664,113984,0.9534447357356306,0.9534916745336052
0.0003817859449043448,0.9461057304369681,0.900649512496537,0.9963942307692307,0.01079136690647482,1037079,114400,3753,1248,114400,0.9534447357356306,0.9534916745336052
0.00031634869677921174,0.9459262370555022,0.9003242483038819,0.9963942307692307,0.007194244604316547,1037079,114816,3753,832,114816,0.9534447357356306,0.9534916745336052
0.00028764100320777253,0.9465272669096956,0.9004323823696219,0.9975961538461539,0.007194244604316547,1038330,114816,2502,832,114816,0.9534447357356306,0.9534916745336052
0.0002818154679871121,0.9463478299703699,0.9001076665146737,0.9975961538461539,0.0035971223021582736,1038330,115232,2502,416,115232,0.9534447357356306,0.9534916745336052
0.0002749572634701547,0.9469481632959791,0.9002158791076997,0.9987980769230769,0.0035971223021582736,1039581,115232,1251,416,115232,0.9534447357356306,0.9534916745336052
7.786060185943633e-05,0.9475478129142207,0.9003238575026988,1.0,0.0035971223021582736,1040832,115232,0,416,115232,0.9534447357356306,0.9534916745336052
5.8617359000590064e-05,0.9473684210526315,0.9,1.0,0.0,1040832,115648,0,0,115648,0.9534447357356306,0.9534916745336052
