threshold,f1,precision,recall,tnr,tp,fp,fn,tn_unknown,fp_unknown,auc_pr_trapezoid,ap_pr_step
0.9937305085899049,0.0,,0.0,1.0,0,0,346944,231296,0,0.9834036902031313,0.9834121847176844
0.9937305085899047,0.0024009603841536613,1.0,0.001201923076923077,1.0,417,0,346527,231296,0,0.9834036902031313,0.9834121847176844
0.9923632510373781,0.004796163069544364,1.0,0.002403846153846154,1.0,834,0,346110,231296,0,0.9834036902031313,0.9834121847176844
0.9910694335090667,0.00718562874251497,1.0,0.003605769230769231,1.0,1251,0,345693,231296,0,0.9834036902031313,0.9834121847176844
0.9902003219656318,0.009569377990430622,1.0,0.004807692307692308,1.0,1668,0,345276,231296,0,0.9834036902031313,0.9834121847176844
0.9901603237315614,0.011947431302270013,1.0,0.006009615384615385,1.0,2085,0,344859,231296,0,0.9834036902031313,0.9834121847176844
0.9899389653955575,0.014319809069212411,1.0,0.007211538461538462,1.0,2502,0,344442,231296,0,0.9834036902031313,0.9834121847176844
0.9898517056343388,0.0166865315852205,1.0,0.008413461538461538,1.0,2919,0,344025,231296,0,0.9834036902031313,0.9834121847176844
0.9898152601779763,0.01904761904761905,1.0,0.009615384615384616,1.0,3336,0,343608,231296,0,0.9834036902031313,0.9834121847176844
0.9894414432582389,0.02140309155766944,1.0,0.010817307692307692,1.0,3753,0,343191,231296,0,0.9834036902031313,0.9834121847176844
0.9889369087391123,0.023752969121140142,1.0,0.01201923076923077,1.0,4170,0,342774,231296,0,0.9834036902031313,0.9834121847176844
0.9888915652167614,0.02609727164887307,1.0,0.013221153846153846,1.0,4587,0,342357,231296,0,0.9834036902031313,0.9834121847176844
0.9879799199473367,0.02843601895734597,1.0,0.014423076923076924,1.0,5004,0,341940,231296,0,0.9834036902031313,0.9834121847176844
0.9879680005728431,0.03076923076923077,1.0,0.015625,1.0,5421,0,341523,231296,0,0.9834036902031313,0.9834121847176844
0.9879092373647259,0.03309692671394799,1.0,0.016826923076923076,1.0,5838,0,341106,231296,0,0.9834036902031313,0.9834121847176844
0.9877905455759708,0.03541912632821724,1.0,0.018028846153846152,1.0,6255,0,340689,231296,0,0.9834036902031313,0.9834121847176844
0.9871871033951956,0.03773584905660377,1.0,0.019230769230769232,1.0,6672,0,340272,231296,0,0.9834036902031313,0.9834121847176844
0.9867970884289798,0.04004711425206125,1.0,0.020432692307692308,1.0,7089,0,339855,231296,0,0.9834036902031313,0.9834121847176844
0.9865050870647817,0.042352941176470586,1.0,0.021634615384615384,1.0,7506,0,339438,231296,0,0.9834036902031313,0.9834121847176844
0.9856580495552648,0.04465334900117509,1.0,0.02283653846153846,1.0,7923,0,339021,231296,0,0.9834036902031313,0.9834121847176844
0.9853094056212048,0.046948356807511735,1.0,0.02403846153846154,1.0,8340,0,338604,231296,0,0.9834036902031313,0.9834121847176844
0.9852828553016093,0.0492379835873388,1.0,0.025240384615384616,1.0,8757,0,338187,231296,0,0.9834036902031313,0.9834121847176844
0.9850950966782361,0.05152224824355972,1.0,0.026442307692307692,1.0,9174,0,337770,231296,0,0.9834036902031313,0.9834121847176844
0.9850131369066459,0.05380116959064327,1.0,0.027644230769230768,1.0,9591,0,337353,231296,0,0.9834036902031313,0.9834121847176844
0.9844820164871295,0.056074766355140186,1.0,0.028846153846153848,1.0,10008,0,336936,231296,0,0.9834036902031313,0.9834121847176844
0.9844254637751915,0.058343057176196034,1.0,0.030048076923076924,1.0,10425,0,336519,231296,0,0.9834036902031313,0.9834121847176844
0.9841907750368344,0.06060606060606061,1.0,0.03125,1.0,10842,0,336102,231296,0,0.9834036902031313,0.9834121847176844
0.9841903192888778,0.06286379511059371,1.0,0.03245192307692308,1.0,11259,0,335685,231296,0,0.9834036902031313,0.9834121847176844
0.9839974369759253,0.06511627906976744,1.0,0.03365384615384615,1.0,11676,0,335268,231296,0,0.9834036902031313,0.9834121847176844
0.9839281554516226,0.06736353077816493,1.0,0.03485576923076923,1.0,12093,0,334851,231296,0,0.9834036902031313,0.9834121847176844
0.9838609224168613,0.06960556844547564,1.0,0.036057692307692304,1.0,12510,0,334434,231296,0,0.9834036902031313,0.9834121847176844
0.98376356857034,0.07184241019698726,1.0,0.037259615384615384,1.0,12927,0,334017,231296,0,0.9834036902031313,0.9834121847176844
0.9836897120476052,0.07407407407407407,1.0,0.038461538461538464,1.0,13344,0,333600,231296,0,0.9834036902031313,0.9834121847176844
0.9836464641343814,0.07630057803468208,1.0,0.039663461538461536,1.0,13761,0,333183,231296,0,0.9834036902031313,0.9834121847176844
0.9836224445509449,0.07852193995381063,1.0,0.040865384615384616,1.0,14178,0,332766,231296,0,0.9834036902031313,0.9834121847176844
0.9833306364012608,0.08073817762399077,1.0,0.042067307692307696,1.0,14595,0,332349,231296,0,0.9834036902031313,0.9834121847176844
0.9833111930008662,0.08294930875576037,1.0,0.04326923076923077,1.0,15012,0,331932,231296,0,0.9834036902031313,0.9834121847176844
0.9830741982466424,0.08515535097813579,1.0,0.04447115384615385,1.0,15429,0,331515,231296,0,0.9834036902031313,0.9834121847176844
0.9829196351480447,0.08735632183908046,1.0,0.04567307692307692,1.0,15846,0,331098,231296,0,0.9834036902031313,0.9834121847176844
0.9826323202879019,0.08955223880597014,1.0,0.046875,1.0,16263,0,330681,231296,0,0.9834036902031313,0.9834121847176844
0.9823835534429258,0.09174311926605505,1.0,0.04807692307692308,1.0,16680,0,330264,231296,0,0.9834036902031313,0.9834121847176844
0.9823358634006479,0.09392898052691867,1.0,0.04927884615384615,1.0,17097,0,329847,231296,0,0.9834036902031313,0.9834121847176844
0.982092632084682,0.09610983981693363,1.0,0.05048076923076923,1.0,17514,0,329430,231296,0,0.9834036902031313,0.9834121847176844
0.9818664186208839,0.09828571428571428,1.0,0.051682692307692304,1.0,17931,0,329013,231296,0,0.9834036902031313,0.9834121847176844
0.981592514895701,0.1004566210045662,1.0,0.052884615384615384,1.0,18348,0,328596,231296,0,0.9834036902031313,0.9834121847176844
0.981436705723112,0.10262257696693272,1.0,0.054086538461538464,1.0,18765,0,328179,231296,0,0.9834036902031313,0.9834121847176844
0.981274812705875,0.10478359908883828,1.0,0.055288461538461536,1.0,19182,0,327762,231296,0,0.9834036902031313,0.9834121847176844
0.9812516332805041,0.10693970420932879,1.0,0.056490384615384616,1.0,19599,0,327345,231296,0,0.9834036902031313,0.9834121847176844
0.9812008029198485,0.10909090909090909,1.0,0.057692307692307696,1.0,20016,0,326928,231296,0,0.9834036902031313,0.9834121847176844
0.9808243397026812,0.1112372304199773,1.0,0.05889423076923077,1.0,20433,0,326511,231296,0,0.9834036902031313,0.9834121847176844
0.9802897793542534,0.11337868480725624,1.0,0.06009615384615385,1.0,20850,0,326094,231296,0,0.9834036902031313,0.9834121847176844
0.9802495425023874,0.11551528878822197,1.0,0.06129807692307692,1.0,21267,0,325677,231296,0,0.9834036902031313,0.9834121847176844
0.9796893869311512,0.11764705882352941,1.0,0.0625,1.0,21684,0,325260,231296,0,0.9834036902031313,0.9834121847176844
0.9794917120135257,0.11977401129943503,1.0,0.06370192307692307,1.0,22101,0,324843,231296,0,0.9834036902031313,0.9834121847176844
0.9793131691293879,0.12189616252821671,1.0,0.06490384615384616,1.0,22518,0,324426,231296,0,0.9834036902031313,0.9834121847176844
0.9792373321706098,0.12401352874859076,1.0,0.06610576923076923,1.0,22935,0,324009,231296,0,0.9834036902031313,0.9834121847176844
0.9791388907444901,0.12612612612612611,1.0,0.0673076923076923,1.0,23352,0,323592,231296,0,0.9834036902031313,0.9834121847176844
0.9790771109811462,0.12823397075365578,1.0,0.06850961538461539,1.0,23769,0,323175,231296,0,0.9834036902031313,0.9834121847176844
0.9789463022128457,0.1303370786516854,1.0,0.06971153846153846,1.0,24186,0,322758,231296,0,0.9834036902031313,0.9834121847176844
0.97894535661636,0.1324354657687991,1.0,0.07091346153846154,1.0,24603,0,322341,231296,0,0.9834036902031313,0.9834121847176844
0.9789286995284523,0.13452914798206278,1.0,0.07211538461538461,1.0,25020,0,321924,231296,0,0.9834036902031313,0.9834121847176844
0.9787601973125877,0.1366181410974244,1.0,0.0733173076923077,1.0,25437,0,321507,231296,0,0.9834036902031313,0.9834121847176844
0.9787481433018735,0.13870246085011187,1.0,0.07451923076923077,1.0,25854,0,321090,231296,0,0.9834036902031313,0.9834121847176844
0.978726540856405,0.14078212290502792,1.0,0.07572115384615384,1.0,26271,0,320673,231296,0,0.9834036902031313,0.9834121847176844
0.9784645320448377,0.14285714285714285,1.0,0.07692307692307693,1.0,26688,0,320256,231296,0,0.9834036902031313,0.9834121847176844
0.978458925041557,0.14492753623188406,1.0,0.078125,1.0,27105,0,319839,231296,0,0.9834036902031313,0.9834121847176844
0.9783776670918822,0.14699331848552338,1.0,0.07932692307692307,1.0,27522,0,319422,231296,0,0.9834036902031313,0.9834121847176844
0.9782968596834225,0.14905450500556172,1.0,0.08052884615384616,1.0,27939,0,319005,231296,0,0.9834036902031313,0.9834121847176844
0.9777715396566695,0.1511111111111111,1.0,0.08173076923076923,1.0,28356,0,318588,231296,0,0.9834036902031313,0.9834121847176844
0.9775539881579317,0.15316315205327413,1.0,0.0829326923076923,1.0,28773,0,318171,231296,0,0.9834036902031313,0.9834121847176844
0.9775374806587724,0.15521064301552107,1.0,0.08413461538461539,1.0,29190,0,317754,231296,0,0.9834036902031313,0.9834121847176844
0.9773698280205493,0.15725359911406422,1.0,0.08533653846153846,1.0,29607,0,317337,231296,0,0.9834036902031313,0.9834121847176844
0.9773030213482737,0.1592920353982301,1.0,0.08653846153846154,1.0,30024,0,316920,231296,0,0.9834036902031313,0.9834121847176844
0.9770404609434844,0.16132596685082873,1.0,0.08774038461538461,1.0,30441,0,316503,231296,0,0.9834036902031313,0.9834121847176844
0.9769209204346776,0.16335540838852097,1.0,0.0889423076923077,1.0,30858,0,316086,231296,0,0.9834036902031313,0.9834121847176844
0.9769111272350046,0.16538037486218302,1.0,0.09014423076923077,1.0,31275,0,315669,231296,0,0.9834036902031313,0.9834121847176844
0.9767706853382687,0.16740088105726872,1.0,0.09134615384615384,1.0,31692,0,315252,231296,0,0.9834036902031313,0.9834121847176844
0.9767282295600299,0.1694169416941694,1.0,0.09254807692307693,1.0,32109,0,314835,231296,0,0.9834036902031313,0.9834121847176844
0.9767175999421509,0.17142857142857143,1.0,0.09375,1.0,32526,0,314418,231296,0,0.9834036902031313,0.9834121847176844
0.9766337898148094,0.1734357848518112,1.0,0.09495192307692307,1.0,32943,0,314001,231296,0,0.9834036902031313,0.9834121847176844
0.9762796105421448,0.17543859649122806,1.0,0.09615384615384616,1.0,33360,0,313584,231296,0,0.9834036902031313,0.9834121847176844
0.9761641203920897,0.1774370208105148,1.0,0.09735576923076923,1.0,33777,0,313167,231296,0,0.9834036902031313,0.9834121847176844
0.9754423842560829,0.17943107221006566,1.0,0.0985576923076923,1.0,34194,0,312750,231296,0,0.9834036902031313,0.9834121847176844
0.9754244887384871,0.1814207650273224,1.0,0.09975961538461539,1.0,34611,0,312333,231296,0,0.9834036902031313,0.9834121847176844
0.9754167102566842,0.18340611353711792,1.0,0.10096153846153846,1.0,35028,0,311916,231296,0,0.9834036902031313,0.9834121847176844
0.9753857593666156,0.18538713195201745,1.0,0.10216346153846154,1.0,35445,0,311499,231296,0,0.9834036902031313,0.9834121847176844
0.9753732023639652,0.18736383442265794,1.0,0.10336538461538461,1.0,35862,0,311082,231296,0,0.9834036902031313,0.9834121847176844
0.974824652626511,0.1893362350380849,1.0,0.1045673076923077,1.0,36279,0,310665,231296,0,0.9834036902031313,0.9834121847176844
0.9746440788159142,0.19130434782608696,1.0,0.10576923076923077,1.0,36696,0,310248,231296,0,0.9834036902031313,0.9834121847176844
0.9741602582063262,0.19326818675352878,1.0,0.10697115384615384,1.0,37113,0,309831,231296,0,0.9834036902031313,0.9834121847176844
0.9740848009639964,0.19522776572668113,1.0,0.10817307692307693,1.0,37530,0,309414,231296,0,0.9834036902031313,0.9834121847176844
0.9740814285530799,0.19718309859154928,1.0,0.109375,1.0,37947,0,308997,231296,0,0.9834036902031313,0.9834121847176844
0.9740027297712347,0.19913419913419914,1.0,0.11057692307692307,1.0,38364,0,308580,231296,0,0.9834036902031313,0.9834121847176844
0.9739634966870292,0.20108108108108108,1.0,0.11177884615384616,1.0,38781,0,308163,231296,0,0.9834036902031313,0.9834121847176844
0.9737593308543824,0.20302375809935205,1.0,0.11298076923076923,1.0,39198,0,307746,231296,0,0.9834036902031313,0.9834121847176844
0.9732148805431007,0.20496224379719524,1.0,0.1141826923076923,1.0,39615,0,307329,231296,0,0.9834036902031313,0.9834121847176844
0.973096549311286,0.20689655172413793,1.0,0.11538461538461539,1.0,40032,0,306912,231296,0,0.9834036902031313,0.9834121847176844
0.9728116760412269,0.20882669537136705,1.0,0.11658653846153846,1.0,40449,0,306495,231296,0,0.9834036902031313,0.9834121847176844
0.9727645845966719,0.210752688172043,1.0,0.11778846153846154,1.0,40866,0,306078,231296,0,0.9834036902031313,0.9834121847176844
0.9726732860324591,0.21267454350161116,1.0,0.11899038461538461,1.0,41283,0,305661,231296,0,0.9834036902031313,0.9834121847176844
0.9726472666363475,0.2145922746781116,1.0,0.1201923076923077,1.0,41700,0,305244,231296,0,0.9834036902031313,0.9834121847176844
0.9722885115040062,0.2165058949624866,1.0,0.12139423076923077,1.0,42117,0,304827,231296,0,0.9834036902031313,0.9834121847176844
0.9720239906123804,0.21841541755888652,1.0,0.12259615384615384,1.0,42534,0,304410,231296,0,0.9834036902031313,0.9834121847176844
0.9719756706119325,0.22032085561497325,1.0,0.12379807692307693,1.0,42951,0,303993,231296,0,0.9834036902031313,0.9834121847176844
0.971945781641452,0.2222222222222222,1.0,0.125,1.0,43368,0,303576,231296,0,0.9834036902031313,0.9834121847176844
0.9718958619745823,0.22411953041622198,1.0,0.12620192307692307,1.0,43785,0,303159,231296,0,0.9834036902031313,0.9834121847176844
0.971877475283788,0.2260127931769723,1.0,0.12740384615384615,1.0,44202,0,302742,231296,0,0.9834036902031313,0.9834121847176844
0.9716460299413592,0.22790202342917998,1.0,0.12860576923076922,1.0,44619,0,302325,231296,0,0.9834036902031313,0.9834121847176844
0.9714680251716772,0.2297872340425532,1.0,0.12980769230769232,1.0,45036,0,301908,231296,0,0.9834036902031313,0.9834121847176844
0.9713662077148493,0.2316684378320935,1.0,0.1310096153846154,1.0,45453,0,301491,231296,0,0.9834036902031313,0.9834121847176844
0.9713651276673083,0.23354564755838642,1.0,0.13221153846153846,1.0,45870,0,301074,231296,0,0.9834036902031313,0.9834121847176844
0.9713551656898056,0.2354188759278897,1.0,0.13341346153846154,1.0,46287,0,300657,231296,0,0.9834036902031313,0.9834121847176844
0.971296199885563,0.23728813559322035,1.0,0.1346153846153846,1.0,46704,0,300240,231296,0,0.9834036902031313,0.9834121847176844
0.971222423113269,0.23915343915343915,1.0,0.13581730769230768,1.0,47121,0,299823,231296,0,0.9834036902031313,0.9834121847176844
0.9709735966829199,0.24101479915433405,1.0,0.13701923076923078,1.0,47538,0,299406,231296,0,0.9834036902031313,0.9834121847176844
0.9709066680939853,0.24287222808870115,1.0,0.13822115384615385,1.0,47955,0,298989,231296,0,0.9834036902031313,0.9834121847176844
0.9708325885919685,0.24472573839662448,1.0,0.13942307692307693,1.0,48372,0,298572,231296,0,0.9834036902031313,0.9834121847176844
0.9705183076666919,0.2465753424657534,1.0,0.140625,1.0,48789,0,298155,231296,0,0.9834036902031313,0.9834121847176844
0.970502137777314,0.24842105263157896,1.0,0.14182692307692307,1.0,49206,0,297738,231296,0,0.9834036902031313,0.9834121847176844
0.9702451591921908,0.2502628811777077,1.0,0.14302884615384615,1.0,49623,0,297321,231296,0,0.9834036902031313,0.9834121847176844
0.9700033875546541,0.25210084033613445,1.0,0.14423076923076922,1.0,50040,0,296904,231296,0,0.9834036902031313,0.9834121847176844
0.9696569720023834,0.2539349422875131,1.0,0.14543269230769232,1.0,50457,0,296487,231296,0,0.9834036902031313,0.9834121847176844
0.9696427235569302,0.2557651991614256,1.0,0.1466346153846154,1.0,50874,0,296070,231296,0,0.9834036902031313,0.9834121847176844
0.9694419388764294,0.25759162303664923,1.0,0.14783653846153846,1.0,51291,0,295653,231296,0,0.9834036902031313,0.9834121847176844
0.9694343348763192,0.2594142259414226,1.0,0.14903846153846154,1.0,51708,0,295236,231296,0,0.9834036902031313,0.9834121847176844
0.9692356112760567,0.2612330198537095,1.0,0.1502403846153846,1.0,52125,0,294819,231296,0,0.9834036902031313,0.9834121847176844
0.9691992658540896,0.2630480167014614,1.0,0.15144230769230768,1.0,52542,0,294402,231296,0,0.9834036902031313,0.9834121847176844
0.9689064717802157,0.264859228362878,1.0,0.15264423076923078,1.0,52959,0,293985,231296,0,0.9834036902031313,0.9834121847176844
0.9688627979336671,0.26666666666666666,1.0,0.15384615384615385,1.0,53376,0,293568,231296,0,0.9834036902031313,0.9834121847176844
0.9688258742383128,0.2684703433922997,1.0,0.15504807692307693,1.0,53793,0,293151,231296,0,0.9834036902031313,0.9834121847176844
0.9686679027646632,0.2702702702702703,1.0,0.15625,1.0,54210,0,292734,231296,0,0.9834036902031313,0.9834121847176844
0.9683792557378579,0.2720664589823468,1.0,0.15745192307692307,1.0,54627,0,292317,231296,0,0.9834036902031313,0.9834121847176844
0.968229370904568,0.27385892116182575,1.0,0.15865384615384615,1.0,55044,0,291900,231296,0,0.9834036902031313,0.9834121847176844
0.9681480561801932,0.2756476683937824,1.0,0.15985576923076922,1.0,55461,0,291483,231296,0,0.9834036902031313,0.9834121847176844
0.9681384040399952,0.2774327122153209,1.0,0.16105769230769232,1.0,55878,0,291066,231296,0,0.9834036902031313,0.9834121847176844
0.968070600497285,0.2792140641158221,1.0,0.1622596153846154,1.0,56295,0,290649,231296,0,0.9834036902031313,0.9834121847176844
0.9679792445921372,0.2809917355371901,1.0,0.16346153846153846,1.0,56712,0,290232,231296,0,0.9834036902031313,0.9834121847176844
0.9679608813739659,0.28276573787409703,1.0,0.16466346153846154,1.0,57129,0,289815,231296,0,0.9834036902031313,0.9834121847176844
0.9676560787316139,0.2845360824742268,1.0,0.1658653846153846,1.0,57546,0,289398,231296,0,0.9834036902031313,0.9834121847176844
0.9675784991950331,0.286302780638517,1.0,0.16706730769230768,1.0,57963,0,288981,231296,0,0.9834036902031313,0.9834121847176844
0.9674942207005837,0.2880658436213992,1.0,0.16826923076923078,1.0,58380,0,288564,231296,0,0.9834036902031313,0.9834121847176844
0.9673571711307621,0.289825282631038,1.0,0.16947115384615385,1.0,58797,0,288147,231296,0,0.9834036902031313,0.9834121847176844
0.9666697482862142,0.2915811088295688,1.0,0.17067307692307693,1.0,59214,0,287730,231296,0,0.9834036902031313,0.9834121847176844
0.9665007218743941,0.29333333333333333,1.0,0.171875,1.0,59631,0,287313,231296,0,0.9834036902031313,0.9834121847176844
0.9663539869957868,0.29508196721311475,1.0,0.17307692307692307,1.0,60048,0,286896,231296,0,0.9834036902031313,0.9834121847176844
0.9661583955060569,0.2968270214943705,1.0,0.17427884615384615,1.0,60465,0,286479,231296,0,0.9834036902031313,0.9834121847176844
0.9660115192455134,0.2985685071574642,1.0,0.17548076923076922,1.0,60882,0,286062,231296,0,0.9834036902031313,0.9834121847176844
0.9657971132546157,0.3003064351378958,1.0,0.17668269230769232,1.0,61299,0,285645,231296,0,0.9834036902031313,0.9834121847176844
0.9656438126987287,0.3020408163265306,1.0,0.1778846153846154,1.0,61716,0,285228,231296,0,0.9834036902031313,0.9834121847176844
0.9654652761424343,0.3037716615698267,1.0,0.17908653846153846,1.0,62133,0,284811,231296,0,0.9834036902031313,0.9834121847176844
0.965160603881617,0.3054989816700611,1.0,0.18028846153846154,1.0,62550,0,284394,231296,0,0.9834036902031313,0.9834121847176844
0.9649168993337504,0.3072227873855544,1.0,0.1814903846153846,1.0,62967,0,283977,231296,0,0.9834036902031313,0.9834121847176844
0.9648168659062464,0.3089430894308943,1.0,0.18269230769230768,1.0,63384,0,283560,231296,0,0.9834036902031313,0.9834121847176844
0.9646934142176955,0.31065989847715736,1.0,0.18389423076923078,1.0,63801,0,283143,231296,0,0.9834036902031313,0.9834121847176844
0.9645349498570097,0.31237322515212984,1.0,0.18509615384615385,1.0,64218,0,282726,231296,0,0.9834036902031313,0.9834121847176844
0.9644394079671764,0.3140830800405269,1.0,0.18629807692307693,1.0,64635,0,282309,231296,0,0.9834036902031313,0.9834121847176844
0.9644197615853177,0.3157894736842105,1.0,0.1875,1.0,65052,0,281892,231296,0,0.9834036902031313,0.9834121847176844
0.9642817987340322,0.31749241658240646,1.0,0.18870192307692307,1.0,65469,0,281475,231296,0,0.9834036902031313,0.9834121847176844
0.9639873986038223,0.3191919191919192,1.0,0.18990384615384615,1.0,65886,0,281058,231296,0,0.9834036902031313,0.9834121847176844
0.9639113074435599,0.32088799192734613,1.0,0.19110576923076922,1.0,66303,0,280641,231296,0,0.9834036902031313,0.9834121847176844
0.9638438250346413,0.3225806451612903,1.0,0.19230769230769232,1.0,66720,0,280224,231296,0,0.9834036902031313,0.9834121847176844
0.9636547862500255,0.324269889224572,1.0,0.1935096153846154,1.0,67137,0,279807,231296,0,0.9834036902031313,0.9834121847176844
0.9636456624756078,0.32595573440643866,1.0,0.19471153846153846,1.0,67554,0,279390,231296,0,0.9834036902031313,0.9834121847176844
0.9636063194851898,0.32763819095477387,1.0,0.19591346153846154,1.0,67971,0,278973,231296,0,0.9834036902031313,0.9834121847176844
0.9633882525626531,0.3293172690763052,1.0,0.1971153846153846,1.0,68388,0,278556,231296,0,0.9834036902031313,0.9834121847176844
0.9632542960456946,0.33099297893681046,1.0,0.19831730769230768,1.0,68805,0,278139,231296,0,0.9834036902031313,0.9834121847176844
0.9630190135310861,0.33266533066132264,1.0,0.19951923076923078,1.0,69222,0,277722,231296,0,0.9834036902031313,0.9834121847176844
0.9624957713171682,0.33433433433433435,1.0,0.20072115384615385,1.0,69639,0,277305,231296,0,0.9834036902031313,0.9834121847176844
0.9622714318773825,0.336,1.0,0.20192307692307693,1.0,70056,0,276888,231296,0,0.9834036902031313,0.9834121847176844
0.9622169155782971,0.33766233766233766,1.0,0.203125,1.0,70473,0,276471,231296,0,0.9834036902031313,0.9834121847176844
0.9620282466157873,0.3393213572854291,1.0,0.20432692307692307,1.0,70890,0,276054,231296,0,0.9834036902031313,0.9834121847176844
0.9618098892421485,0.34097706879361916,1.0,0.20552884615384615,1.0,71307,0,275637,231296,0,0.9834036902031313,0.9834121847176844
0.9615206280969828,0.3426294820717131,1.0,0.20673076923076922,1.0,71724,0,275220,231296,0,0.9834036902031313,0.9834121847176844
0.9612162038814203,0.34427860696517415,1.0,0.20793269230769232,1.0,72141,0,274803,231296,0,0.9834036902031313,0.9834121847176844
0.9608568813590643,0.34592445328031807,1.0,0.2091346153846154,1.0,72558,0,274386,231296,0,0.9834036902031313,0.9834121847176844
0.9608459042977284,0.34756703078450846,1.0,0.21033653846153846,1.0,72975,0,273969,231296,0,0.9834036902031313,0.9834121847176844
0.9607306335819313,0.3492063492063492,1.0,0.21153846153846154,1.0,73392,0,273552,231296,0,0.9834036902031313,0.9834121847176844
0.9603631949683543,0.3508424182358771,1.0,0.2127403846153846,1.0,73809,0,273135,231296,0,0.9834036902031313,0.9834121847176844
0.9602527816168629,0.35247524752475246,1.0,0.21394230769230768,1.0,74226,0,272718,231296,0,0.9834036902031313,0.9834121847176844
0.9601672948726941,0.35410484668644904,1.0,0.21514423076923078,1.0,74643,0,272301,231296,0,0.9834036902031313,0.9834121847176844
0.9601611544206765,0.3557312252964427,1.0,0.21634615384615385,1.0,75060,0,271884,231296,0,0.9834036902031313,0.9834121847176844
0.9601167230500052,0.35735439289239884,1.0,0.21754807692307693,1.0,75477,0,271467,231296,0,0.9834036902031313,0.9834121847176844
0.9600931619667386,0.358974358974359,1.0,0.21875,1.0,75894,0,271050,231296,0,0.9834036902031313,0.9834121847176844
0.9598039116864077,0.3605911330049261,1.0,0.21995192307692307,1.0,76311,0,270633,231296,0,0.9834036902031313,0.9834121847176844
0.9592196930805119,0.36220472440944884,1.0,0.22115384615384615,1.0,76728,0,270216,231296,0,0.9834036902031313,0.9834121847176844
0.9590438779577775,0.3638151425762045,1.0,0.22235576923076922,1.0,77145,0,269799,231296,0,0.9834036902031313,0.9834121847176844
0.9587092101503234,0.3654223968565815,1.0,0.22355769230769232,1.0,77562,0,269382,231296,0,0.9834036902031313,0.9834121847176844
0.9584298596778651,0.36702649656526004,1.0,0.2247596153846154,1.0,77979,0,268965,231296,0,0.9834036902031313,0.9834121847176844
0.9582212559022293,0.3686274509803922,1.0,0.22596153846153846,1.0,78396,0,268548,231296,0,0.9834036902031313,0.9834121847176844
0.9582205002667965,0.3702252693437806,1.0,0.22716346153846154,1.0,78813,0,268131,231296,0,0.9834036902031313,0.9834121847176844
0.9581721231166815,0.37181996086105673,1.0,0.2283653846153846,1.0,79230,0,267714,231296,0,0.9834036902031313,0.9834121847176844
0.9581259226698375,0.3734115347018573,1.0,0.22956730769230768,1.0,79647,0,267297,231296,0,0.9834036902031313,0.9834121847176844
0.9581111477081619,0.375,1.0,0.23076923076923078,1.0,80064,0,266880,231296,0,0.9834036902031313,0.9834121847176844
0.9579410537406299,0.37658536585365854,1.0,0.23197115384615385,1.0,80481,0,266463,231296,0,0.9834036902031313,0.9834121847176844
0.9576610413125246,0.37816764132553604,1.0,0.23317307692307693,1.0,80898,0,266046,231296,0,0.9834036902031313,0.9834121847176844
0.957450969317138,0.379746835443038,1.0,0.234375,1.0,81315,0,265629,231296,0,0.9834036902031313,0.9834121847176844
0.9567434145194373,0.38132295719844356,1.0,0.23557692307692307,1.0,81732,0,265212,231296,0,0.9834036902031313,0.9834121847176844
0.9565864427200506,0.38289601554907676,1.0,0.23677884615384615,1.0,82149,0,264795,231296,0,0.9834036902031313,0.9834121847176844
0.9563369930211978,0.3844660194174757,1.0,0.23798076923076922,1.0,82566,0,264378,231296,0,0.9834036902031313,0.9834121847176844
0.9561922274468999,0.3860329776915616,1.0,0.23918269230769232,1.0,82983,0,263961,231296,0,0.9834036902031313,0.9834121847176844
0.9560159188477801,0.3875968992248062,1.0,0.2403846153846154,1.0,83400,0,263544,231296,0,0.9834036902031313,0.9834121847176844
0.9559662418750519,0.38915779283639884,1.0,0.24158653846153846,1.0,83817,0,263127,231296,0,0.9834036902031313,0.9834121847176844
0.9557873143688806,0.390715667311412,1.0,0.24278846153846154,1.0,84234,0,262710,231296,0,0.9834036902031313,0.9834121847176844
0.9555243301450002,0.3922705314009662,1.0,0.2439903846153846,1.0,84651,0,262293,231296,0,0.9834036902031313,0.9834121847176844
0.9555215472903201,0.3938223938223938,1.0,0.24519230769230768,1.0,85068,0,261876,231296,0,0.9834036902031313,0.9834121847176844
0.9555048522612299,0.39537126325940214,1.0,0.24639423076923078,1.0,85485,0,261459,231296,0,0.9834036902031313,0.9834121847176844
0.9554385328052758,0.3969171483622351,1.0,0.24759615384615385,1.0,85902,0,261042,231296,0,0.9834036902031313,0.9834121847176844
0.9552465405490911,0.39846005774783444,1.0,0.24879807692307693,1.0,86319,0,260625,231296,0,0.9834036902031313,0.9834121847176844
0.95424272407379,0.4,1.0,0.25,1.0,86736,0,260208,231296,0,0.9834036902031313,0.9834121847176844
0.9541162704225307,0.4015369836695485,1.0,0.2512019230769231,1.0,87153,0,259791,231296,0,0.9834036902031313,0.9834121847176844
0.9540064349821984,0.40307101727447214,1.0,0.25240384615384615,1.0,87570,0,259374,231296,0,0.9834036902031313,0.9834121847176844
0.9537970005180225,0.4046021093000959,1.0,0.2536057692307692,1.0,87987,0,258957,231296,0,0.9834036902031313,0.9834121847176844
0.9537598084105208,0.4061302681992337,1.0,0.2548076923076923,1.0,88404,0,258540,231296,0,0.9834036902031313,0.9834121847176844
0.9537397198737971,0.4076555023923445,1.0,0.25600961538461536,1.0,88821,0,258123,231296,0,0.9834036902031313,0.9834121847176844
0.9535718316887956,0.4091778202676864,1.0,0.25721153846153844,1.0,89238,0,257706,231296,0,0.9834036902031313,0.9834121847176844
0.9531686005334798,0.41069723018147086,1.0,0.25841346153846156,1.0,89655,0,257289,231296,0,0.9834036902031313,0.9834121847176844
0.9531383408589171,0.4122137404580153,1.0,0.25961538461538464,1.0,90072,0,256872,231296,0,0.9834036902031313,0.9834121847176844
0.9530386376030011,0.41372735938989513,1.0,0.2608173076923077,1.0,90489,0,256455,231296,0,0.9834036902031313,0.9834121847176844
0.9528466574523176,0.41523809523809524,1.0,0.2620192307692308,1.0,90906,0,256038,231296,0,0.9834036902031313,0.9834121847176844
0.9528430584099995,0.4167459562321599,1.0,0.26322115384615385,1.0,91323,0,255621,231296,0,0.9834036902031313,0.9834121847176844
0.952786007685636,0.41825095057034223,1.0,0.2644230769230769,1.0,91740,0,255204,231296,0,0.9834036902031313,0.9834121847176844
0.9526238498836759,0.41975308641975306,1.0,0.265625,1.0,92157,0,254787,231296,0,0.9834036902031313,0.9834121847176844
0.952623634696142,0.42125237191650855,1.0,0.2668269230769231,1.0,92574,0,254370,231296,0,0.9834036902031313,0.9834121847176844
0.9525491194015192,0.42274881516587676,1.0,0.26802884615384615,1.0,92991,0,253953,231296,0,0.9834036902031313,0.9834121847176844
0.9523750404879376,0.42424242424242425,1.0,0.2692307692307692,1.0,93408,0,253536,231296,0,0.9834036902031313,0.9834121847176844
0.9523423851558935,0.42573320719016083,1.0,0.2704326923076923,1.0,93825,0,253119,231296,0,0.9834036902031313,0.9834121847176844
0.9522268953422124,0.42722117202268434,1.0,0.27163461538461536,1.0,94242,0,252702,231296,0,0.9834036902031313,0.9834121847176844
0.9521220123902417,0.42870632672332387,1.0,0.27283653846153844,1.0,94659,0,252285,231296,0,0.9834036902031313,0.9834121847176844
0.9510391817668069,0.43018867924528303,1.0,0.27403846153846156,1.0,95076,0,251868,231296,0,0.9834036902031313,0.9834121847176844
0.9507804449293462,0.43166823751178135,1.0,0.27524038461538464,1.0,95493,0,251451,231296,0,0.9834036902031313,0.9834121847176844
0.9506701942885919,0.4331450094161959,1.0,0.2764423076923077,1.0,95910,0,251034,231296,0,0.9834036902031313,0.9834121847176844
0.9506700542988566,0.43461900282220134,1.0,0.2776442307692308,1.0,96327,0,250617,231296,0,0.9834036902031313,0.9834121847176844
0.9506596152486745,0.43609022556390975,1.0,0.27884615384615385,1.0,96744,0,250200,231296,0,0.9834036902031313,0.9834121847176844
0.9504939809574128,0.4375586854460094,1.0,0.2800480769230769,1.0,97161,0,249783,231296,0,0.9834036902031313,0.9834121847176844
0.9503806691495649,0.43902439024390244,1.0,0.28125,1.0,97578,0,249366,231296,0,0.9834036902031313,0.9834121847176844
0.950367841761697,0.44048734770384257,1.0,0.2824519230769231,1.0,97995,0,248949,231296,0,0.9834036902031313,0.9834121847176844
0.9503583246063549,0.4419475655430712,1.0,0.28365384615384615,1.0,98412,0,248532,231296,0,0.9834036902031313,0.9834121847176844
0.950350219220577,0.44340505144995324,1.0,0.2848557692307692,1.0,98829,0,248115,231296,0,0.9834036902031313,0.9834121847176844
0.950177666642516,0.44485981308411215,1.0,0.2860576923076923,1.0,99246,0,247698,231296,0,0.9834036902031313,0.9834121847176844
0.9500068505350125,0.446311858076564,1.0,0.28725961538461536,1.0,99663,0,247281,231296,0,0.9834036902031313,0.9834121847176844
0.9498805261426749,0.44776119402985076,1.0,0.28846153846153844,1.0,100080,0,246864,231296,0,0.9834036902031313,0.9834121847176844
0.9498053811752245,0.44920782851817337,1.0,0.28966346153846156,1.0,100497,0,246447,231296,0,0.9834036902031313,0.9834121847176844
0.9489614345438131,0.4506517690875233,1.0,0.29086538461538464,1.0,100914,0,246030,231296,0,0.9834036902031313,0.9834121847176844
0.9487818575068012,0.45209302325581396,1.0,0.2920673076923077,1.0,101331,0,245613,231296,0,0.9834036902031313,0.9834121847176844
0.948497185168399,0.45353159851301117,1.0,0.2932692307692308,1.0,101748,0,245196,231296,0,0.9834036902031313,0.9834121847176844
0.9484349426696368,0.45496750232126276,1.0,0.29447115384615385,1.0,102165,0,244779,231296,0,0.9834036902031313,0.9834121847176844
0.948430540401305,0.45640074211502785,1.0,0.2956730769230769,1.0,102582,0,244362,231296,0,0.9834036902031313,0.9834121847176844
0.9483026026542241,0.4578313253012048,1.0,0.296875,1.0,102999,0,243945,231296,0,0.9834036902031313,0.9834121847176844
0.9482827192344596,0.45925925925925926,1.0,0.2980769230769231,1.0,103416,0,243528,231296,0,0.9834036902031313,0.9834121847176844
0.9481278723910951,0.4606845513413506,1.0,0.29927884615384615,1.0,103833,0,243111,231296,0,0.9834036902031313,0.9834121847176844
0.9478953955893965,0.46210720887245843,1.0,0.3004807692307692,1.0,104250,0,242694,231296,0,0.9834036902031313,0.9834121847176844
0.947203738744163,0.46352723915050786,1.0,0.3016826923076923,1.0,104667,0,242277,231296,0,0.9834036902031313,0.9834121847176844
0.9471414399489693,0.46494464944649444,1.0,0.30288461538461536,1.0,105084,0,241860,231296,0,0.9834036902031313,0.9834121847176844
0.9466719582025915,0.4663594470046083,1.0,0.30408653846153844,1.0,105501,0,241443,231296,0,0.9834036902031313,0.9834121847176844
0.9464357316165688,0.4677716390423573,1.0,0.30528846153846156,1.0,105918,0,241026,231296,0,0.9834036902031313,0.9834121847176844
0.9463963759739884,0.46918123275068996,1.0,0.30649038461538464,1.0,106335,0,240609,231296,0,0.9834036902031313,0.9834121847176844
0.9461849554585702,0.47058823529411764,1.0,0.3076923076923077,1.0,106752,0,240192,231296,0,0.9834036902031313,0.9834121847176844
0.9459290390688031,0.4719926538108356,1.0,0.3088942307692308,1.0,107169,0,239775,231296,0,0.9834036902031313,0.9834121847176844
0.9457434705103943,0.47339449541284406,1.0,0.31009615384615385,1.0,107586,0,239358,231296,0,0.9834036902031313,0.9834121847176844
0.9453255922563613,0.4747937671860678,1.0,0.3112980769230769,1.0,108003,0,238941,231296,0,0.9834036902031313,0.9834121847176844
0.9451559228134958,0.47619047619047616,1.0,0.3125,1.0,108420,0,238524,231296,0,0.9834036902031313,0.9834121847176844
0.9451428107853377,0.4775846294602013,1.0,0.3137019230769231,1.0,108837,0,238107,231296,0,0.9834036902031313,0.9834121847176844
0.9451149663532676,0.4789762340036563,1.0,0.31490384615384615,1.0,109254,0,237690,231296,0,0.9834036902031313,0.9834121847176844
0.9448438175088676,0.480365296803653,1.0,0.3161057692307692,1.0,109671,0,237273,231296,0,0.9834036902031313,0.9834121847176844
0.9447892247735599,0.48175182481751827,1.0,0.3173076923076923,1.0,110088,0,236856,231296,0,0.9834036902031313,0.9834121847176844
0.9447142756806768,0.4831358249772106,1.0,0.31850961538461536,1.0,110505,0,236439,231296,0,0.9834036902031313,0.9834121847176844
0.9447032629321777,0.48451730418943534,1.0,0.31971153846153844,1.0,110922,0,236022,231296,0,0.9834036902031313,0.9834121847176844
0.9438433552759993,0.4858962693357598,1.0,0.32091346153846156,1.0,111339,0,235605,231296,0,0.9834036902031313,0.9834121847176844
0.9437765736816348,0.48727272727272725,1.0,0.32211538461538464,1.0,111756,0,235188,231296,0,0.9834036902031313,0.9834121847176844
0.9437705969288107,0.48864668483197093,1.0,0.3233173076923077,1.0,112173,0,234771,231296,0,0.9834036902031313,0.9834121847176844
0.9437566034670317,0.4900181488203267,1.0,0.3245192307692308,1.0,112590,0,234354,231296,0,0.9834036902031313,0.9834121847176844
0.9430314120881722,0.4913871260199456,1.0,0.32572115384615385,1.0,113007,0,233937,231296,0,0.9834036902031313,0.9834121847176844
0.9429629124439495,0.4927536231884058,1.0,0.3269230769230769,1.0,113424,0,233520,231296,0,0.9834036902031313,0.9834121847176844
0.9426591751478306,0.49411764705882355,1.0,0.328125,1.0,113841,0,233103,231296,0,0.9834036902031313,0.9834121847176844
0.9426457361963712,0.49547920433996384,1.0,0.3293269230769231,1.0,114258,0,232686,231296,0,0.9834036902031313,0.9834121847176844
0.9426281052284273,0.4968383017163505,1.0,0.33052884615384615,1.0,114675,0,232269,231296,0,0.9834036902031313,0.9834121847176844
0.9426085273988549,0.4981949458483754,1.0,0.3317307692307692,1.0,115092,0,231852,231296,0,0.9834036902031313,0.9834121847176844
0.942122865085061,0.4995491433724076,1.0,0.3329326923076923,1.0,115509,0,231435,231296,0,0.9834036902031313,0.9834121847176844
0.9418071474380395,0.5009009009009009,1.0,0.33413461538461536,1.0,115926,0,231018,231296,0,0.9834036902031313,0.9834121847176844
0.9416998071913738,0.5022502250225023,1.0,0.33533653846153844,1.0,116343,0,230601,231296,0,0.9834036902031313,0.9834121847176844
0.941643618816674,0.5035971223021583,1.0,0.33653846153846156,1.0,116760,0,230184,231296,0,0.9834036902031313,0.9834121847176844
0.9416027202201203,0.504941599281222,1.0,0.33774038461538464,1.0,117177,0,229767,231296,0,0.9834036902031313,0.9834121847176844
0.9415474423386156,0.5062836624775583,1.0,0.3389423076923077,1.0,117594,0,229350,231296,0,0.9834036902031313,0.9834121847176844
0.9414790874541543,0.5076233183856502,1.0,0.3401442307692308,1.0,118011,0,228933,231296,0,0.9834036902031313,0.9834121847176844
0.9412485697735267,0.5089605734767025,1.0,0.34134615384615385,1.0,118428,0,228516,231296,0,0.9834036902031313,0.9834121847176844
0.9411319779829155,0.5102954341987467,1.0,0.3425480769230769,1.0,118845,0,228099,231296,0,0.9834036902031313,0.9834121847176844
0.9411250448455077,0.5116279069767442,1.0,0.34375,1.0,119262,0,227682,231296,0,0.9834036902031313,0.9834121847176844
0.9410940777881592,0.51295799821269,1.0,0.3449519230769231,1.0,119679,0,227265,231296,0,0.9834036902031313,0.9834121847176844
0.9410630636312989,0.5142857142857142,1.0,0.34615384615384615,1.0,120096,0,226848,231296,0,0.9834036902031313,0.9834121847176844
0.9407580543472108,0.5156110615521855,1.0,0.3473557692307692,1.0,120513,0,226431,231296,0,0.9834036902031313,0.9834121847176844
0.940718077978219,0.5169340463458111,1.0,0.3485576923076923,1.0,120930,0,226014,231296,0,0.9834036902031313,0.9834121847176844
0.9404973600618218,0.5182546749777382,1.0,0.34975961538461536,1.0,121347,0,225597,231296,0,0.9834036902031313,0.9834121847176844
0.9400994317072302,0.5195729537366548,1.0,0.35096153846153844,1.0,121764,0,225180,231296,0,0.9834036902031313,0.9834121847176844
0.9399415761660012,0.5208888888888888,1.0,0.35216346153846156,1.0,122181,0,224763,231296,0,0.9834036902031313,0.9834121847176844
0.9395824689976343,0.522202486678508,1.0,0.35336538461538464,1.0,122598,0,224346,231296,0,0.9834036902031313,0.9834121847176844
0.9386489660936955,0.5235137533274179,1.0,0.3545673076923077,1.0,123015,0,223929,231296,0,0.9834036902031313,0.9834121847176844
0.9383985894991148,0.524822695035461,1.0,0.3557692307692308,1.0,123432,0,223512,231296,0,0.9834036902031313,0.9834121847176844
0.9381547657626133,0.5261293179805138,1.0,0.35697115384615385,1.0,123849,0,223095,231296,0,0.9834036902031313,0.9834121847176844
0.9381026685320947,0.5274336283185841,1.0,0.3581730769230769,1.0,124266,0,222678,231296,0,0.9834036902031313,0.9834121847176844
0.9378886925447436,0.5287356321839081,1.0,0.359375,1.0,124683,0,222261,231296,0,0.9834036902031313,0.9834121847176844
0.9378041667587834,0.5300353356890459,1.0,0.3605769230769231,1.0,125100,0,221844,231296,0,0.9834036902031313,0.9834121847176844
0.9376761043931852,0.531332744924978,1.0,0.36177884615384615,1.0,125517,0,221427,231296,0,0.9834036902031313,0.9834121847176844
0.9376543723201627,0.5326278659611993,1.0,0.3629807692307692,1.0,125934,0,221010,231296,0,0.9834036902031313,0.9834121847176844
0.9376283475602991,0.533920704845815,1.0,0.3641826923076923,1.0,126351,0,220593,231296,0,0.9834036902031313,0.9834121847176844
0.937543935316189,0.5352112676056338,1.0,0.36538461538461536,1.0,126768,0,220176,231296,0,0.9834036902031313,0.9834121847176844
0.9375196283949216,0.5364995602462621,1.0,0.36658653846153844,1.0,127185,0,219759,231296,0,0.9834036902031313,0.9834121847176844
0.9372293233560316,0.5377855887521968,1.0,0.36778846153846156,1.0,127602,0,219342,231296,0,0.9834036902031313,0.9834121847176844
0.9371935437968031,0.5390693590869183,1.0,0.36899038461538464,1.0,128019,0,218925,231296,0,0.9834036902031313,0.9834121847176844
0.9359593099280858,0.5403508771929825,1.0,0.3701923076923077,1.0,128436,0,218508,231296,0,0.9834036902031313,0.9834121847176844
0.935845937226603,0.5416301489921121,1.0,0.3713942307692308,1.0,128853,0,218091,231296,0,0.9834036902031313,0.9834121847176844
0.9358099928863471,0.542907180385289,1.0,0.37259615384615385,1.0,129270,0,217674,231296,0,0.9834036902031313,0.9834121847176844
0.9356011276151458,0.5441819772528433,1.0,0.3737980769230769,1.0,129687,0,217257,231296,0,0.9834036902031313,0.9834121847176844
0.9354861816044564,0.5454545454545454,1.0,0.375,1.0,130104,0,216840,231296,0,0.9834036902031313,0.9834121847176844
0.9352349579819293,0.5467248908296943,1.0,0.3762019230769231,1.0,130521,0,216423,231296,0,0.9834036902031313,0.9834121847176844
0.9351875842993813,0.5479930191972077,1.0,0.37740384615384615,1.0,130938,0,216006,231296,0,0.9834036902031313,0.9834121847176844
0.9350870070524822,0.5492589363557105,1.0,0.3786057692307692,1.0,131355,0,215589,231296,0,0.9834036902031313,0.9834121847176844
0.9349911831124447,0.5505226480836237,1.0,0.3798076923076923,1.0,131772,0,215172,231296,0,0.9834036902031313,0.9834121847176844
0.9348745665794904,0.5517841601392516,1.0,0.38100961538461536,1.0,132189,0,214755,231296,0,0.9834036902031313,0.9834121847176844
0.9345201310419673,0.5530434782608695,1.0,0.38221153846153844,1.0,132606,0,214338,231296,0,0.9834036902031313,0.9834121847176844
0.9345104217303613,0.5543006081668115,1.0,0.38341346153846156,1.0,133023,0,213921,231296,0,0.9834036902031313,0.9834121847176844
0.9344370718898762,0.5555555555555556,1.0,0.38461538461538464,1.0,133440,0,213504,231296,0,0.9834036902031313,0.9834121847176844
0.9343827199848009,0.5568083261058109,1.0,0.3858173076923077,1.0,133857,0,213087,231296,0,0.9834036902031313,0.9834121847176844
0.9342959219630689,0.5580589254766031,1.0,0.3870192307692308,1.0,134274,0,212670,231296,0,0.9834036902031313,0.9834121847176844
0.9341479190758332,0.5593073593073593,1.0,0.38822115384615385,1.0,134691,0,212253,231296,0,0.9834036902031313,0.9834121847176844
0.934089025756616,0.5605536332179931,1.0,0.3894230769230769,1.0,135108,0,211836,231296,0,0.9834036902031313,0.9834121847176844
0.9337691544120583,0.5617977528089888,1.0,0.390625,1.0,135525,0,211419,231296,0,0.9834036902031313,0.9834121847176844
0.933512921632456,0.5630397236614854,1.0,0.3918269230769231,1.0,135942,0,211002,231296,0,0.9834036902031313,0.9834121847176844
0.9334175159023838,0.5642795513373597,1.0,0.39302884615384615,1.0,136359,0,210585,231296,0,0.9834036902031313,0.9834121847176844
0.9331037168189591,0.5655172413793104,1.0,0.3942307692307692,1.0,136776,0,210168,231296,0,0.9834036902031313,0.9834121847176844
0.9327843787147818,0.5667527993109388,1.0,0.3954326923076923,1.0,137193,0,209751,231296,0,0.9834036902031313,0.9834121847176844
0.9327365127108586,0.5679862306368331,1.0,0.39663461538461536,1.0,137610,0,209334,231296,0,0.9834036902031313,0.9834121847176844
0.932635424810987,0.5692175408426483,1.0,0.39783653846153844,1.0,138027,0,208917,231296,0,0.9834036902031313,0.9834121847176844
0.9326298528386707,0.570446735395189,1.0,0.39903846153846156,1.0,138444,0,208500,231296,0,0.9834036902031313,0.9834121847176844
0.9325615124953824,0.5716738197424893,1.0,0.40024038461538464,1.0,138861,0,208083,231296,0,0.9834036902031313,0.9834121847176844
0.9324012246871811,0.5728987993138936,1.0,0.4014423076923077,1.0,139278,0,207666,231296,0,0.9834036902031313,0.9834121847176844
0.9322592215415173,0.5741216795201372,1.0,0.4026442307692308,1.0,139695,0,207249,231296,0,0.9834036902031313,0.9834121847176844
0.9322272595552771,0.5753424657534246,1.0,0.40384615384615385,1.0,140112,0,206832,231296,0,0.9834036902031313,0.9834121847176844
0.9320916458372496,0.5765611633875107,1.0,0.4050480769230769,1.0,140529,0,206415,231296,0,0.9834036902031313,0.9834121847176844
0.9319718139564533,0.5777777777777777,1.0,0.40625,1.0,140946,0,205998,231296,0,0.9834036902031313,0.9834121847176844
0.931327735639017,0.5789923142613151,1.0,0.4074519230769231,1.0,141363,0,205581,231296,0,0.9834036902031313,0.9834121847176844
0.9312411923016752,0.5802047781569966,1.0,0.40865384615384615,1.0,141780,0,205164,231296,0,0.9834036902031313,0.9834121847176844
0.9311971077896579,0.5814151747655584,1.0,0.4098557692307692,1.0,142197,0,204747,231296,0,0.9834036902031313,0.9834121847176844
0.9310270331718499,0.5826235093696763,1.0,0.4110576923076923,1.0,142614,0,204330,231296,0,0.9834036902031313,0.9834121847176844
0.9310012387802031,0.5838297872340426,1.0,0.41225961538461536,1.0,143031,0,203913,231296,0,0.9834036902031313,0.9834121847176844
0.9308735374909897,0.5850340136054422,1.0,0.41346153846153844,1.0,143448,0,203496,231296,0,0.9834036902031313,0.9834121847176844
0.9303050547138851,0.5862361937128292,1.0,0.41466346153846156,1.0,143865,0,203079,231296,0,0.9834036902031313,0.9834121847176844
0.9301532203711917,0.5874363327674024,1.0,0.41586538461538464,1.0,144282,0,202662,231296,0,0.9834036902031313,0.9834121847176844
0.9297767930886272,0.5886344359626803,1.0,0.4170673076923077,1.0,144699,0,202245,231296,0,0.9834036902031313,0.9834121847176844
0.9296146410166286,0.5898305084745763,1.0,0.4182692307692308,1.0,145116,0,201828,231296,0,0.9834036902031313,0.9834121847176844
0.9294880609105594,0.5910245554614734,1.0,0.41947115384615385,1.0,145533,0,201411,231296,0,0.9834036902031313,0.9834121847176844
0.9292591503439107,0.5922165820642978,1.0,0.4206730769230769,1.0,145950,0,200994,231296,0,0.9834036902031313,0.9834121847176844
0.92923528799657,0.5934065934065934,1.0,0.421875,1.0,146367,0,200577,231296,0,0.9834036902031313,0.9834121847176844
0.9291054123720535,0.5945945945945946,1.0,0.4230769230769231,1.0,146784,0,200160,231296,0,0.9834036902031313,0.9834121847176844
0.928846369883126,0.5957805907172996,1.0,0.42427884615384615,1.0,147201,0,199743,231296,0,0.9834036902031313,0.9834121847176844
0.9274998668500616,0.596964586846543,1.0,0.4254807692307692,1.0,147618,0,199326,231296,0,0.9834036902031313,0.9834121847176844
0.9272885758357405,0.5981465880370682,1.0,0.4266826923076923,1.0,148035,0,198909,231296,0,0.9834036902031313,0.9834121847176844
0.9270542235947152,0.5993265993265994,1.0,0.42788461538461536,1.0,148452,0,198492,231296,0,0.9834036902031313,0.9834121847176844
0.9270131936962129,0.6005046257359126,1.0,0.42908653846153844,1.0,148869,0,198075,231296,0,0.9834036902031313,0.9834121847176844
0.9269969519092267,0.6016806722689075,1.0,0.43028846153846156,1.0,149286,0,197658,231296,0,0.9834036902031313,0.9834121847176844
0.9268731318943731,0.6028547439126785,1.0,0.43149038461538464,1.0,149703,0,197241,231296,0,0.9834036902031313,0.9834121847176844
0.9267955271808965,0.6040268456375839,1.0,0.4326923076923077,1.0,150120,0,196824,231296,0,0.9834036902031313,0.9834121847176844
0.9264798058291506,0.6051969823973177,1.0,0.4338942307692308,1.0,150537,0,196407,231296,0,0.9834036902031313,0.9834121847176844
0.9264118361716844,0.6063651591289783,1.0,0.43509615384615385,1.0,150954,0,195990,231296,0,0.9834036902031313,0.9834121847176844
0.926359289639123,0.6075313807531381,1.0,0.4362980769230769,1.0,151371,0,195573,231296,0,0.9834036902031313,0.9834121847176844
0.9263003314512007,0.6086956521739131,1.0,0.4375,1.0,151788,0,195156,231296,0,0.9834036902031313,0.9834121847176844
0.9257644048871752,0.6098579782790309,1.0,0.4387019230769231,1.0,152205,0,194739,231296,0,0.9834036902031313,0.9834121847176844
0.925690086417303,0.6110183639398998,1.0,0.43990384615384615,1.0,152622,0,194322,231296,0,0.9834036902031313,0.9834121847176844
0.9254620906601422,0.6121768140116765,1.0,0.4411057692307692,1.0,153039,0,193905,231296,0,0.9834036902031313,0.9834121847176844
0.9245832445697841,0.6133333333333333,1.0,0.4423076923076923,1.0,153456,0,193488,231296,0,0.9834036902031313,0.9834121847176844
0.9244897694897867,0.6144879267277269,1.0,0.44350961538461536,1.0,153873,0,193071,231296,0,0.9834036902031313,0.9834121847176844
0.923361884086384,0.6156405990016639,1.0,0.44471153846153844,1.0,154290,0,192654,231296,0,0.9834036902031313,0.9834121847176844
0.9232045080132643,0.6167913549459684,1.0,0.44591346153846156,1.0,154707,0,192237,231296,0,0.9834036902031313,0.9834121847176844
0.9223753361713859,0.6179401993355482,1.0,0.44711538461538464,1.0,155124,0,191820,231296,0,0.9834036902031313,0.9834121847176844
0.9223109598861505,0.6190871369294606,1.0,0.4483173076923077,1.0,155541,0,191403,231296,0,0.9834036902031313,0.9834121847176844
0.9222758574871701,0.6202321724709784,1.0,0.4495192307692308,1.0,155958,0,190986,231296,0,0.9834036902031313,0.9834121847176844
0.9219069851819794,0.6213753106876554,1.0,0.45072115384615385,1.0,156375,0,190569,231296,0,0.9834036902031313,0.9834121847176844
0.9209974049323202,0.6225165562913907,1.0,0.4519230769230769,1.0,156792,0,190152,231296,0,0.9834036902031313,0.9834121847176844
0.9209512846900536,0.6236559139784946,1.0,0.453125,1.0,157209,0,189735,231296,0,0.9834036902031313,0.9834121847176844
0.9203370552764083,0.6247933884297521,1.0,0.4543269230769231,1.0,157626,0,189318,231296,0,0.9834036902031313,0.9834121847176844
0.9202272095770321,0.6259289843104872,1.0,0.45552884615384615,1.0,158043,0,188901,231296,0,0.9834036902031313,0.9834121847176844
0.9201350170419812,0.6270627062706271,1.0,0.4567307692307692,1.0,158460,0,188484,231296,0,0.9834036902031313,0.9834121847176844
0.9198540636777741,0.6281945589447651,1.0,0.4579326923076923,1.0,158877,0,188067,231296,0,0.9834036902031313,0.9834121847176844
0.919696911592333,0.6293245469522241,1.0,0.45913461538461536,1.0,159294,0,187650,231296,0,0.9834036902031313,0.9834121847176844
0.919591429635346,0.6304526748971193,1.0,0.46033653846153844,1.0,159711,0,187233,231296,0,0.9834036902031313,0.9834121847176844
0.919458227156358,0.631578947368421,1.0,0.46153846153846156,1.0,160128,0,186816,231296,0,0.9834036902031313,0.9834121847176844
0.9194281061751681,0.6327033689400164,1.0,0.46274038461538464,1.0,160545,0,186399,231296,0,0.9834036902031313,0.9834121847176844
0.9193882930055554,0.6338259441707718,1.0,0.4639423076923077,1.0,160962,0,185982,231296,0,0.9834036902031313,0.9834121847176844
0.9193528753162937,0.6349466776045939,1.0,0.4651442307692308,1.0,161379,0,185565,231296,0,0.9834036902031313,0.9834121847176844
0.9189951534663557,0.6360655737704918,1.0,0.46634615384615385,1.0,161796,0,185148,231296,0,0.9834036902031313,0.9834121847176844
0.9184376931834588,0.6371826371826372,1.0,0.4675480769230769,1.0,162213,0,184731,231296,0,0.9834036902031313,0.9834121847176844
0.9182388225857514,0.6382978723404256,1.0,0.46875,1.0,162630,0,184314,231296,0,0.9834036902031313,0.9834121847176844
0.9181435276133778,0.6394112837285364,1.0,0.4699519230769231,1.0,163047,0,183897,231296,0,0.9834036902031313,0.9834121847176844
0.9173558229339573,0.6405228758169934,1.0,0.47115384615384615,1.0,163464,0,183480,231296,0,0.9834036902031313,0.9834121847176844
0.9169110418081685,0.6416326530612245,1.0,0.4723557692307692,1.0,163881,0,183063,231296,0,0.9834036902031313,0.9834121847176844
0.9163128623064896,0.6427406199021207,1.0,0.4735576923076923,1.0,164298,0,182646,231296,0,0.9834036902031313,0.9834121847176844
0.9157111307433465,0.6438467807660961,1.0,0.47475961538461536,1.0,164715,0,182229,231296,0,0.9834036902031313,0.9834121847176844
0.9156781394814874,0.6449511400651465,1.0,0.47596153846153844,1.0,165132,0,181812,231296,0,0.9834036902031313,0.9834121847176844
0.915675702458333,0.646053702196908,1.0,0.47716346153846156,1.0,165549,0,181395,231296,0,0.9834036902031313,0.9834121847176844
0.9152824932909855,0.6471544715447154,1.0,0.47836538461538464,1.0,165966,0,180978,231296,0,0.9834036902031313,0.9834121847176844
0.9150220912964104,0.6482534524776604,1.0,0.4795673076923077,1.0,166383,0,180561,231296,0,0.9834036902031313,0.9834121847176844
0.91464532334868,0.6493506493506493,1.0,0.4807692307692308,1.0,166800,0,180144,231296,0,0.9834036902031313,0.9834121847176844
0.9144131978366177,0.6504460665044607,1.0,0.48197115384615385,1.0,167217,0,179727,231296,0,0.9834036902031313,0.9834121847176844
0.9143429661853297,0.6515397082658023,1.0,0.4831730769230769,1.0,167634,0,179310,231296,0,0.9834036902031313,0.9834121847176844
0.9141190309661705,0.6526315789473685,1.0,0.484375,1.0,168051,0,178893,231296,0,0.9834036902031313,0.9834121847176844
0.9140433365630765,0.6537216828478964,1.0,0.4855769230769231,1.0,168468,0,178476,231296,0,0.9834036902031313,0.9834121847176844
0.9138402003207318,0.6548100242522231,1.0,0.48677884615384615,1.0,168885,0,178059,231296,0,0.9834036902031313,0.9834121847176844
0.913267921263031,0.6558966074313409,1.0,0.4879807692307692,1.0,169302,0,177642,231296,0,0.9834036902031313,0.9834121847176844
0.9132246812948008,0.6569814366424536,1.0,0.4891826923076923,1.0,169719,0,177225,231296,0,0.9834036902031313,0.9834121847176844
0.913158063234883,0.6580645161290323,1.0,0.49038461538461536,1.0,170136,0,176808,231296,0,0.9834036902031313,0.9834121847176844
0.91310693973357,0.6591458501208702,1.0,0.49158653846153844,1.0,170553,0,176391,231296,0,0.9834036902031313,0.9834121847176844
0.9130182582815555,0.6602254428341385,1.0,0.49278846153846156,1.0,170970,0,175974,231296,0,0.9834036902031313,0.9834121847176844
0.9128021564704429,0.6613032984714401,1.0,0.49399038461538464,1.0,171387,0,175557,231296,0,0.9834036902031313,0.9834121847176844
0.9124281172356312,0.662379421221865,1.0,0.4951923076923077,1.0,171804,0,175140,231296,0,0.9834036902031313,0.9834121847176844
0.9123162114706735,0.6634538152610442,1.0,0.4963942307692308,1.0,172221,0,174723,231296,0,0.9834036902031313,0.9834121847176844
0.9123098052985978,0.6645264847512039,1.0,0.49759615384615385,1.0,172638,0,174306,231296,0,0.9834036902031313,0.9834121847176844
0.9121917139689724,0.6655974338412189,1.0,0.4987980769230769,1.0,173055,0,173889,231296,0,0.9834036902031313,0.9834121847176844
0.9119551553422875,0.6666666666666666,1.0,0.5,1.0,173472,0,173472,231296,0,0.9834036902031313,0.9834121847176844
0.9117189603243621,0.6677341873498799,1.0,0.5012019230769231,1.0,173889,0,173055,231296,0,0.9834036902031313,0.9834121847176844
0.9113579111118724,0.6688,1.0,0.5024038461538461,1.0,174306,0,172638,231296,0,0.9834036902031313,0.9834121847176844
0.9113073571357425,0.6698641087130296,1.0,0.5036057692307693,1.0,174723,0,172221,231296,0,0.9834036902031313,0.9834121847176844
0.9104263115357195,0.670926517571885,1.0,0.5048076923076923,1.0,175140,0,171804,231296,0,0.9834036902031313,0.9834121847176844
0.9103497622887248,0.6719872306464485,1.0,0.5060096153846154,1.0,175557,0,171387,231296,0,0.9834036902031313,0.9834121847176844
0.9098547141587681,0.6730462519936204,1.0,0.5072115384615384,1.0,175974,0,170970,231296,0,0.9834036902031313,0.9834121847176844
0.909526943411761,0.6741035856573705,1.0,0.5084134615384616,1.0,176391,0,170553,231296,0,0.9834036902031313,0.9834121847176844
0.9095010801541945,0.6751592356687898,1.0,0.5096153846153846,1.0,176808,0,170136,231296,0,0.9834036902031313,0.9834121847176844
0.9094782751953417,0.6762132060461417,1.0,0.5108173076923077,1.0,177225,0,169719,231296,0,0.9834036902031313,0.9834121847176844
0.9093928615320057,0.6772655007949125,1.0,0.5120192307692307,1.0,177642,0,169302,231296,0,0.9834036902031313,0.9834121847176844
0.9091769578732131,0.6783161239078633,1.0,0.5132211538461539,1.0,178059,0,168885,231296,0,0.9834036902031313,0.9834121847176844
0.9079493640727615,0.6793650793650794,1.0,0.5144230769230769,1.0,178476,0,168468,231296,0,0.9834036902031313,0.9834121847176844
0.9073578911316802,0.6804123711340206,1.0,0.515625,1.0,178893,0,168051,231296,0,0.9834036902031313,0.9834121847176844
0.9068152107225932,0.6814580031695721,1.0,0.5168269230769231,1.0,179310,0,167634,231296,0,0.9834036902031313,0.9834121847176844
0.9067925833045173,0.6825019794140934,1.0,0.5180288461538461,1.0,179727,0,167217,231296,0,0.9834036902031313,0.9834121847176844
0.9067836138673357,0.6835443037974683,1.0,0.5192307692307693,1.0,180144,0,166800,231296,0,0.9834036902031313,0.9834121847176844
0.9067656224789152,0.6845849802371542,1.0,0.5204326923076923,1.0,180561,0,166383,231296,0,0.9834036902031313,0.9834121847176844
0.9066476159104556,0.6856240126382307,1.0,0.5216346153846154,1.0,180978,0,165966,231296,0,0.9834036902031313,0.9834121847176844
0.9066020793549261,0.6866614048934491,1.0,0.5228365384615384,1.0,181395,0,165549,231296,0,0.9834036902031313,0.9834121847176844
0.9065136866261185,0.6876971608832808,1.0,0.5240384615384616,1.0,181812,0,165132,231296,0,0.9834036902031313,0.9834121847176844
0.9063123220373595,0.6887312844759653,1.0,0.5252403846153846,1.0,182229,0,164715,231296,0,0.9834036902031313,0.9834121847176844
0.9057847967052386,0.6897637795275591,1.0,0.5264423076923077,1.0,182646,0,164298,231296,0,0.9834036902031313,0.9834121847176844
0.9056407458352339,0.6907946498819827,1.0,0.5276442307692307,1.0,183063,0,163881,231296,0,0.9834036902031313,0.9834121847176844
0.9055958271462723,0.6918238993710691,1.0,0.5288461538461539,1.0,183480,0,163464,231296,0,0.9834036902031313,0.9834121847176844
0.9055613926856265,0.6928515318146111,1.0,0.5300480769230769,1.0,183897,0,163047,231296,0,0.9834036902031313,0.9834121847176844
0.9054845385677834,0.6938775510204082,1.0,0.53125,1.0,184314,0,162630,231296,0,0.9834036902031313,0.9834121847176844
0.905401776325155,0.6949019607843138,1.0,0.5324519230769231,1.0,184731,0,162213,231296,0,0.9834036902031313,0.9834121847176844
0.9042221882686139,0.6959247648902821,1.0,0.5336538461538461,1.0,185148,0,161796,231296,0,0.9834036902031313,0.9834121847176844
0.9039223279930375,0.696945967110415,1.0,0.5348557692307693,1.0,185565,0,161379,231296,0,0.9834036902031313,0.9834121847176844
0.9038374988103273,0.6979655712050078,1.0,0.5360576923076923,1.0,185982,0,160962,231296,0,0.9834036902031313,0.9834121847176844
0.9037950476175864,0.6989835809225958,1.0,0.5372596153846154,1.0,186399,0,160545,231296,0,0.9834036902031313,0.9834121847176844
0.9030520798042803,0.7,1.0,0.5384615384615384,1.0,186816,0,160128,231296,0,0.9834036902031313,0.9834121847176844
0.9028740285791255,0.7010148321623731,1.0,0.5396634615384616,1.0,187233,0,159711,231296,0,0.9834036902031313,0.9834121847176844
0.9018670691731234,0.7020280811232449,1.0,0.5408653846153846,1.0,187650,0,159294,231296,0,0.9834036902031313,0.9834121847176844
0.9018480567725875,0.7030397505845675,1.0,0.5420673076923077,1.0,188067,0,158877,231296,0,0.9834036902031313,0.9834121847176844
0.9016686933362581,0.7040498442367601,1.0,0.5432692307692307,1.0,188484,0,158460,231296,0,0.9834036902031313,0.9834121847176844
0.9015028965429119,0.7050583657587549,1.0,0.5444711538461539,1.0,188901,0,158043,231296,0,0.9834036902031313,0.9834121847176844
0.901111520936956,0.7060653188180405,1.0,0.5456730769230769,1.0,189318,0,157626,231296,0,0.9834036902031313,0.9834121847176844
0.9010481109403828,0.7070707070707071,1.0,0.546875,1.0,189735,0,157209,231296,0,0.9834036902031313,0.9834121847176844
0.9010352763173494,0.7080745341614907,1.0,0.5480769230769231,1.0,190152,0,156792,231296,0,0.9834036902031313,0.9834121847176844
0.9006583430587456,0.7090768037238169,1.0,0.5492788461538461,1.0,190569,0,156375,231296,0,0.9834036902031313,0.9834121847176844
0.9005512327239654,0.710077519379845,1.0,0.5504807692307693,1.0,190986,0,155958,231296,0,0.9834036902031313,0.9834121847176844
0.9001331697588397,0.7110766847405112,1.0,0.5516826923076923,1.0,191403,0,155541,231296,0,0.9834036902031313,0.9834121847176844
0.9000832274892738,0.7120743034055728,1.0,0.5528846153846154,1.0,191820,0,155124,231296,0,0.9834036902031313,0.9834121847176844
0.9000739245339946,0.7130703789636504,1.0,0.5540865384615384,1.0,192237,0,154707,231296,0,0.9834036902031313,0.9834121847176844
0.8996759989113234,0.714064914992272,1.0,0.5552884615384616,1.0,192654,0,154290,231296,0,0.9834036902031313,0.9834121847176844
0.8992033925852115,0.715057915057915,1.0,0.5564903846153846,1.0,193071,0,153873,231296,0,0.9834036902031313,0.9834121847176844
0.899128823352489,0.7160493827160493,1.0,0.5576923076923077,1.0,193488,0,153456,231296,0,0.9834036902031313,0.9834121847176844
0.8989917544489503,0.7170393215111797,1.0,0.5588942307692307,1.0,193905,0,153039,231296,0,0.9834036902031313,0.9834121847176844
0.8989905390914255,0.7180277349768875,1.0,0.5600961538461539,1.0,194322,0,152622,231296,0,0.9834036902031313,0.9834121847176844
0.8987085875394243,0.7190146266358738,1.0,0.5612980769230769,1.0,194739,0,152205,231296,0,0.9834036902031313,0.9834121847176844
0.8986907333556426,0.72,1.0,0.5625,1.0,195156,0,151788,231296,0,0.9834036902031313,0.9834121847176844
0.8985832305262501,0.7209838585703305,1.0,0.5637019230769231,1.0,195573,0,151371,231296,0,0.9834036902031313,0.9834121847176844
0.8980139747187856,0.7219662058371735,1.0,0.5649038461538461,1.0,195990,0,150954,231296,0,0.9834036902031313,0.9834121847176844
0.8966020077175829,0.7229470452801228,1.0,0.5661057692307693,1.0,196407,0,150537,231296,0,0.9834036902031313,0.9834121847176844
0.8965013023132584,0.7239263803680982,1.0,0.5673076923076923,1.0,196824,0,150120,231296,0,0.9834036902031313,0.9834121847176844
0.8964524268433298,0.724904214559387,1.0,0.5685096153846154,1.0,197241,0,149703,231296,0,0.9834036902031313,0.9834121847176844
0.8956639286380879,0.7258805513016845,1.0,0.5697115384615384,1.0,197658,0,149286,231296,0,0.9834036902031313,0.9834121847176844
0.8950348173165865,0.7268553940321346,1.0,0.5709134615384616,1.0,198075,0,148869,231296,0,0.9834036902031313,0.9834121847176844
0.894640628714044,0.72782874617737,1.0,0.5721153846153846,1.0,198492,0,148452,231296,0,0.9834036902031313,0.9834121847176844
0.8944498817801663,0.7288006111535523,1.0,0.5733173076923077,1.0,198909,0,148035,231296,0,0.9834036902031313,0.9834121847176844
0.894049329687177,0.7297709923664122,1.0,0.5745192307692307,1.0,199326,0,147618,231296,0,0.9834036902031313,0.9834121847176844
0.8937401272944633,0.7307398932112891,1.0,0.5757211538461539,1.0,199743,0,147201,231296,0,0.9834036902031313,0.9834121847176844
0.893246178837471,0.7317073170731707,1.0,0.5769230769230769,1.0,200160,0,146784,231296,0,0.9834036902031313,0.9834121847176844
0.8930725757794242,0.7326732673267327,1.0,0.578125,1.0,200577,0,146367,231296,0,0.9834036902031313,0.9834121847176844
0.8929535516051899,0.7336377473363774,1.0,0.5793269230769231,1.0,200994,0,145950,231296,0,0.9834036902031313,0.9834121847176844
0.8926704153933209,0.7346007604562738,1.0,0.5805288461538461,1.0,201411,0,145533,231296,0,0.9834036902031313,0.9834121847176844
0.8926030198999886,0.7355623100303952,1.0,0.5817307692307693,1.0,201828,0,145116,231296,0,0.9834036902031313,0.9834121847176844
0.8910077429684389,0.7365223993925588,1.0,0.5829326923076923,1.0,202245,0,144699,231296,0,0.9834036902031313,0.9834121847176844
0.8907148791755863,0.7374810318664643,1.0,0.5841346153846154,1.0,202662,0,144282,231296,0,0.9834036902031313,0.9834121847176844
0.8906563338977231,0.7384382107657316,1.0,0.5853365384615384,1.0,203079,0,143865,231296,0,0.9834036902031313,0.9834121847176844
0.8898097665204829,0.7393939393939394,1.0,0.5865384615384616,1.0,203496,0,143448,231296,0,0.9834036902031313,0.9834121847176844
0.8895229836265346,0.7403482210446631,1.0,0.5877403846153846,1.0,203913,0,143031,231296,0,0.9834036902031313,0.9834121847176844
0.8887631830467859,0.7413010590015129,1.0,0.5889423076923077,1.0,204330,0,142614,231296,0,0.9834036902031313,0.9834121847176844
0.8882238561038052,0.7422524565381708,1.0,0.5901442307692307,1.0,204747,0,142197,231296,0,0.9834036902031313,0.9834121847176844
0.8882135137783068,0.743202416918429,1.0,0.5913461538461539,1.0,205164,0,141780,231296,0,0.9834036902031313,0.9834121847176844
0.8878564987073394,0.7441509433962264,1.0,0.5925480769230769,1.0,205581,0,141363,231296,0,0.9834036902031313,0.9834121847176844
0.8878227497506417,0.7450980392156863,1.0,0.59375,1.0,205998,0,140946,231296,0,0.9834036902031313,0.9834121847176844
0.8877703505911985,0.746043707611153,1.0,0.5949519230769231,1.0,206415,0,140529,231296,0,0.9834036902031313,0.9834121847176844
0.8874071781380714,0.7469879518072289,1.0,0.5961538461538461,1.0,206832,0,140112,231296,0,0.9834036902031313,0.9834121847176844
0.8868666570078251,0.7479307750188111,1.0,0.5973557692307693,1.0,207249,0,139695,231296,0,0.9834036902031313,0.9834121847176844
0.8868194221971868,0.7488721804511278,1.0,0.5985576923076923,1.0,207666,0,139278,231296,0,0.9834036902031313,0.9834121847176844
0.88678073854696,0.7498121712997746,1.0,0.5997596153846154,1.0,208083,0,138861,231296,0,0.9834036902031313,0.9834121847176844
0.8860345169095492,0.7507507507507507,1.0,0.6009615384615384,1.0,208500,0,138444,231296,0,0.9834036902031313,0.9834121847176844
0.8858377533287081,0.7516879219804952,1.0,0.6021634615384616,1.0,208917,0,138027,231296,0,0.9834036902031313,0.9834121847176844
0.8853283078299363,0.7526236881559221,1.0,0.6033653846153846,1.0,209334,0,137610,231296,0,0.9834036902031313,0.9834121847176844
0.8852319263213442,0.753558052434457,1.0,0.6045673076923077,1.0,209751,0,137193,231296,0,0.9834036902031313,0.9834121847176844
0.8847816290510169,0.7544910179640718,1.0,0.6057692307692307,1.0,210168,0,136776,231296,0,0.9834036902031313,0.9834121847176844
0.8847233964736376,0.7554225878833208,1.0,0.6069711538461539,1.0,210585,0,136359,231296,0,0.9834036902031313,0.9834121847176844
0.8842008422594826,0.7563527653213752,1.0,0.6081730769230769,1.0,211002,0,135942,231296,0,0.9834036902031313,0.9834121847176844
0.8839842248177052,0.7572815533980582,1.0,0.609375,1.0,211419,0,135525,231296,0,0.9834036902031313,0.9834121847176844
0.8839150081932753,0.7582089552238805,1.0,0.6105769230769231,1.0,211836,0,135108,231296,0,0.9834036902031313,0.9834121847176844
0.882487173465275,0.7591349739000746,1.0,0.6117788461538461,1.0,212253,0,134691,231296,0,0.9834036902031313,0.9834121847176844
0.8824671827916698,0.7600596125186289,1.0,0.6129807692307693,1.0,212670,0,134274,231296,0,0.9834036902031313,0.9834121847176844
0.8823468877164586,0.7609828741623231,1.0,0.6141826923076923,1.0,213087,0,133857,231296,0,0.9834036902031313,0.9834121847176844
0.8819803999253741,0.7619047619047619,1.0,0.6153846153846154,1.0,213504,0,133440,231296,0,0.9834036902031313,0.9834121847176844
0.8817010075513536,0.762825278810409,1.0,0.6165865384615384,1.0,213921,0,133023,231296,0,0.9834036902031313,0.9834121847176844
0.8815905125685635,0.763744427934621,1.0,0.6177884615384616,1.0,214338,0,132606,231296,0,0.9834036902031313,0.9834121847176844
0.8814359855655074,0.7646622123236823,1.0,0.6189903846153846,1.0,214755,0,132189,231296,0,0.9834036902031313,0.9834121847176844
0.8812992016548303,0.7655786350148368,1.0,0.6201923076923077,1.0,215172,0,131772,231296,0,0.9834036902031313,0.9834121847176844
0.8809568022489396,0.7664936990363233,1.0,0.6213942307692307,1.0,215589,0,131355,231296,0,0.9834036902031313,0.9834121847176844
0.8804682598520721,0.7674074074074074,1.0,0.6225961538461539,1.0,216006,0,130938,231296,0,0.9834036902031313,0.9834121847176844
0.880163043221541,0.768319763138416,1.0,0.6237980769230769,1.0,216423,0,130521,231296,0,0.9834036902031313,0.9834121847176844
0.8801242113111118,0.7692307692307693,1.0,0.625,1.0,216840,0,130104,231296,0,0.9834036902031313,0.9834121847176844
0.8798124223480627,0.770140428677014,1.0,0.6262019230769231,1.0,217257,0,129687,231296,0,0.9834036902031313,0.9834121847176844
0.879388772547478,0.7710487444608567,1.0,0.6274038461538461,1.0,217674,0,129270,231296,0,0.9834036902031313,0.9834121847176844
0.8790304777663664,0.7719557195571956,1.0,0.6286057692307693,1.0,218091,0,128853,231296,0,0.9834036902031313,0.9834121847176844
0.8787885549101897,0.7728613569321534,1.0,0.6298076923076923,1.0,218508,0,128436,231296,0,0.9834036902031313,0.9834121847176844
0.878510068795921,0.7737656595431098,1.0,0.6310096153846154,1.0,218925,0,128019,231296,0,0.9834036902031313,0.9834121847176844
0.8784092828437837,0.7746686303387335,1.0,0.6322115384615384,1.0,219342,0,127602,231296,0,0.9834036902031313,0.9834121847176844
0.8783087095783325,0.775570272259014,1.0,0.6334134615384616,1.0,219759,0,127185,231296,0,0.9834036902031313,0.9834121847176844
0.8773189307683344,0.7764705882352941,1.0,0.6346153846153846,1.0,220176,0,126768,231296,0,0.9834036902031313,0.9834121847176844
0.8768041558353856,0.7773695811903012,1.0,0.6358173076923077,1.0,220593,0,126351,231296,0,0.9834036902031313,0.9834121847176844
0.8767532204617101,0.7782672540381792,1.0,0.6370192307692307,1.0,221010,0,125934,231296,0,0.9834036902031313,0.9834121847176844
0.8755570787949025,0.7791636096845195,1.0,0.6382211538461539,1.0,221427,0,125517,231296,0,0.9834036902031313,0.9834121847176844
0.8753391445487164,0.7800586510263929,1.0,0.6394230769230769,1.0,221844,0,125100,231296,0,0.9834036902031313,0.9834121847176844
0.8742297184459771,0.780952380952381,1.0,0.640625,1.0,222261,0,124683,231296,0,0.9834036902031313,0.9834121847176844
0.8739689643496706,0.7818448023426061,1.0,0.6418269230769231,1.0,222678,0,124266,231296,0,0.9834036902031313,0.9834121847176844
0.8736687850324494,0.7827359180687637,1.0,0.6430288461538461,1.0,223095,0,123849,231296,0,0.9834036902031313,0.9834121847176844
0.8733602350983897,0.783625730994152,1.0,0.6442307692307693,1.0,223512,0,123432,231296,0,0.9834036902031313,0.9834121847176844
0.8733282805107001,0.7845142439737034,1.0,0.6454326923076923,1.0,223929,0,123015,231296,0,0.9834036902031313,0.9834121847176844
0.8732486629061169,0.7854014598540145,1.0,0.6466346153846154,1.0,224346,0,122598,231296,0,0.9834036902031313,0.9834121847176844
0.8730614481189084,0.7862873814733771,1.0,0.6478365384615384,1.0,224763,0,122181,231296,0,0.9834036902031313,0.9834121847176844
0.8715263996263881,0.7871720116618076,1.0,0.6490384615384616,1.0,225180,0,121764,231296,0,0.9834036902031313,0.9834121847176844
0.8714771426695914,0.7880553532410779,1.0,0.6502403846153846,1.0,225597,0,121347,231296,0,0.9834036902031313,0.9834121847176844
0.8712687036471476,0.7889374090247453,1.0,0.6514423076923077,1.0,226014,0,120930,231296,0,0.9834036902031313,0.9834121847176844
0.8700770784985958,0.7898181818181819,1.0,0.6526442307692307,1.0,226431,0,120513,231296,0,0.9834036902031313,0.9834121847176844
0.8698162670594373,0.7906976744186046,1.0,0.6538461538461539,1.0,226848,0,120096,231296,0,0.9834036902031313,0.9834121847176844
0.8690926960850179,0.7915758896151053,1.0,0.6550480769230769,1.0,227265,0,119679,231296,0,0.9834036902031313,0.9834121847176844
0.8690688672399014,0.7924528301886793,1.0,0.65625,1.0,227682,0,119262,231296,0,0.9834036902031313,0.9834121847176844
0.8681535635522126,0.7933284989122552,1.0,0.6574519230769231,1.0,228099,0,118845,231296,0,0.9834036902031313,0.9834121847176844
0.8679499523404126,0.7942028985507247,1.0,0.6586538461538461,1.0,228516,0,118428,231296,0,0.9834036902031313,0.9834121847176844
0.8678946271690815,0.7950760318609703,1.0,0.6598557692307693,1.0,228933,0,118011,231296,0,0.9834036902031313,0.9834121847176844
0.8677641665149887,0.7959479015918958,1.0,0.6610576923076923,1.0,229350,0,117594,231296,0,0.9834036902031313,0.9834121847176844
0.8673316177694645,0.7968185104844541,1.0,0.6622596153846154,1.0,229767,0,117177,231296,0,0.9834036902031313,0.9834121847176844
0.8665320681649317,0.7976878612716763,1.0,0.6634615384615384,1.0,230184,0,116760,231296,0,0.9834036902031313,0.9834121847176844
0.866476778374905,0.7985559566787004,1.0,0.6646634615384616,1.0,230601,0,116343,231296,0,0.9834036902031313,0.9834121847176844
0.8661080478049464,0.7994227994227994,1.0,0.6658653846153846,1.0,231018,0,115926,231296,0,0.9834036902031313,0.9834121847176844
0.866029527915638,0.8002883922134102,1.0,0.6670673076923077,1.0,231435,0,115509,231296,0,0.9834036902031313,0.9834121847176844
0.8659336780781903,0.8011527377521613,1.0,0.6682692307692307,1.0,231852,0,115092,231296,0,0.9834036902031313,0.9834121847176844
0.865276451933133,0.8020158387329014,1.0,0.6694711538461539,1.0,232269,0,114675,231296,0,0.9834036902031313,0.9834121847176844
0.8651647657523325,0.8028776978417266,1.0,0.6706730769230769,1.0,232686,0,114258,231296,0,0.9834036902031313,0.9834121847176844
0.8646434800695451,0.8037383177570093,1.0,0.671875,1.0,233103,0,113841,231296,0,0.9834036902031313,0.9834121847176844
0.8643304665695963,0.8045977011494253,1.0,0.6730769230769231,1.0,233520,0,113424,231296,0,0.9834036902031313,0.9834121847176844
0.8638570638753196,0.8054558506819813,1.0,0.6742788461538461,1.0,233937,0,113007,231296,0,0.9834036902031313,0.9834121847176844
0.8626549052994913,0.806312769010043,1.0,0.6754807692307693,1.0,234354,0,112590,231296,0,0.9834036902031313,0.9834121847176844
0.8609012824180667,0.807168458781362,1.0,0.6766826923076923,1.0,234771,0,112173,231296,0,0.9834036902031313,0.9834121847176844
0.8608046229098812,0.8080229226361032,1.0,0.6778846153846154,1.0,235188,0,111756,231296,0,0.9834036902031313,0.9834121847176844
0.8607068867897633,0.8088761632068718,1.0,0.6790865384615384,1.0,235605,0,111339,231296,0,0.9834036902031313,0.9834121847176844
0.8605295427968963,0.8097281831187411,1.0,0.6802884615384616,1.0,236022,0,110922,231296,0,0.9834036902031313,0.9834121847176844
0.8593887338131235,0.810578984989278,1.0,0.6814903846153846,1.0,236439,0,110505,231296,0,0.9834036902031313,0.9834121847176844
0.8593868254765562,0.8114285714285714,1.0,0.6826923076923077,1.0,236856,0,110088,231296,0,0.9834036902031313,0.9834121847176844
0.8591286634704518,0.8122769450392576,1.0,0.6838942307692307,1.0,237273,0,109671,231296,0,0.9834036902031313,0.9834121847176844
0.8590371352554753,0.8131241084165478,1.0,0.6850961538461539,1.0,237690,0,109254,231296,0,0.9834036902031313,0.9834121847176844
0.8585395454813833,0.8139700641482538,1.0,0.6862980769230769,1.0,238107,0,108837,231296,0,0.9834036902031313,0.9834121847176844
0.8583727063464044,0.8148148148148148,1.0,0.6875,1.0,238524,0,108420,231296,0,0.9834036902031313,0.9834121847176844
0.8577605213945143,0.8156583629893238,1.0,0.6887019230769231,1.0,238941,0,108003,231296,0,0.9834036902031313,0.9834121847176844
0.8577409399435474,0.8165007112375533,1.0,0.6899038461538461,1.0,239358,0,107586,231296,0,0.9834036902031313,0.9834121847176844
0.8574470227220494,0.8173418621179815,1.0,0.6911057692307693,1.0,239775,0,107169,231296,0,0.9834036902031313,0.9834121847176844
0.8553705842222419,0.8181818181818182,1.0,0.6923076923076923,1.0,240192,0,106752,231296,0,0.9834036902031313,0.9834121847176844
0.8550758262404106,0.8190205819730305,1.0,0.6935096153846154,1.0,240609,0,106335,231296,0,0.9834036902031313,0.9834121847176844
0.8541829650732089,0.8198581560283688,1.0,0.6947115384615384,1.0,241026,0,105918,231296,0,0.9834036902031313,0.9834121847176844
0.8537832501181415,0.820694542877392,1.0,0.6959134615384616,1.0,241443,0,105501,231296,0,0.9834036902031313,0.9834121847176844
0.8525714289488742,0.8215297450424929,1.0,0.6971153846153846,1.0,241860,0,105084,231296,0,0.9834036902031313,0.9834121847176844
0.8514622015760989,0.8223637650389243,1.0,0.6983173076923077,1.0,242277,0,104667,231296,0,0.9834036902031313,0.9834121847176844
0.8507631401929872,0.8231966053748232,1.0,0.6995192307692307,1.0,242694,0,104250,231296,0,0.9834036902031313,0.9834121847176844
0.850190899959854,0.8240282685512368,1.0,0.7007211538461539,1.0,243111,0,103833,231296,0,0.9834036902031313,0.9834121847176844
0.8501729367658422,0.8248587570621468,1.0,0.7019230769230769,1.0,243528,0,103416,231296,0,0.9834036902031313,0.9834121847176844
0.8494508832056854,0.8256880733944955,1.0,0.703125,1.0,243945,0,102999,231296,0,0.9834036902031313,0.9834121847176844
0.8482251368520096,0.8265162200282088,1.0,0.7043269230769231,1.0,244362,0,102582,231296,0,0.9834036902031313,0.9834121847176844
0.846998118510121,0.8273431994362227,1.0,0.7055288461538461,1.0,244779,0,102165,231296,0,0.9834036902031313,0.9834121847176844
0.8458677358308249,0.828169014084507,1.0,0.7067307692307693,1.0,245196,0,101748,231296,0,0.9834036902031313,0.9834121847176844
0.8458025265758671,0.82899366643209,1.0,0.7079326923076923,1.0,245613,0,101331,231296,0,0.9834036902031313,0.9834121847176844
0.8446182472758543,0.829817158931083,1.0,0.7091346153846154,1.0,246030,0,100914,231296,0,0.9834036902031313,0.9834121847176844
0.8440416940920443,0.8306394940267041,1.0,0.7103365384615384,1.0,246447,0,100497,231296,0,0.9834036902031313,0.9834121847176844
0.8427702746189324,0.8314606741573034,1.0,0.7115384615384616,1.0,246864,0,100080,231296,0,0.9834036902031313,0.9834121847176844
0.8418121991297294,0.832280701754386,1.0,0.7127403846153846,1.0,247281,0,99663,231296,0,0.9834036902031313,0.9834121847176844
0.8414380049832157,0.8330995792426368,1.0,0.7139423076923077,1.0,247698,0,99246,231296,0,0.9834036902031313,0.9834121847176844
0.840392931400928,0.833917309039944,1.0,0.7151442307692307,1.0,248115,0,98829,231296,0,0.9834036902031313,0.9834121847176844
0.8395712327053351,0.834733893557423,1.0,0.7163461538461539,1.0,248532,0,98412,231296,0,0.9834036902031313,0.9834121847176844
0.8390871399228982,0.8355493351994402,1.0,0.7175480769230769,1.0,248949,0,97995,231296,0,0.9834036902031313,0.9834121847176844
0.838942044390304,0.8363636363636363,1.0,0.71875,1.0,249366,0,97578,231296,0,0.9834036902031313,0.9834121847176844
0.8388566292179092,0.8371767994409504,1.0,0.7199519230769231,1.0,249783,0,97161,231296,0,0.9834036902031313,0.9834121847176844
0.8383053536067087,0.8379888268156425,1.0,0.7211538461538461,1.0,250200,0,96744,231296,0,0.9834036902031313,0.9834121847176844
0.838014232214479,0.8387997208653175,1.0,0.7223557692307693,1.0,250617,0,96327,231296,0,0.9834036902031313,0.9834121847176844
0.8374229091110321,0.8396094839609484,1.0,0.7235576923076923,1.0,251034,0,95910,231296,0,0.9834036902031313,0.9834121847176844
0.8373475231478335,0.840418118466899,1.0,0.7247596153846154,1.0,251451,0,95493,231296,0,0.9834036902031313,0.9834121847176844
0.8367617602396519,0.841225626740947,1.0,0.7259615384615384,1.0,251868,0,95076,231296,0,0.9834036902031313,0.9834121847176844
0.8352186386211632,0.8420320111343076,1.0,0.7271634615384616,1.0,252285,0,94659,231296,0,0.9834036902031313,0.9834121847176844
0.8351996372526307,0.8428372739916551,1.0,0.7283653846153846,1.0,252702,0,94242,231296,0,0.9834036902031313,0.9834121847176844
0.8351468265575899,0.8436414176511466,1.0,0.7295673076923077,1.0,253119,0,93825,231296,0,0.9834036902031313,0.9834121847176844
0.8351456209894677,0.8444444444444444,1.0,0.7307692307692307,1.0,253536,0,93408,231296,0,0.9834036902031313,0.9834121847176844
0.8346129161533851,0.8452463566967384,1.0,0.7319711538461539,1.0,253953,0,92991,231296,0,0.9834036902031313,0.9834121847176844
0.8344094349482226,0.8460471567267683,1.0,0.7331730769230769,1.0,254370,0,92574,231296,0,0.9834036902031313,0.9834121847176844
0.8343471786602583,0.8468468468468469,1.0,0.734375,1.0,254787,0,92157,231296,0,0.9834036902031313,0.9834121847176844
0.8321504014366176,0.8476454293628809,1.0,0.7355769230769231,1.0,255204,0,91740,231296,0,0.9834036902031313,0.9834121847176844
0.8310010430013397,0.8484429065743945,1.0,0.7367788461538461,1.0,255621,0,91323,231296,0,0.9834036902031313,0.9834121847176844
0.8297326973282523,0.8492392807745505,1.0,0.7379807692307693,1.0,256038,0,90906,231296,0,0.9834036902031313,0.9834121847176844
0.8295882070818331,0.8500345542501728,1.0,0.7391826923076923,1.0,256455,0,90489,231296,0,0.9834036902031313,0.9834121847176844
0.8286252532842197,0.850828729281768,1.0,0.7403846153846154,1.0,256872,0,90072,231296,0,0.9834036902031313,0.9834121847176844
0.8264071423395172,0.8516218081435473,1.0,0.7415865384615384,1.0,257289,0,89655,231296,0,0.9834036902031313,0.9834121847176844
0.8262531140277609,0.8524137931034482,1.0,0.7427884615384616,1.0,257706,0,89238,231296,0,0.9834036902031313,0.9834121847176844
0.8255655776973709,0.8532046864231564,1.0,0.7439903846153846,1.0,258123,0,88821,231296,0,0.9834036902031313,0.9834121847176844
0.8238237089642433,0.8539944903581267,1.0,0.7451923076923077,1.0,258540,0,88404,231296,0,0.9834036902031313,0.9834121847176844
0.8237066976057388,0.8547832071576049,1.0,0.7463942307692307,1.0,258957,0,87987,231296,0,0.9834036902031313,0.9834121847176844
0.8234400118639542,0.8555708390646493,1.0,0.7475961538461539,1.0,259374,0,87570,231296,0,0.9834036902031313,0.9834121847176844
0.8230170634884157,0.8563573883161512,1.0,0.7487980769230769,1.0,259791,0,87153,231296,0,0.9834036902031313,0.9834121847176844
0.8219848944889141,0.8571428571428571,1.0,0.75,1.0,260208,0,86736,231296,0,0.9834036902031313,0.9834121847176844
0.821913463275781,0.8579272477693891,1.0,0.7512019230769231,1.0,260625,0,86319,231296,0,0.9834036902031313,0.9834121847176844
0.8219074492017706,0.8587105624142661,1.0,0.7524038461538461,1.0,261042,0,85902,231296,0,0.9834036902031313,0.9834121847176844
0.8213589541590434,0.8594928032899246,1.0,0.7536057692307693,1.0,261459,0,85485,231296,0,0.9834036902031313,0.9834121847176844
0.8212270383533216,0.8602739726027397,1.0,0.7548076923076923,1.0,261876,0,85068,231296,0,0.9834036902031313,0.9834121847176844
0.8185985281969632,0.8610540725530459,1.0,0.7560096153846154,1.0,262293,0,84651,231296,0,0.9834036902031313,0.9834121847176844
0.8183831681566422,0.8618331053351573,1.0,0.7572115384615384,1.0,262710,0,84234,231296,0,0.9834036902031313,0.9834121847176844
0.8167670973506591,0.8626110731373889,1.0,0.7584134615384616,1.0,263127,0,83817,231296,0,0.9834036902031313,0.9834121847176844
0.8154141307149377,0.8633879781420765,1.0,0.7596153846153846,1.0,263544,0,83400,231296,0,0.9834036902031313,0.9834121847176844
0.8146325852304506,0.8641638225255973,1.0,0.7608173076923077,1.0,263961,0,82983,231296,0,0.9834036902031313,0.9834121847176844
0.8122821923967973,0.8649386084583902,1.0,0.7620192307692307,1.0,264378,0,82566,231296,0,0.9834036902031313,0.9834121847176844
0.8092997487186663,0.8657123381049762,1.0,0.7632211538461539,1.0,264795,0,82149,231296,0,0.9834036902031313,0.9834121847176844
0.8090926881465854,0.8664850136239782,1.0,0.7644230769230769,1.0,265212,0,81732,231296,0,0.9834036902031313,0.9834121847176844
0.8080183469976174,0.8672566371681416,1.0,0.765625,1.0,265629,0,81315,231296,0,0.9834036902031313,0.9834121847176844
0.8072022822204298,0.8680272108843538,1.0,0.7668269230769231,1.0,266046,0,80898,231296,0,0.9834036902031313,0.9834121847176844
0.8060767489774157,0.8687967369136642,1.0,0.7680288461538461,1.0,266463,0,80481,231296,0,0.9834036902031313,0.9834121847176844
0.8060217690216565,0.8695652173913043,1.0,0.7692307692307693,1.0,266880,0,80064,231296,0,0.9834036902031313,0.9834121847176844
0.8055984521283619,0.8703326544467074,1.0,0.7704326923076923,1.0,267297,0,79647,231296,0,0.9834036902031313,0.9834121847176844
0.8046338826653858,0.8710990502035278,1.0,0.7716346153846154,1.0,267714,0,79230,231296,0,0.9834036902031313,0.9834121847176844
0.8039933271188962,0.871864406779661,1.0,0.7728365384615384,1.0,268131,0,78813,231296,0,0.9834036902031313,0.9834121847176844
0.8039072474833819,0.8726287262872628,1.0,0.7740384615384616,1.0,268548,0,78396,231296,0,0.9834036902031313,0.9834121847176844
0.8036734742672904,0.8733920108327691,1.0,0.7752403846153846,1.0,268965,0,77979,231296,0,0.9834036902031313,0.9834121847176844
0.803080578435513,0.8741542625169147,1.0,0.7764423076923077,1.0,269382,0,77562,231296,0,0.9834036902031313,0.9834121847176844
0.8020783214716126,0.8749154834347532,1.0,0.7776442307692307,1.0,269799,0,77145,231296,0,0.9834036902031313,0.9834121847176844
0.8020525151497088,0.8737367931020524,0.9969257032638538,0.7776442307692307,0.9964028776978417,269799,832,77145,230464,832,0.9834036902031313,0.9834121847176844
0.8020006681060681,0.8725612743710857,0.9938702511944537,0.7776442307692307,0.9928057553956835,269799,1664,77145,229632,1664,0.9834036902031313,0.9834121847176844
0.8015123967727227,0.8733210088813621,0.9938796527879947,0.7788461538461539,0.9928057553956835,270216,1664,76728,229632,1664,0.9834036902031313,0.9834121847176844
0.8014640661320883,0.8740797201735673,0.9938890255860329,0.7800480769230769,0.9928057553956835,270633,1664,76311,229632,1664,0.9834036902031313,0.9834121847176844
0.8012798509898433,0.874837410313431,0.9938983697206597,0.78125,0.9928057553956835,271050,1664,75894,229632,1664,0.9834036902031313,0.9834121847176844
0.801190309426125,0.8755940813611257,0.99390768532316,0.7824519230769231,0.9928057553956835,271467,1664,75477,229632,1664,0.9834036902031313,0.9834121847176844
0.8003173693049919,0.876349735371286,0.9939169725240177,0.7836538461538461,0.9928057553956835,271884,1664,75060,229632,1664,0.9834036902031313,0.9834121847176844
0.7993620168021407,0.877104374393027,0.9939262314529228,0.7848557692307693,0.9928057553956835,272301,1664,74643,229632,1664,0.9834036902031313,0.9834121847176844
0.7976707795853653,0.8778580004699627,0.9939354622387766,0.7860576923076923,0.9928057553956835,272718,1664,74226,229632,1664,0.9834036902031313,0.9834121847176844
0.7972908600247783,0.8786106156402244,0.993944665009698,0.7872596153846154,0.9928057553956835,273135,1664,73809,229632,1664,0.9834036902031313,0.9834121847176844
0.7962217866531143,0.8793622219364794,0.9939538398930294,0.7884615384615384,0.9928057553956835,273552,1664,73392,229632,1664,0.9834036902031313,0.9834121847176844
0.7952255357669527,0.880112821385949,0.9939629870153429,0.7896634615384616,0.9928057553956835,273969,1664,72975,229632,1664,0.9834036902031313,0.9834121847176844
0.7942526284613595,0.880862416010427,0.9939721065024452,0.7908653846153846,0.9928057553956835,274386,1664,72558,229632,1664,0.9834036902031313,0.9834121847176844
0.7942406750991537,0.8816110078262975,0.9939811984793845,0.7920673076923077,0.9928057553956835,274803,1664,72141,229632,1664,0.9834036902031313,0.9834121847176844
0.7937652624179398,0.8823585988445533,0.9939902630704555,0.7932692307692307,0.9928057553956835,275220,1664,71724,229632,1664,0.9834036902031313,0.9834121847176844
0.7929490418207301,0.8831051910708135,0.9939993003992051,0.7944711538461539,0.9928057553956835,275637,1664,71307,229632,1664,0.9834036902031313,0.9834121847176844
0.7923510785594627,0.8838507865053421,0.9940083105884386,0.7956730769230769,0.9928057553956835,276054,1664,70890,229632,1664,0.9834036902031313,0.9834121847176844
0.7916656838689671,0.8845953871430651,0.9940172937602243,0.796875,0.9928057553956835,276471,1664,70473,229632,1664,0.9834036902031313,0.9834121847176844
0.7899764267694629,0.8853389949735889,0.9940262500359,0.7980769230769231,0.9928057553956835,276888,1664,70056,229632,1664,0.9834036902031313,0.9834121847176844
0.7889109439964905,0.8841629306050504,0.9910660596168714,0.7980769230769231,0.9892086330935251,276888,2496,70056,228800,2496,0.9834036902031313,0.9834121847176844
0.788793664801615,0.8849053442787737,0.9910793742695702,0.7992788461538461,0.9892086330935251,277305,2496,69639,228800,2496,0.9834036902031313,0.9834121847176844
0.788659318905724,0.8856467706908263,0.9910926492944778,0.8004807692307693,0.9892086330935251,277722,2496,69222,228800,2496,0.9834036902031313,0.9834121847176844
0.7877573113707781,0.8863872118091906,0.9911058848682452,0.8016826923076923,0.9892086330935251,278139,2496,68805,228800,2496,0.9834036902031313,0.9834121847176844
0.7860706880011653,0.8871266695966217,0.9911190811664745,0.8028846153846154,0.9892086330935251,278556,2496,68388,228800,2496,0.9834036902031313,0.9834121847176844
0.7858513361280458,0.8878651460106649,0.9911322383637274,0.8040865384615384,0.9892086330935251,278973,2496,67971,228800,2496,0.9834036902031313,0.9834121847176844
0.7845726488836745,0.8886026430036735,0.9911453566335328,0.8052884615384616,0.9892086330935251,279390,2496,67554,228800,2496,0.9834036902031313,0.9834121847176844
0.7843437215596463,0.8893391625228249,0.9911584361483937,0.8064903846153846,0.9892086330935251,279807,2496,67137,228800,2496,0.9834036902031313,0.9834121847176844
0.7839980507473956,0.8900747065101388,0.9911714770797962,0.8076923076923077,0.9892086330935251,280224,2496,66720,228800,2496,0.9834036902031313,0.9834121847176844
0.7802645908996826,0.8908092769024935,0.9911844795982157,0.8088942307692307,0.9892086330935251,280641,2496,66303,228800,2496,0.9834036902031313,0.9834121847176844
0.7792533827099346,0.8915428756316436,0.9911974438731247,0.8100961538461539,0.9892086330935251,281058,2496,65886,228800,2496,0.9834036902031313,0.9834121847176844
0.7789542283246489,0.8922755046242362,0.9912103700730004,0.8112980769230769,0.9892086330935251,281475,2496,65469,228800,2496,0.9834036902031313,0.9834121847176844
0.7785026637087866,0.8930071658018285,0.9912232583653319,0.8125,0.9892086330935251,281892,2496,65052,228800,2496,0.9834036902031313,0.9834121847176844
0.7776482295264979,0.8937378610809039,0.9912361089166272,0.8137019230769231,0.9892086330935251,282309,2496,64635,228800,2496,0.9834036902031313,0.9834121847176844
0.7738781252079681,0.8925623754112122,0.9883488483634824,0.8137019230769231,0.9856115107913669,282309,3328,64635,227968,3328,0.9834036902031313,0.9834121847176844
0.7726172479835604,0.8932919219334027,0.9883658330245338,0.8149038461538461,0.9856115107913669,282726,3328,64218,227968,3328,0.9834036902031313,0.9834121847176844
0.7723353306858383,0.8940205078818784,0.9883827682383208,0.8161057692307693,0.9856115107913669,283143,3328,63801,227968,3328,0.9834036902031313,0.9834121847176844
0.7718835881873759,0.8947481351525325,0.9883996542204624,0.8173076923076923,0.9856115107913669,283560,3328,63384,227968,3328,0.9834036902031313,0.9834121847176844
0.7717909294371836,0.8954748056362722,0.9884164911853257,0.8185096153846154,0.9856115107913669,283977,3328,62967,227968,3328,0.9834036902031313,0.9834121847176844
0.7716955991845798,0.8962005212190349,0.9884332793460354,0.8197115384615384,0.9856115107913669,284394,3328,62550,227968,3328,0.9834036902031313,0.9834121847176844
0.7716502822107961,0.8969252837818049,0.9884500189144823,0.8209134615384616,0.9856115107913669,284811,3328,62133,227968,3328,0.9834036902031313,0.9834121847176844
0.7713854502408974,0.8976490952006294,0.9884667101013321,0.8221153846153846,0.9856115107913669,285228,3328,61716,227968,3328,0.9834036902031313,0.9834121847176844
0.7696662200523857,0.8983719573466349,0.9884833531160351,0.8233173076923077,0.9856115107913669,285645,3328,61299,227968,3328,0.9834036902031313,0.9834121847176844
0.7688556859739895,0.8990938720860429,0.9884999481668337,0.8245192307692307,0.9856115107913669,286062,3328,60882,227968,3328,0.9834036902031313,0.9834121847176844
0.7687547551168975,0.8998148412801864,0.9885164954607721,0.8257211538461539,0.9856115107913669,286479,3328,60465,227968,3328,0.9834036902031313,0.9834121847176844
0.7678594505260692,0.900534866785526,0.9885329952037047,0.8269230769230769,0.9856115107913669,286896,3328,60048,227968,3328,0.9834036902031313,0.9834121847176844
0.7674152192234989,0.901253950453665,0.9885494476003042,0.828125,0.9856115107913669,287313,3328,59631,227968,3328,0.9834036902031313,0.9834121847176844
0.7663231405590576,0.9019720941313664,0.9885658528540703,0.8293269230769231,0.9856115107913669,287730,3328,59214,227968,3328,0.9834036902031313,0.9834121847176844
0.7655261280773521,0.9026892996605678,0.9885822111673386,0.8305288461538461,0.9856115107913669,288147,3328,58797,227968,3328,0.9834036902031313,0.9834121847176844
0.7655219544864508,0.9034055688783976,0.9885985227412879,0.8317307692307693,0.9856115107913669,288564,3328,58380,227968,3328,0.9834036902031313,0.9834121847176844
0.7645959156439381,0.9041209036171907,0.9886147877759495,0.8329326923076923,0.9856115107913669,288981,3328,57963,227968,3328,0.9834036902031313,0.9834121847176844
0.7645886562511701,0.9048353057045039,0.9886310064702145,0.8341346153846154,0.9856115107913669,289398,3328,57546,227968,3328,0.9834036902031313,0.9834121847176844
0.7620880812875992,0.9055487769631316,0.9886471790218426,0.8353365384615384,0.9856115107913669,289815,3328,57129,227968,3328,0.9834036902031313,0.9834121847176844
0.7617429249144665,0.9062613192111213,0.9886633056274697,0.8365384615384616,0.9856115107913669,290232,3328,56712,227968,3328,0.9834036902031313,0.9834121847176844
0.7615743680827468,0.9069729342617889,0.988679386482616,0.8377403846153846,0.9856115107913669,290649,3328,56295,227968,3328,0.9834036902031313,0.9834121847176844
0.7613188496336293,0.9076836239237345,0.9886954217816939,0.8389423076923077,0.9856115107913669,291066,3328,55878,227968,3328,0.9834036902031313,0.9834121847176844
0.7612552863905411,0.9083933900008571,0.9887114117180159,0.8401442307692307,0.9856115107913669,291483,3328,55461,227968,3328,0.9834036902031313,0.9834121847176844
0.7593175440071402,0.9091022342923702,0.9887273564838024,0.8413461538461539,0.9856115107913669,291900,3328,55044,227968,3328,0.9834036902031313,0.9834121847176844
0.7567782044176172,0.9098101585928174,0.9887432562701889,0.8425480769230769,0.9856115107913669,292317,3328,54627,227968,3328,0.9834036902031313,0.9834121847176844
0.7551624557484997,0.9105171646920869,0.9887591112672346,0.84375,0.9856115107913669,292734,3328,54210,227968,3328,0.9834036902031313,0.9834121847176844
0.7517382484167909,0.9112232543754264,0.988774921663929,0.8449519230769231,0.9856115107913669,293151,3328,53793,227968,3328,0.9834036902031313,0.9834121847176844
0.7493759781064371,0.9119284294234592,0.9887906876482,0.8461538461538461,0.9856115107913669,293568,3328,53376,227968,3328,0.9834036902031313,0.9834121847176844
0.7487212570864553,0.9126326916121983,0.9888064094069213,0.8473557692307693,0.9856115107913669,293985,3328,52959,227968,3328,0.9834036902031313,0.9834121847176844
0.7481242594646672,0.9133360427130611,0.9888220871259195,0.8485576923076923,0.9856115107913669,294402,3328,52542,227968,3328,0.9834036902031313,0.9834121847176844
0.7471969075204781,0.9140384844928855,0.9888377209899815,0.8497596153846154,0.9856115107913669,294819,3328,52125,227968,3328,0.9834036902031313,0.9834121847176844
0.74674475961147,0.9147400187139432,0.988853311182862,0.8509615384615384,0.9856115107913669,295236,3328,51708,227968,3328,0.9834036902031313,0.9834121847176844
0.7459446290519318,0.9154406471339552,0.9888688578872905,0.8521634615384616,0.9856115107913669,295653,3328,51291,227968,3328,0.9834036902031313,0.9834121847176844
0.7446092646621891,0.9161403715061067,0.9888843612849785,0.8533653846153846,0.9856115107913669,296070,3328,50874,227968,3328,0.9834036902031313,0.9834121847176844
0.7435634895611984,0.9149625912042202,0.9861439563001698,0.8533653846153846,0.9820143884892086,296070,4160,50874,227136,4160,0.9834036902031313,0.9834121847176844
0.7417101584425994,0.9137878352978214,0.9834186978097534,0.8533653846153846,0.9784172661870504,296070,4992,50874,226304,4992,0.9834036902031313,0.9834121847176844
0.7412548519121789,0.9144863769483809,0.9834416327505399,0.8545673076923077,0.9784172661870504,296487,4992,50457,226304,4992,0.9834036902031313,0.9834121847176844
0.7410770928402974,0.9151840207138894,0.9834645043326179,0.8557692307692307,0.9784172661870504,296904,4992,50040,226304,4992,0.9834036902031313,0.9834121847176844
0.7406288047793628,0.9158807683244078,0.9834873128181719,0.8569711538461539,0.9784172661870504,297321,4992,49623,226304,4992,0.9834036902031313,0.9834121847176844
0.7403816730131678,0.9165766215055551,0.9835100584679417,0.8581730769230769,0.9784172661870504,297738,4992,49206,226304,4992,0.9834036902031313,0.9834121847176844
0.7402650103258195,0.9154043160247561,0.9808144629433196,0.8581730769230769,0.9748201438848921,297738,5824,49206,225472,5824,0.9834036902031313,0.9834121847176844
0.7387026327927921,0.9160991392223043,0.9808407817645298,0.859375,0.9748201438848921,298155,5824,48789,225472,5824,0.9834036902031313,0.9834121847176844
0.7373535524186154,0.9167930727423466,0.9808670284760641,0.8605769230769231,0.9748201438848921,298572,5824,48372,225472,5824,0.9834036902031313,0.9834121847176844
0.7344858873403115,0.9174861182925538,0.9808932033738719,0.8617788461538461,0.9748201438848921,298989,5824,47955,225472,5824,0.9834036902031313,0.9834121847176844
0.7340602309507394,0.9181782775762296,0.9809193067522851,0.8629807692307693,0.9748201438848921,299406,5824,47538,225472,5824,0.9834036902031313,0.9834121847176844
0.7340584648018738,0.918869552292324,0.9809453389040298,0.8641826923076923,0.9748201438848921,299823,5824,47121,225472,5824,0.9834036902031313,0.9834121847176844
0.7314674165406672,0.9195599441354471,0.9809713001202363,0.8653846153846154,0.9748201438848921,300240,5824,46704,225472,5824,0.9834036902031313,0.9834121847176844
0.7307740005852321,0.9202494547958833,0.9809971906904507,0.8665865384615384,0.9748201438848921,300657,5824,46287,225472,5824,0.9834036902031313,0.9834121847176844
0.7304161024198919,0.9209380859596049,0.9810230109026452,0.8677884615384616,0.9748201438848921,301074,5824,45870,225472,5824,0.9834036902031313,0.9834121847176844
0.7293964813595252,0.9216258393082861,0.9810487610432292,0.8689903846153846,0.9748201438848921,301491,5824,45453,225472,5824,0.9834036902031313,0.9834121847176844
0.7283626373974937,0.9204553260539375,0.9783999195189309,0.8689903846153846,0.9712230215827338,301491,6656,45453,224640,6656,0.9834036902031313,0.9834121847176844
0.7273533100142006,0.921142076069247,0.9784291103304339,0.8701923076923077,0.9712230215827338,301908,6656,45036,224640,6656,0.9834036902031313,0.9834121847176844
0.7270579983878089,0.9218279528909555,0.9784582223502416,0.8713942307692307,0.9712230215827338,302325,6656,44619,224640,6656,0.9834036902031313,0.9834121847176844
0.7241526962101043,0.9225129581833861,0.9784872558969353,0.8725961538461539,0.9712230215827338,302742,6656,44202,224640,6656,0.9834036902031313,0.9834121847176844
0.7235337031576884,0.923197093606635,0.9785162112873812,0.8737980769230769,0.9712230215827338,303159,6656,43785,224640,6656,0.9834036902031313,0.9834121847176844
0.7232927498397532,0.9238803608165849,0.9785450888367415,0.875,0.9712230215827338,303576,6656,43368,224640,6656,0.9834036902031313,0.9834121847176844
0.7218639486690314,0.9245627614649182,0.9785738888584866,0.8762019230769231,0.9712230215827338,303993,6656,42951,224640,6656,0.9834036902031313,0.9834121847176844
0.7210838248559903,0.9252442971991307,0.9786026116644057,0.8774038461538461,0.9712230215827338,304410,6656,42534,224640,6656,0.9834036902031313,0.9834121847176844
0.7185303656924527,0.9240758785869754,0.9759921512802262,0.8774038461538461,0.9676258992805755,304410,7488,42534,223808,7488,0.9834036902031313,0.9834121847176844
0.7180052138843098,0.9247564310839897,0.9760242063301474,0.8786057692307693,0.9676258992805755,304827,7488,42117,223808,7488,0.9834036902031313,0.9834121847176844
0.7179629558793569,0.9254361231877467,0.9760561758950156,0.8798076923076923,0.9676258992805755,305244,7488,41700,223808,7488,0.9834036902031313,0.9834121847176844
0.7176642017424453,0.9261149565288528,0.976088060316335,0.8810096153846154,0.9676258992805755,305661,7488,41283,223808,7488,0.9834036902031313,0.9834121847176844
0.7171326814603931,0.9249491243333208,0.9735015813058752,0.8810096153846154,0.9640287769784173,305661,8320,41283,222976,8320,0.9834036902031313,0.9834121847176844
0.7154499027056664,0.925626982710912,0.9735367273328711,0.8822115384615384,0.9640287769784173,306078,8320,40866,222976,8320,0.9834036902031313,0.9834121847176844
0.7132950665973852,0.9263039867988195,0.973571780251894,0.8834134615384616,0.9640287769784173,306495,8320,40449,222976,8320,0.9834036902031313,0.9834121847176844
0.7130616088944546,0.9269801382109892,0.9736067404324434,0.8846153846153846,0.9640287769784173,306912,8320,40032,222976,8320,0.9834036902031313,0.9834121847176844
0.7116769069913624,0.9276554385573044,0.9736416082420664,0.8858173076923077,0.9640287769784173,307329,8320,39615,222976,8320,0.9834036902031313,0.9834121847176844
0.7107596530403861,0.9264920676790895,0.971081992283897,0.8858173076923077,0.960431654676259,307329,9152,39615,222144,9152,0.9834036902031313,0.9834121847176844
0.7106884714667282,0.9253316111083512,0.9685357990375434,0.8858173076923077,0.9568345323741008,307329,9984,39615,221312,9984,0.9834036902031313,0.9834121847176844
0.7094435934443495,0.9260058314301447,0.9685770937588518,0.8870192307692307,0.9568345323741008,307746,9984,39198,221312,9984,0.9834036902031313,0.9834121847176844
0.7086942956825036,0.9266792063040997,0.9686182802289508,0.8882211538461539,0.9568345323741008,308163,9984,38781,221312,9984,0.9834036902031313,0.9834121847176844
0.7077649075596064,0.9273517373194612,0.9686593588729423,0.8894230769230769,0.9568345323741008,308580,9984,38364,221312,9984,0.9834036902031313,0.9834121847176844
0.7077060470978161,0.9280234260614935,0.9687003301137058,0.890625,0.9568345323741008,308997,9984,37947,221312,9984,0.9834036902031313,0.9834121847176844
0.705706220477327,0.9286942741114923,0.9687411943719122,0.8918269230769231,0.9568345323741008,309414,9984,37530,221312,9984,0.9834036902031313,0.9834121847176844
0.7055400075728648,0.929364283046798,0.9687819520660382,0.8930288461538461,0.9568345323741008,309831,9984,37113,221312,9984,0.9834036902031313,0.9834121847176844
0.7046172254714673,0.9282060423223201,0.9662682014801324,0.8930288461538461,0.9532374100719424,309831,10816,37113,220480,10816,0.9834036902031313,0.9834121847176844
0.7037551152010246,0.9288751032921762,0.9663120125582438,0.8942307692307693,0.9532374100719424,310248,10816,36696,220480,10816,0.9834036902031313,0.9834121847176844
0.7032863882646998,0.9295433294685268,0.96635570997975,0.8954326923076923,0.9532374100719424,310665,10816,36279,220480,10816,0.9834036902031313,0.9834121847176844
0.7021548655547184,0.9302107224127671,0.9663992941863572,0.8966346153846154,0.9532374100719424,311082,10816,35862,220480,10816,0.9834036902031313,0.9834121847176844
0.7019317198716611,0.930877283682401,0.966442765617486,0.8978365384615384,0.9532374100719424,311499,10816,35445,220480,10816,0.9834036902031313,0.9834121847176844
0.6998659328976004,0.9297214855892707,0.9639544851104915,0.8978365384615384,0.9496402877697842,311499,11648,35445,219648,11648,0.9834036902031313,0.9834121847176844
0.6996674520203167,0.9303871094752039,0.9640009395359187,0.8990384615384616,0.9496402877697842,311916,11648,35028,219648,11648,0.9834036902031313,0.9834121847176844
0.699630415971713,0.9310519059507396,0.9640472743772012,0.9002403846153846,0.9496402877697842,312333,11648,34611,219648,11648,0.9834036902031313,0.9834121847176844
0.6988104999111128,0.9317158765577008,0.9640934900954999,0.9014423076923077,0.9496402877697842,312750,11648,34194,219648,11648,0.9834036902031313,0.9834121847176844
0.6969359667215557,0.9323790228340819,0.9641395871496082,0.9026442307692307,0.9496402877697842,313167,11648,33777,219648,11648,0.9834036902031313,0.9834121847176844
0.6961029850081251,0.9330413463140605,0.9641855659959659,0.9038461538461539,0.9496402877697842,313584,11648,33360,219648,11648,0.9834036902031313,0.9834121847176844
0.6932069000574821,0.9318878824620213,0.9617253054615045,0.9038461538461539,0.9460431654676259,313584,12480,33360,218816,12480,0.9834036902031313,0.9834121847176844
0.6931543487465883,0.9325492816572001,0.9617741920663071,0.9050480769230769,0.9460431654676259,314001,12480,32943,218816,12480,0.9834036902031313,0.9834121847176844
0.6924180700783253,0.9332098622525755,0.9618229539489382,0.90625,0.9460431654676259,314418,12480,32526,218816,12480,0.9834036902031313,0.9834121847176844
0.6919303322648329,0.9320590388839647,0.9593811979373265,0.90625,0.9424460431654677,314418,13312,32526,217984,13312,0.9834036902031313,0.9834121847176844
0.6907934239005187,0.93271870014561,0.9594328151712495,0.9074519230769231,0.9424460431654677,314835,13312,32109,217984,13312,0.9834036902031313,0.9834121847176844
0.6880698177324235,0.9333775469720565,0.9594843013842053,0.9086538461538461,0.9424460431654677,315252,13312,31692,217984,13312,0.9834036902031313,0.9834121847176844
0.6857866100088712,0.9340355808706587,0.9595356570744207,0.9098557692307693,0.9424460431654677,315669,13312,31275,217984,13312,0.9834036902031313,0.9834121847176844
0.6857801513595368,0.932887284505369,0.9571150924918059,0.9098557692307693,0.9388489208633094,315669,14144,31275,217152,14144,0.9834036902031313,0.9834121847176844
0.6850985548320833,0.9335444066074599,0.9571692456772553,0.9110576923076923,0.9388489208633094,316086,14144,30858,217152,14144,0.9834036902031313,0.9834121847176844
0.684330868769274,0.9323988283289528,0.9547637602624282,0.9110576923076923,0.935251798561151,316086,14976,30858,216320,14976,0.9834036902031313,0.9834121847176844
0.6820161469092192,0.9330550408815739,0.9548206673725937,0.9122596153846154,0.935251798561151,316503,14976,30441,216320,14976,0.9834036902031313,0.9834121847176844
0.6763544934615312,0.933710447233516,0.9548774314845614,0.9134615384615384,0.935251798561151,316920,14976,30024,216320,14976,0.9834036902031313,0.9834121847176844
0.6762916660420939,0.9325674737226192,0.9524897213339424,0.9134615384615384,0.9316546762589928,316920,15808,30024,215488,15808,0.9834036902031313,0.9834121847176844
0.6734675061208485,0.9332219753591074,0.9525491902925153,0.9146634615384616,0.9316546762589928,317337,15808,29607,215488,15808,0.9834036902031313,0.9834121847176844
0.6721418818258145,0.9320816952333677,0.950176209738994,0.9146634615384616,0.9280575539568345,317337,16640,29607,214656,16640,0.9834036902031313,0.9834121847176844
0.6712659868036839,0.9309441982653541,0.9478150228936498,0.9146634615384616,0.9244604316546763,317337,17472,29607,213824,17472,0.9834036902031313,0.9834121847176844
0.6681027926339589,0.9298094742779287,0.9454655420523714,0.9146634615384616,0.920863309352518,317337,18304,29607,212992,18304,0.9834036902031313,0.9834121847176844
0.6673394469918934,0.9304628683371352,0.9455332115289623,0.9158653846153846,0.920863309352518,317754,18304,29190,212992,18304,0.9834036902031313,0.9834121847176844
0.6673252116607746,0.9293308025047015,0.9431980765234943,0.9158653846153846,0.9172661870503597,317754,19136,29190,212160,19136,0.9834036902031313,0.9834121847176844
0.6661432979503117,0.9299832956035139,0.9432682986122435,0.9170673076923077,0.9172661870503597,318171,19136,28773,212160,19136,0.9834036902031313,0.9834121847176844
0.6633231831108252,0.9306349938948513,0.9433383472895027,0.9182692307692307,0.9172661870503597,318588,19136,28356,212160,19136,0.9834036902031313,0.9834121847176844
0.6630598282223192,0.9312858988300722,0.943408223196832,0.9194711538461539,0.9172661870503597,319005,19136,27939,212160,19136,0.9834036902031313,0.9834121847176844
0.6627503643601991,0.931936011857004,0.943477926972631,0.9206730769230769,0.9172661870503597,319422,19136,27522,212160,19136,0.9834036902031313,0.9834121847176844
0.6621364075109666,0.9325853344199534,0.9435474592521572,0.921875,0.9172661870503597,319839,19136,27105,212160,19136,0.9834036902031313,0.9834121847176844
0.6590960894656843,0.9314555057073087,0.9412372317227132,0.921875,0.9136690647482014,319839,19968,27105,211328,19968,0.9834036902031313,0.9834121847176844
0.6585766634504443,0.9321039396479464,0.9413092550790068,0.9230769230769231,0.9136690647482014,320256,19968,26688,211328,19968,0.9834036902031313,0.9834121847176844
0.6576540398579089,0.9309767441860465,0.9390129480202665,0.9230769230769231,0.9100719424460432,320256,20800,26688,210496,20800,0.9834036902031313,0.9834121847176844
0.6567797932407122,0.9298522716714671,0.9367278172968926,0.9230769230769231,0.9064748201438849,320256,21632,26688,209664,21632,0.9834036902031313,0.9834121847176844
0.6556965005802199,0.9287305122494433,0.934453781512605,0.9230769230769231,0.9028776978417267,320256,22464,26688,208832,22464,0.9834036902031313,0.9834121847176844
0.6547092659406409,0.9276114561127073,0.9321907600596125,0.9230769230769231,0.8992805755395683,320256,23296,26688,208000,23296,0.9834036902031313,0.9834121847176844
0.654267812164467,0.9264950935012035,0.9299386731090875,0.9230769230769231,0.89568345323741,320256,24128,26688,207168,24128,0.9834036902031313,0.9834121847176844
0.6530384452131548,0.9271422272658277,0.9300234048045104,0.9242788461538461,0.89568345323741,320673,24128,26271,207168,24128,0.9834036902031313,0.9834121847176844
0.6526379786191416,0.9260284416028831,0.9277846733384834,0.9242788461538461,0.8920863309352518,320673,24960,26271,206336,24960,0.9834036902031313,0.9834121847176844
0.6500875504516432,0.9266746898241544,0.9278716948417859,0.9254807692307693,0.8920863309352518,321090,24960,25854,206336,24960,0.9834036902031313,0.9834121847176844
0.650022322600914,0.9273201607704522,0.9279585068707842,0.9266826923076923,0.8920863309352518,321507,24960,25437,206336,24960,0.9834036902031313,0.9834121847176844
0.6499782337401139,0.927964855843235,0.9280451101809251,0.9278846153846154,0.8920863309352518,321924,24960,25020,206336,24960,0.9834036902031313,0.9834121847176844
0.649585661284962,0.9286087764405937,0.9281315055240267,0.9290865384615384,0.8920863309352518,322341,24960,24603,206336,24960,0.9834036902031313,0.9834121847176844
0.6464111697685159,0.927497241312833,0.9259133721882155,0.9290865384615384,0.8884892086330936,322341,25792,24603,205504,25792,0.9834036902031313,0.9834121847176844
0.6451804316009495,0.928140285897506,0.9260020083201836,0.9302884615384616,0.8884892086330936,322758,25792,24186,205504,25792,0.9834036902031313,0.9834121847176844
0.6446756672152603,0.92878255983883,0.9260904326197033,0.9314903846153846,0.8884892086330936,323175,25792,23769,205504,25792,0.9834036902031313,0.9834121847176844
0.6445636132344061,0.9276734750115896,0.9238877183754098,0.9314903846153846,0.8848920863309353,323175,26624,23769,204672,26624,0.9834036902031313,0.9834121847176844
0.6442339970909354,0.9283148775030122,0.9239783447929278,0.9326923076923077,0.8848920863309353,323592,26624,23352,204672,26624,0.9834036902031313,0.9834121847176844
0.642792494892854,0.9289555131548202,0.924068755650495,0.9338942307692307,0.8848920863309353,324009,26624,22935,204672,26624,0.9834036902031313,0.9834121847176844
0.6424115703457329,0.9295953833414041,0.9241589517162797,0.9350961538461539,0.8848920863309353,324426,26624,22518,204672,26624,0.9834036902031313,0.9834121847176844
0.6415707034256226,0.9284886366563351,0.9219738435043566,0.9350961538461539,0.8812949640287769,324426,27456,22518,203840,27456,0.9834036902031313,0.9834121847176844
0.6382978240788499,0.9291276423217679,0.9220661994498991,0.9362980769230769,0.8812949640287769,324843,27456,22101,203840,27456,0.9834036902031313,0.9834121847176844
0.6382375234681837,0.9297658862876255,0.9221583370190182,0.9375,0.8812949640287769,325260,27456,21684,203840,27456,0.9834036902031313,0.9834121847176844
0.6355951087107348,0.9286615692970084,0.9199882335637594,0.9375,0.8776978417266187,325260,28288,21684,203008,28288,0.9834036902031313,0.9834121847176844
0.6327536099000877,0.929298953216466,0.9200824940318958,0.9387019230769231,0.8776978417266187,325677,28288,21267,203008,28288,0.9834036902031313,0.9834121847176844
0.6295402435244764,0.9281971553607385,0.9179248978993622,0.9387019230769231,0.8741007194244604,325677,29120,21267,202176,29120,0.9834036902031313,0.9834121847176844
0.6287639650480481,0.9288336813081955,0.9180212491624767,0.9399038461538461,0.8741007194244604,326094,29120,20850,202176,29120,0.9834036902031313,0.9834121847176844
0.6287061450543623,0.9277343916698673,0.9158760384894087,0.9399038461538461,0.8705035971223022,326094,29952,20850,201344,29952,0.9834036902031313,0.9834121847176844
0.6284720634309453,0.9266377010096303,0.9137408301996761,0.9399038461538461,0.8669064748201439,326094,30784,20850,200512,30784,0.9834036902031313,0.9834121847176844
0.6278957793432883,0.9255436001214781,0.9116155544994549,0.9399038461538461,0.8633093525179856,326094,31616,20850,199680,31616,0.9834036902031313,0.9834121847176844
0.6263692908012471,0.9261790656543809,0.911718468587959,0.9411057692307693,0.8633093525179856,326511,31616,20433,199680,31616,0.9834036902031313,0.9834121847176844
0.6261546842676466,0.9250874411923451,0.9096052752542769,0.9411057692307693,0.8597122302158273,326511,32448,20433,198848,32448,0.9834036902031313,0.9834121847176844
0.6234290190591223,0.9239983869484318,0.9075018552437387,0.9411057692307693,0.8561151079136691,326511,33280,20433,198016,33280,0.9834036902031313,0.9834121847176844
0.6222813744085842,0.9246328936353146,0.9076089370585884,0.9423076923076923,0.8561151079136691,326928,33280,20016,198016,33280,0.9834036902031313,0.9834121847176844
0.6213184769082278,0.9252666524395501,0.9077157712305026,0.9435096153846154,0.8561151079136691,327345,33280,19599,198016,33280,0.9834036902031313,0.9834121847176844
0.6203192086087992,0.9241799489272319,0.9056263953941963,0.9435096153846154,0.8525179856115108,327345,34112,19599,197184,34112,0.9834036902031313,0.9834121847176844
0.6195542115037087,0.923095795034918,0.903546616099302,0.9435096153846154,0.8489208633093526,327345,34944,19599,196352,34944,0.9834036902031313,0.9834121847176844
0.6189826951767563,0.9220141818002577,0.9014763673816717,0.9435096153846154,0.8453237410071942,327345,35776,19599,195520,35776,0.9834036902031313,0.9834121847176844
0.6164058049259108,0.9226468791609077,0.9015893799272703,0.9447115384615384,0.8453237410071942,327762,35776,19182,195520,35776,0.9834036902031313,0.9834121847176844
0.6159384070684888,0.9215676902183846,0.8995306968191673,0.9447115384615384,0.841726618705036,327762,36608,19182,194688,36608,0.9834036902031313,0.9834121847176844
0.6127547172431501,0.9204910229082238,0.8974813938587411,0.9447115384615384,0.8381294964028777,327762,37440,19182,193856,37440,0.9834036902031313,0.9834121847176844
0.6124251706454703,0.9194168684026716,0.8954414070824022,0.9447115384615384,0.8345323741007195,327762,38272,19182,193024,38272,0.9834036902031313,0.9834121847176844
0.6111055007060675,0.9183452179151315,0.8934106731068019,0.9447115384615384,0.8309352517985612,327762,39104,19182,192192,39104,0.9834036902031313,0.9834121847176844
0.610500898396424,0.9172760626999252,0.8913891291222689,0.9447115384615384,0.8273381294964028,327762,39936,19182,191360,39936,0.9834036902031313,0.9834121847176844
0.6097633350996674,0.9179074733693303,0.8915121633185282,0.9459134615384616,0.8273381294964028,328179,39936,18765,191360,39936,0.9834036902031313,0.9834121847176844
0.6091261621279416,0.9185381480301226,0.8916349190843672,0.9471153846153846,0.8273381294964028,328596,39936,18348,191360,39936,0.9834036902031313,0.9834121847176844
0.6087426647439944,0.9191680879684534,0.8917573973638633,0.9483173076923077,0.8273381294964028,329013,39936,17931,191360,39936,0.9834036902031313,0.9834121847176844
0.6070253351593041,0.9181010847954236,0.8897509607037679,0.9483173076923077,0.8237410071942446,329013,40768,17931,190528,40768,0.9834036902031313,0.9834121847176844
0.6061766429765421,0.9187301817492212,0.8898751478938298,0.9495192307692307,0.8237410071942446,329430,40768,17514,190528,40768,0.9834036902031313,0.9834121847176844
0.6059076486909956,0.9176655422062637,0.8878796862787376,0.9495192307692307,0.8201438848920863,329430,41600,17514,189696,41600,0.9834036902031313,0.9834121847176844
0.6042387441206726,0.9182937982240869,0.8880055566473817,0.9507211538461539,0.8201438848920863,329847,41600,17097,189696,41600,0.9834036902031313,0.9834121847176844
0.6014480964098357,0.9189213253052275,0.8881311447195749,0.9519230769230769,0.8201438848920863,330264,41600,16680,189696,41600,0.9834036902031313,0.9834121847176844
0.598631859092265,0.919548124717578,0.8882564514439362,0.953125,0.8201438848920863,330681,41600,16263,189696,41600,0.9834036902031313,0.9834121847176844
0.5981796604844882,0.9184856198884255,0.886275739521271,0.953125,0.8165467625899281,330681,42432,16263,188864,42432,0.9834036902031313,0.9834121847176844
0.5980232985073308,0.9191115848732917,0.8864026985784275,0.9543269230769231,0.8165467625899281,331098,42432,15846,188864,42432,0.9834036902031313,0.9834121847176844
0.5976793242333398,0.9180514233903503,0.8844327148588799,0.9543269230769231,0.8129496402877698,331098,43264,15846,188032,43264,0.9834036902031313,0.9834121847176844
0.5973387392687886,0.9169937048043448,0.8824714680938395,0.9543269230769231,0.8093525179856115,331098,44096,15846,187200,44096,0.9834036902031313,0.9834121847176844
0.5966484933380374,0.9176187279861049,0.8826019472273177,0.9555288461538461,0.8093525179856115,331515,44096,15429,187200,44096,0.9834036902031313,0.9834121847176844
0.592350997966806,0.9182430301588443,0.8827321369685236,0.9567307692307693,0.8093525179856115,331932,44096,15012,187200,44096,0.9834036902031313,0.9834121847176844
0.5912999678406214,0.9188666125694475,0.8828620382791643,0.9579326923076923,0.8093525179856115,332349,44096,14595,187200,44096,0.9834036902031313,0.9834121847176844
0.5891515314726652,0.9178109996810366,0.8809150836123061,0.9579326923076923,0.8057553956834532,332349,44928,14595,186368,44928,0.9834036902031313,0.9834121847176844
0.5869895333207082,0.9167578094291038,0.8789766971957822,0.9579326923076923,0.802158273381295,332349,45760,14595,185536,45760,0.9834036902031313,0.9834121847176844
0.5848364446582175,0.9157070334832652,0.8770468225924353,0.9579326923076923,0.7985611510791367,332349,46592,14595,184704,46592,0.9834036902031313,0.9834121847176844
0.5835200061463807,0.9146586635512861,0.8751254038596741,0.9579326923076923,0.7949640287769785,332349,47424,14595,183872,47424,0.9834036902031313,0.9834121847176844
0.5828946972174712,0.9136126913788625,0.873212385544068,0.9579326923076923,0.7913669064748201,332349,48256,14595,183040,48256,0.9834036902031313,0.9834121847176844
0.5825214643470387,0.9125691087494046,0.871307712676012,0.9579326923076923,0.7877697841726619,332349,49088,14595,182208,49088,0.9834036902031313,0.9834121847176844
0.5824644617883821,0.9131913095260964,0.8714482498546565,0.9591346153846154,0.7877697841726619,332766,49088,14178,182208,49088,0.9834036902031313,0.9834121847176844
0.5820548411368655,0.9121499938324904,0.8695536288236309,0.9591346153846154,0.7841726618705036,332766,49920,14178,181376,49920,0.9834036902031313,0.9834121847176844
0.5812237890809734,0.9111110502668175,0.8676672281353157,0.9591346153846154,0.7805755395683454,332766,50752,14178,180544,50752,0.9834036902031313,0.9834121847176844
0.5811770206133007,0.9100744707327012,0.8657889944061402,0.9591346153846154,0.7769784172661871,332766,51584,14178,179712,51584,0.9834036902031313,0.9834121847176844
0.5786009094832977,0.909040247170569,0.8639188747137717,0.9591346153846154,0.7733812949640287,332766,52416,14178,178880,52416,0.9834036902031313,0.9834121847176844
0.5771964730924295,0.9080083715574426,0.8620568165921443,0.9591346153846154,0.7697841726618705,332766,53248,14178,178048,53248,0.9834036902031313,0.9834121847176844
0.5764272461712927,0.9069788359067308,0.8602027680265532,0.9591346153846154,0.7661870503597122,332766,54080,14178,177216,54080,0.9834036902031313,0.9834121847176844
0.5764055442399183,0.9059516322680236,0.8583566774488106,0.9591346153846154,0.762589928057554,332766,54912,14178,176384,54912,0.9834036902031313,0.9834121847176844
0.5755986437497458,0.904926752726887,0.856518493732465,0.9591346153846154,0.7589928057553957,332766,55744,14178,175552,55744,0.9834036902031313,0.9834121847176844
0.5747981175881602,0.9039041894046607,0.8546881661880814,0.9591346153846154,0.7553956834532374,332766,56576,14178,174720,56576,0.9834036902031313,0.9834121847176844
0.5745809187324017,0.902883934458255,0.8528656445585816,0.9591346153846154,0.7517985611510791,332766,57408,14178,173888,57408,0.9834036902031313,0.9834121847176844
0.5722530899670918,0.9035042404767232,0.8530227270981666,0.9603365384615384,0.7517985611510791,333183,57408,13761,173888,57408,0.9834036902031313,0.9834121847176844
0.5712146778365387,0.902486162030535,0.8512095610119998,0.9603365384615384,0.7482014388489209,333183,58240,13761,173056,58240,0.9834036902031313,0.9834121847176844
0.5709465239319336,0.9014703753657676,0.8494040866273215,0.9603365384615384,0.7446043165467626,333183,59072,13761,172224,59072,0.9834036902031313,0.9834121847176844
0.5705873023803366,0.900456872752628,0.847606255103832,0.9603365384615384,0.7410071942446043,333183,59904,13761,171392,59904,0.9834036902031313,0.9834121847176844
0.5702064236425677,0.8994456464960459,0.8458160180138556,0.9603365384615384,0.737410071942446,333183,60736,13761,170560,60736,0.9834036902031313,0.9834121847176844
0.5675647035107058,0.8984366889354789,0.8440333273379929,0.9603365384615384,0.7338129496402878,333183,61568,13761,169728,61568,0.9834036902031313,0.9834121847176844
0.5669487892624661,0.8974299924447192,0.8422581354608262,0.9603365384615384,0.7302158273381295,333183,62400,13761,168896,62400,0.9834036902031313,0.9834121847176844
0.5653835292162692,0.8980488435198346,0.8424242424242424,0.9615384615384616,0.7302158273381295,333600,62400,13344,168896,62400,0.9834036902031313,0.9834121847176844
0.565382193187863,0.8970442713935378,0.8406580114506894,0.9615384615384616,0.7266187050359713,333600,63232,13344,168064,63232,0.9834036902031313,0.9834121847176844
0.5632910583399896,0.8976622999678847,0.8408252758345521,0.9627403846153846,0.7266187050359713,334017,63232,12927,168064,63232,0.9834036902031313,0.9834121847176844
0.5627505518927616,0.8966598436294084,0.839067928386434,0.9627403846153846,0.7230215827338129,334017,64064,12927,167232,64064,0.9834036902031313,0.9834121847176844
0.561389804676563,0.8972770517357487,0.8392363324282681,0.9639423076923077,0.7230215827338129,334434,64064,12510,167232,64064,0.9834036902031313,0.9834121847176844
0.5609770159290491,0.896276702658809,0.8374877920516866,0.9639423076923077,0.7194244604316546,334434,64896,12510,166400,64896,0.9834036902031313,0.9834121847176844
0.5605471216471941,0.8952785816202787,0.8357465226583234,0.9639423076923077,0.7158273381294964,334434,65728,12510,165568,65728,0.9834036902031313,0.9834121847176844
0.5550897949307623,0.8942826811848041,0.8340124789897105,0.9639423076923077,0.7122302158273381,334434,66560,12510,164736,66560,0.9834036902031313,0.9834121847176844
0.5529847013984807,0.8932889939500781,0.8322856161622195,0.9639423076923077,0.7086330935251799,334434,67392,12510,163904,67392,0.9834036902031313,0.9834121847176844
0.5525963264124263,0.8922975125466581,0.8305658896631881,0.9639423076923077,0.7050359712230215,334434,68224,12510,163072,68224,0.9834036902031313,0.9834121847176844
0.5506407767931525,0.8913082296377829,0.8288532553470965,0.9639423076923077,0.7014388489208633,334434,69056,12510,162240,69056,0.9834036902031313,0.9834121847176844
0.5505529232665856,0.8903211379191924,0.8271476694317895,0.9639423076923077,0.697841726618705,334434,69888,12510,161408,69888,0.9834036902031313,0.9834121847176844
0.5485066614846571,0.8893362301189472,0.8254490884947452,0.9639423076923077,0.6942446043165468,334434,70720,12510,160576,70720,0.9834036902031313,0.9834121847176844
0.5483785332882526,0.8883534989972507,0.8237574694693905,0.9639423076923077,0.6906474820143885,334434,71552,12510,159744,71552,0.9834036902031313,0.9834121847176844
0.5476452390435387,0.888968828441608,0.8239383075420211,0.9651442307692307,0.6906474820143885,334851,71552,12093,159744,71552,0.9834036902031313,0.9834121847176844
0.5466802427024053,0.8879881301388662,0.8222549633503996,0.9651442307692307,0.6870503597122302,334851,72384,12093,158912,72384,0.9834036902031313,0.9834121847176844
0.5448533794278981,0.8886026430036735,0.8224367843160343,0.9663461538461539,0.6870503597122302,335268,72384,11676,158912,72384,0.9834036902031313,0.9834121847176844
0.5435879135660391,0.8892164770672822,0.8226182336810687,0.9675480769230769,0.6870503597122302,335685,72384,11259,158912,72384,0.9834036902031313,0.9834121847176844
0.5419420182922502,0.8882376677758006,0.8209444339827978,0.9675480769230769,0.6834532374100719,335685,73216,11259,158080,73216,0.9834036902031313,0.9834121847176844
0.5415258986234185,0.8872610109729779,0.8192774318885714,0.9675480769230769,0.6798561151079137,335685,74048,11259,157248,74048,0.9834036902031313,0.9834121847176844
0.5402967305350609,0.8862864995663418,0.8176171860728508,0.9675480769230769,0.6762589928057554,335685,74880,11259,156416,74880,0.9834036902031313,0.9834121847176844
0.5386778285817773,0.8853141264945453,0.8159636555444012,0.9675480769230769,0.6726618705035972,335685,75712,11259,155584,75712,0.9834036902031313,0.9834121847176844
0.5386518456139144,0.8843438847271966,0.8143167996429169,0.9675480769230769,0.6690647482014388,335685,76544,11259,154752,76544,0.9834036902031313,0.9834121847176844
0.5374627713974656,0.8849563580352559,0.8145044420641422,0.96875,0.6690647482014388,336102,76544,10842,154752,76544,0.9834036902031313,0.9834121847176844
0.5347496983809846,0.8839881013437275,0.8128654970760234,0.96875,0.6654676258992805,336102,77376,10842,153920,77376,0.9834036902031313,0.9834121847176844
0.5327794254546945,0.8830219611325524,0.8112331346093505,0.96875,0.6618705035971223,336102,78208,10842,153088,78208,0.9834036902031313,0.9834121847176844
0.5324340905627258,0.8820579304697895,0.8096073150873677,0.96875,0.658273381294964,336102,79040,10842,152256,79040,0.9834036902031313,0.9834121847176844
0.531174007100226,0.8810960024537369,0.8079879992499531,0.96875,0.6546762589928058,336102,79872,10842,151424,79872,0.9834036902031313,0.9834121847176844
0.5291645604031885,0.8801361702127659,0.8063751481504585,0.96875,0.6510791366906474,336102,80704,10842,150592,80704,0.9834036902031313,0.9834121847176844
0.5285913339282104,0.8791784269051587,0.8047687231525867,0.96875,0.6474820143884892,336102,81536,10842,149760,81536,0.9834036902031313,0.9834121847176844
0.5285691398656522,0.8782227657189443,0.8031686859273066,0.96875,0.6438848920863309,336102,82368,10842,148928,82368,0.9834036902031313,0.9834121847176844
0.5277019881421823,0.8772691798717384,0.8015749984498046,0.96875,0.6402877697841727,336102,83200,10842,148096,83200,0.9834036902031313,0.9834121847176844
0.526249245151184,0.876317662610582,0.7999876229964725,0.96875,0.6366906474820144,336102,84032,10842,147264,84032,0.9834036902031313,0.9834121847176844
0.5238722799363907,0.8769281884572538,0.8001859465320497,0.9699519230769231,0.6366906474820144,336519,84032,10425,147264,84032,0.9834036902031313,0.9834121847176844
0.5226323678770843,0.8759785872421508,0.7986060187525363,0.9699519230769231,0.6330935251798561,336519,84864,10425,146432,84864,0.9834036902031313,0.9834121847176844
0.5219892073572187,0.8750310403960689,0.7970323176580653,0.9699519230769231,0.6294964028776978,336519,85696,10425,145600,85696,0.9834036902031313,0.9834121847176844
0.5215261608079286,0.8740855412595732,0.7954648065108605,0.9699519230769231,0.6258992805755396,336519,86528,10425,144768,86528,0.9834036902031313,0.9834121847176844
0.5211134138490962,0.8746949668227745,0.7956662195605766,0.9711538461538461,0.6258992805755396,336936,86528,10008,144768,86528,0.9834036902031313,0.9834121847176844
0.5198082181604078,0.8737513614439085,0.7941060014706715,0.9711538461538461,0.6223021582733813,336936,87360,10008,143936,87360,0.9834036902031313,0.9834121847176844
0.5183599861968811,0.8743599811833496,0.794308156331452,0.9723557692307693,0.6223021582733813,337353,87360,9591,143936,87360,0.9834036902031313,0.9834121847176844
0.5160776731209241,0.8734182622665178,0.7927551727784371,0.9723557692307693,0.6187050359712231,337353,88192,9591,143104,88192,0.9834036902031313,0.9834121847176844
0.5153104129009836,0.8724785697013271,0.7912082499759603,0.9723557692307693,0.6151079136690647,337353,89024,9591,142272,89024,0.9834036902031313,0.9834121847176844
0.5132851716741585,0.871540896954478,0.7896673525136408,0.9723557692307693,0.6115107913669064,337353,89856,9591,141440,89856,0.9834036902031313,0.9834121847176844
0.5130924353595335,0.8706052375207262,0.7881324452564124,0.9723557692307693,0.6079136690647482,337353,90688,9591,140608,90688,0.9834036902031313,0.9834121847176844
0.5118055337667795,0.8696715849227331,0.7866034933418518,0.9723557692307693,0.60431654676259,337353,91520,9591,139776,91520,0.9834036902031313,0.9834121847176844
0.5107880085078178,0.8702788076791277,0.7868107805912088,0.9735576923076923,0.60431654676259,337770,91520,9174,139776,91520,0.9834036902031313,0.9834121847176844
0.5107233737467676,0.8693470052736834,0.7852888250310377,0.9735576923076923,0.6007194244604317,337770,92352,9174,138944,92352,0.9834036902031313,0.9834121847176844
0.5090255069293312,0.8684171960848337,0.783772746047142,0.9735576923076923,0.5971223021582733,337770,93184,9174,138112,93184,0.9834036902031313,0.9834121847176844
0.5076525629989359,0.8674893737238838,0.7822625096691417,0.9735576923076923,0.5935251798561151,337770,94016,9174,137280,94016,0.9834036902031313,0.9834121847176844
0.507502478016406,0.8665635318294119,0.780758082187981,0.9735576923076923,0.5899280575539568,337770,94848,9174,136448,94848,0.9834036902031313,0.9834121847176844
0.5048009045042631,0.867169500717327,0.7809692057224011,0.9747596153846154,0.5899280575539568,338187,94848,8757,136448,94848,0.9834036902031313,0.9834121847176844
0.5038144096556149,0.8662454806604928,0.7794715892197378,0.9747596153846154,0.5863309352517986,338187,95680,8757,135616,95680,0.9834036902031313,0.9834121847176844
0.5033078465030676,0.8653234277029284,0.7779797054973672,0.9747596153846154,0.5827338129496403,338187,96512,8757,134784,96512,0.9834036902031313,0.9834121847176844
0.5026681374290718,0.8644033355698265,0.7764935217010959,0.9747596153846154,0.579136690647482,338187,97344,8757,133952,97344,0.9834036902031313,0.9834121847176844
0.502506573787984,0.8650082003648013,0.7767073137163147,0.9759615384615384,0.579136690647482,338604,97344,8340,133952,97344,0.9834036902031313,0.9834121847176844
0.5013035663032923,0.8640899092027295,0.7752278034708548,0.9759615384615384,0.5755395683453237,338604,98176,8340,133120,98176,0.9834036902031313,0.9834121847176844
0.5010895771116111,0.8631735656855597,0.7737539189967368,0.9759615384615384,0.5719424460431655,338604,99008,8340,132288,99008,0.9834036902031313,0.9834121847176844
0.5010282720244896,0.8622591636235848,0.7722856282672359,0.9759615384615384,0.5683453237410072,338604,99840,8340,131456,99840,0.9834036902031313,0.9834121847176844
0.49895379894118236,0.8628629240078646,0.7725019994941451,0.9771634615384616,0.5683453237410072,339021,99840,7923,131456,99840,0.9834036902031313,0.9834121847176844
0.49663170588286254,0.8619503023630976,0.7710402485370474,0.9771634615384616,0.564748201438849,339021,100672,7923,130624,100672,0.9834036902031313,0.9834121847176844
0.4955851125651411,0.861039609178266,0.7695840190681573,0.9771634615384616,0.5611510791366906,339021,101504,7923,129792,101504,0.9834036902031313,0.9834121847176844
0.4952386276894164,0.8601308383472811,0.7681332798618805,0.9771634615384616,0.5575539568345323,339021,102336,7923,128960,102336,0.9834036902031313,0.9834121847176844
0.4950157218148128,0.8592239837898048,0.7666879999276327,0.9771634615384616,0.5539568345323741,339021,103168,7923,128128,103168,0.9834036902031313,0.9834121847176844
0.4909498766226483,0.8598264834399342,0.766907814173328,0.9783653846153846,0.5539568345323741,339438,103168,7506,128128,103168,0.9834036902031313,0.9834121847176844
0.4906677383411966,0.8589213823189293,0.765468904333864,0.9783653846153846,0.5503597122302158,339438,104000,7506,127296,104000,0.9834036902031313,0.9834121847176844
0.4893014093949192,0.8580181847136173,0.7640353838881762,0.9783653846153846,0.5467625899280576,339438,104832,7506,126464,104832,0.9834036902031313,0.9834121847176844
0.48886896733961704,0.8571168846253879,0.7626072226141424,0.9783653846153846,0.5431654676258992,339438,105664,7506,125632,105664,0.9834036902031313,0.9834121847176844
0.48806243148263606,0.8562174760808094,0.7611843905151884,0.9783653846153846,0.539568345323741,339438,106496,7506,124800,106496,0.9834036902031313,0.9834121847176844
0.48722837403192143,0.8553199531314963,0.7597668578181866,0.9783653846153846,0.5359712230215827,339438,107328,7506,123968,107328,0.9834036902031313,0.9834121847176844
0.48713849779933777,0.8544243098539788,0.7583545949713806,0.9783653846153846,0.5323741007194245,339438,108160,7506,123136,108160,0.9834036902031313,0.9834121847176844
0.4869031630200759,0.8550252277161464,0.7585795118467016,0.9795673076923077,0.5323741007194245,339855,108160,7089,123136,108160,0.9834036902031313,0.9834121847176844
0.4858593147765353,0.8541312982931448,0.7571733797931144,0.9795673076923077,0.5287769784172662,339855,108992,7089,122304,108992,0.9834036902031313,0.9834121847176844
0.4856034358770436,0.8532392361254948,0.7557724510150574,0.9795673076923077,0.5251798561151079,339855,109824,7089,121472,109824,0.9834036902031313,0.9834121847176844
0.4855629058162675,0.8523490353687669,0.7543766966844316,0.9795673076923077,0.5215827338129496,339855,110656,7089,120640,110656,0.9834036902031313,0.9834121847176844
0.4854953881970685,0.8514606902028969,0.7529860881857036,0.9795673076923077,0.5179856115107914,339855,111488,7089,119808,111488,0.9834036902031313,0.9834121847176844
0.48492485330423174,0.8505741948320588,0.7516005971139492,0.9795673076923077,0.5143884892086331,339855,112320,7089,118976,112320,0.9834036902031313,0.9834121847176844
0.4824240140929463,0.8496895434845384,0.7502201952729207,0.9795673076923077,0.5107913669064749,339855,113152,7089,118144,113152,0.9834036902031313,0.9834121847176844
0.4819119877764265,0.8488067304126087,0.748844854673133,0.9795673076923077,0.5071942446043165,339855,113984,7089,117312,113984,0.9834036902031313,0.9834121847176844
0.48163349477175954,0.8479257498924047,0.7474745475299722,0.9795673076923077,0.5035971223021583,339855,114816,7089,116480,114816,0.9834036902031313,0.9834121847176844
0.48054117105083277,0.8470465962238004,0.7461092462618248,0.9795673076923077,0.5,339855,115648,7089,115648,115648,0.9834036902031313,0.9834121847176844
0.4797840622042236,0.8461692637302854,0.7447489234882269,0.9795673076923077,0.49640287769784175,339855,116480,7089,114816,116480,0.9834036902031313,0.9834121847176844
0.47504454757897496,0.845293746758843,0.7433935520280335,0.9795673076923077,0.49280575539568344,339855,117312,7089,113984,117312,0.9834036902031313,0.9834121847176844
0.47216249954276546,0.8444200396798283,0.7420431048976089,0.9795673076923077,0.4892086330935252,339855,118144,7089,113152,118144,0.9834036902031313,0.9834121847176844
0.4712961860832355,0.845018376874938,0.7422777564482915,0.9807692307692307,0.4892086330935252,340272,118144,6672,113152,118144,0.9834036902031313,0.9834121847176844
0.4701268758807373,0.844146307579336,0.740933003518796,0.9807692307692307,0.4856115107913669,340272,118976,6672,112320,118976,0.9834036902031313,0.9834121847176844
0.46874270706857574,0.8432760364004045,0.7395931142410016,0.9807692307692307,0.48201438848920863,340272,119808,6672,111488,119808,0.9834036902031313,0.9834121847176844
0.46622606204608774,0.8424075577825751,0.73825806227653,0.9807692307692307,0.4784172661870504,340272,120640,6672,110656,120640,0.9834036902031313,0.9834121847176844
0.4656475854999957,0.8415408661931425,0.7369278214768357,0.9807692307692307,0.4748201438848921,340272,121472,6672,109824,121472,0.9834036902031313,0.9834121847176844
0.4641866465812535,0.8406759561221464,0.7356023658814984,0.9807692307692307,0.4712230215827338,340272,122304,6672,108992,122304,0.9834036902031313,0.9834121847176844
0.46390173066965634,0.8398128220822556,0.7342816697165349,0.9807692307692307,0.4676258992805755,340272,123136,6672,108160,123136,0.9834036902031313,0.9834121847176844
0.46345508406409286,0.8404095371184641,0.7345205627122299,0.9819711538461539,0.4676258992805755,340689,123136,6255,108160,123136,0.9834036902031313,0.9834121847176844
0.4632050061004591,0.839548004499748,0.7332053536264385,0.9819711538461539,0.46402877697841727,340689,123968,6255,107328,123968,0.9834036902031313,0.9834121847176844
0.46035014421866044,0.8386882364453438,0.7318948460651057,0.9819711538461539,0.460431654676259,340689,124800,6255,106496,124800,0.9834036902031313,0.9834121847176844
0.4578341804156646,0.8378302275396089,0.7305890148631522,0.9819711538461539,0.4568345323741007,340689,125632,6255,105664,125632,0.9834036902031313,0.9834121847176844
0.45727629318058627,0.8369739723890396,0.7292878350347745,0.9819711538461539,0.45323741007194246,340689,126464,6255,104832,126464,0.9834036902031313,0.9834121847176844
0.4570277260394012,0.8361194656221584,0.7279912817718517,0.9819711538461539,0.44964028776978415,340689,127296,6255,104000,127296,0.9834036902031313,0.9834121847176844
0.4566842990589435,0.8352667018894014,0.7266993304423688,0.9819711538461539,0.4460431654676259,340689,128128,6255,103168,128128,0.9834036902031313,0.9834121847176844
0.45416874888795866,0.8358617850517902,0.7269422079388962,0.9831730769230769,0.4460431654676259,341106,128128,5838,103168,128128,0.9834036902031313,0.9834121847176844
0.45346487939436164,0.8350105873857113,0.7256555462424426,0.9831730769230769,0.44244604316546765,341106,128960,5838,102336,128960,0.9834036902031313,0.9834121847176844
0.4522474849768149,0.834161121585832,0.72437343118892,0.9831730769230769,0.43884892086330934,341106,129792,5838,101504,129792,0.9834036902031313,0.9834121847176844
0.4510044310639605,0.833313382371982,0.7230958387213025,0.9831730769230769,0.4352517985611511,341106,130624,5838,100672,130624,0.9834036902031313,0.9834121847176844
0.45065971421098255,0.8324673644854339,0.7218227449519852,0.9831730769230769,0.4316546762589928,341106,131456,5838,99840,131456,0.9834036902031313,0.9834121847176844
0.44918433206700553,0.8316230626887942,0.7205541261612948,0.9831730769230769,0.42805755395683454,341106,132288,5838,99008,132288,0.9834036902031313,0.9834121847176844
0.44892571361904093,0.830780471765895,0.7192899587960171,0.9831730769230769,0.4244604316546763,341106,133120,5838,98176,133120,0.9834036902031313,0.9834121847176844
0.44823576462692466,0.8299395865216873,0.7180302194679387,0.9831730769230769,0.420863309352518,341106,133952,5838,97344,133952,0.9834036902031313,0.9834121847176844
0.44686973711130074,0.8305328549072918,0.7182775119617225,0.984375,0.420863309352518,341523,133952,5421,97344,133952,0.9834036902031313,0.9834121847176844
0.4466401334776873,0.829693495665356,0.7170228445099485,0.984375,0.4172661870503597,341523,134784,5421,96512,134784,0.9834036902031313,0.9834121847176844
0.4463960962178666,0.8288558312694231,0.7157725526523717,0.984375,0.4136690647482014,341523,135616,5421,95680,135616,0.9834036902031313,0.9834121847176844
0.44525816949801666,0.8280198565912852,0.7145266135393151,0.984375,0.41007194244604317,341523,136448,5421,94848,136448,0.9834036902031313,0.9834121847176844
0.4447116969432657,0.8271855665234025,0.7132850044799218,0.984375,0.4064748201438849,341523,137280,5421,94016,137280,0.9834036902031313,0.9834121847176844
0.44386742516359684,0.827777535695092,0.713534493552022,0.9855769230769231,0.4064748201438849,341940,137280,5004,94016,137280,0.9834036902031313,0.9834121847176844
0.4426209318818419,0.8269447494304688,0.7122978344012731,0.9855769230769231,0.4028776978417266,341940,138112,5004,93184,138112,0.9834036902031313,0.9834121847176844
0.44121963653188345,0.8261136371323512,0.7110654544547126,0.9855769230769231,0.39928057553956836,341940,138944,5004,92352,138944,0.9834036902031313,0.9834121847176844
0.43924775883088707,0.8267046586456905,0.7113157878333932,0.9867788461538461,0.39928057553956836,342357,138944,4587,92352,138944,0.9834036902031313,0.9834121847176844
0.43794948160433234,0.8258750393509892,0.7100882951384784,0.9867788461538461,0.39568345323741005,342357,139776,4587,91520,139776,0.9834036902031313,0.9834121847176844
0.4375044495435785,0.8250470834754172,0.7088650316275507,0.9867788461538461,0.3920863309352518,342357,140608,4587,90688,140608,0.9834036902031313,0.9834121847176844
0.43685224499455927,0.8242207860211546,0.7076459754814519,0.9867788461538461,0.38848920863309355,342357,141440,4587,89856,141440,0.9834036902031313,0.9834121847176844
0.4364730725880886,0.8233961420103827,0.7064311050308587,0.9867788461538461,0.38489208633093525,342357,142272,4587,89024,142272,0.9834036902031313,0.9834121847176844
0.43646815584231113,0.8225731464851845,0.7052203987549979,0.9867788461538461,0.381294964028777,342357,143104,4587,88192,143104,0.9834036902031313,0.9834121847176844
0.436351465616711,0.8217517945074451,0.7040138352803762,0.9867788461538461,0.3776978417266187,342357,143936,4587,87360,143936,0.9834036902031313,0.9834121847176844
0.4363194187835857,0.820932081158753,0.7028113933795227,0.9867788461538461,0.37410071942446044,342357,144768,4587,86528,144768,0.9834036902031313,0.9834121847176844
0.43587412805972015,0.8201140015403023,0.7016130519697432,0.9867788461538461,0.37050359712230213,342357,145600,4587,85696,145600,0.9834036902031313,0.9834121847176844
0.4347535574697754,0.8192975507727946,0.7004187901118888,0.9867788461538461,0.3669064748201439,342357,146432,4587,84864,146432,0.9834036902031313,0.9834121847176844
0.43450755061246027,0.8184827239963421,0.6992285870091356,0.9867788461538461,0.36330935251798563,342357,147264,4587,84032,147264,0.9834036902031313,0.9834121847176844
0.43339755984044726,0.8176695163703716,0.6980424220057784,0.9867788461538461,0.3597122302158273,342357,148096,4587,83200,148096,0.9834036902031313,0.9834121847176844
0.4320414894629778,0.8168579230735277,0.6968602745860346,0.9867788461538461,0.35611510791366907,342357,148928,4587,82368,148928,0.9834036902031313,0.9834121847176844
0.4302545915617047,0.8174462168781583,0.6971173597016079,0.9879807692307693,0.35611510791366907,342774,148928,4170,82368,148928,0.9834036902031313,0.9834121847176844
0.4298589429137524,0.8180339259388151,0.6973740091319376,0.9891826923076923,0.35611510791366907,343191,148928,3753,82368,148928,0.9834036902031313,0.9834121847176844
0.4292169777311742,0.8172235815191184,0.6961969850958818,0.9891826923076923,0.35251798561151076,343191,149760,3753,81536,149760,0.9834036902031313,0.9834121847176844
0.42699495363674,0.8164148409650219,0.695023927514718,0.9891826923076923,0.3489208633093525,343191,150592,3753,80704,150592,0.9834036902031313,0.9834121847176844
0.4267987134510616,0.8156076995195821,0.69385481637233,0.9891826923076923,0.34532374100719426,343191,151424,3753,79872,151424,0.9834036902031313,0.9834121847176844
0.4255743068425009,0.8161942858228738,0.6941127038252073,0.9903846153846154,0.34532374100719426,343608,151424,3336,79872,151424,0.9834036902031313,0.9834121847176844
0.4252341789836036,0.8153885582481419,0.6929480664053047,0.9903846153846154,0.34172661870503596,343608,152256,3336,79040,152256,0.9834036902031313,0.9834121847176844
0.42490939395513583,0.8145844198947418,0.691787330681141,0.9903846153846154,0.3381294964028777,343608,153088,3336,78208,153088,0.9834036902031313,0.9834121847176844
0.4240196064537637,0.8137818660654231,0.690630477078677,0.9903846153846154,0.3345323741007194,343608,153920,3336,77376,153920,0.9834036902031313,0.9834121847176844
0.4238684904135727,0.8143673310931968,0.6908895560754702,0.9915865384615384,0.3345323741007194,344025,153920,2919,77376,153920,0.9834036902031313,0.9834121847176844
0.42375768810210734,0.8135661760793453,0.6897370969391131,0.9915865384615384,0.33093525179856115,344025,154752,2919,76544,154752,0.9834036902031313,0.9834121847176844
0.42143525108601554,0.8127665958303851,0.6885884761883793,0.9915865384615384,0.3273381294964029,344025,155584,2919,75712,155584,0.9834036902031313,0.9834121847176844
0.4206236386462119,0.8119685857077952,0.6874436746789332,0.9915865384615384,0.3237410071942446,344025,156416,2919,74880,156416,0.9834036902031313,0.9834121847176844
0.41945503944083384,0.8111721410912538,0.68630267339354,0.9915865384615384,0.32014388489208634,344025,157248,2919,74048,157248,0.9834036902031313,0.9834121847176844
0.41849178325855485,0.8103772573785494,0.6851654534410133,0.9915865384615384,0.31654676258992803,344025,158080,2919,73216,158080,0.9834036902031313,0.9834121847176844
0.41711706134950494,0.8109612391784957,0.6854267076864297,0.9927884615384616,0.31654676258992803,344442,158080,2502,73216,158080,0.9834036902031313,0.9834121847176844
0.4168372902260725,0.8101677294313288,0.6842937574748587,0.9927884615384616,0.3129496402877698,344442,158912,2502,72384,158912,0.9834036902031313,0.9834121847176844
0.4160908471565981,0.8093757710338021,0.6831645464173935,0.9927884615384616,0.30935251798561153,344442,159744,2502,71552,159744,0.9834036902031313,0.9834121847176844
0.41341058130882613,0.809958816131112,0.6834263767754056,0.9939903846153846,0.30935251798561153,344859,159744,2085,71552,159744,0.9834036902031313,0.9834121847176844
0.41218001580621566,0.8091682221171568,0.682301383956394,0.9939903846153846,0.3057553956834532,344859,160576,2085,70720,160576,0.9834036902031313,0.9834121847176844
0.4108081741668558,0.8083791699825718,0.6811800887673896,0.9939903846153846,0.302158273381295,344859,161408,2085,69888,161408,0.9834036902031313,0.9834121847176844
0.41014738915067117,0.8075916552211071,0.6800624730082292,0.9939903846153846,0.29856115107913667,344859,162240,2085,69056,162240,0.9834036902031313,0.9834121847176844
0.408695720159181,0.8068056733440562,0.6789485185979985,0.9939903846153846,0.2949640287769784,344859,163072,2085,68224,163072,0.9834036902031313,0.9834121847176844
0.40835425576108886,0.8060212198801693,0.6778382075740571,0.9939903846153846,0.29136690647482016,344859,163904,2085,67392,163904,0.9834036902031313,0.9834121847176844
0.407927054833954,0.8052382903755696,0.6767315220910723,0.9939903846153846,0.28776978417266186,344859,164736,2085,66560,164736,0.9834036902031313,0.9834121847176844
0.407824377257223,0.8044568803936686,0.675628444420064,0.9939903846153846,0.2841726618705036,344859,165568,2085,65728,165568,0.9834036902031313,0.9834121847176844
0.4049878613043896,0.805038074675794,0.675893227678117,0.9951923076923077,0.2841726618705036,345276,165568,1668,65728,165568,0.9834036902031313,0.9834121847176844
0.4041169780402558,0.8042579953879481,0.6747942057082997,0.9951923076923077,0.2805755395683453,345276,166400,1668,64896,166400,0.9834036902031313,0.9834121847176844
0.4039723603800911,0.8034794264252105,0.6736987520194807,0.9951923076923077,0.27697841726618705,345276,167232,1668,64064,167232,0.9834036902031313,0.9834121847176844
0.40201690452559835,0.802702363405573,0.6726068492616979,0.9951923076923077,0.2733812949640288,345276,168064,1668,63232,168064,0.9834036902031313,0.9834121847176844
0.4009909252371541,0.801926801963963,0.6715184801972881,0.9951923076923077,0.2697841726618705,345276,168896,1668,62400,168896,0.9834036902031313,0.9834121847176844
0.39825720418051347,0.8011527377521613,0.670433627699979,0.9951923076923077,0.26618705035971224,345276,169728,1668,61568,169728,0.9834036902031313,0.9834121847176844
0.39797339267668297,0.8003801664387213,0.6693522747539916,0.9951923076923077,0.26258992805755393,345276,170560,1668,60736,170560,0.9834036902031313,0.9834121847176844
0.39788855472074336,0.7996090837088878,0.6682744044531498,0.9951923076923077,0.2589928057553957,345276,171392,1668,59904,171392,0.9834036902031313,0.9834121847176844
0.3974439843841022,0.7988394852645169,0.6672,0.9951923076923077,0.25539568345323743,345276,172224,1668,59072,172224,0.9834036902031313,0.9834121847176844
0.39579024935674184,0.798071366823996,0.6661290447049382,0.9951923076923077,0.2517985611510791,345276,173056,1668,58240,173056,0.9834036902031313,0.9834121847176844
0.3946527780114176,0.7973047241221649,0.6650615219853456,0.9951923076923077,0.24820143884892087,345276,173888,1668,57408,173888,0.9834036902031313,0.9834121847176844
0.392773640982055,0.796539552910236,0.6639974153647336,0.9951923076923077,0.2446043165467626,345276,174720,1668,56576,174720,0.9834036902031313,0.9834121847176844
0.3916363284232334,0.7957758489557165,0.6629367084718948,0.9951923076923077,0.24100719424460432,345276,175552,1668,55744,175552,0.9834036902031313,0.9834121847176844
0.3905272390843886,0.79501360804233,0.6618793850400644,0.9951923076923077,0.23741007194244604,345276,176384,1668,54912,176384,0.9834036902031313,0.9834121847176844
0.3899075076537394,0.7942528259699392,0.6608254289060885,0.9951923076923077,0.23381294964028776,345276,177216,1668,54080,177216,0.9834036902031313,0.9834121847176844
0.38776524144671143,0.7934934985544683,0.6597748240096002,0.9951923076923077,0.2302158273381295,345276,178048,1668,53248,178048,0.9834036902031313,0.9834121847176844
0.3877193235444301,0.7927356216278268,0.6587275543922039,0.9951923076923077,0.22661870503597123,345276,178880,1668,52416,178880,0.9834036902031313,0.9834121847176844
0.3853438390344537,0.7919791910378332,0.6576836041966674,0.9951923076923077,0.22302158273381295,345276,179712,1668,51584,179712,0.9834036902031313,0.9834121847176844
0.3850677063971102,0.7912242026481385,0.6566429576661215,0.9951923076923077,0.21942446043165467,345276,180544,1668,50752,180544,0.9834036902031313,0.9834121847176844
0.38474060499002033,0.7904706523381517,0.6556055991432673,0.9951923076923077,0.2158273381294964,345276,181376,1668,49920,181376,0.9834036902031313,0.9834121847176844
0.38453850343585033,0.7910477304113326,0.6558780728898873,0.9963942307692307,0.2158273381294964,345693,181376,1251,49920,181376,0.9834036902031313,0.9834121847176844
0.38173825507240045,0.7902954237607804,0.6548443742292589,0.9963942307692307,0.21223021582733814,345693,182208,1251,49088,182208,0.9834036902031313,0.9834121847176844
0.3810581057749305,0.7908717618267445,0.6551168046517438,0.9975961538461539,0.21223021582733814,346110,182208,834,49088,182208,0.9834036902031313,0.9834121847176844
0.3797220060124695,0.7901206948112873,0.6540867428895398,0.9975961538461539,0.20863309352517986,346110,183040,834,48256,183040,0.9834036902031313,0.9834121847176844
0.377932635308187,0.789371052973683,0.6530599152424045,0.9975961538461539,0.20503597122302158,346110,183872,834,47424,183872,0.9834036902031313,0.9834121847176844
0.3755490689681249,0.7886228322612838,0.6520363065028428,0.9975961538461539,0.2014388489208633,346110,184704,834,46592,184704,0.9834036902031313,0.9834121847176844
0.3745235365461381,0.7878760286367931,0.6510159015585559,0.9975961538461539,0.19784172661870503,346110,185536,834,45760,185536,0.9834036902031313,0.9834121847176844
0.37413963565411934,0.7871306380781923,0.6499986853916969,0.9975961538461539,0.19424460431654678,346110,186368,834,44928,186368,0.9834036902031313,0.9834121847176844
0.37329275364851733,0.7863866565786694,0.6489846430781346,0.9975961538461539,0.1906474820143885,346110,187200,834,44096,187200,0.9834036902031313,0.9834121847176844
0.3724423309806997,0.7856440801465464,0.6479737597867233,0.9975961538461539,0.18705035971223022,346110,188032,834,43264,188032,0.9834036902031313,0.9834121847176844
0.3699114772666203,0.7849029048052086,0.6469660207785799,0.9975961538461539,0.18345323741007194,346110,188864,834,42432,188864,0.9834036902031313,0.9834121847176844
0.3696726633589432,0.7841631265930331,0.6459614114063672,0.9975961538461539,0.17985611510791366,346110,189696,834,41600,189696,0.9834036902031313,0.9834121847176844
0.36578342568960764,0.7834247415633184,0.6449599171135849,0.9975961538461539,0.17625899280575538,346110,190528,834,40768,190528,0.9834036902031313,0.9834121847176844
0.36448657679271723,0.7826877457842142,0.643961523433866,0.9975961538461539,0.17266187050359713,346110,191360,834,39936,191360,0.9834036902031313,0.9834121847176844
0.36366465479678833,0.7832614363646844,0.644237544316929,0.9987980769230769,0.17266187050359713,346527,191360,417,39936,191360,0.9834036902031313,0.9834121847176844
0.361802658728403,0.7825256333390918,0.643242581011622,0.9987980769230769,0.16906474820143885,346527,192192,417,39104,192192,0.9834036902031313,0.9834121847176844
0.36114509288074725,0.7817912114563534,0.6422506862187263,0.9987980769230769,0.16546762589928057,346527,193024,417,38272,193024,0.9834036902031313,0.9834121847176844
0.36113911858748715,0.7810581668313936,0.6412618457649482,0.9987980769230769,0.1618705035971223,346527,193856,417,37440,193856,0.9834036902031313,0.9834121847176844
0.36047549617827057,0.7803264955936944,0.6402760455641473,0.9987980769230769,0.15827338129496402,346527,194688,417,36608,194688,0.9834036902031313,0.9834121847176844
0.3589873060775991,0.7795961938872272,0.6392932716166679,0.9987980769230769,0.15467625899280577,346527,195520,417,35776,195520,0.9834036902031313,0.9834121847176844
0.3580736025695185,0.7788672578703855,0.638313510008676,0.9987980769230769,0.1510791366906475,346527,196352,417,34944,196352,0.9834036902031313,0.9834121847176844
0.35746452635567566,0.7781396837159169,0.6373367469115027,0.9987980769230769,0.1474820143884892,346527,197184,417,34112,197184,0.9834036902031313,0.9834121847176844
0.3504299302969677,0.777413467610857,0.6363629685809936,0.9987980769230769,0.14388489208633093,346527,198016,417,33280,198016,0.9834036902031313,0.9834121847176844
0.3465229608573559,0.7766886057564615,0.6353921613568645,0.9987980769230769,0.14028776978417265,346527,198848,417,32448,198848,0.9834036902031313,0.9834121847176844
0.34594486782187184,0.7759650943681415,0.6344243116620621,0.9987980769230769,0.1366906474820144,346527,199680,417,31616,199680,0.9834036902031313,0.9834121847176844
0.3457864337587685,0.7752429296753965,0.6334594060021315,0.9987980769230769,0.13309352517985612,346527,200512,417,30784,200512,0.9834036902031313,0.9834121847176844
0.3457754084195852,0.7745221079217491,0.6324974309645883,0.9987980769230769,0.12949640287769784,346527,201344,417,29952,201344,0.9834036902031313,0.9834121847176844
0.34550957195853993,0.7738026253646805,0.6315383732182984,0.9987980769230769,0.12589928057553956,346527,202176,417,29120,202176,0.9834036902031313,0.9834121847176844
0.3449611923292769,0.7730844782755647,0.6305822195128609,0.9987980769230769,0.1223021582733813,346527,203008,417,28288,203008,0.9834036902031313,0.9834121847176844
0.344198578015268,0.7723676629396051,0.6296289566779985,0.9987980769230769,0.11870503597122302,346527,203840,417,27456,203840,0.9834036902031313,0.9834121847176844
0.3430185818686804,0.7716521756557697,0.6286785716229528,0.9987980769230769,0.11510791366906475,346527,204672,417,26624,204672,0.9834036902031313,0.9834121847176844
0.3415613538222564,0.7709380127367279,0.6277310513358851,0.9987980769230769,0.11151079136690648,346527,205504,417,25792,205504,0.9834036902031313,0.9834121847176844
0.3410870452629585,0.7702251705087869,0.6267863828832821,0.9987980769230769,0.1079136690647482,346527,206336,417,24960,206336,0.9834036902031313,0.9834121847176844
0.3387757486071142,0.7695136453118286,0.625844553409368,0.9987980769230769,0.10431654676258993,346527,207168,417,24128,207168,0.9834036902031313,0.9834121847176844
0.33795935558132395,0.7688034334992473,0.6249055501355208,0.9987980769230769,0.10071942446043165,346527,208000,417,23296,208000,0.9834036902031313,0.9834121847176844
0.33688990946900327,0.7680945314378873,0.6239693603596953,0.9987980769230769,0.09712230215827339,346527,208832,417,22464,208832,0.9834036902031313,0.9834121847176844
0.3365944496624419,0.7673869355079805,0.6230359714558488,0.9987980769230769,0.09352517985611511,346527,209664,417,21632,209664,0.9834036902031313,0.9834121847176844
0.33554282997897666,0.7666806421030856,0.622105370873375,0.9987980769230769,0.08992805755395683,346527,210496,417,20800,210496,0.9834036902031313,0.9834121847176844
0.33339957936480547,0.7659756476300261,0.6211775461365409,0.9987980769230769,0.08633093525179857,346527,211328,417,19968,211328,0.9834036902031313,0.9834121847176844
0.3331131548711343,0.7652719485088297,0.6202524848439287,0.9987980769230769,0.08273381294964029,346527,212160,417,19136,212160,0.9834036902031313,0.9834121847176844
0.33132633053823224,0.7645695411726678,0.6193301746678844,0.9987980769230769,0.07913669064748201,346527,212992,417,18304,212992,0.9834036902031313,0.9834121847176844
0.3245844796684057,0.7638684220677949,0.6184106033539692,0.9987980769230769,0.07553956834532374,346527,213824,417,17472,213824,0.9834036902031313,0.9834121847176844
0.32275748906887247,0.7631685876534889,0.6174937587204175,0.9987980769230769,0.07194244604316546,346527,214656,417,16640,214656,0.9834036902031313,0.9834121847176844
0.32246625294193376,0.7624700344019917,0.6165796286575981,0.9987980769230769,0.0683453237410072,346527,215488,417,15808,215488,0.9834036902031313,0.9834121847176844
0.3217946331332443,0.7617727587984493,0.6156682011274822,0.9987980769230769,0.06474820143884892,346527,216320,417,14976,216320,0.9834036902031313,0.9834121847176844
0.3202454112617354,0.7610767573408534,0.6147594641631141,0.9987980769230769,0.06115107913669065,346527,217152,417,14144,217152,0.9834036902031313,0.9834121847176844
0.3174523357451092,0.7603820265399828,0.6138534058680876,0.9987980769230769,0.05755395683453238,346527,217984,417,13312,217984,0.9834036902031313,0.9834121847176844
0.31602686552746956,0.7596885629193445,0.612950014416027,0.9987980769230769,0.0539568345323741,346527,218816,417,12480,218816,0.9834036902031313,0.9834121847176844
0.31465317696824663,0.7589963630151163,0.6120492780500728,0.9987980769230769,0.050359712230215826,346527,219648,417,11648,219648,0.9834036902031313,0.9834121847176844
0.3141848478812372,0.7583054233760891,0.6111511850823711,0.9987980769230769,0.046762589928057555,346527,220480,417,10816,220480,0.9834036902031313,0.9834121847176844
0.3126071879345552,0.757615740563609,0.6102557238935684,0.9987980769230769,0.04316546762589928,346527,221312,417,9984,221312,0.9834036902031313,0.9834121847176844
0.3119279375861832,0.7569273111515211,0.6093628829323106,0.9987980769230769,0.039568345323741004,346527,222144,417,9152,222144,0.9834036902031313,0.9834121847176844
0.31145749004677487,0.7562401317261118,0.608472650714746,0.9987980769230769,0.03597122302158273,346527,222976,417,8320,222976,0.9834036902031313,0.9834121847176844
0.3091544481035433,0.7555541988860532,0.6075850158240332,0.9987980769230769,0.03237410071942446,346527,223808,417,7488,223808,0.9834036902031313,0.9834121847176844
0.30813379069792046,0.7548695092423465,0.606699966909853,0.9987980769230769,0.02877697841726619,346527,224640,417,6656,224640,0.9834036902031313,0.9834121847176844
0.3076147606367985,0.7541860594182664,0.6058174926879243,0.9987980769230769,0.025179856115107913,346527,225472,417,5824,225472,0.9834036902031313,0.9834121847176844
0.30396162098912727,0.7535038460493055,0.604937581939525,0.9987980769230769,0.02158273381294964,346527,226304,417,4992,226304,0.9834036902031313,0.9834121847176844
0.3034030651743067,0.7528228657831192,0.6040602235110161,0.9987980769230769,0.017985611510791366,346527,227136,417,4160,227136,0.9834036902031313,0.9834121847176844
0.3031108646980121,0.7521431152794705,0.6031854063133709,0.9987980769230769,0.014388489208633094,346527,227968,417,3328,227968,0.9834036902031313,0.9834121847176844
0.29926847105136145,0.7527075812274369,0.6034732272069464,1.0,0.014388489208633094,346944,227968,0,3328,227968,0.9834036902031313,0.9834121847176844
0.2962965336229523,0.7520288548241659,0.6026011560693642,1.0,0.01079136690647482,346944,228800,0,2496,228800,0.9834036902031313,0.9834121847176844
0.27857301835529436,0.7513513513513513,0.6017316017316018,1.0,0.007194244604316547,346944,229632,0,1664,229632,0.9834036902031313,0.9834121847176844
0.22468420163572733,0.7506750675067507,0.600864553314121,1.0,0.0035971223021582736,346944,230464,0,832,230464,0.9834036902031313,0.9834121847176844
0.21915330351144197,0.75,0.6,1.0,0.0,346944,231296,0,0,231296,0.9834036902031313,0.9834121847176844
