threshold,f1,precision,recall,tnr,tp,fp,fn,tn_unknown,fp_unknown,auc_pr_trapezoid,ap_pr_step
0.8755570787949026,0.0,,0.0,1.0,0,0,346944,115648,0,0.45237145459910016,0.45269072925439596
0.8755570787949025,0.0024009603841536613,1.0,0.001201923076923077,1.0,417,0,346527,115648,0,0.45237145459910016,0.45269072925439596
0.8672126940843701,0.004796163069544364,1.0,0.002403846153846154,1.0,834,0,346110,115648,0,0.45237145459910016,0.45269072925439596
0.8532077070506621,0.00718562874251497,1.0,0.003605769230769231,1.0,1251,0,345693,115648,0,0.45237145459910016,0.45269072925439596
0.8504964972535922,0.009569377990430622,1.0,0.004807692307692308,1.0,1668,0,345276,115648,0,0.45237145459910016,0.45269072925439596
0.8496786893640333,0.011947431302270013,1.0,0.006009615384615385,1.0,2085,0,344859,115648,0,0.45237145459910016,0.45269072925439596
0.844634742185616,0.014319809069212411,1.0,0.007211538461538462,1.0,2502,0,344442,115648,0,0.45237145459910016,0.45269072925439596
0.8425425355205516,0.0166865315852205,1.0,0.008413461538461538,1.0,2919,0,344025,115648,0,0.45237145459910016,0.45269072925439596
0.839167760443249,0.01904761904761905,1.0,0.009615384615384616,1.0,3336,0,343608,115648,0,0.45237145459910016,0.45269072925439596
0.8373951037669621,0.02140309155766944,1.0,0.010817307692307692,1.0,3753,0,343191,115648,0,0.45237145459910016,0.45269072925439596
0.8369044132631291,0.023752969121140142,1.0,0.01201923076923077,1.0,4170,0,342774,115648,0,0.45237145459910016,0.45269072925439596
0.834944043541578,0.02609727164887307,1.0,0.013221153846153846,1.0,4587,0,342357,115648,0,0.45237145459910016,0.45269072925439596
0.8328547255133473,0.02843601895734597,1.0,0.014423076923076924,1.0,5004,0,341940,115648,0,0.45237145459910016,0.45269072925439596
0.8295728860963643,0.03076923076923077,1.0,0.015625,1.0,5421,0,341523,115648,0,0.45237145459910016,0.45269072925439596
0.8284456237929154,0.03309692671394799,1.0,0.016826923076923076,1.0,5838,0,341106,115648,0,0.45237145459910016,0.45269072925439596
0.828140140821513,0.03541912632821724,1.0,0.018028846153846152,1.0,6255,0,340689,115648,0,0.45237145459910016,0.45269072925439596
0.8268674756604979,0.03537735849056604,0.9375,0.018028846153846152,1.0,6255,417,340689,115648,0,0.45237145459910016,0.45269072925439596
0.8246772696016758,0.03769140164899882,0.9411764705882353,0.019230769230769232,1.0,6672,417,340272,115648,0,0.45237145459910016,0.45269072925439596
0.8229732625566664,0.04,0.9444444444444444,0.020432692307692308,1.0,7089,417,339855,115648,0,0.45237145459910016,0.45269072925439596
0.8226609672449289,0.04230317273795535,0.9473684210526315,0.021634615384615384,1.0,7506,417,339438,115648,0,0.45237145459910016,0.45269072925439596
0.8220681212181882,0.04460093896713615,0.95,0.02283653846153846,1.0,7923,417,339021,115648,0,0.45237145459910016,0.45269072925439596
0.8218432297977172,0.04689331770222743,0.9523809523809523,0.02403846153846154,1.0,8340,417,338604,115648,0,0.45237145459910016,0.45269072925439596
0.8217056083842973,0.04918032786885246,0.9545454545454546,0.025240384615384616,1.0,8757,417,338187,115648,0,0.45237145459910016,0.45269072925439596
0.8174752216090351,0.04912280701754386,0.9130434782608695,0.025240384615384616,1.0,8757,834,338187,115648,0,0.45237145459910016,0.45269072925439596
0.8172727522976928,0.0514018691588785,0.9166666666666666,0.026442307692307692,1.0,9174,834,337770,115648,0,0.45237145459910016,0.45269072925439596
0.8155375602826698,0.051341890315052506,0.88,0.026442307692307692,1.0,9174,1251,337770,115648,0,0.45237145459910016,0.45269072925439596
0.8127493496363786,0.053613053613053616,0.8846153846153846,0.027644230769230768,1.0,9591,1251,337353,115648,0,0.45237145459910016,0.45269072925439596
0.8127371015117573,0.05587892898719441,0.8888888888888888,0.028846153846153848,1.0,10008,1251,336936,115648,0,0.45237145459910016,0.45269072925439596
0.8116319896640575,0.05813953488372093,0.8928571428571429,0.030048076923076924,1.0,10425,1251,336519,115648,0,0.45237145459910016,0.45269072925439596
0.8112781662814781,0.06039488966318235,0.896551724137931,0.03125,1.0,10842,1251,336102,115648,0,0.45237145459910016,0.45269072925439596
0.8106232820516351,0.06264501160092807,0.9,0.03245192307692308,1.0,11259,1251,335685,115648,0,0.45237145459910016,0.45269072925439596
0.8096717868219021,0.06488991888760139,0.9032258064516129,0.03365384615384615,1.0,11676,1251,335268,115648,0,0.45237145459910016,0.45269072925439596
0.8095472864975664,0.06712962962962964,0.90625,0.03485576923076923,1.0,12093,1251,334851,115648,0,0.45237145459910016,0.45269072925439596
0.8085727137247343,0.06936416184971098,0.9090909090909091,0.036057692307692304,1.0,12510,1251,334434,115648,0,0.45237145459910016,0.45269072925439596
0.8079900731009431,0.07159353348729793,0.9117647058823529,0.037259615384615384,1.0,12927,1251,334017,115648,0,0.45237145459910016,0.45269072925439596
0.8056456699214297,0.07381776239907728,0.9142857142857143,0.038461538461538464,1.0,13344,1251,333600,115648,0,0.45237145459910016,0.45269072925439596
0.8046991682940259,0.07603686635944701,0.9166666666666666,0.039663461538461536,1.0,13761,1251,333183,115648,0,0.45237145459910016,0.45269072925439596
0.8039933271188962,0.07825086306098965,0.918918918918919,0.040865384615384616,1.0,14178,1251,332766,115648,0,0.45237145459910016,0.45269072925439596
0.8020525151497088,0.07816113498479832,0.8947933101924898,0.040865384615384616,0.9964028776978417,14178,1667,332766,115232,416,0.45237145459910016,0.45269072925439596
0.8020006681060681,0.07807161245026913,0.8719020970420024,0.040865384615384616,0.9928057553956835,14178,2083,332766,114816,832,0.45237145459910016,0.45269072925439596
0.8015123967727227,0.08027567088900012,0.875104928648519,0.042067307692307696,0.9928057553956835,14595,2083,332349,114816,832,0.45237145459910016,0.45269072925439596
0.7981469887212325,0.08247467991066891,0.8781515062883885,0.04326923076923077,0.9928057553956835,15012,2083,331932,114816,832,0.45237145459910016,0.45269072925439596
0.7942526284613595,0.08238031477050728,0.8572407492005482,0.04326923076923077,0.9928057553956835,15012,2500,331932,114816,832,0.45237145459910016,0.45269072925439596
0.7928893256565173,0.08457189213781234,0.8605611021250488,0.04447115384615385,0.9928057553956835,15429,2500,331515,114816,832,0.45237145459910016,0.45269072925439596
0.7925226631041316,0.08675846587642695,0.8637305134634252,0.04567307692307692,0.9928057553956835,15846,2500,331098,114816,832,0.45237145459910016,0.45269072925439596
0.7900326132739202,0.0889400531026204,0.8667590470607046,0.046875,0.9928057553956835,16263,2500,330681,114816,832,0.45237145459910016,0.45269072925439596
0.7889109439964905,0.08883899673060693,0.8479587048334115,0.046875,0.9892086330935251,16263,2916,330681,114400,1248,0.45237145459910016,0.45269072925439596
0.7885218395502298,0.09101325912587985,0.8511941212492345,0.04807692307692308,0.9892086330935251,16680,2916,330264,114400,1248,0.45237145459910016,0.45269072925439596
0.7882012509605546,0.09318257997531046,0.8542947084395143,0.04927884615384615,0.9892086330935251,17097,2916,329847,114400,1248,0.45237145459910016,0.45269072925439596
0.7880590605750909,0.09534697610609352,0.8572687224669604,0.05048076923076923,0.9892086330935251,17514,2916,329430,114400,1248,0.45237145459910016,0.45269072925439596
0.7880551092968733,0.0952388720768045,0.8401208807022593,0.05048076923076923,0.9892086330935251,17514,3333,329430,114400,1248,0.45237145459910016,0.45269072925439596
0.7869005862618175,0.09513101290574892,0.823645598194131,0.05048076923076923,0.9892086330935251,17514,3750,329430,114400,1248,0.45237145459910016,0.45269072925439596
0.785859498671144,0.09728585961342828,0.827037498270375,0.051682692307692304,0.9892086330935251,17931,3750,329013,114400,1248,0.45237145459910016,0.45269072925439596
0.785289671528419,0.09943583657144715,0.8303013847407005,0.052884615384615384,0.9892086330935251,18348,3750,328596,114400,1248,0.45237145459910016,0.45269072925439596
0.7843344702009701,0.10158096026893376,0.8334443704197202,0.054086538461538464,0.9892086330935251,18765,3750,328179,114400,1248,0.45237145459910016,0.45269072925439596
0.782987989332232,0.10372124712065665,0.836473050758765,0.055288461538461536,0.9892086330935251,19182,3750,327762,114400,1248,0.45237145459910016,0.45269072925439596
0.7825878987764439,0.10585671346744335,0.8393935500449698,0.056490384615384616,0.9892086330935251,19599,3750,327345,114400,1248,0.45237145459910016,0.45269072925439596
0.7813667631989982,0.10798737557659627,0.8422115627366826,0.057692307692307696,0.9892086330935251,20016,3750,326928,114400,1248,0.45237145459910016,0.45269072925439596
0.7793434309897345,0.11011324964230573,0.8449323905222678,0.05889423076923077,0.9892086330935251,20433,3750,326511,114400,1248,0.45237145459910016,0.45269072925439596
0.7788942115279183,0.11223435178606034,0.8475609756097561,0.06009615384615385,0.9892086330935251,20850,3750,326094,114400,1248,0.45237145459910016,0.45269072925439596
0.7788428590621654,0.11435069805705436,0.8501019306871328,0.06129807692307692,0.9892086330935251,21267,3750,325677,114400,1248,0.45237145459910016,0.45269072925439596
0.778318547988385,0.11646230443259269,0.8525595659353621,0.0625,0.9892086330935251,21684,3750,325260,114400,1248,0.45237145459910016,0.45269072925439596
0.7782546431341032,0.11856918681849274,0.8549379134269467,0.06370192307692307,0.9892086330935251,22101,3750,324843,114400,1248,0.45237145459910016,0.45269072925439596
0.7779412964145529,0.12067136104948394,0.8572407492005482,0.06490384615384616,0.9892086330935251,22518,3750,324426,114400,1248,0.45237145459910016,0.45269072925439596
0.7770965103880403,0.1227688428896044,0.8594716132658797,0.06610576923076923,0.9892086330935251,22935,3750,324009,114400,1248,0.45237145459910016,0.45269072925439596
0.7761981633281922,0.12486164803259492,0.8616338277617888,0.0673076923076923,0.9892086330935251,23352,3750,323592,114400,1248,0.45237145459910016,0.45269072925439596
0.7757178455201713,0.1269497921022905,0.8637305134634252,0.06850961538461539,0.9892086330935251,23769,3750,323175,114400,1248,0.45237145459910016,0.45269072925439596
0.7749059931639596,0.12903329065300898,0.8657646048109966,0.06971153846153846,0.9892086330935251,24186,3750,322758,114400,1248,0.45237145459910016,0.45269072925439596
0.7738781252079681,0.12889026261937245,0.8530615124153499,0.06971153846153846,0.9856115107913669,24186,4166,322758,113984,1664,0.45237145459910016,0.45269072925439596
0.771846281306538,0.13096698809995927,0.8551913518022872,0.07091346153846154,0.9856115107913669,24603,4166,322341,113984,1664,0.45237145459910016,0.45269072925439596
0.7711661841781778,0.13303910881875947,0.8572603302953471,0.07211538461538461,0.9856115107913669,25020,4166,321924,113984,1664,0.45237145459910016,0.45269072925439596
0.7689993107247066,0.13510664007414744,0.8592710198290714,0.0733173076923077,0.9856115107913669,25437,4166,321507,113984,1664,0.45237145459910016,0.45269072925439596
0.7686100489833293,0.13495718424040493,0.8473351099267156,0.0733173076923077,0.9856115107913669,25437,4583,321507,113984,1664,0.45237145459910016,0.45269072925439596
0.7682203526176453,0.1370180268746969,0.8494266846272629,0.07451923076923077,0.9856115107913669,25854,4583,321090,113984,1664,0.45237145459910016,0.45269072925439596
0.7666093353736376,0.1390743201393337,0.8514617229532637,0.07572115384615384,0.9856115107913669,26271,4583,320673,113984,1664,0.45237145459910016,0.45269072925439596
0.7663231405590576,0.1411260790820036,0.8534424866489719,0.07692307692307693,0.9856115107913669,26688,4583,320256,113984,1664,0.45237145459910016,0.45269072925439596
0.7662686657205833,0.14317331868410488,0.8553711184044434,0.078125,0.9856115107913669,27105,4583,319839,113984,1664,0.45237145459910016,0.45269072925439596
0.765907436577517,0.14301581062079044,0.8442610185329388,0.078125,0.9856115107913669,27105,5000,319839,113984,1664,0.45237145459910016,0.45269072925439596
0.765582490578792,0.14505647409781114,0.8462579177172376,0.07932692307692307,0.9856115107913669,27522,5000,319422,113984,1664,0.45237145459910016,0.45269072925439596
0.7648248560083913,0.14489724467796664,0.835544491332463,0.07932692307692307,0.9856115107913669,27522,5417,319422,113984,1664,0.45237145459910016,0.45269072925439596
0.7643200088969078,0.14693136997107548,0.8376004317064396,0.08052884615384616,0.9856115107913669,27939,5417,319005,113984,1664,0.45237145459910016,0.45269072925439596
0.7639991606266342,0.14677043578300944,0.8272584609007195,0.08052884615384616,0.9856115107913669,27939,5834,319005,113984,1664,0.45237145459910016,0.45269072925439596
0.7629437813883979,0.14879806052464487,0.829365311494589,0.08173076923076923,0.9856115107913669,28356,5834,318588,113984,1664,0.45237145459910016,0.45269072925439596
0.7621572319579601,0.1508212532531693,0.8314213887363828,0.0829326923076923,0.9856115107913669,28773,5834,318171,113984,1664,0.45237145459910016,0.45269072925439596
0.7620880812875992,0.1528400284840615,0.8334285061671997,0.08413461538461539,0.9856115107913669,29190,5834,317754,113984,1664,0.45237145459910016,0.45269072925439596
0.7620255355136891,0.15485440066948233,0.8353883919753957,0.08533653846153846,0.9856115107913669,29607,5834,317337,113984,1664,0.45237145459910016,0.45269072925439596
0.7611012755585329,0.15686438419861964,0.837302693959507,0.08653846153846154,0.9856115107913669,30024,5834,316920,113984,1664,0.45237145459910016,0.45269072925439596
0.7610557341284645,0.1588699933980309,0.8391729841488629,0.08774038461538461,0.9856115107913669,30441,5834,316503,113984,1664,0.45237145459910016,0.45269072925439596
0.7604557405175698,0.16087124253198345,0.8410007631091246,0.0889423076923077,0.9856115107913669,30858,5834,316086,113984,1664,0.45237145459910016,0.45269072925439596
0.7601036521641744,0.16286814580279285,0.8427874639575306,0.09014423076923077,0.9856115107913669,31275,5834,315669,113984,1664,0.45237145459910016,0.45269072925439596
0.7598567795856315,0.1626914973860119,0.8334221606352928,0.09014423076923077,0.9856115107913669,31275,6251,315669,113984,1664,0.45237145459910016,0.45269072925439596
0.7596443695443926,0.16468210149992077,0.8352528793189785,0.09134615384615384,0.9856115107913669,31692,6251,315252,113984,1664,0.45237145459910016,0.45269072925439596
0.7593726798117648,0.16666839690218632,0.837043795620438,0.09254807692307693,0.9856115107913669,32109,6251,314835,113984,1664,0.45237145459910016,0.45269072925439596
0.7593175440071402,0.16865039756715347,0.8387961936199293,0.09375,0.9856115107913669,32526,6251,314418,113984,1664,0.45237145459910016,0.45269072925439596
0.7587449437768075,0.17062811740880204,0.840511302750421,0.09495192307692307,0.9856115107913669,32943,6251,314001,113984,1664,0.45237145459910016,0.45269072925439596
0.7567782044176172,0.17260157028107256,0.8421903006740552,0.09615384615384616,0.9856115107913669,33360,6251,313584,113984,1664,0.45237145459910016,0.45269072925439596
0.7564381458581585,0.17457076997818963,0.8438343159788149,0.09735576923076923,0.9856115107913669,33777,6251,313167,113984,1664,0.45237145459910016,0.45269072925439596
0.7555215519653751,0.17653573023498345,0.8454444307083694,0.0985576923076923,0.9856115107913669,34194,6251,312750,113984,1664,0.45237145459910016,0.45269072925439596
0.7552845465947484,0.1763459049112185,0.8368166022221134,0.0985576923076923,0.9856115107913669,34194,6668,312750,113984,1664,0.45237145459910016,0.45269072925439596
0.7548821428611063,0.17830473722576973,0.8384650790959083,0.09975961538461539,0.9856115107913669,34611,6668,312333,113984,1664,0.45237145459910016,0.45269072925439596
0.7544964892759386,0.1802593659942363,0.8400805832693784,0.10096153846153846,0.9856115107913669,35028,6668,311916,113984,1664,0.45237145459910016,0.45269072925439596
0.7544451246289853,0.18220980473298257,0.8416640942226866,0.10216346153846154,0.9856115107913669,35445,6668,311499,113984,1664,0.45237145459910016,0.45269072925439596
0.7543991296786391,0.1841560669004863,0.8432165530213966,0.10336538461538461,0.9856115107913669,35862,6668,311082,113984,1664,0.45237145459910016,0.45269072925439596
0.7539788459528552,0.18609816589764833,0.844738864181433,0.1045673076923077,0.9856115107913669,36279,6668,310665,113984,1664,0.45237145459910016,0.45269072925439596
0.7518885345089859,0.18803611506810006,0.8462318974264367,0.10576923076923077,0.9856115107913669,36696,6668,310248,113984,1664,0.45237145459910016,0.45269072925439596
0.7518468458024945,0.18996992769850918,0.8476964893446929,0.10697115384615384,0.9856115107913669,37113,6668,309831,113984,1664,0.45237145459910016,0.45269072925439596
0.7515156893331738,0.19189961701888317,0.8491334449522603,0.10817307692307693,0.9856115107913669,37530,6668,309414,113984,1664,0.45237145459910016,0.45269072925439596
0.7509005425923829,0.19169524899185053,0.8411969068698868,0.10817307692307693,0.9856115107913669,37530,7085,309414,113984,1664,0.45237145459910016,0.45269072925439596
0.7496431542055194,0.19149131579484457,0.8334073547699413,0.10817307692307693,0.9856115107913669,37530,7502,309414,113984,1664,0.45237145459910016,0.45269072925439596
0.7496005623397932,0.19128781604157058,0.825760742810623,0.10817307692307693,0.9856115107913669,37530,7919,309414,113984,1664,0.45237145459910016,0.45269072925439596
0.7486872076004558,0.19320791222219394,0.8273448741987529,0.109375,0.9856115107913669,37947,7919,308997,113984,1664,0.45237145459910016,0.45269072925439596
0.7482245065338862,0.19512393604711784,0.8289004602121729,0.11057692307692307,0.9856115107913669,38364,7919,308580,113984,1664,0.45237145459910016,0.45269072925439596
0.7479831776515691,0.1949172348619565,0.8214989293361884,0.11057692307692307,0.9856115107913669,38364,8336,308580,113984,1664,0.45237145459910016,0.45269072925439596
0.7477851922477181,0.19682739474345343,0.8230787189337182,0.11177884615384616,0.9856115107913669,38781,8336,308163,113984,1664,0.45237145459910016,0.45269072925439596
0.7471969075204781,0.19873351619101698,0.8246307905919973,0.11298076923076923,0.9856115107913669,39198,8336,307746,113984,1664,0.45237145459910016,0.45269072925439596
0.74674475961147,0.20063561199812607,0.8261558674480198,0.1141826923076923,0.9856115107913669,39615,8336,307329,113984,1664,0.45237145459910016,0.45269072925439596
0.7455392504695539,0.20253369490427814,0.8276546477009593,0.11538461538461539,0.9856115107913669,40032,8336,306912,113984,1664,0.45237145459910016,0.45269072925439596
0.7446417290101857,0.20442777759527353,0.8291278056779748,0.11658653846153846,0.9856115107913669,40449,8336,306495,113984,1664,0.45237145459910016,0.45269072925439596
0.744418001374323,0.20631787270349822,0.8305759928458193,0.11778846153846154,0.9856115107913669,40866,8336,306078,113984,1664,0.45237145459910016,0.45269072925439596
0.7435634895611984,0.20610144189307095,0.8236123987262687,0.11778846153846154,0.9820143884892086,40866,8752,306078,113568,2080,0.45237145459910016,0.45269072925439596
0.743286865703763,0.20798581285156142,0.8250824422903967,0.11899038461538461,0.9820143884892086,41283,8752,305661,113568,2080,0.45237145459910016,0.45269072925439596
0.7423332949933813,0.20986622915177808,0.8265281852057401,0.1201923076923077,0.9820143884892086,41700,8752,305244,113568,2080,0.45237145459910016,0.45269072925439596
0.7410010033657928,0.21174270322990954,0.8279502250879711,0.12139423076923077,0.9820143884892086,42117,8752,304827,113568,2080,0.45237145459910016,0.45269072925439596
0.7409192156873492,0.213615247470055,0.8293491401162111,0.12259615384615384,0.9820143884892086,42534,8752,304410,113568,2080,0.45237145459910016,0.45269072925439596
0.7404291749947433,0.21339179775590936,0.8226601937991993,0.12259615384615384,0.9820143884892086,42534,9169,304410,113568,2080,0.45237145459910016,0.45269072925439596
0.7402650103258195,0.21316934920050218,0.8160939388706614,0.12259615384615384,0.9784172661870504,42534,9585,304410,113152,2496,0.45237145459910016,0.45269072925439596
0.7399574759272723,0.21294683088014418,0.809616263133851,0.12259615384615384,0.9784172661870504,42534,10002,304410,113152,2496,0.45237145459910016,0.45269072925439596
0.7396318515141835,0.21481031365576636,0.8111155175344174,0.12379807692307693,0.9784172661870504,42951,10002,303993,113152,2496,0.45237145459910016,0.45269072925439596
0.7382068344943506,0.21666991411741782,0.8125913434513772,0.125,0.9784172661870504,43368,10002,303576,113152,2496,0.45237145459910016,0.45269072925439596
0.7368682432982846,0.21644444777169722,0.8062914830721178,0.125,0.9784172661870504,43368,10419,303576,113152,2496,0.45237145459910016,0.45269072925439596
0.7361479759643572,0.21829848335277752,0.807781713526677,0.12620192307692307,0.9784172661870504,43785,10419,303159,113152,2496,0.45237145459910016,0.45269072925439596
0.7351908473369216,0.218071794105562,0.8016147635524798,0.12620192307692307,0.9784172661870504,43785,10836,303159,113152,2496,0.45237145459910016,0.45269072925439596
0.7349277545575243,0.21992029493857934,0.8031178458519568,0.12740384615384615,0.9784172661870504,44202,10836,302742,113152,2496,0.45237145459910016,0.45269072925439596
0.7340584648018738,0.22176496462466358,0.8045983229645659,0.12860576923076922,0.9784172661870504,44619,10836,302325,113152,2496,0.45237145459910016,0.45269072925439596
0.7334008155816207,0.22360581506196378,0.8060567010309279,0.12980769230769232,0.9784172661870504,45036,10836,301908,113152,2496,0.45237145459910016,0.45269072925439596
0.7326773108421886,0.22337457499758204,0.8000852742098812,0.12980769230769232,0.9784172661870504,45036,11253,301908,113152,2496,0.45237145459910016,0.45269072925439596
0.7316736178997115,0.2252099591230026,0.8015553909639191,0.1310096153846154,0.9784172661870504,45453,11253,301491,113152,2496,0.45237145459910016,0.45269072925439596
0.7315839646075439,0.22704155498964282,0.803004043905257,0.13221153846153846,0.9784172661870504,45870,11253,301074,113152,2496,0.45237145459910016,0.45269072925439596
0.7314858058866018,0.22886937431394072,0.8044316996871741,0.13341346153846154,0.9784172661870504,46287,11253,300657,113152,2496,0.45237145459910016,0.45269072925439596
0.7307740005852321,0.23069342876406826,0.805838811532688,0.1346153846153846,0.9784172661870504,46704,11253,300240,113152,2496,0.45237145459910016,0.45269072925439596
0.7301961873476428,0.2325137299601794,0.8072258197142563,0.13581730769230768,0.9784172661870504,47121,11253,299823,113152,2496,0.45237145459910016,0.45269072925439596
0.72968765545053,0.23433028947465712,0.8085931520130633,0.13701923076923078,0.9784172661870504,47538,11253,299406,113152,2496,0.45237145459910016,0.45269072925439596
0.7283626373974937,0.23409027676898495,0.8029118178593747,0.13701923076923078,0.9748201438848921,47538,11669,299406,112736,2912,0.45237145459910016,0.45269072925439596
0.7278561129526936,0.23590149741248698,0.8042902187038776,0.13822115384615385,0.9748201438848921,47955,11669,298989,112736,2912,0.45237145459910016,0.45269072925439596
0.7276739844412508,0.2377090064744401,0.8056494728602122,0.13942307692307693,0.9748201438848921,48372,11669,298572,112736,2912,0.45237145459910016,0.45269072925439596
0.7275384855605884,0.23951281535191285,0.8069899765126203,0.140625,0.9748201438848921,48789,11669,298155,112736,2912,0.45237145459910016,0.45269072925439596
0.7274238834360132,0.24131293539535922,0.8083121149897331,0.14182692307692307,0.9748201438848921,49206,11669,297738,112736,2912,0.45237145459910016,0.45269072925439596
0.7273533100142006,0.24310937790885664,0.809616263133851,0.14302884615384615,0.9748201438848921,49623,11669,297321,112736,2912,0.45237145459910016,0.45269072925439596
0.7234745712988384,0.24490215415034272,0.8109027856552529,0.14423076923076922,0.9748201438848921,50040,11669,296904,112736,2912,0.45237145459910016,0.45269072925439596
0.722918561231322,0.24669127533185028,0.8121720374722339,0.14543269230769232,0.9748201438848921,50457,11669,296487,112736,2912,0.45237145459910016,0.45269072925439596
0.7228449813954254,0.24644005792613685,0.8067569512175623,0.14543269230769232,0.9748201438848921,50457,12086,296487,112736,2912,0.45237145459910016,0.45269072925439596
0.722702466073871,0.24822397439400445,0.8080368487928844,0.1466346153846154,0.9748201438848921,50874,12086,296070,112736,2912,0.45237145459910016,0.45269072925439596
0.7225080756052202,0.2500042649535364,0.8092999037505719,0.14783653846153846,0.9748201438848921,51291,12086,295653,112736,2912,0.45237145459910016,0.45269072925439596
0.7222631456980346,0.2517809406482965,0.8105464463742672,0.14903846153846154,0.9748201438848921,51708,12086,295236,112736,2912,0.45237145459910016,0.45269072925439596
0.7197202287304865,0.25355401247704634,0.8117767983678809,0.1502403846153846,0.9748201438848921,52125,12086,294819,112736,2912,0.45237145459910016,0.45269072925439596
0.7193042460444253,0.25532349139397237,0.8129912731323884,0.15144230769230768,0.9748201438848921,52542,12086,294402,112736,2912,0.45237145459910016,0.45269072925439596
0.7186211564479363,0.25708938830891115,0.8141901760319779,0.15264423076923078,0.9748201438848921,52959,12086,293985,112736,2912,0.45237145459910016,0.45269072925439596
0.7185303656924527,0.2568300578315006,0.8090160553612075,0.15264423076923078,0.9712230215827338,52959,12502,293985,112320,3328,0.45237145459910016,0.45269072925439596
0.7181975395228452,0.25859086967264344,0.8102249612920853,0.15384615384615385,0.9712230215827338,53376,12502,293568,112320,3328,0.45237145459910016,0.45269072925439596
0.7181708414565349,0.2603481278388535,0.8114186590240591,0.15504807692307693,0.9712230215827338,53793,12502,293151,112320,3328,0.45237145459910016,0.45269072925439596
0.7179629558793569,0.26210184307733964,0.8125974337450533,0.15625,0.9712230215827338,54210,12502,292734,112320,3328,0.45237145459910016,0.45269072925439596
0.7171326814603931,0.2618385208369559,0.8075616732213086,0.15625,0.9676258992805755,54210,12918,292734,111904,3744,0.45237145459910016,0.45269072925439596
0.7161312425234533,0.2635872122058728,0.808749722407284,0.15745192307692307,0.9676258992805755,54627,12918,292317,111904,3744,0.45237145459910016,0.45269072925439596
0.7157922451640979,0.26332229468843543,0.8037874106118125,0.15745192307692307,0.9676258992805755,54627,13335,292317,111904,3744,0.45237145459910016,0.45269072925439596
0.7156371596710944,0.2650659847877435,0.8049839863115869,0.15865384615384615,0.9676258992805755,55044,13335,291900,111904,3744,0.45237145459910016,0.45269072925439596
0.7154499027056664,0.26480011545677584,0.8001046572475143,0.15865384615384615,0.9676258992805755,55044,13752,291900,111904,3744,0.45237145459910016,0.45269072925439596
0.7151097265789118,0.2665388302972196,0.801309002644012,0.15985576923076922,0.9676258992805755,55461,13752,291483,111904,3744,0.45237145459910016,0.45269072925439596
0.7150786305177189,0.2682740641518674,0.8024989228780698,0.16105769230769232,0.9676258992805755,55878,13752,291066,111904,3744,0.45237145459910016,0.45269072925439596
0.7146764600660732,0.2700058274639021,0.8036746755749711,0.1622596153846154,0.9676258992805755,56295,13752,290649,111904,3744,0.45237145459910016,0.45269072925439596
0.7146282601173222,0.2717341306347746,0.8048365122615804,0.16346153846153846,0.9676258992805755,56712,13752,290232,111904,3744,0.45237145459910016,0.45269072925439596
0.714601257856273,0.2714629330461317,0.8001015787023321,0.16346153846153846,0.9676258992805755,56712,14169,290232,111904,3744,0.45237145459910016,0.45269072925439596
0.713898387883352,0.27318633709670476,0.8012707228814272,0.16466346153846154,0.9676258992805755,57129,14169,289815,111904,3744,0.45237145459910016,0.45269072925439596
0.7130977681167463,0.27291423330204295,0.7966115875339888,0.16466346153846154,0.9676258992805755,57129,14586,289815,111904,3744,0.45237145459910016,0.45269072925439596
0.7124805501162357,0.2746327635082897,0.7977873897853934,0.1658653846153846,0.9676258992805755,57546,14586,289398,111904,3744,0.45237145459910016,0.45269072925439596
0.7122964579856872,0.27634787708018965,0.7989496753918042,0.16706730769230768,0.9676258992805755,57963,14586,288981,111904,3744,0.45237145459910016,0.45269072925439596
0.7114581720420698,0.2780595841966136,0.8000986760957158,0.16826923076923078,0.9676258992805755,58380,14586,288564,111904,3744,0.45237145459910016,0.45269072925439596
0.7107596530403861,0.27778438640483816,0.7955629445913167,0.16826923076923078,0.9640287769784173,58380,15002,288564,111488,4160,0.45237145459910016,0.45269072925439596
0.7106884714667282,0.27750973280537716,0.7910783490067481,0.16826923076923078,0.960431654676259,58380,15418,288564,111072,4576,0.45237145459910016,0.45269072925439596
0.7093331250525532,0.279215213256751,0.7922522401131846,0.16947115384615385,0.960431654676259,58797,15418,288147,111072,4576,0.45237145459910016,0.45269072925439596
0.7090316712588245,0.280917319771524,0.7934130131846929,0.17067307692307693,0.960431654676259,59214,15418,287730,111072,4576,0.45237145459910016,0.45269072925439596
0.7087034631687792,0.2826160623517452,0.7945608868872337,0.171875,0.960431654676259,59631,15418,287313,111072,4576,0.45237145459910016,0.45269072925439596
0.7083708316733702,0.2843114509599678,0.7956960750536666,0.17307692307692307,0.960431654676259,60048,15418,286896,111072,4576,0.45237145459910016,0.45269072925439596
0.7077985392509427,0.2860034955194441,0.7968187868165465,0.17427884615384615,0.960431654676259,60465,15418,286479,111072,4576,0.45237145459910016,0.45269072925439596
0.7077649075596064,0.28769220591431893,0.7979292267365662,0.17548076923076922,0.960431654676259,60882,15418,286062,111072,4576,0.45237145459910016,0.45269072925439596
0.7066256796299588,0.28937759198982205,0.799027594926809,0.17668269230769232,0.960431654676259,61299,15418,285645,111072,4576,0.45237145459910016,0.45269072925439596
0.706216514080926,0.2910596635524597,0.8001140871729717,0.1778846153846154,0.960431654676259,61716,15418,285228,111072,4576,0.45237145459910016,0.45269072925439596
0.7053235363730932,0.2927384303702046,0.8011888950497092,0.17908653846153846,0.960431654676259,62133,15418,284811,111072,4576,0.45237145459910016,0.45269072925439596
0.7046172254714673,0.292451831089334,0.7969140790334373,0.17908653846153846,0.9568345323741008,62133,15834,284811,110656,4992,0.45237145459910016,0.45269072925439596
0.7036513843168122,0.2941259451529173,0.7979944886711574,0.18028846153846154,0.9568345323741008,62550,15834,284394,110656,4992,0.45237145459910016,0.45269072925439596
0.7032863882646998,0.29383786069125883,0.793771652644002,0.18028846153846154,0.9568345323741008,62550,16251,284394,110656,4992,0.45237145459910016,0.45269072925439596
0.7031948911302515,0.29550734227828857,0.7948572294175567,0.1814903846153846,0.9568345323741008,62967,16251,283977,110656,4992,0.45237145459910016,0.45269072925439596
0.7024642218654377,0.2952184706701455,0.7906950461480505,0.1814903846153846,0.9568345323741008,62967,16668,283977,110656,4992,0.45237145459910016,0.45269072925439596
0.7021548655547184,0.29688334316949105,0.791785339529306,0.18269230769230768,0.9568345323741008,63384,16668,283560,110656,4992,0.45237145459910016,0.45269072925439596
0.7018862984669004,0.29854496704592515,0.7928643328486746,0.18389423076923078,0.9568345323741008,63801,16668,283143,110656,4992,0.45237145459910016,0.45269072925439596
0.7017413223639404,0.2982539793843349,0.7887767969735183,0.18389423076923078,0.9568345323741008,63801,17085,283143,110656,4992,0.45237145459910016,0.45269072925439596
0.7014387802199855,0.29991103265171737,0.7898601527618907,0.18509615384615385,0.9568345323741008,64218,17085,282726,110656,4992,0.45237145459910016,0.45269072925439596
0.7013868102015958,0.29961928223503725,0.7858296622613803,0.18509615384615385,0.9568345323741008,64218,17502,282726,110656,4992,0.45237145459910016,0.45269072925439596
0.7008710298770998,0.2993280988904193,0.7818400964242668,0.18509615384615385,0.9568345323741008,64218,17919,282726,110656,4992,0.45237145459910016,0.45269072925439596
0.7006803327561033,0.3009792827906067,0.7829420742786539,0.18629807692307693,0.9568345323741008,64635,17919,282309,110656,4992,0.45237145459910016,0.45269072925439596
0.7000427509790057,0.30068734517288304,0.7790071229706765,0.18629807692307693,0.9568345323741008,64635,18336,282309,110656,4992,0.45237145459910016,0.45269072925439596
0.6998659328976004,0.30039667139945764,0.7751208221905093,0.18629807692307693,0.9532374100719424,64635,18752,282309,110240,5408,0.45237145459910016,0.45269072925439596
0.6996674520203167,0.302042029214297,0.7762397976230252,0.1875,0.9532374100719424,65052,18752,281892,110240,5408,0.45237145459910016,0.45269072925439596
0.6982035581744942,0.3036842044229007,0.7773476923807602,0.18870192307692307,0.9532374100719424,65469,18752,281475,110240,5408,0.45237145459910016,0.45269072925439596
0.6969359667215557,0.30532320625049236,0.7784446702426806,0.18990384615384615,0.9532374100719424,65886,18752,281058,110240,5408,0.45237145459910016,0.45269072925439596
0.696647718204888,0.30502848386223114,0.7746281817647405,0.18990384615384615,0.9532374100719424,65886,19169,281058,110240,5408,0.45237145459910016,0.45269072925439596
0.6963187072407264,0.3066630281950714,0.7757277236989891,0.19110576923076922,0.9532374100719424,66303,19169,280641,110240,5408,0.45237145459910016,0.45269072925439596
0.6962162476110891,0.30829442302227417,0.7768165888530545,0.19230769230769232,0.9532374100719424,66720,19169,280224,110240,5408,0.45237145459910016,0.45269072925439596
0.6961543574530051,0.30799769186382,0.7730632864459018,0.19230769230769232,0.9532374100719424,66720,19586,280224,110240,5408,0.45237145459910016,0.45269072925439596
0.6961216029870593,0.30962466593031057,0.7741544918879651,0.1935096153846154,0.9532374100719424,67137,19586,279807,110240,5408,0.45237145459910016,0.45269072925439596
0.6952395097491797,0.31124851411247595,0.7752352536148727,0.19471153846153846,0.9532374100719424,67554,19586,279390,110240,5408,0.45237145459910016,0.45269072925439596
0.694781846722637,0.31286924541025224,0.7763057208447068,0.19591346153846154,0.9532374100719424,67971,19586,278973,110240,5408,0.45237145459910016,0.45269072925439596
0.6947676828789996,0.31448686878905907,0.7773660399663537,0.1971153846153846,0.9532374100719424,68388,19586,278556,110240,5408,0.45237145459910016,0.45269072925439596
0.6947551774909094,0.31610139317996483,0.7784163546062381,0.19831730769230768,0.9532374100719424,68805,19586,278139,110240,5408,0.45237145459910016,0.45269072925439596
0.6946982926008618,0.3177128274798509,0.7794568056931808,0.19951923076923078,0.9532374100719424,69222,19586,277722,110240,5408,0.45237145459910016,0.45269072925439596
0.6940860202098855,0.3174090776740208,0.7758139534883721,0.19951923076923078,0.9532374100719424,69222,20003,277722,110240,5408,0.45237145459910016,0.45269072925439596
0.6939411290215398,0.319016184669229,0.7768568305035586,0.20072115384615385,0.9532374100719424,69639,20003,277305,110240,5408,0.45237145459910016,0.45269072925439596
0.6932069000574821,0.31871250017162395,0.7732683381820604,0.20072115384615385,0.9496402877697842,69639,20419,277305,109824,5824,0.45237145459910016,0.45269072925439596
0.6924180700783253,0.3203153040905859,0.7743133462282399,0.20192307692307693,0.9496402877697842,70056,20419,276888,109824,5824,0.45237145459910016,0.45269072925439596
0.691975793934661,0.3219150549520825,0.7753487655679268,0.203125,0.9496402877697842,70473,20419,276471,109824,5824,0.45237145459910016,0.45269072925439596
0.6919303322648329,0.32160948495386216,0.7718162702063346,0.203125,0.9460431654676259,70473,20835,276471,109408,6240,0.45237145459910016,0.45269072925439596
0.6912009443829652,0.3232049677547308,0.7728536385936222,0.20432692307692307,0.9460431654676259,70890,20835,276054,109408,6240,0.45237145459910016,0.45269072925439596
0.6911878641495646,0.32479742009537993,0.7738816175034187,0.20552884615384615,0.9460431654676259,71307,20835,275637,109408,6240,0.45237145459910016,0.45269072925439596
0.6911251031631602,0.3244892526330878,0.7703950993420413,0.20552884615384615,0.9460431654676259,71307,21252,275637,109408,6240,0.45237145459910016,0.45269072925439596
0.6910266330422309,0.3260774686306601,0.7714248838409912,0.20673076923076922,0.9460431654676259,71724,21252,275220,109408,6240,0.45237145459910016,0.45269072925439596
0.689247676080944,0.3257686726302809,0.7679804696283448,0.20673076923076922,0.9460431654676259,71724,21669,275220,109408,6240,0.45237145459910016,0.45269072925439596
0.6873588781934066,0.3273526729195878,0.7690118324272466,0.20793269230769232,0.9460431654676259,72141,21669,274803,109408,6240,0.45237145459910016,0.45269072925439596
0.6857866100088712,0.32893367877761687,0.7700340666687892,0.2091346153846154,0.9460431654676259,72558,21669,274386,109408,6240,0.45237145459910016,0.45269072925439596
0.6857801513595368,0.3286238045956969,0.766649408831081,0.2091346153846154,0.9424460431654677,72558,22085,274386,108992,6656,0.45237145459910016,0.45269072925439596
0.6856376198283636,0.3283137709161003,0.7632863454660215,0.2091346153846154,0.9424460431654677,72558,22502,274386,108992,6656,0.45237145459910016,0.45269072925439596
0.6852693943249419,0.3298894039839881,0.764320202771348,0.21033653846153846,0.9424460431654677,72975,22502,273969,108992,6656,0.45237145459910016,0.45269072925439596
0.6851897967301878,0.33146206965075264,0.76534506851315,0.21153846153846154,0.9424460431654677,73392,22502,273552,108992,6656,0.45237145459910016,0.45269072925439596
0.6849054508781546,0.3311502408320267,0.762031335984467,0.21153846153846154,0.9424460431654677,73392,22919,273552,108992,6656,0.45237145459910016,0.45269072925439596
0.6846074342235144,0.33271876521394184,0.7630572326523861,0.2127403846153846,0.9424460431654677,73809,22919,273135,108992,6656,0.45237145459910016,0.45269072925439596
0.6840203451854641,0.3342843439040373,0.7640743218899583,0.21394230769230768,0.9424460431654677,74226,22919,272718,108992,6656,0.45237145459910016,0.45269072925439596
0.6834939002627662,0.33584698519255085,0.7650827166314754,0.21514423076923078,0.9424460431654677,74643,22919,272301,108992,6656,0.45237145459910016,0.45269072925439596
0.6830349803201581,0.3355322156867593,0.7618265138448035,0.21514423076923078,0.9424460431654677,74643,23336,272301,108992,6656,0.45237145459910016,0.45269072925439596
0.683025642552167,0.3370907621143396,0.7628358876377088,0.21634615384615385,0.9424460431654677,75060,23336,271884,108992,6656,0.45237145459910016,0.45269072925439596
0.682690511038176,0.33864639254122764,0.763836742129072,0.21754807692307693,0.9424460431654677,75477,23336,271467,108992,6656,0.45237145459910016,0.45269072925439596
0.6812520430761566,0.33832988923603796,0.760626826564547,0.21754807692307693,0.9424460431654677,75477,23753,271467,108992,6656,0.45237145459910016,0.45269072925439596
0.6811888911895477,0.3398814575304921,0.7616285487771834,0.21875,0.9424460431654677,75894,23753,271050,108992,6656,0.45237145459910016,0.45269072925439596
0.6811416568734951,0.3414301310043668,0.7626219219699393,0.21995192307692307,0.9424460431654677,76311,23753,270633,108992,6656,0.45237145459910016,0.45269072925439596
0.6808804889747428,0.3429759177515785,0.7636070500890716,0.22115384615384615,0.9424460431654677,76728,23753,270216,108992,6656,0.45237145459910016,0.45269072925439596
0.6804257058826986,0.3426565619124602,0.7604511486848105,0.22115384615384615,0.9424460431654677,76728,24170,270216,108992,6656,0.45237145459910016,0.45269072925439596
0.6796083477125548,0.34419833176801806,0.7614371021072891,0.22235576923076922,0.9424460431654677,77145,24170,269799,108992,6656,0.45237145459910016,0.45269072925439596
0.6785840738054427,0.3457372357781562,0.7624149726732985,0.22355769230769232,0.9424460431654677,77562,24170,269382,108992,6656,0.45237145459910016,0.45269072925439596
0.6785290412394456,0.3454162055520794,0.7593025873968419,0.22355769230769232,0.9424460431654677,77562,24587,269382,108992,6656,0.45237145459910016,0.45269072925439596
0.6783694488325982,0.3469511245578519,0.7602811847980813,0.2247596153846154,0.9424460431654677,77979,24587,268965,108992,6656,0.45237145459910016,0.45269072925439596
0.6781368852564358,0.3484831983855159,0.7612518571026285,0.22596153846153846,0.9424460431654677,78396,24587,268548,108992,6656,0.45237145459910016,0.45269072925439596
0.6772146555918475,0.3500124349386247,0.7622147001934236,0.22716346153846154,0.9424460431654677,78813,24587,268131,108992,6656,0.45237145459910016,0.45269072925439596
0.677150973044658,0.3515388420914853,0.7631698084128804,0.2283653846153846,0.9424460431654677,79230,24587,267714,108992,6656,0.45237145459910016,0.45269072925439596
0.6770756193447518,0.35306242768929336,0.7641172745937026,0.22956730769230768,0.9424460431654677,79647,24587,267297,108992,6656,0.45237145459910016,0.45269072925439596
0.6769729707200149,0.3545831995482678,0.7650571900889623,0.23076923076923078,0.9424460431654677,80064,24587,266880,108992,6656,0.45237145459910016,0.45269072925439596
0.6769561621364142,0.35610116545578435,0.7659896448014619,0.23197115384615385,0.9424460431654677,80481,24587,266463,108992,6656,0.45237145459910016,0.45269072925439596
0.6769437273061143,0.3557729500098358,0.7629615585154287,0.23197115384615385,0.9424460431654677,80481,25004,266463,108992,6656,0.45237145459910016,0.45269072925439596
0.6762916660420939,0.3554461239496958,0.759964495141689,0.23197115384615385,0.9388489208633094,80481,25420,266463,108576,7072,0.45237145459910016,0.45269072925439596
0.6756221536327452,0.35511911433122567,0.7569837656840799,0.23197115384615385,0.9388489208633094,80481,25837,266463,108576,7072,0.45237145459910016,0.45269072925439596
0.6753597811682788,0.3547927058559025,0.7540263268843397,0.23197115384615385,0.9388489208633094,80481,26254,266463,108576,7072,0.45237145459910016,0.45269072925439596
0.6753025515596942,0.3544668968676227,0.751091906823951,0.23197115384615385,0.9388489208633094,80481,26671,266463,108576,7072,0.45237145459910016,0.45269072925439596
0.6752152495823052,0.35597661673043457,0.752056819343863,0.23317307692307693,0.9388489208633094,80898,26671,266046,108576,7072,0.45237145459910016,0.45269072925439596
0.6750303191202294,0.35748356890071,0.7530142796288408,0.234375,0.9388489208633094,81315,26671,265629,108576,7072,0.45237145459910016,0.45269072925439596
0.6747892692042237,0.3571569751353916,0.750124536447667,0.234375,0.935251798561151,81315,27087,265629,108160,7488,0.45237145459910016,0.45269072925439596
0.6736581011195205,0.3568301946406356,0.7472500206765362,0.234375,0.935251798561151,81315,27504,265629,108160,7488,0.45237145459910016,0.45269072925439596
0.6734323047760605,0.35833223727476,0.748214874217291,0.23557692307692307,0.935251798561151,81732,27504,265212,108160,7488,0.45237145459910016,0.45269072925439596
0.6733167798069513,0.3598315363438656,0.7491723892643156,0.23677884615384615,0.935251798561151,82149,27504,264795,108160,7488,0.45237145459910016,0.45269072925439596
0.6721418818258145,0.3595039966040353,0.7463409315974525,0.23677884615384615,0.9316546762589928,82149,27920,264795,107744,7904,0.45237145459910016,0.45269072925439596
0.6718420983529958,0.360999497190827,0.7472983002371341,0.23798076923076922,0.9316546762589928,82566,27920,264378,107744,7904,0.45237145459910016,0.45269072925439596
0.6718065812084988,0.3606707044056202,0.7444884268234403,0.23798076923076922,0.9316546762589928,82566,28337,264378,107744,7904,0.45237145459910016,0.45269072925439596
0.6717422836675571,0.3621624216608767,0.7454455623427956,0.23918269230769232,0.9316546762589928,82983,28337,263961,107744,7904,0.45237145459910016,0.45269072925439596
0.6717001413257875,0.3618331694576405,0.7426635760759641,0.23918269230769232,0.9316546762589928,82983,28754,263961,107744,7904,0.45237145459910016,0.45269072925439596
0.6715719595154207,0.3633211209807056,0.743620379121565,0.2403846153846154,0.9316546762589928,83400,28754,263544,107744,7904,0.45237145459910016,0.45269072925439596
0.6700059404926901,0.36480637193562776,0.7445700935409653,0.24158653846153846,0.9316546762589928,83817,28754,263127,107744,7904,0.45237145459910016,0.45269072925439596
0.6694557933852977,0.36628892966786397,0.7455127978192374,0.24278846153846154,0.9316546762589928,84234,28754,262710,107744,7904,0.45237145459910016,0.45269072925439596
0.6688239545438147,0.3677688014962561,0.7464485692870685,0.2439903846153846,0.9316546762589928,84651,28754,262293,107744,7904,0.45237145459910016,0.45269072925439596
0.6681027926339589,0.36743676277495035,0.7437204030890608,0.2439903846153846,0.9280575539568345,84651,29170,262293,107328,8320,0.45237145459910016,0.45269072925439596
0.6677941692018645,0.3671045270630684,0.7410056198462859,0.2439903846153846,0.9280575539568345,84651,29587,262293,107328,8320,0.45237145459910016,0.45269072925439596
0.6675496034398621,0.3667728916223822,0.7383105839256902,0.2439903846153846,0.9280575539568345,84651,30004,262293,107328,8320,0.45237145459910016,0.45269072925439596
0.6673252116607746,0.36644264796597514,0.7356414735250411,0.2439903846153846,0.9244604316546763,84651,30420,262293,106912,8736,0.45237145459910016,0.45269072925439596
0.6670827224089523,0.36611220676769773,0.7329852452202826,0.2439903846153846,0.9244604316546763,84651,30837,262293,106912,8736,0.45237145459910016,0.45269072925439596
0.6670442862865724,0.3675842445376354,0.7339459039730813,0.24519230769230768,0.9244604316546763,85068,30837,261876,106912,8736,0.45237145459910016,0.45269072925439596
0.6666920991667141,0.3690536322544715,0.7348996750399752,0.24639423076923078,0.9244604316546763,85485,30837,261459,106912,8736,0.45237145459910016,0.45269072925439596
0.6659168947684185,0.37052037706795377,0.735846632230874,0.24759615384615385,0.9244604316546763,85902,30837,261042,106912,8736,0.45237145459910016,0.45269072925439596
0.664801839166911,0.37198448610213314,0.7367868483048243,0.24879807692307693,0.9244604316546763,86319,30837,260625,106912,8736,0.45237145459910016,0.45269072925439596
0.6647363974867946,0.37344596645547956,0.7377203949886454,0.25,0.9244604316546763,86736,30837,260208,106912,8736,0.45237145459910016,0.45269072925439596
0.6646308730877577,0.3749048252009963,0.7386473429951691,0.2512019230769231,0.9244604316546763,87153,30837,259791,106912,8736,0.45237145459910016,0.45269072925439596
0.6640069737534239,0.37456887381782783,0.7360460107932808,0.2512019230769231,0.9244604316546763,87153,31254,259791,106912,8736,0.45237145459910016,0.45269072925439596
0.663247912567705,0.37423352398619053,0.7334629367804484,0.2512019230769231,0.9244604316546763,87153,31671,259791,106912,8736,0.45237145459910016,0.45269072925439596
0.6632243244949387,0.3756877634415522,0.7343950486829195,0.25240384615384615,0.9244604316546763,87570,31671,259374,106912,8736,0.45237145459910016,0.45269072925439596
0.6632019121734829,0.37535201306466753,0.7318357318357318,0.25240384615384615,0.9244604316546763,87570,32088,259374,106912,8736,0.45237145459910016,0.45269072925439596
0.6630598282223192,0.37680265685122016,0.7327670206121174,0.2536057692307692,0.9244604316546763,87987,32088,258957,106912,8736,0.45237145459910016,0.45269072925439596
0.662399406608412,0.37825071239699126,0.7336918633602231,0.2548076923076923,0.9244604316546763,88404,32088,258540,106912,8736,0.45237145459910016,0.45269072925439596
0.6621364075109666,0.37969618662272125,0.7346103267746817,0.25600961538461536,0.9244604316546763,88821,32088,258123,106912,8736,0.45237145459910016,0.45269072925439596
0.6619921806220156,0.3811390864244987,0.7355224766332031,0.25721153846153844,0.9244604316546763,89238,32088,257706,106912,8736,0.45237145459910016,0.45269072925439596
0.6607915687489729,0.38257941867386974,0.7364283778122767,0.25841346153846156,0.9244604316546763,89655,32088,257289,106912,8736,0.45237145459910016,0.45269072925439596
0.6606716616118551,0.3840171902179474,0.7373280943025541,0.25961538461538464,0.9244604316546763,90072,32088,256872,106912,8736,0.45237145459910016,0.45269072925439596
0.6598367180862261,0.3836769466689385,0.7348257407649132,0.25961538461538464,0.920863309352518,90072,32504,256872,106496,9152,0.45237145459910016,0.45269072925439596
0.6590960894656843,0.38333730550543055,0.7323403148172238,0.25961538461538464,0.9172661870503597,90072,32920,256872,106080,9568,0.45237145459910016,0.45269072925439596
0.6589658650007151,0.382997450850744,0.7298657310244796,0.25961538461538464,0.9172661870503597,90072,33337,256872,106080,9568,0.45237145459910016,0.45269072925439596
0.6588368848824866,0.3844297640036536,0.730775442960283,0.2608173076923077,0.9172661870503597,90489,33337,256455,106080,9568,0.45237145459910016,0.45269072925439596
0.6586216563106356,0.38585954196529193,0.7316790483166054,0.2620192307692308,0.9172661870503597,90906,33337,256038,106080,9568,0.45237145459910016,0.45269072925439596
0.6584388986252296,0.38551835862291245,0.7292315097064014,0.2620192307692308,0.9172661870503597,90906,33754,256038,106080,9568,0.45237145459910016,0.45269072925439596
0.6581408688954444,0.38517777810732995,0.7268002910207312,0.2620192307692308,0.9172661870503597,90906,34171,256038,106080,9568,0.45237145459910016,0.45269072925439596
0.6576540398579089,0.3848386134024219,0.7243910018885515,0.2620192307692308,0.9136690647482014,90906,34587,256038,105664,9984,0.45237145459910016,0.45269072925439596
0.657429479710363,0.386262990267609,0.7253037884203002,0.26322115384615385,0.9136690647482014,91323,34587,255621,105664,9984,0.45237145459910016,0.45269072925439596
0.6569327486266645,0.3876848570903351,0.7262105488137928,0.2644230769230769,0.9136690647482014,91740,34587,255204,105664,9984,0.45237145459910016,0.45269072925439596
0.6568070815297364,0.3873435679181233,0.7238212459761408,0.2644230769230769,0.9136690647482014,91740,35004,255204,105664,9984,0.45237145459910016,0.45269072925439596
0.6567797932407122,0.3870036953917284,0.7214532871972318,0.2644230769230769,0.9100719424460432,91740,35420,255204,105248,10400,0.45237145459910016,0.45269072925439596
0.6566583779741411,0.3884211657650557,0.7223637489516135,0.265625,0.9100719424460432,92157,35420,254787,105248,10400,0.45237145459910016,0.45269072925439596
0.6561904220475896,0.3880801283535956,0.7200103129834211,0.265625,0.9100719424460432,92157,35837,254787,105248,10400,0.45237145459910016,0.45269072925439596
0.6556965005802199,0.38774050497103213,0.7176777509539756,0.265625,0.9064748201438849,92157,36253,254787,104832,10816,0.45237145459910016,0.45269072925439596
0.6555981920015014,0.3874006612424885,0.7153547004898042,0.265625,0.9064748201438849,92157,36670,254787,104832,10816,0.45237145459910016,0.45269072925439596
0.655381062396042,0.3888128218266735,0.7162730958497107,0.2668269230769231,0.9064748201438849,92574,36670,254370,104832,10816,0.45237145459910016,0.45269072925439596
0.6547092659406409,0.38847344965631847,0.7139750115687182,0.2668269230769231,0.9028776978417267,92574,37086,254370,104416,11232,0.45237145459910016,0.45269072925439596
0.654267812164467,0.3881346694058949,0.7116916264337771,0.2668269230769231,0.8992805755395683,92574,37502,254370,104000,11648,0.45237145459910016,0.45269072925439596
0.6540142663952091,0.38954249461185453,0.7126129370924111,0.26802884615384615,0.8992805755395683,92991,37502,253953,104000,11648,0.45237145459910016,0.45269072925439596
0.6527416066854723,0.39094786273631693,0.7135283782751509,0.2692307692307692,0.8992805755395683,93408,37502,253536,104000,11648,0.45237145459910016,0.45269072925439596
0.6527363152408356,0.39235078020620107,0.7144380058936852,0.2704326923076923,0.8992805755395683,93825,37502,253119,104000,11648,0.45237145459910016,0.45269072925439596
0.6526379786191416,0.392009810168231,0.7121820514182917,0.2704326923076923,0.89568345323741,93825,37918,253119,103584,12064,0.45237145459910016,0.45269072925439596
0.6525688975191569,0.39340936414640665,0.7130901937046005,0.27163461538461536,0.89568345323741,94242,37918,252702,103584,12064,0.45237145459910016,0.45269072925439596
0.6524781753552255,0.3930672483582575,0.7108472812026219,0.27163461538461536,0.89568345323741,94242,38335,252702,103584,12064,0.45237145459910016,0.45269072925439596
0.6519267204244645,0.3927257270730803,0.7086184339143119,0.27163461538461536,0.89568345323741,94242,38752,252702,103584,12064,0.45237145459910016,0.45269072925439596
0.6513075296244121,0.39412101466623645,0.7095291992414419,0.27283653846153844,0.89568345323741,94659,38752,252285,103584,12064,0.45237145459910016,0.45269072925439596
0.6498353543777733,0.3955138818400406,0.7104342887885943,0.27403846153846156,0.89568345323741,95076,38752,251868,103584,12064,0.45237145459910016,0.45269072925439596
0.6497101635423138,0.39690433488712334,0.7113337554471303,0.27524038461538464,0.89568345323741,95493,38752,251451,103584,12064,0.45237145459910016,0.45269072925439596
0.649585661284962,0.3982923800783213,0.7122276514532682,0.2764423076923077,0.89568345323741,95910,38752,251034,103584,12064,0.45237145459910016,0.45269072925439596
0.6493414244231615,0.39794781576812727,0.7100289460241784,0.2764423076923077,0.89568345323741,95910,39169,251034,103584,12064,0.45237145459910016,0.45269072925439596
0.6487593934964555,0.39933255948926294,0.7109213556119738,0.2776442307692308,0.89568345323741,96327,39169,250617,103584,12064,0.45237145459910016,0.45269072925439596
0.6487171606879498,0.4007149114541158,0.7118082891261321,0.27884615384615385,0.89568345323741,96744,39169,250200,103584,12064,0.45237145459910016,0.45269072925439596
0.6486405356045919,0.400369148764469,0.7096310423237732,0.27884615384615385,0.89568345323741,96744,39586,250200,103584,12064,0.45237145459910016,0.45269072925439596
0.6485496660319184,0.4017482235559479,0.7105165012760792,0.2800480769230769,0.89568345323741,97161,39586,249783,103584,12064,0.45237145459910016,0.45269072925439596
0.6485350759279898,0.4031249225379461,0.7113965763611443,0.28125,0.89568345323741,97578,39586,249366,103584,12064,0.45237145459910016,0.45269072925439596
0.6482639499377839,0.4027779784324854,0.7092403747610498,0.28125,0.89568345323741,97578,40003,249366,103584,12064,0.45237145459910016,0.45269072925439596
0.6478305650240787,0.4041514242940393,0.710118987231699,0.2824519230769231,0.89568345323741,97995,40003,248949,103584,12064,0.45237145459910016,0.45269072925439596
0.6477135874122704,0.4038041944210368,0.7079796264855688,0.2824519230769231,0.89568345323741,97995,40420,248949,103584,12064,0.45237145459910016,0.45269072925439596
0.6473241950898918,0.40517440137017885,0.7088567477238676,0.28365384615384615,0.89568345323741,98412,40420,248532,103584,12064,0.45237145459910016,0.45269072925439596
0.6470848930950406,0.40654225790992465,0.7097286156453547,0.2848557692307692,0.89568345323741,98829,40420,248115,103584,12064,0.45237145459910016,0.45269072925439596
0.6464111697685159,0.40619470663304624,0.7076146493394909,0.2848557692307692,0.8920863309352518,98829,40836,248115,103168,12480,0.45237145459910016,0.45269072925439596
0.646286039021811,0.4075593500141676,0.7084850301965991,0.2860576923076923,0.8920863309352518,99246,40836,247698,103168,12480,0.45237145459910016,0.45269072925439596
0.6455493950273644,0.40721068924981996,0.7063822518309739,0.2860576923076923,0.8920863309352518,99246,41253,247698,103168,12480,0.45237145459910016,0.45269072925439596
0.6454330475717962,0.40686262452342886,0.7042919185897982,0.2860576923076923,0.8920863309352518,99246,41670,247698,103168,12480,0.45237145459910016,0.45269072925439596
0.6453654599534877,0.40822320117474303,0.705164398972639,0.28725961538461536,0.8920863309352518,99663,41670,247281,103168,12480,0.45237145459910016,0.45269072925439596
0.6449501953618427,0.4095814558803669,0.706031746031746,0.28846153846153844,0.8920863309352518,100080,41670,246864,103168,12480,0.45237145459910016,0.45269072925439596
0.6445636132344061,0.4092330968493795,0.7039657864749659,0.28846153846153844,0.8884892086330936,100080,42086,246864,102752,12896,0.45237145459910016,0.45269072925439596
0.6444631170216761,0.4105881800186711,0.7048315717862579,0.28966346153846156,0.8884892086330936,100497,42086,246447,102752,12896,0.45237145459910016,0.45269072925439596
0.6439418431490671,0.41194095651747953,0.7056923076923077,0.29086538461538464,0.8884892086330936,100914,42086,246030,102752,12896,0.45237145459910016,0.45269072925439596
0.643081316469049,0.4132914322305404,0.7065480382381447,0.2920673076923077,0.8884892086330936,101331,42086,245613,102752,12896,0.45237145459910016,0.45269072925439596
0.643037626363232,0.4146396130225886,0.707398806958021,0.2932692307692308,0.8884892086330936,101748,42086,245196,102752,12896,0.45237145459910016,0.45269072925439596
0.6428959318950405,0.415985504738444,0.7082446568827946,0.29447115384615385,0.8884892086330936,102165,42086,244779,102752,12896,0.45237145459910016,0.45269072925439596
0.6415707034256226,0.4156334988435979,0.7062080502118658,0.29447115384615385,0.8848920863309353,102165,42502,244779,102336,13312,0.45237145459910016,0.45269072925439596
0.6411618047305591,0.416976269643191,0.7070524661575364,0.2956730769230769,0.8848920863309353,102582,42502,244362,102336,13312,0.45237145459910016,0.45269072925439596
0.6409283489022887,0.41662317619226513,0.705026082294967,0.2956730769230769,0.8848920863309353,102582,42919,244362,102336,13312,0.45237145459910016,0.45269072925439596
0.6402295769872579,0.4162706802309774,0.7030112803081182,0.2956730769230769,0.8848920863309353,102582,43336,244362,102336,13312,0.45237145459910016,0.45269072925439596
0.6399722249325752,0.4176095069929999,0.7038575870434277,0.296875,0.8848920863309353,102999,43336,243945,102336,13312,0.45237145459910016,0.45269072925439596
0.6394130728922708,0.41894607207674356,0.7046990841692107,0.2980769230769231,0.8848920863309353,103416,43336,243528,102336,13312,0.45237145459910016,0.45269072925439596
0.6392564484771834,0.4185925081914461,0.7027023354103106,0.2980769230769231,0.8848920863309353,103416,43753,243528,102336,13312,0.45237145459910016,0.45269072925439596
0.6391935479745783,0.41992599033425676,0.7035423414144973,0.29927884615384615,0.8848920863309353,103833,43753,243111,102336,13312,0.45237145459910016,0.45269072925439596
0.6391376012182762,0.41957219661903195,0.7015601035114153,0.29927884615384615,0.8848920863309353,103833,44170,243111,102336,13312,0.45237145459910016,0.45269072925439596
0.6389094682893188,0.4209026089905605,0.7023985985716211,0.3004807692307692,0.8848920863309353,104250,44170,242694,102336,13312,0.45237145459910016,0.45269072925439596
0.638856912792221,0.4222307833499065,0.7032323951705557,0.3016826923076923,0.8848920863309353,104667,44170,242277,102336,13312,0.45237145459910016,0.45269072925439596
0.6383570635742752,0.42187594468337236,0.7012676377182521,0.3016826923076923,0.8848920863309353,104667,44587,242277,102336,13312,0.45237145459910016,0.45269072925439596
0.6382978240788499,0.4232010712523786,0.7020999391999786,0.30288461538461536,0.8848920863309353,105084,44587,241860,102336,13312,0.45237145459910016,0.45269072925439596
0.6381376496626432,0.4245239743115131,0.7029276157987314,0.30408653846153844,0.8848920863309353,105501,44587,241443,102336,13312,0.45237145459910016,0.45269072925439596
0.6376481629557675,0.4258446594525268,0.7037507059566127,0.30528846153846156,0.8848920863309353,105918,44587,241026,102336,13312,0.45237145459910016,0.45269072925439596
0.6375859091796754,0.42716313224843633,0.7045692476908602,0.30649038461538464,0.8848920863309353,106335,44587,240609,102336,13312,0.45237145459910016,0.45269072925439596
0.6370172041186815,0.4284793982536029,0.7053832785997,0.3076923076923077,0.8848920863309353,106752,44587,240192,102336,13312,0.45237145459910016,0.45269072925439596
0.6366342201333317,0.4297934630038099,0.7061928358681041,0.3088942307692308,0.8848920863309353,107169,44587,239775,102336,13312,0.45237145459910016,0.45269072925439596
0.6362832258200442,0.42943438111705273,0.7042576541173533,0.3088942307692308,0.8848920863309353,107169,45004,239775,102336,13312,0.45237145459910016,0.45269072925439596
0.6360297922778175,0.4307454547638399,0.7050658627695131,0.31009615384615385,0.8848920863309353,107586,45004,239358,102336,13312,0.45237145459910016,0.45269072925439596
0.6355951087107348,0.4303870387038704,0.7031488961217207,0.31009615384615385,0.8812949640287769,107586,45420,239358,101920,13728,0.45237145459910016,0.45269072925439596
0.6354331909256772,0.4316951357703446,0.7039557302360142,0.3112980769230769,0.8812949640287769,108003,45420,238941,101920,13728,0.45237145459910016,0.45269072925439596
0.6350792335164845,0.43133566567621967,0.7020475819032761,0.3112980769230769,0.8812949640287769,108003,45837,238941,101920,13728,0.45237145459910016,0.45269072925439596
0.6339827590207384,0.4326407968060718,0.7028530309807659,0.3125,0.8812949640287769,108420,45837,238524,101920,13728,0.45237145459910016,0.45269072925439596
0.6335449653249501,0.4339437579991149,0.7036541370883277,0.3137019230769231,0.8812949640287769,108837,45837,238107,101920,13728,0.45237145459910016,0.45269072925439596
0.6331004419914962,0.43524455466252354,0.704450935257365,0.31490384615384615,0.8812949640287769,109254,45837,237690,101920,13728,0.45237145459910016,0.45269072925439596
0.6327027129784883,0.4348833321391894,0.7025619260745428,0.31490384615384615,0.8812949640287769,109254,46254,237690,101920,13728,0.45237145459910016,0.45269072925439596
0.632011070319751,0.43452270869749376,0.7006830206830207,0.31490384615384615,0.8812949640287769,109254,46671,237690,101920,13728,0.45237145459910016,0.45269072925439596
0.6315310318342846,0.4341626828483208,0.698814138235407,0.31490384615384615,0.8812949640287769,109254,47088,237690,101920,13728,0.45237145459910016,0.45269072925439596
0.6311769370742418,0.43380325310748596,0.6969551987445697,0.31490384615384615,0.8812949640287769,109254,47505,237690,101920,13728,0.45237145459910016,0.45269072925439596
0.6305194277400761,0.4350987860033325,0.697759199877844,0.3161057692307692,0.8812949640287769,109671,47505,237273,101920,13728,0.45237145459910016,0.45269072925439596
0.6301026463233192,0.43473917671052864,0.6959128895318955,0.3161057692307692,0.8812949640287769,109671,47922,237273,101920,13728,0.45237145459910016,0.45269072925439596
0.6295928029123903,0.43603179695576233,0.6967153977596354,0.3173076923076923,0.8812949640287769,110088,47922,236856,101920,13728,0.45237145459910016,0.45269072925439596
0.6295402435244764,0.4356728733403249,0.6948859404390694,0.3173076923076923,0.8776978417266187,110088,48338,236856,101504,14144,0.45237145459910016,0.45269072925439596
0.6294386311085989,0.4369625949263227,0.6956869361570859,0.31850961538461536,0.8776978417266187,110505,48338,236439,101504,14144,0.45237145459910016,0.45269072925439596
0.6289552773853013,0.4366026345109877,0.6938653773703378,0.31850961538461536,0.8776978417266187,110505,48755,236439,101504,14144,0.45237145459910016,0.45269072925439596
0.6287639650480481,0.4362432666628505,0.6920533326653181,0.31850961538461536,0.8776978417266187,110505,49172,236439,101504,14144,0.45237145459910016,0.45269072925439596
0.6287061450543623,0.43588534958987213,0.690255039258431,0.31850961538461536,0.8741007194244604,110505,49588,236439,101088,14560,0.45237145459910016,0.45269072925439596
0.62850742586652,0.4355271610825809,0.6884617780823624,0.31850961538461536,0.8741007194244604,110505,50005,236439,101088,14560,0.45237145459910016,0.45269072925439596
0.6284720634309453,0.435170417626558,0.6866820774766041,0.31850961538461536,0.8705035971223022,110505,50421,236439,100672,14976,0.45237145459910016,0.45269072925439596
0.6283090882970892,0.43481340266424284,0.6849073092727915,0.31850961538461536,0.8705035971223022,110505,50838,236439,100672,14976,0.45237145459910016,0.45269072925439596
0.6283005891407365,0.43609643328929987,0.6857195845697329,0.31971153846153844,0.8705035971223022,110922,50838,236022,100672,14976,0.45237145459910016,0.45269072925439596
0.6282220633196818,0.43737736215948664,0.6865276827170314,0.32091346153846156,0.8705035971223022,111339,50838,235605,100672,14976,0.45237145459910016,0.45269072925439596
0.6280331929808556,0.43701941759005214,0.6847669655706853,0.32091346153846156,0.8705035971223022,111339,51255,235605,100672,14976,0.45237145459910016,0.45269072925439596
0.6278957793432883,0.43666291469426655,0.6830194466597141,0.32091346153846156,0.8669064748201439,111339,51671,235605,100256,15392,0.45237145459910016,0.45269072925439596
0.6267500091454126,0.43794024346994637,0.6838282535933475,0.32211538461538464,0.8669064748201439,111756,51671,235188,100256,15392,0.45237145459910016,0.45269072925439596
0.6267279263453084,0.43921548665982757,0.684632943531652,0.3233173076923077,0.8669064748201439,112173,51671,234771,100256,15392,0.45237145459910016,0.45269072925439596
0.6263692908012471,0.4404886493676705,0.6854335478293692,0.3245192307692308,0.8669064748201439,112590,51671,234354,100256,15392,0.45237145459910016,0.45269072925439596
0.6263516503750618,0.4417597366805962,0.6862300975236523,0.32572115384615385,0.8669064748201439,113007,51671,233937,100256,15392,0.45237145459910016,0.45269072925439596
0.6262877997119747,0.4430287536691541,0.6870226233380781,0.3269230769230769,0.8669064748201439,113424,51671,233520,100256,15392,0.45237145459910016,0.45269072925439596
0.6261546842676466,0.4426691124098701,0.6852958413640181,0.3269230769230769,0.8633093525179856,113424,52087,233520,99840,15808,0.45237145459910016,0.45269072925439596
0.6256681828538921,0.44393532889297915,0.6860867364157948,0.328125,0.8633093525179856,113841,52087,233103,99840,15808,0.45237145459910016,0.45269072925439596
0.6256373020497836,0.4435746723580673,0.6843668279779975,0.328125,0.8633093525179856,113841,52504,233103,99840,15808,0.45237145459910016,0.45269072925439596
0.6250549606321949,0.44483809805608654,0.6851560907161104,0.3293269230769231,0.8633093525179856,114258,52504,232686,99840,15808,0.45237145459910016,0.45269072925439596
0.6248547783136829,0.4460994742503253,0.6859414160869487,0.33052884615384615,0.8633093525179856,114675,52504,232269,99840,15808,0.45237145459910016,0.45269072925439596
0.6246764443285984,0.4473588059237377,0.6867228334805127,0.3317307692307692,0.8633093525179856,115092,52504,231852,99840,15808,0.45237145459910016,0.45269072925439596
0.6240147609658984,0.44699654534262084,0.6850184211935981,0.3317307692307692,0.8633093525179856,115092,52921,231852,99840,15808,0.45237145459910016,0.45269072925439596
0.6234290190591223,0.4466357376113999,0.6833265055305203,0.3317307692307692,0.8597122302158273,115092,53337,231852,99424,16224,0.45237145459910016,0.45269072925439596
0.6233830268751159,0.44789158378409816,0.6841085959987208,0.3329326923076923,0.8597122302158273,115509,53337,231435,99424,16224,0.45237145459910016,0.45269072925439596
0.6226121163885756,0.44914540097286554,0.6848868329168217,0.33413461538461536,0.8597122302158273,115926,53337,231018,99424,16224,0.45237145459910016,0.45269072925439596
0.6222813744085842,0.45039719409086687,0.6856612446958982,0.33533653846153844,0.8597122302158273,116343,53337,230601,99424,16224,0.45237145459910016,0.45269072925439596
0.6221588744859323,0.45164696803541693,0.686431859468421,0.33653846153846156,0.8597122302158273,116760,53337,230184,99424,16224,0.45237145459910016,0.45269072925439596
0.6219753376670618,0.45289472768804423,0.687198705091664,0.33774038461538464,0.8597122302158273,117177,53337,229767,99424,16224,0.45237145459910016,0.45269072925439596
0.6218538785917481,0.4541404779145547,0.687961809151061,0.3389423076923077,0.8597122302158273,117594,53337,229350,99424,16224,0.45237145459910016,0.45269072925439596
0.6213184769082278,0.45538422356509456,0.6887211989635128,0.3401442307692308,0.8597122302158273,118011,53337,228933,99424,16224,0.45237145459910016,0.45269072925439596
0.6211638401769903,0.45662596947421386,0.689476901580648,0.34134615384615385,0.8597122302158273,118428,53337,228516,99424,16224,0.45237145459910016,0.45269072925439596
0.6206775226437838,0.45786572046092855,0.690228943792034,0.3425480769230769,0.8597122302158273,118845,53337,228099,99424,16224,0.45237145459910016,0.45269072925439596
0.6206484768731392,0.4591034813287832,0.6909773521283438,0.34375,0.8597122302158273,119262,53337,227682,99424,16224,0.45237145459910016,0.45269072925439596
0.6203946817447459,0.45873528732979457,0.6893119711471771,0.34375,0.8597122302158273,119262,53754,227682,99424,16224,0.45237145459910016,0.45269072925439596
0.6195542115037087,0.45836856426891326,0.6876585635868813,0.34375,0.8561151079136691,119262,54170,227682,99008,16640,0.45237145459910016,0.45269072925439596
0.619361253105217,0.459602951652576,0.6884077561562045,0.3449519230769231,0.8561151079136691,119679,54170,227265,99008,16640,0.45237145459910016,0.45269072925439596
0.6189826951767563,0.45923612216980136,0.6867644105242017,0.3449519230769231,0.8525179856115108,119679,54586,227265,98592,17056,0.45237145459910016,0.45269072925439596
0.6189616998913163,0.45886899809442017,0.6851249699453865,0.3449519230769231,0.8525179856115108,119679,55003,227265,98592,17056,0.45237145459910016,0.45269072925439596
0.6184803732468678,0.46010003007415096,0.6858748479431636,0.34615384615384615,0.8525179856115108,120096,55003,226848,98592,17056,0.45237145459910016,0.45269072925439596
0.6184251097261865,0.459732802511197,0.6842453109688006,0.34615384615384615,0.8525179856115108,120096,55420,226848,98592,17056,0.45237145459910016,0.45269072925439596
0.6183239078896747,0.46096118207532555,0.6849937191999227,0.3473557692307692,0.8525179856115108,120513,55420,226431,98592,17056,0.45237145459910016,0.45269072925439596
0.6179757051568155,0.4621876039090836,0.6857385880351573,0.3485576923076923,0.8525179856115108,120930,55420,226014,98592,17056,0.45237145459910016,0.45269072925439596
0.6170715360499663,0.46341207268894485,0.6864799425232085,0.34975961538461536,0.8525179856115108,121347,55420,225597,98592,17056,0.45237145459910016,0.45269072925439596
0.6166364150785026,0.4646345930765004,0.6872178074769731,0.35096153846153844,0.8525179856115108,121764,55420,225180,98592,17056,0.45237145459910016,0.45269072925439596
0.6164058049259108,0.4642652203338131,0.6856042477238303,0.35096153846153844,0.8525179856115108,121764,55837,225180,98592,17056,0.45237145459910016,0.45269072925439596
0.6159384070684888,0.46389731808648643,0.6840020896880635,0.35096153846153844,0.8489208633093526,121764,56253,225180,98176,17472,0.45237145459910016,0.45269072925439596
0.6157085832717532,0.4635291161792081,0.6824035777934698,0.35096153846153844,0.8489208633093526,121764,56670,225180,98176,17472,0.45237145459910016,0.45269072925439596
0.6148646544865795,0.4631614983025704,0.6808125199188151,0.35096153846153844,0.8489208633093526,121764,57087,225180,98176,17472,0.45237145459910016,0.45269072925439596
0.6145925389803351,0.46437937561287085,0.6815549902938617,0.35216346153846156,0.8489208633093526,122181,57087,224763,98176,17472,0.45237145459910016,0.45269072925439596
0.6145386123826162,0.4655953242225552,0.6822940145254195,0.35336538461538464,0.8489208633093526,122598,57087,224346,98176,17472,0.45237145459910016,0.45269072925439596
0.6137146513126495,0.4668093487096003,0.6830296165506213,0.3545673076923077,0.8489208633093526,123015,57087,223929,98176,17472,0.45237145459910016,0.45269072925439596
0.6130786681402309,0.4680214536375063,0.6837618200854204,0.3557692307692308,0.8489208633093526,123432,57087,223512,98176,17472,0.45237145459910016,0.45269072925439596
0.6127547172431501,0.46765262493866966,0.6821897366457568,0.3557692307692308,0.8453237410071942,123432,57503,223512,97760,17888,0.45237145459910016,0.45269072925439596
0.6126943169899934,0.46728437709991577,0.680624865592139,0.3557692307692308,0.841726618705036,123432,57919,223512,97344,18304,0.45237145459910016,0.45269072925439596
0.6124251706454703,0.46691670875014896,0.6790671574048095,0.3557692307692308,0.8381294964028777,123432,58335,223512,96928,18720,0.45237145459910016,0.45269072925439596
0.612400618406263,0.46812491495441555,0.6798017389013306,0.35697115384615385,0.8381294964028777,123849,58335,223095,96928,18720,0.45237145459910016,0.45269072925439596
0.6121468938739376,0.46933121831005864,0.6805329653178241,0.3581730769230769,0.8381294964028777,124266,58335,222678,96928,18720,0.45237145459910016,0.45269072925439596
0.6117405810026189,0.470535623308841,0.6812608595875815,0.359375,0.8381294964028777,124683,58335,222261,96928,18720,0.45237145459910016,0.45269072925439596
0.6116188488994195,0.4717381344283993,0.6819854444353586,0.3605769230769231,0.8381294964028777,125100,58335,221844,96928,18720,0.45237145459910016,0.45269072925439596
0.6110729081325807,0.47136753102886986,0.6804386136675151,0.3605769230769231,0.8381294964028777,125100,58752,221844,96928,18720,0.45237145459910016,0.45269072925439596
0.6107839074567951,0.4725675011718463,0.6811617797893297,0.36177884615384615,0.8381294964028777,125517,58752,221427,96928,18720,0.45237145459910016,0.45269072925439596
0.610500898396424,0.47219771682884115,0.679627473806752,0.36177884615384615,0.8345323741007195,125517,59168,221427,96512,19136,0.45237145459910016,0.45269072925439596
0.6091261621279416,0.47339515756156425,0.6803492128664196,0.3629807692307692,0.8345323741007195,125934,59168,221010,96512,19136,0.45237145459910016,0.45269072925439596
0.6079606194953088,0.47302441672003503,0.6788199591416513,0.3629807692307692,0.8345323741007195,125934,59585,221010,96512,19136,0.45237145459910016,0.45269072925439596
0.6072534788673387,0.4726551431000283,0.677301207411192,0.3629807692307692,0.8309352517985612,125934,60001,221010,96096,19552,0.45237145459910016,0.45269072925439596
0.6070900771799468,0.47228555998919924,0.6757856100283335,0.3629807692307692,0.8309352517985612,125934,60418,221010,96096,19552,0.45237145459910016,0.45269072925439596
0.6070253351593041,0.4719174386185808,0.6742803906450784,0.3629807692307692,0.8273381294964028,125934,60834,221010,95680,19968,0.45237145459910016,0.45269072925439596
0.6067760910729534,0.4731104283796611,0.6750060100969629,0.3641826923076923,0.8273381294964028,126351,60834,220593,95680,19968,0.45237145459910016,0.45269072925439596
0.6061766429765421,0.4743015568351461,0.6757284037483609,0.36538461538461536,0.8273381294964028,126768,60834,220176,95680,19968,0.45237145459910016,0.45269072925439596
0.6059772850848273,0.4754908283376607,0.6764475930624033,0.36658653846153844,0.8273381294964028,127185,60834,219759,95680,19968,0.45237145459910016,0.45269072925439596
0.6059076486909956,0.4751213626234873,0.6749542282484676,0.36658653846153844,0.8237410071942446,127185,61250,219759,95264,20384,0.45237145459910016,0.45269072925439596
0.6057165101848871,0.474751584558302,0.6734638764746997,0.36658653846153844,0.8237410071942446,127185,61667,219759,95264,20384,0.45237145459910016,0.45269072925439596
0.6051717438511508,0.47593773369910836,0.6741833052428026,0.36778846153846156,0.8237410071942446,127602,61667,219342,95264,20384,0.45237145459910016,0.45269072925439596
0.6051545599151922,0.4755678959432011,0.6727012009320666,0.36778846153846156,0.8237410071942446,127602,62084,219342,95264,20384,0.45237145459910016,0.45269072925439596
0.6049574340270061,0.4767515692295088,0.6734191464627071,0.36899038461538464,0.8237410071942446,128019,62084,218925,95264,20384,0.45237145459910016,0.45269072925439596
0.6047079511094202,0.47638167393537056,0.6719452026034012,0.36899038461538464,0.8237410071942446,128019,62501,218925,95264,20384,0.45237145459910016,0.45269072925439596
0.6044579923124537,0.4760123521745516,0.6704776968319394,0.36899038461538464,0.8237410071942446,128019,62918,218925,95264,20384,0.45237145459910016,0.45269072925439596
0.6039678514963093,0.477192930309977,0.6711957941825099,0.3701923076923077,0.8237410071942446,128436,62918,218508,95264,20384,0.45237145459910016,0.45269072925439596
0.6038901877532588,0.4768235523421475,0.6697363000662249,0.3701923076923077,0.8237410071942446,128436,63335,218508,95264,20384,0.45237145459910016,0.45269072925439596
0.6032130346976643,0.47800167676932553,0.6704528898786605,0.3713942307692308,0.8237410071942446,128853,63335,218091,95264,20384,0.45237145459910016,0.45269072925439596
0.6030696032506233,0.47763224470808024,0.6690013239531684,0.3713942307692308,0.8237410071942446,128853,63752,218091,95264,20384,0.45237145459910016,0.45269072925439596
0.6028635699969047,0.47726338325005646,0.6675560298826041,0.3713942307692308,0.8237410071942446,128853,64169,218091,95264,20384,0.45237145459910016,0.45269072925439596
0.6026863315383101,0.47843844088359555,0.6682726854460579,0.37259615384615385,0.8237410071942446,129270,64169,217674,95264,20384,0.45237145459910016,0.45269072925439596
0.6022170828162052,0.47961168639053253,0.6689862578408716,0.3737980769230769,0.8237410071942446,129687,64169,217257,95264,20384,0.45237145459910016,0.45269072925439596
0.6021370175459558,0.48078312395952083,0.6696967669207764,0.375,0.8237410071942446,130104,64169,216840,95264,20384,0.45237145459910016,0.45269072925439596
0.6017916924011624,0.480412972597732,0.668262365812317,0.375,0.8237410071942446,130104,64586,216840,95264,20384,0.45237145459910016,0.45269072925439596
0.6017732637667121,0.4815819913624364,0.6689713849323704,0.3762019230769231,0.8237410071942446,130521,64586,216423,95264,20384,0.45237145459910016,0.45269072925439596
0.6014480964098357,0.48274921285679523,0.6696773797590065,0.37740384615384615,0.8237410071942446,130938,64586,216006,95264,20384,0.45237145459910016,0.45269072925439596
0.6009261116516653,0.48237840426609685,0.6682521779515262,0.37740384615384615,0.8237410071942446,130938,65003,216006,95264,20384,0.45237145459910016,0.45269072925439596
0.600924538941689,0.4835432227379984,0.6689567015349515,0.3786057692307692,0.8237410071942446,131355,65003,215589,95264,20384,0.45237145459910016,0.45269072925439596
0.6004447527004285,0.48470625451749894,0.6696582391055774,0.3798076923076923,0.8237410071942446,131772,65003,215172,95264,20384,0.45237145459910016,0.45269072925439596
0.6003727742939333,0.4858675037123072,0.6703568096068806,0.38100961538461536,0.8237410071942446,132189,65003,214755,95264,20384,0.45237145459910016,0.45269072925439596
0.6001913518767128,0.48702697441754983,0.6710524318224372,0.38221153846153844,0.8237410071942446,132606,65003,214338,95264,20384,0.45237145459910016,0.45269072925439596
0.5996179527417352,0.4881846707158192,0.671745124377607,0.38341346153846156,0.8237410071942446,133023,65003,213921,95264,20384,0.45237145459910016,0.45269072925439596
0.5993539610416676,0.4878114073126055,0.670333546660754,0.38341346153846156,0.8237410071942446,133023,65420,213921,95264,20384,0.45237145459910016,0.45269072925439596
0.5991301705415997,0.488966735311577,0.6710248415971035,0.38461538461538464,0.8237410071942446,133440,65420,213504,95264,20384,0.45237145459910016,0.45269072925439596
0.5981796604844882,0.4885943392772143,0.669624039021257,0.38461538461538464,0.8201438848920863,133440,65836,213504,94848,20800,0.45237145459910016,0.45269072925439596
0.5980138407552811,0.4897473094576474,0.6703139318854442,0.3858173076923077,0.8201438848920863,133857,65836,213087,94848,20800,0.45237145459910016,0.45269072925439596
0.5976793242333398,0.48937488689395725,0.6689204383610932,0.3858173076923077,0.8165467625899281,133857,66252,213087,94432,21216,0.45237145459910016,0.45269072925439596
0.5973811569544871,0.4890021371034029,0.6675293976840908,0.3858173076923077,0.8165467625899281,133857,66669,213087,94432,21216,0.45237145459910016,0.45269072925439596
0.5973637663547343,0.4886299547169398,0.6661441304250459,0.3858173076923077,0.8165467625899281,133857,67086,213087,94432,21216,0.45237145459910016,0.45269072925439596
0.5973387392687886,0.48825922892998946,0.6647679021051952,0.3858173076923077,0.8129496402877698,133857,67502,213087,94016,21632,0.45237145459910016,0.45269072925439596
0.5966891156153185,0.4878881761189678,0.6633940607406232,0.3858173076923077,0.8129496402877698,133857,67919,213087,94016,21632,0.45237145459910016,0.45269072925439596
0.5955035430761038,0.4890364335311589,0.6640882720964623,0.3870192307692308,0.8129496402877698,134274,67919,212670,94016,21632,0.45237145459910016,0.45269072925439596
0.5950394225901496,0.48866535408713246,0.6627214846256354,0.3870192307692308,0.8129496402877698,134274,68336,212670,94016,21632,0.45237145459910016,0.45269072925439596
0.5947759199414544,0.4882948373641519,0.6613603116826826,0.3870192307692308,0.8129496402877698,134274,68753,212670,94016,21632,0.45237145459910016,0.45269072925439596
0.5946023183849245,0.4894401767480396,0.6620544228387173,0.38822115384615385,0.8129496402877698,134691,68753,212253,94016,21632,0.45237145459910016,0.45269072925439596
0.5941478861489291,0.490583781919191,0.6627456943701836,0.3894230769230769,0.8129496402877698,135108,68753,211836,94016,21632,0.45237145459910016,0.45269072925439596
0.5938227459726804,0.4917256568134073,0.6634341436669636,0.390625,0.8129496402877698,135525,68753,211419,94016,21632,0.45237145459910016,0.45269072925439596
0.5931946362886202,0.4928658053545888,0.6641197879772345,0.3918269230769231,0.8129496402877698,135942,68753,211002,94016,21632,0.45237145459910016,0.45269072925439596
0.5928917696144314,0.49400423145477995,0.6648026444089083,0.39302884615384615,0.8129496402877698,136359,68753,210585,94016,21632,0.45237145459910016,0.45269072925439596
0.592155553856391,0.49514093901421424,0.665482729931056,0.3942307692307692,0.8129496402877698,136776,68753,210168,94016,21632,0.45237145459910016,0.45269072925439596
0.5919663527355652,0.49627593192135866,0.666160061375312,0.3954326923076923,0.8129496402877698,137193,68753,209751,94016,21632,0.45237145459910016,0.45269072925439596
0.5912999678406214,0.49740921405295796,0.6668346554372635,0.39663461538461536,0.8129496402877698,137610,68753,209334,94016,21632,0.45237145459910016,0.45269072925439596
0.5910833201437259,0.4985407892740788,0.6675065286778218,0.39783653846153844,0.8129496402877698,138027,68753,208917,94016,21632,0.45237145459910016,0.45269072925439596
0.5908963660383151,0.4996706614381538,0.6681756975245781,0.39903846153846156,0.8129496402877698,138444,68753,208500,94016,21632,0.45237145459910016,0.45269072925439596
0.5904611776790213,0.4992949339834607,0.6668336432032522,0.39903846153846156,0.8129496402877698,138444,69170,208500,94016,21632,0.45237145459910016,0.45269072925439596
0.5900983243652889,0.5004225415559259,0.6675014781450841,0.40024038461538464,0.8129496402877698,138861,69170,208083,94016,21632,0.45237145459910016,0.45269072925439596
0.5900352099890529,0.5000468137819775,0.6661661421553577,0.40024038461538464,0.8129496402877698,138861,69587,208083,94016,21632,0.45237145459910016,0.45269072925439596
0.5899591802652109,0.5011721652582092,0.666832643094822,0.4014423076923077,0.8129496402877698,139278,69587,207666,94016,21632,0.45237145459910016,0.45269072925439596
0.5893498842163902,0.5007964388575866,0.6655039611624507,0.4014423076923077,0.8129496402877698,139278,70004,207666,94016,21632,0.45237145459910016,0.45269072925439596
0.5891515314726652,0.5004221743957517,0.6641837308891835,0.4014423076923077,0.8093525179856115,139278,70420,207666,93600,22048,0.45237145459910016,0.45269072925439596
0.5889702628751814,0.501544719679603,0.6648502010803607,0.4026442307692308,0.8093525179856115,139695,70420,207249,93600,22048,0.45237145459910016,0.45269072925439596
0.5887528330710131,0.5026655856036851,0.6655140311211597,0.40384615384615385,0.8093525179856115,140112,70420,206832,93600,22048,0.45237145459910016,0.45269072925439596
0.58822674095311,0.5037847759337364,0.6661752366685787,0.4050480769230769,0.8093525179856115,140529,70420,206415,93600,22048,0.45237145459910016,0.45269072925439596
0.5878017570063929,0.5034085006537586,0.6648609520925788,0.4050480769230769,0.8093525179856115,140529,70837,206415,93600,22048,0.45237145459910016,0.45269072925439596
0.5871812473225888,0.5030327870319494,0.6635518431602159,0.4050480769230769,0.8093525179856115,140529,71254,206415,93600,22048,0.45237145459910016,0.45269072925439596
0.5869895333207082,0.5026585327903595,0.6622510002403404,0.4050480769230769,0.8057553956834532,140529,71670,206415,93184,22464,0.45237145459910016,0.45269072925439596
0.5862483605099813,0.5037743941668453,0.6629134213793882,0.40625,0.8057553956834532,140946,71670,205998,93184,22464,0.45237145459910016,0.45269072925439596
0.5850658182732249,0.5033992467547774,0.6616158060018871,0.40625,0.8057553956834532,140946,72087,205998,93184,22464,0.45237145459910016,0.45269072925439596
0.5848364446582175,0.5030255552799553,0.6603263543047754,0.40625,0.802158273381295,140946,72503,205998,92768,22880,0.45237145459910016,0.45269072925439596
0.5846453500001728,0.5041386565860095,0.6609886564484303,0.4074519230769231,0.802158273381295,141363,72503,205581,92768,22880,0.45237145459910016,0.45269072925439596
0.584453594661897,0.5037640740734142,0.6597023562298456,0.4074519230769231,0.802158273381295,141363,72920,205581,92768,22880,0.45237145459910016,0.45269072925439596
0.5837042103794137,0.5033900477882787,0.6584210526315789,0.4074519230769231,0.802158273381295,141363,73337,205581,92768,22880,0.45237145459910016,0.45269072925439596
0.5836071096646278,0.5045004012020048,0.6590831965860439,0.40865384615384615,0.802158273381295,141780,73337,205164,92768,22880,0.45237145459910016,0.45269072925439596
0.5835200061463807,0.5041272798709991,0.6578111008523057,0.40865384615384615,0.7985611510791367,141780,73753,205164,92352,23296,0.45237145459910016,0.45269072925439596
0.583445788588943,0.5037538151055083,0.6565408659411901,0.40865384615384615,0.7985611510791367,141780,74170,205164,92352,23296,0.45237145459910016,0.45269072925439596
0.5832697458094305,0.5048614353350104,0.6572028081916373,0.4098557692307692,0.7985611510791367,142197,74170,204747,92352,23296,0.45237145459910016,0.45269072925439596
0.5828946972174712,0.5044888749341436,0.655941655941656,0.4098557692307692,0.7949640287769785,142197,74586,204747,91936,23712,0.45237145459910016,0.45269072925439596
0.5825214643470387,0.5041168639866134,0.6546853346470287,0.4098557692307692,0.7913669064748201,142197,75002,204747,91520,24128,0.45237145459910016,0.45269072925439596
0.5824747127297473,0.5052217656227859,0.6553470333063746,0.4110576923076923,0.7913669064748201,142614,75002,204330,91520,24128,0.45237145459910016,0.45269072925439596
0.5820548411368655,0.5048497635297783,0.6540966463638365,0.4110576923076923,0.7877697841726619,142614,75418,204330,91104,24544,0.45237145459910016,0.45269072925439596
0.581282978667297,0.5059524967588916,0.6547569455570865,0.41225961538461536,0.7877697841726619,143031,75418,203913,91104,24544,0.45237145459910016,0.45269072925439596
0.5812237890809734,0.5055805050821037,0.6535124391748338,0.41225961538461536,0.7841726618705036,143031,75834,203913,90688,24960,0.45237145459910016,0.45269072925439596
0.5811770206133007,0.5052090600026491,0.6522726547215673,0.41225961538461536,0.7805755395683454,143031,76250,203913,90272,25376,0.45237145459910016,0.45269072925439596
0.5805565877810835,0.5048372693870203,0.6510346020446249,0.41225961538461536,0.7805755395683454,143031,76667,203913,90272,25376,0.45237145459910016,0.45269072925439596
0.5804604853455235,0.505936772011378,0.6516957045180928,0.41346153846153844,0.7805755395683454,143448,76667,203496,90272,25376,0.45237145459910016,0.45269072925439596
0.5794657679872708,0.5055649930569751,0.650463424809098,0.41346153846153844,0.7805755395683454,143448,77084,203496,90272,25376,0.45237145459910016,0.45269072925439596
0.5786779683637403,0.5066623466040258,0.651123109857931,0.41466346153846156,0.7805755395683454,143865,77084,203079,90272,25376,0.45237145459910016,0.45269072925439596
0.5786009094832977,0.5062914717169709,0.6498994872721523,0.41466346153846156,0.7769784172661871,143865,77500,203079,89856,25792,0.45237145459910016,0.45269072925439596
0.57830602244648,0.50738668532826,0.6505577549124816,0.41586538461538464,0.7769784172661871,144282,77500,202662,89856,25792,0.45237145459910016,0.45269072925439596
0.5783033623401963,0.5084802940561511,0.6512135518161648,0.4170673076923077,0.7769784172661871,144699,77500,202245,89856,25792,0.45237145459910016,0.45269072925439596
0.5777757742902565,0.5081080132031743,0.6499937111438531,0.4170673076923077,0.7769784172661871,144699,77917,202245,89856,25792,0.45237145459910016,0.45269072925439596
0.5776531846650784,0.507736277077847,0.6487784318912448,0.4170673076923077,0.7769784172661871,144699,78334,202245,89856,25792,0.45237145459910016,0.45269072925439596
0.5771964730924295,0.5073659739863567,0.6475705865768028,0.4170673076923077,0.7733812949640287,144699,78750,202245,89440,26208,0.45237145459910016,0.45269072925439596
0.5769309999180401,0.5069953224365376,0.6463643429551607,0.4170673076923077,0.7733812949640287,144699,79167,202245,89440,26208,0.45237145459910016,0.45269072925439596
0.5764272461712927,0.5066260989520786,0.6451654613388502,0.4170673076923077,0.7697841726618705,144699,79583,202245,89024,26624,0.45237145459910016,0.45269072925439596
0.5764055442399183,0.5062574128562982,0.6439710188786727,0.4170673076923077,0.7661870503597122,144699,79999,202245,88608,27040,0.45237145459910016,0.45269072925439596
0.5759259012590702,0.5058883786462585,0.6427781356195722,0.4170673076923077,0.7661870503597122,144699,80416,202245,88608,27040,0.45237145459910016,0.45269072925439596
0.5758784154722205,0.505519882056191,0.6415896635510704,0.4170673076923077,0.7661870503597122,144699,80833,202245,88608,27040,0.45237145459910016,0.45269072925439596
0.5755986437497458,0.5051528036698016,0.6404084125551012,0.4170673076923077,0.762589928057554,144699,81249,202245,88192,27456,0.45237145459910016,0.45269072925439596
0.5754800478992589,0.5047853775189296,0.6392286793453051,0.4170673076923077,0.762589928057554,144699,81666,202245,88192,27456,0.45237145459910016,0.45269072925439596
0.575367359289677,0.5058721410568808,0.639892054924994,0.4182692307692308,0.762589928057554,145116,81666,201828,88192,27456,0.45237145459910016,0.45269072925439596
0.5750543866316296,0.5069573259623473,0.6405529953917051,0.41947115384615385,0.762589928057554,145533,81666,201411,88192,27456,0.45237145459910016,0.45269072925439596
0.5747981175881602,0.5065902718432745,0.6393822902708521,0.41947115384615385,0.7589928057553957,145533,82082,201411,87776,27872,0.45237145459910016,0.45269072925439596
0.5745809187324017,0.5062237488586461,0.6382158566159865,0.41947115384615385,0.7553956834532374,145533,82498,201411,87360,28288,0.45237145459910016,0.45269072925439596
0.5745346100233315,0.5073063233413048,0.6388762431713125,0.4206730769230769,0.7553956834532374,145950,82498,200994,87360,28288,0.45237145459910016,0.45269072925439596
0.5736585974079182,0.5069389328753111,0.6377121884080135,0.4206730769230769,0.7553956834532374,145950,82915,200994,87360,28288,0.45237145459910016,0.45269072925439596
0.5731669869076121,0.5080194229347513,0.6383710888774522,0.421875,0.7553956834532374,146367,82915,200577,87360,28288,0.45237145459910016,0.45269072925439596
0.5729973157514845,0.5090983502791155,0.6390275969856203,0.4230769230769231,0.7553956834532374,146784,82915,200160,87360,28288,0.45237145459910016,0.45269072925439596
0.5722530899670918,0.510175718296191,0.6396817257383233,0.42427884615384615,0.7553956834532374,147201,82915,199743,87360,28288,0.45237145459910016,0.45269072925439596
0.5712146778365387,0.5098081998212912,0.6385274061735464,0.42427884615384615,0.7517985611510791,147201,83331,199743,86944,28704,0.45237145459910016,0.45269072925439596
0.5710720121446862,0.5108835026553359,0.6391800787186781,0.4254807692307692,0.7517985611510791,147618,83331,199326,86944,28704,0.45237145459910016,0.45269072925439596
0.5709465239319336,0.5105160044197825,0.6380308171071684,0.4254807692307692,0.7482014388489209,147618,83747,199326,86528,29120,0.45237145459910016,0.45269072925439596
0.5705873023803366,0.5101490345155298,0.636885680879796,0.4254807692307692,0.7446043165467626,147618,84163,199326,86112,29536,0.45237145459910016,0.45269072925439596
0.5704543368288159,0.5112217728985292,0.6375377910231785,0.4266826923076923,0.7446043165467626,148035,84163,198909,86112,29536,0.45237145459910016,0.45269072925439596
0.5702064236425677,0.510854823848519,0.6363976372875235,0.4266826923076923,0.7410071942446043,148035,84579,198909,85696,29952,0.45237145459910016,0.45269072925439596
0.5691062313632125,0.5119255140307772,0.6370482897125275,0.42788461538461536,0.7410071942446043,148452,84579,198492,85696,29952,0.45237145459910016,0.45269072925439596
0.5689693531713865,0.512994665674234,0.6376966176621774,0.42908653846153844,0.7410071942446043,148869,84579,198075,85696,29952,0.45237145459910016,0.45269072925439596
0.5689347450136979,0.512626353930466,0.6365595535886088,0.42908653846153844,0.7410071942446043,148869,84996,198075,85696,29952,0.45237145459910016,0.45269072925439596
0.5686872775522077,0.5136934686335436,0.6372064435167875,0.43028846153846156,0.7410071942446043,149286,84996,197658,85696,29952,0.45237145459910016,0.45269072925439596
0.5686591117050299,0.5133260665495271,0.6360770010822419,0.43028846153846156,0.737410071942446,149286,85412,197658,85280,30368,0.45237145459910016,0.45269072925439596
0.5675647035107058,0.5129591896340228,0.6349515554156707,0.43028846153846156,0.7338129496402878,149286,85828,197658,84864,30784,0.45237145459910016,0.45269072925439596
0.5675441495970145,0.5125919567363406,0.6338273942708178,0.43028846153846156,0.7338129496402878,149286,86245,197658,84864,30784,0.45237145459910016,0.45269072925439596
0.5674590182982174,0.5136560460599905,0.6344745452387814,0.43149038461538464,0.7338129496402878,149703,86245,197241,84864,30784,0.45237145459910016,0.45269072925439596
0.5670639790823999,0.5147186139764688,0.6351194127726186,0.4326923076923077,0.7338129496402878,150120,86245,196824,84864,30784,0.45237145459910016,0.45269072925439596
0.5669487892624661,0.5143517923679815,0.6340035729218139,0.4326923076923077,0.7302158273381295,150120,86661,196824,84448,31200,0.45237145459910016,0.45269072925439596
0.5663369079925124,0.5154123483673491,0.6346470037690031,0.4338942307692308,0.7302158273381295,150537,86661,196407,84448,31200,0.45237145459910016,0.45269072925439596
0.5657946530273869,0.5150446747034945,0.6335332365380973,0.4338942307692308,0.7302158273381295,150537,87078,196407,84448,31200,0.45237145459910016,0.45269072925439596
0.565382193187863,0.5146784050600453,0.6324260285425007,0.4338942307692308,0.7266187050359713,150537,87494,196407,84032,31616,0.45237145459910016,0.45269072925439596
0.5652820014348565,0.5157364637712849,0.6330688451989532,0.43509615384615385,0.7266187050359713,150954,87494,195990,84032,31616,0.45237145459910016,0.45269072925439596
0.5646656585714928,0.5153693439329201,0.6319636614824273,0.43509615384615385,0.7266187050359713,150954,87911,195990,84032,31616,0.45237145459910016,0.45269072925439596
0.563244435521806,0.5150027463810886,0.6308623298033282,0.43509615384615385,0.7266187050359713,150954,88328,195990,84032,31616,0.45237145459910016,0.45269072925439596
0.5627505518927616,0.5146375472605098,0.6297674573838747,0.43509615384615385,0.7230215827338129,150954,88744,195990,83616,32032,0.45237145459910016,0.45269072925439596
0.5623925693482231,0.5156926305533175,0.6304104283364221,0.4362980769230769,0.7230215827338129,151371,88744,195573,83616,32032,0.45237145459910016,0.45269072925439596
0.5615457318589632,0.516746216015633,0.6310511699067068,0.4375,0.7230215827338129,151788,88744,195156,83616,32032,0.45237145459910016,0.45269072925439596
0.561389804676563,0.5163796813365698,0.6299590369746295,0.4375,0.7230215827338129,151788,89161,195156,83616,32032,0.45237145459910016,0.45269072925439596
0.5609770159290491,0.5160145433777148,0.6288732832017898,0.4375,0.7194244604316546,151788,89577,195156,83200,32448,0.45237145459910016,0.45269072925439596
0.5605471216471941,0.5156499214404009,0.6277912656494927,0.4375,0.7158273381294964,151788,89993,195156,82784,32864,0.45237145459910016,0.45269072925439596
0.5604808232611258,0.5167005577602684,0.6284321092659725,0.4387019230769231,0.7158273381294964,152205,89993,194739,82784,32864,0.45237145459910016,0.45269072925439596
0.5603718294544012,0.5177497078324647,0.6290707499536302,0.43990384615384615,0.7158273381294964,152622,89993,194322,82784,32864,0.45237145459910016,0.45269072925439596
0.5603132951547651,0.5173837579833755,0.6279913756213173,0.43990384615384615,0.7158273381294964,152622,90410,194322,82784,32864,0.45237145459910016,0.45269072925439596
0.5598861192768492,0.5184309434563079,0.6286285833993979,0.4411057692307692,0.7158273381294964,153039,90410,193905,82784,32864,0.45237145459910016,0.45269072925439596
0.5595617666240397,0.518065029366463,0.6275536565162836,0.4411057692307692,0.7158273381294964,153039,90827,193905,82784,32864,0.45237145459910016,0.45269072925439596
0.5593232906319421,0.5191102571431955,0.6281894360229734,0.4423076923076923,0.7158273381294964,153456,90827,193488,82784,32864,0.45237145459910016,0.45269072925439596
0.5590238896181269,0.5187443800663912,0.6271189211279117,0.4423076923076923,0.7158273381294964,153456,91244,193488,82784,32864,0.45237145459910016,0.45269072925439596
0.5556938014096676,0.5183790183781739,0.6260520486135193,0.4423076923076923,0.7158273381294964,153456,91661,193488,82784,32864,0.45237145459910016,0.45269072925439596
0.5552296034240933,0.5194218181940933,0.6266871390520253,0.44350961538461536,0.7158273381294964,153873,91661,193071,82784,32864,0.45237145459910016,0.45269072925439596
0.5550897949307623,0.5190573694454658,0.6256271599918682,0.44350961538461536,0.7122302158273381,153873,92077,193071,82368,33280,0.45237145459910016,0.45269072925439596
0.5550496463733194,0.5200982284164629,0.6262608222692162,0.44471153846153844,0.7122302158273381,154290,92077,192654,82368,33280,0.45237145459910016,0.45269072925439596
0.555035231404253,0.519732941683734,0.6252026063278008,0.44471153846153844,0.7122302158273381,154290,92494,192654,82368,33280,0.45237145459910016,0.45269072925439596
0.5548927694513064,0.5207718654537192,0.625834846946412,0.44591346153846156,0.7122302158273381,154707,92494,192237,82368,33280,0.45237145459910016,0.45269072925439596
0.5548236670243772,0.5218093319115584,0.6264649581209767,0.44711538461538464,0.7122302158273381,155124,92494,191820,82368,33280,0.45237145459910016,0.45269072925439596
0.5543666540065408,0.5214436139762916,0.6254117362469006,0.44711538461538464,0.7122302158273381,155124,92911,191820,82368,33280,0.45237145459910016,0.45269072925439596
0.5542651257798727,0.5224791567293029,0.6260404424194613,0.4483173076923077,0.7122302158273381,155541,92911,191403,82368,33280,0.45237145459910016,0.45269072925439596
0.5538312700071403,0.523513249962656,0.6266670416966356,0.4495192307692308,0.7122302158273381,155958,92911,190986,82368,33280,0.45237145459910016,0.45269072925439596
0.5530778576279778,0.5245458967177096,0.6272915446515247,0.45072115384615385,0.7122302158273381,156375,92911,190569,82368,33280,0.45237145459910016,0.45269072925439596
0.5529847013984807,0.5241801671342806,0.6262464858110868,0.45072115384615385,0.7086330935251799,156375,93327,190569,81952,33696,0.45237145459910016,0.45269072925439596
0.5525963264124263,0.523814947191414,0.6252049032856491,0.45072115384615385,0.7050359712230215,156375,93743,190569,81536,34112,0.45237145459910016,0.45269072925439596
0.5518278507568419,0.5234493597264507,0.6241642884227753,0.45072115384615385,0.7050359712230215,156375,94160,190569,81536,34112,0.45237145459910016,0.45269072925439596
0.5513888074578344,0.5230842822163052,0.6231271318817941,0.45072115384615385,0.7050359712230215,156375,94577,190569,81536,34112,0.45237145459910016,0.45269072925439596
0.5513183140539022,0.5241136328309765,0.6237523322287155,0.4519230769230769,0.7050359712230215,156792,94577,190152,81536,34112,0.45237145459910016,0.45269072925439596
0.550950738613095,0.5251415496133482,0.6243754617016037,0.453125,0.7050359712230215,157209,94577,189735,81536,34112,0.45237145459910016,0.45269072925439596
0.5506407767931525,0.5247769325005925,0.6233455722000618,0.453125,0.7014388489208633,157209,94993,189735,81120,34528,0.45237145459910016,0.45269072925439596
0.5505529232665856,0.5244128213595926,0.6223190746502625,0.453125,0.697841726618705,157209,95409,189735,80704,34944,0.45237145459910016,0.45269072925439596
0.5504453190147575,0.5240483416919592,0.6212934969470627,0.453125,0.697841726618705,157209,95826,189735,80704,34944,0.45237145459910016,0.45269072925439596
0.5498028869077115,0.5250734515219955,0.6219165759197007,0.4543269230769231,0.697841726618705,157626,95826,189318,80704,34944,0.45237145459910016,0.45269072925439596
0.5496117273281393,0.5260971383774985,0.6225376079789182,0.45552884615384615,0.697841726618705,158043,95826,188901,80704,34944,0.45237145459910016,0.45269072925439596
0.5495953464415451,0.5271194052193005,0.6231566031948279,0.4567307692307692,0.697841726618705,158460,95826,188484,80704,34944,0.45237145459910016,0.45269072925439596
0.5485066614846571,0.5267549356265977,0.6221388132013098,0.4567307692307692,0.6942446043165468,158460,96242,188484,80288,35360,0.45237145459910016,0.45269072925439596
0.5483785332882526,0.5263909697007949,0.6211243424611357,0.4567307692307692,0.6906474820143885,158460,96658,188484,79872,35776,0.45237145459910016,0.45269072925439596
0.5483370595115854,0.5274109139073727,0.621742618428004,0.4579326923076923,0.6906474820143885,158877,96658,188067,79872,35776,0.45237145459910016,0.45269072925439596
0.5476209791782898,0.5284294472015074,0.6223588797899606,0.45913461538461536,0.6906474820143885,159294,96658,187650,79872,35776,0.45237145459910016,0.45269072925439596
0.5473262092700217,0.5294465725087972,0.6229731363776432,0.46033653846153844,0.6906474820143885,159711,96658,187233,79872,35776,0.45237145459910016,0.45269072925439596
0.5466802427024053,0.5290817568809847,0.6219638997605,0.46033653846153844,0.6870503597122302,159711,97074,187233,79456,36192,0.45237145459910016,0.45269072925439596
0.5456474553521544,0.5300970295259755,0.6225768073343131,0.46153846153846156,0.6870503597122302,160128,97074,186816,79456,36192,0.45237145459910016,0.45269072925439596
0.5441433691007149,0.5311109015933824,0.6231877307186193,0.46274038461538464,0.6870503597122302,160545,97074,186399,79456,36192,0.45237145459910016,0.45269072925439596
0.5440094620176713,0.5321233759793712,0.6237966795330884,0.4639423076923077,0.6870503597122302,160962,97074,185982,79456,36192,0.45237145459910016,0.45269072925439596
0.5428579998180676,0.5331344555721287,0.6244036633353066,0.4651442307692308,0.6870503597122302,161379,97074,185565,79456,36192,0.45237145459910016,0.45269072925439596
0.5424545988264289,0.5327674830888689,0.6233978444779232,0.4651442307692308,0.6870503597122302,161379,97491,185565,79456,36192,0.45237145459910016,0.45269072925439596
0.5424505849270607,0.5337767286727336,0.6240035173379306,0.46634615384615385,0.6870503597122302,161796,97491,185148,79456,36192,0.45237145459910016,0.45269072925439596
0.5419420182922502,0.5334106984786869,0.6230039699194849,0.46634615384615385,0.6834532374100719,161796,97907,185148,79040,36608,0.45237145459910016,0.45269072925439596
0.5415258986234185,0.5330451699411758,0.6220076195894956,0.46634615384615385,0.6798561151079137,161796,98323,185148,78624,37024,0.45237145459910016,0.45269072925439596
0.5414983995764373,0.5340521498650161,0.6226126139957626,0.4675480769230769,0.6798561151079137,162213,98323,184731,78624,37024,0.45237145459910016,0.45269072925439596
0.5413491770156083,0.535057748269855,0.6232156748533261,0.46875,0.6798561151079137,162630,98323,184314,78624,37024,0.45237145459910016,0.45269072925439596
0.5411996384054433,0.5360619679967912,0.6238168114167655,0.4699519230769231,0.6798561151079137,163047,98323,183897,78624,37024,0.45237145459910016,0.45269072925439596
0.5409536178396133,0.5356947485835287,0.6228231348386284,0.4699519230769231,0.6798561151079137,163047,98740,183897,78624,37024,0.45237145459910016,0.45269072925439596
0.5408999576600166,0.5366971573410731,0.6234229836310659,0.47115384615384615,0.6798561151079137,163464,98740,183480,78624,37024,0.45237145459910016,0.45269072925439596
0.5408209577264613,0.5376981946141921,0.6240209274962779,0.4723557692307692,0.6798561151079137,163881,98740,183063,78624,37024,0.45237145459910016,0.45269072925439596
0.5405721809057424,0.5386978632156358,0.624616975494035,0.4735576923076923,0.6798561151079137,164298,98740,182646,78624,37024,0.45237145459910016,0.45269072925439596
0.5402967305350609,0.5383307284755192,0.6236306907467717,0.4735576923076923,0.6762589928057554,164298,99156,182646,78208,37440,0.45237145459910016,0.45269072925439596
0.5394707052720424,0.5379632130841581,0.6226451561558489,0.4735576923076923,0.6762589928057554,164298,99573,182646,78208,37440,0.45237145459910016,0.45269072925439596
0.5391006722657107,0.5389606565101304,0.6232405557573556,0.47475961538461536,0.6762589928057554,164715,99573,182229,78208,37440,0.45237145459910016,0.45269072925439596
0.5386778285817773,0.5385940933347285,0.6222610916344294,0.47475961538461536,0.6726618705035972,164715,99989,182229,77792,37856,0.45237145459910016,0.45269072925439596
0.538667808735818,0.5395897494547148,0.622855224595562,0.47596153846153844,0.6726618705035972,165132,99989,181812,77792,37856,0.45237145459910016,0.45269072925439596
0.5386518456139144,0.5392232575377849,0.6218794367639915,0.47596153846153844,0.6690647482014388,165132,100405,181812,77376,38272,0.45237145459910016,0.45269072925439596
0.5386507872886486,0.540217132377655,0.6224723072411018,0.47716346153846156,0.6690647482014388,165549,100405,181395,77376,38272,0.45237145459910016,0.45269072925439596
0.5374627713974656,0.5398498324678184,0.6214978357253605,0.47716346153846156,0.6690647482014388,165549,100822,181395,77376,38272,0.45237145459910016,0.45269072925439596
0.5360064264072231,0.5408419310057159,0.6220894493005682,0.47836538461538464,0.6690647482014388,165966,100822,180978,77376,38272,0.45237145459910016,0.45269072925439596
0.5357837630917457,0.5404747056496062,0.6211186167923505,0.47836538461538464,0.6690647482014388,165966,101239,180978,77376,38272,0.45237145459910016,0.45269072925439596
0.5347496983809846,0.5401088574845623,0.6201531269967604,0.47836538461538464,0.6654676258992805,165966,101655,180978,76960,38688,0.45237145459910016,0.45269072925439596
0.5338865112401104,0.5397426266134618,0.6191883240436058,0.47836538461538464,0.6654676258992805,165966,102072,180978,76960,38688,0.45237145459910016,0.45269072925439596
0.5338679903612215,0.5407321103869197,0.6197798513717383,0.4795673076923077,0.6654676258992805,166383,102072,180561,76960,38688,0.45237145459910016,0.45269072925439596
0.5330644050790427,0.5417202541018746,0.6203695438721771,0.4807692307692308,0.6654676258992805,166800,102072,180144,76960,38688,0.45237145459910016,0.45269072925439596
0.532997777651251,0.5427070604787475,0.6209574100687366,0.48197115384615385,0.6654676258992805,167217,102072,179727,76960,38688,0.45237145459910016,0.45269072925439596
0.5327794254546945,0.5423409427405218,0.6199996292245231,0.48197115384615385,0.6618705035971223,167217,102488,179727,76544,39104,0.45237145459910016,0.45269072925439596
0.5324890633181615,0.5433259975432125,0.6205862536187352,0.4831730769230769,0.6618705035971223,167634,102488,179310,76544,39104,0.45237145459910016,0.45269072925439596
0.5324708103888028,0.5429590774158964,0.6196297021871153,0.4831730769230769,0.6618705035971223,167634,102905,179310,76544,39104,0.45237145459910016,0.45269072925439596
0.5324340905627258,0.542593530657923,0.6186783783285047,0.4831730769230769,0.658273381294964,167634,103321,179310,76128,39520,0.45237145459910016,0.45269072925439596
0.5319514553427038,0.5422275988329592,0.6177276948248162,0.4831730769230769,0.658273381294964,167634,103738,179310,76128,39520,0.45237145459910016,0.45269072925439596
0.531174007100226,0.5418630360155932,0.6167821978895316,0.4831730769230769,0.6546762589928058,167634,104154,179310,75712,39936,0.45237145459910016,0.45269072925439596
0.5308399775254922,0.5414980885053517,0.6158373284840469,0.4831730769230769,0.6546762589928058,167634,104571,179310,75712,39936,0.45237145459910016,0.45269072925439596
0.5307220411876906,0.5424797358150706,0.6164249400268503,0.484375,0.6546762589928058,168051,104571,178893,75712,39936,0.45237145459910016,0.45269072925439596
0.5300712659113471,0.5421148644398314,0.6154835023568062,0.484375,0.6546762589928058,168051,104988,178893,75712,39936,0.45237145459910016,0.45269072925439596
0.5294655758851681,0.5417504835589942,0.6145449359311919,0.484375,0.6546762589928058,168051,105405,178893,75712,39936,0.45237145459910016,0.45269072925439596
0.5291645604031885,0.5413874642406123,0.6136114681310978,0.484375,0.6510791366906474,168051,105821,178893,75296,40352,0.45237145459910016,0.45269072925439596
0.5288527980697622,0.5410240602157322,0.61267859812096,0.484375,0.6510791366906474,168051,106238,178893,75296,40352,0.45237145459910016,0.45269072925439596
0.5285913339282104,0.5406620134513206,0.611750787208096,0.484375,0.6474820143884892,168051,106654,178893,74880,40768,0.45237145459910016,0.45269072925439596
0.5285910182057421,0.541640276112181,0.6123392531313381,0.4855769230769231,0.6474820143884892,168468,106654,178476,74880,40768,0.45237145459910016,0.45269072925439596
0.5285691398656522,0.541278302023191,0.6114147594887094,0.4855769230769231,0.6438848920863309,168468,107070,178476,74464,41184,0.45237145459910016,0.45269072925439596
0.5283811613518277,0.5422548438831978,0.6120019568407893,0.48677884615384615,0.6438848920863309,168885,107070,178059,74464,41184,0.45237145459910016,0.45269072925439596
0.5279882437081503,0.5432300791251949,0.612587382223959,0.4879807692307692,0.6438848920863309,169302,107070,177642,74464,41184,0.45237145459910016,0.45269072925439596
0.5277019881421823,0.5428677701320439,0.6116666907524893,0.4879807692307692,0.6402877697841727,169302,107486,177642,74048,41600,0.45237145459910016,0.45269072925439596
0.5274022720704028,0.5438412943063275,0.612250861275951,0.4891826923076923,0.6402877697841727,169719,107486,177225,74048,41600,0.45237145459910016,0.45269072925439596
0.526249245151184,0.5434790614267531,0.6113334365916123,0.4891826923076923,0.6366906474820144,169719,107902,177225,73632,42016,0.45237145459910016,0.45269072925439596
0.5253022704582611,0.5431164417535225,0.6104165617649386,0.4891826923076923,0.6366906474820144,169719,108319,177225,73632,42016,0.45237145459910016,0.45269072925439596
0.5252736102686467,0.544087854313806,0.6109999820437773,0.49038461538461536,0.6366906474820144,170136,108319,176808,73632,42016,0.45237145459910016,0.45269072925439596
0.525205962482245,0.5450579723113503,0.6115816575346396,0.49158653846153844,0.6366906474820144,170553,108319,176391,73632,42016,0.45237145459910016,0.45269072925439596
0.5249853562146333,0.5460267983322501,0.6121615960528342,0.49278846153846156,0.6366906474820144,170970,108319,175974,73632,42016,0.45237145459910016,0.45269072925439596
0.5238722799363907,0.5456634484959706,0.611248954259115,0.49278846153846156,0.6366906474820144,170970,108736,175974,73632,42016,0.45237145459910016,0.45269072925439596
0.5227396736263097,0.5466305833347952,0.6118276614201619,0.49399038461538464,0.6366906474820144,171387,108736,175557,73632,42016,0.45237145459910016,0.45269072925439596
0.5226323678770843,0.5462681857516458,0.610920406788361,0.49399038461538464,0.6330935251798561,171387,109152,175557,73216,42432,0.45237145459910016,0.45269072925439596
0.5224197395283963,0.5472336359292881,0.6114978857899458,0.4951923076923077,0.6330935251798561,171804,109152,175140,73216,42432,0.45237145459910016,0.45269072925439596
0.5223522379888359,0.5468704491522591,0.6105916345918052,0.4951923076923077,0.6330935251798561,171804,109569,175140,73216,42432,0.45237145459910016,0.45269072925439596
0.5223136625785434,0.5478342192405692,0.6111678909826467,0.4963942307692308,0.6330935251798561,172221,109569,174723,73216,42432,0.45237145459910016,0.45269072925439596
0.5220606446336539,0.5474711158370567,0.6102648056214056,0.4963942307692308,0.6330935251798561,172221,109986,174723,73216,42432,0.45237145459910016,0.45269072925439596
0.5219892073572187,0.5471093624665841,0.6093665412935253,0.4963942307692308,0.6294964028776978,172221,110402,174723,72800,42848,0.45237145459910016,0.45269072925439596
0.5217487873529184,0.5480710621222127,0.6099420576596948,0.49759615384615385,0.6294964028776978,172638,110402,174306,72800,42848,0.45237145459910016,0.45269072925439596
0.5215324289024911,0.547708522035974,0.6090447581114596,0.49759615384615385,0.6294964028776978,172638,110819,174306,72800,42848,0.45237145459910016,0.45269072925439596
0.5215261608079286,0.5473473289400888,0.608152237091939,0.49759615384615385,0.6258992805755396,172638,111235,174306,72384,43264,0.45237145459910016,0.45269072925439596
0.521309187161915,0.5483069669884703,0.6087270041155158,0.4987980769230769,0.6258992805755396,173055,111235,173889,72384,43264,0.45237145459910016,0.45269072925439596
0.5211134138490962,0.5479449886092161,0.6078354237865595,0.4987980769230769,0.6258992805755396,173055,111652,173889,72384,43264,0.45237145459910016,0.45269072925439596
0.5207215959301849,0.5475834878525728,0.6069464513685274,0.4987980769230769,0.6258992805755396,173055,112069,173889,72384,43264,0.45237145459910016,0.45269072925439596
0.5198293328210333,0.5485410721202875,0.6075204611596934,0.5,0.6258992805755396,173472,112069,173472,72384,43264,0.45237145459910016,0.45269072925439596
0.5198082181604078,0.5481805211241568,0.6066366621554989,0.5,0.6223021582733813,173472,112485,173472,71968,43680,0.45237145459910016,0.45269072925439596
0.5197903668627276,0.5491364527772777,0.6072094533721637,0.5012019230769231,0.6223021582733813,173889,112485,173055,71968,43680,0.45237145459910016,0.45269072925439596
0.5194909877050684,0.5500911264171933,0.6077805788884588,0.5024038461538461,0.6223021582733813,174306,112485,172638,71968,43680,0.45237145459910016,0.45269072925439596
0.519146283995369,0.549729402414563,0.6068981365421576,0.5024038461538461,0.6223021582733813,174306,112902,172638,71968,43680,0.45237145459910016,0.45269072925439596
0.5187802811421502,0.5493681538177881,0.6060182529335072,0.5024038461538461,0.6223021582733813,174306,113319,172638,71968,43680,0.45237145459910016,0.45269072925439596
0.5184377167745726,0.5490073796902609,0.6051409169496115,0.5024038461538461,0.6223021582733813,174306,113736,172638,71968,43680,0.45237145459910016,0.45269072925439596
0.5182916110493856,0.5499596319186406,0.6057117302632263,0.5036057692307693,0.6223021582733813,174723,113736,172221,71968,43680,0.45237145459910016,0.45269072925439596
0.5181666439194902,0.5509106350854015,0.6062808956091887,0.5048076923076923,0.6223021582733813,175140,113736,171804,71968,43680,0.45237145459910016,0.45269072925439596
0.5178598809462696,0.5505495593623131,0.605406974935446,0.5048076923076923,0.6223021582733813,175140,114153,171804,71968,43680,0.45237145459910016,0.45269072925439596
0.5177914891606772,0.551498930345211,0.6059749404576991,0.5060096153846154,0.6223021582733813,175557,114153,171387,71968,43680,0.45237145459910016,0.45269072925439596
0.517693214858894,0.5511379422387771,0.6051039717089413,0.5060096153846154,0.6223021582733813,175557,114570,171387,71968,43680,0.45237145459910016,0.45269072925439596
0.5167975096356031,0.5507774263986146,0.6042355030563357,0.5060096153846154,0.6223021582733813,175557,114987,171387,71968,43680,0.45237145459910016,0.45269072925439596
0.5165820670663928,0.5504173818985586,0.6033695237506057,0.5060096153846154,0.6223021582733813,175557,115404,171387,71968,43680,0.45237145459910016,0.45269072925439596
0.5160776731209241,0.5500586695408737,0.602508090892555,0.5060096153846154,0.6187050359712231,175557,115820,171387,71552,44096,0.45237145459910016,0.45269072925439596
0.5155953670748519,0.5496995638274222,0.6016470523725642,0.5060096153846154,0.6187050359712231,175557,116237,171387,71552,44096,0.45237145459910016,0.45269072925439596
0.5153104129009836,0.5493417861735982,0.6007905273604599,0.5060096153846154,0.6151079136690647,175557,116653,171387,71136,44512,0.45237145459910016,0.45269072925439596
0.515120810510733,0.5489836155798183,0.5999343874625377,0.5060096153846154,0.6151079136690647,175557,117070,171387,71136,44512,0.45237145459910016,0.45269072925439596
0.514496383120421,0.5499290611698969,0.6005036786284653,0.5072115384615384,0.6151079136690647,175974,117070,170970,71136,44512,0.45237145459910016,0.45269072925439596
0.5138599643430529,0.5508732755053443,0.6010713519002525,0.5084134615384616,0.6151079136690647,176391,117070,170553,71136,44512,0.45237145459910016,0.45269072925439596
0.5132851716741585,0.5505156666214123,0.6002205004134383,0.5084134615384616,0.6115107913669064,176391,117486,170553,70720,44928,0.45237145459910016,0.45269072925439596
0.5130924353595335,0.5501585217322145,0.5993720543811779,0.5084134615384616,0.6079136690647482,176391,117902,170553,70304,45344,0.45237145459910016,0.45269072925439596
0.5129210365750388,0.5498009830843414,0.5985239727189441,0.5084134615384616,0.6079136690647482,176391,118319,170553,70304,45344,0.45237145459910016,0.45269072925439596
0.5127119635788153,0.5507428306215356,0.5990912386870737,0.5096153846153846,0.6079136690647482,176808,118319,170136,70304,45344,0.45237145459910016,0.45269072925439596
0.5123105313531177,0.5516834555664852,0.5996569038789487,0.5108173076923077,0.6079136690647482,177225,118319,169719,70304,45344,0.45237145459910016,0.45269072925439596
0.5120436088920497,0.5526228602981778,0.6002209750609033,0.5120192307692307,0.6079136690647482,177642,118319,169302,70304,45344,0.45237145459910016,0.45269072925439596
0.5118055337667795,0.5522655097532958,0.5993784942826198,0.5120192307692307,0.60431654676259,177642,118735,169302,69888,45760,0.45237145459910016,0.45269072925439596
0.5108177476802938,0.5532033218483297,0.5999413734779004,0.5132211538461539,0.60431654676259,178059,118735,168885,69888,45760,0.45237145459910016,0.45269072925439596
0.5107233737467676,0.552846058551216,0.599101645301302,0.5132211538461539,0.6007194244604317,178059,119151,168885,69472,46176,0.45237145459910016,0.45269072925439596
0.5102383917888179,0.5537822830999223,0.5996633369956355,0.5144230769230769,0.6007194244604317,178476,119151,168468,69472,46176,0.45237145459910016,0.45269072925439596
0.5101728867575995,0.5547172970659919,0.6002234569392438,0.515625,0.6007194244604317,178893,119151,168051,69472,46176,0.45237145459910016,0.45269072925439596
0.5090255069293312,0.5543597498621019,0.599386852509549,0.515625,0.5971223021582733,178893,119567,168051,69056,46592,0.45237145459910016,0.45269072925439596
0.5089488633085547,0.5552931849537256,0.5999457971004795,0.5168269230769231,0.5971223021582733,179310,119567,167634,69056,46592,0.45237145459910016,0.45269072925439596
0.5089339684753129,0.5562254154042319,0.6005031841600567,0.5180288461538461,0.5971223021582733,179727,119567,167217,69056,46592,0.45237145459910016,0.45269072925439596
0.5088849102175683,0.5571564435440846,0.6010590201894491,0.5192307692307693,0.5971223021582733,180144,119567,166800,69056,46592,0.45237145459910016,0.45269072925439596
0.508001331302498,0.5580862716977399,0.6016133116536945,0.5204326923076923,0.5971223021582733,180561,119567,166383,69056,46592,0.45237145459910016,0.45269072925439596
0.5076525629989359,0.5577277107838292,0.600780584540034,0.5204326923076923,0.5935251798561151,180561,119983,166383,68640,47008,0.45237145459910016,0.45269072925439596
0.507502478016406,0.5573696103126389,0.5999501594896332,0.5204326923076923,0.5899280575539568,180561,120399,166383,68224,47424,0.45237145459910016,0.45269072925439596
0.5071310619958015,0.5582975100297538,0.6005036880717507,0.5216346153846154,0.5899280575539568,180978,120399,165966,68224,47424,0.45237145459910016,0.45269072925439596
0.5066390616701878,0.5592242168641269,0.6010556869917891,0.5228365384615384,0.5899280575539568,181395,120399,165549,68224,47424,0.45237145459910016,0.45269072925439596
0.5065396595656021,0.5601497331145874,0.6016061625817724,0.5240384615384616,0.5899280575539568,181812,120399,165132,68224,47424,0.45237145459910016,0.45269072925439596
0.5065391146309008,0.5597901387375072,0.6007771917998335,0.5240384615384616,0.5899280575539568,181812,120816,165132,68224,47424,0.45237145459910016,0.45269072925439596
0.5058883129253517,0.559431005755482,0.5999505024006335,0.5240384615384616,0.5899280575539568,181812,121233,165132,68224,47424,0.45237145459910016,0.45269072925439596
0.5058090258032698,0.5603546092748222,0.60050022737608,0.5252403846153846,0.5899280575539568,182229,121233,164715,68224,47424,0.45237145459910016,0.45269072925439596
0.5055774273426444,0.5599955748337105,0.5996761869033398,0.5252403846153846,0.5899280575539568,182229,121650,164715,68224,47424,0.45237145459910016,0.45269072925439596
0.5055411880251697,0.5596370001842639,0.5988544049215238,0.5252403846153846,0.5899280575539568,182229,122067,164715,68224,47424,0.45237145459910016,0.45269072925439596
0.5054244116696294,0.5605586988246885,0.5994033730100127,0.5264423076923077,0.5899280575539568,182646,122067,164298,68224,47424,0.45237145459910016,0.45269072925439596
0.5053621958738639,0.5602002226741136,0.5985842100088486,0.5264423076923077,0.5899280575539568,182646,122484,164298,68224,47424,0.45237145459910016,0.45269072925439596
0.5052386507702542,0.5611203832696543,0.5991320484246286,0.5276442307692307,0.5899280575539568,183063,122484,163881,68224,47424,0.45237145459910016,0.45269072925439596
0.5051503871359571,0.5607620062857248,0.5983154880966388,0.5276442307692307,0.5899280575539568,183063,122901,163881,68224,47424,0.45237145459910016,0.45269072925439596
0.504895557580384,0.5616806336815521,0.598862200985048,0.5288461538461539,0.5899280575539568,183480,122901,163464,68224,47424,0.45237145459910016,0.45269072925439596
0.504867660190822,0.5625980891544371,0.5994074276885768,0.5300480769230769,0.5899280575539568,183897,122901,163047,68224,47424,0.45237145459910016,0.45269072925439596
0.5043095217953892,0.5635143749455408,0.5999511742590694,0.53125,0.5899280575539568,184314,122901,162630,68224,47424,0.45237145459910016,0.45269072925439596
0.5041599581771883,0.5631553860819828,0.5991379310344828,0.53125,0.5899280575539568,184314,123318,162630,68224,47424,0.45237145459910016,0.45269072925439596
0.5040792530991786,0.5640701503680192,0.599680570298881,0.5324519230769231,0.5899280575539568,184731,123318,162213,68224,47424,0.45237145459910016,0.45269072925439596
0.5038144096556149,0.5637121247953568,0.5988718331091047,0.5324519230769231,0.5863309352517986,184731,123734,162213,67808,47840,0.45237145459910016,0.45269072925439596
0.5036957731126066,0.5646253731934995,0.599413368211809,0.5336538461538461,0.5863309352517986,185148,123734,161796,67808,47840,0.45237145459910016,0.45269072925439596
0.5034133086425111,0.564266590272201,0.5986052331239351,0.5336538461538461,0.5863309352517986,185148,124151,161796,67808,47840,0.45237145459910016,0.45269072925439596
0.5033078465030676,0.5639091217816249,0.5978012043330159,0.5336538461538461,0.5827338129496403,185148,124567,161796,67392,48256,0.45237145459910016,0.45269072925439596
0.5026681374290718,0.5635521059239813,0.5969993325401202,0.5336538461538461,0.579136690647482,185148,124983,161796,66976,48672,0.45237145459910016,0.45269072925439596
0.5023960381335333,0.5644631417568579,0.5975404768344991,0.5348557692307693,0.579136690647482,185565,124983,161379,66976,48672,0.45237145459910016,0.45269072925439596
0.5023104989457157,0.5641053701955742,0.596739182866239,0.5348557692307693,0.579136690647482,185565,125400,161379,66976,48672,0.45237145459910016,0.45269072925439596
0.5012745171970479,0.5650149014318134,0.5972792261595082,0.5360576923076923,0.579136690647482,185982,125400,160962,66976,48672,0.45237145459910016,0.45269072925439596
0.5011149894436029,0.5646572335493508,0.5964804248891112,0.5360576923076923,0.579136690647482,185982,125817,160962,66976,48672,0.45237145459910016,0.45269072925439596
0.5010895771116111,0.564300874295883,0.595685665326778,0.5360576923076923,0.5755395683453237,185982,126233,160962,66560,49088,0.45237145459910016,0.45269072925439596
0.5010282720244896,0.5639449645605125,0.5948930208456615,0.5360576923076923,0.5719424460431655,185982,126649,160962,66144,49504,0.45237145459910016,0.45269072925439596
0.5000509279000586,0.5648523012400151,0.5954326493061767,0.5372596153846154,0.5719424460431655,186399,126649,160545,66144,49504,0.45237145459910016,0.45269072925439596
0.5000482015770316,0.5644956383089873,0.5946405499816566,0.5372596153846154,0.5719424460431655,186399,127066,160545,66144,49504,0.45237145459910016,0.45269072925439596
0.4994288162227448,0.5654014823871942,0.5951790800364468,0.5384615384615384,0.5719424460431655,186816,127066,160128,66144,49504,0.45237145459910016,0.45269072925439596
0.49913638457680565,0.5650449229708292,0.5943894189927426,0.5384615384615384,0.5719424460431655,186816,127483,160128,66144,49504,0.45237145459910016,0.45269072925439596
0.4990355607801327,0.5646888129855213,0.5936018505573278,0.5384615384615384,0.5719424460431655,186816,127900,160128,66144,49504,0.45237145459910016,0.45269072925439596
0.4990085331397836,0.5655928237954195,0.5941396172409744,0.5396634615384616,0.5719424460431655,187233,127900,159711,66144,49504,0.45237145459910016,0.45269072925439596
0.49892751711123573,0.566495696564799,0.5946759626049755,0.5408653846153846,0.5719424460431655,187650,127900,159294,66144,49504,0.45237145459910016,0.45269072925439596
0.4980191568907473,0.5661393460057232,0.5938911342007235,0.5408653846153846,0.5719424460431655,187650,128317,159294,66144,49504,0.45237145459910016,0.45269072925439596
0.4980027160626961,0.5657834434849728,0.593108374633357,0.5408653846153846,0.5719424460431655,187650,128734,159294,66144,49504,0.45237145459910016,0.45269072925439596
0.497962238256196,0.5666844947984542,0.5936439594571987,0.5420673076923077,0.5719424460431655,188067,128734,158877,66144,49504,0.45237145459910016,0.45269072925439596
0.4978029938133932,0.5675844146458243,0.5941781361713396,0.5432692307692307,0.5719424460431655,188484,128734,158460,66144,49504,0.45237145459910016,0.45269072925439596
0.49695483983067834,0.568483205156949,0.5947109103215955,0.5444711538461539,0.5719424460431655,188901,128734,158043,66144,49504,0.45237145459910016,0.45269072925439596
0.49663170588286254,0.5681275799066159,0.593933048473358,0.5444711538461539,0.5683453237410072,188901,129150,158043,65728,49920,0.45237145459910016,0.45269072925439596
0.4964351611794835,0.5690249048709671,0.5944647499905799,0.5456730769230769,0.5683453237410072,189318,129150,157626,65728,49920,0.45237145459910016,0.45269072925439596
0.4961800154525079,0.569921105869525,0.594995060915377,0.546875,0.5683453237410072,189735,129150,157209,65728,49920,0.45237145459910016,0.45269072925439596
0.4958007988753278,0.570816185012743,0.5955239866959806,0.5480769230769231,0.5683453237410072,190152,129150,156792,65728,49920,0.45237145459910016,0.45269072925439596
0.4955851125651411,0.5704599932199526,0.594749122664348,0.5480769230769231,0.564748201438849,190152,129566,156792,65312,50336,0.45237145459910016,0.45269072925439596
0.4952386276894164,0.5701042456804152,0.5939762724359174,0.5480769230769231,0.5611510791366906,190152,129982,156792,64896,50752,0.45237145459910016,0.45269072925439596
0.49512621644432764,0.5709975355620641,0.5945044626284117,0.5492788461538461,0.5611510791366906,190569,129982,156375,64896,50752,0.45237145459910016,0.45269072925439596
0.49508823929402745,0.5706410425325492,0.5937320854415393,0.5492788461538461,0.5611510791366906,190569,130399,156375,64896,50752,0.45237145459910016,0.45269072925439596
0.49506566044465605,0.570284994366547,0.5929617125877064,0.5492788461538461,0.5611510791366906,190569,130816,156375,64896,50752,0.45237145459910016,0.45269072925439596
0.4950157218148128,0.5699302424691026,0.5921951765221364,0.5492788461538461,0.5575539568345323,190569,131232,156375,64480,51168,0.45237145459910016,0.45269072925439596
0.49437949596230685,0.5708214154420006,0.5927229391281679,0.5504807692307693,0.5575539568345323,190986,131232,155958,64480,51168,0.45237145459910016,0.45269072925439596
0.4935892325557416,0.5717114784065809,0.5932493374866336,0.5516826923076923,0.5575539568345323,191403,131232,155541,64480,51168,0.45237145459910016,0.45269072925439596
0.49322211971042373,0.5726004334354236,0.5937743768805022,0.5528846153846154,0.5575539568345323,191820,131232,155124,64480,51168,0.45237145459910016,0.45269072925439596
0.49205975846122063,0.5734882825959521,0.5942980625655009,0.5540865384615384,0.5575539568345323,192237,131232,154707,64480,51168,0.45237145459910016,0.45269072925439596
0.4917801142698871,0.5731317919592147,0.5935329097274967,0.5540865384615384,0.5575539568345323,192237,131649,154707,64480,51168,0.45237145459910016,0.45269072925439596
0.4911094379921322,0.5740182079026052,0.5940555591530143,0.5552884615384616,0.5575539568345323,192654,131649,154290,64480,51168,0.45237145459910016,0.45269072925439596
0.49103223539716856,0.5749035231901665,0.5945768662232077,0.5564903846153846,0.5575539568345323,193071,131649,153873,64480,51168,0.45237145459910016,0.45269072925439596
0.4906677383411966,0.5745476728960838,0.593816126174893,0.5564903846153846,0.5539568345323741,193071,132065,153873,64064,51584,0.45237145459910016,0.45269072925439596
0.49060481486920593,0.5754315632634792,0.5943364060536994,0.5576923076923077,0.5539568345323741,193488,132065,153456,64064,51584,0.45237145459910016,0.45269072925439596
0.49050666119506653,0.5763143581497784,0.5948553547872504,0.5588942307692307,0.5539568345323741,193905,132065,153039,64064,51584,0.45237145459910016,0.45269072925439596
0.4897062396608296,0.5759574414366783,0.5940953530624687,0.5588942307692307,0.5539568345323741,193905,132482,153039,64064,51584,0.45237145459910016,0.45269072925439596
0.48960074414452937,0.5768388180744136,0.5946132850271111,0.5600961538461539,0.5539568345323741,194322,132482,152622,64064,51584,0.45237145459910016,0.45269072925439596
0.4893014093949192,0.5764828736034555,0.5938573436831489,0.5600961538461539,0.5503597122302158,194322,132898,152622,63648,52000,0.45237145459910016,0.45269072925439596
0.48913169127568834,0.5773628370796094,0.594374261759203,0.5612980769230769,0.5503597122302158,194739,132898,152205,63648,52000,0.45237145459910016,0.45269072925439596
0.48886896733961704,0.5770070089200396,0.5936205430220117,0.5612980769230769,0.5467625899280576,194739,133314,152205,63232,52416,0.45237145459910016,0.45269072925439596
0.48815967621481376,0.5778855635210405,0.5941364508174263,0.5625,0.5467625899280576,195156,133314,151788,63232,52416,0.45237145459910016,0.45269072925439596
0.48806243148263606,0.5775298521817617,0.5933849418947599,0.5625,0.5431654676258992,195156,133730,151788,62816,52832,0.45237145459910016,0.45269072925439596
0.4879934047884069,0.5771737249851016,0.5926335320358455,0.5625,0.5431654676258992,195156,134147,151788,62816,52832,0.45237145459910016,0.45269072925439596
0.48722837403192143,0.5768188891663945,0.5918858179237472,0.5625,0.539568345323741,195156,134563,151788,62400,53248,0.45237145459910016,0.45269072925439596
0.48713849779933777,0.576464489372732,0.5911399881866509,0.5625,0.5359712230215827,195156,134979,151788,61984,53664,0.45237145459910016,0.45269072925439596
0.48679866906297503,0.5773406780261433,0.5916557757932186,0.5637019230769231,0.5359712230215827,195573,134979,151371,61984,53664,0.45237145459910016,0.45269072925439596
0.48615426137501627,0.578215788751654,0.5921702636802842,0.5649038461538461,0.5359712230215827,195990,134979,150954,61984,53664,0.45237145459910016,0.45269072925439596
0.4858593147765353,0.5778611853540097,0.5914268901730615,0.5649038461538461,0.5323741007194245,195990,135395,150954,61568,54080,0.45237145459910016,0.45269072925439596
0.4856034358770436,0.5775070166262735,0.5906853806950552,0.5649038461538461,0.5287769784172662,195990,135811,150954,61152,54496,0.45237145459910016,0.45269072925439596
0.4854953881970685,0.5771532817697129,0.5899457282438888,0.5649038461538461,0.5251798561151079,195990,136227,150954,60736,54912,0.45237145459910016,0.45269072925439596
0.48492485330423174,0.5767999799875511,0.5892079258522155,0.5649038461538461,0.5215827338129496,195990,136643,150954,60320,55328,0.45237145459910016,0.45269072925439596
0.484296045627525,0.576446262761142,0.5884701996697193,0.5649038461538461,0.5215827338129496,195990,137060,150954,60320,55328,0.45237145459910016,0.45269072925439596
0.4840470860808658,0.5773187088392163,0.5889848170883476,0.5661057692307693,0.5215827338129496,196407,137060,150537,60320,55328,0.45237145459910016,0.45269072925439596
0.48301535779745175,0.5769651071930062,0.5882492123012782,0.5661057692307693,0.5215827338129496,196407,137477,150537,60320,55328,0.45237145459910016,0.45269072925439596
0.4824240140929463,0.5766127848465454,0.587517200119653,0.5661057692307693,0.5179856115107914,196407,137893,150537,59904,55744,0.45237145459910016,0.45269072925439596
0.4819119877764265,0.5762608925270662,0.5867870074929193,0.5661057692307693,0.5143884892086331,196407,138309,150537,59488,56160,0.45237145459910016,0.45269072925439596
0.48173156503858966,0.5771313209505672,0.5873011610315905,0.5673076923076923,0.5143884892086331,196824,138309,150120,59488,56160,0.45237145459910016,0.45269072925439596
0.4816021497666175,0.578000685720314,0.587814036656236,0.5685096153846154,0.5143884892086331,197241,138309,149703,59488,56160,0.45237145459910016,0.45269072925439596
0.48153913605095733,0.5788689887847758,0.5883256391252712,0.5697115384615384,0.5143884892086331,197658,138309,149286,59488,56160,0.45237145459910016,0.45269072925439596
0.4809087296102386,0.5785157347569542,0.5875963184931506,0.5697115384615384,0.5143884892086331,197658,138726,149286,59488,56160,0.45237145459910016,0.45269072925439596
0.48064847804177957,0.5781629116117851,0.5868688038337179,0.5697115384615384,0.5143884892086331,197658,139143,149286,59488,56160,0.45237145459910016,0.45269072925439596
0.48054117105083277,0.5778113631148224,0.5861448266249922,0.5697115384615384,0.5107913669064749,197658,139559,149286,59072,56576,0.45237145459910016,0.45269072925439596
0.4803220976397701,0.5774593983446736,0.5854208995539548,0.5697115384615384,0.5107913669064749,197658,139976,149286,59072,56576,0.45237145459910016,0.45269072925439596
0.4797840622042236,0.5771087046017921,0.5847004880934773,0.5697115384615384,0.5071942446043165,197658,140392,149286,58656,56992,0.45237145459910016,0.45269072925439596
0.47896298718163677,0.5779743832532597,0.585212147713071,0.5709134615384616,0.5071942446043165,198075,140392,148869,58656,56992,0.45237145459910016,0.45269072925439596
0.4783212019206998,0.5788390091976414,0.5857225481285632,0.5721153846153846,0.5071942446043165,198492,140392,148452,58656,56992,0.45237145459910016,0.45269072925439596
0.47804878072522244,0.5784872749528229,0.5850026967206109,0.5721153846153846,0.5071942446043165,198492,140809,148452,58656,56992,0.45237145459910016,0.45269072925439596
0.4766292561005209,0.5781359679143451,0.5842846125315703,0.5721153846153846,0.5071942446043165,198492,141226,148452,58656,56992,0.45237145459910016,0.45269072925439596
0.47359620011891496,0.5789989215213971,0.5847942728622458,0.5733173076923077,0.5071942446043165,198909,141226,148035,58656,56992,0.45237145459910016,0.45269072925439596
0.47216249954276546,0.5786485719896145,0.5840799175453897,0.5733173076923077,0.5035971223021583,198909,141642,148035,58240,57408,0.45237145459910016,0.45269072925439596
0.4719531354809868,0.579510169905453,0.5845885830928416,0.5745192307692307,0.5035971223021583,199326,141642,147618,58240,57408,0.45237145459910016,0.45269072925439596
0.4717453790723772,0.5791590939797684,0.5838745111823894,0.5745192307692307,0.5035971223021583,199326,142059,147618,58240,57408,0.45237145459910016,0.45269072925439596
0.4712588984895264,0.5800193394952566,0.5843821861779627,0.5757211538461539,0.5035971223021583,199743,142059,147201,58240,57408,0.45237145459910016,0.45269072925439596
0.47081618507528555,0.5808785439729063,0.5848886239513295,0.5769230769230769,0.5035971223021583,200160,142059,146784,58240,57408,0.45237145459910016,0.45269072925439596
0.4707894022758369,0.5817367093013138,0.5853938290197177,0.578125,0.5035971223021583,200577,142059,146367,58240,57408,0.45237145459910016,0.45269072925439596
0.4701268758807373,0.5813859790491539,0.5846839546191248,0.578125,0.5,200577,142475,146367,57824,57824,0.45237145459910016,0.45269072925439596
0.47011837467182493,0.5810348298771895,0.5839740995548361,0.578125,0.5,200577,142892,146367,57824,57824,0.45237145459910016,0.45269072925439596
0.46953454842440523,0.5818913480885312,0.5844785772029103,0.5793269230769231,0.5,200994,142892,145950,57824,57824,0.45237145459910016,0.45269072925439596
0.4693808412828069,0.5815403177156646,0.5837706903512313,0.5793269230769231,0.5,200994,143309,145950,57824,57824,0.45237145459910016,0.45269072925439596
0.46874270706857574,0.5811905508896673,0.5830662075487572,0.5793269230769231,0.49640287769784175,200994,143725,145950,57408,58240,0.45237145459910016,0.45269072925439596
0.46776431034798116,0.5820454282741879,0.5835699550322192,0.5805288461538461,0.49640287769784175,201411,143725,145533,57408,58240,0.45237145459910016,0.45269072925439596
0.46722758245405915,0.5816949387506372,0.5828657253735317,0.5805288461538461,0.49640287769784175,201411,144142,145533,57408,58240,0.45237145459910016,0.45269072925439596
0.46622606204608774,0.5813457100674977,0.5821648760438074,0.5805288461538461,0.49280575539568344,201411,144558,145533,56992,58656,0.45237145459910016,0.45269072925439596
0.46581725459560763,0.5821989528795811,0.582667890734614,0.5817307692307693,0.49280575539568344,201828,144558,145116,56992,58656,0.45237145459910016,0.45269072925439596
0.4656475854999957,0.5818498412963823,0.5819689621167121,0.5817307692307693,0.4892086330935252,201828,144974,145116,56576,59072,0.45237145459910016,0.45269072925439596
0.46525690210057313,0.5815003104458175,0.5812700341859173,0.5817307692307693,0.4892086330935252,201828,145391,145116,56576,59072,0.45237145459910016,0.45269072925439596
0.465168110590198,0.5811511992858994,0.5805727830259236,0.5817307692307693,0.4892086330935252,201828,145808,145116,56576,59072,0.45237145459910016,0.45269072925439596
0.4648018323064962,0.58200251224106,0.5810752960037695,0.5829326923076923,0.4892086330935252,202245,145808,144699,56576,59072,0.45237145459910016,0.45269072925439596
0.46465398709088157,0.5816535186234387,0.5803799466238126,0.5829326923076923,0.4892086330935252,202245,146225,144699,56576,59072,0.45237145459910016,0.45269072925439596
0.4644484934951295,0.5825035101914114,0.580881488848825,0.5841346153846154,0.4892086330935252,202662,146225,144282,56576,59072,0.45237145459910016,0.45269072925439596
0.46444774777381836,0.5833524835977985,0.58138183358908,0.5853365384615384,0.4892086330935252,203079,146225,143865,56576,59072,0.45237145459910016,0.45269072925439596
0.464345740854446,0.5842004406709107,0.581880985128145,0.5865384615384616,0.4892086330935252,203496,146225,143448,56576,59072,0.45237145459910016,0.45269072925439596
0.4641866465812535,0.5838518048835071,0.5811896486232532,0.5865384615384616,0.4856115107913669,203496,146641,143448,56160,59488,0.45237145459910016,0.45269072925439596
0.46390173066965634,0.5835035849616558,0.580499952931511,0.5865384615384616,0.48201438848920863,203496,147057,143448,55744,59904,0.45237145459910016,0.45269072925439596
0.46379175946907336,0.5843499342325845,0.5809983759295666,0.5877403846153846,0.48201438848920863,203913,147057,143031,55744,59904,0.45237145459910016,0.45269072925439596
0.4632357642692827,0.5851952727288349,0.581495615944813,0.5889423076923077,0.48201438848920863,204330,147057,142614,55744,59904,0.45237145459910016,0.45269072925439596
0.4632050061004591,0.5848468759078751,0.5808080090277797,0.5889423076923077,0.4784172661870504,204330,147473,142614,55328,60320,0.45237145459910016,0.45269072925439596
0.46257722224536224,0.5856909108592547,0.5813042984498324,0.5901442307692307,0.4784172661870504,204747,147473,142197,55328,60320,0.45237145459910016,0.45269072925439596
0.46238136839917265,0.5865339396009898,0.5817994141284096,0.5913461538461539,0.4784172661870504,205164,147473,141780,55328,60320,0.45237145459910016,0.45269072925439596
0.4622453092017826,0.5861845319558056,0.5811122377879872,0.5913461538461539,0.4784172661870504,205164,147890,141780,55328,60320,0.45237145459910016,0.45269072925439596
0.46077119326805366,0.5858355403582162,0.5804266828113197,0.5913461538461539,0.4784172661870504,205164,148307,141780,55328,60320,0.45237145459910016,0.45269072925439596
0.46035014421866044,0.5854877994837557,0.5797443816811582,0.5913461538461539,0.4748201438848921,205164,148723,141780,54912,60736,0.45237145459910016,0.45269072925439596
0.45883910658855487,0.586328944966688,0.5802390037933526,0.5925480769230769,0.4748201438848921,205581,148723,141363,54912,60736,0.45237145459910016,0.45269072925439596
0.4582921776057793,0.5871690906629232,0.580732462977946,0.59375,0.4748201438848921,205998,148723,140946,54912,60736,0.45237145459910016,0.45269072925439596
0.4580809872878103,0.5880082383539245,0.5812247633314374,0.5949519230769231,0.4748201438848921,206415,148723,140529,54912,60736,0.45237145459910016,0.45269072925439596
0.4578341804156646,0.5876600360428073,0.5805447273831823,0.5949519230769231,0.4712230215827338,206415,149139,140529,54496,61152,0.45237145459910016,0.45269072925439596
0.45727629318058627,0.5873122458792968,0.5798662808663652,0.5949519230769231,0.4676258992805755,206415,149555,140529,54080,61568,0.45237145459910016,0.45269072925439596
0.4570277260394012,0.5869648671320717,0.5791894182150814,0.5949519230769231,0.46402877697841727,206415,149971,140529,53664,61984,0.45237145459910016,0.45269072925439596
0.4566842990589435,0.58661789907154,0.578514133889384,0.5949519230769231,0.460431654676259,206415,150387,140529,53248,62400,0.45237145459910016,0.45269072925439596
0.4560936295199867,0.5874548932562489,0.5790061558875648,0.5961538461538461,0.460431654676259,206832,150387,140112,53248,62400,0.45237145459910016,0.45269072925439596
0.45553824476695814,0.5882908967044197,0.5794970305002852,0.5973557692307693,0.460431654676259,207249,150387,139695,53248,62400,0.45237145459910016,0.45269072925439596
0.45523132613060846,0.5879429274167124,0.5788221296847115,0.5973557692307693,0.460431654676259,207249,150804,139695,53248,62400,0.45237145459910016,0.45269072925439596
0.45480716421888606,0.5875953695276817,0.578148799062683,0.5973557692307693,0.460431654676259,207249,151221,139695,53248,62400,0.45237145459910016,0.45269072925439596
0.4547585204156285,0.587248222308173,0.5774770331608556,0.5973557692307693,0.460431654676259,207249,151638,139695,53248,62400,0.45237145459910016,0.45269072925439596
0.45416874888795866,0.5869014850307541,0.5768068265312938,0.5973557692307693,0.460431654676259,207249,152055,139695,53248,62400,0.45237145459910016,0.45269072925439596
0.4540890112330794,0.5877353484324256,0.5772974054892541,0.5985576923076923,0.460431654676259,207666,152055,139278,53248,62400,0.45237145459910016,0.45269072925439596
0.4539334668926483,0.5873887328485239,0.5766289588990887,0.5985576923076923,0.460431654676259,207666,152472,139278,53248,62400,0.45237145459910016,0.45269072925439596
0.45387453242097064,0.5870425258551603,0.5759620584931564,0.5985576923076923,0.460431654676259,207666,152889,139278,53248,62400,0.45237145459910016,0.45269072925439596
0.45346487939436164,0.586697555497482,0.5752982926606293,0.5985576923076923,0.4568345323741007,207666,153305,139278,52832,62816,0.45237145459910016,0.45269072925439596
0.4522474849768149,0.5863529903392622,0.5746360549770745,0.5985576923076923,0.45323741007194246,207666,153721,139278,52416,63232,0.45237145459910016,0.45269072925439596
0.451345188453112,0.5860088296670038,0.5739753401713087,0.5985576923076923,0.44964028776978415,207666,154137,139278,52000,63648,0.45237145459910016,0.45269072925439596
0.4510044310639605,0.5856650727688839,0.5733161429963641,0.5985576923076923,0.4460431654676259,207666,154553,139278,51584,64064,0.45237145459910016,0.45269072925439596
0.45065971421098255,0.5853217189347486,0.572658458229349,0.5985576923076923,0.44244604316546765,207666,154969,139278,51168,64480,0.45237145459910016,0.45269072925439596
0.4503856633429691,0.5861525980428058,0.573149300926589,0.5997596153846154,0.44244604316546765,208083,154969,138861,51168,64480,0.45237145459910016,0.45269072925439596
0.44942122031267173,0.5858093613283559,0.5724933144045693,0.5997596153846154,0.43884892086330934,208083,155385,138861,50752,64896,0.45237145459910016,0.45269072925439596
0.44918433206700553,0.5854665263608074,0.5718388277582966,0.5997596153846154,0.4352517985611511,208083,155801,138861,50336,65312,0.45237145459910016,0.45269072925439596
0.44892571361904093,0.5851240924352261,0.5711858358495745,0.5997596153846154,0.4316546762589928,208083,156217,138861,49920,65728,0.45237145459910016,0.45269072925439596
0.44823576462692466,0.5847820588483265,0.5705343335636496,0.5997596153846154,0.42805755395683454,208083,156633,138861,49504,66144,0.45237145459910016,0.45269072925439596
0.4478477112770057,0.5856108257955249,0.5710248046602197,0.6009615384615384,0.42805755395683454,208500,156633,138444,49504,66144,0.45237145459910016,0.45269072925439596
0.44686973711130074,0.5864386226410327,0.5715141567501025,0.6021634615384616,0.42805755395683454,208917,156633,138027,49504,66144,0.45237145459910016,0.45269072925439596
0.44680168346633825,0.5860955995909728,0.570862946659125,0.6021634615384616,0.42805755395683454,208917,157050,138027,49504,66144,0.45237145459910016,0.45269072925439596
0.4466401334776873,0.5857537987486805,0.5702147752488516,0.6021634615384616,0.4244604316546763,208917,157466,138027,49088,66560,0.45237145459910016,0.45269072925439596
0.4463960962178666,0.5854123963387382,0.5695680740678137,0.6021634615384616,0.420863309352518,208917,157882,138027,48672,66976,0.45237145459910016,0.45269072925439596
0.4462793464927804,0.585070572420746,0.5689212888327306,0.6021634615384616,0.420863309352518,208917,158299,138027,48672,66976,0.45237145459910016,0.45269072925439596
0.4455697962667751,0.5847291474536684,0.5682759708731262,0.6021634615384616,0.420863309352518,208917,158716,138027,48672,66976,0.45237145459910016,0.45269072925439596
0.44525816949801666,0.5843889380735195,0.5676336574749558,0.6021634615384616,0.4172661870503597,208917,159132,138027,48256,67392,0.45237145459910016,0.45269072925439596
0.44512058739273686,0.5840483079632658,0.5669912556382407,0.6021634615384616,0.4172661870503597,208917,159549,138027,48256,67392,0.45237145459910016,0.45269072925439596
0.4447116969432657,0.5837088901492821,0.5663518415102933,0.6021634615384616,0.4136690647482014,208917,159965,138027,47840,67808,0.45237145459910016,0.45269072925439596
0.4444444923807972,0.5833690521233715,0.5657123360745628,0.6021634615384616,0.4136690647482014,208917,160382,138027,47840,67808,0.45237145459910016,0.45269072925439596
0.44426884266636546,0.5841933413334077,0.5662021659868656,0.6033653846153846,0.4136690647482014,209334,160382,137610,47840,67808,0.45237145459910016,0.45269072925439596
0.44397600966818157,0.5850166718497456,0.5666908921928063,0.6045673076923077,0.4136690647482014,209751,160382,137193,47840,67808,0.45237145459910016,0.45269072925439596
0.44386742516359684,0.5858390453439332,0.567178518418567,0.6057692307692307,0.4136690647482014,210168,160382,136776,47840,67808,0.45237145459910016,0.45269072925439596
0.4431223396943229,0.5866604634836352,0.567665048373575,0.6069711538461539,0.4136690647482014,210585,160382,136359,47840,67808,0.45237145459910016,0.45269072925439596
0.4426209318818419,0.5863207146605933,0.5670291855039138,0.6069711538461539,0.41007194244604317,210585,160798,136359,47424,68224,0.45237145459910016,0.45269072925439596
0.44236491145021417,0.5859805438375834,0.5663932221624529,0.6069711538461539,0.41007194244604317,210585,161215,136359,47424,68224,0.45237145459910016,0.45269072925439596
0.44121963653188345,0.5856415818454864,0.5657602037526598,0.6069711538461539,0.4064748201438849,210585,161631,136359,47008,68640,0.45237145459910016,0.45269072925439596
0.4407069214955599,0.5853021983748786,0.5651270821424833,0.6069711538461539,0.4064748201438849,210585,162048,136359,47008,68640,0.45237145459910016,0.45269072925439596
0.4401418804600101,0.5849632080267335,0.5644953759549658,0.6069711538461539,0.4064748201438849,210585,162465,136359,47008,68640,0.45237145459910016,0.45269072925439596
0.4398450614743874,0.5846246101183907,0.563865080448875,0.6069711538461539,0.4064748201438849,210585,162882,136359,47008,68640,0.45237145459910016,0.45269072925439596
0.43924775883088707,0.5842864039687693,0.5632361909041307,0.6069711538461539,0.4064748201438849,210585,163299,136359,47008,68640,0.45237145459910016,0.45269072925439596
0.43820535294650687,0.5851049227377659,0.5637227792605416,0.6081730769230769,0.4064748201438849,211002,163299,135942,47008,68640,0.45237145459910016,0.45269072925439596
0.43794948160433234,0.5847676402077984,0.563096950498643,0.6081730769230769,0.4028776978417266,211002,163715,135942,46592,69056,0.45237145459910016,0.45269072925439596
0.4377788065732886,0.5844299369320212,0.5624710103589651,0.6081730769230769,0.4028776978417266,211002,164132,135942,46592,69056,0.45237145459910016,0.45269072925439596
0.4376464044036129,0.5840926234783632,0.5618464602677133,0.6081730769230769,0.4028776978417266,211002,164549,135942,46592,69056,0.45237145459910016,0.45269072925439596
0.4375044495435785,0.5837565066792454,0.5612247883457857,0.6081730769230769,0.39928057553956836,211002,164965,135942,46176,69472,0.45237145459910016,0.45269072925439596
0.43726696952127014,0.5834199699168289,0.5606030011902737,0.6081730769230769,0.39928057553956836,211002,165382,135942,46176,69472,0.45237145459910016,0.45269072925439596
0.4369594106347727,0.5830838209590394,0.5599825902797498,0.6081730769230769,0.39928057553956836,211002,165799,135942,46176,69472,0.45237145459910016,0.45269072925439596
0.43685224499455927,0.5827488638576228,0.5593650339194681,0.6081730769230769,0.39568345323741005,211002,166215,135942,45760,69888,0.45237145459910016,0.45269072925439596
0.4364730725880886,0.5824142913727596,0.5587488381576822,0.6081730769230769,0.3920863309352518,211002,166631,135942,45344,70304,0.45237145459910016,0.45269072925439596
0.43646815584231113,0.5820801028423723,0.5581339985028396,0.6081730769230769,0.38848920863309355,211002,167047,135942,44928,70720,0.45237145459910016,0.45269072925439596
0.436351465616711,0.5817462976059024,0.5575205104831358,0.6081730769230769,0.38489208633093525,211002,167463,135942,44512,71136,0.45237145459910016,0.45269072925439596
0.4363194187835857,0.5814128750043055,0.5569083696464061,0.6081730769230769,0.381294964028777,211002,167879,135942,44096,71552,0.45237145459910016,0.45269072925439596
0.43587412805972015,0.5810798343800474,0.5562975715600176,0.6081730769230769,0.3776978417266187,211002,168295,135942,43680,71968,0.45237145459910016,0.45269072925439596
0.4347535574697754,0.5807471750770996,0.5556881118107624,0.6081730769230769,0.37410071942446044,211002,168711,135942,43264,72384,0.45237145459910016,0.45269072925439596
0.43450755061246027,0.5804148964409351,0.5550799860047511,0.6081730769230769,0.37050359712230213,211002,169127,135942,42848,72800,0.45237145459910016,0.45269072925439596
0.43435880906740265,0.5800822004426177,0.55447173272088,0.6081730769230769,0.37050359712230213,211002,169544,135942,42848,72800,0.45237145459910016,0.45269072925439596
0.43339755984044726,0.5797506820935671,0.5538662648768119,0.6081730769230769,0.3669064748201439,211002,169960,135942,42432,73216,0.45237145459910016,0.45269072925439596
0.43278160946619315,0.5794187469021299,0.5532606672103079,0.6081730769230769,0.3669064748201439,211002,170377,135942,42432,73216,0.45237145459910016,0.45269072925439596
0.4323569629999379,0.5790871915909652,0.5526563924189881,0.6081730769230769,0.3669064748201439,211002,170794,135942,42432,73216,0.45237145459910016,0.45269072925439596
0.4320414894629778,0.5787568092424666,0.5520548805375027,0.6081730769230769,0.36330935251798563,211002,171210,135942,42016,73632,0.45237145459910016,0.45269072925439596
0.4315338940609662,0.5795691452397498,0.5525430639078586,0.609375,0.36330935251798563,211419,171210,135525,42016,73632,0.45237145459910016,0.45269072925439596
0.4302545915617047,0.5792380717544076,0.5519415422690748,0.609375,0.36330935251798563,211419,171627,135525,42016,73632,0.45237145459910016,0.45269072925439596
0.42994983798881137,0.5789073762984199,0.5513413288896191,0.609375,0.36330935251798563,211419,172044,135525,42016,73632,0.45237145459910016,0.45269072925439596
0.4298589429137524,0.5785770582246889,0.5507424195060957,0.609375,0.36330935251798563,211419,172461,135525,42016,73632,0.45237145459910016,0.45269072925439596
0.4292169777311742,0.5782479076636945,0.5501462414388909,0.609375,0.3597122302158273,211419,172877,135525,41600,74048,0.45237145459910016,0.45269072925439596
0.4287258596775026,0.5779183415179517,0.5495499242292307,0.609375,0.3597122302158273,211419,173294,135525,41600,74048,0.45237145459910016,0.45269072925439596
0.42699495363674,0.5775899398010854,0.5489563237252972,0.609375,0.35611510791366907,211419,173710,135525,41184,74464,0.45237145459910016,0.45269072925439596
0.4267987134510616,0.5772619111003715,0.5483640042018442,0.609375,0.35251798561151076,211419,174126,135525,40768,74880,0.45237145459910016,0.45269072925439596
0.4255743068425009,0.5769334675933885,0.5477715422761826,0.609375,0.35251798561151076,211419,174543,135525,40768,74880,0.45237145459910016,0.45269072925439596
0.4252341789836036,0.5766061839137514,0.5471817753598808,0.609375,0.3489208633093525,211419,174959,135525,40352,75296,0.45237145459910016,0.45269072925439596
0.42490939395513583,0.5762792713475382,0.5465932770415259,0.609375,0.34532374100719426,211419,175375,135525,39936,75712,0.45237145459910016,0.45269072925439596
0.4243530951390999,0.5759519447528111,0.5460046331328398,0.609375,0.34532374100719426,211419,175792,135525,39936,75712,0.45237145459910016,0.45269072925439596
0.42417469071144503,0.5767603447994206,0.546493029399321,0.6105769230769231,0.34532374100719426,211836,175792,135108,39936,75712,0.45237145459910016,0.45269072925439596
0.42375768810210734,0.5764339009616484,0.5459071651668368,0.6105769230769231,0.34172661870503596,211836,176208,135108,39520,76128,0.45237145459910016,0.45269072925439596
0.42351771423984136,0.5761070430579068,0.5453211519303096,0.6105769230769231,0.34172661870503596,211836,176625,135108,39520,76128,0.45237145459910016,0.45269072925439596
0.42322205852210804,0.5769139819141043,0.5458087112153426,0.6117788461538461,0.34172661870503596,212253,176625,134691,39520,76128,0.45237145459910016,0.45269072925439596
0.4223500041208649,0.576587222355784,0.5452240588756598,0.6117788461538461,0.34172661870503596,212253,177042,134691,39520,76128,0.45237145459910016,0.45269072925439596
0.4223497086690735,0.5773929758258943,0.5457106786550068,0.6129807692307693,0.34172661870503596,212670,177042,134274,39520,76128,0.45237145459910016,0.45269072925439596
0.42226835237525384,0.5781978175838757,0.5461962581607622,0.6141826923076923,0.34172661870503596,213087,177042,133857,39520,76128,0.45237145459910016,0.45269072925439596
0.4218894109291429,0.57900174917626,0.5466808007251387,0.6153846153846154,0.34172661870503596,213504,177042,133440,39520,76128,0.45237145459910016,0.45269072925439596
0.42152210687098823,0.5786745484187031,0.5460977125712664,0.6153846153846154,0.34172661870503596,213504,177459,133440,39520,76128,0.45237145459910016,0.45269072925439596
0.42143525108601554,0.5783485005884959,0.5455172607625857,0.6153846153846154,0.3381294964028777,213504,177875,133440,39104,76544,0.45237145459910016,0.45269072925439596
0.4206236386462119,0.5780228199675392,0.544938041577866,0.6153846153846154,0.3345323741007194,213504,178291,133440,38688,76960,0.45237145459910016,0.45269072925439596
0.4197480130662278,0.5776967243721217,0.544358663171958,0.6153846153846154,0.3345323741007194,213504,178708,133440,38688,76960,0.45237145459910016,0.45269072925439596
0.41945503944083384,0.5773717771900505,0.5437819004248297,0.6153846153846154,0.33093525179856115,213504,179124,133440,38272,77376,0.45237145459910016,0.45269072925439596
0.4187764333795655,0.5770464155548258,0.543204976529405,0.6153846153846154,0.33093525179856115,213504,179541,133440,38272,77376,0.45237145459910016,0.45269072925439596
0.41849178325855485,0.5767221993368494,0.5426306546265068,0.6153846153846154,0.3273381294964029,213504,179957,133440,37856,77792,0.45237145459910016,0.45269072925439596
0.4172248368403776,0.5775233456889779,0.5431148731333052,0.6165865384615384,0.3273381294964029,213921,179957,133023,37856,77792,0.45237145459910016,0.45269072925439596
0.41711706134950494,0.5771984474643131,0.54254048364803,0.6165865384615384,0.3273381294964029,213921,180374,133023,37856,77792,0.45237145459910016,0.45269072925439596
0.4168372902260725,0.5768746924108918,0.5419686808829751,0.6165865384615384,0.3237410071942446,213921,180790,133023,37440,78208,0.45237145459910016,0.45269072925439596
0.4167879609453201,0.5765505233993466,0.5413967119515701,0.6165865384615384,0.3237410071942446,213921,181207,133023,37440,78208,0.45237145459910016,0.45269072925439596
0.41652769166037484,0.5762267185103079,0.5408259490070662,0.6165865384615384,0.3237410071942446,213921,181624,133023,37440,78208,0.45237145459910016,0.45269072925439596
0.4165194506202067,0.5759032771306195,0.5402563882392755,0.6165865384615384,0.3237410071942446,213921,182041,133023,37440,78208,0.45237145459910016,0.45269072925439596
0.4164563100515888,0.5755801986485014,0.5396880258540437,0.6165865384615384,0.3237410071942446,213921,182458,133023,37440,78208,0.45237145459910016,0.45269072925439596
0.4160908471565981,0.5752582559204237,0.5391222167618039,0.6165865384615384,0.32014388489208634,213921,182874,133023,37024,78624,0.45237145459910016,0.45269072925439596
0.41341058130882613,0.5749359005369842,0.5385562369716927,0.6165865384615384,0.32014388489208634,213921,183291,133023,37024,78624,0.45237145459910016,0.45269072925439596
0.41218001580621566,0.5746146779626417,0.5379927972879174,0.6165865384615384,0.31654676258992803,213921,183707,133023,36608,79040,0.45237145459910016,0.45269072925439596
0.4113390797597798,0.5742930432529876,0.5374291851423834,0.6165865384615384,0.31654676258992803,213921,184124,133023,36608,79040,0.45237145459910016,0.45269072925439596
0.4110617932676496,0.573972538418712,0.536868100014807,0.6165865384615384,0.3129496402877698,213921,184540,133023,36192,79456,0.45237145459910016,0.45269072925439596
0.4108081741668558,0.5736523911233392,0.5363081852300333,0.6165865384615384,0.30935251798561153,213921,184956,133023,35776,79872,0.45237145459910016,0.45269072925439596
0.4103429644966288,0.573331832471678,0.5357480953883604,0.6165865384615384,0.30935251798561153,213921,185373,133023,35776,79872,0.45237145459910016,0.45269072925439596
0.41029042745391514,0.5741286136167306,0.5362324279291788,0.6177884615384616,0.30935251798561153,214338,185373,132606,35776,79872,0.45237145459910016,0.45269072925439596
0.41019033100639624,0.5749245052685685,0.5367157509596929,0.6189903846153846,0.30935251798561153,214755,185373,132189,35776,79872,0.45237145459910016,0.45269072925439596
0.41014738915067117,0.574604542146496,0.5361583246784373,0.6189903846153846,0.3057553956834532,214755,185789,132189,35360,80288,0.45237145459910016,0.45269072925439596
0.4087498120887879,0.575399281994371,0.5366407206685937,0.6201923076923077,0.3057553956834532,215172,185789,131772,35360,80288,0.45237145459910016,0.45269072925439596
0.408695720159181,0.5750794111083345,0.5360845290088869,0.6201923076923077,0.302158273381295,215172,186205,131772,34944,80704,0.45237145459910016,0.45269072925439596
0.40835425576108886,0.5747598956642986,0.535529489065265,0.6201923076923077,0.29856115107913667,215172,186621,131772,34528,81120,0.45237145459910016,0.45269072925439596
0.4081359256764253,0.5744399682842246,0.5349742671738644,0.6201923076923077,0.29856115107913667,215172,187038,131772,34528,81120,0.45237145459910016,0.45269072925439596
0.40812151119635465,0.5741203968670079,0.5344201953669278,0.6201923076923077,0.29856115107913667,215172,187455,131772,34528,81120,0.45237145459910016,0.45269072925439596
0.407927054833954,0.5738019459003956,0.5338685946660778,0.6201923076923077,0.2949640287769784,215172,187871,131772,34112,81536,0.45237145459910016,0.45269072925439596
0.407824377257223,0.5734838480123347,0.533318131458215,0.6201923076923077,0.29136690647482016,215172,188287,131772,33696,81952,0.45237145459910016,0.45269072925439596
0.40671943351761625,0.5731653392291095,0.5327674830888689,0.6201923076923077,0.29136690647482016,215172,188704,131772,33696,81952,0.45237145459910016,0.45269072925439596
0.40454706653945727,0.5739573530057758,0.5332494008058511,0.6213942307692307,0.29136690647482016,215589,188704,131355,33696,81952,0.45237145459910016,0.45269072925439596
0.4041169780402558,0.5736396981053757,0.5327012742489048,0.6213942307692307,0.28776978417266186,215589,189120,131355,33280,82368,0.45237145459910016,0.45269072925439596
0.4039723603800911,0.5733223946207063,0.5321542733724159,0.6213942307692307,0.2841726618705036,215589,189536,131355,32864,82784,0.45237145459910016,0.45269072925439596
0.40362569068644427,0.5730046804857499,0.5316070838532138,0.6213942307692307,0.2841726618705036,215589,189953,131355,32864,82784,0.45237145459910016,0.45269072925439596
0.4032798157844297,0.572687318286685,0.5310610184772354,0.6213942307692307,0.2841726618705036,215589,190370,131355,32864,82784,0.45237145459910016,0.45269072925439596
0.40277374501475355,0.5723703074390697,0.5305160737838849,0.6213942307692307,0.2841726618705036,215589,190787,131355,32864,82784,0.45237145459910016,0.45269072925439596
0.4022677183535896,0.5731601341051321,0.5309973377123008,0.6225961538461539,0.2841726618705036,216006,190787,130938,32864,82784,0.45237145459910016,0.45269072925439596
0.40201690452559835,0.5728439719791607,0.5304548769796346,0.6225961538461539,0.2805755395683453,216006,191203,130938,32448,83200,0.45237145459910016,0.45269072925439596
0.4009909252371541,0.5725281584586698,0.5299135234590616,0.6225961538461539,0.27697841726618705,216006,191619,130938,32032,83616,0.45237145459910016,0.45269072925439596
0.40049195106099594,0.5733165913010307,0.5303939300366138,0.6237980769230769,0.27697841726618705,216423,191619,130521,32032,83616,0.45237145459910016,0.45269072925439596
0.3993378495287163,0.5730001072275328,0.5298524454106777,0.6237980769230769,0.27697841726618705,216423,192036,130521,32032,83616,0.45237145459910016,0.45269072925439596
0.3991657084458805,0.5726839723743749,0.5293120652716227,0.6237980769230769,0.27697841726618705,216423,192453,130521,32032,83616,0.45237145459910016,0.45269072925439596
0.3989982794892635,0.5734710150389362,0.5297916162748936,0.625,0.27697841726618705,216840,192453,130104,32032,83616,0.45237145459910016,0.45269072925439596
0.39825720418051347,0.5731557266012294,0.5292536898139899,0.625,0.2733812949640288,216840,192869,130104,31616,84032,0.45237145459910016,0.45269072925439596
0.39797339267668297,0.5728407846576732,0.5287168546174946,0.625,0.2697841726618705,216840,193285,130104,31200,84448,0.45237145459910016,0.45269072925439596
0.39788855472074336,0.5725261886373988,0.5281811073680827,0.625,0.26618705035971224,216840,193701,130104,30784,84864,0.45237145459910016,0.45269072925439596
0.3974439843841022,0.5722119379707904,0.5276464447618607,0.625,0.26258992805755393,216840,194117,130104,30368,85280,0.45237145459910016,0.45269072925439596
0.39612898385291806,0.5718980320894824,0.5271128635083002,0.625,0.2589928057553957,216840,194533,130104,29952,85696,0.45237145459910016,0.45269072925439596
0.39579024935674184,0.5715844704263555,0.5265803603301691,0.625,0.25539568345323743,216840,194949,130104,29536,86112,0.45237145459910016,0.45269072925439596
0.39574699237538286,0.5712704999012053,0.5260476557837586,0.625,0.25539568345323743,216840,195366,130104,29536,86112,0.45237145459910016,0.45269072925439596
0.3946527780114176,0.5709576258021027,0.5255173015496023,0.625,0.2517985611510791,216840,195782,130104,29120,86528,0.45237145459910016,0.45269072925439596
0.392773640982055,0.5706450942259159,0.5249880156305231,0.625,0.24820143884892087,216840,196198,130104,28704,86944,0.45237145459910016,0.45269072925439596
0.39264858770632455,0.5703321545662211,0.5244585263208813,0.625,0.24820143884892087,216840,196615,130104,28704,86944,0.45237145459910016,0.45269072925439596
0.3916363284232334,0.5700203071705999,0.5239313699196126,0.625,0.2446043165467626,216840,197031,130104,28288,87360,0.45237145459910016,0.45269072925439596
0.3905272390843886,0.5697088006137427,0.5234052721905346,0.625,0.24100719424460432,216840,197447,130104,27872,87776,0.45237145459910016,0.45269072925439596
0.3902460149650434,0.569396886750835,0.5228789690960299,0.625,0.24100719424460432,216840,197864,130104,27872,87776,0.45237145459910016,0.45269072925439596
0.39004956827055803,0.5690853142448479,0.5223537233722216,0.625,0.24100719424460432,216840,198281,130104,27872,87776,0.45237145459910016,0.45269072925439596
0.3899075076537394,0.5687748284875295,0.5218307876314263,0.625,0.23741007194244604,216840,198697,130104,27456,88192,0.45237145459910016,0.45269072925439596
0.38876356466656603,0.5684639362011698,0.5213076445953159,0.625,0.23741007194244604,216840,199114,130104,27456,88192,0.45237145459910016,0.45269072925439596
0.38776524144671143,0.5681541279211438,0.5207868002017436,0.625,0.23381294964028776,216840,199530,130104,27040,88608,0.45237145459910016,0.45269072925439596
0.3877193235444301,0.5678446571432313,0.5202669955324795,0.625,0.2302158273381295,216840,199946,130104,26624,89024,0.45237145459910016,0.45269072925439596
0.3853438390344537,0.5675355233162249,0.5197482274773371,0.625,0.22661870503597123,216840,200362,130104,26208,89440,0.45237145459910016,0.45269072925439596
0.3850677063971102,0.5672267258901175,0.5192304929385227,0.625,0.22302158273381295,216840,200778,130104,25792,89856,0.45237145459910016,0.45269072925439596
0.38474060499002033,0.5669182643160979,0.5187137888305736,0.625,0.21942446043165467,216840,201194,130104,25376,90272,0.45237145459910016,0.45269072925439596
0.38453850343585033,0.5676990312191744,0.5191934061574712,0.6262019230769231,0.21942446043165467,217257,201194,129687,25376,90272,0.45237145459910016,0.45269072925439596
0.38404300382666046,0.56739064860651,0.518677766450926,0.6262019230769231,0.2158273381294964,217257,201610,129687,24960,90688,0.45237145459910016,0.45269072925439596
0.38386468530431495,0.56708186075163,0.5181619141202621,0.6262019230769231,0.2158273381294964,217257,202027,129687,24960,90688,0.45237145459910016,0.45269072925439596
0.38347058827233826,0.5667734088137274,0.5176470868546894,0.6262019230769231,0.2158273381294964,217257,202444,129687,24960,90688,0.45237145459910016,0.45269072925439596
0.38203170733864095,0.5675525576811261,0.518125859877463,0.6274038461538461,0.2158273381294964,217674,202444,129270,24960,90688,0.45237145459910016,0.45269072925439596
0.38173825507240045,0.5672449242844746,0.5176133202071652,0.6274038461538461,0.21223021582733814,217674,202860,129270,24544,91104,0.45237145459910016,0.45269072925439596
0.3811424367034627,0.5669368859023695,0.5171005651489128,0.6274038461538461,0.21223021582733814,217674,203277,129270,24544,91104,0.45237145459910016,0.45269072925439596
0.3810581057749305,0.5666291818948552,0.5165888249700974,0.6274038461538461,0.21223021582733814,217674,203694,129270,24544,91104,0.45237145459910016,0.45269072925439596
0.3805420171147861,0.5663218117177835,0.5160780966606209,0.6274038461538461,0.21223021582733814,217674,204111,129270,24544,91104,0.45237145459910016,0.45269072925439596
0.37973856843852916,0.5660147748281861,0.5155683772222774,0.6274038461538461,0.21223021582733814,217674,204528,129270,24544,91104,0.45237145459910016,0.45269072925439596
0.3797220060124695,0.5657088057882276,0.5150608824044409,0.6274038461538461,0.20863309352517986,217674,204944,129270,24128,91520,0.45237145459910016,0.45269072925439596
0.3787495052144548,0.5664855794768429,0.5155389034004279,0.6286057692307693,0.20863309352517986,218091,204944,128853,24128,91520,0.45237145459910016,0.45269072925439596
0.3783866560598098,0.5661789521233236,0.5150312195951371,0.6286057692307693,0.20863309352517986,218091,205361,128853,24128,91520,0.45237145459910016,0.45269072925439596
0.3783239528867902,0.5658726565327777,0.5145245347029389,0.6286057692307693,0.20863309352517986,218091,205778,128853,24128,91520,0.45237145459910016,0.45269072925439596
0.377932635308187,0.5655674254987818,0.5140200572728237,0.6286057692307693,0.20503597122302158,218091,206194,128853,23712,91936,0.45237145459910016,0.45269072925439596
0.3778440083065353,0.5652617910285286,0.5135153590046668,0.6286057692307693,0.20503597122302158,218091,206611,128853,23712,91936,0.45237145459910016,0.45269072925439596
0.3755490689681249,0.5649572184617297,0.513012857606594,0.6286057692307693,0.2014388489208633,218091,207027,128853,23296,92352,0.45237145459910016,0.45269072925439596
0.37490731417156653,0.5646522429735954,0.5125101343015264,0.6286057692307693,0.2014388489208633,218091,207444,128853,23296,92352,0.45237145459910016,0.45269072925439596
0.3745235365461381,0.5643483267455476,0.5120095973480517,0.6286057692307693,0.19784172661870503,218091,207860,128853,22880,92768,0.45237145459910016,0.45269072925439596
0.37416280689680614,0.5640440081105685,0.5115088374362053,0.6286057692307693,0.19784172661870503,218091,208277,128853,22880,92768,0.45237145459910016,0.45269072925439596
0.37413963565411934,0.5637407461019893,0.5110102534303067,0.6286057692307693,0.19424460431654678,218091,208693,128853,22464,93184,0.45237145459910016,0.45269072925439596
0.3737986382260431,0.5634370822003629,0.5105114454320098,0.6286057692307693,0.19424460431654678,218091,209110,128853,22464,93184,0.45237145459910016,0.45269072925439596
0.37329275364851733,0.563134472301084,0.5100148029662057,0.6286057692307693,0.1906474820143885,218091,209526,128853,22048,93600,0.45237145459910016,0.45269072925439596
0.3730410208947259,0.5639076206034236,0.510492157165085,0.6298076923076923,0.1906474820143885,218508,209526,128436,22048,93600,0.45237145459910016,0.45269072925439596
0.3724423309806997,0.5636050833511738,0.5099964990080523,0.6298076923076923,0.18705035971223022,218508,209942,128436,21632,94016,0.45237145459910016,0.45269072925439596
0.3714651045979158,0.5633021444655979,0.5095006144095955,0.6298076923076923,0.18705035971223022,218508,210359,128436,21632,94016,0.45237145459910016,0.45269072925439596
0.3711614809559157,0.5629995310656147,0.5090056932007715,0.6298076923076923,0.18705035971223022,218508,210776,128436,21632,94016,0.45237145459910016,0.45269072925439596
0.3699114772666203,0.5626979671509726,0.5085129159878985,0.6298076923076923,0.18345323741007194,218508,211192,128436,21216,94432,0.45237145459910016,0.45269072925439596
0.3696726633589432,0.562396726121535,0.5080210919844879,0.6298076923076923,0.17985611510791366,218508,211608,128436,20800,94848,0.45237145459910016,0.45269072925439596
0.3688881761473578,0.5620950844848144,0.5075290395858157,0.6298076923076923,0.17985611510791366,218508,212025,128436,20800,94848,0.45237145459910016,0.45269072925439596
0.36832235432055294,0.5617937662457867,0.5070379394361295,0.6298076923076923,0.17985611510791366,218508,212442,128436,20800,94848,0.45237145459910016,0.45269072925439596
0.3680016640672066,0.5614927708846463,0.5065477887738283,0.6298076923076923,0.17985611510791366,218508,212859,128436,20800,94848,0.45237145459910016,0.45269072925439596
0.36777491917093685,0.5622630751687367,0.5070243455060863,0.6310096153846154,0.17985611510791366,218925,212859,128019,20800,94848,0.45237145459910016,0.45269072925439596
0.36578342568960764,0.5619628720749951,0.5065363257751041,0.6310096153846154,0.17625899280575538,218925,213275,128019,20384,95264,0.45237145459910016,0.45269072925439596
0.3652668609744206,0.5616622688923638,0.5060480748560505,0.6310096153846154,0.17625899280575538,218925,213692,128019,20384,95264,0.45237145459910016,0.45269072925439596
0.36448657679271723,0.5613627068490481,0.5055619317696342,0.6310096153846154,0.17266187050359713,218925,214108,128019,19968,95680,0.45237145459910016,0.45269072925439596
0.361802658728403,0.5610634641776643,0.5050767218288656,0.6310096153846154,0.16906474820143885,218925,214524,128019,19552,96096,0.45237145459910016,0.45269072925439596
0.3616165541431955,0.5607638221846544,0.5045912793350943,0.6310096153846154,0.16906474820143885,218925,214941,128019,19552,96096,0.45237145459910016,0.45269072925439596
0.36114509288074725,0.5604652174914814,0.5041079298704528,0.6310096153846154,0.16546762589928057,218925,215357,128019,19136,96512,0.45237145459910016,0.45269072925439596
0.36113911858748715,0.5601669306408816,0.5036255055233748,0.6310096153846154,0.1618705035971223,218925,215773,128019,18720,96928,0.45237145459910016,0.45269072925439596
0.36047549617827057,0.5598689611256454,0.5031440036404252,0.6310096153846154,0.15827338129496402,218925,216189,128019,18304,97344,0.45237145459910016,0.45269072925439596
0.35941022761314495,0.5606364420588518,0.5036197193770363,0.6322115384615384,0.15827338129496402,219342,216189,127602,18304,97344,0.45237145459910016,0.45269072925439596
0.3589873060775991,0.5603385401032839,0.5031391430609684,0.6322115384615384,0.15467625899280577,219342,216605,127602,17888,97760,0.45237145459910016,0.45269072925439596
0.3585899701048383,0.5600402395992381,0.5026583311180574,0.6322115384615384,0.15467625899280577,219342,217022,127602,17888,97760,0.45237145459910016,0.45269072925439596
0.35846706142005635,0.5608064053079843,0.5031331491067605,0.6334134615384616,0.15467625899280577,219759,217022,127185,17888,97760,0.45237145459910016,0.45269072925439596
0.3580736025695185,0.5605088880698752,0.5026544097969565,0.6334134615384616,0.1510791366906475,219759,217438,127185,17472,98176,0.45237145459910016,0.45269072925439596
0.35746452635567566,0.5602116863401895,0.5021765806774479,0.6334134615384616,0.1474820143884892,219759,217854,127185,17056,98592,0.45237145459910016,0.45269072925439596
0.356242623656096,0.5599140863264261,0.5016985138004246,0.6334134615384616,0.1474820143884892,219759,218271,127185,17056,98592,0.45237145459910016,0.45269072925439596
0.355177997629176,0.5606786937971023,0.5021724404546045,0.6346153846153846,0.1474820143884892,220176,218271,126768,17056,98592,0.45237145459910016,0.45269072925439596
0.3538240257556373,0.5603811618105186,0.5016952860111561,0.6346153846153846,0.1474820143884892,220176,218688,126768,17056,98592,0.45237145459910016,0.45269072925439596
0.3534214312399601,0.5600839454354669,0.5012190374725972,0.6346153846153846,0.1474820143884892,220176,219105,126768,17056,98592,0.45237145459910016,0.45269072925439596
0.3533335578569574,0.5597870441700291,0.5007436922615067,0.6346153846153846,0.1474820143884892,220176,219522,126768,17056,98592,0.45237145459910016,0.45269072925439596
0.3504299302969677,0.5594911683764093,0.5002703844912909,0.6346153846153846,0.14388489208633093,220176,219938,126768,16640,99008,0.45237145459910016,0.45269072925439596
0.34921352213815304,0.5591948950760341,0.4997968360909902,0.6346153846153846,0.14388489208633093,220176,220355,126768,16640,99008,0.45237145459910016,0.45269072925439596
0.3465229608573559,0.5588996447478141,0.499325315740894,0.6346153846153846,0.14028776978417265,220176,220771,126768,16224,99424,0.45237145459910016,0.45269072925439596
0.34594486782187184,0.5586047060345779,0.4988546842395035,0.6346153846153846,0.1366906474820144,220176,221187,126768,15808,99840,0.45237145459910016,0.45269072925439596
0.3457864337587685,0.5583100784432558,0.4983849390758728,0.6346153846153846,0.13309352517985612,220176,221603,126768,15392,100256,0.45237145459910016,0.45269072925439596
0.3457754084195852,0.5580157614818175,0.4979160777485046,0.6346153846153846,0.12949640287769784,220176,222019,126768,14976,100672,0.45237145459910016,0.45269072925439596
0.34550957195853993,0.5577217546592701,0.49744809776530635,0.6346153846153846,0.12589928057553956,220176,222435,126768,14560,101088,0.45237145459910016,0.45269072925439596
0.3449611923292769,0.5574280574856545,0.49698099664354545,0.6346153846153846,0.1223021582733813,220176,222851,126768,14144,101504,0.45237145459910016,0.45269072925439596
0.344198578015268,0.5571346694720435,0.49651477190980575,0.6346153846153846,0.11870503597122302,220176,223267,126768,13728,101920,0.45237145459910016,0.45269072925439596
0.3430185818686804,0.5568415901305382,0.4960494210999439,0.6346153846153846,0.11510791366906475,220176,223683,126768,13312,102336,0.45237145459910016,0.45269072925439596
0.3415613538222564,0.5565488189742663,0.49558494175904566,0.6346153846153846,0.11151079136690648,220176,224099,126768,12896,102752,0.45237145459910016,0.45269072925439596
0.3410870452629585,0.5562563555173786,0.4951213314413829,0.6346153846153846,0.1079136690647482,220176,224515,126768,12480,103168,0.45237145459910016,0.45269072925439596
0.3387757486071142,0.5559641992750467,0.49465858771037075,0.6346153846153846,0.10431654676258993,220176,224931,126768,12064,103584,0.45237145459910016,0.45269072925439596
0.33795935558132395,0.5556723497634601,0.49419670813852484,0.6346153846153846,0.10071942446043165,220176,225347,126768,11648,104000,0.45237145459910016,0.45269072925439596
0.33688990946900327,0.555380806499824,0.4937356903074187,0.6346153846153846,0.09712230215827339,220176,225763,126768,11232,104416,0.45237145459910016,0.45269072925439596
0.3365944496624419,0.555089569002356,0.4932755318076419,0.6346153846153846,0.09352517985611511,220176,226179,126768,10816,104832,0.45237145459910016,0.45269072925439596
0.33554282997897666,0.5547986367902836,0.49281623023875765,0.6346153846153846,0.08992805755395683,220176,226595,126768,10400,105248,0.45237145459910016,0.45269072925439596
0.33430899521263135,0.5545073111271174,0.4923566822007746,0.6346153846153846,0.08992805755395683,220176,227012,126768,10400,105248,0.45237145459910016,0.45269072925439596
0.33339957936480547,0.5542169887785257,0.4918990893736428,0.6346153846153846,0.08633093525179857,220176,227428,126768,9984,105664,0.45237145459910016,0.45269072925439596
0.3331131548711343,0.5539269702778994,0.49144234632382483,0.6346153846153846,0.08273381294964029,220176,227844,126768,9568,106080,0.45237145459910016,0.45269072925439596
0.33132633053823224,0.5536372551484825,0.4909864506863856,0.6346153846153846,0.07913669064748201,220176,228260,126768,9152,106496,0.45237145459910016,0.45269072925439596
0.3305271461748006,0.5533471475765804,0.4905303072498123,0.6346153846153846,0.07913669064748201,220176,228677,126768,9152,106496,0.45237145459910016,0.45269072925439596
0.3300348659996046,0.5530573438799117,0.49007501057270686,0.6346153846153846,0.07913669064748201,220176,229094,126768,9152,106496,0.45237145459910016,0.45269072925439596
0.3276316796976708,0.5527678435812817,0.4896205582994394,0.6346153846153846,0.07913669064748201,220176,229511,126768,9152,106496,0.45237145459910016,0.45269072925439596
0.3245844796684057,0.5524793393614178,0.4891680348720182,0.6346153846153846,0.07553956834532374,220176,229927,126768,8736,106912,0.45237145459910016,0.45269072925439596
0.32292006979384047,0.5521904437065498,0.48871526236349105,0.6346153846153846,0.07553956834532374,220176,230344,126768,8736,106912,0.45237145459910016,0.45269072925439596
0.32275748906887247,0.5519025417355994,0.48826441002714355,0.6346153846153846,0.07194244604316546,220176,230760,126768,8320,107328,0.45237145459910016,0.45269072925439596
0.32246625294193376,0.5516149398218205,0.4878143887697407,0.6346153846153846,0.0683453237410072,220176,231176,126768,7904,107744,0.45237145459910016,0.45269072925439596
0.3217946331332443,0.5513276374963691,0.48736519629544367,0.6346153846153846,0.06474820143884892,220176,231592,126768,7488,108160,0.45237145459910016,0.45269072925439596
0.3202454112617354,0.5510406342913776,0.48691683031686217,0.6346153846153846,0.06115107913669065,220176,232008,126768,7072,108576,0.45237145459910016,0.45269072925439596
0.3174523357451092,0.5507539297399517,0.4864692885550155,0.6346153846153846,0.05755395683453238,220176,232424,126768,6656,108992,0.45237145459910016,0.45269072925439596
0.31602686552746956,0.5504675233761688,0.486022568739294,0.6346153846153846,0.0539568345323741,220176,232840,126768,6240,109408,0.45237145459910016,0.45269072925439596
0.31465317696824663,0.5501814147350745,0.4855766686074207,0.6346153846153846,0.050359712230215826,220176,233256,126768,5824,109824,0.45237145459910016,0.45269072925439596
0.3143442710032276,0.5498949166638569,0.4851305169781139,0.6346153846153846,0.050359712230215826,220176,233673,126768,5824,109824,0.45237145459910016,0.45269072925439596
0.3141848478812372,0.5496094027900336,0.48468625141712435,0.6346153846153846,0.046762589928057555,220176,234089,126768,5408,110240,0.45237145459910016,0.45269072925439596
0.3126071879345552,0.5493241852487135,0.4842427987973986,0.6346153846153846,0.04316546762589928,220176,234505,126768,4992,110656,0.45237145459910016,0.45269072925439596
0.3119279375861832,0.5490392635787946,0.48380015688963013,0.6346153846153846,0.039568345323741004,220176,234921,126768,4576,111072,0.45237145459910016,0.45269072925439596
0.31145749004677487,0.5487546373201305,0.4833583234726561,0.6346153846153846,0.03597122302158273,220176,235337,126768,4160,111488,0.45237145459910016,0.45269072925439596
0.3091544481035433,0.5484703060135289,0.48291729633342034,0.6346153846153846,0.03237410071942446,220176,235753,126768,3744,111904,0.45237145459910016,0.45269072925439596
0.30813379069792046,0.5481862692007484,0.4824770732669362,0.6346153846153846,0.02877697841726619,220176,236169,126768,3328,112320,0.45237145459910016,0.45269072925439596
0.3076147606367985,0.5479025264244965,0.48203765207624993,0.6346153846153846,0.025179856115107913,220176,236585,126768,2912,112736,0.45237145459910016,0.45269072925439596
0.30396162098912727,0.5476190772284271,0.4815990305724041,0.6346153846153846,0.02158273381294964,220176,237001,126768,2496,113152,0.45237145459910016,0.45269072925439596
0.3034030651743067,0.5473359211571376,0.48116120657440126,0.6346153846153846,0.017985611510791366,220176,237417,126768,2080,113568,0.45237145459910016,0.45269072925439596
0.3031108646980121,0.5470530577561671,0.4807241779091677,0.6346153846153846,0.014388489208633094,220176,237833,126768,1664,113984,0.45237145459910016,0.45269072925439596
0.3015243875860055,0.5467698076660417,0.4802868947223761,0.6346153846153846,0.014388489208633094,220176,238250,126768,1664,113984,0.45237145459910016,0.45269072925439596
0.3004303199965678,0.5464868507434347,0.47985040634814086,0.6346153846153846,0.014388489208633094,220176,238667,126768,1664,113984,0.45237145459910016,0.45269072925439596
0.29926847105136145,0.5462041865334333,0.4794147106214345,0.6346153846153846,0.014388489208633094,220176,239084,126768,1664,113984,0.45237145459910016,0.45269072925439596
0.2962965336229523,0.5459224913837991,0.47898084737945856,0.6346153846153846,0.01079136690647482,220176,239500,126768,1248,114400,0.45237145459910016,0.45269072925439596
0.28736211175585546,0.5456404105387981,0.47854672859617514,0.6346153846153846,0.01079136690647482,220176,239917,126768,1248,114400,0.45237145459910016,0.45269072925439596
0.27857301835529436,0.5453592964544066,0.47811443424558475,0.6346153846153846,0.007194244604316547,220176,240333,126768,832,114816,0.45237145459910016,0.45269072925439596
0.26920713611258223,0.5450777971703368,0.4776818838598821,0.6346153846153846,0.007194244604316547,220176,240750,126768,832,114816,0.45237145459910016,0.45269072925439596
0.2654339992832298,0.5447965883405276,0.477250115423882,0.6346153846153846,0.007194244604316547,220176,241167,126768,832,114816,0.45237145459910016,0.45269072925439596
0.23771079979447596,0.5445156695156695,0.4768191268191268,0.6346153846153846,0.007194244604316547,220176,241584,126768,832,114816,0.45237145459910016,0.45269072925439596
0.22468420163572733,0.544235712873245,0.4763899466869764,0.6346153846153846,0.0035971223021582736,220176,242000,126768,416,115232,0.45237145459910016,0.45269072925439596
0.21915330351144197,0.5439560439560439,0.47596153846153844,0.6346153846153846,0.0,220176,242416,126768,0,115648,0.45237145459910016,0.45269072925439596
