threshold,f1,precision,recall,tnr,tp,fp,fn,tn_unknown,fp_unknown,auc_pr_trapezoid,ap_pr_step
0.4659911520733991,0.0,,0.0,1.0,0,0,346944,115648,0,0.8764865682369865,0.8766027887866458
0.46599115207339903,0.0024009603841536613,1.0,0.001201923076923077,1.0,417,0,346527,115648,0,0.8764865682369865,0.8766027887866458
0.45918790643602114,0.004796163069544364,1.0,0.002403846153846154,1.0,834,0,346110,115648,0,0.8764865682369865,0.8766027887866458
0.441410292174164,0.00718562874251497,1.0,0.003605769230769231,1.0,1251,0,345693,115648,0,0.8764865682369865,0.8766027887866458
0.4370850989735509,0.009569377990430622,1.0,0.004807692307692308,1.0,1668,0,345276,115648,0,0.8764865682369865,0.8766027887866458
0.43067251823084596,0.011947431302270013,1.0,0.006009615384615385,1.0,2085,0,344859,115648,0,0.8764865682369865,0.8766027887866458
0.428965058392077,0.014319809069212411,1.0,0.007211538461538462,1.0,2502,0,344442,115648,0,0.8764865682369865,0.8766027887866458
0.4254813228974363,0.0166865315852205,1.0,0.008413461538461538,1.0,2919,0,344025,115648,0,0.8764865682369865,0.8766027887866458
0.42520873158063965,0.01904761904761905,1.0,0.009615384615384616,1.0,3336,0,343608,115648,0,0.8764865682369865,0.8766027887866458
0.4207125423596874,0.02140309155766944,1.0,0.010817307692307692,1.0,3753,0,343191,115648,0,0.8764865682369865,0.8766027887866458
0.4195493873167696,0.023752969121140142,1.0,0.01201923076923077,1.0,4170,0,342774,115648,0,0.8764865682369865,0.8766027887866458
0.4189615321349952,0.02609727164887307,1.0,0.013221153846153846,1.0,4587,0,342357,115648,0,0.8764865682369865,0.8766027887866458
0.4177763811108394,0.02843601895734597,1.0,0.014423076923076924,1.0,5004,0,341940,115648,0,0.8764865682369865,0.8766027887866458
0.41475428517173896,0.03076923076923077,1.0,0.015625,1.0,5421,0,341523,115648,0,0.8764865682369865,0.8766027887866458
0.4115717564701985,0.03309692671394799,1.0,0.016826923076923076,1.0,5838,0,341106,115648,0,0.8764865682369865,0.8766027887866458
0.4085741386390731,0.03541912632821724,1.0,0.018028846153846152,1.0,6255,0,340689,115648,0,0.8764865682369865,0.8766027887866458
0.40073032942405873,0.03773584905660377,1.0,0.019230769230769232,1.0,6672,0,340272,115648,0,0.8764865682369865,0.8766027887866458
0.4006725807718996,0.04004711425206125,1.0,0.020432692307692308,1.0,7089,0,339855,115648,0,0.8764865682369865,0.8766027887866458
0.3940780685824187,0.042352941176470586,1.0,0.021634615384615384,1.0,7506,0,339438,115648,0,0.8764865682369865,0.8766027887866458
0.3906259686650422,0.04465334900117509,1.0,0.02283653846153846,1.0,7923,0,339021,115648,0,0.8764865682369865,0.8766027887866458
0.38901710345481877,0.046948356807511735,1.0,0.02403846153846154,1.0,8340,0,338604,115648,0,0.8764865682369865,0.8766027887866458
0.3758639089853688,0.0492379835873388,1.0,0.025240384615384616,1.0,8757,0,338187,115648,0,0.8764865682369865,0.8766027887866458
0.3708364131032238,0.05152224824355972,1.0,0.026442307692307692,1.0,9174,0,337770,115648,0,0.8764865682369865,0.8766027887866458
0.36115628214223006,0.05380116959064327,1.0,0.027644230769230768,1.0,9591,0,337353,115648,0,0.8764865682369865,0.8766027887866458
0.3599096316795919,0.056074766355140186,1.0,0.028846153846153848,1.0,10008,0,336936,115648,0,0.8764865682369865,0.8766027887866458
0.35866826919845396,0.058343057176196034,1.0,0.030048076923076924,1.0,10425,0,336519,115648,0,0.8764865682369865,0.8766027887866458
0.3585616538795009,0.06060606060606061,1.0,0.03125,1.0,10842,0,336102,115648,0,0.8764865682369865,0.8766027887866458
0.3578272438328759,0.06286379511059371,1.0,0.03245192307692308,1.0,11259,0,335685,115648,0,0.8764865682369865,0.8766027887866458
0.3476404392549693,0.06511627906976744,1.0,0.03365384615384615,1.0,11676,0,335268,115648,0,0.8764865682369865,0.8766027887866458
0.3309251130639268,0.06736353077816493,1.0,0.03485576923076923,1.0,12093,0,334851,115648,0,0.8764865682369865,0.8766027887866458
0.3276711497743183,0.06960556844547564,1.0,0.036057692307692304,1.0,12510,0,334434,115648,0,0.8764865682369865,0.8766027887866458
0.32583988575110356,0.07184241019698726,1.0,0.037259615384615384,1.0,12927,0,334017,115648,0,0.8764865682369865,0.8766027887866458
0.3252255109883459,0.07407407407407407,1.0,0.038461538461538464,1.0,13344,0,333600,115648,0,0.8764865682369865,0.8766027887866458
0.3236250533118483,0.07630057803468208,1.0,0.039663461538461536,1.0,13761,0,333183,115648,0,0.8764865682369865,0.8766027887866458
0.32079479064480215,0.07852193995381063,1.0,0.040865384615384616,1.0,14178,0,332766,115648,0,0.8764865682369865,0.8766027887866458
0.3207722818278354,0.08073817762399077,1.0,0.042067307692307696,1.0,14595,0,332349,115648,0,0.8764865682369865,0.8766027887866458
0.32045454377983834,0.08294930875576037,1.0,0.04326923076923077,1.0,15012,0,331932,115648,0,0.8764865682369865,0.8766027887866458
0.3176688399355635,0.08515535097813579,1.0,0.04447115384615385,1.0,15429,0,331515,115648,0,0.8764865682369865,0.8766027887866458
0.316292797441068,0.08735632183908046,1.0,0.04567307692307692,1.0,15846,0,331098,115648,0,0.8764865682369865,0.8766027887866458
0.31604066345209963,0.08955223880597014,1.0,0.046875,1.0,16263,0,330681,115648,0,0.8764865682369865,0.8766027887866458
0.31376022114172364,0.09174311926605505,1.0,0.04807692307692308,1.0,16680,0,330264,115648,0,0.8764865682369865,0.8766027887866458
0.31252687697570625,0.09392898052691867,1.0,0.04927884615384615,1.0,17097,0,329847,115648,0,0.8764865682369865,0.8766027887866458
0.309374939160766,0.09610983981693363,1.0,0.05048076923076923,1.0,17514,0,329430,115648,0,0.8764865682369865,0.8766027887866458
0.3027388115210593,0.09828571428571428,1.0,0.051682692307692304,1.0,17931,0,329013,115648,0,0.8764865682369865,0.8766027887866458
0.30171689230330867,0.1004566210045662,1.0,0.052884615384615384,1.0,18348,0,328596,115648,0,0.8764865682369865,0.8766027887866458
0.3012749848242824,0.10262257696693272,1.0,0.054086538461538464,1.0,18765,0,328179,115648,0,0.8764865682369865,0.8766027887866458
0.29991754455812675,0.10478359908883828,1.0,0.055288461538461536,1.0,19182,0,327762,115648,0,0.8764865682369865,0.8766027887866458
0.29984952903879847,0.10693970420932879,1.0,0.056490384615384616,1.0,19599,0,327345,115648,0,0.8764865682369865,0.8766027887866458
0.29841394165583823,0.10909090909090909,1.0,0.057692307692307696,1.0,20016,0,326928,115648,0,0.8764865682369865,0.8766027887866458
0.2964306470716582,0.1112372304199773,1.0,0.05889423076923077,1.0,20433,0,326511,115648,0,0.8764865682369865,0.8766027887866458
0.29587430205775,0.11337868480725624,1.0,0.06009615384615385,1.0,20850,0,326094,115648,0,0.8764865682369865,0.8766027887866458
0.2948131004783555,0.11551528878822197,1.0,0.06129807692307692,1.0,21267,0,325677,115648,0,0.8764865682369865,0.8766027887866458
0.29420389398657115,0.11764705882352941,1.0,0.0625,1.0,21684,0,325260,115648,0,0.8764865682369865,0.8766027887866458
0.2929662841421055,0.11977401129943503,1.0,0.06370192307692307,1.0,22101,0,324843,115648,0,0.8764865682369865,0.8766027887866458
0.2901332790715603,0.12189616252821671,1.0,0.06490384615384616,1.0,22518,0,324426,115648,0,0.8764865682369865,0.8766027887866458
0.2899879539661485,0.12401352874859076,1.0,0.06610576923076923,1.0,22935,0,324009,115648,0,0.8764865682369865,0.8766027887866458
0.28528834705497896,0.12612612612612611,1.0,0.0673076923076923,1.0,23352,0,323592,115648,0,0.8764865682369865,0.8766027887866458
0.2850369227948614,0.12823397075365578,1.0,0.06850961538461539,1.0,23769,0,323175,115648,0,0.8764865682369865,0.8766027887866458
0.2836279780035559,0.1303370786516854,1.0,0.06971153846153846,1.0,24186,0,322758,115648,0,0.8764865682369865,0.8766027887866458
0.2830556698380191,0.1324354657687991,1.0,0.07091346153846154,1.0,24603,0,322341,115648,0,0.8764865682369865,0.8766027887866458
0.2829082923371615,0.13452914798206278,1.0,0.07211538461538461,1.0,25020,0,321924,115648,0,0.8764865682369865,0.8766027887866458
0.28268700424267557,0.1366181410974244,1.0,0.0733173076923077,1.0,25437,0,321507,115648,0,0.8764865682369865,0.8766027887866458
0.2806100041822612,0.13870246085011187,1.0,0.07451923076923077,1.0,25854,0,321090,115648,0,0.8764865682369865,0.8766027887866458
0.2779706585237448,0.14078212290502792,1.0,0.07572115384615384,1.0,26271,0,320673,115648,0,0.8764865682369865,0.8766027887866458
0.2779044030857889,0.14285714285714285,1.0,0.07692307692307693,1.0,26688,0,320256,115648,0,0.8764865682369865,0.8766027887866458
0.27556010515233487,0.14492753623188406,1.0,0.078125,1.0,27105,0,319839,115648,0,0.8764865682369865,0.8766027887866458
0.2755501408707884,0.14476653358791877,0.9848842701936703,0.078125,0.9964028776978417,27105,416,319839,115232,416,0.8764865682369865,0.8766027887866458
0.2752129415902547,0.14683020257040882,0.9851098861765337,0.07932692307692307,0.9964028776978417,27522,416,319422,115232,416,0.8764865682369865,0.8766027887866458
0.27393929687677415,0.14888928560960726,0.9853288661611709,0.08052884615384616,0.9964028776978417,27939,416,319005,115232,416,0.8764865682369865,0.8766027887866458
0.27279577945044226,0.15094379797506627,0.9855414986792715,0.08173076923076923,0.9964028776978417,28356,416,318588,115232,416,0.8764865682369865,0.8766027887866458
0.27248791850335086,0.1529937548686236,0.9857480557744356,0.0829326923076923,0.9964028776978417,28773,416,318171,115232,416,0.8764865682369865,0.8766027887866458
0.27230416235148125,0.15503917142477758,0.9859487941633452,0.08413461538461539,0.9964028776978417,29190,416,317754,115232,416,0.8764865682369865,0.8766027887866458
0.2712684604942408,0.1570800627110596,0.9861439563001698,0.08533653846153846,0.9964028776978417,29607,416,317337,115232,416,0.8764865682369865,0.8766027887866458
0.27123053757335414,0.15911644372840397,0.9863337713534822,0.08653846153846154,0.9964028776978417,30024,416,316920,115232,416,0.8764865682369865,0.8766027887866458
0.2699239409387214,0.16114832941151558,0.9865184561039635,0.08774038461538461,0.9964028776978417,30441,416,316503,115232,416,0.8764865682369865,0.8766027887866458
0.26466517862130906,0.163175734629235,0.9866982157702884,0.0889423076923077,0.9964028776978417,30858,416,316086,115232,416,0.8764865682369865,0.8766027887866458
0.26393713848129685,0.16519867418490103,0.9868732447698084,0.09014423076923077,0.9964028776978417,31275,416,315669,115232,416,0.8764865682369865,0.8766027887866458
0.2637947203155959,0.16721716281671117,0.9870437274199576,0.09134615384615384,0.9964028776978417,31692,416,315252,115232,416,0.8764865682369865,0.8766027887866458
0.2623918951123815,0.16923121519807943,0.9872098385857033,0.09254807692307693,0.9964028776978417,32109,416,314835,115232,416,0.8764865682369865,0.8766027887866458
0.2609676919594689,0.17124084593799194,0.9873717442778216,0.09375,0.9964028776978417,32526,416,314418,115232,416,0.8764865682369865,0.8766027887866458
0.25989703199095493,0.17105353114104055,0.9750584567420109,0.09375,0.9928057553956835,32526,832,314418,114816,832,0.8764865682369865,0.8766027887866458
0.25776489860310536,0.17305676890304922,0.9753663952627684,0.09495192307692307,0.9928057553956835,32943,832,314001,114816,832,0.8764865682369865,0.8766027887866458
0.2571084836080994,0.1750556231896226,0.9756668226485727,0.09615384615384616,0.9928057553956835,33360,832,313584,114816,832,0.8764865682369865,0.8766027887866458
0.2566925445091759,0.1770501083728866,0.9759600104019186,0.09735576923076923,0.9928057553956835,33777,832,313167,114816,832,0.8764865682369865,0.8766027887866458
0.25598012654659885,0.17904023876220646,0.9762462170958717,0.0985576923076923,0.9928057553956835,34194,832,312750,114816,832,0.8764865682369865,0.8766027887866458
0.2557036282633761,0.1788454598233199,0.9647875402065346,0.0985576923076923,0.9892086330935251,34194,1248,312750,114400,1248,0.8764865682369865,0.8766027887866458
0.25336783200188595,0.18082930384558116,0.9651970216682004,0.09975961538461539,0.9892086330935251,34611,1248,312333,114400,1248,0.8764865682369865,0.8766027887866458
0.25311688176050273,0.1828088304368248,0.9655970889844525,0.10096153846153846,0.9892086330935251,35028,1248,311916,114400,1248,0.8764865682369865,0.8766027887866458
0.2517963694785328,0.18478405367574036,0.965988063118306,0.10216346153846154,0.9892086330935251,35445,1248,311499,114400,1248,0.8764865682369865,0.8766027887866458
0.25046183430512425,0.18675498757987158,0.9663702506063055,0.10336538461538461,0.9892086330935251,35862,1248,311082,114400,1248,0.8764865682369865,0.8766027887866458
0.2501901829521451,0.18872164610594816,0.9667439443600607,0.1045673076923077,0.9892086330935251,36279,1248,310665,114400,1248,0.8764865682369865,0.8766027887866458
0.24958960624378546,0.19068404315021512,0.9671094244149273,0.10576923076923077,0.9892086330935251,36696,1248,310248,114400,1248,0.8764865682369865,0.8766027887866458
0.24952166035080925,0.19264219254876008,0.9674669586298584,0.10697115384615384,0.9892086330935251,37113,1248,309831,114400,1248,0.8764865682369865,0.8766027887866458
0.24915541060942503,0.19459610807783845,0.9678168033421012,0.10817307692307693,0.9892086330935251,37530,1248,309414,114400,1248,0.8764865682369865,0.8766027887866458
0.24875345963927586,0.19654580345419653,0.9681592039800995,0.109375,0.9892086330935251,37947,1248,308997,114400,1248,0.8764865682369865,0.8766027887866458
0.24623658439402163,0.19849129233539253,0.9684943956376856,0.11057692307692307,0.9892086330935251,38364,1248,308580,114400,1248,0.8764865682369865,0.8766027887866458
0.24320769467665138,0.20043258832011535,0.968822603612381,0.11177884615384616,0.9892086330935251,38781,1248,308163,114400,1248,0.8764865682369865,0.8766027887866458
0.24273619417740455,0.2023697049485015,0.9691440439103991,0.11298076923076923,0.9892086330935251,39198,1248,307746,114400,1248,0.8764865682369865,0.8766027887866458
0.24249720668461705,0.20430265570244993,0.9694589237207254,0.1141826923076923,0.9892086330935251,39615,1248,307329,114400,1248,0.8764865682369865,0.8766027887866458
0.24123247975697343,0.2062314540059347,0.9697674418604652,0.11538461538461539,0.9892086330935251,40032,1248,306912,114400,1248,0.8764865682369865,0.8766027887866458
0.23921313295750202,0.2081561132253159,0.9700697891934672,0.11658653846153846,0.9892086330935251,40449,1248,306495,114400,1248,0.8764865682369865,0.8766027887866458
0.23885888337491995,0.21007664666964823,0.9703661490240775,0.11778846153846154,0.9892086330935251,40866,1248,306078,114400,1248,0.8764865682369865,0.8766027887866458
0.23879026257984393,0.21199306759098788,0.9706566974677294,0.11899038461538461,0.9892086330935251,41283,1248,305661,114400,1248,0.8764865682369865,0.8766027887866458
0.2376758204855332,0.21390538918469731,0.9709416037999441,0.1201923076923077,0.9892086330935251,41700,1248,305244,114400,1248,0.8764865682369865,0.8766027887866458
0.23498129807624663,0.21581362458974812,0.9712210307851954,0.12139423076923077,0.9892086330935251,42117,1248,304827,114400,1248,0.8764865682369865,0.8766027887866458
0.2337835793654619,0.21771778688902196,0.9714951349869809,0.12259615384615384,0.9892086330935251,42534,1248,304410,114400,1248,0.8764865682369865,0.8766027887866458
0.2328949758155887,0.21961788910960953,0.9717640670603407,0.12379807692307693,0.9892086330935251,42951,1248,303993,114400,1248,0.8764865682369865,0.8766027887866458
0.23178867369526884,0.22151394422310758,0.972027972027972,0.125,0.9892086330935251,43368,1248,303576,114400,1248,0.8764865682369865,0.8766027887866458
0.23104423491965664,0.22340596514591418,0.9722869895410032,0.12620192307692307,0.9892086330935251,43785,1248,303159,114400,1248,0.8764865682369865,0.8766027887866458
0.23078910540714143,0.225293964739522,0.9725412541254126,0.12740384615384615,0.9892086330935251,44202,1248,302742,114400,1248,0.8764865682369865,0.8766027887866458
0.23009053829681836,0.22717795581080977,0.9727908954150043,0.12860576923076922,0.9892086330935251,44619,1248,302325,114400,1248,0.8764865682369865,0.8766027887866458
0.2296563573469782,0.22905795111233176,0.9730360383717915,0.12980769230769232,0.9892086330935251,45036,1248,301908,114400,1248,0.8764865682369865,0.8766027887866458
0.2296025451069369,0.23093396334260566,0.9732768034945718,0.1310096153846154,0.9892086330935251,45453,1248,301491,114400,1248,0.8764865682369865,0.8766027887866458
0.2293530261132668,0.2328060051463983,0.9735133070164268,0.13221153846153846,0.9892086330935251,45870,1248,301074,114400,1248,0.8764865682369865,0.8766027887866458
0.22547460796669228,0.23467408911500992,0.973745661091827,0.13341346153846154,0.9892086330935251,46287,1248,300657,114400,1248,0.8764865682369865,0.8766027887866458
0.2233728071061134,0.23653822778655645,0.973973973973974,0.1346153846153846,0.9892086330935251,46704,1248,300240,114400,1248,0.8764865682369865,0.8766027887866458
0.22300780508095575,0.23839843364624994,0.9741983501829684,0.13581730769230768,0.9892086330935251,47121,1248,299823,114400,1248,0.8764865682369865,0.8766027887866458
0.22191623687919843,0.24025471912667729,0.9744188906653548,0.13701923076923078,0.9892086330935251,47538,1248,299406,114400,1248,0.8764865682369865,0.8766027887866458
0.22071506658632145,0.2400024233489673,0.9661802365757489,0.13701923076923078,0.9856115107913669,47538,1664,299406,113984,1664,0.8764865682369865,0.8766027887866458
0.21971433063853363,0.24185312295902542,0.9664644591789435,0.13822115384615385,0.9856115107913669,47955,1664,298989,113984,1664,0.8764865682369865,0.8766027887866458
0.21881688253768916,0.24369993450551666,0.9667439443600607,0.13942307692307693,0.9856115107913669,48372,1664,298572,113984,1664,0.8764865682369865,0.8766027887866458
0.21841322378515227,0.24554287022800877,0.9670188095851585,0.140625,0.9856115107913669,48789,1664,298155,113984,1664,0.8764865682369865,0.8766027887866458
0.21621295315127664,0.2473819423147501,0.9672891684686455,0.14182692307692307,0.9856115107913669,49206,1664,297738,113984,1664,0.8764865682369865,0.8766027887866458
0.21576868493174095,0.24921716290293824,0.9675551309298652,0.14302884615384615,0.9856115107913669,49623,1664,297321,113984,1664,0.8764865682369865,0.8766027887866458
0.21571626481514394,0.25104854407898697,0.9678168033421012,0.14423076923076922,0.9856115107913669,50040,1664,296904,113984,1664,0.8764865682369865,0.8766027887866458
0.21555761153093905,0.2528760978787917,0.9680742886744307,0.14543269230769232,0.9856115107913669,50457,1664,296487,113984,1664,0.8764865682369865,0.8766027887866458
0.21521851808440806,0.254699836287993,0.9683276866268224,0.1466346153846154,0.9856115107913669,50874,1664,296070,113984,1664,0.8764865682369865,0.8766027887866458
0.21514752975416018,0.2565197712422387,0.9685770937588518,0.14783653846153846,0.9856115107913669,51291,1664,295653,113984,1664,0.8764865682369865,0.8766027887866458
0.2144625304992398,0.2583359146274443,0.968822603612381,0.14903846153846154,0.9856115107913669,51708,1664,295236,113984,1664,0.8764865682369865,0.8766027887866458
0.21417106007860204,0.2601482782800518,0.9690643068285337,0.1502403846153846,0.9856115107913669,52125,1664,294819,113984,1664,0.8764865682369865,0.8766027887866458
0.21165942869088744,0.26195687398728656,0.9693022912592701,0.15144230769230768,0.9856115107913669,52542,1664,294402,113984,1664,0.8764865682369865,0.8766027887866458
0.21130818627578596,0.26376171348741306,0.9695366420738517,0.15264423076923078,0.9856115107913669,52959,1664,293985,113984,1664,0.8764865682369865,0.8766027887866458
0.20988835311808302,0.26556280846998886,0.9697674418604652,0.15384615384615385,0.9856115107913669,53376,1664,293568,113984,1664,0.8764865682369865,0.8766027887866458
0.20952452770240082,0.2673601705761169,0.9699947707232631,0.15504807692307693,0.9856115107913669,53793,1664,293151,113984,1664,0.8764865682369865,0.8766027887866458
0.20942592616054978,0.2691538113986962,0.9702187063750581,0.15625,0.9856115107913669,54210,1664,292734,113984,1664,0.8764865682369865,0.8766027887866458
0.2091905262369056,0.2709437424826714,0.9704393242258975,0.15745192307692307,0.9856115107913669,54627,1664,292317,113984,1664,0.8764865682369865,0.8766027887866458
0.20911507377956218,0.2727299753252802,0.9706566974677294,0.15865384615384615,0.9856115107913669,55044,1664,291900,113984,1664,0.8764865682369865,0.8766027887866458
0.20889256713652238,0.2745125213762996,0.970870897155361,0.15985576923076922,0.9856115107913669,55461,1664,291483,113984,1664,0.8764865682369865,0.8766027887866458
0.2076434854927518,0.27629139203829056,0.971081992283897,0.16105769230769232,0.9856115107913669,55878,1664,291066,113984,1664,0.8764865682369865,0.8766027887866458
0.20749998315630214,0.2780665986668412,0.9712900498628341,0.1622596153846154,0.9856115107913669,56295,1664,290649,113984,1664,0.8764865682369865,0.8766027887866458
0.20324647175613553,0.27983815257080824,0.9714951349869809,0.16346153846153846,0.9856115107913669,56712,1664,290232,113984,1664,0.8764865682369865,0.8766027887866458
0.20294693758580296,0.2816060650125574,0.9716973109043594,0.16466346153846154,0.9856115107913669,57129,1664,289815,113984,1664,0.8764865682369865,0.8766027887866458
0.2014830779781691,0.2833703472082018,0.9718966390812362,0.1658653846153846,0.9856115107913669,57546,1664,289398,113984,1664,0.8764865682369865,0.8766027887866458
0.20043454698027552,0.28513101032783944,0.9720931792644272,0.16706730769230768,0.9856115107913669,57963,1664,288981,113984,1664,0.8764865682369865,0.8766027887866458
0.19981724598712214,0.28688806549578855,0.9722869895410032,0.16826923076923078,0.9856115107913669,58380,1664,288564,113984,1664,0.8764865682369865,0.8766027887866458
0.19785600477735188,0.2886415237908224,0.9724781263955277,0.16947115384615385,0.9856115107913669,58797,1664,288147,113984,1664,0.8764865682369865,0.8766027887866458
0.19692996764909793,0.2903913962464016,0.9726666447649397,0.17067307692307693,0.9856115107913669,59214,1664,287730,113984,1664,0.8764865682369865,0.8766027887866458
0.19526912962039789,0.292137693850906,0.9728525980911983,0.171875,0.9856115107913669,59631,1664,287313,113984,1664,0.8764865682369865,0.8766027887866458
0.19489620886721792,0.2938804275478642,0.9730360383717915,0.17307692307692307,0.9856115107913669,60048,1664,286896,113984,1664,0.8764865682369865,0.8766027887866458
0.1947552163439793,0.2956196082361828,0.973217016208212,0.17427884615384615,0.9856115107913669,60465,1664,286479,113984,1664,0.8764865682369865,0.8766027887866458
0.1922453307747654,0.2973552467703729,0.9733955808524926,0.17548076923076922,0.9856115107913669,60882,1664,286062,113984,1664,0.8764865682369865,0.8766027887866458
0.1917162557549178,0.2970534707957434,0.9669642006289508,0.17548076923076922,0.9820143884892086,60882,2080,286062,113568,2080,0.8764865682369865,0.8766027887866458
0.19158143220446883,0.2987841286011264,0.9671815585604064,0.17668269230769232,0.9820143884892086,61299,2080,285645,113568,2080,0.8764865682369865,0.8766027887866458
0.19157796175050523,0.3005112723377319,0.9673960749890276,0.1778846153846154,0.9820143884892086,61716,2080,285228,113568,2080,0.8764865682369865,0.8766027887866458
0.18958894632494427,0.3022349126975827,0.9676078052730755,0.17908653846153846,0.9820143884892086,62133,2080,284811,113568,2080,0.8764865682369865,0.8766027887866458
0.18940624785670723,0.3019294268574469,0.9613795664484983,0.17908653846153846,0.9784172661870504,62133,2496,284811,113152,2496,0.8764865682369865,0.8766027887866458
0.18917121042604568,0.3036481467996796,0.9616271561664053,0.18028846153846154,0.9784172661870504,62550,2496,284394,113152,2496,0.8764865682369865,0.8766027887866458
0.18886024530617507,0.3053633910190661,0.9618715915860868,0.1814903846153846,0.9784172661870504,62967,2496,283977,113152,2496,0.8764865682369865,0.8766027887866458
0.18838257505703082,0.307075170048253,0.9621129326047358,0.18269230769230768,0.9784172661870504,63384,2496,283560,113152,2496,0.8764865682369865,0.8766027887866458
0.18667268121839192,0.308783494377373,0.9623512376125617,0.18389423076923078,0.9784172661870504,63801,2496,283143,113152,2496,0.8764865682369865,0.8766027887866458
0.18632131273087021,0.3104883744542593,0.9625865635398867,0.18509615384615385,0.9784172661870504,64218,2496,282726,113152,2496,0.8764865682369865,0.8766027887866458
0.18448271096572033,0.31218982068465856,0.9628189659024892,0.18629807692307693,0.9784172661870504,64635,2496,282309,113152,2496,0.8764865682369865,0.8766027887866458
0.1844504459049615,0.3138878434324426,0.9630484988452656,0.1875,0.9784172661870504,65052,2496,281892,113152,2496,0.8764865682369865,0.8766027887866458
0.1837005145941477,0.3155824530198188,0.963275215184286,0.18870192307692307,0.9784172661870504,65469,2496,281475,113152,2496,0.8764865682369865,0.8766027887866458
0.18359860900663638,0.31727365972753935,0.9634991664473107,0.18990384615384615,0.9784172661870504,65886,2496,281058,113152,2496,0.8764865682369865,0.8766027887866458
0.18263998473805887,0.318961473795109,0.963720402912833,0.19110576923076922,0.9784172661870504,66303,2496,280641,113152,2496,0.8764865682369865,0.8766027887866458
0.1817928516453099,0.3206459054209919,0.9639389736477115,0.19230769230769232,0.9784172661870504,66720,2496,280224,113152,2496,0.8764865682369865,0.8766027887866458
0.18115500404019147,0.32232696476281697,0.9641549265434493,0.1935096153846154,0.9784172661870504,67137,2496,279807,113152,2496,0.8764865682369865,0.8766027887866458
0.17943205379721283,0.3240046619375818,0.9643683083511777,0.19471153846153846,0.9784172661870504,67554,2496,279390,113152,2496,0.8764865682369865,0.8766027887866458
0.1792386543958303,0.32567900702185615,0.9645791647153987,0.19591346153846154,0.9784172661870504,67971,2496,278973,113152,2496,0.8764865682369865,0.8766027887866458
0.1787655981427031,0.3273500100519831,0.9647875402065346,0.1971153846153846,0.9784172661870504,68388,2496,278556,113152,2496,0.8764865682369865,0.8766027887866458
0.1785640215682196,0.32901768102428003,0.9649934783523373,0.19831730769230768,0.9784172661870504,68805,2496,278139,113152,2496,0.8764865682369865,0.8766027887866458
0.17542014432210806,0.3306820298952377,0.9651970216682004,0.19951923076923078,0.9784172661870504,69222,2496,277722,113152,2496,0.8764865682369865,0.8766027887866458
0.17492779679270698,0.330353776623922,0.95963068733191,0.19951923076923078,0.9748201438848921,69222,2912,277722,112736,2912,0.8764865682369865,0.8766027887866458
0.1747057913753971,0.3320134924134972,0.9598627172609613,0.20072115384615385,0.9748201438848921,69639,2912,277305,112736,2912,0.8764865682369865,0.8766027887866458
0.17466924163129527,0.33168457125438483,0.9543903408390094,0.20072115384615385,0.9712230215827338,69639,3328,277305,112320,3328,0.8764865682369865,0.8766027887866458
0.17449783988104584,0.3313563011655211,0.9489800089939087,0.20072115384615385,0.9676258992805755,69639,3744,277305,111904,3744,0.8764865682369865,0.8766027887866458
0.17261245947024056,0.3330100964006617,0.9492682926829268,0.20192307692307693,0.9676258992805755,70056,3744,276888,111904,3744,0.8764865682369865,0.8766027887866458
0.1725614145124722,0.33466061672377073,0.9495533368365738,0.203125,0.9676258992805755,70473,3744,276471,111904,3744,0.8764865682369865,0.8766027887866458
0.1710214130487221,0.33630787185289557,0.9498351957552857,0.20432692307692307,0.9676258992805755,70890,3744,276054,111904,3744,0.8764865682369865,0.8766027887866458
0.17090998509549427,0.3379518714676714,0.9501139225326778,0.20552884615384615,0.9676258992805755,71307,3744,275637,111904,3744,0.8764865682369865,0.8766027887866458
0.17089047250899275,0.3395926252095111,0.9503895690888854,0.20673076923076922,0.9676258992805755,71724,3744,275220,111904,3744,0.8764865682369865,0.8766027887866458
0.17087396568220725,0.33925851646532396,0.945179484476306,0.20673076923076922,0.9640287769784173,71724,4160,275220,111488,4160,0.8764865682369865,0.8766027887866458
0.17060410901142853,0.3408947536296944,0.945479089395945,0.20793269230769232,0.9640287769784173,72141,4160,274803,111488,4160,0.8764865682369865,0.8766027887866458
0.17058719683888057,0.3405600232261171,0.9403522035533194,0.20793269230769232,0.960431654676259,72141,4576,274803,111072,4576,0.8764865682369865,0.8766027887866458
0.17025647862068316,0.3421917666089729,0.94067467005471,0.2091346153846154,0.960431654676259,72558,4576,274386,111072,4576,0.8764865682369865,0.8766027887866458
0.16974967852811185,0.3438203041260792,0.9409936686825444,0.21033653846153846,0.960431654676259,72975,4576,273969,111072,4576,0.8764865682369865,0.8766027887866458
0.16923602665696574,0.3454456452159506,0.9413092550790068,0.21153846153846154,0.960431654676259,73392,4576,273552,111072,4576,0.8764865682369865,0.8766027887866458
0.16893744298360686,0.3470677992800867,0.941621483702239,0.2127403846153846,0.960431654676259,73809,4576,273135,111072,4576,0.8764865682369865,0.8766027887866458
0.16841051534722873,0.34672867561568543,0.9366505501199224,0.2127403846153846,0.9568345323741008,73809,4992,273135,110656,4992,0.8764865682369865,0.8766027887866458
0.16796160105038915,0.346390214027093,0.9317318252395319,0.2127403846153846,0.9532374100719424,73809,5408,273135,110240,5408,0.8764865682369865,0.8766027887866458
0.16718452811487294,0.34800669514133403,0.9320893085867845,0.21394230769230768,0.9532374100719424,74226,5408,272718,110240,5408,0.8764865682369865,0.8766027887866458
0.16570586375488505,0.3496200189697772,0.9324430675444404,0.21514423076923078,0.9532374100719424,74643,5408,272301,110240,5408,0.8764865682369865,0.8766027887866458
0.16521809388641362,0.34927973309063176,0.9276225036350305,0.21514423076923078,0.9496402877697842,74643,5824,272301,109824,5824,0.8764865682369865,0.8766027887866458
0.16482914063158727,0.3508886748880391,0.9279956480886208,0.21634615384615385,0.9496402877697842,75060,5824,271884,109824,5824,0.8764865682369865,0.8766027887866458
0.1642765744505334,0.35249448329811206,0.9283649647605811,0.21754807692307693,0.9496402877697842,75477,5824,271467,109824,5824,0.8764865682369865,0.8766027887866458
0.16095865926770137,0.3540971674652757,0.9287305122494433,0.21875,0.9496402877697842,75894,5824,271050,109824,5824,0.8764865682369865,0.8766027887866458
0.1605662903108458,0.35569673649840705,0.9290923479637183,0.21995192307692307,0.9496402877697842,76311,5824,270633,109824,5824,0.8764865682369865,0.8766027887866458
0.15889716670475362,0.3572931994710079,0.9294505281519527,0.22115384615384615,0.9496402877697842,76728,5824,270216,109824,5824,0.8764865682369865,0.8766027887866458
0.15799221264493468,0.358886565421376,0.9298051079318782,0.22235576923076922,0.9496402877697842,77145,5824,269799,109824,5824,0.8764865682369865,0.8766027887866458
0.15686799962018827,0.3604768433527758,0.9301561413186866,0.22355769230769232,0.9496402877697842,77562,5824,269382,109824,5824,0.8764865682369865,0.8766027887866458
0.1568642762908149,0.3620640422336081,0.9305036812524611,0.2247596153846154,0.9496402877697842,77979,5824,268965,109824,5824,0.8764865682369865,0.8766027887866458
0.1563320247668223,0.3636481709975786,0.9308477796247923,0.22596153846153846,0.9496402877697842,78396,5824,268548,109824,5824,0.8764865682369865,0.8766027887866458
0.15625030558137715,0.36522923854386546,0.9311884873046067,0.22716346153846154,0.9496402877697842,78813,5824,268131,109824,5824,0.8764865682369865,0.8766027887866458
0.15623309036920774,0.36680725373728584,0.9315258541632375,0.2283653846153846,0.9496402877697842,79230,5824,267714,109824,5824,0.8764865682369865,0.8766027887866458
0.15605340390840905,0.36838222540846177,0.9318599290987586,0.22956730769230768,0.9496402877697842,79647,5824,267297,109824,5824,0.8764865682369865,0.8766027887866458
0.15574575052007433,0.36995416235398493,0.9321907600596125,0.23076923076923078,0.9496402877697842,80064,5824,266880,109824,5824,0.8764865682369865,0.8766027887866458
0.15570104642513682,0.37152307333658013,0.9325183940675511,0.23197115384615385,0.9496402877697842,80481,5824,266463,109824,5824,0.8764865682369865,0.8766027887866458
0.15563042409721572,0.3730889670852684,0.9328428772399161,0.23317307692307693,0.9496402877697842,80898,5824,266046,109824,5824,0.8764865682369865,0.8766027887866458
0.1546102905324011,0.3746518522955287,0.9331642548112785,0.234375,0.9496402877697842,81315,5824,265629,109824,5824,0.8764865682369865,0.8766027887866458
0.15453020721116317,0.37621173762945914,0.9334825711544611,0.23557692307692307,0.9496402877697842,81732,5824,265212,109824,5824,0.8764865682369865,0.8766027887866458
0.15445360876508274,0.3777686317159366,0.9337978698009617,0.23677884615384615,0.9496402877697842,82149,5824,264795,109824,5824,0.8764865682369865,0.8766027887866458
0.15430580914480818,0.3793225431507762,0.9341101934607987,0.23798076923076922,0.9496402877697842,82566,5824,264378,109824,5824,0.8764865682369865,0.8766027887866458
0.15421917200418683,0.3808734804968893,0.9344195840417985,0.23918269230769232,0.9496402877697842,82983,5824,263961,109824,5824,0.8764865682369865,0.8766027887866458
0.15420995953800365,0.38242145228444085,0.9347260826683403,0.2403846153846154,0.9496402877697842,83400,5824,263544,109824,5824,0.8764865682369865,0.8766027887866458
0.15387287962510288,0.3839664670110059,0.9350297296995794,0.24158653846153846,0.9496402877697842,83817,5824,263127,109824,5824,0.8764865682369865,0.8766027887866458
0.15384468288218384,0.38550853314172473,0.9353305647471629,0.24278846153846154,0.9496402877697842,84234,5824,262710,109824,5824,0.8764865682369865,0.8766027887866458
0.15359437580546081,0.387047659109458,0.9356286266924565,0.2439903846153846,0.9496402877697842,84651,5824,262293,109824,5824,0.8764865682369865,0.8766027887866458
0.1534608858308557,0.38858385331493983,0.9359239537032962,0.24519230769230768,0.9496402877697842,85068,5824,261876,109824,5824,0.8764865682369865,0.8766027887866458
0.15324450913699716,0.3901171241269312,0.936216583250282,0.24639423076923078,0.9496402877697842,85485,5824,261459,109824,5824,0.8764865682369865,0.8766027887866458
0.15297332535154773,0.3916474798823717,0.9365065521226261,0.24759615384615385,0.9496402877697842,85902,5824,261042,109824,5824,0.8764865682369865,0.8766027887866458
0.15224928534050453,0.39317492888653044,0.9367938964435714,0.24879807692307693,0.9496402877697842,86319,5824,260625,109824,5824,0.8764865682369865,0.8766027887866458
0.15110794733121535,0.39469947941315664,0.9370786516853933,0.25,0.9496402877697842,86736,5824,260208,109824,5824,0.8764865682369865,0.8766027887866458
0.15082523501395273,0.3962211397046288,0.9373608526839972,0.2512019230769231,0.9496402877697842,87153,5824,259791,109824,5824,0.8764865682369865,0.8766027887866458
0.1507518286023647,0.39773991797210323,0.9376405336531255,0.25240384615384615,0.9496402877697842,87570,5824,259374,109824,5824,0.8764865682369865,0.8766027887866458
0.15023300865699218,0.399255822395662,0.9379177281981858,0.2536057692307692,0.9496402877697842,87987,5824,258957,109824,5824,0.8764865682369865,0.8766027887866458
0.1499370949558595,0.4007688611244594,0.9381924693297109,0.2548076923076923,0.9496402877697842,88404,5824,258540,109824,5824,0.8764865682369865,0.8766027887866458
0.14945187629530082,0.40227904227686834,0.9384647894764647,0.25600961538461536,0.9496402877697842,88821,5824,258123,109824,5824,0.8764865682369865,0.8766027887866458
0.148724069509917,0.4037863739406252,0.9387347204982012,0.25721153846153844,0.9496402877697842,89238,5824,257706,109824,5824,0.8764865682369865,0.8766027887866458
0.1486261675286804,0.4052908641729747,0.9390022936980906,0.25841346153846156,0.9496402877697842,89655,5824,257289,109824,5824,0.8764865682369865,0.8766027887866458
0.14832201221361258,0.4067925210008129,0.939267539834821,0.25961538461538464,0.9496402877697842,90072,5824,256872,109824,5824,0.8764865682369865,0.8766027887866458
0.1471736466617265,0.40829135242083037,0.9395304891343847,0.2608173076923077,0.9496402877697842,90489,5824,256455,109824,5824,0.8764865682369865,0.8766027887866458
0.14701084537890324,0.4097873663996538,0.9397911713015611,0.2620192307692308,0.9496402877697842,90906,5824,256038,109824,5824,0.8764865682369865,0.8766027887866458
0.14689768786163843,0.41128057087398756,0.9400496155311023,0.26322115384615385,0.9496402877697842,91323,5824,255621,109824,5824,0.8764865682369865,0.8766027887866458
0.14658030710242365,0.4108956664349493,0.9360413271424618,0.26322115384615385,0.9460431654676259,91323,6240,255621,109408,6240,0.8764865682369865,0.8766027887866458
0.14648574160310435,0.41238503654556735,0.936313533374158,0.2644230769230769,0.9460431654676259,91740,6240,255204,109408,6240,0.8764865682369865,0.8766027887866458
0.14647315124462706,0.4138716174796392,0.9365834324217202,0.265625,0.9460431654676259,92157,6240,254787,109408,6240,0.8764865682369865,0.8766027887866458
0.1459142149993395,0.4153554170648648,0.9368510534944441,0.2668269230769231,0.9460431654676259,92574,6240,254370,109408,6240,0.8764865682369865,0.8766027887866458
0.14566055270320155,0.4168364430996806,0.9371164253106388,0.26802884615384615,0.9460431654676259,92991,6240,253953,109408,6240,0.8764865682369865,0.8766027887866458
0.14539855973640692,0.4183147033533964,0.9373795761078998,0.2692307692307692,0.9460431654676259,93408,6240,253536,109408,6240,0.8764865682369865,0.8766027887866458
0.14515425886473476,0.41792540625671126,0.9334825711544611,0.2692307692307692,0.9424460431654677,93408,6656,253536,108992,6656,0.8764865682369865,0.8766027887866458
0.144669730212186,0.4193998994244845,0.933758621032832,0.2704326923076923,0.9424460431654677,93825,6656,253119,108992,6656,0.8764865682369865,0.8766027887866458
0.14440872546329708,0.42087164669682614,0.9340323891454736,0.27163461538461536,0.9424460431654677,94242,6656,252702,108992,6656,0.8764865682369865,0.8766027887866458
0.1443815538711571,0.4223406557369735,0.9343039036667818,0.27283653846153844,0.9424460431654677,94659,6656,252285,108992,6656,0.8764865682369865,0.8766027887866458
0.1432014941244667,0.4238069341796753,0.9345731923092045,0.27403846153846156,0.9424460431654677,95076,6656,251868,108992,6656,0.8764865682369865,0.8766027887866458
0.14319035130635194,0.4252704896313236,0.9348402823326709,0.27524038461538464,0.9424460431654677,95493,6656,251451,108992,6656,0.8764865682369865,0.8766027887866458
0.1430668998489234,0.4267313296700852,0.9351052005537898,0.2764423076923077,0.9424460431654677,95910,6656,251034,108992,6656,0.8764865682369865,0.8766027887866458
0.14304679127051634,0.4281894618460328,0.9353679733548256,0.2776442307692308,0.9424460431654677,96327,6656,250617,108992,6656,0.8764865682369865,0.8766027887866458
0.14288368049492906,0.4296448936812748,0.9356286266924565,0.27884615384615385,0.9424460431654677,96744,6656,250200,108992,6656,0.8764865682369865,0.8766027887866458
0.14268758511742574,0.4310976326700846,0.9358871861063217,0.2800480769230769,0.9424460431654677,97161,6656,249783,108992,6656,0.8764865682369865,0.8766027887866458
0.14261240123278662,0.43254768627902956,0.9361436767273634,0.28125,0.9424460431654677,97578,6656,249366,108992,6656,0.8764865682369865,0.8766027887866458
0.14202720258432344,0.43399506194709864,0.9363981232859696,0.2824519230769231,0.9424460431654677,97995,6656,248949,108992,6656,0.8764865682369865,0.8766027887866458
0.141906117625474,0.4354397670858296,0.9366505501199224,0.28365384615384615,0.9424460431654677,98412,6656,248532,108992,6656,0.8764865682369865,0.8766027887866458
0.14103588674941514,0.4368818090794357,0.9369009811821586,0.2848557692307692,0.9424460431654677,98829,6656,248115,108992,6656,0.8764865682369865,0.8766027887866458
0.14008151381152611,0.4383211952849313,0.9371494400483465,0.2860576923076923,0.9424460431654677,99246,6656,247698,108992,6656,0.8764865682369865,0.8766027887866458
0.1397536108324825,0.4397579330322572,0.9373959499242844,0.28725961538461536,0.9424460431654677,99663,6656,247281,108992,6656,0.8764865682369865,0.8766027887866458
0.13973536345329285,0.44119202962440485,0.9376405336531255,0.28846153846153844,0.9424460431654677,100080,6656,246864,108992,6656,0.8764865682369865,0.8766027887866458
0.13972347406426983,0.4426234923375402,0.9378832137224343,0.28966346153846156,0.9424460431654677,100497,6656,246447,108992,6656,0.8764865682369865,0.8766027887866458
0.1391097924011958,0.44405232842112674,0.9381240122710793,0.29086538461538464,0.9424460431654677,100914,6656,246030,108992,6656,0.8764865682369865,0.8766027887866458
0.13892838270408014,0.44547854509804785,0.9383629510959652,0.2920673076923077,0.9424460431654677,101331,6656,245613,108992,6656,0.8764865682369865,0.8766027887866458
0.13860730574978686,0.4469021495647285,0.9386000516586104,0.2932692307692308,0.9424460431654677,101748,6656,245196,108992,6656,0.8764865682369865,0.8766027887866458
0.13857910743957524,0.44832314899125647,0.9388353350915724,0.29447115384615385,0.9424460431654677,102165,6656,244779,108992,6656,0.8764865682369865,0.8766027887866458
0.13846909392436635,0.4497415505215024,0.9390688222047273,0.2956730769230769,0.9424460431654677,102582,6656,244362,108992,6656,0.8764865682369865,0.8766027887866458
0.13642401918807479,0.4493317973359498,0.9355062286829482,0.2956730769230769,0.9388489208633094,102582,7072,244362,108576,7072,0.8764865682369865,0.8766027887866458
0.13632610318087313,0.4489227901114627,0.9319705641864268,0.2956730769230769,0.935251798561151,102582,7488,244362,108160,7488,0.8764865682369865,0.8766027887866458
0.13524913036910163,0.4503367721033336,0.9322273208612778,0.296875,0.935251798561151,102999,7488,243945,108160,7488,0.8764865682369865,0.8766027887866458
0.13467894616861065,0.4517481784347644,0.9324821467214889,0.2980769230769231,0.935251798561151,103416,7488,243528,108160,7488,0.8764865682369865,0.8766027887866458
0.13448141493218735,0.4531570161369513,0.9327350634651144,0.29927884615384615,0.935251798561151,103833,7488,243111,108160,7488,0.8764865682369865,0.8766027887866458
0.13327588018540737,0.4545632922155219,0.9329860924663052,0.3004807692307692,0.935251798561151,104250,7488,242694,108160,7488,0.8764865682369865,0.8766027887866458
0.1331732758754116,0.4559670136506505,0.9332352547813294,0.3016826923076923,0.935251798561151,104667,7488,242277,108160,7488,0.8764865682369865,0.8766027887866458
0.13297961377708234,0.45736818739717444,0.9334825711544611,0.30288461538461536,0.935251798561151,105084,7488,241860,108160,7488,0.8764865682369865,0.8766027887866458
0.13217137399822476,0.45876682038470823,0.9337280620237368,0.30408653846153844,0.935251798561151,105501,7488,241443,108160,7488,0.8764865682369865,0.8766027887866458
0.13206539538599749,0.46016291951775823,0.9339717475265858,0.30528846153846156,0.935251798561151,105918,7488,241026,108160,7488,0.8764865682369865,0.8766027887866458
0.1315060048488994,0.4615564916758362,0.9342136475053372,0.30649038461538464,0.935251798561151,106335,7488,240609,108160,7488,0.8764865682369865,0.8766027887866458
0.1305512687745225,0.462947543713572,0.934453781512605,0.3076923076923077,0.935251798561151,106752,7488,240192,108160,7488,0.8764865682369865,0.8766027887866458
0.13053020748866184,0.4643360824608266,0.9346921688165573,0.3088942307692308,0.935251798561151,107169,7488,239775,108160,7488,0.8764865682369865,0.8766027887866458
0.13010148405393712,0.465722114722803,0.9349288284060692,0.31009615384615385,0.935251798561151,107586,7488,239358,108160,7488,0.8764865682369865,0.8766027887866458
0.1293759083279672,0.4671056472801583,0.9351637789957659,0.3112980769230769,0.935251798561151,108003,7488,238941,108160,7488,0.8764865682369865,0.8766027887866458
0.12743252146420947,0.4684866868891136,0.9353970390309556,0.3125,0.935251798561151,108420,7488,238524,108160,7488,0.8764865682369865,0.8766027887866458
0.12585472763587358,0.4698652402815643,0.9356286266924565,0.3137019230769231,0.935251798561151,108837,7488,238107,108160,7488,0.8764865682369865,0.8766027887866458
0.12545161561375595,0.4712413141651894,0.9358585599013208,0.31490384615384615,0.935251798561151,109254,7488,237690,108160,7488,0.8764865682369865,0.8766027887866458
0.12484458320743896,0.47081891480752075,0.9325355502825244,0.31490384615384615,0.9316546762589928,109254,7904,237690,107744,7904,0.8764865682369865,0.8766027887866458
0.12476834953707039,0.47039727201098774,0.9292360555905217,0.31490384615384615,0.9280575539568345,109254,8320,237690,107328,8320,0.8764865682369865,0.8766027887866458
0.12447178433876316,0.47176917203480057,0.929486147248519,0.3161057692307692,0.9280575539568345,109671,8320,237273,107328,8320,0.8764865682369865,0.8766027887866458
0.12440267316532672,0.47313861335075386,0.9297344774001757,0.3173076923076923,0.9280575539568345,110088,8320,236856,107328,8320,0.8764865682369865,0.8766027887866458
0.12427117992172054,0.47450560256264374,0.9299810645907848,0.31850961538461536,0.9280575539568345,110505,8320,236439,107328,8320,0.8764865682369865,0.8766027887866458
0.12406601662619787,0.47587014625063817,0.930225927106221,0.31971153846153844,0.9280575539568345,110922,8320,236022,107328,8320,0.8764865682369865,0.8766027887866458
0.12357324967513361,0.4772322509713825,0.930469082977461,0.32091346153846156,0.9280575539568345,111339,8320,235605,107328,8320,0.8764865682369865,0.8766027887866458
0.12349697127741355,0.47859192325810457,0.9307105499850095,0.32211538461538464,0.9280575539568345,111756,8320,235188,107328,8320,0.8764865682369865,0.8766027887866458
0.12299476143333998,0.47994916962071893,0.9309503456632335,0.3233173076923077,0.9280575539568345,112173,8320,234771,107328,8320,0.8764865682369865,0.8766027887866458
0.12298460361817809,0.481303996545931,0.9311884873046067,0.3245192307692308,0.9280575539568345,112590,8320,234354,107328,8320,0.8764865682369865,0.8766027887866458
0.12287657154898202,0.4826564104973402,0.9314249919638663,0.32572115384615385,0.9280575539568345,113007,8320,233937,107328,8320,0.8764865682369865,0.8766027887866458
0.12265046319670925,0.48222801144473815,0.9282422808703581,0.32572115384615385,0.9244604316546763,113007,8736,233937,106912,8736,0.8764865682369865,0.8766027887866458
0.12241194448065529,0.4835772024966745,0.9284872298624754,0.3269230769230769,0.9244604316546763,113424,8736,233520,106912,8736,0.8764865682369865,0.8766027887866458
0.12235830703715878,0.4849239970097184,0.9287305122494433,0.328125,0.9244604316546763,113841,8736,233103,106912,8736,0.8764865682369865,0.8766027887866458
0.12232017518302973,0.4862684013635841,0.9289721449826821,0.3293269230769231,0.9244604316546763,114258,8736,232686,106912,8736,0.8764865682369865,0.8766027887866458
0.1205359420394796,0.4876104219153618,0.9292121447845005,0.33052884615384615,0.9244604316546763,114675,8736,232269,106912,8736,0.8764865682369865,0.8766027887866458
0.12050213100104623,0.48895006499961763,0.9294505281519527,0.3317307692307692,0.9244604316546763,115092,8736,231852,106912,8736,0.8764865682369865,0.8766027887866458
0.1203907465836005,0.4902873369284937,0.9296873113606181,0.3329326923076923,0.9244604316546763,115509,8736,231435,106912,8736,0.8764865682369865,0.8766027887866458
0.11911722994154628,0.4916222439918067,0.9299225104683063,0.33413461538461536,0.9244604316546763,115926,8736,231018,106912,8736,0.8764865682369865,0.8766027887866458
0.1189270684953132,0.49295479245714724,0.9301561413186866,0.33533653846153844,0.9244604316546763,116343,8736,230601,106912,8736,0.8764865682369865,0.8766027887866458
0.11849154111764881,0.49428498856997716,0.9303882195448461,0.33653846153846156,0.9244604316546763,116760,8736,230184,106912,8736,0.8764865682369865,0.8766027887866458
0.1184428139604971,0.4956128385537277,0.9306187605727765,0.33774038461538464,0.9244604316546763,117177,8736,229767,106912,8736,0.8764865682369865,0.8766027887866458
0.11826584592279565,0.49517720216450123,0.9275542432853897,0.33774038461538464,0.920863309352518,117177,9152,229767,106496,9152,0.8764865682369865,0.8766027887866458
0.11770526468306808,0.49474233093865383,0.9245098425973411,0.33774038461538464,0.9172661870503597,117177,9568,229767,106080,9568,0.8764865682369865,0.8766027887866458
0.11736227123583509,0.49430822286202425,0.921485361077689,0.33774038461538464,0.9136690647482014,117177,9984,229767,105664,9984,0.8764865682369865,0.8766027887866458
0.11647304369689393,0.4956313932757596,0.9217419931336124,0.3389423076923077,0.9136690647482014,117594,9984,229350,105664,9984,0.8764865682369865,0.8766027887866458
0.11575463069631853,0.49695224018242345,0.9219969530059768,0.3401442307692308,0.9136690647482014,118011,9984,228933,105664,9984,0.8764865682369865,0.8766027887866458
0.1155498604255778,0.4982707696968167,0.9222502569853285,0.34134615384615385,0.9136690647482014,118428,9984,228516,105664,9984,0.8764865682369865,0.8766027887866458
0.11512267610673466,0.4995869879123027,0.9225019211512936,0.3425480769230769,0.9136690647482014,118845,9984,228099,105664,9984,0.8764865682369865,0.8766027887866458
0.1148512153930964,0.5009009009009009,0.9227519613759807,0.34375,0.9136690647482014,119262,9984,227682,105664,9984,0.8764865682369865,0.8766027887866458
0.11468692753520415,0.5022125147133802,0.9230003933273178,0.3449519230769231,0.9136690647482014,119679,9984,227265,105664,9984,0.8764865682369865,0.8766027887866458
0.11453118021964703,0.503521835379352,0.9232472324723248,0.34615384615384615,0.9136690647482014,120096,9984,226848,105664,9984,0.8764865682369865,0.8766027887866458
0.1145016217852231,0.5048288689073623,0.9234924940803236,0.3473557692307692,0.9136690647482014,120513,9984,226431,105664,9984,0.8764865682369865,0.8766027887866458
0.11423325942674789,0.5061336212849843,0.9237361932260874,0.3485576923076923,0.9136690647482014,120930,9984,226014,105664,9984,0.8764865682369865,0.8766027887866458
0.1141593463155055,0.5056933891451344,0.9208101728470266,0.3485576923076923,0.9100719424460432,120930,10400,226014,105248,10400,0.8764865682369865,0.8766027887866458
0.11323484092026381,0.5069951179362052,0.9210608211192665,0.34975961538461536,0.9100719424460432,121347,10400,225597,105248,10400,0.8764865682369865,0.8766027887866458
0.1130365135750806,0.506554903184466,0.918161664005811,0.34975961538461536,0.9064748201438849,121347,10816,225597,104832,10816,0.8764865682369865,0.8766027887866458
0.11302378521977774,0.5078536215079954,0.9184190677326897,0.35096153846153844,0.9064748201438849,121764,10816,225180,104832,10816,0.8764865682369865,0.8766027887866458
0.1126539828965929,0.5091500830310393,0.9186748573276089,0.35216346153846156,0.9064748201438849,122181,10816,224763,104832,10816,0.8764865682369865,0.8766027887866458
0.11238047836966047,0.5104442936310002,0.9189290479260047,0.35336538461538464,0.9064748201438849,122598,10816,224346,104832,10816,0.8764865682369865,0.8766027887866458
0.11142798344740545,0.5117362591648901,0.9191816544746733,0.3545673076923077,0.9064748201438849,123015,10816,223929,104832,10816,0.8764865682369865,0.8766027887866458
0.11105400415784561,0.5130259854694176,0.9194326917347,0.3557692307692308,0.9064748201438849,123432,10816,223512,104832,10816,0.8764865682369865,0.8766027887866458
0.11081937782447521,0.5143134783610771,0.9196821742843352,0.35697115384615385,0.9064748201438849,123849,10816,223095,104832,10816,0.8764865682369865,0.8766027887866458
0.11068630873425056,0.5155987436362354,0.9199301165218163,0.3581730769230769,0.9064748201438849,124266,10816,222678,104832,10816,0.8764865682369865,0.8766027887866458
0.11008108088074242,0.5168817870712188,0.9201765326681378,0.359375,0.9064748201438849,124683,10816,222261,104832,10816,0.8764865682369865,0.8766027887866458
0.11005356134067507,0.5181626144223999,0.9204214367697696,0.3605769230769231,0.9064748201438849,125100,10816,221844,104832,10816,0.8764865682369865,0.8766027887866458
0.1099082224314577,0.5194412314262835,0.9206648427013269,0.36177884615384615,0.9064748201438849,125517,10816,221427,104832,10816,0.8764865682369865,0.8766027887866458
0.1092012275602765,0.5207176437995923,0.9209067641681902,0.3629807692307692,0.9064748201438849,125934,10816,221010,104832,10816,0.8764865682369865,0.8766027887866458
0.10915884588418578,0.5202701865278553,0.9181138182931631,0.3629807692307692,0.9028776978417267,125934,11232,221010,104416,11232,0.8764865682369865,0.8766027887866458
0.1088664311166167,0.521543691063656,0.9183620069339962,0.3641826923076923,0.9028776978417267,126351,11232,220593,104416,11232,0.8764865682369865,0.8766027887866458
0.10870544120458725,0.5228150054439276,0.918608695652174,0.36538461538461536,0.9028776978417267,126768,11232,220176,104416,11232,0.8764865682369865,0.8766027887866458
0.10856560940889215,0.5240841353137149,0.9188538980038579,0.36658653846153844,0.9028776978417267,127185,11232,219759,104416,11232,0.8764865682369865,0.8766027887866458
0.10850341250465922,0.5253510862986797,0.9190976273823415,0.36778846153846156,0.9028776978417267,127602,11232,219342,104416,11232,0.8764865682369865,0.8766027887866458
0.10833573825967957,0.5266158640051831,0.9193398970204881,0.36899038461538464,0.9028776978417267,128019,11232,218925,104416,11232,0.8764865682369865,0.8766027887866458
0.10814533528880571,0.5278784740203694,0.9195807199931265,0.3701923076923077,0.9028776978417267,128436,11232,218508,104416,11232,0.8764865682369865,0.8766027887866458
0.1078908454230793,0.5274275811657646,0.9168498900659604,0.3701923076923077,0.8992805755395683,128436,11648,218508,104000,11648,0.8764865682369865,0.8766027887866458
0.10782378858644687,0.5286873390844096,0.917096675468502,0.3713942307692308,0.8992805755395683,128853,11648,218091,104000,11648,0.8764865682369865,0.8766027887866458
0.10773810590956734,0.5299449434471224,0.9173420003122383,0.37259615384615385,0.8992805755395683,129270,11648,217674,104000,11648,0.8764865682369865,0.8766027887866458
0.10691973339437044,0.5312003997714422,0.9175858775250292,0.3737980769230769,0.8992805755395683,129687,11648,217257,104000,11648,0.8764865682369865,0.8766027887866458
0.10677722577680937,0.5307482171906813,0.9148930166277487,0.3737980769230769,0.89568345323741,129687,12064,217257,103584,12064,0.8764865682369865,0.8766027887866458
0.10642613964127307,0.532000850520944,0.9151426481346013,0.375,0.89568345323741,130104,12064,216840,103584,12064,0.8764865682369865,0.8766027887866458
0.10622967688355472,0.5332513497668167,0.9153908195111687,0.3762019230769231,0.89568345323741,130521,12064,216423,103584,12064,0.8764865682369865,0.8766027887866458
0.10622689258997442,0.5344997203773477,0.9156375435308597,0.37740384615384615,0.89568345323741,130938,12064,216006,103584,12064,0.8764865682369865,0.8766027887866458
0.1057177053232854,0.5357459677830505,0.9158828328185248,0.3786057692307692,0.89568345323741,131355,12064,215589,103584,12064,0.8764865682369865,0.8766027887866458
0.10514732407146149,0.5352918523408703,0.9132339138596308,0.3786057692307692,0.8920863309352518,131355,12480,215589,103168,12480,0.8764865682369865,0.8766027887866458
0.1048146581736008,0.536535313805487,0.9134847350470011,0.3798076923076923,0.8920863309352518,131772,12480,215172,103168,12480,0.8764865682369865,0.8766027887866458
0.10479266723098368,0.5377766657919949,0.9137341102793273,0.38100961538461536,0.8920863309352518,132189,12480,214755,103168,12480,0.8764865682369865,0.8766027887866458
0.10424439191937229,0.539015913663801,0.9139820520243166,0.38221153846153844,0.8920863309352518,132606,12480,214338,103168,12480,0.8764865682369865,0.8766027887866458
0.10384741698491928,0.5402530627661454,0.9142285726067504,0.38341346153846156,0.8920863309352518,133023,12480,213921,103168,12480,0.8764865682369865,0.8766027887866458
0.10337379099188504,0.5414881184261784,0.9144736842105263,0.38461538461538464,0.8920863309352518,133440,12480,213504,103168,12480,0.8764865682369865,0.8766027887866458
0.10293650153453399,0.5410314628608498,0.9118740432976165,0.38461538461538464,0.8884892086330936,133440,12896,213504,102752,12896,0.8764865682369865,0.8766027887866458
0.10245067301112593,0.5405755768732176,0.9092891408634975,0.38461538461538464,0.8848920863309353,133440,13312,213504,102336,13312,0.8764865682369865,0.8766027887866458
0.10195307476844395,0.5418072384252185,0.9095461680109262,0.3858173076923077,0.8848920863309353,133857,13312,213087,102336,13312,0.8764865682369865,0.8766027887866458
0.101885760399828,0.5430368228418903,0.9098017427127234,0.3870192307692308,0.8848920863309353,134274,13312,212670,102336,13312,0.8764865682369865,0.8766027887866458
0.10128682662851629,0.5442643353732823,0.9100558772457316,0.38822115384615385,0.8848920863309353,134691,13312,212253,102336,13312,0.8764865682369865,0.8766027887866458
0.10093190748297676,0.5438072686090806,0.9075051037939886,0.38822115384615385,0.8812949640287769,134691,13728,212253,101920,13728,0.8764865682369865,0.8766027887866458
0.10064900910295038,0.5450320706765097,0.907764250584536,0.3894230769230769,0.8812949640287769,135108,13728,211836,101920,13728,0.8764865682369865,0.8766027887866458
0.1006383612658246,0.5462548141161676,0.9080219493075516,0.390625,0.8812949640287769,135525,13728,211419,101920,13728,0.8764865682369865,0.8766027887866458
0.10024632133849587,0.547475504113859,0.9082782120665464,0.3918269230769231,0.8812949640287769,135942,13728,211002,101920,13728,0.8764865682369865,0.8766027887866458
0.09982314566057054,0.5486941458379859,0.9085330508305183,0.39302884615384615,0.8812949640287769,136359,13728,210585,101920,13728,0.8764865682369865,0.8766027887866458
0.09944052195067443,0.5499107444396198,0.9087864774358156,0.3942307692307692,0.8812949640287769,136776,13728,210168,101920,13728,0.8764865682369865,0.8766027887866458
0.09931348340166513,0.5511253050525745,0.9090385035879699,0.3954326923076923,0.8812949640287769,137193,13728,209751,101920,13728,0.8764865682369865,0.8766027887866458
0.09908887206904204,0.5523378327934784,0.9092891408634975,0.39663461538461536,0.8812949640287769,137610,13728,209334,101920,13728,0.8764865682369865,0.8766027887866458
0.0982439163304829,0.5535483327618463,0.9095384007116735,0.39783653846153844,0.8812949640287769,138027,13728,208917,101920,13728,0.8764865682369865,0.8766027887866458
0.0981891974811207,0.5530869639261493,0.9070519349941841,0.39783653846153844,0.8776978417266187,138027,14144,208917,101504,14144,0.8764865682369865,0.8766027887866458
0.09809212413125168,0.5542948199514746,0.9073059480430964,0.39903846153846156,0.8776978417266187,138444,14144,208500,101504,14144,0.8764865682369865,0.8766027887866458
0.0980652953739991,0.5555006610674289,0.9075585765171073,0.40024038461538464,0.8776978417266187,138861,14144,208083,101504,14144,0.8764865682369865,0.8766027887866458
0.09767170962925686,0.5567044923116279,0.9078098317060135,0.4014423076923077,0.8776978417266187,139278,14144,207666,101504,14144,0.8764865682369865,0.8766027887866458
0.09605004226778968,0.5579063187049081,0.9080597247772021,0.4026442307692308,0.8776978417266187,139695,14144,207249,101504,14144,0.8764865682369865,0.8766027887866458
0.09585560952132244,0.5591061452513967,0.9083082667773053,0.40384615384615385,0.8776978417266187,140112,14144,206832,101504,14144,0.8764865682369865,0.8766027887866458
0.09558354414092252,0.5603039769385806,0.9085554686338275,0.4050480769230769,0.8776978417266187,140529,14144,206415,101504,14144,0.8764865682369865,0.8766027887866458
0.09473974139208702,0.5614998187373763,0.9088013411567477,0.40625,0.8776978417266187,140946,14144,205998,101504,14144,0.8764865682369865,0.8766027887866458
0.09438479393875066,0.5626936756021981,0.9090458950400947,0.4074519230769231,0.8776978417266187,141363,14144,205581,101504,14144,0.8764865682369865,0.8766027887866458
0.09430921801096859,0.5622281835952647,0.9066205755404911,0.4074519230769231,0.8741007194244604,141363,14560,205581,101088,14560,0.8764865682369865,0.8766027887866458
0.09350009752891686,0.5634194609802815,0.9068696430855827,0.40865384615384615,0.8741007194244604,141780,14560,205164,101088,14560,0.8764865682369865,0.8766027887866458
0.09346746006164364,0.5646087659146994,0.9071173855075052,0.4098557692307692,0.8741007194244604,142197,14560,204747,101088,14560,0.8764865682369865,0.8766027887866458
0.09333201063494012,0.5657961032932766,0.9073638133533536,0.4110576923076923,0.8741007194244604,142614,14560,204330,101088,14560,0.8764865682369865,0.8766027887866458
0.09286521286314908,0.5669814779945891,0.9076089370585884,0.41225961538461536,0.8741007194244604,143031,14560,203913,101088,14560,0.8764865682369865,0.8766027887866458
0.09144955585270748,0.566514374662096,0.9052193890144108,0.41225961538461536,0.8705035971223022,143031,14976,203913,100672,14976,0.8764865682369865,0.8766027887866458
0.09137875743251056,0.5676972028304127,0.9054688683532798,0.41346153846153844,0.8705035971223022,143448,14976,203496,100672,14976,0.8764865682369865,0.8766027887866458
0.0913304371212944,0.5688780806073727,0.9057170377925094,0.41466346153846156,0.8705035971223022,143865,14976,203079,100672,14976,0.8764865682369865,0.8766027887866458
0.09105470590198417,0.5700570128130668,0.9059639076215952,0.41586538461538464,0.8705035971223022,144282,14976,202662,100672,14976,0.8764865682369865,0.8766027887866458
0.09084695301397794,0.5712340042517158,0.9062094880225458,0.4170673076923077,0.8705035971223022,144699,14976,202245,100672,14976,0.8764865682369865,0.8766027887866458
0.09084446896597853,0.5724090597117364,0.906453789071284,0.4182692307692308,0.8705035971223022,145116,14976,201828,100672,14976,0.8764865682369865,0.8766027887866458
0.09075019317642896,0.5735821839658057,0.906696820739024,0.41947115384615385,0.8705035971223022,145533,14976,201411,100672,14976,0.8764865682369865,0.8766027887866458
0.09071409755196636,0.5747533817709256,0.9069385928936281,0.4206730769230769,0.8705035971223022,145950,14976,200994,100672,14976,0.8764865682369865,0.8766027887866458
0.09060733659678899,0.5759226578684877,0.9071791153009428,0.421875,0.8705035971223022,146367,14976,200577,100672,14976,0.8764865682369865,0.8766027887866458
0.09054311437106899,0.5754516879200634,0.9048460982078277,0.421875,0.8669064748201439,146367,15392,200577,100256,15392,0.8764865682369865,0.8766027887866458
0.09047003592421021,0.5749814876286291,0.9025250501002005,0.421875,0.8633093525179856,146367,15808,200577,99840,15808,0.8764865682369865,0.8766027887866458
0.0898756781489286,0.57451205510907,0.9002158791076997,0.421875,0.8597122302158273,146367,16224,200577,99424,16224,0.8764865682369865,0.8766027887866458
0.0896424648736247,0.5756777108433735,0.9004711425206124,0.4230769230769231,0.8597122302158273,146784,16224,200160,99424,16224,0.8764865682369865,0.8766027887866458
0.08908356027907838,0.5768414617658988,0.9007251032583754,0.42427884615384615,0.8597122302158273,147201,16224,199743,99424,16224,0.8764865682369865,0.8766027887866458
0.08895821344891608,0.5780033125418472,0.9009777712674406,0.4254807692307692,0.8597122302158273,147618,16224,199326,99424,16224,0.8764865682369865,0.8766027887866458
0.0888173081939726,0.5791632678211982,0.901229156393257,0.4266826923076923,0.8597122302158273,148035,16224,198909,99424,16224,0.8764865682369865,0.8766027887866458
0.08849255606957007,0.5803213322387709,0.9014792683815492,0.42788461538461536,0.8597122302158273,148452,16224,198492,99424,16224,0.8764865682369865,0.8766027887866458
0.0884669520111867,0.5814775104142864,0.901728116879577,0.42908653846153844,0.8597122302158273,148869,16224,198075,99424,16224,0.8764865682369865,0.8766027887866458
0.08817715169875917,0.5826318069524289,0.9019757114373754,0.43028846153846156,0.8597122302158273,149286,16224,197658,99424,16224,0.8764865682369865,0.8766027887866458
0.08711064099929966,0.5837842264429067,0.9022220615089769,0.43149038461538464,0.8597122302158273,149703,16224,197241,99424,16224,0.8764865682369865,0.8766027887866458
0.0867364110864205,0.5833110910660118,0.8999657334543684,0.43149038461538464,0.8561151079136691,149703,16640,197241,99008,16640,0.8764865682369865,0.8766027887866458
0.08642874239588838,0.5844610904334013,0.9002158791076997,0.4326923076923077,0.8561151079136691,150120,16640,196824,99008,16640,0.8764865682369865,0.8766027887866458
0.0861450648129568,0.5839881739671672,0.8979757859979901,0.4326923076923077,0.8525179856115108,150120,17056,196824,98592,17056,0.8764865682369865,0.8766027887866458
0.08569328068907467,0.5835160222025281,0.895746813690391,0.4326923076923077,0.8489208633093526,150120,17472,196824,98176,17472,0.8764865682369865,0.8766027887866458
0.08568190459961555,0.584663066338093,0.896005571130118,0.4338942307692308,0.8489208633093526,150537,17472,196407,98176,17472,0.8764865682369865,0.8766027887866458
0.0855973026433583,0.5858082542639269,0.8962630472729863,0.43509615384615385,0.8489208633093526,150954,17472,195990,98176,17472,0.8764865682369865,0.8766027887866458
0.08501066387755163,0.5869515904821176,0.8965192516124447,0.4362980769230769,0.8489208633093526,151371,17472,195573,98176,17472,0.8764865682369865,0.8766027887866458
0.08493344790030166,0.5880930794802055,0.896774193548387,0.4375,0.8489208633093526,151788,17472,195156,98176,17472,0.8764865682369865,0.8766027887866458
0.08487569952563656,0.5892327257312421,0.8970278823883024,0.4387019230769231,0.8489208633093526,152205,17472,194739,98176,17472,0.8764865682369865,0.8766027887866458
0.08473313703133983,0.5887586381632263,0.8948340025750618,0.4387019230769231,0.8453237410071942,152205,17888,194739,97760,17888,0.8764865682369865,0.8766027887866458
0.08436192866831133,0.5898959134531765,0.8950911969972436,0.43990384615384615,0.8453237410071942,152622,17888,194322,97760,17888,0.8764865682369865,0.8766027887866458
0.08435554525001038,0.5894220557282716,0.8929127224646923,0.43990384615384615,0.841726618705036,152622,18304,194322,97344,18304,0.8764865682369865,0.8766027887866458
0.08427912854783293,0.5905569694011233,0.8931733423600614,0.4411057692307692,0.841726618705036,153039,18304,193905,97344,18304,0.8764865682369865,0.8766027887866458
0.08400982720819483,0.5900833424907895,0.8910100780745114,0.4411057692307692,0.8381294964028777,153039,18720,193905,96928,18720,0.8764865682369865,0.8766027887866458
0.0839413823382521,0.5912159038372631,0.891274045163089,0.4423076923076923,0.8381294964028777,153456,18720,193488,96928,18720,0.8764865682369865,0.8766027887866458
0.08386628846271571,0.5923466471107929,0.8915367367158575,0.44350961538461536,0.8381294964028777,153873,18720,193071,96928,18720,0.8764865682369865,0.8766027887866458
0.08300546955782884,0.5934755766856299,0.8917981619559563,0.44471153846153844,0.8381294964028777,154290,18720,192654,96928,18720,0.8764865682369865,0.8766027887866458
0.08290144263193078,0.5946026969220037,0.8920583300178173,0.44591346153846156,0.8381294964028777,154707,18720,192237,96928,18720,0.8764865682369865,0.8766027887866458
0.0828473797271756,0.595728012166179,0.8923172499482295,0.44711538461538464,0.8381294964028777,155124,18720,191820,96928,18720,0.8764865682369865,0.8766027887866458
0.08267142684968642,0.5968515267505108,0.8925749307073872,0.4483173076923077,0.8381294964028777,155541,18720,191403,96928,18720,0.8764865682369865,0.8766027887866458
0.08263886525423558,0.597973244993501,0.8928313811699241,0.4495192307692308,0.8381294964028777,155958,18720,190986,96928,18720,0.8764865682369865,0.8766027887866458
0.08223959860026175,0.5974967339542332,0.8907101328429301,0.4495192307692308,0.8345323741007195,155958,19136,190986,96512,19136,0.8764865682369865,0.8766027887866458
0.08209647106831319,0.5986161487592233,0.8909697967648751,0.45072115384615385,0.8345323741007195,156375,19136,190569,96512,19136,0.8764865682369865,0.8766027887866458
0.08193384729260722,0.5997337780565798,0.8912282297303442,0.4519230769230769,0.8345323741007195,156792,19136,190152,96512,19136,0.8764865682369865,0.8766027887866458
0.08129444155715826,0.6008496261148237,0.8914854404718024,0.453125,0.8345323741007195,157209,19136,189735,96512,19136,0.8764865682369865,0.8766027887866458
0.08128358300491911,0.6019636971888808,0.8917414376393116,0.4543269230769231,0.8345323741007195,157626,19136,189318,96512,19136,0.8764865682369865,0.8766027887866458
0.08127265013662377,0.601485913585005,0.8896476989242457,0.4543269230769231,0.8309352517985612,157626,19552,189318,96096,19552,0.8764865682369865,0.8766027887866458
0.08074276186953455,0.6010088878212827,0.8875637690462516,0.4543269230769231,0.8273381294964028,157626,19968,189318,95680,19968,0.8764865682369865,0.8766027887866458
0.0806546937818301,0.6005326180960617,0.8854895792371215,0.4543269230769231,0.8237410071942446,157626,20384,189318,95264,20384,0.8764865682369865,0.8766027887866458
0.08054446189192177,0.6016434100854444,0.8857572004237027,0.45552884615384615,0.8237410071942446,158043,20384,188901,95264,20384,0.8764865682369865,0.8766027887866458
0.08041313372170378,0.6027524401469794,0.8860235736172306,0.4567307692307692,0.8237410071942446,158460,20384,188484,95264,20384,0.8764865682369865,0.8766027887866458
0.08040168520081536,0.6038597124694748,0.8862887075270137,0.4579326923076923,0.8237410071942446,158877,20384,188067,95264,20384,0.8764865682369865,0.8766027887866458
0.07998297350660721,0.6049652312284712,0.8865526107815092,0.45913461538461536,0.8237410071942446,159294,20384,187650,95264,20384,0.8764865682369865,0.8766027887866458
0.07995338049766532,0.6060690005862944,0.8868152919292596,0.46033653846153844,0.8237410071942446,159711,20384,187233,95264,20384,0.8764865682369865,0.8766027887866458
0.07956831059744046,0.607171024692107,0.8870767594398157,0.46153846153846156,0.8237410071942446,160128,20384,186816,95264,20384,0.8764865682369865,0.8766027887866458
0.07948397481323555,0.6082713076819614,0.8873370217046466,0.46274038461538464,0.8237410071942446,160545,20384,186399,95264,20384,0.8764865682369865,0.8766027887866458
0.07922429552773524,0.6093698536788507,0.8875960870380378,0.4639423076923077,0.8237410071942446,160962,20384,185982,95264,20384,0.8764865682369865,0.8766027887866458
0.07909149674436067,0.6104666667927604,0.8878539636779763,0.4651442307692308,0.8237410071942446,161379,20384,185565,95264,20384,0.8764865682369865,0.8766027887866458
0.07853408983892896,0.6115617511207203,0.8881106597870239,0.46634615384615385,0.8237410071942446,161796,20384,185148,95264,20384,0.8764865682369865,0.8766027887866458
0.07841173318641559,0.6126551107468543,0.8883661834531783,0.4675480769230769,0.8237410071942446,162213,20384,184731,95264,20384,0.8764865682369865,0.8766027887866458
0.07812305715400514,0.6137467497424324,0.8886205426907231,0.46875,0.8237410071942446,162630,20384,184314,95264,20384,0.8764865682369865,0.8766027887866458
0.07799859595072267,0.6148366721659203,0.888873745441065,0.4699519230769231,0.8237410071942446,163047,20384,183897,95264,20384,0.8764865682369865,0.8766027887866458
0.0778311093050651,0.6159248820630303,0.8891257995735607,0.47115384615384615,0.8237410071942446,163464,20384,183480,95264,20384,0.8764865682369865,0.8766027887866458
0.07754601468356048,0.6170113834667711,0.8893767128863321,0.4723557692307692,0.8237410071942446,163881,20384,183063,95264,20384,0.8764865682369865,0.8766027887866458
0.07736960460382275,0.6165285680695979,0.8873733627173342,0.4723557692307692,0.8201438848920863,163881,20800,183063,94848,20800,0.8764865682369865,0.8766027887866458
0.07720192691450989,0.6176128952225576,0.8876270948362489,0.4735576923076923,0.8201438848920863,164298,20800,182646,94848,20800,0.8764865682369865,0.8766027887866458
0.0769981339440261,0.6186955239746159,0.8878796862787376,0.47475961538461536,0.8201438848920863,164715,20800,182229,94848,20800,0.8764865682369865,0.8766027887866458
0.0767003410657856,0.6197764583130034,0.8881311447195749,0.47596153846153844,0.8201438848920863,165132,20800,181812,94848,20800,0.8764865682369865,0.8766027887866458
0.07650747667215552,0.6192929952071285,0.8861484963616459,0.47596153846153844,0.8165467625899281,165132,21216,181812,94432,21216,0.8764865682369865,0.8766027887866458
0.07624536574083568,0.6203717756305402,0.8864026985784275,0.47716346153846156,0.8165467625899281,165549,21216,181395,94432,21216,0.8764865682369865,0.8766027887866458
0.07615593051761954,0.6214488716145629,0.8866557681828381,0.47836538461538464,0.8165467625899281,165966,21216,180978,94432,21216,0.8764865682369865,0.8766027887866458
0.07562626086452973,0.6209652375304466,0.8846896022345654,0.47836538461538464,0.8129496402877698,165966,21632,180978,94016,21632,0.8764865682369865,0.8766027887866458
0.07538448398324338,0.6204823556241799,0.8827321369685236,0.47836538461538464,0.8093525179856115,165966,22048,180978,93600,22048,0.8764865682369865,0.8766027887866458
0.07538178664108952,0.6215568526733598,0.88299165211669,0.4795673076923077,0.8093525179856115,166383,22048,180561,93600,22048,0.8764865682369865,0.8766027887866458
0.07521255530677673,0.6226296771881625,0.8832500211810557,0.4807692307692308,0.8093525179856115,166800,22048,180144,93600,22048,0.8764865682369865,0.8766027887866458
0.07510562724070019,0.6221466296660997,0.8813086482373828,0.4807692307692308,0.8057553956834532,166800,22464,180144,93184,22464,0.8764865682369865,0.8766027887866458
0.07492743986279282,0.6216643310772534,0.8793757908055673,0.4807692307692308,0.802158273381295,166800,22880,180144,92768,22880,0.8764865682369865,0.8766027887866458
0.07464129981311807,0.6227345770620865,0.8796403941145836,0.48197115384615385,0.802158273381295,167217,22880,179727,92768,22880,0.8764865682369865,0.8766027887866458
0.07430990719987618,0.6238031622936118,0.879903839087941,0.4831730769230769,0.802158273381295,167634,22880,179310,92768,22880,0.8764865682369865,0.8766027887866458
0.07425184751441449,0.6248700906344411,0.8801661333151767,0.484375,0.802158273381295,168051,22880,178893,92768,22880,0.8764865682369865,0.8766027887866458
0.07403922553490683,0.6259353659352174,0.8804272843196689,0.4855769230769231,0.802158273381295,168468,22880,178476,92768,22880,0.8764865682369865,0.8766027887866458
0.07393721875934378,0.6269989920346607,0.8806872995593565,0.48677884615384615,0.802158273381295,168885,22880,178059,92768,22880,0.8764865682369865,0.8766027887866458
0.07307812756473447,0.6280609727596146,0.8809461864274489,0.4879807692307692,0.802158273381295,169302,22880,177642,92768,22880,0.8764865682369865,0.8766027887866458
0.0726430907399967,0.6291213119250921,0.881203952253127,0.4891826923076923,0.802158273381295,169719,22880,177225,92768,22880,0.8764865682369865,0.8766027887866458
0.07262673843088013,0.6286366187062351,0.8793047172499546,0.4891826923076923,0.7985611510791367,169719,23296,177225,92352,23296,0.8764865682369865,0.8766027887866458
0.072523898097,0.6296948791212045,0.8795649117002358,0.49038461538461536,0.7985611510791367,170136,23296,176808,92352,23296,0.8764865682369865,0.8766027887866458
0.07207296630851301,0.6307515075084182,0.8798239867113062,0.49158653846153844,0.7985611510791367,170553,23296,176391,92352,23296,0.8764865682369865,0.8766027887866458
0.07203077549245251,0.6318065076402875,0.8800819494919337,0.49278846153846156,0.7985611510791367,170970,23296,175974,92352,23296,0.8764865682369865,0.8766027887866458
0.07172686620242302,0.6328598832776062,0.8803388071891228,0.49399038461538464,0.7985611510791367,171387,23296,175557,92352,23296,0.8764865682369865,0.8766027887866458
0.07153418012923118,0.6339116381695951,0.880594566888775,0.4951923076923077,0.7985611510791367,171804,23296,175140,92352,23296,0.8764865682369865,0.8766027887866458
0.07101725739861475,0.6334255060280942,0.8787209230958081,0.4951923076923077,0.7949640287769785,171804,23712,175140,91936,23712,0.8764865682369865,0.8766027887866458
0.07076351535109948,0.6344752126172227,0.8789790387530432,0.4963942307692308,0.7949640287769785,172221,23712,174723,91936,23712,0.8764865682369865,0.8766027887866458
0.07041405568451176,0.6339893943047306,0.8771167665738048,0.4963942307692308,0.7913669064748201,172221,24128,174723,91520,24128,0.8764865682369865,0.8766027887866458
0.07030944573492459,0.6350370601975318,0.8773771891485318,0.49759615384615385,0.7913669064748201,172638,24128,174306,91520,24128,0.8764865682369865,0.8766027887866458
0.0702911600714855,0.6360831203009591,0.8776365102468265,0.4987980769230769,0.7913669064748201,173055,24128,173889,91520,24128,0.8764865682369865,0.8766027887866458
0.06978666550806573,0.6371275783040489,0.8778947368421053,0.5,0.7913669064748201,173472,24128,173472,91520,24128,0.8764865682369865,0.8766027887866458
0.06964529719138735,0.6366412213740458,0.8760504201680672,0.5,0.7877697841726619,173472,24544,173472,91104,24544,0.8764865682369865,0.8766027887866458
0.06937678331924363,0.6361556064073226,0.8742138364779874,0.5,0.7841726618705036,173472,24960,173472,90688,24960,0.8764865682369865,0.8766027887866458
0.06936458256835143,0.635670731707317,0.8723849372384938,0.5,0.7805755395683454,173472,25376,173472,90272,25376,0.8764865682369865,0.8766027887866458
0.06879714595638464,0.6351865955826352,0.8705636743215032,0.5,0.7769784172661871,173472,25792,173472,89856,25792,0.8764865682369865,0.8766027887866458
0.06828978108451789,0.6362277612622913,0.8708339801984165,0.5012019230769231,0.7769784172661871,173889,25792,173055,89856,25792,0.8764865682369865,0.8766027887866458
0.06823812763424508,0.6372673396192614,0.8711031594518686,0.5024038461538461,0.7769784172661871,174306,25792,172638,89856,25792,0.8764865682369865,0.8766027887866458
0.06731704478322953,0.6383053342807407,0.8713712191107897,0.5036057692307693,0.7769784172661871,174723,25792,172221,89856,25792,0.8764865682369865,0.8766027887866458
0.06731001164683181,0.6393417488628814,0.8716381661457607,0.5048076923076923,0.7769784172661871,175140,25792,171804,89856,25792,0.8764865682369865,0.8766027887866458
0.06679611818853937,0.6403765869708349,0.8719040074696174,0.5060096153846154,0.7769784172661871,175557,25792,171387,89856,25792,0.8764865682369865,0.8766027887866458
0.06590595770794239,0.6398910898126329,0.8701063117983793,0.5060096153846154,0.7733812949640287,175557,26208,171387,89440,26208,0.8764865682369865,0.8766027887866458
0.0658080521532019,0.6409239409534424,0.8703742172893729,0.5072115384615384,0.7733812949640287,175974,26208,170970,89440,26208,0.8764865682369865,0.8766027887866458
0.06573012901236219,0.6419552246139064,0.8706410199458042,0.5084134615384616,0.7733812949640287,176391,26208,170553,89440,26208,0.8764865682369865,0.8766027887866458
0.06566185847722061,0.6429849443595897,0.8709067265634236,0.5096153846153846,0.7733812949640287,176808,26208,170136,89440,26208,0.8764865682369865,0.8766027887866458
0.0656022322503434,0.6424989461749786,0.8691258012505407,0.5096153846153846,0.7697841726618705,176808,26624,170136,89024,26624,0.8764865682369865,0.8766027887866458
0.06540856347964463,0.6435266969623797,0.8693935216753578,0.5108173076923077,0.7697841726618705,177225,26624,169719,89024,26624,0.8764865682369865,0.8766027887866458
0.06536920610725838,0.6445528927269099,0.8696601490213741,0.5120192307692307,0.7697841726618705,177642,26624,169302,89024,26624,0.8764865682369865,0.8766027887866458
0.06485736521715568,0.6455775369951072,0.8699256899693673,0.5132211538461539,0.7697841726618705,178059,26624,168885,89024,26624,0.8764865682369865,0.8766027887866458
0.06453910056318057,0.6466006332828542,0.8701901511457826,0.5144230769230769,0.7697841726618705,178476,26624,168468,89024,26624,0.8764865682369865,0.8766027887866458
0.06438492366575915,0.6461137457915506,0.8684287354755834,0.5144230769230769,0.7661870503597122,178476,27040,168468,88608,27040,0.8764865682369865,0.8766027887866458
0.06437851700951847,0.6471348961884832,0.8686951581339561,0.515625,0.7661870503597122,178893,27040,168051,88608,27040,0.8764865682369865,0.8766027887866458
0.06386876527238022,0.648154507368596,0.8689605039980616,0.5168269230769231,0.7661870503597122,179310,27040,167634,88608,27040,0.8764865682369865,0.8766027887866458
0.06372543392490426,0.6491725828094439,0.8692247795828154,0.5180288461538461,0.7661870503597122,179727,27040,167217,88608,27040,0.8764865682369865,0.8766027887866458
0.06336735942537186,0.6501891259781134,0.8694879913506834,0.5192307692307693,0.7661870503597122,180144,27040,166800,88608,27040,0.8764865682369865,0.8766027887866458
0.06292361368930577,0.6512041403312626,0.8697501457122075,0.5204326923076923,0.7661870503597122,180561,27040,166383,88608,27040,0.8764865682369865,0.8766027887866458
0.06272704359703163,0.6522176293151604,0.8700112490265266,0.5216346153846154,0.7661870503597122,180978,27040,165966,88608,27040,0.8764865682369865,0.8766027887866458
0.06165774200889573,0.653229596365725,0.8702713076018903,0.5228365384615384,0.7661870503597122,181395,27040,165549,88608,27040,0.8764865682369865,0.8766027887866458
0.06156170803039451,0.6542400449085636,0.8705303276961677,0.5240384615384616,0.7661870503597122,181812,27040,165132,88608,27040,0.8764865682369865,0.8766027887866458
0.06134823792379285,0.65524897835901,0.8707883155173485,0.5252403846153846,0.7661870503597122,182229,27040,164715,88608,27040,0.8764865682369865,0.8766027887866458
0.06114536086828881,0.6562564001221637,0.8710452772240398,0.5264423076923077,0.7661870503597122,182646,27040,164298,88608,27040,0.8764865682369865,0.8766027887866458
0.061071833031115186,0.655766310143148,0.8693206157009452,0.5264423076923077,0.762589928057554,182646,27456,164298,88192,27456,0.8764865682369865,0.8766027887866458
0.06085446225266278,0.6552769516128454,0.8676027703094272,0.5264423076923077,0.7589928057553957,182646,27872,164298,87776,27872,0.8764865682369865,0.8766027887866458
0.06075140997801087,0.6562820970138686,0.8678645080237988,0.5276442307692307,0.7589928057553957,183063,27872,163881,87776,27872,0.8764865682369865,0.8766027887866458
0.06074988185485497,0.6557930843013102,0.8661562992368146,0.5276442307692307,0.7553956834532374,183063,28288,163881,87360,28288,0.8764865682369865,0.8766027887866458
0.060580588225517484,0.6567963458812411,0.8664198556911337,0.5288461538461539,0.7553956834532374,183480,28288,163464,87360,28288,0.8764865682369865,0.8766027887866458
0.06046282861843072,0.6563076791003133,0.8647211853862685,0.5288461538461539,0.7517985611510791,183480,28704,163464,86944,28704,0.8764865682369865,0.8766027887866458
0.06023267895705564,0.6558197389302718,0.8630291627469426,0.5288461538461539,0.7482014388489209,183480,29120,163464,86528,29120,0.8764865682369865,0.8766027887866458
0.060163762758005446,0.6568207428731644,0.8632972955210148,0.5300480769230769,0.7482014388489209,183897,29120,163047,86528,29120,0.8764865682369865,0.8766027887866458
0.060068200352793644,0.6578202570407832,0.8635643805579243,0.53125,0.7482014388489209,184314,29120,162630,86528,29120,0.8764865682369865,0.8766027887866458
0.05989274970324565,0.6588182847564618,0.8638304239867945,0.5324519230769231,0.7482014388489209,184731,29120,162213,86528,29120,0.8764865682369865,0.8766027887866458
0.059744849255795984,0.6598148293336564,0.8640954318890361,0.5336538461538461,0.7482014388489209,185148,29120,161796,86528,29120,0.8764865682369865,0.8766027887866458
0.059722028552749995,0.6608098940759826,0.8643594102988099,0.5348557692307693,0.7482014388489209,185565,29120,161379,86528,29120,0.8764865682369865,0.8766027887866458
0.05938134866688394,0.6618034822772513,0.8646223652034849,0.5360576923076923,0.7482014388489209,185982,29120,160962,86528,29120,0.8764865682369865,0.8766027887866458
0.05934349849846754,0.6627955972215062,0.8648843025440912,0.5372596153846154,0.7482014388489209,186399,29120,160545,86528,29120,0.8764865682369865,0.8766027887866458
0.05920840497096164,0.6623057531014659,0.8632180980387617,0.5372596153846154,0.7446043165467626,186399,29536,160545,86112,29536,0.8764865682369865,0.8766027887866458
0.059167207561452995,0.6632960290859513,0.86348173347138,0.5384615384615384,0.7446043165467626,186816,29536,160128,86112,29536,0.8764865682369865,0.8766027887866458
0.05895652387729611,0.6642848399806285,0.8637443545894478,0.5396634615384616,0.7446043165467626,187233,29536,159711,86112,29536,0.8764865682369865,0.8766027887866458
0.05857545283560228,0.6637949830623847,0.8620899233372471,0.5396634615384616,0.7410071942446043,187233,29952,159711,85696,29952,0.8764865682369865,0.8766027887866458
0.05844204255713292,0.6647819663942354,0.8623542063032509,0.5408653846153846,0.7410071942446043,187650,29952,159294,85696,29952,0.8764865682369865,0.8766027887866458
0.05828283473113549,0.6642924656879577,0.8607087488189049,0.5408653846153846,0.737410071942446,187650,30368,159294,85280,30368,0.8764865682369865,0.8766027887866458
0.05796132887295702,0.6638036853220324,0.8590695587683236,0.5408653846153846,0.7338129496402878,187650,30784,159294,84864,30784,0.8764865682369865,0.8766027887866458
0.057922728857293604,0.6647884834613244,0.8593380884711516,0.5420673076923077,0.7338129496402878,188067,30784,158877,84864,30784,0.8764865682369865,0.8766027887866458
0.05790177632174831,0.6657718310456154,0.8596055968039112,0.5432692307692307,0.7338129496402878,188484,30784,158460,84864,30784,0.8764865682369865,0.8766027887866458
0.05780929136449642,0.666753731277432,0.8598720895828118,0.5444711538461539,0.7338129496402878,188901,30784,158043,84864,30784,0.8764865682369865,0.8766027887866458
0.05778522504403416,0.6677341873498799,0.8601375725799857,0.5456730769230769,0.7338129496402878,189318,30784,157626,84864,30784,0.8764865682369865,0.8766027887866458
0.057741003732047824,0.6687132024466793,0.8604020515239049,0.546875,0.7338129496402878,189735,30784,157209,84864,30784,0.8764865682369865,0.8766027887866458
0.05749191509202212,0.6682233363093194,0.8587819947043248,0.546875,0.7302158273381295,189735,31200,157209,84448,31200,0.8764865682369865,0.8766027887866458
0.05730539219770325,0.6692005574559736,0.8590480320936789,0.5480769230769231,0.7302158273381295,190152,31200,156792,84448,31200,0.8764865682369865,0.8766027887866458
0.05710302899122777,0.6701763455380834,0.8593130690042341,0.5492788461538461,0.7302158273381295,190569,31200,156375,84448,31200,0.8764865682369865,0.8766027887866458
0.05695238216562559,0.671150703705656,0.8595771110691043,0.5504807692307693,0.7302158273381295,190986,31200,155958,84448,31200,0.8764865682369865,0.8766027887866458
0.05676685592060671,0.6721236350994738,0.859840163879193,0.5516826923076923,0.7302158273381295,191403,31200,155541,84448,31200,0.8764865682369865,0.8766027887866458
0.05671691290245651,0.6730951428511275,0.8601022329835889,0.5528846153846154,0.7302158273381295,191820,31200,155124,84448,31200,0.8764865682369865,0.8766027887866458
0.056543827871121444,0.6740652300830497,0.8603633238899555,0.5540865384615384,0.7302158273381295,192237,31200,154707,84448,31200,0.8764865682369865,0.8766027887866458
0.05609336663898973,0.6735739676277206,0.8587644570320702,0.5540865384615384,0.7266187050359713,192237,31616,154707,84032,31616,0.8764865682369865,0.8766027887866458
0.05601171007993311,0.6745422906301316,0.8590270655905827,0.5552884615384616,0.7266187050359713,192654,31616,154290,84032,31616,0.8764865682369865,0.8766027887866458
0.05580322124657666,0.6755092008655934,0.859288699390708,0.5564903846153846,0.7266187050359713,193071,31616,153873,84032,31616,0.8764865682369865,0.8766027887866458
0.05571039409855649,0.6764747014236567,0.8595493638495985,0.5576923076923077,0.7266187050359713,193488,31616,153456,84032,31616,0.8764865682369865,0.8766027887866458
0.05556087679410715,0.6774387953848707,0.8598090643443405,0.5588942307692307,0.7266187050359713,193905,31616,153039,84032,31616,0.8764865682369865,0.8766027887866458
0.055494275327387044,0.6784014858208147,0.8600678062123237,0.5600961538461539,0.7266187050359713,194322,31616,152622,84032,31616,0.8764865682369865,0.8766027887866458
0.05539007831980913,0.6793627757941318,0.860325594751607,0.5612980769230769,0.7266187050359713,194739,31616,152205,84032,31616,0.8764865682369865,0.8766027887866458
0.055122637654646534,0.6803226683585607,0.8605824352212795,0.5625,0.7266187050359713,195156,31616,151788,84032,31616,0.8764865682369865,0.8766027887866458
0.05501941635094876,0.6812811665589681,0.8608383328418189,0.5637019230769231,0.7266187050359713,195573,31616,151371,84032,31616,0.8764865682369865,0.8766027887866458
0.054941423075173745,0.6822382734313811,0.8610932927954448,0.5649038461538461,0.7266187050359713,195990,31616,150954,84032,31616,0.8764865682369865,0.8766027887866458
0.05439263608421596,0.6831939920030193,0.8613473202264684,0.5661057692307693,0.7266187050359713,196407,31616,150537,84032,31616,0.8764865682369865,0.8766027887866458
0.05399459335712464,0.6841483252923265,0.861600420241639,0.5673076923076923,0.7266187050359713,196824,31616,150120,84032,31616,0.8764865682369865,0.8766027887866458
0.05377180242799995,0.6836540465439389,0.8600342573495997,0.5673076923076923,0.7230215827338129,196824,32032,150120,83616,32032,0.8764865682369865,0.8766027887866458
0.053559897650277244,0.6846066672798615,0.8602888259847431,0.5685096153846154,0.7230215827338129,197241,32032,149703,83616,32032,0.8764865682369865,0.8766027887866458
0.05345925093426984,0.6855579102168793,0.8605424702860377,0.5697115384615384,0.7230215827338129,197658,32032,149286,83616,32032,0.8764865682369865,0.8766027887866458
0.05345775976295242,0.6850636859890824,0.8589867278558577,0.5697115384615384,0.7194244604316546,197658,32448,149286,83200,32448,0.8764865682369865,0.8766027887866458
0.052980488016831084,0.6860132267298391,0.8592418110123502,0.5709134615384616,0.7194244604316546,198075,32448,148869,83200,32448,0.8764865682369865,0.8766027887866458
0.05277700930184814,0.6869613970969952,0.8594959729799948,0.5721153846153846,0.7194244604316546,198492,32448,148452,83200,32448,0.8764865682369865,0.8766027887866458
0.05261647926838853,0.6879082000549886,0.8597492187398695,0.5733173076923077,0.7194244604316546,198909,32448,148035,83200,32448,0.8764865682369865,0.8766027887866458
0.052606926479255134,0.688853638559713,0.8600015532372052,0.5745192307692307,0.7194244604316546,199326,32448,147618,83200,32448,0.8764865682369865,0.8766027887866458
0.05248954848126719,0.6897977155585485,0.8602529813817072,0.5757211538461539,0.7194244604316546,199743,32448,147201,83200,32448,0.8764865682369865,0.8766027887866458
0.05240509830689977,0.6907404339903925,0.8605035080478746,0.5769230769230769,0.7194244604316546,200160,32448,146784,83200,32448,0.8764865682369865,0.8766027887866458
0.05210395338589946,0.6916817967856903,0.8607531380753138,0.578125,0.7194244604316546,200577,32448,146367,83200,32448,0.8764865682369865,0.8766027887866458
0.052080268392782125,0.6926218068664647,0.8610018762690519,0.5793269230769231,0.7194244604316546,200994,32448,145950,83200,32448,0.8764865682369865,0.8766027887866458
0.052062986626316254,0.6921257158205378,0.8594702768346604,0.5793269230769231,0.7158273381294964,200994,32864,145950,82784,32864,0.8764865682369865,0.8766027887866458
0.05166381376538032,0.6930640601907371,0.8597204140433251,0.5805288461538461,0.7158273381294964,201411,32864,145533,82784,32864,0.8764865682369865,0.8766027887866458
0.05098768953173649,0.6925683633206392,0.8581965222356205,0.5805288461538461,0.7122302158273381,201411,33280,145533,82368,33280,0.8764865682369865,0.8766027887866458
0.050924599178155505,0.693505047658972,0.8584480323936233,0.5817307692307693,0.7122302158273381,201828,33280,145116,82368,33280,0.8764865682369865,0.8766027887866458
0.05083744869222273,0.6944403908190823,0.8586986519477763,0.5829326923076923,0.7122302158273381,202245,33280,144699,82368,33280,0.8764865682369865,0.8766027887866458
0.05041902321665359,0.6953743956794296,0.8589483856201948,0.5841346153846154,0.7122302158273381,202662,33280,144282,82368,33280,0.8764865682369865,0.8766027887866458
0.05041882821145327,0.6948784677576967,0.8574366004112406,0.5841346153846154,0.7086330935251799,202662,33696,144282,81952,33696,0.8764865682369865,0.8766027887866458
0.05016941035769096,0.6958108267848057,0.8576876781754831,0.5853365384615384,0.7086330935251799,203079,33696,143865,81952,33696,0.8764865682369865,0.8766027887866458
0.05001217576803296,0.6967418546365914,0.8579378731154508,0.5865384615384616,0.7086330935251799,203496,33696,143448,81952,33696,0.8764865682369865,0.8766027887866458
0.04994639830927072,0.6976715541618981,0.8581871898791712,0.5877403846153846,0.7086330935251799,203913,33696,143031,81952,33696,0.8764865682369865,0.8766027887866458
0.04974890318173053,0.6985999282014462,0.8584356330821002,0.5889423076923077,0.7086330935251799,204330,33696,142614,81952,33696,0.8764865682369865,0.8766027887866458
0.04967789104850023,0.6995269795878624,0.8586832073074068,0.5901442307692307,0.7086330935251799,204747,33696,142197,81952,33696,0.8764865682369865,0.8766027887866458
0.04927058660146855,0.7004527111457074,0.8589299171062547,0.5913461538461539,0.7086330935251799,205164,33696,141780,81952,33696,0.8764865682369865,0.8766027887866458
0.04901903265095153,0.7013771256915055,0.8591757669980817,0.5925480769230769,0.7086330935251799,205581,33696,141363,81952,33696,0.8764865682369865,0.8766027887866458
0.048919412820674024,0.7023002260337721,0.8594207614708753,0.59375,0.7086330935251799,205998,33696,140946,81952,33696,0.8764865682369865,0.8766027887866458
0.04868287857851389,0.7018025599007928,0.8579317812669194,0.59375,0.7050359712230215,205998,34112,140946,81536,34112,0.8764865682369865,0.8766027887866458
0.04861330928079488,0.70272404935733,0.8581780839573104,0.5949519230769231,0.7050359712230215,206415,34112,140529,81536,34112,0.8764865682369865,0.8766027887866458
0.048447963157630336,0.7036442315543097,0.8584235340992098,0.5961538461538461,0.7050359712230215,206832,34112,140112,81536,34112,0.8764865682369865,0.8766027887866458
0.0483879887861568,0.7045631092715513,0.8586681361114679,0.5973557692307693,0.7050359712230215,207249,34112,139695,81536,34112,0.8764865682369865,0.8766027887866458
0.04833023631434025,0.7040652533203334,0.8571907170657258,0.5973557692307693,0.7014388489208633,207249,34528,139695,81120,34528,0.8764865682369865,0.8766027887866458
0.048272646154721155,0.704982533803625,0.8574366004112406,0.5985576923076923,0.7014388489208633,207666,34528,139278,81120,34528,0.8764865682369865,0.8766027887866458
0.048228321261391816,0.7044850853356944,0.8559663657722271,0.5985576923076923,0.697841726618705,207666,34944,139278,80704,34944,0.8764865682369865,0.8766027887866458
0.04812009553038599,0.7039883383900877,0.8545011644844585,0.5985576923076923,0.6942446043165468,207666,35360,139278,80288,35360,0.8764865682369865,0.8766027887866458
0.04803619557329908,0.7049037326363894,0.8547503933158891,0.5997596153846154,0.6942446043165468,208083,35360,138861,80288,35360,0.8764865682369865,0.8766027887866458
0.04801467828675454,0.7058178346795214,0.8549987697859428,0.6009615384615384,0.6942446043165468,208500,35360,138444,80288,35360,0.8764865682369865,0.8766027887866458
0.04775969194017049,0.7053212002300329,0.8535427139792694,0.6009615384615384,0.6906474820143885,208500,35776,138444,79872,35776,0.8764865682369865,0.8766027887866458
0.04771604142120939,0.7062337210147438,0.8537923030082594,0.6021634615384616,0.6906474820143885,208917,35776,138027,79872,35776,0.8764865682369865,0.8766027887866458
0.047679454116487,0.7071449563722229,0.8540410427971115,0.6033653846153846,0.6906474820143885,209334,35776,137610,79872,35776,0.8764865682369865,0.8766027887866458
0.04761778508437964,0.7066484378955896,0.852594022628968,0.6033653846153846,0.6870503597122302,209334,36192,137610,79456,36192,0.8764865682369865,0.8766027887866458
0.04758514825771332,0.7075581012908024,0.852843951647333,0.6045673076923077,0.6870503597122302,209751,36192,137193,79456,36192,0.8764865682369865,0.8766027887866458
0.04717004963113447,0.7084664859835768,0.8530930345835362,0.6057692307692307,0.6870503597122302,210168,36192,136776,79456,36192,0.8764865682369865,0.8766027887866458
0.047160485504379124,0.7093735946682027,0.8533412757266682,0.6069711538461539,0.6870503597122302,210585,36192,136359,79456,36192,0.8764865682369865,0.8766027887866458
0.046963353514972606,0.7102794300314068,0.8535886793368771,0.6081730769230769,0.6870503597122302,211002,36192,135942,79456,36192,0.8764865682369865,0.8766027887866458
0.046884416334294965,0.7111839947523778,0.8538352496456135,0.609375,0.6870503597122302,211419,36192,135525,79456,36192,0.8764865682369865,0.8766027887866458
0.04677363236990151,0.7106867393536828,0.8524031657843703,0.609375,0.6834532374100719,211419,36608,135525,79040,36608,0.8764865682369865,0.8766027887866458
0.046603826950176064,0.7115897532365449,0.8526508991965996,0.6105769230769231,0.6834532374100719,211836,36608,135108,79040,36608,0.8764865682369865,0.8766027887866458
0.04632135019364503,0.7124915030924548,0.8528978023876783,0.6117788461538461,0.6834532374100719,212253,36608,134691,79040,36608,0.8764865682369865,0.8766027887866458
0.046214012333174015,0.7133919915736084,0.8531438795240655,0.6129807692307693,0.6834532374100719,212670,36608,134274,79040,36608,0.8764865682369865,0.8766027887866458
0.045819495495835305,0.7142912213247877,0.8533891347443882,0.6141826923076923,0.6834532374100719,213087,36608,133857,79040,36608,0.8764865682369865,0.8766027887866458
0.04573841471292356,0.7137935366088551,0.8519697254419037,0.6141826923076923,0.6798561151079137,213087,37024,133857,78624,37024,0.8764865682369865,0.8766027887866458
0.04556397362192666,0.7146912323924803,0.8522161195554988,0.6153846153846154,0.6798561151079137,213504,37024,133440,78624,37024,0.8764865682369865,0.8766027887866458
0.04554139213648545,0.7155876759732994,0.8524616947936798,0.6165865384615384,0.6798561151079137,213921,37024,133023,78624,37024,0.8764865682369865,0.8766027887866458
0.045455807156442485,0.7164828699695474,0.8527064552318966,0.6177884615384616,0.6798561151079137,214338,37024,132606,78624,37024,0.8764865682369865,0.8766027887866458
0.04528841082302837,0.717376816992165,0.8529504049185993,0.6189903846153846,0.6798561151079137,214755,37024,132189,78624,37024,0.8764865682369865,0.8766027887866458
0.04517222131034537,0.7182695196448242,0.853193547875462,0.6201923076923077,0.6798561151079137,215172,37024,131772,78624,37024,0.8764865682369865,0.8766027887866458
0.04501267440119383,0.7191609805239535,0.8534358880976038,0.6213942307692307,0.6798561151079137,215589,37024,131355,78624,37024,0.8764865682369865,0.8766027887866458
0.04495178768354291,0.7200512022187628,0.8536774295538079,0.6225961538461539,0.6798561151079137,216006,37024,130938,78624,37024,0.8764865682369865,0.8766027887866458
0.04494682571882247,0.719552291010843,0.8522762245211998,0.6225961538461539,0.6762589928057554,216006,37440,130938,78208,37440,0.8764865682369865,0.8766027887866458
0.04477839235925807,0.7204410068457924,0.8525188782926224,0.6237980769230769,0.6762589928057554,216423,37440,130521,78208,37440,0.8764865682369865,0.8766027887866458
0.04475356671036895,0.7199425171691701,0.8511241588963304,0.6237980769230769,0.6726618705035972,216423,37856,130521,77792,37856,0.8764865682369865,0.8766027887866458
0.044637684330716354,0.7208297320656871,0.8513679052674561,0.625,0.6726618705035972,216840,37856,130104,77792,37856,0.8764865682369865,0.8766027887866458
0.044570231328764476,0.7217157179469718,0.8516108547976778,0.6262019230769231,0.6726618705035972,217257,37856,129687,77792,37856,0.8764865682369865,0.8766027887866458
0.044460666203790966,0.7212173823557239,0.8502244363653441,0.6262019230769231,0.6690647482014388,217257,38272,129687,77376,38272,0.8764865682369865,0.8766027887866458
0.044350634610017536,0.7207197344784861,0.8488425247611792,0.6262019230769231,0.6654676258992805,217257,38688,129687,76960,38688,0.8764865682369865,0.8766027887866458
0.04434081986501015,0.7202227728926497,0.8474650980453345,0.6262019230769231,0.6618705035971223,217257,39104,129687,76544,39104,0.8764865682369865,0.8766027887866458
0.04406507509347202,0.7211067345566337,0.8477128102874857,0.6274038461538461,0.6618705035971223,217674,39104,129270,76544,39104,0.8764865682369865,0.8766027887866458
0.04397485028180326,0.7219894759318634,0.8479597192791462,0.6286057692307693,0.6618705035971223,218091,39104,128853,76544,39104,0.8764865682369865,0.8766027887866458
0.043522070749571484,0.7228709995434666,0.848205828921013,0.6298076923076923,0.6618705035971223,218508,39104,128436,76544,39104,0.8764865682369865,0.8766027887866458
0.04324649602721903,0.7223739280495626,0.8468383276233588,0.6298076923076923,0.658273381294964,218508,39520,128436,76128,39520,0.8764865682369865,0.8766027887866458
0.04320050767917982,0.7232539738911675,0.847085453384666,0.6310096153846154,0.658273381294964,218925,39520,128019,76128,39520,0.8764865682369865,0.8766027887866458
0.04315085388053663,0.7227573229009334,0.8457241531169237,0.6310096153846154,0.6546762589928058,218925,39936,128019,75712,39936,0.8764865682369865,0.8766027887866458
0.043120235300970255,0.7236358957609589,0.8459722768611297,0.6322115384615384,0.6546762589928058,219342,39936,127602,75712,39936,0.8764865682369865,0.8766027887866458
0.043082604267955515,0.7231396648413057,0.8446171263101958,0.6322115384615384,0.6510791366906474,219342,40352,127602,75296,40352,0.8764865682369865,0.8766027887866458
0.04306063260961018,0.7240167694854667,0.8448662301863435,0.6334134615384616,0.6510791366906474,219759,40352,127185,75296,40352,0.8764865682369865,0.8766027887866458
0.043027731826864146,0.72489266995022,0.8451145366332985,0.6346153846153846,0.6510791366906474,220176,40352,126768,75296,40352,0.8764865682369865,0.8766027887866458
0.04298498574401044,0.7257673687136961,0.845362049474027,0.6358173076923077,0.6510791366906474,220593,40352,126351,75296,40352,0.8764865682369865,0.8766027887866458
0.04294015627686376,0.725271040021042,0.8440165135578759,0.6358173076923077,0.6474820143884892,220593,40768,126351,74880,40768,0.8764865682369865,0.8766027887866458
0.04260456317153122,0.726144282611767,0.8442649878905026,0.6370192307692307,0.6474820143884892,221010,40768,125934,74880,40768,0.8764865682369865,0.8766027887866458
0.04257707076098327,0.7256483752450184,0.842925467402,0.6370192307692307,0.6438848920863309,221010,41184,125934,74464,41184,0.8764865682369865,0.8766027887866458
0.0423566894391213,0.7251531447582987,0.8415901907771981,0.6370192307692307,0.6402877697841727,221010,41600,125934,74048,41600,0.8764865682369865,0.8766027887866458
0.04234350086420935,0.7246585897667098,0.8402591378799054,0.6370192307692307,0.6366906474820144,221010,42016,125934,73632,42016,0.8764865682369865,0.8766027887866458
0.04216510835965892,0.7255298687553962,0.8405119893107807,0.6382211538461539,0.6366906474820144,221427,42016,125517,73632,42016,0.8764865682369865,0.8766027887866458
0.041339208161713215,0.7250357316516127,0.8391868384250679,0.6382211538461539,0.6330935251798561,221427,42432,125517,73216,42432,0.8764865682369865,0.8766027887866458
0.04125465890366942,0.7259055659173457,0.8394405848431186,0.6394230769230769,0.6330935251798561,221844,42432,125100,73216,42432,0.8764865682369865,0.8766027887866458
0.041229369673679184,0.7254118462615019,0.8381212881386668,0.6394230769230769,0.6294964028776978,221844,42848,125100,72800,42848,0.8764865682369865,0.8766027887866458
0.04112859054239315,0.7249187977492109,0.8368061318406084,0.6394230769230769,0.6258992805755396,221844,43264,125100,72384,43264,0.8764865682369865,0.8766027887866458
0.04092977155707389,0.7244264190129117,0.835495096488453,0.6394230769230769,0.6223021582733813,221844,43680,125100,71968,43680,0.8764865682369865,0.8766027887866458
0.04090658930180302,0.7239347086887568,0.834188162743476,0.6394230769230769,0.6187050359712231,221844,44096,125100,71552,44096,0.8764865682369865,0.8766027887866458
0.04073396552330477,0.7248023401233652,0.8344477524525356,0.640625,0.6187050359712231,222261,44096,124683,71552,44096,0.8764865682369865,0.8766027887866458
0.04066576335997352,0.7256687925073079,0.8347065306214249,0.6418269230769231,0.6187050359712231,222678,44096,124266,71552,44096,0.8764865682369865,0.8766027887866458
0.04056839352658248,0.7265340682423246,0.8349645010498108,0.6430288461538461,0.6187050359712231,223095,44096,123849,71552,44096,0.8764865682369865,0.8766027887866458
0.04035485895064728,0.7273981697236361,0.8352216675136768,0.6442307692307693,0.6187050359712231,223512,44096,123432,71552,44096,0.8764865682369865,0.8766027887866458
0.040130890076188086,0.7282610993399667,0.835478033765507,0.6454326923076923,0.6187050359712231,223929,44096,123015,71552,44096,0.8764865682369865,0.8766027887866458
0.03986747712702843,0.727768795144503,0.8341833028486707,0.6454326923076923,0.6151079136690647,223929,44512,123015,71136,44512,0.8764865682369865,0.8766027887866458
0.03972832536799742,0.72863030649462,0.834440485311949,0.6466346153846154,0.6151079136690647,224346,44512,122598,71136,44512,0.8764865682369865,0.8766027887866458
0.039713368752063105,0.729490651862406,0.8346968712282982,0.6478365384615384,0.6151079136690647,224763,44512,122181,71136,44512,0.8764865682369865,0.8766027887866458
0.03945421001563021,0.7303498336133473,0.8349524642926004,0.6490384615384616,0.6151079136690647,225180,44512,121764,71136,44512,0.8764865682369865,0.8766027887866458
0.03928890712217459,0.7312078541065354,0.8352072681769211,0.6502403846153846,0.6151079136690647,225597,44512,121347,71136,44512,0.8764865682369865,0.8766027887866458
0.03904217379165725,0.7320647156946897,0.8354612865306846,0.6514423076923077,0.6151079136690647,226014,44512,120930,71136,44512,0.8764865682369865,0.8766027887866458
0.03859288966799279,0.7329204207241777,0.8357145229808484,0.6526442307692307,0.6151079136690647,226431,44512,120513,71136,44512,0.8764865682369865,0.8766027887866458
0.03858480178823587,0.7337749715350378,0.8359669811320755,0.6538461538461539,0.6151079136690647,226848,44512,120096,71136,44512,0.8764865682369865,0.8766027887866458
0.038440546398190945,0.7346283704609994,0.836218664566906,0.6550480769230769,0.6151079136690647,227265,44512,119679,71136,44512,0.8764865682369865,0.8766027887866458
0.03840808373654975,0.7354806198295049,0.836469576845926,0.65625,0.6151079136690647,227682,44512,119262,71136,44512,0.8764865682369865,0.8766027887866458
0.0383238111298021,0.7363317219617306,0.8367197215079362,0.6574519230769231,0.6151079136690647,228099,44512,118845,71136,44512,0.8764865682369865,0.8766027887866458
0.038056209370321836,0.7371816791726078,0.8369691020701173,0.6586538461538461,0.6151079136690647,228516,44512,118428,71136,44512,0.8764865682369865,0.8766027887866458
0.03801049255582034,0.7380304937708437,0.8372177220281958,0.6598557692307693,0.6151079136690647,228933,44512,118011,71136,44512,0.8764865682369865,0.8766027887866458
0.03800833120940372,0.7375359412375867,0.8359459725919354,0.6598557692307693,0.6115107913669064,228933,44928,118011,70720,44928,0.8764865682369865,0.8766027887866458
0.037796846191511746,0.7370420510575142,0.8346780809181958,0.6598557692307693,0.6079136690647482,228933,45344,118011,70304,45344,0.8764865682369865,0.8766027887866458
0.037624719922689176,0.7378892538744414,0.8349290483228611,0.6610576923076923,0.6079136690647482,229350,45344,117594,70304,45344,0.8764865682369865,0.8766027887866458
0.037545951781399745,0.7387353208317593,0.8351792549189236,0.6622596153846154,0.6079136690647482,229767,45344,117177,70304,45344,0.8764865682369865,0.8766027887866458
0.03680115924151417,0.7395802542122376,0.8354287041607387,0.6634615384615384,0.6079136690647482,230184,45344,116760,70304,45344,0.8764865682369865,0.8766027887866458
0.036765846385288126,0.7390863204942141,0.8341692517322356,0.6634615384615384,0.60431654676259,230184,45760,116760,69888,45760,0.8764865682369865,0.8766027887866458
0.036712084712900106,0.7399298898613038,0.8344194730804998,0.6646634615384616,0.60431654676259,230601,45760,116343,69888,45760,0.8764865682369865,0.8766027887866458
0.03667391993453606,0.7394363826133801,0.8331653280438764,0.6646634615384616,0.6007194244604317,230601,46176,116343,69472,46176,0.8764865682369865,0.8766027887866458
0.0366445580132993,0.7402785922344097,0.8334163077122881,0.6658653846153846,0.6007194244604317,231018,46176,115926,69472,46176,0.8764865682369865,0.8766027887866458
0.03662205689763809,0.7397855109406072,0.8321674291271928,0.6658653846153846,0.5971223021582733,231018,46592,115926,69056,46592,0.8764865682369865,0.8766027887866458
0.0365326240711179,0.7406263650633389,0.832419153535448,0.6670673076923077,0.5971223021582733,231435,46592,115509,69056,46592,0.8764865682369865,0.8766027887866458
0.03649483154839084,0.7414660978464569,0.8326701239746592,0.6682692307692307,0.5971223021582733,231852,46592,115092,69056,46592,0.8764865682369865,0.8766027887866458
0.03637860658337544,0.7423047115315473,0.8329203438272114,0.6694711538461539,0.5971223021582733,232269,46592,114675,69056,46592,0.8764865682369865,0.8766027887866458
0.035654113910655316,0.7418115968643658,0.8316796585468907,0.6694711538461539,0.5935251798561151,232269,47008,114675,68640,47008,0.8764865682369865,0.8766027887866458
0.035607588312845384,0.7426488658523741,0.8319306098807983,0.6706730769230769,0.5935251798561151,232686,47008,114258,68640,47008,0.8764865682369865,0.8766027887866458
0.03545758496316964,0.7434850212501296,0.8321808140344363,0.671875,0.5935251798561151,233103,47008,113841,68640,47008,0.8764865682369865,0.8766027887866458
0.035455802599810016,0.7429921064081049,0.8309467537884054,0.671875,0.5899280575539568,233103,47424,113841,68224,47424,0.8764865682369865,0.8766027887866458
0.035213007443930966,0.743826924547053,0.8311976764052622,0.6730769230769231,0.5899280575539568,233520,47424,113424,68224,47424,0.8764865682369865,0.8766027887866458
0.03516623119360818,0.7433344368331254,0.8299687233437589,0.6730769230769231,0.5863309352517986,233520,47840,113424,67808,47840,0.8764865682369865,0.8766027887866458
0.03511712621218743,0.7428426008398015,0.8287433990119811,0.6730769230769231,0.5827338129496403,233520,48256,113424,67392,48256,0.8764865682369865,0.8766027887866458
0.03511238473208883,0.7436758607425727,0.8289964669570117,0.6742788461538461,0.5827338129496403,233937,48256,113007,67392,48256,0.8764865682369865,0.8766027887866458
0.03504753906564023,0.7445080167864869,0.8292487880825166,0.6754807692307693,0.5827338129496403,234354,48256,112590,67392,48256,0.8764865682369865,0.8766027887866458
0.03495428624382141,0.7453390711635932,0.8295003656894925,0.6766826923076923,0.5827338129496403,234771,48256,112173,67392,48256,0.8764865682369865,0.8766027887866458
0.03483387578220121,0.7461690260601407,0.8297512030595109,0.6778846153846154,0.5827338129496403,235188,48256,111756,67392,48256,0.8764865682369865,0.8766027887866458
0.03470480674065579,0.7469978836565975,0.8300013034548599,0.6790865384615384,0.5827338129496403,235605,48256,111339,67392,48256,0.8764865682369865,0.8766027887866458
0.034699450535276566,0.7465055820386204,0.8287867115524646,0.6790865384615384,0.579136690647482,235605,48672,111339,66976,48672,0.8764865682369865,0.8766027887866458
0.034467987109525144,0.747333124352873,0.8290374928870998,0.6802884615384616,0.579136690647482,236022,48672,110922,66976,48672,0.8764865682369865,0.8766027887866458
0.034447572098856516,0.7481595747205544,0.8292875406420657,0.6814903846153846,0.579136690647482,236439,48672,110505,66976,48672,0.8764865682369865,0.8766027887866458
0.03412869717554934,0.7489849353014837,0.8295368580314365,0.6826923076923077,0.579136690647482,236856,48672,110088,66976,48672,0.8764865682369865,0.8766027887866458
0.03404982339889029,0.7498092082497879,0.8297854482505377,0.6838942307692307,0.579136690647482,237273,48672,109671,66976,48672,0.8764865682369865,0.8766027887866458
0.0339690253188879,0.7506323957139203,0.8300333144760828,0.6850961538461539,0.579136690647482,237690,48672,109254,66976,48672,0.8764865682369865,0.8766027887866458
0.03352325280964219,0.7501396511404054,0.8288292686328798,0.6850961538461539,0.5755395683453237,237690,49088,109254,66560,49088,0.8764865682369865,0.8766027887866458
0.033387338244410425,0.7509615399778282,0.8290778042793224,0.6862980769230769,0.5755395683453237,238107,49088,108837,66560,49088,0.8764865682369865,0.8766027887866458
0.03338406538055827,0.7517823486028026,0.8293256192370276,0.6875,0.5755395683453237,238524,49088,108420,66560,49088,0.8764865682369865,0.8766027887866458
0.03328087848321909,0.7512898206535091,0.8281278209063008,0.6875,0.5719424460431655,238524,49504,108420,66144,49504,0.8764865682369865,0.8766027887866458
0.03321534019781763,0.7521093377442795,0.8283762935741649,0.6887019230769231,0.5719424460431655,238941,49504,108003,66144,49504,0.8764865682369865,0.8766027887866458
0.03318858906880995,0.7516172411352537,0.827183316543251,0.6887019230769231,0.5683453237410072,238941,49920,108003,65728,49920,0.8764865682369865,0.8766027887866458
0.0331748721148476,0.7524354706376076,0.82743243523531,0.6899038461538461,0.5683453237410072,239358,49920,107586,65728,49920,0.8764865682369865,0.8766027887866458
0.033096599119490866,0.7532526282555734,0.8276808367420908,0.6911057692307693,0.5683453237410072,239775,49920,107169,65728,49920,0.8764865682369865,0.8766027887866458
0.03279742799641627,0.7527607506416244,0.8264939971252383,0.6911057692307693,0.564748201438849,239775,50336,107169,65312,50336,0.8764865682369865,0.8766027887866458
0.032676851064467605,0.7535766276793334,0.8267430333737196,0.6923076923076923,0.564748201438849,240192,50336,106752,65312,50336,0.8764865682369865,0.8766027887866458
0.03265944312617486,0.7543914380088071,0.8269913557545241,0.6935096153846154,0.564748201438849,240609,50336,106335,65312,50336,0.8764865682369865,0.8766027887866458
0.032441704825759476,0.7552051837206606,0.8272389673327338,0.6947115384615384,0.564748201438849,241026,50336,105918,65312,50336,0.8764865682369865,0.8766027887866458
0.03227979088432742,0.7547133181571951,0.8260595384161932,0.6947115384615384,0.5611510791366906,241026,50752,105918,64896,50752,0.8764865682369865,0.8766027887866458
0.03213285946785216,0.7555257932937905,0.8263077739181026,0.6959134615384616,0.5611510791366906,241443,50752,105501,64896,50752,0.8764865682369865,0.8766027887866458
0.03202459837940452,0.7550343598283181,0.825133026441248,0.6959134615384616,0.5575539568345323,241443,51168,105501,64480,51168,0.8764865682369865,0.8766027887866458
0.031973661055899716,0.7558455682436107,0.8253818747696466,0.6971153846153846,0.5575539568345323,241860,51168,105084,64480,51168,0.8764865682369865,0.8766027887866458
0.03183225424516839,0.7553545662941842,0.8242117746486552,0.6971153846153846,0.5539568345323741,241860,51584,105084,64064,51584,0.8764865682369865,0.8766027887866458
0.03177499591455102,0.7561645118249701,0.824461224864817,0.6983173076923077,0.5539568345323741,242277,51584,104667,64064,51584,0.8764865682369865,0.8766027887866458
0.031524792613783215,0.7556739408097988,0.8232957383689518,0.6983173076923077,0.5503597122302158,242277,52000,104667,63648,52000,0.8764865682369865,0.8766027887866458
0.031035118632921632,0.7551840059098837,0.8221335423644267,0.6983173076923077,0.5467625899280576,242277,52416,104667,63232,52416,0.8764865682369865,0.8766027887866458
0.030861884265042105,0.7559924866132756,0.8223848734370235,0.6995192307692307,0.5467625899280576,242694,52416,104250,63232,52416,0.8764865682369865,0.8766027887866458
0.030848230401737398,0.755502980683923,0.8212272355055055,0.6995192307692307,0.5431654676258992,242694,52832,104250,62816,52832,0.8764865682369865,0.8766027887866458
0.030781039408642075,0.755014108255585,0.820072852112914,0.6995192307692307,0.539568345323741,242694,53248,104250,62400,53248,0.8764865682369865,0.8766027887866458
0.030731297059761742,0.7558211293900386,0.8203260235052757,0.7007211538461539,0.539568345323741,243111,53248,103833,62400,53248,0.8764865682369865,0.8766027887866458
0.030712396181677926,0.7553326839816752,0.8191761435430882,0.7007211538461539,0.5359712230215827,243111,53664,103833,61984,53664,0.8764865682369865,0.8766027887866458
0.030653302213250355,0.7561384552330563,0.8194298635225713,0.7019230769230769,0.5359712230215827,243528,53664,103416,61984,53664,0.8764865682369865,0.8766027887866458
0.030629876118492827,0.7556504362720153,0.8182844547189592,0.7019230769230769,0.5323741007194245,243528,54080,103416,61568,54080,0.8764865682369865,0.8766027887866458
0.03038189655192014,0.755163046848836,0.8171422435776985,0.7019230769230769,0.5287769784172662,243528,54496,103416,61152,54496,0.8764865682369865,0.8766027887866458
0.030286374217236234,0.7546762857461604,0.8160032167269803,0.7019230769230769,0.5251798561151079,243528,54912,103416,60736,54912,0.8764865682369865,0.8766027887866458
0.030078727888429357,0.7554804034060028,0.8162599504110661,0.703125,0.5251798561151079,243945,54912,102999,60736,54912,0.8764865682369865,0.8766027887866458
0.029894174452731626,0.7549940654609829,0.8151253203596716,0.703125,0.5215827338129496,243945,55328,102999,60320,55328,0.8764865682369865,0.8766027887866458
0.029627125529410048,0.7557969423197667,0.8153825619807133,0.7043269230769231,0.5215827338129496,244362,55328,102582,60320,55328,0.8764865682369865,0.8766027887866458
0.02958591152061174,0.7553110269685496,0.8142522975215424,0.7043269230769231,0.5179856115107914,244362,55744,102582,59904,55744,0.8764865682369865,0.8766027887866458
0.029417216226223064,0.7548257360232044,0.8131251622177411,0.7043269230769231,0.5143884892086331,244362,56160,102582,59488,56160,0.8764865682369865,0.8766027887866458
0.029232360954147163,0.7556271734248313,0.8133841077427652,0.7055288461538461,0.5143884892086331,244779,56160,102165,59488,56160,0.8764865682369865,0.8766027887866458
0.029127625369061105,0.7564275798241555,0.8136423366383945,0.7067307692307693,0.5143884892086331,245196,56160,101748,59488,56160,0.8764865682369865,0.8766027887866458
0.029069580501903447,0.757226957209384,0.8138998518754162,0.7079326923076923,0.5143884892086331,245613,56160,101331,59488,56160,0.8764865682369865,0.8766027887866458
0.028943173011295564,0.7580253075636155,0.81415665640822,0.7091346153846154,0.5143884892086331,246030,56160,100914,59488,56160,0.8764865682369865,0.8766027887866458
0.028826694872602365,0.7588226328648559,0.81441275317491,0.7103365384615384,0.5143884892086331,246447,56160,100497,59488,56160,0.8764865682369865,0.8766027887866458
0.028461585581960103,0.759618935086035,0.814668145097418,0.7115384615384616,0.5143884892086331,246864,56160,100080,59488,56160,0.8764865682369865,0.8766027887866458
0.02838334542525811,0.7591330660040837,0.8135512786712364,0.7115384615384616,0.5107913669064749,246864,56576,100080,59072,56576,0.8764865682369865,0.8766027887866458
0.02827059849369218,0.7599281500796711,0.8138071527067009,0.7127403846153846,0.5107913669064749,247281,56576,99663,59072,56576,0.8764865682369865,0.8766027887866458
0.02818841814678913,0.7607222159092654,0.8140623254040766,0.7139423076923077,0.5107913669064749,247698,56576,99246,59072,56576,0.8764865682369865,0.8766027887866458
0.02808840518137501,0.7615152654476816,0.8143167996429169,0.7151442307692307,0.5107913669064749,248115,56576,98829,59072,56576,0.8764865682369865,0.8766027887866458
0.027986621158239577,0.7623073006447338,0.8145705782870328,0.7163461538461539,0.5107913669064749,248532,56576,98412,59072,56576,0.8764865682369865,0.8766027887866458
0.027866127980534117,0.7618212693955873,0.8134614629292625,0.7163461538461539,0.5071942446043165,248532,56992,98412,58656,56992,0.8764865682369865,0.8766027887866458
0.02774779170353814,0.7626120986084839,0.8137157164289847,0.7175480769230769,0.5071942446043165,248949,56992,97995,58656,56992,0.8764865682369865,0.8766027887866458
0.027637598763538607,0.7634019182552633,0.8139692777730629,0.71875,0.5071942446043165,249366,56992,97578,58656,56992,0.8764865682369865,0.8766027887866458
0.027535914050632937,0.764190730267898,0.8142221497840437,0.7199519230769231,0.5071942446043165,249783,56992,97161,58656,56992,0.8764865682369865,0.8766027887866458
0.027518697050422203,0.7649785365734343,0.8144743352691476,0.7211538461538461,0.5071942446043165,250200,56992,96744,58656,56992,0.8764865682369865,0.8766027887866458
0.02745859102960646,0.7644923550764492,0.8133728641647812,0.7211538461538461,0.5035971223021583,250200,57408,96744,58240,57408,0.8764865682369865,0.8766027887866458
0.027454718035550885,0.7652789674015106,0.8136255174093012,0.7223557692307693,0.5035971223021583,250617,57408,96327,58240,57408,0.8764865682369865,0.8766027887866458
0.027434978815562228,0.7660645787368054,0.8138774875017021,0.7235576923076923,0.5035971223021583,251034,57408,95910,58240,57408,0.8764865682369865,0.8766027887866458
0.027431955280181664,0.7655786350148368,0.8127812781278128,0.7235576923076923,0.5,251034,57824,95910,57824,57824,0.8764865682369865,0.8766027887866458
0.02735557210337003,0.7663630586740098,0.8130337078651685,0.7247596153846154,0.5,251451,57824,95493,57824,57824,0.8764865682369865,0.8766027887866458
0.027081798266433144,0.7658775423180305,0.8119415804786061,0.7247596153846154,0.49640287769784175,251451,58240,95493,57408,58240,0.8764865682369865,0.8766027887866458
0.027047692739719742,0.7666607817950482,0.8121944612844557,0.7259615384615384,0.49640287769784175,251868,58240,95076,57408,58240,0.8764865682369865,0.8766027887866458
0.02687701485401761,0.767443027732106,0.8124466629095886,0.7271634615384616,0.49640287769784175,252285,58240,94659,57408,58240,0.8764865682369865,0.8766027887866458
0.02679660027967712,0.7682242820184652,0.8126981880865242,0.7283653846153846,0.49640287769784175,252702,58240,94242,57408,58240,0.8764865682369865,0.8766027887866458
0.026763213014060594,0.7690045465386,0.8129490395331435,0.7295673076923077,0.49640287769784175,253119,58240,93825,57408,58240,0.8764865682369865,0.8766027887866458
0.02666893398452591,0.7685188980430199,0.8118643252345441,0.7295673076923077,0.49280575539568344,253119,58656,93825,56992,58656,0.8764865682369865,0.8766027887866458
0.02657699215838194,0.7692979900961259,0.8121156211562116,0.7307692307692307,0.49280575539568344,253536,58656,93408,56992,58656,0.8764865682369865,0.8766027887866458
0.02655347812559916,0.7688127698801611,0.8110349063363701,0.7307692307692307,0.4892086330935252,253536,59072,93408,56576,59072,0.8764865682369865,0.8766027887866458
0.026162885232769995,0.7695906928961815,0.8112866384474083,0.7319711538461539,0.4892086330935252,253953,59072,92991,56576,59072,0.8764865682369865,0.8766027887866458
0.02613776615460206,0.7703676334749676,0.8115377007548445,0.7331730769230769,0.4892086330935252,254370,59072,92574,56576,59072,0.8764865682369865,0.8766027887866458
0.02610756215875587,0.7711435934764219,0.8117880959284265,0.734375,0.4892086330935252,254787,59072,92157,56576,59072,0.8764865682369865,0.8766027887866458
0.02594550747206481,0.7706584354049112,0.8107135470527405,0.734375,0.4856115107913669,254787,59488,92157,56160,59488,0.8764865682369865,0.8766027887866458
0.025772803251469023,0.7714332351927646,0.810964371512463,0.7355769230769231,0.4856115107913669,255204,59488,91740,56160,59488,0.8764865682369865,0.8766027887866458
0.025547801733996678,0.7709485055554549,0.8098937507140409,0.7355769230769231,0.48201438848920863,255204,59904,91740,55744,59904,0.8764865682369865,0.8766027887866458
0.025531617494420344,0.7717221485080812,0.8101449964345139,0.7367788461538461,0.48201438848920863,255621,59904,91323,55744,59904,0.8764865682369865,0.8766027887866458
0.025528970978352883,0.7712378466853225,0.8090782772732884,0.7367788461538461,0.4784172661870504,255621,60320,91323,55328,60320,0.8764865682369865,0.8766027887866458
0.025504288243037687,0.772010336166633,0.8093299363379463,0.7379807692307693,0.4784172661870504,256038,60320,90906,55328,60320,0.8764865682369865,0.8766027887866458
0.02543364629566436,0.7727818549717577,0.8095809328387656,0.7391826923076923,0.4784172661870504,256455,60320,90489,55328,60320,0.8764865682369865,0.8766027887866458
0.025293654230721607,0.7735524049291109,0.8098312693888875,0.7403846153846154,0.4784172661870504,256872,60320,90072,55328,60320,0.8764865682369865,0.8766027887866458
0.025269107622274134,0.7730681722423527,0.808770559935518,0.7403846153846154,0.4748201438848921,256872,60736,90072,54912,60736,0.8764865682369865,0.8766027887866458
0.02511276027337117,0.7738375773908257,0.8090213033566543,0.7415865384615384,0.4748201438848921,257289,60736,89655,54912,60736,0.8764865682369865,0.8766027887866458
0.025007400103943755,0.774606018160887,0.8092713900804542,0.7427884615384616,0.4748201438848921,257706,60736,89238,54912,60736,0.8764865682369865,0.8766027887866458
0.024873714121160462,0.7753734963645402,0.8095208226833804,0.7439903846153846,0.4748201438848921,258123,60736,88821,54912,60736,0.8764865682369865,0.8766027887866458
0.0247594347092156,0.774889338190595,0.8084660559079164,0.7439903846153846,0.4712230215827338,258123,61152,88821,54496,61152,0.8764865682369865,0.8766027887866458
0.024708006285750428,0.7756556801612874,0.8087158890432041,0.7451923076923077,0.4712230215827338,258540,61152,88404,54496,61152,0.8764865682369865,0.8766027887866458
0.024695096019952234,0.775171950612546,0.8076649130918315,0.7451923076923077,0.4676258992805755,258540,61568,88404,54080,61568,0.8764865682369865,0.8766027887866458
0.024692043935748365,0.7746888240335117,0.8066166652107174,0.7451923076923077,0.46402877697841727,258540,61984,88404,53664,61984,0.8764865682369865,0.8766027887866458
0.02459946009173075,0.7754538580743691,0.8068679289962952,0.7463942307692307,0.46402877697841727,258957,61984,87987,53664,61984,0.8764865682369865,0.8766027887866458
0.02456460342208666,0.7749711582056589,0.8058234300170838,0.7463942307692307,0.460431654676259,258957,62400,87987,53248,62400,0.8764865682369865,0.8766027887866458
0.02448475371925074,0.7757350632105013,0.8060750713233512,0.7475961538461539,0.460431654676259,259374,62400,87570,53248,62400,0.8764865682369865,0.8766027887866458
0.0242506132051743,0.7764980160954068,0.8063260612493831,0.7487980769230769,0.460431654676259,259791,62400,87153,53248,62400,0.8764865682369865,0.8766027887866458
0.024230468556705187,0.777260018639329,0.8065764023210832,0.75,0.460431654676259,260208,62400,86736,53248,62400,0.8764865682369865,0.8766027887866458
0.024141509634624525,0.7780210726167928,0.8068260970513118,0.7512019230769231,0.460431654676259,260625,62400,86319,53248,62400,0.8764865682369865,0.8766027887866458
0.02408677073662502,0.7787811797979075,0.8070751479399707,0.7524038461538461,0.460431654676259,261042,62400,85902,53248,62400,0.8764865682369865,0.8766027887866458
0.023982783381420347,0.7795403419483813,0.8073235574740859,0.7536057692307693,0.460431654676259,261459,62400,85485,53248,62400,0.8764865682369865,0.8766027887866458
0.023717813295139112,0.7790572078561543,0.806287872947344,0.7536057692307693,0.4568345323741007,261459,62816,85485,52832,62816,0.8764865682369865,0.8766027887866458
0.02352432013662631,0.7798152570737721,0.8065366562773336,0.7548076923076923,0.4568345323741007,261876,62816,85068,52832,62816,0.8764865682369865,0.8766027887866458
0.023463455403750944,0.7805723655723581,0.8067848014050673,0.7560096153846154,0.4568345323741007,262293,62816,84651,52832,62816,0.8764865682369865,0.8766027887866458
0.02329975292005798,0.7813285351019377,0.8070323107831633,0.7572115384615384,0.4568345323741007,262710,62816,84234,52832,62816,0.8764865682369865,0.8766027887866458
0.023299152914773025,0.7820837674081978,0.8072791868516888,0.7584134615384616,0.4568345323741007,263127,62816,83817,52832,62816,0.8764865682369865,0.8766027887866458
0.02320622789622956,0.7828380642325012,0.80752543203824,0.7596153846153846,0.4568345323741007,263544,62816,83400,52832,62816,0.8764865682369865,0.8766027887866458
0.023174586085443316,0.7823546874072315,0.806497417190981,0.7596153846153846,0.45323741007194246,263544,63232,83400,52416,63232,0.8764865682369865,0.8766027887866458
0.023171088090612246,0.7831078845991245,0.8067440318099715,0.7608173076923077,0.45323741007194246,263961,63232,82983,52416,63232,0.8764865682369865,0.8766027887866458
0.02311103448640489,0.7838601505587396,0.8069900186197002,0.7620192307692307,0.45323741007194246,264378,63232,82566,52416,63232,0.8764865682369865,0.8766027887866458
0.02309919043715314,0.7846114870120345,0.80723538001445,0.7632211538461539,0.45323741007194246,264795,63232,82149,52416,63232,0.8764865682369865,0.8766027887866458
0.023008958510541022,0.785361895680705,0.8074801183763443,0.7644230769230769,0.45323741007194246,265212,63232,81732,52416,63232,0.8764865682369865,0.8766027887866458
0.02287508042940012,0.7848784558836586,0.8064586754241927,0.7644230769230769,0.44964028776978415,265212,63648,81732,52000,63648,0.8764865682369865,0.8766027887866458
0.022641770865044153,0.7843956108958623,0.8054398134088121,0.7644230769230769,0.4460431654676259,265212,64064,81732,51584,64064,0.8764865682369865,0.8766027887866458
0.02259441265792128,0.7851447674306903,0.8056858956665747,0.765625,0.4460431654676259,265629,64064,81315,51584,64064,0.8764865682369865,0.8766027887866458
0.02258142515178546,0.7858930011490959,0.8059313562145951,0.7668269230769231,0.4460431654676259,266046,64064,80898,51584,64064,0.8764865682369865,0.8766027887866458
0.02241992226057743,0.7866403137551276,0.8061761974059608,0.7680288461538461,0.4460431654676259,266463,64064,80481,51584,64064,0.8764865682369865,0.8766027887866458
0.022370495388841283,0.7861575749350556,0.8051628226008708,0.7680288461538461,0.44244604316546765,266463,64480,80481,51168,64480,0.8764865682369865,0.8766027887866458
0.022321649423851064,0.7856754282378229,0.8041519922500974,0.7680288461538461,0.43884892086330934,266463,64896,80481,50752,64896,0.8764865682369865,0.8766027887866458
0.022219525855491584,0.785193872574659,0.803143696782458,0.7680288461538461,0.4352517985611511,266463,65312,80481,50336,65312,0.8764865682369865,0.8766027887866458
0.02211438003444055,0.7859397823116431,0.8033908101338985,0.7692307692307693,0.4352517985611511,266880,65312,80064,50336,65312,0.8764865682369865,0.8766027887866458
0.02181216915291523,0.7854586551139574,0.8023859919184144,0.7692307692307693,0.4316546762589928,266880,65728,80064,49920,65728,0.8764865682369865,0.8766027887866458
0.02180994929204627,0.7862034886884549,0.8026334359282337,0.7704326923076923,0.4316546762589928,267297,65728,79647,49920,65728,0.8764865682369865,0.8766027887866458
0.02173667371591881,0.7869474092647409,0.8028802610349026,0.7716346153846154,0.4316546762589928,267714,65728,79230,49920,65728,0.8764865682369865,0.8766027887866458
0.02173167164565143,0.786466549745741,0.8018798411300613,0.7716346153846154,0.42805755395683454,267714,66144,79230,49504,66144,0.8764865682369865,0.8766027887866458
0.02161167669158187,0.7872093996203864,0.8021269912497195,0.7728365384615384,0.42805755395683454,268131,66144,78813,49504,66144,0.8764865682369865,0.8766027887866458
0.021492786604265013,0.7867289678493622,0.8011299975201006,0.7728365384615384,0.4244604316546763,268131,66560,78813,49088,66560,0.8764865682369865,0.8766027887866458
0.0214810395261813,0.7862491221330956,0.8001354791156258,0.7728365384615384,0.420863309352518,268131,66976,78813,48672,66976,0.8764865682369865,0.8766027887866458
0.02144969936330482,0.7869907453536283,0.800383877159309,0.7740384615384616,0.420863309352518,268548,66976,78396,48672,66976,0.8764865682369865,0.8766027887866458
0.021445885282858623,0.7877314628378131,0.8006316585352785,0.7752403846153846,0.420863309352518,268965,66976,77979,48672,66976,0.8764865682369865,0.8766027887866458
0.021397282401370177,0.787251884601369,0.799641452385412,0.7752403846153846,0.4172661870503597,268965,67392,77979,48256,67392,0.8764865682369865,0.8766027887866458
0.0213304038795733,0.7879915403719077,0.7998895401664023,0.7764423076923077,0.4172661870503597,269382,67392,77562,48256,67392,0.8764865682369865,0.8766027887866458
0.02132203401063526,0.7875123879240032,0.7989026958094843,0.7764423076923077,0.4136690647482014,269382,67808,77562,47840,67808,0.8764865682369865,0.8766027887866458
0.021258560002191507,0.7882509849521804,0.7991510839526431,0.7776442307692307,0.4136690647482014,269799,67808,77145,47840,67808,0.8764865682369865,0.8766027887866458
0.021245924089862034,0.7889886826829866,0.7993988592525975,0.7788461538461539,0.4136690647482014,270216,67808,76728,47840,67808,0.8764865682369865,0.8766027887866458
0.020966308237018172,0.7885097988864637,0.7984162628530906,0.7788461538461539,0.41007194244604317,270216,68224,76728,47424,68224,0.8764865682369865,0.8766027887866458
0.020940260467366356,0.7880314960629922,0.7974360790424251,0.7788461538461539,0.4064748201438849,270216,68640,76728,47008,68640,0.8764865682369865,0.8766027887866458
0.02063405462894602,0.7875537731559742,0.7964582989459784,0.7788461538461539,0.4028776978417266,270216,69056,76728,46592,69056,0.8764865682369865,0.8766027887866458
0.020633460465515285,0.7882901054857544,0.7967081654101251,0.7800480769230769,0.4028776978417266,270633,69056,76311,46592,69056,0.8764865682369865,0.8766027887866458
0.02058162253268131,0.7878128052002114,0.7957336704841153,0.7800480769230769,0.39928057553956836,270633,69472,76311,46176,69472,0.8764865682369865,0.8766027887866458
0.020575317018824535,0.7873360825642033,0.7947615565559834,0.7800480769230769,0.39568345323741005,270633,69888,76311,45760,69888,0.8764865682369865,0.8766027887866458
0.02053344530344603,0.7880712098877424,0.7950125829329673,0.78125,0.39568345323741005,271050,69888,75894,45760,69888,0.8764865682369865,0.8766027887866458
0.02009177054586031,0.7888054464702113,0.7952629960012304,0.7824519230769231,0.39568345323741005,271467,69888,75477,45760,69888,0.8764865682369865,0.8766027887866458
0.020018549128762386,0.7883289894949289,0.7942950104017017,0.7824519230769231,0.3920863309352518,271467,70304,75477,45344,70304,0.8764865682369865,0.8766027887866458
0.0199923170411338,0.7878531077545489,0.7933293783808268,0.7824519230769231,0.38848920863309355,271467,70720,75477,44928,70720,0.8764865682369865,0.8766027887866458
0.019902374649885868,0.7873778002079627,0.7923660913652245,0.7824519230769231,0.38489208633093525,271467,71136,75477,44512,71136,0.8764865682369865,0.8766027887866458
0.019883207117152413,0.7869030658165728,0.7914051408231031,0.7824519230769231,0.381294964028777,271467,71552,75477,44096,71552,0.8764865682369865,0.8766027887866458
0.019701081700422063,0.7876357947796866,0.7916584167064606,0.7836538461538461,0.381294964028777,271884,71552,75060,44096,71552,0.8764865682369865,0.8766027887866458
0.019664077662876034,0.787161477483946,0.7907006502797715,0.7836538461538461,0.3776978417266187,271884,71968,75060,43680,71968,0.8764865682369865,0.8766027887866458
0.01946912006084034,0.7878931675185508,0.7909541666545638,0.7848557692307693,0.3776978417266187,272301,71968,74643,43680,71968,0.8764865682369865,0.8766027887866458
0.019408578407632104,0.7874192666877763,0.7899995648200531,0.7848557692307693,0.37410071942446044,272301,72384,74643,43264,72384,0.8764865682369865,0.8766027887866458
0.019174983593876926,0.7881499206700132,0.7902533164108003,0.7860576923076923,0.37410071942446044,272718,72384,74226,43264,72384,0.8764865682369865,0.8766027887866458
0.018993987473096552,0.7876764356744486,0.7893018598162759,0.7860576923076923,0.37050359712230213,272718,72800,74226,42848,72800,0.8764865682369865,0.8766027887866458
0.01898359487110779,0.7884060564687341,0.7895558414152948,0.7872596153846154,0.37050359712230213,273135,72800,73809,42848,72800,0.8764865682369865,0.8766027887866458
0.01896715109135616,0.7891347995661305,0.7898092114380746,0.7884615384615384,0.37050359712230213,273552,72800,73392,42848,72800,0.8764865682369865,0.8766027887866458
0.018901410826220655,0.7898626665494232,0.7900619720909309,0.7896634615384616,0.37050359712230213,273969,72800,72975,42848,72800,0.8764865682369865,0.8766027887866458
0.01888253115608235,0.7893892921920853,0.7891153131615709,0.7896634615384616,0.3669064748201439,273969,73216,72975,42432,73216,0.8764865682369865,0.8766027887866458
0.018838394018661053,0.7889164848929875,0.788170920106674,0.7896634615384616,0.36330935251798563,273969,73632,72975,42016,73632,0.8764865682369865,0.8766027887866458
0.018715517643145163,0.7896431747347337,0.7884247366515525,0.7908653846153846,0.36330935251798563,274386,73632,72558,42016,73632,0.8764865682369865,0.8766027887866458
0.018587265998388114,0.7903689930239481,0.7886779456713591,0.7920673076923077,0.36330935251798563,274803,73632,72141,42016,73632,0.8764865682369865,0.8766027887866458
0.0185761829874857,0.7898964493852356,0.7877374581124893,0.7920673076923077,0.3597122302158273,274803,74048,72141,41600,74048,0.8764865682369865,0.8766027887866458
0.018556592593147514,0.7906212475510334,0.7879908837912434,0.7932692307692307,0.3597122302158273,275220,74048,71724,41600,74048,0.8764865682369865,0.8766027887866458
0.018554087416169096,0.7901491183242706,0.7870534539755893,0.7932692307692307,0.35611510791366907,275220,74464,71724,41184,74464,0.8764865682369865,0.8766027887866458
0.018552996427417756,0.7896775526365624,0.7861182519280205,0.7932692307692307,0.35251798561151076,275220,74880,71724,40768,74880,0.8764865682369865,0.8766027887866458
0.018543055611652592,0.7904011837221006,0.7863727008961049,0.7944711538461539,0.35251798561151076,275637,74880,71307,40768,74880,0.8764865682369865,0.8766027887866458
0.018525243472303443,0.7911239500313808,0.7866265451623382,0.7956730769230769,0.35251798561151076,276054,74880,70890,40768,74880,0.8764865682369865,0.8766027887866458
0.01847024219514859,0.7906526477386315,0.7856951757506759,0.7956730769230769,0.3489208633093525,276054,75296,70890,40352,75296,0.8764865682369865,0.8766027887866458
0.018445373945497945,0.791374402292221,0.7859492220702908,0.796875,0.3489208633093525,276471,75296,70473,40352,75296,0.8764865682369865,0.8766027887866458
0.01841220665113208,0.7909035125234757,0.7850208556347127,0.796875,0.34532374100719426,276471,75712,70473,39936,75712,0.8764865682369865,0.8766027887866458
0.01838838170903323,0.791624258088126,0.7852750992626205,0.7980769230769231,0.34532374100719426,276888,75712,70056,39936,75712,0.8764865682369865,0.8766027887866458
0.018284738797652744,0.7923441448880724,0.7855287422418751,0.7992788461538461,0.34532374100719426,277305,75712,69639,39936,75712,0.8764865682369865,0.8766027887866458
0.018264947688808375,0.7918735195473295,0.784604154111246,0.7992788461538461,0.34172661870503596,277305,76128,69639,39520,76128,0.8764865682369865,0.8766027887866458
0.018202038785135988,0.7914034529454489,0.7836817399512221,0.7992788461538461,0.3381294964028777,277305,76544,69639,39104,76544,0.8764865682369865,0.8766027887866458
0.01820051274298551,0.7921221887879523,0.7839363642009112,0.8004807692307693,0.3381294964028777,277722,76544,69222,39104,76544,0.8764865682369865,0.8766027887866458
0.01818197100784391,0.79284007029376,0.7841903897282926,0.8016826923076923,0.3381294964028777,278139,76544,68805,39104,76544,0.8764865682369865,0.8766027887866458
0.018142983797679313,0.7935570989852488,0.7844438186426359,0.8028846153846154,0.3381294964028777,278556,76544,68388,39104,76544,0.8764865682369865,0.8766027887866458
0.018128812602043243,0.7942732763811798,0.7846966530433144,0.8040865384615384,0.3381294964028777,278973,76544,67971,39104,76544,0.8764865682369865,0.8766027887866458
0.018102596530951642,0.7949886039967107,0.7849488950198632,0.8052884615384616,0.3381294964028777,279390,76544,67554,39104,76544,0.8764865682369865,0.8766027887866458
0.01809864216832735,0.795703083343405,0.7852005466520369,0.8064903846153846,0.3381294964028777,279807,76544,67137,39104,76544,0.8764865682369865,0.8766027887866458
0.017603953985871723,0.7952327020609312,0.784284981514546,0.8064903846153846,0.3345323741007194,279807,76960,67137,38688,76960,0.8764865682369865,0.8766027887866458
0.017531601371267636,0.795946191601527,0.7845368213581796,0.8076923076923077,0.3345323741007194,280224,76960,66720,38688,76960,0.8764865682369865,0.8766027887866458
0.017467899927391173,0.7966588365540881,0.7847880738588539,0.8088942307692307,0.3345323741007194,280641,76960,66303,38688,76960,0.8764865682369865,0.8766027887866458
0.017342583636995812,0.7961887253337419,0.7838761846504496,0.8088942307692307,0.33093525179856115,280641,77376,66303,38272,77376,0.8764865682369865,0.8766027887866458
0.01730801999007414,0.7969003853253149,0.7841276218215906,0.8100961538461539,0.33093525179856115,281058,77376,65886,38272,77376,0.8764865682369865,0.8766027887866458
0.01728072501586464,0.7976112043865429,0.7843784746315323,0.8112980769230769,0.33093525179856115,281475,77376,65469,38272,77376,0.8764865682369865,0.8766027887866458
0.017140164011619663,0.7983211840070688,0.7846287451150673,0.8125,0.33093525179856115,281892,77376,65052,38272,77376,0.8764865682369865,0.8766027887866458
0.017082072228083334,0.7990303256730193,0.7848784352975521,0.8137019230769231,0.33093525179856115,282309,77376,64635,38272,77376,0.8764865682369865,0.8766027887866458
0.01681831154311375,0.7985602047960172,0.78397171904549,0.8137019230769231,0.3273381294964029,282309,77792,64635,37856,77792,0.8764865682369865,0.8766027887866458
0.01671555446310613,0.7992683705979968,0.7842215922644639,0.8149038461538461,0.3273381294964029,282726,77792,64218,37856,77792,0.8764865682369865,0.8766027887866458
0.016662479778228823,0.7999757020620756,0.7844708881100475,0.8161057692307693,0.3273381294964029,283143,77792,63801,37856,77792,0.8764865682369865,0.8766027887866458
0.016635029811621405,0.8006822006618701,0.7847196085811066,0.8173076923076923,0.3273381294964029,283560,77792,63384,37856,77792,0.8764865682369865,0.8766027887866458
0.01662772464634321,0.8013878678675289,0.7849677556672905,0.8185096153846154,0.3273381294964029,283977,77792,62967,37856,77792,0.8764865682369865,0.8766027887866458
0.016621033229180515,0.8020927051457419,0.7852153313490858,0.8197115384615384,0.3273381294964029,284394,77792,62550,37856,77792,0.8764865682369865,0.8766027887866458
0.016232259252292103,0.8016224459020275,0.784314482545601,0.8197115384615384,0.3237410071942446,284394,78208,62550,37440,78208,0.8764865682369865,0.8766027887866458
0.016139112127542043,0.8023263184137764,0.7845622405438833,0.8209134615384616,0.3237410071942446,284811,78208,62133,37440,78208,0.8764865682369865,0.8766027887866458
0.015992686280534296,0.8030293645654438,0.7848094299959277,0.8221153846153846,0.3237410071942446,285228,78208,61716,37440,78208,0.8764865682369865,0.8766027887866458
0.01598507711637631,0.8037315858114201,0.7850560528565107,0.8233173076923077,0.3237410071942446,285645,78208,61299,37440,78208,0.8764865682369865,0.8766027887866458
0.01594020095079207,0.804432983602685,0.785302111071458,0.8245192307692307,0.3237410071942446,286062,78208,60882,37440,78208,0.8764865682369865,0.8766027887866458
0.015852562030348127,0.8039627334429409,0.7844063111827709,0.8245192307692307,0.32014388489208634,286062,78624,60882,37024,78624,0.8764865682369865,0.8766027887866458
0.01579374832932212,0.8034930327535019,0.7835125526565179,0.8245192307692307,0.31654676258992803,286062,79040,60882,36608,79040,0.8764865682369865,0.8766027887866458
0.01573286076245589,0.8030238805718761,0.7826208285228087,0.8245192307692307,0.3129496402877698,286062,79456,60882,36192,79456,0.8764865682369865,0.8766027887866458
0.015666209887013505,0.8025552759378183,0.7817311318434472,0.8245192307692307,0.30935251798561153,286062,79872,60882,35776,79872,0.8764865682369865,0.8766027887866458
0.015628494635628654,0.8032553151220743,0.7819795769630764,0.8257211538461539,0.30935251798561153,286479,79872,60465,35776,79872,0.8764865682369865,0.8766027887866458
0.015621604258987176,0.803954536283543,0.7822274571391179,0.8269230769230769,0.30935251798561153,286896,79872,60048,35776,79872,0.8764865682369865,0.8766027887866458
0.015482284676618219,0.803486209755114,0.7813412349121966,0.8269230769230769,0.3057553956834532,286896,80288,60048,35360,80288,0.8764865682369865,0.8766027887866458
0.01533874267070462,0.8041844810333849,0.7815892775046858,0.828125,0.3057553956834532,287313,80288,59631,35360,80288,0.8764865682369865,0.8766027887866458
0.015316267198423605,0.8048819377813087,0.7818367579846638,0.8293269230769231,0.3057553956834532,287730,80288,59214,35360,80288,0.8764865682369865,0.8766027887866458
0.015191537138506295,0.8055785814232735,0.7820836782607515,0.8305288461538461,0.3057553956834532,288147,80288,58797,35360,80288,0.8764865682369865,0.8766027887866458
0.01503801578547126,0.8062744133803486,0.782330040232939,0.8317307692307693,0.3057553956834532,288564,80288,58380,35360,80288,0.8764865682369865,0.8766027887866458
0.015009099676685123,0.8069694350702933,0.7825758457926335,0.8329326923076923,0.3057553956834532,288981,80288,57963,35360,80288,0.8764865682369865,0.8766027887866458
0.014983365284051087,0.8065009928428797,0.7816952270175961,0.8329326923076923,0.302158273381295,288981,80704,57963,34944,80704,0.8764865682369865,0.8766027887866458
0.014893122004010939,0.8060330941572704,0.7808165879043829,0.8329326923076923,0.29856115107913667,288981,81120,57963,34528,81120,0.8764865682369865,0.8766027887866458
0.014741651416531942,0.8055657380679926,0.7799399217849653,0.8329326923076923,0.2949640287769784,288981,81536,57963,34112,81536,0.8764865682369865,0.8766027887866458
0.014718828931080508,0.8050989236317642,0.7790652220212275,0.8329326923076923,0.29136690647482016,288981,81952,57963,33696,81952,0.8764865682369865,0.8766027887866458
0.014660000345535384,0.8057926141663442,0.7793133162784435,0.8341346153846154,0.29136690647482016,289398,81952,57546,33696,81952,0.8764865682369865,0.8766027887866458
0.01464874433117802,0.8064854997349421,0.7795608539757428,0.8353365384615384,0.29136690647482016,289815,81952,57129,33696,81952,0.8764865682369865,0.8766027887866458
0.014648090158009053,0.8071775817378826,0.7798078369838575,0.8365384615384616,0.29136690647482016,290232,81952,56712,33696,81952,0.8764865682369865,0.8766027887866458
0.014640775028338826,0.8078688615722436,0.7800542671651445,0.8377403846153846,0.29136690647482016,290649,81952,56295,33696,81952,0.8764865682369865,0.8766027887866458
0.0146289050788585,0.8085593406318666,0.7803001463736334,0.8389423076923077,0.29136690647482016,291066,81952,55878,33696,81952,0.8764865682369865,0.8766027887866458
0.014621413517633186,0.809249020307366,0.7805454764550726,0.8401442307692307,0.29136690647482016,291483,81952,55461,33696,81952,0.8764865682369865,0.8766027887866458
0.014437622229948599,0.8099379019861376,0.7807902592469748,0.8413461538461539,0.29136690647482016,291900,81952,55044,33696,81952,0.8764865682369865,0.8766027887866458
0.014405911891214873,0.8106259870523688,0.781034496578664,0.8425480769230769,0.29136690647482016,292317,81952,54627,33696,81952,0.8764865682369865,0.8766027887866458
0.01428667784263693,0.8113132768870474,0.7812781902713205,0.84375,0.29136690647482016,292734,81952,54210,33696,81952,0.8764865682369865,0.8766027887866458
0.01424190300782091,0.8119997728679712,0.781521342138026,0.8449519230769231,0.29136690647482016,293151,81952,53793,33696,81952,0.8764865682369865,0.8766027887866458
0.014166896076003355,0.8126854763697569,0.7817639539838092,0.8461538461538461,0.29136690647482016,293568,81952,53376,33696,81952,0.8764865682369865,0.8766027887866458
0.014106795350458723,0.8122177954847277,0.7808988764044944,0.8461538461538461,0.28776978417266186,293568,82368,53376,33280,82368,0.8764865682369865,0.8766027887866458
0.014095608675511517,0.8129025835859958,0.7811416409594184,0.8473557692307693,0.28776978417266186,293985,82368,52959,33280,82368,0.8764865682369865,0.8766027887866458
0.014086906930552257,0.8124353162096024,0.7802791630946283,0.8473557692307693,0.2841726618705036,293985,82784,52959,32864,82784,0.8764865682369865,0.8766027887866458
0.014046199915276447,0.8131191913054285,0.7805220766412327,0.8485576923076923,0.2841726618705036,294402,82784,52542,32864,82784,0.8764865682369865,0.8766027887866458
0.01401651295019779,0.8126523367736486,0.7796621839926695,0.8485576923076923,0.2805755395683453,294402,83200,52542,32448,83200,0.8764865682369865,0.8766027887866458
0.013998248675060887,0.8133353012498569,0.7799052428581632,0.8497596153846154,0.2805755395683453,294819,83200,52125,32448,83200,0.8764865682369865,0.8766027887866458
0.013998007234146681,0.814017480492983,0.7801477660687672,0.8509615384615384,0.2805755395683453,295236,83200,51708,32448,83200,0.8764865682369865,0.8766027887866458
0.013993453242402698,0.8135509151331779,0.7792911215989358,0.8509615384615384,0.27697841726618705,295236,83616,51708,32032,83616,0.8764865682369865,0.8766027887866458
0.013881666796329517,0.8142321880770518,0.779533787364641,0.8521634615384616,0.27697841726618705,295653,83616,51291,32032,83616,0.8764865682369865,0.8766027887866458
0.013829986131708938,0.8137660346614297,0.7786796950103375,0.8521634615384616,0.2733812949640288,295653,84032,51291,31616,84032,0.8764865682369865,0.8766027887866458
0.013740269753053758,0.814446403666343,0.7789224997500671,0.8533653846153846,0.2733812949640288,296070,84032,50874,31616,84032,0.8764865682369865,0.8766027887866458
0.01370180279705846,0.8151259926621698,0.7791647723241152,0.8545673076923077,0.2733812949640288,296487,84032,50457,31616,84032,0.8764865682369865,0.8766027887866458
0.013646578014916866,0.8158048029895038,0.7794065144801227,0.8557692307692307,0.2733812949640288,296904,84032,50040,31616,84032,0.8764865682369865,0.8766027887866458
0.013566180433001618,0.8164828359858683,0.7796477279580861,0.8569711538461539,0.2733812949640288,297321,84032,49623,31616,84032,0.8764865682369865,0.8766027887866458
0.013426074486829864,0.8171600929857256,0.7798884144904,0.8581730769230769,0.2733812949640288,297738,84032,49206,31616,84032,0.8764865682369865,0.8766027887866458
0.013423858993484639,0.8178365753204843,0.780128575801898,0.859375,0.2733812949640288,298155,84032,48789,31616,84032,0.8764865682369865,0.8766027887866458
0.013362938625780585,0.8185122843185095,0.7803682136098943,0.8605769230769231,0.2733812949640288,298572,84032,48372,31616,84032,0.8764865682369865,0.8766027887866458
0.01328679069275629,0.8180458214377695,0.7795206516630986,0.8605769230769231,0.2697841726618705,298572,84448,48372,31200,84448,0.8764865682369865,0.8766027887866458
0.013166009661915612,0.8175798899203155,0.7786749288016774,0.8605769230769231,0.26618705035971224,298572,84864,48372,30784,84864,0.8764865682369865,0.8766027887866458
0.013033415257624914,0.817114488858724,0.7778310390462991,0.8605769230769231,0.26258992805755393,298572,85280,48372,30368,85280,0.8764865682369865,0.8766027887866458
0.012851530380304066,0.8177890710367567,0.7780721317618647,0.8617788461538461,0.26258992805755393,298989,85280,47955,30368,85280,0.8764865682369865,0.8766027887866458
0.0127175852879583,0.8184628842447685,0.7783127017879518,0.8629807692307693,0.26258992805755393,299406,85280,47538,30368,85280,0.8764865682369865,0.8766027887866458
0.012628732134005838,0.8179977760960376,0.777471942498351,0.8629807692307693,0.2589928057553957,299406,85696,47538,29952,85696,0.8764865682369865,0.8766027887866458
0.012436642916887286,0.8186707041857404,0.7777126419190753,0.8641826923076923,0.2589928057553957,299823,85696,47121,29952,85696,0.8764865682369865,0.8766027887866458
0.012380920154023811,0.8193428664992904,0.7779528211931512,0.8653846153846154,0.2589928057553957,300240,85696,46704,29952,85696,0.8764865682369865,0.8766027887866458
0.012305150472341264,0.820014264343097,0.7781924820047987,0.8665865384615384,0.2589928057553957,300657,85696,46287,29952,85696,0.8764865682369865,0.8766027887866458
0.01230409365561791,0.8206848990205993,0.7784316260309745,0.8677884615384616,0.2589928057553957,301074,85696,45870,29952,85696,0.8764865682369865,0.8766027887866458
0.012174067833769453,0.8202198520697969,0.7775952642915808,0.8677884615384616,0.25539568345323743,301074,86112,45870,29536,86112,0.8764865682369865,0.8766027887866458
0.012159458938567957,0.8197553318648526,0.7767606978292165,0.8677884615384616,0.2517985611510791,301074,86528,45870,29120,86528,0.8764865682369865,0.8766027887866458
0.012009827473489387,0.82042497377419,0.7770006107948322,0.8689903846153846,0.2517985611510791,301491,86528,45453,29120,86528,0.8764865682369865,0.8766027887866458
0.011912801804374984,0.8199608637178925,0.7761684709153398,0.8689903846153846,0.24820143884892087,301491,86944,45453,28704,86944,0.8764865682369865,0.8766027887866458
0.011908323710755342,0.820629631039038,0.7764085050353348,0.8701923076923077,0.24820143884892087,301908,86944,45036,28704,86944,0.8764865682369865,0.8766027887866458
0.011811998498756804,0.8212976407642897,0.776648024887674,0.8713942307692307,0.24820143884892087,302325,86944,44619,28704,86944,0.8764865682369865,0.8766027887866458
0.01169376350414636,0.8219648941802533,0.7768870321232992,0.8725961538461539,0.24820143884892087,302742,86944,44202,28704,86944,0.8764865682369865,0.8766027887866458
0.011629664599162814,0.8215009646616358,0.7760585692972607,0.8725961538461539,0.2446043165467626,302742,87360,44202,28288,87360,0.8764865682369865,0.8766027887866458
0.011623219982212385,0.8210375585453895,0.7752318715142452,0.8725961538461539,0.24100719424460432,302742,87776,44202,27872,87776,0.8764865682369865,0.8766027887866458
0.011553757612657978,0.8205746749462648,0.7744069331396093,0.8725961538461539,0.23741007194244604,302742,88192,44202,27456,88192,0.8764865682369865,0.8766027887866458
0.011446229802922259,0.8201123129810076,0.7735837485626677,0.8725961538461539,0.23381294964028776,302742,88608,44202,27040,88608,0.8764865682369865,0.8766027887866458
0.01130438841776038,0.8207783558116774,0.7738247478730981,0.8737980769230769,0.23381294964028776,303159,88608,43785,27040,88608,0.8764865682369865,0.8766027887866458
0.011297912746024485,0.8214436471084846,0.7740652346857597,0.875,0.23381294964028776,303576,88608,43368,27040,88608,0.8764865682369865,0.8766027887866458
0.011292530130707412,0.8221081881427094,0.7743052106336968,0.8762019230769231,0.23381294964028776,303993,88608,42951,27040,88608,0.8764865682369865,0.8766027887866458
0.011223088082448651,0.8227719801827661,0.7745446773430225,0.8774038461538461,0.23381294964028776,304410,88608,42534,27040,88608,0.8764865682369865,0.8766027887866458
0.011047975908991092,0.8234350244942118,0.7747836364329559,0.8786057692307693,0.23381294964028776,304827,88608,42117,27040,88608,0.8764865682369865,0.8766027887866458
0.010922851439441161,0.8240973223397534,0.7750220895158587,0.8798076923076923,0.23381294964028776,305244,88608,41700,27040,88608,0.8764865682369865,0.8766027887866458
0.01090207363177953,0.8247588749792569,0.7752600381972714,0.8810096153846154,0.23381294964028776,305661,88608,41283,27040,88608,0.8764865682369865,0.8766027887866458
0.010882012515418649,0.8242962451576192,0.7744429101688688,0.8810096153846154,0.2302158273381295,305661,89024,41283,26624,89024,0.8764865682369865,0.8766027887866458
0.010833423734455672,0.8249569433700875,0.7746809684587778,0.8822115384615384,0.2302158273381295,306078,89024,40866,26624,89024,0.8764865682369865,0.8766027887866458
0.01079433595120749,0.8244947216153823,0.7738661704397777,0.8822115384615384,0.22661870503597123,306078,89440,40866,26208,89440,0.8764865682369865,0.8766027887866458
0.010788811341696125,0.8240330175345076,0.7730530846050099,0.8822115384615384,0.22302158273381295,306078,89856,40866,25792,89856,0.8764865682369865,0.8766027887866458
0.010654820030779777,0.8246927532137307,0.7732918549467518,0.8834134615384616,0.22302158273381295,306495,89856,40449,25792,89856,0.8764865682369865,0.8766027887866458
0.010551181129445253,0.8253517490641539,0.7735301233970482,0.8846153846153846,0.22302158273381295,306912,89856,40032,25792,89856,0.8764865682369865,0.8766027887866458
0.010522842311940728,0.8260100063295477,0.7737678915366895,0.8858173076923077,0.22302158273381295,307329,89856,39615,25792,89856,0.8764865682369865,0.8766027887866458
0.010432242036843564,0.8266675262508966,0.7740051609398343,0.8870192307692307,0.22302158273381295,307746,89856,39198,25792,89856,0.8764865682369865,0.8766027887866458
0.01041760803122671,0.8262059004351899,0.7731961871071158,0.8870192307692307,0.21942446043165467,307746,90272,39198,25376,90272,0.8764865682369865,0.8766027887866458
0.010407302292236298,0.8268625759512945,0.7734335587988003,0.8882211538461539,0.21942446043165467,308163,90272,38781,25376,90272,0.8764865682369865,0.8766027887866458
0.010327609065707288,0.8275185171280082,0.773670434145999,0.8894230769230769,0.21942446043165467,308580,90272,38364,25376,90272,0.8764865682369865,0.8766027887866458
0.010305257294174086,0.8281737251964252,0.7739068147038713,0.890625,0.21942446043165467,308997,90272,37947,25376,90272,0.8764865682369865,0.8766027887866458
0.010006764769045384,0.8277122908432434,0.7731013172873638,0.890625,0.2158273381294964,308997,90688,37947,24960,90688,0.8764865682369865,0.8766027887866458
0.009978985215224223,0.8283666601521191,0.7733377988612904,0.8918269230769231,0.2158273381294964,309414,90688,37530,24960,90688,0.8764865682369865,0.8766027887866458
0.009626822325287887,0.8279056326609245,0.7725345677347835,0.8918269230769231,0.21223021582733814,309414,91104,37530,24544,91104,0.8764865682369865,0.8766027887866458
0.009519947906282189,0.8285591653195236,0.7727711474428524,0.8930288461538461,0.21223021582733814,309831,91104,37113,24544,91104,0.8764865682369865,0.8766027887866458
0.009502116686646023,0.8292119695949196,0.7730072355438617,0.8942307692307693,0.21223021582733814,310248,91104,36696,24544,91104,0.8764865682369865,0.8766027887866458
0.009407887333757414,0.8298640467041443,0.7732428335685431,0.8954326923076923,0.21223021582733814,310665,91104,36279,24544,91104,0.8764865682369865,0.8766027887866458
0.009373741927124923,0.8305153978615194,0.7734779430412794,0.8966346153846154,0.21223021582733814,311082,91104,35862,24544,91104,0.8764865682369865,0.8766027887866458
0.009219370510022973,0.8311660242786643,0.773712565480138,0.8978365384615384,0.21223021582733814,311499,91104,35445,24544,91104,0.8764865682369865,0.8766027887866458
0.009172861155899159,0.8318159271645039,0.7739467023969033,0.8990384615384616,0.21223021582733814,311916,91104,35028,24544,91104,0.8764865682369865,0.8766027887866458
0.009166451371699802,0.831354780244676,0.7731486530701276,0.8990384615384616,0.20863309352517986,311916,91520,35028,24128,91520,0.8764865682369865,0.8766027887866458
0.009147480838262834,0.832003857234379,0.7733828893186382,0.9002403846153846,0.20863309352517986,312333,91520,34611,24128,91520,0.8764865682369865,0.8766027887866458
0.009083778142936039,0.8315431175978052,0.7725870645535522,0.9002403846153846,0.20503597122302158,312333,91936,34611,23712,91936,0.8764865682369865,0.8766027887866458
0.00903567966242752,0.8321913707542274,0.7728213973302758,0.9014423076923077,0.20503597122302158,312750,91936,34194,23712,91936,0.8764865682369865,0.8766027887866458
0.008929703776010822,0.832838905015245,0.7730552476777511,0.9026442307692307,0.20503597122302158,313167,91936,33777,23712,91936,0.8764865682369865,0.8766027887866458
0.008816083418067111,0.8334857215760488,0.7732886170842376,0.9038461538461539,0.20503597122302158,313584,91936,33360,23712,91936,0.8764865682369865,0.8766027887866458
0.008782097452830206,0.8341318216291818,0.7735215070318794,0.9050480769230769,0.20503597122302158,314001,91936,32943,23712,91936,0.8764865682369865,0.8766027887866458
0.008722501803060445,0.8347772063645463,0.7737539189967368,0.90625,0.20503597122302158,314418,91936,32526,23712,91936,0.8764865682369865,0.8766027887866458
0.008675199747776086,0.8343164648659837,0.7729626078619367,0.90625,0.2014388489208633,314418,92352,32526,23296,92352,0.8764865682369865,0.8766027887866458
0.008674242270100052,0.8349610346213059,0.7731951167399745,0.9074519230769231,0.2014388489208633,314835,92352,32109,23296,92352,0.8764865682369865,0.8766027887866458
0.008651829445626563,0.8345007004202522,0.7724059930864101,0.9074519230769231,0.19784172661870503,314835,92768,32109,22880,92768,0.8764865682369865,0.8766027887866458
0.008620999223615922,0.8351444572191522,0.7726385961472477,0.9086538461538461,0.19784172661870503,315252,92768,31692,22880,92768,0.8764865682369865,0.8766027887866458
0.008617153209613204,0.8346845296407106,0.7718516487283197,0.9086538461538461,0.19424460431654678,315252,93184,31692,22464,93184,0.8764865682369865,0.8766027887866458
0.008451880175948223,0.8353274754993735,0.772084343272521,0.9098557692307693,0.19424460431654678,315669,93184,31275,22464,93184,0.8764865682369865,0.8766027887866458
0.008399022335830397,0.8359697122772125,0.7723165636376964,0.9110576923076923,0.19424460431654678,316086,93184,30858,22464,93184,0.8764865682369865,0.8766027887866458
0.008021364445995882,0.8366112411466091,0.7725483112717758,0.9122596153846154,0.19424460431654678,316503,93184,30441,22464,93184,0.8764865682369865,0.8766027887866458
0.00781046885038017,0.8361515203151192,0.7717646542453969,0.9122596153846154,0.1906474820143885,316503,93600,30441,22048,93600,0.8764865682369865,0.8766027887866458
0.007754190706898534,0.8367922435917746,0.771996492253727,0.9134615384615384,0.1906474820143885,316920,93600,30024,22048,93600,0.8764865682369865,0.8766027887866458
0.0076053527345295024,0.8363329286958358,0.7712149823816847,0.9134615384615384,0.18705035971223022,316920,94016,30024,21632,94016,0.8764865682369865,0.8766027887866458
0.007485728629606503,0.8369728483694383,0.7714469081300003,0.9146634615384616,0.18705035971223022,317337,94016,29607,21632,94016,0.8764865682369865,0.8766027887866458
0.007161056105460806,0.8365139387357274,0.7706675344671405,0.9146634615384616,0.18345323741007194,317337,94432,29607,21216,94432,0.8764865682369865,0.8766027887866458
0.007117787128649078,0.8360555320637204,0.7698897339786747,0.9146634615384616,0.17985611510791366,317337,94848,29607,20800,94848,0.8764865682369865,0.8766027887866458
0.007067550370128073,0.8355976275270063,0.7691135019062,0.9146634615384616,0.17625899280575538,317337,95264,29607,20384,95264,0.8764865682369865,0.8766027887866458
0.007031103578657438,0.8351402243009839,0.768338833510485,0.9146634615384616,0.17266187050359713,317337,95680,29607,19968,95680,0.8764865682369865,0.8766027887866458
0.006947656048717721,0.8357790467372807,0.7685724928283596,0.9158653846153846,0.17266187050359713,317754,95680,29190,19968,95680,0.8764865682369865,0.8766027887866458
0.006894897395575583,0.8364171688825505,0.7688056812717621,0.9170673076923077,0.17266187050359713,318171,95680,28773,19968,95680,0.8764865682369865,0.8766027887866458
0.006853875982214597,0.8359600688902289,0.7680336594515131,0.9170673076923077,0.16906474820143885,318171,96096,28773,19552,96096,0.8764865682369865,0.8766027887866458
0.006818000514669298,0.8365973940033717,0.7682669213184015,0.9182692307692307,0.16906474820143885,318588,96096,28356,19552,96096,0.8764865682369865,0.8766027887866458
0.006779575458611409,0.8372340216128968,0.7684997145273078,0.9194711538461539,0.16906474820143885,319005,96096,27939,19552,96096,0.8764865682369865,0.8766027887866458
0.006742276232600153,0.8378699528632246,0.7687320404892207,0.9206730769230769,0.16906474820143885,319422,96096,27522,19552,96096,0.8764865682369865,0.8766027887866458
0.006709162199476926,0.8385051888962732,0.7689639006094702,0.921875,0.16906474820143885,319839,96096,27105,19552,96096,0.8764865682369865,0.8766027887866458
0.006612050408464354,0.8391397308514652,0.7691952962877565,0.9230769230769231,0.16906474820143885,320256,96096,26688,19552,96096,0.8764865682369865,0.8766027887866458
0.006542643553527794,0.8386826447666136,0.7684275184275184,0.9230769230769231,0.16546762589928057,320256,96512,26688,19136,96512,0.8764865682369865,0.8766027887866458
0.006535913441235719,0.8393163981474332,0.768658988218656,0.9242788461538461,0.16546762589928057,320673,96512,26271,19136,96512,0.8764865682369865,0.8766027887866458
0.0064621803090534335,0.8399494602025254,0.7688899957375683,0.9254807692307693,0.16546762589928057,321090,96512,25854,19136,96512,0.8764865682369865,0.8766027887866458
0.006301035066350935,0.8405818320624657,0.7691205423676915,0.9266826923076923,0.16546762589928057,321507,96512,25437,19136,96512,0.8764865682369865,0.8766027887866458
0.006205463661760835,0.8401249577006947,0.7683558975707099,0.9266826923076923,0.1618705035971223,321507,96928,25437,18720,96928,0.8764865682369865,0.8766027887866458
0.006189798687571746,0.8396685797112804,0.7675927716538817,0.9266826923076923,0.15827338129496402,321507,97344,25437,18304,97344,0.8764865682369865,0.8766027887866458
0.006130820559042793,0.8392126972857346,0.7668311600960724,0.9266826923076923,0.15467625899280577,321507,97760,25437,17888,97760,0.8764865682369865,0.8766027887866458
0.006128647633246942,0.8398440964848662,0.7670628377541198,0.9278846153846154,0.15467625899280577,321924,97760,25020,17888,97760,0.8764865682369865,0.8766027887866458
0.006068561094502045,0.8404748091702573,0.7672940554771353,0.9290865384615384,0.15467625899280577,322341,97760,24603,17888,97760,0.8764865682369865,0.8766027887866458
0.00604598985852578,0.8411048364609583,0.7675248146333807,0.9302884615384616,0.15467625899280577,322758,97760,24186,17888,97760,0.8764865682369865,0.8766027887866458
0.0060176060699506095,0.840649165622664,0.7667662864011935,0.9302884615384616,0.1510791366906475,322758,98176,24186,17472,98176,0.8764865682369865,0.8766027887866458
0.005984557359780762,0.8412784151920811,0.7669971116717416,0.9314903846153846,0.1510791366906475,323175,98176,23769,17472,98176,0.8764865682369865,0.8766027887866458
0.005954240139697475,0.8419069820687072,0.7672274805106125,0.9326923076923077,0.1510791366906475,323592,98176,23352,17472,98176,0.8764865682369865,0.8766027887866458
0.005855810315336107,0.8425348673629521,0.7674573942702844,0.9338942307692307,0.1510791366906475,324009,98176,22935,17472,98176,0.8764865682369865,0.8766027887866458
0.005846054789079402,0.8431620721828195,0.7676868542978973,0.9350961538461539,0.1510791366906475,324426,98176,22518,17472,98176,0.8764865682369865,0.8766027887866458
0.005805876797418619,0.8437885976339122,0.7679158619352795,0.9362980769230769,0.1510791366906475,324843,98176,22101,17472,98176,0.8764865682369865,0.8766027887866458
0.005732372434787414,0.8433329568952425,0.7671614297353785,0.9362980769230769,0.1474820143884892,324843,98592,22101,17056,98592,0.8764865682369865,0.8766027887866458
0.00567770846265514,0.8428778079774778,0.7664084784511538,0.9362980769230769,0.14388489208633093,324843,99008,22101,16640,99008,0.8764865682369865,0.8766027887866458
0.00564714879281758,0.8435034724563415,0.7666380683907341,0.9375,0.14388489208633093,325260,99008,21684,16640,99008,0.8764865682369865,0.8766027887866458
0.005524848458342779,0.8430487229597682,0.7658871066487082,0.9375,0.14028776978417265,325260,99424,21684,16224,99424,0.8764865682369865,0.8766027887866458
0.005507654920144933,0.8436736200610068,0.7661167581351256,0.9387019230769231,0.14028776978417265,325677,99424,21267,16224,99424,0.8764865682369865,0.8766027887866458
0.005391476626689484,0.8432192693223347,0.7653677761405537,0.9387019230769231,0.1366906474820144,325677,99840,21267,15808,99840,0.8764865682369865,0.8766027887866458
0.005283414384597729,0.8427654076910038,0.7646202571765982,0.9387019230769231,0.13309352517985612,325677,100256,21267,15392,100256,0.8764865682369865,0.8766027887866458
0.005205012861744962,0.842312034377655,0.7638741969607059,0.9387019230769231,0.12949640287769784,325677,100672,21267,14976,100672,0.8764865682369865,0.8766027887866458
0.005157337319680044,0.8429359837665276,0.76410491932347,0.9399038461538461,0.12949640287769784,326094,100672,20850,14976,100672,0.8764865682369865,0.8766027887866458
0.005135959519778188,0.843559260948139,0.7643351912412245,0.9411057692307693,0.12949640287769784,326511,100672,20433,14976,100672,0.8764865682369865,0.8766027887866458
0.0050071175743132135,0.8431061929421607,0.7635915893161583,0.9411057692307693,0.12589928057553956,326511,101088,20433,14560,101088,0.8764865682369865,0.8766027887866458
0.004981334898447098,0.8426536113523425,0.7628494328469797,0.9411057692307693,0.1223021582733813,326511,101504,20433,14144,101504,0.8764865682369865,0.8766027887866458
0.004892369281218278,0.8432760364004045,0.7630802554431042,0.9423076923076923,0.1223021582733813,326928,101504,20016,14144,101504,0.8764865682369865,0.8766027887866458
0.004856574205641118,0.8438977923234677,0.7633106291491877,0.9435096153846154,0.1223021582733813,327345,101504,19599,14144,101504,0.8764865682369865,0.8766027887866458
0.004833834667153036,0.8445188801999459,0.7635405552734202,0.9447115384615384,0.1223021582733813,327762,101504,19182,14144,101504,0.8764865682369865,0.8766027887866458
0.0047593946551565125,0.8451393011059363,0.7637700351189133,0.9459134615384616,0.1223021582733813,328179,101504,18765,14144,101504,0.8764865682369865,0.8766027887866458
0.004678894516338961,0.8457590561152264,0.7639990699837247,0.9471153846153846,0.1223021582733813,328596,101504,18348,14144,101504,0.8764865682369865,0.8766027887866458
0.004599121554253793,0.8453065109459007,0.7632608311886202,0.9471153846153846,0.11870503597122302,328596,101920,18348,13728,101920,0.8764865682369865,0.8766027887866458
0.004552853386937616,0.8448544498094812,0.7625240177104509,0.9471153846153846,0.11510791366906475,328596,102336,18348,13312,102336,0.8764865682369865,0.8766027887866458
0.004485247943258663,0.8444028719298156,0.7617886254254106,0.9471153846153846,0.11151079136690648,328596,102752,18348,12896,102752,0.8764865682369865,0.8766027887866458
0.004473495848585918,0.8450216961663471,0.7620186907229627,0.9483173076923077,0.11151079136690648,329013,102752,17931,12896,102752,0.8764865682369865,0.8766027887866458
0.004461580001168086,0.8456398579947274,0.7622483120537181,0.9495192307692307,0.11151079136690648,329430,102752,17514,12896,102752,0.8764865682369865,0.8766027887866458
0.004403298912108,0.84625735847798,0.7624774907015504,0.9507211538461539,0.11151079136690648,329847,102752,17097,12896,102752,0.8764865682369865,0.8766027887866458
0.00431034195777158,0.8468741986768552,0.7627062279453877,0.9519230769230769,0.11151079136690648,330264,102752,16680,12896,102752,0.8764865682369865,0.8766027887866458
0.004290274033935837,0.8474903796498359,0.7629345250592364,0.953125,0.11151079136690648,330681,102752,16263,12896,102752,0.8764865682369865,0.8766027887866458
0.004248637138867362,0.8470388438420938,0.7622029784556378,0.953125,0.1079136690647482,330681,103168,16263,12480,103168,0.8764865682369865,0.8766027887866458
0.004245596025716392,0.8476542798991308,0.762431320895488,0.9543269230769231,0.1079136690647482,331098,103168,15846,12480,103168,0.8764865682369865,0.8766027887866458
0.004125855177701476,0.8472031380737078,0.7617016577636065,0.9543269230769231,0.10431654676258993,331098,103584,15846,12064,103584,0.8764865682369865,0.8766027887866458
0.004024963715059338,0.8467524762097176,0.7609733899029644,0.9543269230769231,0.10071942446043165,331098,104000,15846,11648,104000,0.8764865682369865,0.8766027887866458
0.0038642367591675275,0.8463022935416342,0.760246513315301,0.9543269230769231,0.09712230215827339,331098,104416,15846,11232,104416,0.8764865682369865,0.8766027887866458
0.00382081814573898,0.8469168130288999,0.7604758551238614,0.9555288461538461,0.09712230215827339,331515,104416,15429,11232,104416,0.8764865682369865,0.8766027887866458
0.003804752893642349,0.84753067821451,0.7607047585871827,0.9567307692307693,0.09712230215827339,331932,104416,15012,11232,104416,0.8764865682369865,0.8766027887866458
0.003655963095216541,0.8481438901428974,0.7609332249607913,0.9579326923076923,0.09712230215827339,332349,104416,14595,11232,104416,0.8764865682369865,0.8766027887866458
0.0036167779475778095,0.8476939263510282,0.7602091582205082,0.9579326923076923,0.09352517985611511,332349,104832,14595,10816,104832,0.8764865682369865,0.8766027887866458
0.003494084122758867,0.8483064004221571,0.7604376619637201,0.9591346153846154,0.09352517985611511,332766,104832,14178,10816,104832,0.8764865682369865,0.8766027887866458
0.0034712387736377526,0.8489182237543617,0.7606657306256634,0.9603365384615384,0.09352517985611511,333183,104832,13761,10816,104832,0.8764865682369865,0.8766027887866458
0.003423132540307794,0.8484685659716695,0.7599439820633122,0.9603365384615384,0.08992805755395683,333183,105248,13761,10400,105248,0.8764865682369865,0.8766027887866458
0.0033715708708511594,0.8490796546668838,0.7601720869184775,0.9615384615384616,0.08992805755395683,333600,105248,13344,10400,105248,0.8764865682369865,0.8766027887866458
0.0033528778771380052,0.849690095127377,0.7603997586878081,0.9627403846153846,0.08992805755395683,334017,105248,12927,10400,105248,0.8764865682369865,0.8766027887866458
0.0033162992743872577,0.8492407436834578,0.7596803136819649,0.9627403846153846,0.08633093525179857,334017,105664,12927,9984,105664,0.8764865682369865,0.8766027887866458
0.00324950086662229,0.8498504527077335,0.7599080204863462,0.9639423076923077,0.08633093525179857,334434,105664,12510,9984,105664,0.8764865682369865,0.8766027887866458
0.003101166529599464,0.850459515987499,0.760135296187417,0.9651442307692307,0.08633093525179857,334851,105664,12093,9984,105664,0.8764865682369865,0.8766027887866458
0.0030676883758997686,0.851067934548076,0.7603621420082916,0.9663461538461539,0.08633093525179857,335268,105664,11676,9984,105664,0.8764865682369865,0.8766027887866458
0.0030633218704887444,0.8506188062291639,0.7596454498490987,0.9663461538461539,0.08273381294964029,335268,106080,11676,9568,106080,0.8764865682369865,0.8766027887866458
0.003053068023611105,0.8501701516911202,0.758930107478201,0.9663461538461539,0.07913669064748201,335268,106496,11676,9152,106496,0.8764865682369865,0.8766027887866458
0.0030086400714074424,0.8507777601774117,0.7591574490988984,0.9675480769230769,0.07913669064748201,335685,106496,11259,9152,106496,0.8764865682369865,0.8766027887866458
0.002764172417588806,0.8513847268416374,0.7593843623333137,0.96875,0.07913669064748201,336102,106496,10842,9152,106496,0.8764865682369865,0.8766027887866458
0.0027164333762563775,0.8519910527002035,0.759610848391138,0.9699519230769231,0.07913669064748201,336519,106496,10425,9152,106496,0.8764865682369865,0.8766027887866458
0.002585964965363896,0.8515426221730191,0.7588982276836757,0.9699519230769231,0.07553956834532374,336519,106912,10425,8736,106912,0.8764865682369865,0.8766027887866458
0.002513185311893651,0.8510946634445764,0.758186942797856,0.9699519230769231,0.07194244604316546,336519,107328,10425,8320,107328,0.8764865682369865,0.8766027887866458
0.002487820397763185,0.8506471757706896,0.7574769899811598,0.9699519230769231,0.0683453237410072,336519,107744,10425,7904,107744,0.8764865682369865,0.8766027887866458
0.0024610796644569666,0.8502001584087375,0.75676836549511,0.9699519230769231,0.06474820143884892,336519,108160,10425,7488,108160,0.8764865682369865,0.8766027887866458
0.0022533757590540437,0.8508055148729862,0.7569962435070187,0.9711538461538461,0.06474820143884892,336936,108160,10008,7488,108160,0.8764865682369865,0.8766027887866458
0.0022382322265975807,0.8514102342461484,0.757223694931461,0.9723557692307693,0.06474820143884892,337353,108160,9591,7488,108160,0.8764865682369865,0.8766027887866458
0.002202565048136318,0.852014317533429,0.7574507209651739,0.9735576923076923,0.06474820143884892,337770,108160,9174,7488,108160,0.8764865682369865,0.8766027887866458
0.002163327349003319,0.8515675225957721,0.7567447675121991,0.9735576923076923,0.06115107913669065,337770,108576,9174,7072,108576,0.8764865682369865,0.8766027887866458
0.0021573912204483348,0.8521708892576227,0.756971817272245,0.9747596153846154,0.06115107913669065,338187,108576,8757,7072,108576,0.8764865682369865,0.8766027887866458
0.002056042126083568,0.8527736222554664,0.7571984435797665,0.9759615384615384,0.06115107913669065,338604,108576,8340,7072,108576,0.8764865682369865,0.8766027887866458
0.0019764931541447206,0.8533757225870031,0.7574246476182817,0.9771634615384616,0.06115107913669065,339021,108576,7923,7072,108576,0.8764865682369865,0.8766027887866458
0.001896903190325927,0.8529291521428203,0.7567213451395384,0.9771634615384616,0.05755395683453238,339021,108992,7923,6656,108992,0.8764865682369865,0.8766027887866458
0.0018709807684619273,0.8524830488336919,0.7560193475444273,0.9771634615384616,0.0539568345323741,339021,109408,7923,6240,109408,0.8764865682369865,0.8766027887866458
0.0018663380309053013,0.8530843564256902,0.7562460175650446,0.9783653846153846,0.0539568345323741,339438,109408,7506,6240,109408,0.8764865682369865,0.8766027887866458
0.0017923647135643095,0.8526386387442446,0.7555457617158807,0.9783653846153846,0.050359712230215826,339438,109824,7506,5824,109824,0.8764865682369865,0.8766027887866458
0.0017683020398736593,0.8532392361254948,0.7557724510150574,0.9795673076923077,0.050359712230215826,339855,109824,7089,5824,109824,0.8764865682369865,0.8766027887866458
0.0016838246948907565,0.8527939034350891,0.7550739288372454,0.9795673076923077,0.046762589928057555,339855,110240,7089,5408,110240,0.8764865682369865,0.8766027887866458
0.00153021030487821,0.8523490353687669,0.7543766966844316,0.9795673076923077,0.04316546762589928,339855,110656,7089,4992,110656,0.8764865682369865,0.8766027887866458
0.0014489456553175017,0.8519046311997804,0.7536807509863016,0.9795673076923077,0.039568345323741004,339855,111072,7089,4576,111072,0.8764865682369865,0.8766027887866458
0.001442599342449391,0.852504359328964,0.7539083271296395,0.9807692307692307,0.039568345323741004,340272,111072,6672,4576,111072,0.8764865682369865,0.8766027887866458
0.0014356518764628845,0.8531034612278626,0.7541354831426351,0.9819711538461539,0.039568345323741004,340689,111072,6255,4576,111072,0.8764865682369865,0.8766027887866458
0.0014294571284675373,0.8537019378768198,0.7543622201876252,0.9831730769230769,0.039568345323741004,341106,111072,5838,4576,111072,0.8764865682369865,0.8766027887866458
0.0013954537811067258,0.8532577563542946,0.7536688511115923,0.9831730769230769,0.03597122302158273,341106,111488,5838,4160,111488,0.8764865682369865,0.8766027887866458
0.001259202250116942,0.8538555293735273,0.7538956007690762,0.984375,0.03597122302158273,341523,111488,5421,4160,111488,0.8764865682369865,0.8766027887866458
0.0012560331586618512,0.8544526795040306,0.7541219333609747,0.9855769230769231,0.03597122302158273,341940,111488,5004,4160,111488,0.8764865682369865,0.8766027887866458
0.0011916110220387965,0.8550492077188873,0.7543478500369069,0.9867788461538461,0.03597122302158273,342357,111488,4587,4160,111488,0.8764865682369865,0.8766027887866458
0.0011638291251129251,0.8546052508409209,0.7536570385747401,0.9867788461538461,0.03237410071942446,342357,111904,4587,3744,111904,0.8764865682369865,0.8766027887866458
0.0010419887381770687,0.8541617547444491,0.7529674912080444,0.9867788461538461,0.02877697841726619,342357,112320,4587,3328,112320,0.8764865682369865,0.8766027887866458
0.0008348952843032498,0.854757505255362,0.7531938456670491,0.9879807692307693,0.02877697841726619,342774,112320,4170,3328,112320,0.8764865682369865,0.8766027887866458
0.0008327433450860955,0.8543143906068136,0.7525059823055477,0.9879807692307693,0.025179856115107913,342774,112736,4170,2912,112736,0.8764865682369865,0.8766027887866458
0.0007305228101415207,0.8549094437338003,0.7527323453096658,0.9891826923076923,0.025179856115107913,343191,112736,3753,2912,112736,0.8764865682369865,0.8766027887866458
0.0007126201951412336,0.8555038790570754,0.7529582946198482,0.9903846153846154,0.025179856115107913,343608,112736,3336,2912,112736,0.8764865682369865,0.8766027887866458
0.0006941654901413408,0.8560976975382759,0.7531838313691406,0.9915865384615384,0.025179856115107913,344025,112736,2919,2912,112736,0.8764865682369865,0.8766027887866458
0.0006922923875236076,0.8556548081694173,0.7524984852693815,0.9915865384615384,0.02158273381294964,344025,113152,2919,2496,113152,0.8764865682369865,0.8766027887866458
0.0006777436054823949,0.8562479335966728,0.7527240304724275,0.9927884615384616,0.02158273381294964,344442,113152,2502,2496,113152,0.8764865682369865,0.8766027887866458
0.0006138535533261047,0.8568404444968973,0.752949164976387,0.9939903846153846,0.02158273381294964,344859,113152,2085,2496,113152,0.8764865682369865,0.8766027887866458
0.0005118689643710816,0.8563978588749781,0.7522659005686838,0.9939903846153846,0.017985611510791366,344859,113568,2085,2080,113568,0.8764865682369865,0.8766027887866458
0.00047864083835436055,0.8569896796676049,0.7524910427073254,0.9951923076923077,0.017985611510791366,345276,113568,1668,2080,113568,0.8764865682369865,0.8766027887866458
0.0004307494824709046,0.8575808882356225,0.7527157759966555,0.9963942307692307,0.017985611510791366,345693,113568,1251,2080,113568,0.8764865682369865,0.8766027887866458
0.00041094423678222913,0.8571386066070682,0.7520345808034772,0.9963942307692307,0.014388489208633094,345693,113984,1251,1664,113984,0.8764865682369865,0.8766027887866458
0.0003817859449043448,0.8566967809406508,0.7513546174360402,0.9963942307692307,0.01079136690647482,345693,114400,1251,1248,114400,0.8764865682369865,0.8766027887866458
0.00031634869677921174,0.8562554105316347,0.7506758825560412,0.9963942307692307,0.007194244604316547,345693,114816,1251,832,114816,0.8764865682369865,0.8766027887866458
0.00028764100320777253,0.8568457796427643,0.7509014462191328,0.9975961538461539,0.007194244604316547,346110,114816,834,832,114816,0.8764865682369865,0.8766027887866458
0.0002818154679871121,0.8564047874143558,0.7502243454963996,0.9975961538461539,0.0035971223021582736,346110,115232,834,416,115232,0.8764865682369865,0.8766027887866458
0.0002749572634701547,0.8569944713943191,0.7504499100179964,0.9987980769230769,0.0035971223021582736,346527,115232,417,416,115232,0.8764865682369865,0.8766027887866458
7.786060185943633e-05,0.8575835475578406,0.7506750675067507,1.0,0.0035971223021582736,346944,115232,0,416,115232,0.8764865682369865,0.8766027887866458
5.8617359000590064e-05,0.8571428571428571,0.75,1.0,0.0,346944,115648,0,0,115648,0.8764865682369865,0.8766027887866458
