threshold,f1,precision,recall,tnr,tp,fp,fn,tn_unknown,fp_unknown,auc_pr_trapezoid,ap_pr_step
0.4659911520733991,0.0,,0.0,1.0,0,0,1040832,115648,0,0.547028752929397,0.5471379880374336
0.46599115207339903,0.0024009603841536613,1.0,0.001201923076923077,1.0,1251,0,1039581,115648,0,0.547028752929397,0.5471379880374336
0.45918790643602114,0.004796163069544364,1.0,0.002403846153846154,1.0,2502,0,1038330,115648,0,0.547028752929397,0.5471379880374336
0.441410292174164,0.00718562874251497,1.0,0.003605769230769231,1.0,3753,0,1037079,115648,0,0.547028752929397,0.5471379880374336
0.4370850989735509,0.009569377990430622,1.0,0.004807692307692308,1.0,5004,0,1035828,115648,0,0.547028752929397,0.5471379880374336
0.43067251823084596,0.011947431302270013,1.0,0.006009615384615385,1.0,6255,0,1034577,115648,0,0.547028752929397,0.5471379880374336
0.428965058392077,0.014319809069212411,1.0,0.007211538461538462,1.0,7506,0,1033326,115648,0,0.547028752929397,0.5471379880374336
0.4254813228974363,0.0166865315852205,1.0,0.008413461538461538,1.0,8757,0,1032075,115648,0,0.547028752929397,0.5471379880374336
0.42520873158063965,0.01904761904761905,1.0,0.009615384615384616,1.0,10008,0,1030824,115648,0,0.547028752929397,0.5471379880374336
0.4207125423596874,0.02140309155766944,1.0,0.010817307692307692,1.0,11259,0,1029573,115648,0,0.547028752929397,0.5471379880374336
0.4195493873167696,0.023752969121140142,1.0,0.01201923076923077,1.0,12510,0,1028322,115648,0,0.547028752929397,0.5471379880374336
0.4189615321349952,0.02609727164887307,1.0,0.013221153846153846,1.0,13761,0,1027071,115648,0,0.547028752929397,0.5471379880374336
0.4177763811108394,0.02843601895734597,1.0,0.014423076923076924,1.0,15012,0,1025820,115648,0,0.547028752929397,0.5471379880374336
0.41475428517173896,0.03076923076923077,1.0,0.015625,1.0,16263,0,1024569,115648,0,0.547028752929397,0.5471379880374336
0.4115717564701985,0.03309692671394799,1.0,0.016826923076923076,1.0,17514,0,1023318,115648,0,0.547028752929397,0.5471379880374336
0.4085741386390731,0.03541912632821724,1.0,0.018028846153846152,1.0,18765,0,1022067,115648,0,0.547028752929397,0.5471379880374336
0.40073032942405873,0.03773584905660377,1.0,0.019230769230769232,1.0,20016,0,1020816,115648,0,0.547028752929397,0.5471379880374336
0.4006725807718996,0.04004711425206125,1.0,0.020432692307692308,1.0,21267,0,1019565,115648,0,0.547028752929397,0.5471379880374336
0.3940780685824187,0.042352941176470586,1.0,0.021634615384615384,1.0,22518,0,1018314,115648,0,0.547028752929397,0.5471379880374336
0.3906259686650422,0.04465334900117509,1.0,0.02283653846153846,1.0,23769,0,1017063,115648,0,0.547028752929397,0.5471379880374336
0.38901710345481877,0.046948356807511735,1.0,0.02403846153846154,1.0,25020,0,1015812,115648,0,0.547028752929397,0.5471379880374336
0.3758639089853688,0.0492379835873388,1.0,0.025240384615384616,1.0,26271,0,1014561,115648,0,0.547028752929397,0.5471379880374336
0.3708364131032238,0.05152224824355972,1.0,0.026442307692307692,1.0,27522,0,1013310,115648,0,0.547028752929397,0.5471379880374336
0.36115628214223006,0.05380116959064327,1.0,0.027644230769230768,1.0,28773,0,1012059,115648,0,0.547028752929397,0.5471379880374336
0.3599096316795919,0.056074766355140186,1.0,0.028846153846153848,1.0,30024,0,1010808,115648,0,0.547028752929397,0.5471379880374336
0.35866826919845396,0.058343057176196034,1.0,0.030048076923076924,1.0,31275,0,1009557,115648,0,0.547028752929397,0.5471379880374336
0.3585616538795009,0.06060606060606061,1.0,0.03125,1.0,32526,0,1008306,115648,0,0.547028752929397,0.5471379880374336
0.3578272438328759,0.06286379511059371,1.0,0.03245192307692308,1.0,33777,0,1007055,115648,0,0.547028752929397,0.5471379880374336
0.3476404392549693,0.06511627906976744,1.0,0.03365384615384615,1.0,35028,0,1005804,115648,0,0.547028752929397,0.5471379880374336
0.3309251130639268,0.06736353077816493,1.0,0.03485576923076923,1.0,36279,0,1004553,115648,0,0.547028752929397,0.5471379880374336
0.3276711497743183,0.06960556844547564,1.0,0.036057692307692304,1.0,37530,0,1003302,115648,0,0.547028752929397,0.5471379880374336
0.32583988575110356,0.07184241019698726,1.0,0.037259615384615384,1.0,38781,0,1002051,115648,0,0.547028752929397,0.5471379880374336
0.3252255109883459,0.07407407407407407,1.0,0.038461538461538464,1.0,40032,0,1000800,115648,0,0.547028752929397,0.5471379880374336
0.3236250533118483,0.07630057803468208,1.0,0.039663461538461536,1.0,41283,0,999549,115648,0,0.547028752929397,0.5471379880374336
0.32079479064480215,0.07852193995381063,1.0,0.040865384615384616,1.0,42534,0,998298,115648,0,0.547028752929397,0.5471379880374336
0.3207722818278354,0.08073817762399077,1.0,0.042067307692307696,1.0,43785,0,997047,115648,0,0.547028752929397,0.5471379880374336
0.32045454377983834,0.08294930875576037,1.0,0.04326923076923077,1.0,45036,0,995796,115648,0,0.547028752929397,0.5471379880374336
0.3176688399355635,0.08515535097813579,1.0,0.04447115384615385,1.0,46287,0,994545,115648,0,0.547028752929397,0.5471379880374336
0.316292797441068,0.08735632183908046,1.0,0.04567307692307692,1.0,47538,0,993294,115648,0,0.547028752929397,0.5471379880374336
0.31604066345209963,0.08725602755453502,0.9743589743589743,0.04567307692307692,1.0,47538,1251,993294,115648,0,0.547028752929397,0.5471379880374336
0.31376022114172364,0.08944954128440367,0.975,0.046875,1.0,48789,1251,992043,115648,0,0.547028752929397,0.5471379880374336
0.31252687697570625,0.09163802978235967,0.975609756097561,0.04807692307692308,1.0,50040,1251,990792,115648,0,0.547028752929397,0.5471379880374336
0.309374939160766,0.09382151029748284,0.9761904761904762,0.04927884615384615,1.0,51291,1251,989541,115648,0,0.547028752929397,0.5471379880374336
0.3027388115210593,0.096,0.9767441860465116,0.05048076923076923,1.0,52542,1251,988290,115648,0,0.547028752929397,0.5471379880374336
0.30171689230330867,0.09817351598173515,0.9772727272727273,0.051682692307692304,1.0,53793,1251,987039,115648,0,0.547028752929397,0.5471379880374336
0.3012749848242824,0.10034207525655645,0.9777777777777777,0.052884615384615384,1.0,55044,1251,985788,115648,0,0.547028752929397,0.5471379880374336
0.29991754455812675,0.10250569476082004,0.9782608695652174,0.054086538461538464,1.0,56295,1251,984537,115648,0,0.547028752929397,0.5471379880374336
0.29984952903879847,0.10466439135381114,0.9787234042553191,0.055288461538461536,1.0,57546,1251,983286,115648,0,0.547028752929397,0.5471379880374336
0.29841394165583823,0.10681818181818181,0.9791666666666666,0.056490384615384616,1.0,58797,1251,982035,115648,0,0.547028752929397,0.5471379880374336
0.2964306470716582,0.10896708286038592,0.9795918367346939,0.057692307692307696,1.0,60048,1251,980784,115648,0,0.547028752929397,0.5471379880374336
0.29587430205775,0.1111111111111111,0.98,0.05889423076923077,1.0,61299,1251,979533,115648,0,0.547028752929397,0.5471379880374336
0.2948131004783555,0.11325028312570781,0.9803921568627451,0.06009615384615385,1.0,62550,1251,978282,115648,0,0.547028752929397,0.5471379880374336
0.29420389398657115,0.11538461538461539,0.9807692307692307,0.06129807692307692,1.0,63801,1251,977031,115648,0,0.547028752929397,0.5471379880374336
0.2929662841421055,0.11751412429378531,0.9811320754716981,0.0625,1.0,65052,1251,975780,115648,0,0.547028752929397,0.5471379880374336
0.2901332790715603,0.11963882618510158,0.9814814814814815,0.06370192307692307,1.0,66303,1251,974529,115648,0,0.547028752929397,0.5471379880374336
0.2899879539661485,0.12175873731679819,0.9818181818181818,0.06490384615384616,1.0,67554,1251,973278,115648,0,0.547028752929397,0.5471379880374336
0.28528834705497896,0.12387387387387387,0.9821428571428571,0.06610576923076923,1.0,68805,1251,972027,115648,0,0.547028752929397,0.5471379880374336
0.2850369227948614,0.12598425196850394,0.9824561403508771,0.0673076923076923,1.0,70056,1251,970776,115648,0,0.547028752929397,0.5471379880374336
0.2836279780035559,0.12808988764044943,0.9827586206896551,0.06850961538461539,1.0,71307,1251,969525,115648,0,0.547028752929397,0.5471379880374336
0.2830556698380191,0.13019079685746351,0.9830508474576272,0.06971153846153846,1.0,72558,1251,968274,115648,0,0.547028752929397,0.5471379880374336
0.2829082923371615,0.13228699551569506,0.9833333333333333,0.07091346153846154,1.0,73809,1251,967023,115648,0,0.547028752929397,0.5471379880374336
0.28268700424267557,0.1343784994400896,0.9836065573770492,0.07211538461538461,1.0,75060,1251,965772,115648,0,0.547028752929397,0.5471379880374336
0.2806100041822612,0.13646532438478748,0.9838709677419355,0.0733173076923077,1.0,76311,1251,964521,115648,0,0.547028752929397,0.5471379880374336
0.2779706585237448,0.13854748603351955,0.9841269841269841,0.07451923076923077,1.0,77562,1251,963270,115648,0,0.547028752929397,0.5471379880374336
0.2779044030857889,0.140625,0.984375,0.07572115384615384,1.0,78813,1251,962019,115648,0,0.547028752929397,0.5471379880374336
0.27556010515233487,0.1426978818283166,0.9846153846153847,0.07692307692307693,1.0,80064,1251,960768,115648,0,0.547028752929397,0.5471379880374336
0.2755501408707884,0.14264500077055808,0.97960382229509,0.07692307692307693,0.9964028776978417,80064,1667,960768,115232,416,0.547028752929397,0.5471379880374336
0.2752129415902547,0.1447125591957388,0.9799113060663759,0.078125,0.9964028776978417,81315,1667,959517,115232,416,0.547028752929397,0.5471379880374336
0.27393929687677415,0.1467755196366432,0.9802096565479088,0.07932692307692307,0.9964028776978417,82566,1667,958266,115232,416,0.547028752929397,0.5471379880374336
0.27279577945044226,0.1488338974142248,0.9804992747180759,0.08052884615384616,0.9964028776978417,83817,1667,957015,115232,416,0.547028752929397,0.5471379880374336
0.27248791850335086,0.15088770778144447,0.9807805384216292,0.08173076923076923,0.9964028776978417,85068,1667,955764,115232,416,0.547028752929397,0.5471379880374336
0.27230416235148125,0.15293696592364756,0.981053804014275,0.0829326923076923,0.9964028776978417,86319,1667,954513,115232,416,0.547028752929397,0.5471379880374336
0.2712684604942408,0.1549816869589379,0.9813194078689332,0.08413461538461539,0.9964028776978417,87570,1667,953262,115232,416,0.547028752929397,0.5471379880374336
0.27123053757335414,0.15702188593854965,0.9815776677570507,0.08533653846153846,0.9964028776978417,88821,1667,952011,115232,416,0.547028752929397,0.5471379880374336
0.2699239409387214,0.15905757784721664,0.9818288841168968,0.08653846153846154,0.9964028776978417,90072,1667,950760,115232,416,0.547028752929397,0.5471379880374336
0.26466517862130906,0.16108877760353918,0.982073341219486,0.08774038461538461,0.9964028776978417,91323,1667,949509,115232,416,0.547028752929397,0.5471379880374336
0.26393713848129685,0.16091123654601952,0.9690368311032354,0.08774038461538461,0.9964028776978417,91323,2918,949509,115232,416,0.547028752929397,0.5471379880374336
0.2637947203155959,0.1629359232050014,0.9694424663846186,0.0889423076923077,0.9964028776978417,92574,2918,948258,115232,416,0.547028752929397,0.5471379880374336
0.2623918951123815,0.16495615673691844,0.9698376109899425,0.09014423076923077,0.9964028776978417,93825,2918,947007,115232,416,0.547028752929397,0.5471379880374336
0.2609676919594689,0.1669719518170467,0.9702226666938792,0.09134615384615384,0.9964028776978417,95076,2918,945756,115232,416,0.547028752929397,0.5471379880374336
0.25989703199095493,0.16691098116115805,0.9661213291332181,0.09134615384615384,0.9928057553956835,95076,3334,945756,114816,832,0.547028752929397,0.5471379880374336
0.25776489860310536,0.16892168562191964,0.9665465929501008,0.09254807692307693,0.9928057553956835,96327,3334,944505,114816,832,0.547028752929397,0.5471379880374336
0.2571084836080994,0.170927983856276,0.9669613128270176,0.09375,0.9928057553956835,97578,3334,943254,114816,832,0.547028752929397,0.5471379880374336
0.2566925445091759,0.1729298903319787,0.9673658760999579,0.09495192307692307,0.9928057553956835,98829,3334,942003,114816,832,0.547028752929397,0.5471379880374336
0.25598012654659885,0.17492741945350912,0.9677606513624848,0.09615384615384616,0.9928057553956835,100080,3334,940752,114816,832,0.547028752929397,0.5471379880374336
0.2557036282633761,0.17486384627077686,0.9638832707310026,0.09615384615384616,0.9892086330935251,100080,3750,940752,114400,1248,0.547028752929397,0.5471379880374336
0.25336783200188595,0.17685635820520407,0.9643132440688612,0.09735576923076923,0.9892086330935251,101331,3750,939501,114400,1248,0.547028752929397,0.5471379880374336
0.25311688176050273,0.1788445244097618,0.9647331001015687,0.0985576923076923,0.9892086330935251,102582,3750,938250,114400,1248,0.547028752929397,0.5471379880374336
0.2517963694785328,0.18082835908621883,0.9651431917682162,0.09975961538461539,0.9892086330935251,103833,3750,936999,114400,1248,0.547028752929397,0.5471379880374336
0.25046183430512425,0.18280787637452964,0.9655438557803627,0.10096153846153846,0.9892086330935251,105084,3750,935748,114400,1248,0.547028752929397,0.5471379880374336
0.2501901829521451,0.18478309035317056,0.9659354135440795,0.10216346153846154,0.9892086330935251,106335,3750,934497,114400,1248,0.547028752929397,0.5471379880374336
0.24958960624378546,0.18675401503947342,0.9663181720198318,0.10336538461538461,0.9892086330935251,107586,3750,933246,114400,1248,0.547028752929397,0.5471379880374336
0.24952166035080925,0.18872066438995716,0.966692424525034,0.1045673076923077,0.9892086330935251,108837,3750,931995,114400,1248,0.547028752929397,0.5471379880374336
0.24915541060942503,0.19068305230065732,0.9670584514836873,0.10576923076923077,0.9892086330935251,110088,3750,930744,114400,1248,0.547028752929397,0.5471379880374336
0.24875345963927586,0.19264119260745327,0.9674165211271277,0.10697115384615384,0.9892086330935251,111339,3750,929493,114400,1248,0.547028752929397,0.5471379880374336
0.24623658439402163,0.19459509908639339,0.9677668901495616,0.10817307692307693,0.9892086330935251,112590,3750,928242,114400,1248,0.547028752929397,0.5471379880374336
0.24320769467665138,0.1965447854540181,0.9681098043217593,0.109375,0.9892086330935251,113841,3750,926991,114400,1248,0.547028752929397,0.5471379880374336
0.24273619417740455,0.1984902653676809,0.9684454990659868,0.11057692307692307,0.9892086330935251,115092,3750,925740,114400,1248,0.547028752929397,0.5471379880374336
0.24249720668461705,0.2004315524258673,0.9687741999950039,0.11177884615384616,0.9892086330935251,116343,3750,924489,114400,1248,0.547028752929397,0.5471379880374336
0.24123247975697343,0.2023686601685115,0.9690961234177216,0.11298076923076923,0.9892086330935251,117594,3750,923238,114400,1248,0.547028752929397,0.5471379880374336
0.23921313295750202,0.20430160207731127,0.9694114768138994,0.1141826923076923,0.9892086330935251,118845,3750,921987,114400,1248,0.547028752929397,0.5471379880374336
0.23885888337491995,0.20623039157604076,0.9697204592800737,0.11538461538461539,0.9892086330935251,120096,3750,920736,114400,1248,0.547028752929397,0.5471379880374336
0.23879026257984393,0.20815504203086121,0.9700232619487278,0.11658653846153846,0.9892086330935251,121347,3750,919485,114400,1248,0.547028752929397,0.5471379880374336
0.2376758204855332,0.21007556675062972,0.9703200683825625,0.11778846153846154,0.9892086330935251,122598,3750,918234,114400,1248,0.547028752929397,0.5471379880374336
0.23498129807624663,0.21199197898720593,0.9706110549455716,0.11899038461538461,0.9892086330935251,123849,3750,916983,114400,1248,0.547028752929397,0.5471379880374336
0.2337835793654619,0.21390429193575689,0.9708963911525029,0.1201923076923077,0.9892086330935251,125100,3750,915732,114400,1248,0.547028752929397,0.5471379880374336
0.2328949758155887,0.21581251873506,0.9711762399981553,0.12139423076923077,0.9892086330935251,126351,3750,914481,114400,1248,0.547028752929397,0.5471379880374336
0.23178867369526884,0.21771667246780368,0.9714507582678604,0.12259615384615384,0.9892086330935251,127602,3750,913230,114400,1248,0.547028752929397,0.5471379880374336
0.23104423491965664,0.21961676616088663,0.9717200968303884,0.12379807692307693,0.9892086330935251,128853,3750,911979,114400,1248,0.547028752929397,0.5471379880374336
0.23078910540714143,0.22151281278571466,0.9719844009144292,0.125,0.9892086330935251,130104,3750,910728,114400,1248,0.547028752929397,0.5471379880374336
0.23009053829681836,0.223404825258496,0.9722438103697124,0.12620192307692307,0.9892086330935251,131355,3750,909477,114400,1248,0.547028752929397,0.5471379880374336
0.2296563573469782,0.22529281644053456,0.9724984599137552,0.12740384615384615,0.9892086330935251,132606,3750,908226,114400,1248,0.547028752929397,0.5471379880374336
0.2296025451069369,0.22717679913852137,0.9727484793651485,0.12860576923076922,0.9892086330935251,133857,3750,906975,114400,1248,0.547028752929397,0.5471379880374336
0.2293530261132668,0.22905678610482416,0.9729939938642354,0.12980769230769232,0.9892086330935251,135108,3750,905724,114400,1248,0.547028752929397,0.5471379880374336
0.22547460796669228,0.23093279003777495,0.9732351240819648,0.1310096153846154,0.9892086330935251,136359,3750,904473,114400,1248,0.547028752929397,0.5471379880374336
0.2233728071061134,0.23280482358195623,0.9734719864176571,0.13221153846153846,0.9892086330935251,137610,3750,903222,114400,1248,0.547028752929397,0.5471379880374336
0.22300780508095575,0.23467289932848476,0.9737046931863601,0.13341346153846154,0.9892086330935251,138861,3750,901971,114400,1248,0.547028752929397,0.5471379880374336
0.22191623687919843,0.23653702981529406,0.9739333527964299,0.1346153846153846,0.9892086330935251,140112,3750,900720,114400,1248,0.547028752929397,0.5471379880374336
0.22071506658632145,0.23645400005062822,0.9711251888714842,0.1346153846153846,0.9856115107913669,140112,4166,900720,113984,1664,0.547028752929397,0.5471379880374336
0.21971433063853363,0.23831363303412706,0.971373403239217,0.13581730769230768,0.9856115107913669,141363,4166,899469,113984,1664,0.547028752929397,0.5471379880374336
0.21881688253768916,0.2401693482383135,0.9716173865649271,0.13701923076923078,0.9856115107913669,142614,4166,898218,113984,1664,0.547028752929397,0.5471379880374336
0.21841322378515227,0.2420211580308244,0.9718572461173673,0.13822115384615385,0.9856115107913669,143865,4166,896967,113984,1664,0.547028752929397,0.5471379880374336
0.21621295315127664,0.24386907472729502,0.9720930855695932,0.13942307692307693,0.9856115107913669,145116,4166,895716,113984,1664,0.547028752929397,0.5471379880374336
0.21576868493174095,0.24571311059163228,0.9723250051483728,0.140625,0.9856115107913669,146367,4166,894465,113984,1664,0.547028752929397,0.5471379880374336
0.21571626481514394,0.24755327783628595,0.9725531017762084,0.14182692307692307,0.9856115107913669,147618,4166,893214,113984,1664,0.547028752929397,0.5471379880374336
0.21555761153093905,0.24938958862251825,0.9727774692063907,0.14302884615384615,0.9856115107913669,148869,4166,891963,113984,1664,0.547028752929397,0.5471379880374336
0.21521851808440806,0.25122205506067186,0.9729981981514849,0.14423076923076922,0.9856115107913669,150120,4166,890712,113984,1664,0.547028752929397,0.5471379880374336
0.21514752975416018,0.2530506892104359,0.9732153764056141,0.14543269230769232,0.9856115107913669,151371,4166,889461,113984,1664,0.547028752929397,0.5471379880374336
0.2144625304992398,0.25487550308111084,0.9734290889608899,0.1466346153846154,0.9856115107913669,152622,4166,888210,113984,1664,0.547028752929397,0.5471379880374336
0.21417106007860204,0.2546095451470592,0.9657236504913345,0.1466346153846154,0.9856115107913669,152622,5417,888210,113984,1664,0.547028752929397,0.5471379880374336
0.21165942869088744,0.2564289297254779,0.9659928432418858,0.14783653846153846,0.9856115107913669,153873,5417,886959,113984,1664,0.547028752929397,0.5471379880374336
0.21130818627578596,0.2582445252223914,0.9662578406762136,0.14903846153846154,0.9856115107913669,155124,5417,885708,113984,1664,0.547028752929397,0.5471379880374336
0.20988835311808302,0.2600563434622958,0.9665187401107594,0.1502403846153846,0.9856115107913669,156375,5417,884457,113984,1664,0.547028752929397,0.5471379880374336
0.20952452770240082,0.26186439622053787,0.9667756358751985,0.15144230769230768,0.9856115107913669,157626,5417,883206,113984,1664,0.547028752929397,0.5471379880374336
0.20942592616054978,0.26366869522357,0.9670286194261507,0.15264423076923078,0.9856115107913669,158877,5417,881955,113984,1664,0.547028752929397,0.5471379880374336
0.2091905262369056,0.26546925214920375,0.9672777794557371,0.15384615384615385,0.9856115107913669,160128,5417,880704,113984,1664,0.547028752929397,0.5471379880374336
0.20911507377956218,0.2672660786268619,0.9675232019952517,0.15504807692307693,0.9856115107913669,161379,5417,879453,113984,1664,0.547028752929397,0.5471379880374336
0.20889256713652238,0.2690591862378286,0.9677649705142014,0.15625,0.9856115107913669,162630,5417,878202,113984,1664,0.547028752929397,0.5471379880374336
0.2076434854927518,0.2708485865154983,0.9680031660149558,0.15745192307692307,0.9856115107913669,163881,5417,876951,113984,1664,0.547028752929397,0.5471379880374336
0.20749998315630214,0.2726342909456232,0.9682378671232315,0.15865384615384615,0.9856115107913669,165132,5417,875700,113984,1664,0.547028752929397,0.5471379880374336
0.20324647175613553,0.2744163109665587,0.9684691501746217,0.15985576923076922,0.9856115107913669,166383,5417,874449,113984,1664,0.547028752929397,0.5471379880374336
0.20294693758580296,0.27619465796950776,0.9686970892973747,0.16105769230769232,0.9856115107913669,167634,5417,873198,113984,1664,0.547028752929397,0.5471379880374336
0.2014830779781691,0.27796934329876377,0.9689217564916065,0.1622596153846154,0.9856115107913669,168885,5417,871947,113984,1664,0.547028752929397,0.5471379880374336
0.20043454698027552,0.27974037825195147,0.9691432217051261,0.16346153846153846,0.9856115107913669,170136,5417,870696,113984,1664,0.547028752929397,0.5471379880374336
0.19981724598712214,0.281507774080267,0.9693615529060429,0.16466346153846154,0.9856115107913669,171387,5417,869445,113984,1664,0.547028752929397,0.5471379880374336
0.19785600477735188,0.28327154198871596,0.9695768161523125,0.1658653846153846,0.9856115107913669,172638,5417,868194,113984,1664,0.547028752929397,0.5471379880374336
0.19692996764909793,0.28503169313635013,0.9697890756583717,0.16706730769230768,0.9856115107913669,173889,5417,866943,113984,1664,0.547028752929397,0.5471379880374336
0.19526912962039789,0.2867882386365032,0.969998393859003,0.16826923076923078,0.9856115107913669,175140,5417,865692,113984,1664,0.547028752929397,0.5471379880374336
0.19489620886721792,0.2885411895570241,0.9702048314705624,0.16947115384615385,0.9856115107913669,176391,5417,864441,113984,1664,0.547028752929397,0.5471379880374336
0.1947552163439793,0.2902905569205101,0.9704084475496971,0.17067307692307693,0.9856115107913669,177642,5417,863190,113984,1664,0.547028752929397,0.5471379880374336
0.1922453307747654,0.2920363517045371,0.9706092995496718,0.171875,0.9856115107913669,178893,5417,861939,113984,1664,0.547028752929397,0.5471379880374336
0.1917162557549178,0.29193722369728725,0.9684235029178351,0.171875,0.9820143884892086,178893,5833,861939,113568,2080,0.547028752929397,0.5471379880374336
0.19158143220446883,0.29367896714158437,0.9686359065906,0.17307692307692307,0.9820143884892086,180144,5833,860688,113568,2080,0.547028752929397,0.5471379880374336
0.19157796175050523,0.29541716202791396,0.9688454718311363,0.17427884615384615,0.9820143884892086,181395,5833,859437,113568,2080,0.547028752929397,0.5471379880374336
0.18958894632494427,0.2971518191897738,0.9690522551583997,0.17548076923076922,0.9820143884892086,182646,5833,858186,113568,2080,0.547028752929397,0.5471379880374336
0.18940624785670723,0.29705129675123015,0.966918129119352,0.17548076923076922,0.9784172661870504,182646,6249,858186,113152,2496,0.547028752929397,0.5471379880374336
0.18917121042604568,0.2987819441127299,0.9671357798744123,0.17668269230769232,0.9784172661870504,183897,6249,856935,113152,2496,0.547028752929397,0.5471379880374336
0.18886024530617507,0.3005090774523242,0.9673505854323735,0.1778846153846154,0.9784172661870504,185148,6249,855684,113152,2496,0.547028752929397,0.5471379880374336
0.18838257505703082,0.30223270746181535,0.9675626012208796,0.17908653846153846,0.9784172661870504,186399,6249,854433,113152,2496,0.547028752929397,0.5471379880374336
0.18667268121839192,0.3039528447896748,0.967771881237139,0.18028846153846154,0.9784172661870504,187650,6249,853182,113152,2496,0.547028752929397,0.5471379880374336
0.18632131273087021,0.30566950004126275,0.967978478093774,0.1814903846153846,0.9784172661870504,188901,6249,851931,113152,2496,0.547028752929397,0.5471379880374336
0.18448271096572033,0.30738268377904565,0.9681824430629172,0.18269230769230768,0.9784172661870504,190152,6249,850680,113152,2496,0.547028752929397,0.5471379880374336
0.1844504459049615,0.3090924065228134,0.9683838261186327,0.18389423076923078,0.9784172661870504,191403,6249,849429,113152,2496,0.547028752929397,0.5471379880374336
0.1837005145941477,0.31079867874989414,0.9685826759777378,0.18509615384615385,0.9784172661870504,192654,6249,848178,113152,2496,0.547028752929397,0.5471379880374336
0.18359860900663638,0.31048537211539856,0.9625288527833569,0.18509615384615385,0.9784172661870504,192654,7500,848178,113152,2496,0.547028752929397,0.5471379880374336
0.18263998473805887,0.31017269651443324,0.9565502346019215,0.18509615384615385,0.9784172661870504,192654,8751,848178,113152,2496,0.547028752929397,0.5471379880374336
0.1817928516453099,0.3118727321855941,0.9568184509711037,0.18629807692307693,0.9784172661870504,193905,8751,846927,113152,2496,0.547028752929397,0.5471379880374336
0.18115500404019147,0.31155929074287864,0.9509482263973282,0.18629807692307693,0.9784172661870504,193905,10002,846927,113152,2496,0.547028752929397,0.5471379880374336
0.17943205379721283,0.31325452050176966,0.9512473313251251,0.1875,0.9784172661870504,195156,10002,845676,113152,2496,0.547028752929397,0.5471379880374336
0.1792386543958303,0.31494634958279916,0.9515428106332573,0.18870192307692307,0.9784172661870504,196407,10002,844425,113152,2496,0.547028752929397,0.5471379880374336
0.1787655981427031,0.3166347882084947,0.951834729846865,0.18990384615384615,0.9784172661870504,197658,10002,843174,113152,2496,0.547028752929397,0.5471379880374336
0.1785640215682196,0.3183198465604528,0.952123152921579,0.19110576923076922,0.9784172661870504,198909,10002,841923,113152,2496,0.547028752929397,0.5471379880374336
0.17542014432210806,0.3200015347795433,0.9524081422902333,0.19230769230769232,0.9784172661870504,200160,10002,840672,113152,2496,0.547028752929397,0.5471379880374336
0.17492779679270698,0.31989515826148107,0.9505266457084786,0.19230769230769232,0.9748201438848921,200160,10418,840672,112736,2912,0.547028752929397,0.5471379880374336
0.1747057913753971,0.32157303532240566,0.950818820841339,0.1935096153846154,0.9748201438848921,201411,10418,839421,112736,2912,0.547028752929397,0.5471379880374336
0.17466924163129527,0.3214662786085771,0.9489552168484534,0.1935096153846154,0.9712230215827338,201411,10834,839421,112320,3328,0.547028752929397,0.5471379880374336
0.17449783988104584,0.3213595927540082,0.9470989038892886,0.1935096153846154,0.9676258992805755,201411,11250,839421,111904,3744,0.547028752929397,0.5471379880374336
0.17261245947024056,0.3230332243071097,0.9474082800403905,0.19471153846153846,0.9676258992805755,202662,11250,838170,111904,3744,0.547028752929397,0.5471379880374336
0.1725614145124722,0.3227114757622443,0.9418998619651148,0.19471153846153846,0.9676258992805755,202662,12501,838170,111904,3744,0.547028752929397,0.5471379880374336
0.1710214130487221,0.32438043151459617,0.9422357148798137,0.19591346153846154,0.9676258992805755,203913,12501,836919,111904,3744,0.547028752929397,0.5471379880374336
0.17090998509549427,0.32604606923973595,0.942567707256564,0.1971153846153846,0.9676258992805755,205164,12501,835668,111904,3744,0.547028752929397,0.5471379880374336
0.17089047250899275,0.32770839882262165,0.942895905278737,0.19831730769230768,0.9676258992805755,206415,12501,834417,111904,3744,0.547028752929397,0.5471379880374336
0.17087396568220725,0.3276002171145978,0.9411075447267157,0.19831730769230768,0.9640287769784173,206415,12917,834417,111488,4160,0.547028752929397,0.5471379880374336
0.17060410901142853,0.329258808560228,0.9414415435459669,0.19951923076923078,0.9640287769784173,207666,12917,833166,111488,4160,0.547028752929397,0.5471379880374336
0.17058719683888057,0.3291502586320989,0.9396694102688248,0.19951923076923078,0.960431654676259,207666,13333,833166,111072,4576,0.547028752929397,0.5471379880374336
0.17025647862068316,0.3308051258746463,0.9400089988751406,0.20072115384615385,0.960431654676259,208917,13333,831915,111072,4576,0.547028752929397,0.5471379880374336
0.16974967852811185,0.3324567182854517,0.9403447859293694,0.20192307692307693,0.960431654676259,210168,13333,830664,111072,4576,0.547028752929397,0.5471379880374336
0.16923602665696574,0.3341050455757974,0.940676834911369,0.203125,0.960431654676259,211419,13333,829413,111072,4576,0.547028752929397,0.5471379880374336
0.16893744298360686,0.3357501174186062,0.9410052078954704,0.20432692307692307,0.960431654676259,212670,13333,828162,111072,4576,0.547028752929397,0.5471379880374336
0.16841051534722873,0.3356399008562629,0.9392762974838684,0.20432692307692307,0.9568345323741008,212670,13749,828162,110656,4992,0.547028752929397,0.5471379880374336
0.16796160105038915,0.3355297566316706,0.9375537284810546,0.20432692307692307,0.9532374100719424,212670,14165,828162,110240,5408,0.547028752929397,0.5471379880374336
0.16718452811487294,0.3371707234037188,0.9378962321229711,0.20552884615384615,0.9532374100719424,213921,14165,826911,110240,5408,0.547028752929397,0.5471379880374336
0.16570586375488505,0.33683864115720036,0.9327801445035035,0.20552884615384615,0.9532374100719424,213921,15416,826911,110240,5408,0.547028752929397,0.5471379880374336
0.16521809388641362,0.3367283574101693,0.931091215348657,0.20552884615384615,0.9496402877697842,213921,15832,826911,109824,5824,0.547028752929397,0.5471379880374336
0.16482914063158727,0.33836438031318505,0.9314643902270091,0.20673076923076922,0.9496402877697842,215172,15832,825660,109824,5824,0.547028752929397,0.5471379880374336
0.1642765744505334,0.3399971879376665,0.9318335450259413,0.20793269230769232,0.9496402877697842,216423,15832,824409,109824,5824,0.547028752929397,0.5471379880374336
0.16095865926770137,0.34162678975279714,0.9321987443577467,0.2091346153846154,0.9496402877697842,217674,15832,823158,109824,5824,0.547028752929397,0.5471379880374336
0.1605662903108458,0.3432531951906139,0.9325600514574646,0.21033653846153846,0.9496402877697842,218925,15832,821907,109824,5824,0.547028752929397,0.5471379880374336
0.15889716670475362,0.34487641364618904,0.9329175282193823,0.21153846153846154,0.9496402877697842,220176,15832,820656,109824,5824,0.547028752929397,0.5471379880374336
0.15799221264493468,0.346496454477811,0.9332712352323832,0.2127403846153846,0.9496402877697842,221427,15832,819405,109824,5824,0.547028752929397,0.5471379880374336
0.15686799962018827,0.34811332700716463,0.9336212318141797,0.21394230769230768,0.9496402877697842,222678,15832,818154,109824,5824,0.547028752929397,0.5471379880374336
0.1568642762908149,0.3497270405195093,0.9339675760444777,0.21514423076923078,0.9496402877697842,223929,15832,816903,109824,5824,0.547028752929397,0.5471379880374336
0.1563320247668223,0.3513376042638574,0.9343103247971055,0.21634615384615385,0.9496402877697842,225180,15832,815652,109824,5824,0.547028752929397,0.5471379880374336
0.15625030558137715,0.3529450274531504,0.9346495337711496,0.21754807692307693,0.9496402877697842,226431,15832,814401,109824,5824,0.547028752929397,0.5471379880374336
0.15623309036920774,0.35454931926443495,0.9349852575211282,0.21875,0.9496402877697842,227682,15832,813150,109824,5824,0.547028752929397,0.5471379880374336
0.15605340390840905,0.35615048883903744,0.9353175494862419,0.21995192307692307,0.9496402877697842,228933,15832,811899,109824,5824,0.547028752929397,0.5471379880374336
0.15574575052007433,0.35774854528273736,0.9356464620187305,0.22115384615384615,0.9496402877697842,230184,15832,810648,109824,5824,0.547028752929397,0.5471379880374336
0.15570104642513682,0.35934349766594026,0.9359720464113691,0.22235576923076922,0.9496402877697842,231435,15832,809397,109824,5824,0.547028752929397,0.5471379880374336
0.15563042409721572,0.3609353550238492,0.9362943529241343,0.22355769230769232,0.9496402877697842,232686,15832,808146,109824,5824,0.547028752929397,0.5471379880374336
0.1546102905324011,0.3625241263566354,0.9366134308100685,0.2247596153846154,0.9496402877697842,233937,15832,806895,109824,5824,0.547028752929397,0.5471379880374336
0.15453020721116317,0.36410982062960773,0.9369293283403712,0.22596153846153846,0.9496402877697842,235188,15832,805644,109824,5824,0.547028752929397,0.5471379880374336
0.15445360876508274,0.36569244677338153,0.9372420928287437,0.22716346153846154,0.9496402877697842,236439,15832,804393,109824,5824,0.547028752929397,0.5471379880374336
0.15430580914480818,0.3672720136840463,0.9375517706550122,0.2283653846153846,0.9496402877697842,237690,15832,803142,109824,5824,0.547028752929397,0.5471379880374336
0.15421917200418683,0.36884853022333197,0.9378584072880565,0.22956730769230768,0.9496402877697842,238941,15832,801891,109824,5824,0.547028752929397,0.5471379880374336
0.15420995953800365,0.3704220052187753,0.9381620473080649,0.23076923076923078,0.9496402877697842,240192,15832,800640,109824,5824,0.547028752929397,0.5471379880374336
0.15387287962510288,0.37199244746388394,0.9384627344281411,0.23197115384615385,0.9496402877697842,241443,15832,799389,109824,5824,0.547028752929397,0.5471379880374336
0.15384468288218384,0.3735598657183009,0.9387605115152828,0.23317307692307693,0.9496402877697842,242694,15832,798138,109824,5824,0.547028752929397,0.5471379880374336
0.15359437580546081,0.3751242687079668,0.9390554206107546,0.234375,0.9496402877697842,243945,15832,796887,109824,5824,0.547028752929397,0.5471379880374336
0.1534608858308557,0.3766856651252823,0.9393475029498751,0.23557692307692307,0.9496402877697842,245196,15832,795636,109824,5824,0.547028752929397,0.5471379880374336
0.15324450913699716,0.3782440636292687,0.9396367989812375,0.23677884615384615,0.9496402877697842,246447,15832,794385,109824,5824,0.547028752929397,0.5471379880374336
0.15297332535154773,0.3778812936899419,0.9351762607672751,0.23677884615384615,0.9496402877697842,246447,17083,794385,109824,5824,0.547028752929397,0.5471379880374336
0.15224928534050453,0.37943556015450214,0.9354825308462466,0.23798076923076922,0.9496402877697842,247698,17083,793134,109824,5824,0.547028752929397,0.5471379880374336
0.15110794733121535,0.3809868509653644,0.935785920490768,0.23918269230769232,0.9496402877697842,248949,17083,791883,109824,5824,0.547028752929397,0.5471379880374336
0.15082523501395273,0.3825351746597203,0.9360864701458753,0.2403846153846154,0.9496402877697842,250200,17083,790632,109824,5824,0.547028752929397,0.5471379880374336
0.1507518286023647,0.38408053974213474,0.9363842195029307,0.24158653846153846,0.9496402877697842,251451,17083,789381,109824,5824,0.547028752929397,0.5471379880374336
0.15023300865699218,0.3856229546847019,0.936679207517097,0.24278846153846154,0.9496402877697842,252702,17083,788130,109824,5824,0.547028752929397,0.5471379880374336
0.1499370949558595,0.3871624279272,0.9369714724243274,0.2439903846153846,0.9496402877697842,253953,17083,786879,109824,5824,0.547028752929397,0.5471379880374336
0.14945187629530082,0.38679358077980747,0.932666634837506,0.2439903846153846,0.9496402877697842,253953,18334,786879,109824,5824,0.547028752929397,0.5471379880374336
0.148724069509917,0.38832900933527087,0.9329745775724031,0.24519230769230768,0.9496402877697842,255204,18334,785628,109824,5824,0.547028752929397,0.5471379880374336
0.1486261675286804,0.3898615178687479,0.9332797164369753,0.24639423076923078,0.9496402877697842,256455,18334,784377,109824,5824,0.547028752929397,0.5471379880374336
0.14832201221361258,0.3894911578346263,0.9290501376612085,0.24639423076923078,0.9496402877697842,256455,19585,784377,109824,5824,0.547028752929397,0.5471379880374336
0.1471736466617265,0.3910196544632026,0.9293702283882276,0.24759615384615385,0.9496402877697842,257706,19585,783126,109824,5824,0.547028752929397,0.5471379880374336
0.14701084537890324,0.3925452525212714,0.9296874439043304,0.24879807692307693,0.9496402877697842,258957,19585,781875,109824,5824,0.547028752929397,0.5471379880374336
0.14689768786163843,0.3940679602460956,0.9300018227761238,0.25,0.9496402877697842,260208,19585,780624,109824,5824,0.547028752929397,0.5471379880374336
0.14658030710242365,0.39394386699580103,0.9286211363660696,0.25,0.9460431654676259,260208,20001,780624,109408,6240,0.547028752929397,0.5471379880374336
0.14648574160310435,0.39546333185105864,0.9289383926668088,0.2512019230769231,0.9460431654676259,261459,20001,779373,109408,6240,0.547028752929397,0.5471379880374336
0.14647315124462706,0.39697992433944346,0.9292528412407016,0.25240384615384615,0.9460431654676259,262710,20001,778122,109408,6240,0.547028752929397,0.5471379880374336
0.1459142149993395,0.3984936525980643,0.9295645191962305,0.2536057692307692,0.9460431654676259,263961,20001,776871,109408,6240,0.547028752929397,0.5471379880374336
0.14566055270320155,0.40000452473332354,0.9298734629908174,0.2548076923076923,0.9460431654676259,265212,20001,775620,109408,6240,0.547028752929397,0.5471379880374336
0.14539855973640692,0.3996275133805873,0.9258126675603218,0.2548076923076923,0.9460431654676259,265212,21252,775620,109408,6240,0.547028752929397,0.5471379880374336
0.14515425886473476,0.399502301703984,0.9244701617401004,0.2548076923076923,0.9424460431654677,265212,21668,775620,108992,6656,0.547028752929397,0.5471379880374336
0.144669730212186,0.4010089069447381,0.9247980953108135,0.25600961538461536,0.9424460431654677,266463,21668,774369,108992,6656,0.547028752929397,0.5471379880374336
0.14440872546329708,0.40251267841114285,0.9251231935642161,0.25721153846153844,0.9424460431654677,267714,21668,773118,108992,6656,0.547028752929397,0.5471379880374336
0.1443815538711571,0.40213449095545134,0.9211410954709204,0.25721153846153844,0.9424460431654677,267714,22919,773118,108992,6656,0.547028752929397,0.5471379880374336
0.1432014941244667,0.403634382719199,0.9214790807307013,0.25841346153846156,0.9424460431654677,268965,22919,771867,108992,6656,0.547028752929397,0.5471379880374336
0.14319035130635194,0.4032558526560252,0.9175465229331196,0.25841346153846156,0.9424460431654677,268965,24170,771867,108992,6656,0.547028752929397,0.5471379880374336
0.1430668998489234,0.4047518832130783,0.9178969108585326,0.25961538461538464,0.9424460431654677,270216,24170,770616,108992,6656,0.547028752929397,0.5471379880374336
0.14304679127051634,0.40624511305537203,0.9182443334224065,0.2608173076923077,0.9424460431654677,271467,24170,769365,108992,6656,0.547028752929397,0.5471379880374336
0.14288368049492906,0.4077355500403672,0.9185888281102638,0.2620192307692308,0.9424460431654677,272718,24170,768114,108992,6656,0.547028752929397,0.5471379880374336
0.14268758511742574,0.40922320199615975,0.9189304317784658,0.26322115384615385,0.9424460431654677,273969,24170,766863,108992,6656,0.547028752929397,0.5471379880374336
0.14261240123278662,0.41070807672161774,0.919269180667357,0.2644230769230769,0.9424460431654677,275220,24170,765612,108992,6656,0.547028752929397,0.5471379880374336
0.14202720258432344,0.4121901819865178,0.9196051104140819,0.265625,0.9424460431654677,276471,24170,764361,108992,6656,0.547028752929397,0.5471379880374336
0.141906117625474,0.41180614929054665,0.9157943900467717,0.265625,0.9424460431654677,276471,25421,764361,108992,6656,0.547028752929397,0.5471379880374336
0.14103588674941514,0.41328447329749435,0.916141886832287,0.2668269230769231,0.9424460431654677,277722,25421,763110,108992,6656,0.547028752929397,0.5471379880374336
0.14008151381152611,0.41476004775405767,0.9164865273297108,0.26802884615384615,0.9424460431654677,278973,25421,761859,108992,6656,0.547028752929397,0.5471379880374336
0.1397536108324825,0.4162328803239862,0.9168283466112647,0.2692307692307692,0.9424460431654677,280224,25421,760608,108992,6656,0.547028752929397,0.5471379880374336
0.13973536345329285,0.4177029786425748,0.9171673791773108,0.2704326923076923,0.9424460431654677,281475,25421,759357,108992,6656,0.547028752929397,0.5471379880374336
0.13972347406426983,0.41917035031679517,0.91750365896796,0.27163461538461536,0.9424460431654677,282726,25421,758106,108992,6656,0.547028752929397,0.5471379880374336
0.1391097924011958,0.4187819852913948,0.9137938836062288,0.27163461538461536,0.9424460431654677,282726,26672,758106,108992,6656,0.547028752929397,0.5471379880374336
0.13892838270408014,0.4202456416331417,0.9141410402093681,0.27283653846153844,0.9424460431654677,283977,26672,756855,108992,6656,0.547028752929397,0.5471379880374336
0.13860730574978686,0.42170659081030093,0.9144854119910227,0.27403846153846156,0.9424460431654677,285228,26672,755604,108992,6656,0.547028752929397,0.5471379880374336
0.13857910743957524,0.4231648403266511,0.914827032326258,0.27524038461538464,0.9424460431654677,286479,26672,754353,108992,6656,0.547028752929397,0.5471379880374336
0.13846909392436635,0.42277422201627174,0.9111869517369482,0.27524038461538464,0.9424460431654677,286479,27923,754353,108992,6656,0.547028752929397,0.5471379880374336
0.13642401918807479,0.42264448788404085,0.9099829107611381,0.27524038461538464,0.9388489208633094,286479,28339,754353,108576,7072,0.547028752929397,0.5471379880374336
0.13632610318087313,0.4225148333488193,0.9087820476217667,0.27524038461538464,0.935251798561151,286479,28755,754353,108160,7488,0.547028752929397,0.5471379880374336
0.13524913036910163,0.42396875600909734,0.9091426133939997,0.2764423076923077,0.935251798561151,287730,28755,753102,108160,7488,0.547028752929397,0.5471379880374336
0.13467894616861065,0.4254200010599396,0.9095003399048266,0.2776442307692308,0.935251798561151,288981,28755,751851,108160,7488,0.547028752929397,0.5471379880374336
0.13448141493218735,0.42686857589135024,0.9098552605592077,0.27884615384615385,0.935251798561151,290232,28755,750600,108160,7488,0.547028752929397,0.5471379880374336
0.13327588018540737,0.4283144878661641,0.9102074082401214,0.2800480769230769,0.935251798561151,291483,28755,749349,108160,7488,0.547028752929397,0.5471379880374336
0.1331732758754116,0.4279211727632474,0.906665546877187,0.2800480769230769,0.935251798561151,291483,30006,749349,108160,7488,0.547028752929397,0.5471379880374336
0.13297961377708234,0.4293634659555931,0.9070273284997211,0.28125,0.935251798561151,292734,30006,748098,108160,7488,0.547028752929397,0.5471379880374336
0.13217137399822476,0.43080311512921454,0.9073863162865635,0.2824519230769231,0.935251798561151,293985,30006,746847,108160,7488,0.547028752929397,0.5471379880374336
0.13206539538599749,0.4322401275479952,0.907742542476064,0.28365384615384615,0.935251798561151,295236,30006,745596,108160,7488,0.547028752929397,0.5471379880374336
0.1315060048488994,0.43367451044923483,0.9080960388124707,0.2848557692307692,0.935251798561151,296487,30006,744345,108160,7488,0.547028752929397,0.5471379880374336
0.1305512687745225,0.43510627104377103,0.9084468365553603,0.2860576923076923,0.935251798561151,297738,30006,743094,108160,7488,0.547028752929397,0.5471379880374336
0.13053020748866184,0.4365354165161002,0.9087949664888524,0.28725961538461536,0.935251798561151,298989,30006,741843,108160,7488,0.547028752929397,0.5471379880374336
0.13010148405393712,0.4379619540244975,0.9091404589306153,0.28846153846153844,0.935251798561151,300240,30006,740592,108160,7488,0.547028752929397,0.5471379880374336
0.1293759083279672,0.43938589070113654,0.9094833437406673,0.28966346153846156,0.935251798561151,301491,30006,739341,108160,7488,0.547028752929397,0.5471379880374336
0.12743252146420947,0.4408072336522081,0.9098236503299795,0.29086538461538464,0.935251798561151,302742,30006,738090,108160,7488,0.547028752929397,0.5471379880374336
0.12585472763587358,0.44222598995803847,0.9101614076688852,0.2920673076923077,0.935251798561151,303993,30006,736839,108160,7488,0.547028752929397,0.5471379880374336
0.12545161561375595,0.443642166673207,0.910496644295302,0.2932692307692308,0.935251798561151,305244,30006,735588,108160,7488,0.547028752929397,0.5471379880374336
0.12484458320743896,0.44350809082178105,0.9093682410491382,0.2932692307692308,0.9316546762589928,305244,30422,735588,107744,7904,0.547028752929397,0.5471379880374336
0.12476834953707039,0.4433740959856607,0.9082426312626085,0.2932692307692308,0.9280575539568345,305244,30838,735588,107328,8320,0.547028752929397,0.5471379880374336
0.12447178433876316,0.4447870900799251,0.9085829136194798,0.29447115384615385,0.9280575539568345,306495,30838,734337,107328,8320,0.547028752929397,0.5471379880374336
0.12440267316532672,0.4461975212698707,0.9089206814261749,0.2956730769230769,0.9280575539568345,307746,30838,733086,107328,8320,0.547028752929397,0.5471379880374336
0.12427117992172054,0.4476053965221158,0.9092559624523666,0.296875,0.9280575539568345,308997,30838,731835,107328,8320,0.547028752929397,0.5471379880374336
0.12406601662619787,0.44901072277805193,0.909588784060325,0.2980769230769231,0.9280575539568345,310248,30838,730584,107328,8320,0.547028752929397,0.5471379880374336
0.12357324967513361,0.45041350695395865,0.9099191732123609,0.29927884615384615,0.9280575539568345,311499,30838,729333,107328,8320,0.547028752929397,0.5471379880374336
0.12349697127741355,0.4518137559411161,0.9102471564781075,0.3004807692307692,0.9280575539568345,312750,30838,728082,107328,8320,0.547028752929397,0.5471379880374336
0.12299476143333998,0.4532114766059187,0.9105727600416427,0.3016826923076923,0.9280575539568345,314001,30838,726831,107328,8320,0.547028752929397,0.5471379880374336
0.12298460361817809,0.4528026810447884,0.907281343003265,0.3016826923076923,0.9280575539568345,314001,32089,726831,107328,8320,0.547028752929397,0.5471379880374336
0.12287657154898202,0.45239462228411015,0.9040136350157338,0.3016826923076923,0.9280575539568345,314001,33340,726831,107328,8320,0.547028752929397,0.5471379880374336
0.12265046319670925,0.4522590917830978,0.9029322199121801,0.3016826923076923,0.9244604316546763,314001,33756,726831,106912,8736,0.547028752929397,0.5471379880374336
0.12241194448065529,0.4536522189604559,0.9032801540365837,0.30288461538461536,0.9244604316546763,315252,33756,725580,106912,8736,0.547028752929397,0.5471379880374336
0.12235830703715878,0.4550428404755692,0.9036256027682372,0.30408653846153844,0.9244604316546763,316503,33756,724329,106912,8736,0.547028752929397,0.5471379880374336
0.12232017518302973,0.45643096308234615,0.9039685926431681,0.30528846153846156,0.9244604316546763,317754,33756,723078,106912,8736,0.547028752929397,0.5471379880374336
0.1205359420394796,0.45781659351044385,0.9043091498209836,0.30649038461538464,0.9244604316546763,319005,33756,721827,106912,8736,0.547028752929397,0.5471379880374336
0.12050213100104623,0.4574059894869964,0.9011135215755398,0.30649038461538464,0.9244604316546763,319005,35007,721827,106912,8736,0.547028752929397,0.5471379880374336
0.1203907465836005,0.4587882629763734,0.9014617339829929,0.3076923076923077,0.9244604316546763,320256,35007,720576,106912,8736,0.547028752929397,0.5471379880374336
0.11911722994154628,0.4601680614536414,0.9018075026506673,0.3088942307692308,0.9244604316546763,321507,35007,719325,106912,8736,0.547028752929397,0.5471379880374336
0.1189270684953132,0.4615453915602565,0.9021508532137017,0.31009615384615385,0.9244604316546763,322758,35007,718074,106912,8736,0.547028752929397,0.5471379880374336
0.11849154111764881,0.4629202599139335,0.9024918109499298,0.3112980769230769,0.9244604316546763,324009,35007,716823,106912,8736,0.547028752929397,0.5471379880374336
0.1184428139604971,0.4642926731087525,0.9028304007860837,0.3125,0.9244604316546763,325260,35007,715572,106912,8736,0.547028752929397,0.5471379880374336
0.11826584592279565,0.4641548609897147,0.901789105668967,0.3125,0.920863309352518,325260,35423,715572,106496,9152,0.547028752929397,0.5471379880374336
0.11770526468306808,0.46401713065764294,0.9007502097762663,0.3125,0.9172661870503597,325260,35839,715572,106080,9568,0.547028752929397,0.5471379880374336
0.11736227123583509,0.46387948203975193,0.8997137048255259,0.3125,0.9136690647482014,325260,36255,715572,105664,9984,0.547028752929397,0.5471379880374336
0.11647304369689393,0.46524859682045716,0.9000595425150096,0.3137019230769231,0.9136690647482014,326511,36255,714321,105664,9984,0.547028752929397,0.5471379880374336
0.11575463069631853,0.4648342989175349,0.8969663504726427,0.3137019230769231,0.9136690647482014,326511,37506,714321,105664,9984,0.547028752929397,0.5471379880374336
0.1155498604255778,0.4662001280136548,0.8973192286211767,0.31490384615384615,0.9136690647482014,327762,37506,713070,105664,9984,0.547028752929397,0.5471379880374336
0.11512267610673466,0.4675635289277515,0.8976696978874219,0.3161057692307692,0.9136690647482014,329013,37506,711819,105664,9984,0.547028752929397,0.5471379880374336
0.1148512153930964,0.46714827893187716,0.8946162003426055,0.3161057692307692,0.9136690647482014,329013,38757,711819,105664,9984,0.547028752929397,0.5471379880374336
0.11468692753520415,0.468508418962828,0.8949734567951417,0.3173076923076923,0.9136690647482014,330264,38757,710568,105664,9984,0.547028752929397,0.5471379880374336
0.11453118021964703,0.4698661473569631,0.8953282991962666,0.31850961538461536,0.9136690647482014,331515,38757,709317,105664,9984,0.547028752929397,0.5471379880374336
0.1145016217852231,0.47122147052263774,0.8956807519319127,0.31971153846153844,0.9136690647482014,332766,38757,708066,105664,9984,0.547028752929397,0.5471379880374336
0.11423325942674789,0.4725743948455227,0.896030839060664,0.32091346153846156,0.9136690647482014,334017,38757,706815,105664,9984,0.547028752929397,0.5471379880374336
0.1141593463155055,0.472435365220626,0.8950320212224336,0.32091346153846156,0.9100719424460432,334017,39173,706815,105248,10400,0.547028752929397,0.5471379880374336
0.11323484092026381,0.4737856229858126,0.8953827171703953,0.32211538461538464,0.9100719424460432,335268,39173,705564,105248,10400,0.547028752929397,0.5471379880374336
0.1130365135750806,0.4736464011516654,0.8943890603616846,0.32211538461538464,0.9064748201438849,335268,39589,705564,104832,10816,0.547028752929397,0.5471379880374336
0.11302378521977774,0.47499400115742374,0.894740340540483,0.3233173076923077,0.9064748201438849,336519,39589,704313,104832,10816,0.547028752929397,0.5471379880374336
0.1126539828965929,0.47457500435413846,0.8917741461049028,0.3233173076923077,0.9064748201438849,336519,40840,704313,104832,10816,0.547028752929397,0.5471379880374336
0.11238047836966047,0.4759194105852863,0.8921317450674837,0.3245192307692308,0.9064748201438849,337770,40840,703062,104832,10816,0.547028752929397,0.5471379880374336
0.11142798344740545,0.4772614491660056,0.892486988661642,0.32572115384615385,0.9064748201438849,339021,40840,701811,104832,10816,0.547028752929397,0.5471379880374336
0.11105400415784561,0.4786011263453413,0.8928399000818656,0.3269230769230769,0.9064748201438849,340272,40840,700560,104832,10816,0.547028752929397,0.5471379880374336
0.11081937782447521,0.4799384483503666,0.8931905022190955,0.328125,0.9064748201438849,341523,40840,699309,104832,10816,0.547028752929397,0.5471379880374336
0.11068630873425056,0.47951694904545344,0.8902777270902522,0.328125,0.9064748201438849,341523,42091,699309,104832,10816,0.547028752929397,0.5471379880374336
0.11008108088074242,0.4808511205396378,0.8906343782884908,0.3293269230769231,0.9064748201438849,342774,42091,698058,104832,10816,0.547028752929397,0.5471379880374336
0.11005356134067507,0.48218295270745676,0.8909887184162273,0.33052884615384615,0.9064748201438849,344025,42091,696807,104832,10816,0.547028752929397,0.5471379880374336
0.1099082224314577,0.4835124516961572,0.8913407698642373,0.3317307692307692,0.9064748201438849,345276,42091,695556,104832,10816,0.547028752929397,0.5471379880374336
0.1092012275602765,0.48483962363146665,0.8916905547349839,0.3329326923076923,0.9064748201438849,346527,42091,694305,104832,10816,0.547028752929397,0.5471379880374336
0.10915884588418578,0.4846985661593464,0.89073705640124,0.3329326923076923,0.9028776978417267,346527,42507,694305,104416,11232,0.547028752929397,0.5471379880374336
0.1088664311166167,0.4842748706080635,0.8878819324339905,0.3329326923076923,0.9028776978417267,346527,43758,694305,104416,11232,0.547028752929397,0.5471379880374336
0.10870544120458725,0.4838519151502966,0.8850450533284295,0.3329326923076923,0.9028776978417267,346527,45009,694305,104416,11232,0.547028752929397,0.5471379880374336
0.10856560940889215,0.485174931414832,0.8854111770501569,0.33413461538461536,0.9028776978417267,347778,45009,693054,104416,11232,0.547028752929397,0.5471379880374336
0.10850341250465922,0.48649564072006524,0.8857749760175414,0.33533653846153844,0.9028776978417267,349029,45009,691803,104416,11232,0.547028752929397,0.5471379880374336
0.10833573825967957,0.4860718560622677,0.882971699187177,0.33533653846153844,0.9028776978417267,349029,46260,691803,104416,11232,0.547028752929397,0.5471379880374336
0.10814533528880571,0.4873894858116062,0.8833408987743986,0.33653846153846156,0.9028776978417267,350280,46260,690552,104416,11232,0.547028752929397,0.5471379880374336
0.1078908454230793,0.4872484677852368,0.8824151795161177,0.33653846153846156,0.8992805755395683,350280,46676,690552,104000,11648,0.547028752929397,0.5471379880374336
0.10782378858644687,0.4885635483124502,0.8827845818883143,0.33774038461538464,0.8992805755395683,351531,46676,689301,104000,11648,0.547028752929397,0.5471379880374336
0.10773810590956734,0.4898763443473189,0.8831516705135458,0.3389423076923077,0.8992805755395683,352782,46676,688050,104000,11648,0.547028752929397,0.5471379880374336
0.10691973339437044,0.4911868618374365,0.8835164670621324,0.3401442307692308,0.8992805755395683,354033,46676,686799,104000,11648,0.547028752929397,0.5471379880374336
0.10677722577680937,0.49104515599286247,0.8826001869741352,0.3401442307692308,0.89568345323741,354033,47092,686799,103584,12064,0.547028752929397,0.5471379880374336
0.10642613964127307,0.4923531466011829,0.8829651867904647,0.34134615384615385,0.89568345323741,355284,47092,685548,103584,12064,0.547028752929397,0.5471379880374336
0.10622967688355472,0.4919267351998222,0.8802285278239563,0.34134615384615385,0.89568345323741,355284,48343,685548,103584,12064,0.547028752929397,0.5471379880374336
0.10622689258997442,0.49323169930345645,0.8805986000721205,0.3425480769230769,0.89568345323741,356535,48343,684297,103584,12064,0.547028752929397,0.5471379880374336
0.1057177053232854,0.49453440693978623,0.8809663924516594,0.34375,0.89568345323741,357786,48343,683046,103584,12064,0.547028752929397,0.5471379880374336
0.10514732407146149,0.4943922696021838,0.8800649374607977,0.34375,0.8920863309352518,357786,48759,683046,103168,12480,0.547028752929397,0.5471379880374336
0.1048146581736008,0.49569247591514176,0.8804328634905688,0.3449519230769231,0.8920863309352518,359037,48759,681795,103168,12480,0.547028752929397,0.5471379880374336
0.10479266723098368,0.49699043851245517,0.8807985390431906,0.34615384615384615,0.8920863309352518,360288,48759,680544,103168,12480,0.547028752929397,0.5471379880374336
0.10424439191937229,0.49828616319695684,0.8811619847038007,0.3473557692307692,0.8920863309352518,361539,48759,679293,103168,12480,0.547028752929397,0.5471379880374336
0.10384741698491928,0.4995796557514867,0.8815232208072429,0.3485576923076923,0.8920863309352518,362790,48759,678042,103168,12480,0.547028752929397,0.5471379880374336
0.10337379099188504,0.4991497160216616,0.8788517441860465,0.3485576923076923,0.8920863309352518,362790,50010,678042,103168,12480,0.547028752929397,0.5471379880374336
0.10293650153453399,0.49900691036334427,0.8779669712692635,0.3485576923076923,0.8884892086330936,362790,50426,678042,102752,12896,0.547028752929397,0.5471379880374336
0.10245067301112593,0.4988641863944381,0.8770839780287792,0.3485576923076923,0.8848920863309353,362790,50842,678042,102336,13312,0.547028752929397,0.5471379880374336
0.10195307476844395,0.49843547672449623,0.8744392997543886,0.3485576923076923,0.8848920863309353,362790,52093,678042,102336,13312,0.547028752929397,0.5471379880374336
0.101885760399828,0.4980075032636314,0.8718105225720562,0.3485576923076923,0.8848920863309353,362790,53344,678042,102336,13312,0.547028752929397,0.5471379880374336
0.10128682662851629,0.49929605813126576,0.8721947362746625,0.34975961538461536,0.8848920863309353,364041,53344,676791,102336,13312,0.547028752929397,0.5471379880374336
0.10093190748297676,0.4991536596251422,0.8713263012774024,0.34975961538461536,0.8812949640287769,364041,53760,676791,101920,13728,0.547028752929397,0.5471379880374336
0.10064900910295038,0.5004397609673097,0.8717104321182096,0.35096153846153844,0.8812949640287769,365292,53760,675540,101920,13728,0.547028752929397,0.5471379880374336
0.1006383612658246,0.5017236600314139,0.8720922762863934,0.35216346153846156,0.8812949640287769,366543,53760,674289,101920,13728,0.547028752929397,0.5471379880374336
0.10024632133849587,0.5030053624692796,0.8724718541396832,0.35336538461538464,0.8812949640287769,367794,53760,673038,101920,13728,0.547028752929397,0.5471379880374336
0.09982314566057054,0.5042848739134088,0.87284918579487,0.3545673076923077,0.8812949640287769,369045,53760,671787,101920,13728,0.547028752929397,0.5471379880374336
0.09944052195067443,0.5055621999770631,0.87322429113136,0.3557692307692308,0.8812949640287769,370296,53760,670536,101920,13728,0.547028752929397,0.5471379880374336
0.09931348340166513,0.5068373462543456,0.8735971897946659,0.35697115384615385,0.8812949640287769,371547,53760,669285,101920,13728,0.547028752929397,0.5471379880374336
0.09908887206904204,0.508110318320283,0.8739679011998368,0.3581730769230769,0.8812949640287769,372798,53760,668034,101920,13728,0.547028752929397,0.5471379880374336
0.0982439163304829,0.5076775059391642,0.8714122423791926,0.3581730769230769,0.8812949640287769,372798,55011,668034,101920,13728,0.547028752929397,0.5471379880374336
0.0981891974811207,0.5075337444360566,0.8705657072800513,0.3581730769230769,0.8776978417266187,372798,55427,668034,101504,14144,0.547028752929397,0.5471379880374336
0.09809212413125168,0.5088035976135612,0.8709427302107685,0.359375,0.8776978417266187,374049,55427,666783,101504,14144,0.547028752929397,0.5471379880374336
0.0980652953739991,0.5100712917388973,0.8713175630968107,0.3605769230769231,0.8776978417266187,375300,55427,665532,101504,14144,0.547028752929397,0.5471379880374336
0.09767170962925686,0.5113368323137404,0.8716902249651602,0.36177884615384615,0.8776978417266187,376551,55427,664281,101504,14144,0.547028752929397,0.5471379880374336
0.09605004226778968,0.5126002248210895,0.8720607346230285,0.3629807692307692,0.8776978417266187,377802,55427,663030,101504,14144,0.547028752929397,0.5471379880374336
0.09585560952132244,0.5138614747253463,0.87242911066102,0.3641826923076923,0.8776978417266187,379053,55427,661779,101504,14144,0.547028752929397,0.5471379880374336
0.09558354414092252,0.5151205874723936,0.8727953714562425,0.36538461538461536,0.8776978417266187,380304,55427,660528,101504,14144,0.547028752929397,0.5471379880374336
0.09473974139208702,0.5163775684896746,0.8731595351753619,0.36658653846153844,0.8776978417266187,381555,55427,659277,101504,14144,0.547028752929397,0.5471379880374336
0.09438479393875066,0.5176324231862697,0.8735216197776069,0.36778846153846156,0.8776978417266187,382806,55427,658026,101504,14144,0.547028752929397,0.5471379880374336
0.09430921801096859,0.5174868754651124,0.872693201169956,0.36778846153846156,0.8741007194244604,382806,55843,658026,101088,14560,0.547028752929397,0.5471379880374336
0.09350009752891686,0.5187393802524697,0.8730552398272334,0.36899038461538464,0.8741007194244604,384057,55843,656775,101088,14560,0.547028752929397,0.5471379880374336
0.09346746006164364,0.519989770462954,0.8734152251723333,0.3701923076923077,0.8741007194244604,385308,55843,655524,101088,14560,0.547028752929397,0.5471379880374336
0.09333201063494012,0.5212380514470407,0.8737731746239845,0.3713942307692308,0.8741007194244604,386559,55843,654273,101088,14560,0.547028752929397,0.5471379880374336
0.09286521286314908,0.5224842285371695,0.874129105404449,0.37259615384615385,0.8741007194244604,387810,55843,653022,101088,14560,0.547028752929397,0.5471379880374336
0.09144955585270748,0.5223378528265521,0.8733102288157921,0.37259615384615385,0.8705035971223022,387810,56259,653022,100672,14976,0.547028752929397,0.5471379880374336
0.09137875743251056,0.5235817063126786,0.8736661277283752,0.3737980769230769,0.8705035971223022,389061,56259,651771,100672,14976,0.547028752929397,0.5471379880374336
0.0913304371212944,0.5248234674798962,0.8740200326487837,0.375,0.8705035971223022,390312,56259,650520,100672,14976,0.547028752929397,0.5471379880374336
0.09105470590198417,0.5260631416030858,0.874371960287793,0.3762019230769231,0.8705035971223022,391563,56259,649269,100672,14976,0.547028752929397,0.5471379880374336
0.09084695301397794,0.5256214322389683,0.8719361885484097,0.3762019230769231,0.8705035971223022,391563,57510,649269,100672,14976,0.547028752929397,0.5471379880374336
0.09084446896597853,0.526858356872118,0.8722919497961468,0.37740384615384615,0.8705035971223022,392814,57510,648018,100672,14976,0.547028752929397,0.5471379880374336
0.09075019317642896,0.5280932078179746,0.8726457399103139,0.3786057692307692,0.8705035971223022,394065,57510,646767,100672,14976,0.547028752929397,0.5471379880374336
0.09071409755196636,0.5293259902869332,0.8729975752275708,0.3798076923076923,0.8705035971223022,395316,57510,645516,100672,14976,0.547028752929397,0.5471379880374336
0.09060733659678899,0.5288830290004275,0.8705924325609974,0.3798076923076923,0.8705035971223022,395316,58761,645516,100672,14976,0.547028752929397,0.5471379880374336
0.09054311437106899,0.5287358935348503,0.8697955744092868,0.3798076923076923,0.8669064748201439,395316,59177,645516,100256,15392,0.547028752929397,0.5471379880374336
0.09047003592421021,0.5285888399127924,0.8690001736611058,0.3798076923076923,0.8633093525179856,395316,59593,645516,99840,15808,0.547028752929397,0.5471379880374336
0.0898756781489286,0.528441868065985,0.8682062263218581,0.3798076923076923,0.8597122302158273,395316,60009,645516,99424,16224,0.547028752929397,0.5471379880374336
0.0896424648736247,0.5280003846647006,0.8658273759461732,0.3798076923076923,0.8597122302158273,395316,61260,645516,99424,16224,0.547028752929397,0.5471379880374336
0.08908356027907838,0.5275596383166551,0.8634615258602049,0.3798076923076923,0.8597122302158273,395316,62511,645516,99424,16224,0.547028752929397,0.5471379880374336
0.08895821344891608,0.5287877272636358,0.8638335969051011,0.38100961538461536,0.8597122302158273,396567,62511,644265,99424,16224,0.547028752929397,0.5471379880374336
0.0888173081939726,0.5300137693425289,0.8642036456534348,0.38221153846153844,0.8597122302158273,397818,62511,643014,99424,16224,0.547028752929397,0.5471379880374336
0.08849255606957007,0.5295724475044129,0.8618614324710776,0.38221153846153844,0.8597122302158273,397818,63762,643014,99424,16224,0.547028752929397,0.5471379880374336
0.0884669520111867,0.5307957966645451,0.8622348114106445,0.38341346153846156,0.8597122302158273,399069,63762,641763,99424,16224,0.547028752929397,0.5471379880374336
0.08817715169875917,0.5303545584664638,0.8599105330523485,0.38341346153846156,0.8597122302158273,399069,65013,641763,99424,16224,0.547028752929397,0.5471379880374336
0.08711064099929966,0.5299140532411788,0.8575987518615701,0.38341346153846156,0.8597122302158273,399069,66264,641763,99424,16224,0.547028752929397,0.5471379880374336
0.0867364110864205,0.5297677323688537,0.8568327575582556,0.38341346153846156,0.8561151079136691,399069,66680,641763,99008,16640,0.547028752929397,0.5471379880374336
0.08642874239588838,0.5309875370730957,0.8572162740899357,0.38461538461538464,0.8561151079136691,400320,66680,640512,99008,16640,0.547028752929397,0.5471379880374336
0.0861450648129568,0.5308410818380002,0.856453352046143,0.38461538461538464,0.8525179856115108,400320,67096,640512,98592,17056,0.547028752929397,0.5471379880374336
0.08569328068907467,0.5306947073702295,0.8556917867952598,0.38461538461538464,0.8489208633093526,400320,67512,640512,98176,17472,0.547028752929397,0.5471379880374336
0.08568190459961555,0.5319120612749725,0.8560766431527043,0.3858173076923077,0.8489208633093526,401571,67512,639261,98176,17472,0.547028752929397,0.5471379880374336
0.0855973026433583,0.5331273996371014,0.8564594522190614,0.3870192307692308,0.8489208633093526,402822,67512,638010,98176,17472,0.547028752929397,0.5471379880374336
0.08501066387755163,0.5343407274581018,0.8568402302872229,0.38822115384615385,0.8489208633093526,404073,67512,636759,98176,17472,0.547028752929397,0.5471379880374336
0.08493344790030166,0.5355520497229247,0.857218993477654,0.3894230769230769,0.8489208633093526,405324,67512,635508,98176,17472,0.547028752929397,0.5471379880374336
0.08487569952563656,0.5367613714000551,0.8575957577406679,0.390625,0.8489208633093526,406575,67512,634257,98176,17472,0.547028752929397,0.5471379880374336
0.08473313703133983,0.5366140160426572,0.8568438977203516,0.390625,0.8453237410071942,406575,67928,634257,97760,17888,0.547028752929397,0.5471379880374336
0.08436192866831133,0.5378211324646278,0.8572203281527848,0.3918269230769231,0.8453237410071942,407826,67928,633006,97760,17888,0.547028752929397,0.5471379880374336
0.08435554525001038,0.537673648419712,0.8564714282714156,0.3918269230769231,0.841726618705036,407826,68344,633006,97344,18304,0.547028752929397,0.5471379880374336
0.08427912854783293,0.5388785663522483,0.856847520322734,0.39302884615384615,0.841726618705036,409077,68344,631755,97344,18304,0.547028752929397,0.5471379880374336
0.08400982720819483,0.5387309545397977,0.8561015576441339,0.39302884615384615,0.8381294964028777,409077,68760,631755,96928,18720,0.547028752929397,0.5471379880374336
0.0839413823382521,0.5399336807200379,0.8564773068830779,0.3942307692307692,0.8381294964028777,410328,68760,630504,96928,18720,0.547028752929397,0.5471379880374336
0.08386628846271571,0.5411344286736994,0.8568510989113939,0.3954326923076923,0.8381294964028777,411579,68760,629253,96928,18720,0.547028752929397,0.5471379880374336
0.08300546955782884,0.5406897693280838,0.8546253036815549,0.3954326923076923,0.8381294964028777,411579,70011,629253,96928,18720,0.547028752929397,0.5471379880374336
0.08290144263193078,0.54188792477126,0.8550019571660236,0.39663461538461536,0.8381294964028777,412830,70011,628002,96928,18720,0.547028752929397,0.5471379880374336
0.0828473797271756,0.543084114355863,0.8553766639399123,0.39783653846153844,0.8381294964028777,414081,70011,626751,96928,18720,0.547028752929397,0.5471379880374336
0.08267142684968642,0.5442783429161138,0.8557494390565024,0.39903846153846156,0.8381294964028777,415332,70011,625500,96928,18720,0.547028752929397,0.5471379880374336
0.08263886525423558,0.5454706152703961,0.8561202974142714,0.40024038461538464,0.8381294964028777,416583,70011,624249,96928,18720,0.547028752929397,0.5471379880374336
0.08223959860026175,0.5453220948239412,0.8553890063859059,0.40024038461538464,0.8345323741007195,416583,70427,624249,96512,19136,0.547028752929397,0.5471379880374336
0.08209647106831319,0.5465122134494108,0.8557595220588988,0.4014423076923077,0.8345323741007195,417834,70427,622998,96512,19136,0.547028752929397,0.5471379880374336
0.08193384729260722,0.5460654597920468,0.8535725375475984,0.4014423076923077,0.8345323741007195,417834,71678,622998,96512,19136,0.547028752929397,0.5471379880374336
0.08129444155715826,0.547253027073084,0.8539457946096181,0.4026442307692308,0.8345323741007195,419085,71678,621747,96512,19136,0.547028752929397,0.5471379880374336
0.08128358300491911,0.5484386559380394,0.8543171535769307,0.40384615384615385,0.8345323741007195,420336,71678,620496,96512,19136,0.547028752929397,0.5471379880374336
0.08127265013662377,0.5482898552236996,0.853595434884146,0.40384615384615385,0.8309352517985612,420336,72094,620496,96096,19552,0.547028752929397,0.5471379880374336
0.08074276186953455,0.5481411352317762,0.852874934563738,0.40384615384615385,0.8273381294964028,420336,72510,620496,95680,19968,0.547028752929397,0.5471379880374336
0.0806546937818301,0.5479924958966008,0.8521556495331082,0.40384615384615385,0.8237410071942446,420336,72926,620496,95264,20384,0.547028752929397,0.5471379880374336
0.08054446189192177,0.5491755924564186,0.852529660494264,0.4050480769230769,0.8237410071942446,421587,72926,619245,95264,20384,0.547028752929397,0.5471379880374336
0.08041313372170378,0.5503567626103413,0.8529017839133136,0.40625,0.8237410071942446,422838,72926,617994,95264,20384,0.547028752929397,0.5471379880374336
0.08040168520081536,0.5515360110596178,0.8532720340432381,0.4074519230769231,0.8237410071942446,424089,72926,616743,95264,20384,0.547028752929397,0.5471379880374336
0.07998297350660721,0.5527133424902118,0.8536404249938788,0.40865384615384615,0.8237410071942446,425340,72926,615492,95264,20384,0.547028752929397,0.5471379880374336
0.07995338049766532,0.5538887615728644,0.8540069707337288,0.4098557692307692,0.8237410071942446,426591,72926,614241,95264,20384,0.547028752929397,0.5471379880374336
0.07956831059744046,0.5550622729631551,0.8543716850916991,0.4110576923076923,0.8237410071942446,427842,72926,612990,95264,20384,0.547028752929397,0.5471379880374336
0.07948397481323555,0.5562338813015645,0.8547345817588577,0.41225961538461536,0.8237410071942446,429093,72926,611739,95264,20384,0.547028752929397,0.5471379880374336
0.07922429552773524,0.5557832319367503,0.852609931050927,0.41225961538461536,0.8237410071942446,429093,74177,611739,95264,20384,0.547028752929397,0.5471379880374336
0.07909149674436067,0.5569523597521084,0.852975396465162,0.41346153846153844,0.8237410071942446,430344,74177,610488,95264,20384,0.547028752929397,0.5471379880374336
0.07853408983892896,0.5565018582649469,0.8508656074278529,0.41346153846153844,0.8237410071942446,430344,75428,610488,95264,20384,0.547028752929397,0.5471379880374336
0.07841173318641559,0.5576685154617196,0.8512335732304057,0.41466346153846156,0.8237410071942446,431595,75428,609237,95264,20384,0.547028752929397,0.5471379880374336
0.07812305715400514,0.558833288361158,0.8515997277059224,0.41586538461538464,0.8237410071942446,432846,75428,607986,95264,20384,0.547028752929397,0.5471379880374336
0.07799859595072267,0.5599961815246424,0.851964084196065,0.4170673076923077,0.8237410071942446,434097,75428,606735,95264,20384,0.547028752929397,0.5471379880374336
0.0778311093050651,0.5611571994988425,0.8523266559117891,0.4182692307692308,0.8237410071942446,435348,75428,605484,95264,20384,0.547028752929397,0.5471379880374336
0.07754601468356048,0.5607051251916626,0.850244225402176,0.4182692307692308,0.8237410071942446,435348,76679,605484,95264,20384,0.547028752929397,0.5471379880374336
0.07736960460382275,0.5605549564629573,0.8495539991764938,0.4182692307692308,0.8201438848920863,435348,77095,605484,94848,20800,0.547028752929397,0.5471379880374336
0.07720192691450989,0.5601038515920609,0.847485078665509,0.4182692307692308,0.8201438848920863,435348,78346,605484,94848,20800,0.547028752929397,0.5471379880374336
0.0769981339440261,0.5596534721878521,0.845426210566177,0.4182692307692308,0.8201438848920863,435348,79597,605484,94848,20800,0.547028752929397,0.5471379880374336
0.0767003410657856,0.5608107240203772,0.8458008198436253,0.41947115384615385,0.8201438848920863,436599,79597,604233,94848,20800,0.547028752929397,0.5471379880374336
0.07650747667215552,0.5606609290606918,0.8451197417017027,0.41947115384615385,0.8165467625899281,436599,80013,604233,94432,21216,0.547028752929397,0.5471379880374336
0.07624536574083568,0.5618161346511024,0.845493885448468,0.4206730769230769,0.8165467625899281,437850,80013,602982,94432,21216,0.547028752929397,0.5471379880374336
0.07615593051761954,0.5629694874053333,0.8458662259156948,0.421875,0.8165467625899281,439101,80013,601731,94432,21216,0.547028752929397,0.5471379880374336
0.07562626086452973,0.5628193970373542,0.8451889207552981,0.421875,0.8129496402877698,439101,80429,601731,94016,21632,0.547028752929397,0.5471379880374336
0.07538448398324338,0.5626693866776697,0.8445126993957065,0.421875,0.8093525179856115,439101,80845,601731,93600,22048,0.547028752929397,0.5471379880374336
0.07538178664108952,0.5638205180569631,0.844885906864391,0.4230769230769231,0.8093525179856115,440352,80845,600480,93600,22048,0.547028752929397,0.5471379880374336
0.07521255530677673,0.5633693260324446,0.842862830367807,0.4230769230769231,0.8093525179856115,440352,82096,600480,93600,22048,0.547028752929397,0.5471379880374336
0.07510562724070019,0.5632194493047242,0.8421922335444781,0.4230769230769231,0.8057553956834532,440352,82512,600480,93184,22464,0.547028752929397,0.5471379880374336
0.07492743986279282,0.5630696523011139,0.8415227029506192,0.4230769230769231,0.802158273381295,440352,82928,600480,92768,22880,0.547028752929397,0.5471379880374336
0.07464129981311807,0.5642180120521566,0.8419006693598663,0.42427884615384615,0.802158273381295,441603,82928,599229,92768,22880,0.547028752929397,0.5471379880374336
0.07430990719987618,0.5653645377865895,0.8422768371682561,0.4254807692307692,0.802158273381295,442854,82928,597978,92768,22880,0.547028752929397,0.5471379880374336
0.07425184751441449,0.5649134332356421,0.8402775537774675,0.4254807692307692,0.802158273381295,442854,84179,597978,92768,22880,0.547028752929397,0.5471379880374336
0.07403922553490683,0.5660575763678403,0.8406557836315315,0.4266826923076923,0.802158273381295,444105,84179,596727,92768,22880,0.547028752929397,0.5471379880374336
0.07393721875934378,0.5671998965846837,0.841032226387302,0.42788461538461536,0.802158273381295,445356,84179,595476,92768,22880,0.547028752929397,0.5471379880374336
0.07307812756473447,0.5683403982392667,0.8414068946807188,0.42908653846153844,0.802158273381295,446607,84179,594225,92768,22880,0.547028752929397,0.5471379880374336
0.0726430907399967,0.5694790856708346,0.8417798010288758,0.43028846153846156,0.802158273381295,447858,84179,592974,92768,22880,0.547028752929397,0.5471379880374336
0.07262673843088013,0.5693285069138776,0.841122127211228,0.43028846153846156,0.7985611510791367,447858,84595,592974,92352,23296,0.547028752929397,0.5471379880374336
0.072523898097,0.5704652037171586,0.8414945362972734,0.43149038461538464,0.7985611510791367,449109,84595,591723,92352,23296,0.547028752929397,0.5471379880374336
0.07207296630851301,0.571600095698213,0.8418652036152574,0.4326923076923077,0.7985611510791367,450360,84595,590472,92352,23296,0.547028752929397,0.5471379880374336
0.07203077549245251,0.5727331871521169,0.8422341413561206,0.4338942307692308,0.7985611510791367,451611,84595,589221,92352,23296,0.547028752929397,0.5471379880374336
0.07172686620242302,0.5722792213593328,0.8402737335265891,0.4338942307692308,0.7985611510791367,451611,85846,589221,92352,23296,0.547028752929397,0.5471379880374336
0.07153418012923118,0.5718259746508477,0.8383224307045747,0.4338942307692308,0.7985611510791367,451611,87097,589221,92352,23296,0.547028752929397,0.5471379880374336
0.07101725739861475,0.5716754137456993,0.8376755625792953,0.4338942307692308,0.7949640287769785,451611,87513,589221,91936,23712,0.547028752929397,0.5471379880374336
0.07076351535109948,0.5712231225892626,0.8357362942401111,0.4338942307692308,0.7949640287769785,451611,88764,589221,91936,23712,0.547028752929397,0.5471379880374336
0.07041405568451176,0.5710728789351192,0.8350934094687227,0.4338942307692308,0.7913669064748201,451611,89180,589221,91520,24128,0.547028752929397,0.5471379880374336
0.07030944573492459,0.5706215403121158,0.8331660646222987,0.4338942307692308,0.7913669064748201,451611,90431,589221,91520,24128,0.547028752929397,0.5471379880374336
0.0702911600714855,0.5701709145427286,0.8312475956804155,0.4338942307692308,0.7913669064748201,451611,91682,589221,91520,24128,0.547028752929397,0.5471379880374336
0.06978666550806573,0.5697209999394466,0.8293379414702944,0.4338942307692308,0.7913669064748201,451611,92933,589221,91520,24128,0.547028752929397,0.5471379880374336
0.06964529719138735,0.5695715453224635,0.8287048590722255,0.4338942307692308,0.7877697841726619,451611,93349,589221,91104,24544,0.547028752929397,0.5471379880374336
0.06937678331924363,0.5694221690976214,0.8280727424749164,0.4338942307692308,0.7841726618705036,451611,93765,589221,90688,24960,0.547028752929397,0.5471379880374336
0.06936458256835143,0.5692728712032592,0.8274415894699813,0.4338942307692308,0.7805755395683454,451611,94181,589221,90272,25376,0.547028752929397,0.5471379880374336
0.06879714595638464,0.56912365157778,0.8268113978557619,0.4338942307692308,0.7769784172661871,451611,94597,589221,89856,25792,0.547028752929397,0.5471379880374336
0.06828978108451789,0.5702506656525788,0.8272071515857808,0.43509615384615385,0.7769784172661871,452862,94597,587970,89856,25792,0.547028752929397,0.5471379880374336
0.06823812763424508,0.5713759057640503,0.8276011007636092,0.4362980769230769,0.7769784172661871,454113,94597,586719,89856,25792,0.547028752929397,0.5471379880374336
0.06731704478322953,0.5709265756135462,0.8257185509517948,0.4362980769230769,0.7769784172661871,454113,95848,586719,89856,25792,0.547028752929397,0.5471379880374336
0.06731001164683181,0.5720495162194009,0.8261140904044179,0.4375,0.7769784172661871,455364,95848,585468,89856,25792,0.547028752929397,0.5471379880374336
0.06679611818853937,0.571600362770234,0.8242434334969039,0.4375,0.7769784172661871,455364,97099,585468,89856,25792,0.547028752929397,0.5471379880374336
0.06590595770794239,0.5714511602166265,0.8236232521039866,0.4375,0.7733812949640287,455364,97515,585468,89440,26208,0.547028752929397,0.5471379880374336
0.0658080521532019,0.5725716349355031,0.8240214390125061,0.4387019230769231,0.7733812949640287,456615,97515,584217,89440,26208,0.547028752929397,0.5471379880374336
0.06573012901236219,0.5736903533550973,0.8244178320828405,0.43990384615384615,0.7733812949640287,457866,97515,582966,89440,26208,0.547028752929397,0.5471379880374336
0.06566185847722061,0.5748073196015685,0.8248124434096494,0.4411057692307692,0.7733812949640287,459117,97515,581715,89440,26208,0.547028752929397,0.5471379880374336
0.0656022322503434,0.5746576714146244,0.8241964785799428,0.4411057692307692,0.7697841726618705,459117,97931,581715,89024,26624,0.547028752929397,0.5471379880374336
0.06540856347964463,0.5757727165566798,0.824590407648948,0.4423076923076923,0.7697841726618705,460368,97931,580464,89024,26624,0.547028752929397,0.5471379880374336
0.06536920610725838,0.5753226417192895,0.8227468501474399,0.4423076923076923,0.7697841726618705,460368,99182,580464,89024,26624,0.547028752929397,0.5471379880374336
0.06485736521715568,0.574873269968838,0.8209115176328144,0.4423076923076923,0.7697841726618705,460368,100433,580464,89024,26624,0.547028752929397,0.5471379880374336
0.06453910056318057,0.5759855360712316,0.8213101278885228,0.44350961538461536,0.7697841726618705,461619,100433,579213,89024,26624,0.547028752929397,0.5471379880374336
0.06438492366575915,0.5758360880683591,0.8207026888640776,0.44350961538461536,0.7661870503597122,461619,100849,579213,88608,27040,0.547028752929397,0.5471379880374336
0.06437851700951847,0.5769464479471204,0.821100583801504,0.44471153846153844,0.7661870503597122,462870,100849,577962,88608,27040,0.547028752929397,0.5471379880374336
0.06386876527238022,0.576496977834129,0.8192824397755633,0.44471153846153844,0.7661870503597122,462870,102100,577962,88608,27040,0.547028752929397,0.5471379880374336
0.06372543392490426,0.5776050945426193,0.8196817143836064,0.44591346153846156,0.7661870503597122,464121,102100,576711,88608,27040,0.547028752929397,0.5471379880374336
0.06336735942537186,0.5787114873804953,0.8200792285786788,0.44711538461538464,0.7661870503597122,465372,102100,575460,88608,27040,0.547028752929397,0.5471379880374336
0.06292361368930577,0.5798161603673065,0.820474993977736,0.4483173076923077,0.7661870503597122,466623,102100,574209,88608,27040,0.547028752929397,0.5471379880374336
0.06272704359703163,0.5793658578376291,0.8186741851382695,0.4483173076923077,0.7661870503597122,466623,103351,574209,88608,27040,0.547028752929397,0.5471379880374336
0.06165774200889573,0.5789162542019296,0.8168812639502823,0.4483173076923077,0.7661870503597122,466623,104602,574209,88608,27040,0.547028752929397,0.5471379880374336
0.06156170803039451,0.5784673478343875,0.8150961787044347,0.4483173076923077,0.7661870503597122,466623,105853,574209,88608,27040,0.547028752929397,0.5471379880374336
0.06134823792379285,0.5780191371142213,0.8133188781423918,0.4483173076923077,0.7661870503597122,466623,107104,574209,88608,27040,0.547028752929397,0.5471379880374336
0.06114536086828881,0.579120069810188,0.8137250468713586,0.4495192307692308,0.7661870503597122,467874,107104,572958,88608,27040,0.547028752929397,0.5471379880374336
0.061071833031115186,0.5789710102423795,0.8131367376093599,0.4495192307692308,0.762589928057554,467874,107520,572958,88192,27456,0.547028752929397,0.5471379880374336
0.06085446225266278,0.5788220273876343,0.8125492784078081,0.4495192307692308,0.7589928057553957,467874,107936,572958,87776,27872,0.547028752929397,0.5471379880374336
0.06075140997801087,0.5799209218409376,0.8129556494027494,0.45072115384615385,0.7589928057553957,469125,107936,571707,87776,27872,0.547028752929397,0.5471379880374336
0.06074988185485497,0.5797718482687794,0.8123700164681883,0.45072115384615385,0.7553956834532374,469125,108352,571707,87360,28288,0.547028752929397,0.5471379880374336
0.060580588225517484,0.5808688779668552,0.8127756044290236,0.4519230769230769,0.7553956834532374,470376,108352,570456,87360,28288,0.547028752929397,0.5471379880374336
0.06046282861843072,0.5807197143661388,0.8121917864986946,0.4519230769230769,0.7517985611510791,470376,108768,570456,86944,28704,0.547028752929397,0.5471379880374336
0.06023267895705564,0.5805706273543686,0.8116088066809304,0.4519230769230769,0.7482014388489209,470376,109184,570456,86528,29120,0.547028752929397,0.5471379880374336
0.060163762758005446,0.5801227520483855,0.8098606947871166,0.4519230769230769,0.7482014388489209,470376,110435,570456,86528,29120,0.547028752929397,0.5471379880374336
0.060068200352793644,0.5812172575658053,0.8102693527493635,0.453125,0.7482014388489209,471627,110435,569205,86528,29120,0.547028752929397,0.5471379880374336
0.05989274970324565,0.582310076994357,0.810676257858131,0.4543269230769231,0.7482014388489209,472878,110435,567954,86528,29120,0.547028752929397,0.5471379880374336
0.059744849255795984,0.583401214227179,0.811081421367036,0.45552884615384615,0.7482014388489209,474129,110435,566703,86528,29120,0.547028752929397,0.5471379880374336
0.059722028552749995,0.5844906731454336,0.8114848544335669,0.4567307692307692,0.7482014388489209,475380,110435,565452,86528,29120,0.547028752929397,0.5471379880374336
0.05938134866688394,0.585578457618352,0.8118865681201092,0.4579326923076923,0.7482014388489209,476631,110435,564201,86528,29120,0.547028752929397,0.5471379880374336
0.05934349849846754,0.5851288003736921,0.8101601687525603,0.4579326923076923,0.7482014388489209,476631,111686,564201,86528,29120,0.547028752929397,0.5471379880374336
0.05920840497096164,0.5849794270250036,0.8095877078403962,0.4579326923076923,0.7446043165467626,476631,112102,564201,86112,29536,0.547028752929397,0.5471379880374336
0.059167207561452995,0.5845306889311853,0.8078710609101264,0.4579326923076923,0.7446043165467626,476631,113353,564201,86112,29536,0.547028752929397,0.5471379880374336
0.05895652387729611,0.5856156640628112,0.8082775884377617,0.45913461538461536,0.7446043165467626,477882,113353,562950,86112,29536,0.547028752929397,0.5471379880374336
0.05857545283560228,0.5854664336473948,0.807709274555439,0.45913461538461536,0.7410071942446043,477882,113769,562950,85696,29952,0.547028752929397,0.5471379880374336
0.05844204255713292,0.5865495851833897,0.8081150004553872,0.46033653846153844,0.7410071942446043,479133,113769,561699,85696,29952,0.547028752929397,0.5471379880374336
0.05828283473113549,0.5864002692531285,0.807548397318133,0.46033653846153844,0.737410071942446,479133,114185,561699,85280,30368,0.547028752929397,0.5471379880374336
0.05796132887295702,0.5862510293252153,0.8069825881623758,0.46033653846153844,0.7338129496402878,479133,114601,561699,84864,30784,0.547028752929397,0.5471379880374336
0.057922728857293604,0.5858026906432687,0.805285847542375,0.46033653846153844,0.7338129496402878,479133,115852,561699,84864,30784,0.547028752929397,0.5471379880374336
0.05790177632174831,0.5868833793098392,0.8056943894699414,0.46153846153846156,0.7338129496402878,480384,115852,560448,84864,30784,0.547028752929397,0.5471379880374336
0.05780929136449642,0.58643524246499,0.8040074512081434,0.46153846153846156,0.7338129496402878,480384,117103,560448,84864,30784,0.547028752929397,0.5471379880374336
0.05778522504403416,0.5875137993498295,0.8044169569995557,0.46274038461538464,0.7338129496402878,481635,117103,559197,84864,30784,0.547028752929397,0.5471379880374336
0.057741003732047824,0.5885907116010827,0.8048247551205105,0.4639423076923077,0.7338129496402878,482886,117103,557946,84864,30784,0.547028752929397,0.5471379880374336
0.05749191509202212,0.5884415230707083,0.8042671196942064,0.4639423076923077,0.7302158273381295,482886,117519,557946,84448,31200,0.547028752929397,0.5471379880374336
0.05730539219770325,0.5879933369376215,0.8025948382464398,0.4639423076923077,0.7302158273381295,482886,118770,557946,84448,31200,0.547028752929397,0.5471379880374336
0.05710302899122777,0.5875458330063349,0.8009294965890261,0.4639423076923077,0.7302158273381295,482886,120021,557946,84448,31200,0.547028752929397,0.5471379880374336
0.05695238216562559,0.5886199916108913,0.8013417020051046,0.4651442307692308,0.7302158273381295,484137,120021,556695,84448,31200,0.547028752929397,0.5471379880374336
0.05676685592060671,0.5881726916046921,0.799685832222514,0.4651442307692308,0.7302158273381295,484137,121272,556695,84448,31200,0.547028752929397,0.5471379880374336
0.05671691290245651,0.587726070900496,0.7980367916130946,0.4651442307692308,0.7302158273381295,484137,122523,556695,84448,31200,0.547028752929397,0.5471379880374336
0.056543827871121444,0.588797647662492,0.7984524050395535,0.46634615384615385,0.7302158273381295,485388,122523,555444,84448,31200,0.547028752929397,0.5471379880374336
0.05609336663898973,0.5886491235835962,0.7979063891624077,0.46634615384615385,0.7266187050359713,485388,122939,555444,84032,31616,0.547028752929397,0.5471379880374336
0.05601171007993311,0.5882029313928054,0.7962688942186233,0.46634615384615385,0.7266187050359713,485388,124190,555444,84032,31616,0.547028752929397,0.5471379880374336
0.05580322124657666,0.5892722538099525,0.7966861429303455,0.4675480769230769,0.7266187050359713,486639,124190,554193,84032,31616,0.547028752929397,0.5471379880374336
0.05571039409855649,0.5903399576020986,0.7971016860541106,0.46875,0.7266187050359713,487890,124190,552942,84032,31616,0.547028752929397,0.5471379880374336
0.05556087679410715,0.5898934990082597,0.7954758523537862,0.46875,0.7266187050359713,487890,125441,552942,84032,31616,0.547028752929397,0.5471379880374336
0.055494275327387044,0.5909591195918362,0.7958921673592784,0.4699519230769231,0.7266187050359713,489141,125441,551691,84032,31616,0.547028752929397,0.5471379880374336
0.05539007831980913,0.5920231308079786,0.7963067909644336,0.47115384615384615,0.7266187050359713,490392,125441,550440,84032,31616,0.547028752929397,0.5471379880374336
0.055122637654646534,0.5930855362997884,0.7967197334560611,0.4723557692307692,0.7266187050359713,491643,125441,549189,84032,31616,0.547028752929397,0.5471379880374336
0.05501941635094876,0.5941463396993792,0.7971310050377223,0.4735576923076923,0.7266187050359713,492894,125441,547938,84032,31616,0.547028752929397,0.5471379880374336
0.054941423075173745,0.5936986951478483,0.7955215256639111,0.4735576923076923,0.7266187050359713,492894,126692,547938,84032,31616,0.547028752929397,0.5471379880374336
0.05439263608421596,0.5947574396585602,0.7959335542179348,0.47475961538461536,0.7266187050359713,494145,126692,546687,84032,31616,0.547028752929397,0.5471379880374336
0.05399459335712464,0.5943100089000072,0.7943329561091035,0.47475961538461536,0.7266187050359713,494145,127943,546687,84032,31616,0.547028752929397,0.5471379880374336
0.05377180242799995,0.5941613720859766,0.793802128179096,0.47475961538461536,0.7230215827338129,494145,128359,546687,83616,32032,0.547028752929397,0.5471379880374336
0.053559897650277244,0.5952179129117312,0.7942156776298387,0.47596153846153844,0.7230215827338129,495396,128359,545436,83616,32032,0.547028752929397,0.5471379880374336
0.05345925093426984,0.5962728668694075,0.7946275715753128,0.47716346153846156,0.7230215827338129,496647,128359,544185,83616,32032,0.547028752929397,0.5471379880374336
0.05345775976295242,0.5961240003024749,0.7940990243387664,0.47716346153846156,0.7194244604316546,496647,128775,544185,83200,32448,0.547028752929397,0.5471379880374336
0.052980488016831084,0.5956767745823851,0.792513799062669,0.47716346153846156,0.7194244604316546,496647,130026,544185,83200,32448,0.547028752929397,0.5471379880374336
0.05277700930184814,0.595230219396964,0.7909348902096432,0.47716346153846156,0.7194244604316546,496647,131277,544185,83200,32448,0.547028752929397,0.5471379880374336
0.05261647926838853,0.5947843332393218,0.7893622601025152,0.47716346153846156,0.7194244604316546,496647,132528,544185,83200,32448,0.547028752929397,0.5471379880374336
0.052606926479255134,0.5958361904625139,0.789780243835121,0.47836538461538464,0.7194244604316546,497898,132528,542934,83200,32448,0.547028752929397,0.5471379880374336
0.05248954848126719,0.5953905180779296,0.7882161294459035,0.47836538461538464,0.7194244604316546,497898,133779,542934,83200,32448,0.547028752929397,0.5471379880374336
0.05240509830689977,0.5949455119013478,0.7866581980888822,0.47836538461538464,0.7194244604316546,497898,135030,542934,83200,32448,0.547028752929397,0.5471379880374336
0.05210395338589946,0.5959948919738437,0.7870790423523958,0.4795673076923077,0.7194244604316546,499149,135030,541683,83200,32448,0.547028752929397,0.5471379880374336
0.052080268392782125,0.5970427057345451,0.7874982295453472,0.4807692307692308,0.7194244604316546,500400,135030,540432,83200,32448,0.547028752929397,0.5471379880374336
0.052062986626316254,0.5968945736748499,0.7869830116097294,0.4807692307692308,0.7158273381294964,500400,135446,540432,82784,32864,0.547028752929397,0.5471379880374336
0.05166381376538032,0.5964495517986756,0.7854376963005634,0.4807692307692308,0.7158273381294964,500400,136697,540432,82784,32864,0.547028752929397,0.5471379880374336
0.05098768953173649,0.5963017138907674,0.7849251701533929,0.4807692307692308,0.7122302158273381,500400,137113,540432,82368,33280,0.547028752929397,0.5471379880374336
0.050924599178155505,0.5973472192122391,0.7853463877112674,0.48197115384615385,0.7122302158273381,501651,137113,539181,82368,33280,0.547028752929397,0.5471379880374336
0.05083744869222273,0.5969026330177583,0.7838113169222596,0.48197115384615385,0.7122302158273381,501651,138364,539181,82368,33280,0.547028752929397,0.5471379880374336
0.05041902321665359,0.5979461363131042,0.7842330639703337,0.4831730769230769,0.7122302158273381,502902,138364,537930,82368,33280,0.547028752929397,0.5471379880374336
0.05041882821145327,0.5977982946947247,0.7837246486577464,0.4831730769230769,0.7086330935251799,502902,138780,537930,81952,33696,0.547028752929397,0.5471379880374336
0.05016941035769096,0.5973541438383623,0.7821997004353486,0.4831730769230769,0.7086330935251799,502902,140031,537930,81952,33696,0.547028752929397,0.5471379880374336
0.05001217576803296,0.5983955048498055,0.7826226668156924,0.484375,0.7086330935251799,504153,140031,536679,81952,33696,0.547028752929397,0.5471379880374336
0.04994639830927072,0.5994353207410215,0.7830439935857213,0.4855769230769231,0.7086330935251799,505404,140031,535428,81952,33696,0.547028752929397,0.5471379880374336
0.04974890318173053,0.5989909440965963,0.7815292120132491,0.4855769230769231,0.7086330935251799,505404,141282,535428,81952,33696,0.547028752929397,0.5471379880374336
0.04967789104850023,0.598547225819517,0.7800202797494201,0.4855769230769231,0.7086330935251799,505404,142533,535428,81952,33696,0.547028752929397,0.5471379880374336
0.04927058660146855,0.598104164447758,0.778517162978983,0.4855769230769231,0.7086330935251799,505404,143784,535428,81952,33696,0.547028752929397,0.5471379880374336
0.04901903265095153,0.5976617585236192,0.7770198281468362,0.4855769230769231,0.7086330935251799,505404,145035,535428,81952,33696,0.547028752929397,0.5471379880374336
0.048919412820674024,0.5986982739367642,0.7774478663168071,0.48677884615384615,0.7086330935251799,506655,145035,534177,81952,33696,0.547028752929397,0.5471379880374336
0.04868287857851389,0.5985511578096776,0.7769519065918731,0.48677884615384615,0.7050359712230215,506655,145451,534177,81536,34112,0.547028752929397,0.5471379880374336
0.04861330928079488,0.5995859966036847,0.7773789827001165,0.4879807692307692,0.7050359712230215,507906,145451,532926,81536,34112,0.547028752929397,0.5471379880374336
0.048447963157630336,0.5991435851460388,0.7758933590790213,0.4879807692307692,0.7050359712230215,507906,146702,532926,81536,34112,0.547028752929397,0.5471379880374336
0.0483879887861568,0.5987018260838303,0.7744134028808021,0.4879807692307692,0.7050359712230215,507906,147953,532926,81536,34112,0.547028752929397,0.5471379880374336
0.04833023631434025,0.598555070481708,0.7739225172374385,0.4879807692307692,0.7014388489208633,507906,148369,532926,81120,34528,0.547028752929397,0.5471379880374336
0.048272646154721155,0.5995873661501285,0.7743526491728083,0.4891826923076923,0.7014388489208633,509157,148369,531675,81120,34528,0.547028752929397,0.5471379880374336
0.048228321261391816,0.5994405377054276,0.7738630456787985,0.4891826923076923,0.697841726618705,509157,148785,531675,80704,34944,0.547028752929397,0.5471379880374336
0.04812009553038599,0.5992937811545501,0.7733740609212617,0.4891826923076923,0.6942446043165468,509157,149201,531675,80288,35360,0.547028752929397,0.5471379880374336
0.04803619557329908,0.6003242688220292,0.7738038747197203,0.49038461538461536,0.6942446043165468,510408,149201,530424,80288,35360,0.547028752929397,0.5471379880374336
0.04801467828675454,0.5998829400385028,0.7723390733286929,0.49038461538461536,0.6942446043165468,510408,150452,530424,80288,35360,0.547028752929397,0.5471379880374336
0.04775969194017049,0.5997363269545763,0.7718532050157574,0.49038461538461536,0.6906474820143885,510408,150868,530424,79872,35776,0.547028752929397,0.5471379880374336
0.04771604142120939,0.6007647242888904,0.7722839974823668,0.49158653846153844,0.6906474820143885,511659,150868,529173,79872,35776,0.547028752929397,0.5471379880374336
0.047679454116487,0.6017916121576197,0.7727131661489233,0.49278846153846156,0.6906474820143885,512910,150868,527922,79872,35776,0.547028752929397,0.5471379880374336
0.04761778508437964,0.6016447843024094,0.7722291980957371,0.49278846153846156,0.6870503597122302,512910,151284,527922,79456,36192,0.547028752929397,0.5471379880374336
0.04758514825771332,0.601203673260555,0.7707774496765323,0.49278846153846156,0.6870503597122302,512910,152535,527922,79456,36192,0.547028752929397,0.5471379880374336
0.04717004963113447,0.6022284846866347,0.7712075668670578,0.49399038461538464,0.6870503597122302,514161,152535,526671,79456,36192,0.547028752929397,0.5471379880374336
0.047160485504379124,0.601787592193022,0.769763169832337,0.49399038461538464,0.6870503597122302,514161,153786,526671,79456,36192,0.547028752929397,0.5471379880374336
0.046963353514972606,0.6028104770091752,0.7701935749957411,0.4951923076923077,0.6870503597122302,515412,153786,525420,79456,36192,0.547028752929397,0.5471379880374336
0.046884416334294965,0.6038318663036637,0.7706223739613304,0.4963942307692308,0.6870503597122302,516663,153786,524169,79456,36192,0.547028752929397,0.5471379880374336
0.04677363236990151,0.6036851148304869,0.7701445149173083,0.4963942307692308,0.6834532374100719,516663,154202,524169,79040,36608,0.547028752929397,0.5471379880374336
0.046603826950176064,0.6047048713679575,0.7705723416791149,0.49759615384615385,0.6834532374100719,517914,154202,522918,79040,36608,0.547028752929397,0.5471379880374336
0.04632135019364503,0.6042635656653632,0.769140750883248,0.49759615384615385,0.6834532374100719,517914,155453,522918,79040,36608,0.547028752929397,0.5471379880374336
0.046214012333174015,0.6038229036112973,0.767714469522011,0.49759615384615385,0.6834532374100719,517914,156704,522918,79040,36608,0.547028752929397,0.5471379880374336
0.045819495495835305,0.6048403303778584,0.7681444185189733,0.4987980769230769,0.6834532374100719,519165,156704,521667,79040,36608,0.547028752929397,0.5471379880374336
0.04573841471292356,0.6046937978017806,0.7676719134684342,0.4987980769230769,0.6798561151079137,519165,157120,521667,78624,37024,0.547028752929397,0.5471379880374336
0.04556397362192666,0.6042535708299969,0.7662544868464554,0.4987980769230769,0.6798561151079137,519165,158371,521667,78624,37024,0.547028752929397,0.5471379880374336
0.04554139213648545,0.6038139843767718,0.764842284840458,0.4987980769230769,0.6798561151079137,519165,159622,521667,78624,37024,0.547028752929397,0.5471379880374336
0.045455807156442485,0.6048289527971317,0.7652748816977875,0.5,0.6798561151079137,520416,159622,520416,78624,37024,0.547028752929397,0.5471379880374336
0.04528841082302837,0.6058424466108944,0.7657058898646536,0.5012019230769231,0.6798561151079137,521667,159622,519165,78624,37024,0.547028752929397,0.5471379880374336
0.04517222131034537,0.6068544690293216,0.7661353180765963,0.5024038461538461,0.6798561151079137,522918,159622,517914,78624,37024,0.547028752929397,0.5471379880374336
0.04501267440119383,0.6078650232543577,0.7665631750052282,0.5036057692307693,0.6798561151079137,524169,159622,516663,78624,37024,0.547028752929397,0.5471379880374336
0.04495178768354291,0.6074244122108566,0.765163303855822,0.5036057692307693,0.6798561151079137,524169,160873,516663,78624,37024,0.547028752929397,0.5471379880374336
0.04494682571882247,0.607278035556019,0.7646989312255456,0.5036057692307693,0.6762589928057554,524169,161289,516663,78208,37440,0.547028752929397,0.5471379880374336
0.04477839235925807,0.6068382747500638,0.7633058544448958,0.5036057692307693,0.6762589928057554,524169,162540,516663,78208,37440,0.547028752929397,0.5471379880374336
0.04475356671036895,0.6066921804188414,0.7628437329452429,0.5036057692307693,0.6726618705035972,524169,162956,516663,77792,37856,0.547028752929397,0.5471379880374336
0.044637684330716354,0.6077001725645498,0.7632747219542808,0.5048076923076923,0.6726618705035972,525420,162956,515412,77792,37856,0.547028752929397,0.5471379880374336
0.044570231328764476,0.6072608481333566,0.7618901232115332,0.5048076923076923,0.6726618705035972,525420,164207,515412,77792,37856,0.547028752929397,0.5471379880374336
0.044460666203790966,0.6071148985339785,0.7614308093843427,0.5048076923076923,0.6690647482014388,525420,164623,515412,77376,38272,0.547028752929397,0.5471379880374336
0.044350634610017536,0.6069690190730501,0.7609720490282551,0.5048076923076923,0.6654676258992805,525420,165039,515412,76960,38688,0.547028752929397,0.5471379880374336
0.04434081986501015,0.6068232097000243,0.7605138411434774,0.5048076923076923,0.6618705035971223,525420,165455,515412,76544,39104,0.547028752929397,0.5471379880374336
0.04406507509347202,0.6078289260328295,0.7609467062355698,0.5060096153846154,0.6618705035971223,526671,165455,514161,76544,39104,0.547028752929397,0.5471379880374336
0.04397485028180326,0.6073904587048043,0.7595737960734203,0.5060096153846154,0.6618705035971223,526671,166706,514161,76544,39104,0.547028752929397,0.5471379880374336
0.043522070749571484,0.6069526235119219,0.7582058310347409,0.5060096153846154,0.6618705035971223,526671,167957,514161,76544,39104,0.547028752929397,0.5471379880374336
0.04324649602721903,0.6068071682539536,0.7577520272097882,0.5060096153846154,0.658273381294964,526671,168373,514161,76128,39520,0.547028752929397,0.5471379880374336
0.04320050767917982,0.6078104824805556,0.7581872625826697,0.5072115384615384,0.658273381294964,527922,168373,512910,76128,39520,0.547028752929397,0.5471379880374336
0.04315085388053663,0.6076649613851283,0.7577345556478942,0.5072115384615384,0.6546762589928058,527922,168789,512910,75712,39936,0.547028752929397,0.5471379880374336
0.043120235300970255,0.6072277682117606,0.7563764216390004,0.5072115384615384,0.6546762589928058,527922,170040,512910,75712,39936,0.547028752929397,0.5471379880374336
0.043082604267955515,0.6070825259744367,0.7559258739536469,0.5072115384615384,0.6510791366906474,527922,170456,512910,75296,40352,0.547028752929397,0.5471379880374336
0.04306063260961018,0.608083720347655,0.7563623005907416,0.5084134615384616,0.6510791366906474,529173,170456,511659,75296,40352,0.547028752929397,0.5471379880374336
0.043027731826864146,0.6090834764875019,0.7567971692729141,0.5096153846153846,0.6510791366906474,530424,170456,510408,75296,40352,0.547028752929397,0.5471379880374336
0.04298498574401044,0.6086463109084932,0.7554487695316117,0.5096153846153846,0.6510791366906474,530424,171707,510408,75296,40352,0.547028752929397,0.5471379880374336
0.04294015627686376,0.6085010775052355,0.7550014447431986,0.5096153846153846,0.6474820143884892,530424,172123,510408,74880,40768,0.547028752929397,0.5471379880374336
0.04260456317153122,0.6094988622229355,0.7554369293462044,0.5108173076923077,0.6474820143884892,531675,172123,509157,74880,40768,0.547028752929397,0.5471379880374336
0.04257707076098327,0.6093535643186483,0.7549906704496077,0.5108173076923077,0.6438848920863309,531675,172539,509157,74464,41184,0.547028752929397,0.5471379880374336
0.0423566894391213,0.609208335672733,0.7545449384783504,0.5108173076923077,0.6402877697841727,531675,172955,509157,74048,41600,0.547028752929397,0.5471379880374336
0.04234350086420935,0.609063176235682,0.7540997324997234,0.5108173076923077,0.6366906474820144,531675,173371,509157,73632,42016,0.547028752929397,0.5471379880374336
0.04216510835965892,0.6100591312948271,0.7545352734048141,0.5120192307692307,0.6366906474820144,532926,173371,507906,73632,42016,0.547028752929397,0.5471379880374336
0.041339208161713215,0.6099139077963658,0.7540911232706912,0.5120192307692307,0.6330935251798561,532926,173787,507906,73216,42432,0.547028752929397,0.5471379880374336
0.04125465890366942,0.6109083049137807,0.7545256538468058,0.5132211538461539,0.6330935251798561,534177,173787,506655,73216,42432,0.547028752929397,0.5471379880374336
0.041229369673679184,0.6107630178617571,0.7540825545611113,0.5132211538461539,0.6294964028776978,534177,174203,506655,72800,42848,0.547028752929397,0.5471379880374336
0.04112859054239315,0.6106177998980354,0.753639975394895,0.5132211538461539,0.6258992805755396,534177,174619,506655,72384,43264,0.547028752929397,0.5471379880374336
0.04092977155707389,0.6104726509733469,0.753197915432903,0.5132211538461539,0.6223021582733813,534177,175035,506655,71968,43680,0.547028752929397,0.5471379880374336
0.04090658930180302,0.6103275710384699,0.7527563737620274,0.5132211538461539,0.6187050359712231,534177,175451,506655,71552,44096,0.547028752929397,0.5471379880374336
0.04073396552330477,0.6098917001720032,0.7514316782462276,0.5132211538461539,0.6187050359712231,534177,176702,506655,71552,44096,0.547028752929397,0.5471379880374336
0.04066576335997352,0.6108837499044475,0.7518683386460338,0.5144230769230769,0.6187050359712231,535428,176702,505404,71552,44096,0.547028752929397,0.5471379880374336
0.04056839352658248,0.6118743846955872,0.7523034675720267,0.515625,0.6187050359712231,536679,176702,504153,71552,44096,0.547028752929397,0.5471379880374336
0.04035485895064728,0.6128636075704201,0.7527370730669771,0.5168269230769231,0.6187050359712231,537930,176702,502902,71552,44096,0.547028752929397,0.5471379880374336
0.040130890076188086,0.6124271723074033,0.7514216708596237,0.5168269230769231,0.6187050359712231,537930,177953,502902,71552,44096,0.547028752929397,0.5471379880374336
0.03986747712702843,0.6122821804407298,0.7509852729097765,0.5168269230769231,0.6151079136690647,537930,178369,502902,71136,44512,0.547028752929397,0.5471379880374336
0.03972832536799742,0.613269471593772,0.7514194132813045,0.5180288461538461,0.6151079136690647,539181,178369,501651,71136,44512,0.547028752929397,0.5471379880374336
0.039713368752063105,0.6142553589299586,0.7518520424985496,0.5192307692307693,0.6151079136690647,540432,178369,500400,71136,44512,0.547028752929397,0.5471379880374336
0.03945421001563021,0.615239845441267,0.752283168437835,0.5204326923076923,0.6151079136690647,541683,178369,499149,71136,44512,0.547028752929397,0.5471379880374336
0.03928890712217459,0.6148030655994007,0.7509784376330059,0.5204326923076923,0.6151079136690647,541683,179620,499149,71136,44512,0.547028752929397,0.5471379880374336
0.03904217379165725,0.615785766701108,0.7514095832283816,0.5216346153846154,0.6151079136690647,542934,179620,497898,71136,44512,0.547028752929397,0.5471379880374336
0.03859288966799279,0.6153492191311868,0.7501108724034788,0.5216346153846154,0.6151079136690647,542934,180871,497898,71136,44512,0.547028752929397,0.5471379880374336
0.03858480178823587,0.6149132900840824,0.7488166431282549,0.5216346153846154,0.6151079136690647,542934,182122,497898,71136,44512,0.547028752929397,0.5471379880374336
0.038440546398190945,0.6158938261223367,0.749249284393514,0.5228365384615384,0.6151079136690647,544185,182122,496647,71136,44512,0.547028752929397,0.5471379880374336
0.03840808373654975,0.615458128580234,0.7479609873027305,0.5228365384615384,0.6151079136690647,544185,183373,496647,71136,44512,0.547028752929397,0.5471379880374336
0.0383238111298021,0.6164368931325619,0.7483936120437591,0.5240384615384616,0.6151079136690647,545436,183373,495396,71136,44512,0.547028752929397,0.5471379880374336
0.038056209370321836,0.6174142748400241,0.7488247541297975,0.5252403846153846,0.6151079136690647,546687,183373,494145,71136,44512,0.547028752929397,0.5471379880374336
0.03801049255582034,0.6183902766311749,0.7492544211696529,0.5264423076923077,0.6151079136690647,547938,183373,492894,71136,44512,0.547028752929397,0.5471379880374336
0.03800833120940372,0.6182451472701331,0.7488284565145198,0.5264423076923077,0.6115107913669064,547938,183789,492894,70720,44928,0.547028752929397,0.5471379880374336
0.037796846191511746,0.6181000860136212,0.7484029759213705,0.5264423076923077,0.6079136690647482,547938,184205,492894,70304,45344,0.547028752929397,0.5471379880374336
0.037624719922689176,0.6176642659954256,0.7471263740908707,0.5264423076923077,0.6079136690647482,547938,185456,492894,70304,45344,0.547028752929397,0.5471379880374336
0.037545951781399745,0.6172290601342625,0.7458541200171511,0.5264423076923077,0.6079136690647482,547938,186707,492894,70304,45344,0.547028752929397,0.5471379880374336
0.03680115924151417,0.6167944671328419,0.7445861915270636,0.5264423076923077,0.6079136690647482,547938,187958,492894,70304,45344,0.547028752929397,0.5471379880374336
0.036765846385288126,0.6166500857555719,0.7441655167917948,0.5264423076923077,0.60431654676259,547938,188374,492894,69888,45760,0.547028752929397,0.5471379880374336
0.036712084712900106,0.6162163074007743,0.7429033180894378,0.5264423076923077,0.60431654676259,547938,189625,492894,69888,45760,0.547028752929397,0.5471379880374336
0.03667391993453606,0.6160721965402732,0.7424845422430719,0.5264423076923077,0.6007194244604317,547938,190041,492894,69472,46176,0.547028752929397,0.5471379880374336
0.0366445580132993,0.6156392305436552,0.7412280345765188,0.5264423076923077,0.6007194244604317,547938,191292,492894,69472,46176,0.547028752929397,0.5471379880374336
0.03662205689763809,0.6154953894403637,0.7408111447908865,0.5264423076923077,0.5971223021582733,547938,191708,492894,69056,46592,0.547028752929397,0.5471379880374336
0.0365326240711179,0.6150632335220452,0.7395602897568758,0.5264423076923077,0.5971223021582733,547938,192959,492894,69056,46592,0.547028752929397,0.5471379880374336
0.03649483154839084,0.6146316840345938,0.7383136517244538,0.5264423076923077,0.5971223021582733,547938,194210,492894,69056,46592,0.547028752929397,0.5471379880374336
0.03637860658337544,0.6142007397024264,0.737071209404371,0.5264423076923077,0.5971223021582733,547938,195461,492894,69056,46592,0.547028752929397,0.5471379880374336
0.035654113910655316,0.6140575699283948,0.7366589810638398,0.5264423076923077,0.5935251798561151,547938,195877,492894,68640,47008,0.547028752929397,0.5471379880374336
0.035607588312845384,0.6150284058776033,0.7371011427175579,0.5276442307692307,0.5935251798561151,549189,195877,491643,68640,47008,0.547028752929397,0.5471379880374336
0.03545758496316964,0.6145978874732885,0.7358655906270392,0.5276442307692307,0.5935251798561151,549189,197128,491643,68640,47008,0.547028752929397,0.5471379880374336
0.035455802599810016,0.6144548589841489,0.7354556447886996,0.5276442307692307,0.5899280575539568,549189,197544,491643,68224,47424,0.547028752929397,0.5471379880374336
0.035213007443930966,0.6140251428878096,0.7342255984085221,0.5276442307692307,0.5899280575539568,549189,198795,491643,68224,47424,0.547028752929397,0.5471379880374336
0.03516623119360818,0.6138823808203743,0.7338174772848745,0.5276442307692307,0.5863309352517986,549189,199211,491643,67808,47840,0.547028752929397,0.5471379880374336
0.03511712621218743,0.6137396851224375,0.7334098096194526,0.5276442307692307,0.5827338129496403,549189,199627,491643,67392,48256,0.547028752929397,0.5471379880374336
0.03511238473208883,0.6133109684019031,0.7321865913311744,0.5276442307692307,0.5827338129496403,549189,200878,491643,67392,48256,0.547028752929397,0.5471379880374336
0.03504753906564023,0.6128828502078509,0.7309674465406126,0.5276442307692307,0.5827338129496403,549189,202129,491643,67392,48256,0.547028752929397,0.5471379880374336
0.03495428624382141,0.612455329287761,0.7297523549335676,0.5276442307692307,0.5827338129496403,549189,203380,491643,67392,48256,0.547028752929397,0.5471379880374336
0.03483387578220121,0.6134225465438424,0.7302008437027407,0.5288461538461539,0.5827338129496403,550440,203380,490392,67392,48256,0.547028752929397,0.5471379880374336
0.03470480674065579,0.6129952452888603,0.7289910485239136,0.5288461538461539,0.5827338129496403,550440,204631,490392,67392,48256,0.547028752929397,0.5471379880374336
0.034699450535276566,0.612853284967759,0.7285896382068785,0.5288461538461539,0.579136690647482,550440,205047,490392,66976,48672,0.547028752929397,0.5471379880374336
0.034467987109525144,0.6138186551844991,0.7290383197354963,0.5300480769230769,0.579136690647482,551691,205047,489141,66976,48672,0.547028752929397,0.5471379880374336
0.034447572098856516,0.6133917716104048,0.7278351005093742,0.5300480769230769,0.579136690647482,551691,206298,489141,66976,48672,0.547028752929397,0.5471379880374336
0.03412869717554934,0.6143554257829686,0.7282835467045994,0.53125,0.579136690647482,552942,206298,487890,66976,48672,0.547028752929397,0.5471379880374336
0.03404982339889029,0.6139287623596656,0.7270855276393804,0.53125,0.579136690647482,552942,207549,487890,66976,48672,0.547028752929397,0.5471379880374336
0.0339690253188879,0.6135026911516531,0.7258914435596304,0.53125,0.579136690647482,552942,208800,487890,66976,48672,0.547028752929397,0.5471379880374336
0.03352325280964219,0.6133611389968885,0.7254952385200969,0.53125,0.5755395683453237,552942,209216,487890,66560,49088,0.547028752929397,0.5471379880374336
0.033387338244410425,0.6143225877252539,0.7259450700738398,0.5324519230769231,0.5755395683453237,554193,209216,486639,66560,49088,0.547028752929397,0.5471379880374336
0.03338406538055827,0.6138969322489383,0.7247574085214343,0.5324519230769231,0.5755395683453237,554193,210467,486639,66560,49088,0.547028752929397,0.5471379880374336
0.03328087848321909,0.6137555179998095,0.7243633312246104,0.5324519230769231,0.5719424460431655,554193,210883,486639,66144,49504,0.547028752929397,0.5471379880374336
0.03321534019781763,0.6147151412797657,0.724813297717554,0.5336538461538461,0.5719424460431655,555444,210883,485388,66144,49504,0.547028752929397,0.5471379880374336
0.03318858906880995,0.6145736691423592,0.7244200468735938,0.5336538461538461,0.5683453237410072,555444,211299,485388,65728,49920,0.547028752929397,0.5471379880374336
0.0331748721148476,0.6155318422004107,0.7248689442886272,0.5348557692307693,0.5683453237410072,556695,211299,484137,65728,49920,0.547028752929397,0.5471379880374336
0.033096599119490866,0.6164886908126008,0.7253163816469396,0.5360576923076923,0.5683453237410072,557946,211299,482886,65728,49920,0.547028752929397,0.5471379880374336
0.03279742799641627,0.616347039176622,0.7249243498111506,0.5360576923076923,0.564748201438849,557946,211715,482886,65312,50336,0.547028752929397,0.5471379880374336
0.032676851064467605,0.6159214546867549,0.7237479764227305,0.5360576923076923,0.564748201438849,557946,212966,482886,65312,50336,0.547028752929397,0.5471379880374336
0.03265944312617486,0.6154964575191879,0.7225754147764137,0.5360576923076923,0.564748201438849,557946,214217,482886,65312,50336,0.547028752929397,0.5471379880374336
0.032441704825759476,0.6150720464589697,0.7214066463756797,0.5360576923076923,0.564748201438849,557946,215468,482886,65312,50336,0.547028752929397,0.5471379880374336
0.03227979088432742,0.6149310450100349,0.7210188284248479,0.5360576923076923,0.5611510791366906,557946,215884,482886,64896,50752,0.547028752929397,0.5471379880374336
0.03213285946785216,0.6145074130754061,0.7198550861135804,0.5360576923076923,0.5611510791366906,557946,217135,482886,64896,50752,0.547028752929397,0.5471379880374336
0.03202459837940452,0.6143666703554257,0.7194689341157993,0.5360576923076923,0.5575539568345323,557946,217551,482886,64480,51168,0.547028752929397,0.5471379880374336
0.031973661055899716,0.6139438154028983,0.7183101855428016,0.5360576923076923,0.5575539568345323,557946,218802,482886,64480,51168,0.547028752929397,0.5471379880374336
0.03183225424516839,0.6138033307003976,0.7179256887864081,0.5360576923076923,0.5539568345323741,557946,219218,482886,64064,51584,0.547028752929397,0.5471379880374336
0.03177499591455102,0.6133812505943393,0.7167719018775331,0.5360576923076923,0.5539568345323741,557946,220469,482886,64064,51584,0.547028752929397,0.5471379880374336
0.031524792613783215,0.6132410232004497,0.7163890497424987,0.5360576923076923,0.5503597122302158,557946,220885,482886,63648,52000,0.547028752929397,0.5471379880374336
0.031035118632921632,0.6131008599077293,0.7160066063776954,0.5360576923076923,0.5467625899280576,557946,221301,482886,63232,52416,0.547028752929397,0.5471379880374336
0.030861884265042105,0.6126797450214952,0.7148589746546435,0.5360576923076923,0.5467625899280576,557946,222552,482886,63232,52416,0.547028752929397,0.5471379880374336
0.030848230401737398,0.6125398381552642,0.7144781627682434,0.5360576923076923,0.5431654676258992,557946,222968,482886,62816,52832,0.547028752929397,0.5471379880374336
0.030781039408642075,0.6123999951705721,0.7140977563897457,0.5360576923076923,0.539568345323741,557946,223384,482886,62400,53248,0.547028752929397,0.5471379880374336
0.030731297059761742,0.6119798421970228,0.7129562307288319,0.5360576923076923,0.539568345323741,557946,224635,482886,62400,53248,0.547028752929397,0.5471379880374336
0.030712396181677926,0.6118402547607259,0.7125774428254514,0.5360576923076923,0.5359712230215827,557946,225051,482886,61984,53664,0.547028752929397,0.5471379880374336
0.030653302213250355,0.6127917680320862,0.713035927410717,0.5372596153846154,0.5359712230215827,559197,225051,481635,61984,53664,0.547028752929397,0.5471379880374336
0.030629876118492827,0.612652123039437,0.7126579019809753,0.5372596153846154,0.5323741007194245,559197,225467,481635,61568,54080,0.547028752929397,0.5471379880374336
0.03038189655192014,0.6125125416778027,0.7122802771692057,0.5372596153846154,0.5287769784172662,559197,225883,481635,61152,54496,0.547028752929397,0.5471379880374336
0.030286374217236234,0.6123730239037019,0.7119030523389044,0.5372596153846154,0.5251798561151079,559197,226299,481635,60736,54912,0.547028752929397,0.5471379880374336
0.030078727888429357,0.6119538471387557,0.7107710610907954,0.5372596153846154,0.5251798561151079,559197,227550,481635,60736,54912,0.547028752929397,0.5471379880374336
0.029894174452731626,0.6118145837379205,0.7103954327121574,0.5372596153846154,0.5215827338129496,559197,227966,481635,60320,55328,0.547028752929397,0.5471379880374336
0.029627125529410048,0.6113961708813358,0.7092682270989606,0.5372596153846154,0.5215827338129496,559197,229217,481635,60320,55328,0.547028752929397,0.5471379880374336
0.02958591152061174,0.6112571611587276,0.7088941850588847,0.5372596153846154,0.5179856115107914,559197,229633,481635,59904,55744,0.547028752929397,0.5471379880374336
0.029417216226223064,0.6111182146334746,0.7085205373229639,0.5372596153846154,0.5143884892086331,559197,230049,481635,59488,56160,0.547028752929397,0.5471379880374336
0.029232360954147163,0.6107007533872941,0.7073992690674348,0.5372596153846154,0.5143884892086331,559197,231300,481635,59488,56160,0.547028752929397,0.5471379880374336
0.029127625369061105,0.6102838620960613,0.706281544127677,0.5372596153846154,0.5143884892086331,559197,232551,481635,59488,56160,0.547028752929397,0.5471379880374336
0.029069580501903447,0.6098675395933432,0.7051673457343578,0.5372596153846154,0.5143884892086331,559197,233802,481635,59488,56160,0.547028752929397,0.5471379880374336
0.028943173011295564,0.6094517847158873,0.7040566572237961,0.5372596153846154,0.5143884892086331,559197,235053,481635,59488,56160,0.547028752929397,0.5471379880374336
0.028826694872602365,0.6090365963036116,0.7029494620371313,0.5372596153846154,0.5143884892086331,559197,236304,481635,59488,56160,0.547028752929397,0.5471379880374336
0.028461585581960103,0.609983543609435,0.7034158684258088,0.5384615384615384,0.5143884892086331,560448,236304,480384,59488,56160,0.547028752929397,0.5471379880374336
0.02838334542525811,0.6098454842219804,0.703048792726251,0.5384615384615384,0.5107913669064749,560448,236720,480384,59072,56576,0.547028752929397,0.5471379880374336
0.02827059849369218,0.6107910230849406,0.7035140696802055,0.5396634615384616,0.5107913669064749,561699,236720,479133,59072,56576,0.547028752929397,0.5471379880374336
0.02818841814678913,0.6117352765712832,0.703977890879988,0.5408653846153846,0.5107913669064749,562950,236720,477882,59072,56576,0.547028752929397,0.5471379880374336
0.02808840518137501,0.6113197589470466,0.7028783113440652,0.5408653846153846,0.5107913669064749,562950,237971,477882,59072,56576,0.547028752929397,0.5471379880374336
0.027986621158239577,0.6109048054155064,0.7017821614317129,0.5408653846153846,0.5107913669064749,562950,239222,477882,59072,56576,0.547028752929397,0.5471379880374336
0.027866127980534117,0.6107669440496468,0.7014184114389949,0.5408653846153846,0.5071942446043165,562950,239638,477882,58656,56992,0.547028752929397,0.5471379880374336
0.02774779170353814,0.6103527404073681,0.7003268067361748,0.5408653846153846,0.5071942446043165,562950,240889,477882,58656,56992,0.547028752929397,0.5471379880374336
0.027637598763538607,0.6099390981850804,0.6992385944428573,0.5408653846153846,0.5071942446043165,562950,242140,477882,58656,56992,0.547028752929397,0.5471379880374336
0.027535914050632937,0.609526016242117,0.6981537587695529,0.5408653846153846,0.5071942446043165,562950,243391,477882,58656,56992,0.547028752929397,0.5471379880374336
0.027518697050422203,0.6091134934408988,0.6970722840246065,0.5408653846153846,0.5071942446043165,562950,244642,477882,58656,56992,0.547028752929397,0.5471379880374336
0.02745859102960646,0.6089764392808463,0.6967133988772388,0.5408653846153846,0.5035971223021583,562950,245058,477882,58240,57408,0.547028752929397,0.5471379880374336
0.027454718035550885,0.6085646597924103,0.6956363784647437,0.5408653846153846,0.5035971223021583,562950,246309,477882,58240,57408,0.547028752929397,0.5471379880374336
0.027434978815562228,0.608153436804221,0.6945626827553022,0.5408653846153846,0.5035971223021583,562950,247560,477882,58240,57408,0.547028752929397,0.5471379880374336
0.027431955280181664,0.6080168142921484,0.6942063764141241,0.5408653846153846,0.5,562950,247976,477882,57824,57824,0.547028752929397,0.5471379880374336
0.02735557210337003,0.6076063311079439,0.6931370871127845,0.5408653846153846,0.5,562950,249227,477882,57824,57824,0.547028752929397,0.5471379880374336
0.027081798266433144,0.6074699542738443,0.692782241540353,0.5408653846153846,0.49640287769784175,562950,249643,477882,57408,58240,0.547028752929397,0.5471379880374336
0.027047692739719742,0.6070602088990207,0.691717331577059,0.5408653846153846,0.49640287769784175,562950,250894,477882,57408,58240,0.547028752929397,0.5471379880374336
0.02687701485401761,0.6066510159074144,0.6906556904409915,0.5408653846153846,0.49640287769784175,562950,252145,477882,57408,58240,0.547028752929397,0.5471379880374336
0.02679660027967712,0.6075895794587272,0.6911297415556639,0.5420673076923077,0.49640287769784175,564201,252145,476631,57408,58240,0.547028752929397,0.5471379880374336
0.026763213014060594,0.607180581017623,0.6900722483081518,0.5420673076923077,0.49640287769784175,564201,253396,476631,57408,58240,0.547028752929397,0.5471379880374336
0.02666893398452591,0.6070446971103024,0.6897213124974787,0.5420673076923077,0.49280575539568344,564201,253812,476631,56992,58656,0.547028752929397,0.5471379880374336
0.02657699215838194,0.6079815235342692,0.6901951019451605,0.5432692307692307,0.49280575539568344,565452,253812,475380,56992,58656,0.547028752929397,0.5471379880374336
0.02655347812559916,0.6078455822913262,0.6898448174897521,0.5432692307692307,0.4892086330935252,565452,254228,475380,56576,59072,0.547028752929397,0.5471379880374336
0.026162885232769995,0.6074371442552032,0.6887935770484974,0.5432692307692307,0.4892086330935252,565452,255479,475380,56576,59072,0.547028752929397,0.5471379880374336
0.02613776615460206,0.6070292547452676,0.6877455356599876,0.5432692307692307,0.4892086330935252,565452,256730,475380,56576,59072,0.547028752929397,0.5471379880374336
0.02610756215875587,0.6079639965348274,0.6882199280330032,0.5444711538461539,0.4892086330935252,566703,256730,474129,56576,59072,0.547028752929397,0.5471379880374336
0.02594550747206481,0.6078283631355712,0.6878724135126704,0.5444711538461539,0.4856115107913669,566703,257146,474129,56160,59488,0.547028752929397,0.5471379880374336
0.025772803251469023,0.6074208492056516,0.6868294752151254,0.5444711538461539,0.4856115107913669,566703,258397,474129,56160,59488,0.547028752929397,0.5471379880374336
0.025547801733996678,0.6072854580174758,0.686483363132877,0.5444711538461539,0.48201438848920863,566703,258813,474129,55744,59904,0.547028752929397,0.5471379880374336
0.025531617494420344,0.6082183595086526,0.686957752305063,0.5456730769230769,0.48201438848920863,567954,258813,472878,55744,59904,0.547028752929397,0.5471379880374336
0.025528970978352883,0.6080829115397896,0.6866122732212824,0.5456730769230769,0.4784172661870504,567954,259229,472878,55328,60320,0.547028752929397,0.5471379880374336
0.025504288243037687,0.607675954091071,0.6855754350980283,0.5456730769230769,0.4784172661870504,567954,260480,472878,55328,60320,0.547028752929397,0.5471379880374336
0.02543364629566436,0.6072695409878659,0.6845417236662107,0.5456730769230769,0.4784172661870504,567954,261731,472878,55328,60320,0.547028752929397,0.5471379880374336
0.025293654230721607,0.6068636711387309,0.6835111248038357,0.5456730769230769,0.4784172661870504,567954,262982,472878,55328,60320,0.547028752929397,0.5471379880374336
0.025269107622274134,0.6067288257991735,0.6831691028589575,0.5456730769230769,0.4748201438848921,567954,263398,472878,54912,60736,0.547028752929397,0.5471379880374336
0.02511276027337117,0.6063236781633737,0.6821426298007573,0.5456730769230769,0.4748201438848921,567954,264649,472878,54912,60736,0.547028752929397,0.5471379880374336
0.025007400103943755,0.6059190712471315,0.6811192367009092,0.5456730769230769,0.4748201438848921,567954,265900,472878,54912,60736,0.547028752929397,0.5471379880374336
0.024873714121160462,0.6055150039686834,0.6800989097179396,0.5456730769230769,0.4748201438848921,567954,267151,472878,54912,60736,0.547028752929397,0.5471379880374336
0.0247594347092156,0.6053807572455716,0.6797602932780864,0.5456730769230769,0.4712230215827338,567954,267567,472878,54496,61152,0.547028752929397,0.5471379880374336
0.024708006285750428,0.6063099567320904,0.6802390615364758,0.546875,0.4712230215827338,569205,267567,471627,54496,61152,0.547028752929397,0.5471379880374336
0.024695096019952234,0.6061756530814368,0.679901049704487,0.546875,0.4676258992805755,569205,267983,471627,54080,61568,0.547028752929397,0.5471379880374336
0.024692043935748365,0.6060414089167797,0.6795633736228576,0.546875,0.46402877697841727,569205,268399,471627,53664,61984,0.547028752929397,0.5471379880374336
0.02459946009173075,0.6056380663376403,0.6785499281759064,0.546875,0.46402877697841727,569205,269650,471627,53664,61984,0.547028752929397,0.5471379880374336
0.02456460342208666,0.605504060149896,0.6782135925106432,0.546875,0.460431654676259,569205,270066,471627,53248,62400,0.547028752929397,0.5471379880374336
0.02448475371925074,0.6064313255240641,0.6786925267869253,0.5480769230769231,0.460431654676259,570456,270066,470376,53248,62400,0.547028752929397,0.5471379880374336
0.0242506132051743,0.6073573585537062,0.6791700375279321,0.5492788461538461,0.460431654676259,571707,270066,469125,53248,62400,0.547028752929397,0.5471379880374336
0.024230468556705187,0.6082821616938874,0.6796461310710016,0.5504807692307693,0.460431654676259,572958,270066,467874,53248,62400,0.547028752929397,0.5471379880374336
0.024141509634624525,0.6078784917779203,0.6786390690237186,0.5504807692307693,0.460431654676259,572958,271317,467874,53248,62400,0.547028752929397,0.5471379880374336
0.02408677073662502,0.6074753572757663,0.6776349869785199,0.5504807692307693,0.460431654676259,572958,272568,467874,53248,62400,0.547028752929397,0.5471379880374336
0.023982783381420347,0.6070727571228999,0.6766338717277394,0.5504807692307693,0.460431654676259,572958,273819,467874,53248,62400,0.547028752929397,0.5471379880374336
0.023717813295139112,0.6069389971001443,0.6763016219444684,0.5504807692307693,0.4568345323741007,572958,274235,467874,52832,62816,0.547028752929397,0.5471379880374336
0.02352432013662631,0.6065371073363554,0.6753044396565949,0.5504807692307693,0.4568345323741007,572958,275486,467874,52832,62816,0.547028752929397,0.5471379880374336
0.023463455403750944,0.6074591899507386,0.6757824866569769,0.5516826923076923,0.4568345323741007,574209,275486,466623,52832,62816,0.547028752929397,0.5471379880374336
0.02329975292005798,0.6070574877179035,0.6747889995369859,0.5516826923076923,0.4568345323741007,574209,276737,466623,52832,62816,0.547028752929397,0.5471379880374336
0.023299152914773025,0.6066563164114231,0.6737984292364324,0.5516826923076923,0.4568345323741007,574209,277988,466623,52832,62816,0.547028752929397,0.5471379880374336
0.02320622789622956,0.6075764934434191,0.6742765815843496,0.5528846153846154,0.4568345323741007,575460,277988,465372,52832,62816,0.547028752929397,0.5471379880374336
0.023174586085443316,0.6074430937733547,0.6739480760402125,0.5528846153846154,0.45323741007194246,575460,278404,465372,52416,63232,0.547028752929397,0.5471379880374336
0.023171088090612246,0.6070422854647308,0.6729621162065921,0.5528846153846154,0.45323741007194246,575460,279655,465372,52416,63232,0.547028752929397,0.5471379880374336
0.02311103448640489,0.6066420057368814,0.6719790370005349,0.5528846153846154,0.45323741007194246,575460,280906,465372,52416,63232,0.547028752929397,0.5471379880374336
0.02309919043715314,0.6062422535448674,0.670998825816186,0.5528846153846154,0.45323741007194246,575460,282157,465372,52416,63232,0.547028752929397,0.5471379880374336
0.023008958510541022,0.6058430278465021,0.6700214701211362,0.5528846153846154,0.45323741007194246,575460,283408,465372,52416,63232,0.547028752929397,0.5471379880374336
0.02287508042940012,0.6057103882078778,0.6696970966525619,0.5528846153846154,0.44964028776978415,575460,283824,465372,52000,63648,0.547028752929397,0.5471379880374336
0.022641770865044153,0.6055778066351948,0.6693730371059672,0.5528846153846154,0.4460431654676259,575460,284240,465372,51584,64064,0.547028752929397,0.5471379880374336
0.02259441265792128,0.6051794552795982,0.6684004083856108,0.5528846153846154,0.4460431654676259,575460,285491,465372,51584,64064,0.547028752929397,0.5471379880374336
0.02258142515178546,0.6047816276535259,0.6674306021094825,0.5528846153846154,0.4460431654676259,575460,286742,465372,51584,64064,0.547028752929397,0.5471379880374336
0.02241992226057743,0.6056982016872474,0.6679124399359316,0.5540865384615384,0.4460431654676259,576711,286742,464121,51584,64064,0.547028752929397,0.5471379880374336
0.022370495388841283,0.6055659129700672,0.6675908036982459,0.5540865384615384,0.44244604316546765,576711,287158,464121,51168,64480,0.547028752929397,0.5471379880374336
0.022321649423851064,0.6054336820258284,0.6672694770822125,0.5540865384615384,0.43884892086330934,576711,287574,464121,50752,64896,0.547028752929397,0.5471379880374336
0.022219525855491584,0.6053015088166933,0.6669484596409626,0.5540865384615384,0.4352517985611511,576711,287990,464121,50336,65312,0.547028752929397,0.5471379880374336
0.02211438003444055,0.6049043835064696,0.6659849506670116,0.5540865384615384,0.4352517985611511,576711,289241,464121,50336,65312,0.547028752929397,0.5471379880374336
0.02181216915291523,0.6047724412751678,0.6656651676885573,0.5540865384615384,0.4316546762589928,576711,289657,464121,49920,65728,0.547028752929397,0.5471379880374336
0.02180994929204627,0.6043760096539026,0.6647053603021603,0.5540865384615384,0.4316546762589928,576711,290908,464121,49920,65728,0.547028752929397,0.5471379880374336
0.02173667371591881,0.6052902494734781,0.6651881179002612,0.5552884615384616,0.4316546762589928,577962,290908,462870,49920,65728,0.547028752929397,0.5471379880374336
0.02173167164565143,0.6051584247674751,0.6648697896894693,0.5552884615384616,0.42805755395683454,577962,291324,462870,49504,66144,0.547028752929397,0.5471379880374336
0.02161167669158187,0.6047623457322997,0.6639143425265095,0.5552884615384616,0.42805755395683454,577962,292575,462870,49504,66144,0.547028752929397,0.5471379880374336
0.021492786604265013,0.6046307508427987,0.6635972319975935,0.5552884615384616,0.4244604316546763,577962,292991,462870,49088,66560,0.547028752929397,0.5471379880374336
0.0214810395261813,0.6044992132103267,0.663280424251953,0.5552884615384616,0.420863309352518,577962,293407,462870,48672,66976,0.547028752929397,0.5471379880374336
0.02144969936330482,0.6054115807451663,0.6637631500538608,0.5564903846153846,0.420863309352518,579213,293407,461619,48672,66976,0.547028752929397,0.5471379880374336
0.021445885282858623,0.6063227560619062,0.6642444937525104,0.5576923076923077,0.420863309352518,580464,293407,460368,48672,66976,0.547028752929397,0.5471379880374336
0.021397282401370177,0.6061910513132605,0.6639284353993598,0.5576923076923077,0.4172661870503597,580464,293823,460368,48256,67392,0.547028752929397,0.5471379880374336
0.0213304038795733,0.6057953317991829,0.6629797907115397,0.5576923076923077,0.4172661870503597,580464,295074,460368,48256,67392,0.547028752929397,0.5471379880374336
0.02132203401063526,0.6056638560590488,0.6626649344600287,0.5576923076923077,0.4136690647482014,580464,295490,460368,47840,67808,0.547028752929397,0.5471379880374336
0.021258560002191507,0.6065732829971476,0.6631460148995959,0.5588942307692307,0.4136690647482014,581715,295490,459117,47840,67808,0.547028752929397,0.5471379880374336
0.021245924089862034,0.6061779159771749,0.662201635597002,0.5588942307692307,0.4136690647482014,581715,296741,459117,47840,67808,0.547028752929397,0.5471379880374336
0.020966308237018172,0.6060465571775648,0.6618881930474517,0.5588942307692307,0.41007194244604317,581715,297157,459117,47424,68224,0.547028752929397,0.5471379880374336
0.020940260467366356,0.605915255296544,0.6615750470835494,0.5588942307692307,0.4064748201438849,581715,297573,459117,47008,68640,0.547028752929397,0.5471379880374336
0.02063405462894602,0.6057840102971254,0.6612621972845412,0.5588942307692307,0.4028776978417266,581715,297989,459117,46592,69056,0.547028752929397,0.5471379880374336
0.020633460465515285,0.6053896711758379,0.6603231720121913,0.5588942307692307,0.4028776978417266,581715,299240,459117,46592,69056,0.547028752929397,0.5471379880374336
0.02058162253268131,0.6052586537426068,0.6600115048033122,0.5588942307692307,0.39928057553956836,581715,299656,459117,46176,69472,0.547028752929397,0.5471379880374336
0.020575317018824535,0.6051276930062587,0.6597001316644496,0.5588942307692307,0.39568345323741005,581715,300072,459117,45760,69888,0.547028752929397,0.5471379880374336
0.02053344530344603,0.6047342076127805,0.6587655344390615,0.5588942307692307,0.39568345323741005,581715,301323,459117,45760,69888,0.547028752929397,0.5471379880374336
0.02009177054586031,0.6043412336159649,0.6578335815553512,0.5588942307692307,0.39568345323741005,581715,302574,459117,45760,69888,0.547028752929397,0.5471379880374336
0.020018549128762386,0.6042106695430937,0.657524259498929,0.5588942307692307,0.3920863309352518,581715,302990,459117,45344,70304,0.547028752929397,0.5471379880374336
0.0199923170411338,0.6040801618731091,0.6572152282004381,0.5588942307692307,0.38848920863309355,581715,303406,459117,44928,70720,0.547028752929397,0.5471379880374336
0.019902374649885868,0.6039497105694703,0.6569064872501093,0.5588942307692307,0.38489208633093525,581715,303822,459117,44512,71136,0.547028752929397,0.5471379880374336
0.019883207117152413,0.6038193155956685,0.6565980362389428,0.5588942307692307,0.381294964028777,581715,304238,459117,44096,71552,0.547028752929397,0.5471379880374336
0.019701081700422063,0.604725222973015,0.6570822494037448,0.5600961538461539,0.381294964028777,582966,304238,457866,44096,71552,0.547028752929397,0.5471379880374336
0.019664077662876034,0.6045947734244876,0.6567742953065501,0.5600961538461539,0.3776978417266187,582966,304654,457866,43680,71968,0.547028752929397,0.5471379880374336
0.01946912006084034,0.6042028229214548,0.6558499489802232,0.5600961538461539,0.3776978417266187,582966,305905,457866,43680,71968,0.547028752929397,0.5471379880374336
0.019408578407632104,0.6040725986325195,0.6555431486123152,0.5600961538461539,0.37410071942446044,582966,306321,457866,43264,72384,0.547028752929397,0.5471379880374336
0.019174983593876926,0.6036813246555554,0.6546222620483348,0.5600961538461539,0.37410071942446044,582966,307572,457866,43264,72384,0.547028752929397,0.5471379880374336
0.018993987473096552,0.6035513250432502,0.6543166089382841,0.5600961538461539,0.37050359712230213,582966,307988,457866,42848,72800,0.547028752929397,0.5471379880374336
0.01898359487110779,0.6031607258422886,0.6533991627484714,0.5600961538461539,0.37050359712230213,582966,309239,457866,42848,72800,0.547028752929397,0.5471379880374336
0.01896715109135616,0.6040641310911302,0.653884466610555,0.5612980769230769,0.37050359712230213,584217,309239,456615,42848,72800,0.547028752929397,0.5471379880374336
0.018901410826220655,0.6036737053606256,0.652970190241051,0.5612980769230769,0.37050359712230213,584217,310490,456615,42848,72800,0.547028752929397,0.5471379880374336
0.01888253115608235,0.6035439873344164,0.6526667284831247,0.5612980769230769,0.3669064748201439,584217,310906,456615,42432,73216,0.547028752929397,0.5471379880374336
0.018838394018661053,0.6034143250441161,0.6523635486561724,0.5612980769230769,0.36330935251798563,584217,311322,456615,42016,73632,0.547028752929397,0.5471379880374336
0.018715517643145163,0.6030247385713002,0.6514535175459137,0.5612980769230769,0.36330935251798563,584217,312573,456615,42016,73632,0.547028752929397,0.5471379880374336
0.018587265998388114,0.6039260952109808,0.6519390540075565,0.5625,0.36330935251798563,585468,312573,455364,42016,73632,0.547028752929397,0.5471379880374336
0.0185761829874857,0.6037965460537341,0.6516371957700814,0.5625,0.3597122302158273,585468,312989,455364,41600,74048,0.547028752929397,0.5471379880374336
0.018556592593147514,0.6046966308347161,0.6521215772228323,0.5637019230769231,0.3597122302158273,586719,312989,454113,41600,74048,0.547028752929397,0.5471379880374336
0.018554087416169096,0.6045670277945507,0.6518201936622066,0.5637019230769231,0.35611510791366907,586719,313405,454113,41184,74464,0.547028752929397,0.5471379880374336
0.018552996427417756,0.6044374802974392,0.6515190885468719,0.5637019230769231,0.35251798561151076,586719,313821,454113,40768,74880,0.547028752929397,0.5471379880374336
0.018543055611652592,0.6053361872066788,0.6520025149951596,0.5649038461538461,0.35251798561151076,587970,313821,452862,40768,74880,0.547028752929397,0.5471379880374336
0.018525243472303443,0.6049466169103553,0.6510992844186649,0.5649038461538461,0.35251798561151076,587970,315072,452862,40768,74880,0.547028752929397,0.5471379880374336
0.01847024219514859,0.604817182621934,0.6507994837612816,0.5649038461538461,0.3489208633093525,587970,315488,452862,40352,75296,0.547028752929397,0.5471379880374336
0.018445373945497945,0.6044282798460685,0.6498995809702346,0.5649038461538461,0.3489208633093525,587970,316739,452862,40352,75296,0.547028752929397,0.5471379880374336
0.01841220665113208,0.6042990672455764,0.649600883855821,0.5649038461538461,0.34532374100719426,587970,317155,452862,39936,75712,0.547028752929397,0.5471379880374336
0.01838838170903323,0.6039108302759644,0.6487042904931287,0.5649038461538461,0.34532374100719426,587970,318406,452862,39936,75712,0.547028752929397,0.5471379880374336
0.018284738797652744,0.6035230918382167,0.6478101687146812,0.5649038461538461,0.34532374100719426,587970,319657,452862,39936,75712,0.547028752929397,0.5471379880374336
0.018264947688808375,0.6033942659226477,0.647513388683135,0.5649038461538461,0.34172661870503596,587970,320073,452862,39520,76128,0.547028752929397,0.5471379880374336
0.018202038785135988,0.6032654949927948,0.6472168804536033,0.5649038461538461,0.3381294964028777,587970,320489,452862,39104,76544,0.547028752929397,0.5471379880374336
0.01820051274298551,0.6028785845165088,0.6463268514141869,0.5649038461538461,0.3381294964028777,587970,321740,452862,39104,76544,0.547028752929397,0.5471379880374336
0.01818197100784391,0.6037740682541642,0.6468125419200164,0.5661057692307693,0.3381294964028777,589221,321740,451611,39104,76544,0.547028752929397,0.5471379880374336
0.018142983797679313,0.6033873276792535,0.6459255085440665,0.5661057692307693,0.3381294964028777,589221,322991,451611,39104,76544,0.547028752929397,0.5471379880374336
0.018128812602043243,0.6042813393065019,0.6464104183749095,0.5673076923076923,0.3381294964028777,590472,322991,450360,39104,76544,0.547028752929397,0.5471379880374336
0.018102596530951642,0.6051742071012393,0.6468940018410126,0.5685096153846154,0.3381294964028777,591723,322991,449109,39104,76544,0.547028752929397,0.5471379880374336
0.01809864216832735,0.6047873131448995,0.646010491667258,0.5685096153846154,0.3381294964028777,591723,324242,449109,39104,76544,0.547028752929397,0.5471379880374336
0.017603953985871723,0.6046587673390683,0.6457172289691733,0.5685096153846154,0.3345323741007194,591723,324658,449109,38688,76960,0.547028752929397,0.5471379880374336
0.017531601371267636,0.6055500637234077,0.646200219695913,0.5697115384615384,0.3345323741007194,592974,324658,447858,38688,76960,0.547028752929397,0.5471379880374336
0.017467899927391173,0.6064402221751632,0.6466818953011428,0.5709134615384616,0.3345323741007194,594225,324658,446607,38688,76960,0.547028752929397,0.5471379880374336
0.017342583636995812,0.6063115169343274,0.6463892596424015,0.5709134615384616,0.33093525179856115,594225,325074,446607,38272,77376,0.547028752929397,0.5471379880374336
0.01730801999007414,0.6059248020018538,0.6455108359133127,0.5709134615384616,0.33093525179856115,594225,326325,446607,38272,77376,0.547028752929397,0.5471379880374336
0.01728072501586464,0.6068133981238469,0.6459919223346471,0.5721153846153846,0.33093525179856115,595476,326325,445356,38272,77376,0.547028752929397,0.5471379880374336
0.017140164011619663,0.6077008621690487,0.6464717047360279,0.5733173076923077,0.33093525179856115,596727,326325,444105,38272,77376,0.547028752929397,0.5471379880374336
0.017082072228083334,0.607314001328153,0.6455967361352284,0.5733173076923077,0.33093525179856115,596727,327576,444105,38272,77376,0.547028752929397,0.5471379880374336
0.01681831154311375,0.6071854660601531,0.6453063038609567,0.5733173076923077,0.3273381294964029,596727,327992,444105,37856,77792,0.547028752929397,0.5471379880374336
0.01671555446310613,0.6080713767832248,0.6457855006101709,0.5745192307692307,0.3273381294964029,597978,327992,442854,37856,77792,0.547028752929397,0.5471379880374336
0.016662479778228823,0.6076848540156184,0.644914211390812,0.5745192307692307,0.3273381294964029,597978,329243,442854,37856,77792,0.547028752929397,0.5471379880374336
0.016635029811621405,0.6072988223250448,0.6440452700781499,0.5745192307692307,0.3273381294964029,597978,330494,442854,37856,77792,0.547028752929397,0.5471379880374336
0.01662772464634321,0.606913280776228,0.6431786671944224,0.5745192307692307,0.3273381294964029,597978,331745,442854,37856,77792,0.547028752929397,0.5471379880374336
0.016621033229180515,0.6065282284362661,0.64231439331281,0.5745192307692307,0.3273381294964029,597978,332996,442854,37856,77792,0.547028752929397,0.5471379880374336
0.016232259252292103,0.6064002936789064,0.6420275072740742,0.5745192307692307,0.3237410071942446,597978,333412,442854,37440,78208,0.547028752929397,0.5471379880374336
0.016139112127542043,0.6060158917806324,0.6411663223040805,0.5745192307692307,0.3237410071942446,597978,334663,442854,37440,78208,0.547028752929397,0.5471379880374336
0.015992686280534296,0.606898989428396,0.6416469998672223,0.5757211538461539,0.3237410071942446,599229,334663,441603,37440,78208,0.547028752929397,0.5471379880374336
0.01598507711637631,0.6077809688887764,0.6421263913647431,0.5769230769230769,0.3237410071942446,600480,334663,440352,37440,78208,0.547028752929397,0.5471379880374336
0.01594020095079207,0.6073964230694923,0.6412685258555694,0.5769230769230769,0.3237410071942446,600480,335914,440352,37440,78208,0.547028752929397,0.5471379880374336
0.015852562030348127,0.6072686563088769,0.6409837640503411,0.5769230769230769,0.32014388489208634,600480,336330,440352,37024,78624,0.547028752929397,0.5471379880374336
0.01579374832932212,0.6071409432888216,0.6406992550356051,0.5769230769230769,0.31654676258992803,600480,336746,440352,36608,79040,0.547028752929397,0.5471379880374336
0.01573286076245589,0.6070132839754275,0.6404149984748977,0.5769230769230769,0.3129496402877698,600480,337162,440352,36192,79456,0.547028752929397,0.5471379880374336
0.015666209887013505,0.6068856783348241,0.640130994032352,0.5769230769230769,0.30935251798561153,600480,337578,440352,35776,79872,0.547028752929397,0.5471379880374336
0.015628494635628654,0.6065022642326986,0.6392784483061484,0.5769230769230769,0.30935251798561153,600480,338829,440352,35776,79872,0.547028752929397,0.5471379880374336
0.015621604258987176,0.6061193342861988,0.6384281704516458,0.5769230769230769,0.30935251798561153,600480,340080,440352,35776,79872,0.547028752929397,0.5471379880374336
0.015482284676618219,0.6059921041796178,0.6381459250820425,0.5769230769230769,0.3057553956834532,600480,340496,440352,35360,80288,0.547028752929397,0.5471379880374336
0.01533874267070462,0.605609817963056,0.6372986552072908,0.5769230769230769,0.3057553956834532,600480,341747,440352,35360,80288,0.547028752929397,0.5471379880374336
0.015316267198423605,0.6064889054633601,0.6377795772662426,0.578125,0.3057553956834532,601731,341747,439101,35360,80288,0.547028752929397,0.5471379880374336
0.015191537138506295,0.6061067879556458,0.6369350363966809,0.578125,0.3057553956834532,601731,342998,439101,35360,80288,0.547028752929397,0.5471379880374336
0.01503801578547126,0.60572515164998,0.6360927292331762,0.578125,0.3057553956834532,601731,344249,439101,35360,80288,0.547028752929397,0.5471379880374336
0.015009099676685123,0.6066025070634079,0.6365733384992679,0.5793269230769231,0.3057553956834532,602982,344249,437850,35360,80288,0.547028752929397,0.5471379880374336
0.014983365284051087,0.6064756027094076,0.636293894245431,0.5793269230769231,0.302158273381295,602982,344665,437850,34944,80704,0.547028752929397,0.5471379880374336
0.014893122004010939,0.6063487514423839,0.6360146952259502,0.5793269230769231,0.29856115107913667,602982,345081,437850,34528,81120,0.547028752929397,0.5471379880374336
0.014741651416531942,0.6062219532290326,0.6357357411181481,0.5793269230769231,0.2949640287769784,602982,345497,437850,34112,81536,0.547028752929397,0.5471379880374336
0.014718828931080508,0.6060952080360773,0.6354570315999136,0.5793269230769231,0.29136690647482016,602982,345913,437850,33696,81952,0.547028752929397,0.5471379880374336
0.014660000345535384,0.6069710463902664,0.6359370033657985,0.5805288461538461,0.29136690647482016,604233,345913,436599,33696,81952,0.547028752929397,0.5471379880374336
0.01464874433117802,0.6065899050761735,0.6351008043960618,0.5805288461538461,0.29136690647482016,604233,347164,436599,33696,81952,0.547028752929397,0.5471379880374336
0.014648090158009053,0.6062092421293417,0.6342668015888345,0.5805288461538461,0.29136690647482016,604233,348415,436599,33696,81952,0.547028752929397,0.5471379880374336
0.014640775028338826,0.6070833611148571,0.6347464459025536,0.5817307692307693,0.29136690647482016,605484,348415,435348,33696,81952,0.547028752929397,0.5471379880374336
0.0146289050788585,0.6079563843762118,0.6352248337957389,0.5829326923076923,0.29136690647482016,606735,348415,434097,33696,81952,0.547028752929397,0.5471379880374336
0.014621413517633186,0.607575580816059,0.634393941453428,0.5829326923076923,0.29136690647482016,606735,349666,434097,33696,81952,0.547028752929397,0.5471379880374336
0.014437622229948599,0.6084472029798588,0.6348715399748551,0.5841346153846154,0.29136690647482016,607986,349666,432846,33696,81952,0.547028752929397,0.5471379880374336
0.014405911891214873,0.6080665688203687,0.6340432765357914,0.5841346153846154,0.29136690647482016,607986,350917,432846,33696,81952,0.547028752929397,0.5471379880374336
0.01428667784263693,0.6076864105995744,0.633217171412086,0.5841346153846154,0.29136690647482016,607986,352168,432846,33696,81952,0.547028752929397,0.5471379880374336
0.01424190300782091,0.6073067274253747,0.6323932161784056,0.5841346153846154,0.29136690647482016,607986,353419,432846,33696,81952,0.547028752929397,0.5471379880374336
0.014166896076003355,0.6069275184078966,0.6315714024532127,0.5841346153846154,0.29136690647482016,607986,354670,432846,33696,81952,0.547028752929397,0.5471379880374336
0.014106795350458723,0.6068015234262719,0.6312985944976076,0.5841346153846154,0.28776978417266186,607986,355086,432846,33280,82368,0.547028752929397,0.5471379880374336
0.014095608675511517,0.6064229448596243,0.6304796214546371,0.5841346153846154,0.28776978417266186,607986,356337,432846,33280,82368,0.547028752929397,0.5471379880374336
0.014086906930552257,0.6062971592628733,0.6302077556727779,0.5841346153846154,0.2841726618705036,607986,356753,432846,32864,82784,0.547028752929397,0.5471379880374336
0.014046199915276447,0.6059192095761358,0.6293916086087847,0.5841346153846154,0.2841726618705036,607986,358004,432846,32864,82784,0.547028752929397,0.5471379880374336
0.01401651295019779,0.6057936328427421,0.6291206801282276,0.5841346153846154,0.2805755395683453,607986,358420,432846,32448,83200,0.547028752929397,0.5471379880374336
0.013998248675060887,0.6054163104702092,0.6283073444412638,0.5841346153846154,0.2805755395683453,607986,359671,432846,32448,83200,0.547028752929397,0.5471379880374336
0.013998007234146681,0.6062843949963677,0.6287872532789491,0.5853365384615384,0.2805755395683453,609237,359671,431595,32448,83200,0.547028752929397,0.5471379880374336
0.013993453242402698,0.6061589249789568,0.6285173997548807,0.5853365384615384,0.27697841726618705,609237,360087,431595,32032,83616,0.547028752929397,0.5471379880374336
0.013881666796329517,0.6057819228032915,0.6277072869175488,0.5853365384615384,0.27697841726618705,609237,361338,431595,32032,83616,0.547028752929397,0.5471379880374336
0.013829986131708938,0.6056566606505642,0.6274383593668736,0.5853365384615384,0.2733812949640288,609237,361754,431595,31616,84032,0.547028752929397,0.5471379880374336
0.013740269753053758,0.6052802827913927,0.6266310239631696,0.5853365384615384,0.2733812949640288,609237,363005,431595,31616,84032,0.547028752929397,0.5471379880374336
0.01370180279705846,0.6061464758666054,0.6271108266828832,0.5865384615384616,0.2733812949640288,610488,363005,430344,31616,84032,0.547028752929397,0.5471379880374336
0.013646578014916866,0.6070115937082006,0.6275893978316358,0.5877403846153846,0.2733812949640288,611739,363005,429093,31616,84032,0.547028752929397,0.5471379880374336
0.013566180433001618,0.6066350757898422,0.6267849732836747,0.5877403846153846,0.2733812949640288,611739,364256,429093,31616,84032,0.547028752929397,0.5471379880374336
0.013426074486829864,0.6074988181824489,0.6272627363018114,0.5889423076923077,0.2733812949640288,612990,364256,427842,31616,84032,0.547028752929397,0.5471379880374336
0.013423858993484639,0.6083614903762586,0.6277392776881278,0.5901442307692307,0.2733812949640288,614241,364256,426591,31616,84032,0.547028752929397,0.5471379880374336
0.013362938625780585,0.6092230943590454,0.6282146021221784,0.5913461538461539,0.2733812949640288,615492,364256,425340,31616,84032,0.547028752929397,0.5471379880374336
0.01328679069275629,0.6090976924249232,0.627947976052987,0.5913461538461539,0.2697841726618705,615492,364672,425340,31200,84448,0.547028752929397,0.5471379880374336
0.013166009661915612,0.6089723421054194,0.6276815762099982,0.5913461538461539,0.26618705035971224,615492,365088,425340,30784,84864,0.547028752929397,0.5471379880374336
0.013033415257624914,0.6088470433686742,0.627415402305412,0.5913461538461539,0.26258992805755393,615492,365504,425340,30368,85280,0.547028752929397,0.5471379880374336
0.012851530380304066,0.6097072828100139,0.6278899299259758,0.5925480769230769,0.26258992805755393,616743,365504,424089,30368,85280,0.547028752929397,0.5471379880374336
0.0127175852879583,0.6105664590259493,0.6283632503573978,0.59375,0.26258992805755393,617994,365504,422838,30368,85280,0.547028752929397,0.5471379880374336
0.012628732134005838,0.6104410133419205,0.6280975776338176,0.59375,0.2589928057553957,617994,365920,422838,29952,85696,0.547028752929397,0.5471379880374336
0.012436642916887286,0.6112990295642097,0.6285698334796709,0.5949519230769231,0.2589928057553957,619245,365920,421587,29952,85696,0.547028752929397,0.5471379880374336
0.012380920154023811,0.6109218013780258,0.6277726638659551,0.5949519230769231,0.2589928057553957,619245,367171,421587,29952,85696,0.547028752929397,0.5471379880374336
0.012305150472341264,0.610545038474261,0.6269775136761682,0.5949519230769231,0.2589928057553957,619245,368422,421587,29952,85696,0.547028752929397,0.5471379880374336
0.01230409365561791,0.6101687399926099,0.6261843752464815,0.5949519230769231,0.2589928057553957,619245,369673,421587,29952,85696,0.547028752929397,0.5471379880374336
0.012174067833769453,0.6100437107113409,0.6259210741771737,0.5949519230769231,0.25539568345323743,619245,370089,421587,29536,86112,0.547028752929397,0.5471379880374336
0.012159458938567957,0.6099187326589126,0.6256579944430412,0.5949519230769231,0.2517985611510791,619245,370505,421587,29120,86528,0.547028752929397,0.5471379880374336
0.012009827473489387,0.6095432055685679,0.6248681888312928,0.5949519230769231,0.2517985611510791,619245,371756,421587,29120,86528,0.547028752929397,0.5471379880374336
0.011912801804374984,0.6094184324853893,0.6246059932399788,0.5949519230769231,0.24820143884892087,619245,372172,421587,28704,86944,0.547028752929397,0.5471379880374336
0.011908323710755342,0.6102739119744284,0.6250790798131903,0.5961538461538461,0.24820143884892087,620496,372172,420336,28704,86944,0.547028752929397,0.5471379880374336
0.011811998498756804,0.6111283395363856,0.6255509754819054,0.5973557692307693,0.24820143884892087,621747,372172,419085,28704,86944,0.547028752929397,0.5471379880374336
0.01169376350414636,0.6119817171102976,0.626021684737281,0.5985576923076923,0.24820143884892087,622998,372172,417834,28704,86944,0.547028752929397,0.5471379880374336
0.011629664599162814,0.6118567013255628,0.6257601051039288,0.5985576923076923,0.2446043165467626,622998,372588,417834,28288,87360,0.547028752929397,0.5471379880374336
0.011623219982212385,0.6117317366069105,0.6254987439784258,0.5985576923076923,0.24100719424460432,622998,373004,417834,27872,87776,0.547028752929397,0.5471379880374336
0.011553757612657978,0.611606822923058,0.6252376010870939,0.5985576923076923,0.23741007194244604,622998,373420,417834,27456,88192,0.547028752929397,0.5471379880374336
0.011446229802922259,0.6114819602427484,0.6249766761567122,0.5985576923076923,0.23381294964028776,622998,373836,417834,27040,88608,0.547028752929397,0.5471379880374336
0.01130438841776038,0.6111067787457753,0.6241933302273854,0.5985576923076923,0.23381294964028776,622998,375087,417834,27040,88608,0.547028752929397,0.5471379880374336
0.011297912746024485,0.6107320573599822,0.6234119455318331,0.5985576923076923,0.23381294964028776,622998,376338,417834,27040,88608,0.547028752929397,0.5471379880374336
0.011292530130707412,0.6103577952394879,0.6226325147138629,0.5985576923076923,0.23381294964028776,622998,377589,417834,27040,88608,0.547028752929397,0.5471379880374336
0.011223088082448651,0.6099839915404838,0.6218550304540255,0.5985576923076923,0.23381294964028776,622998,378840,417834,27040,88608,0.547028752929397,0.5471379880374336
0.011047975908991092,0.6108347631831171,0.6223266330305686,0.5997596153846154,0.23381294964028776,624249,378840,416583,27040,88608,0.547028752929397,0.5471379880374336
0.010922851439441161,0.6104611250300708,0.621551466634805,0.5997596153846154,0.23381294964028776,624249,380091,416583,27040,88608,0.547028752929397,0.5471379880374336
0.01090207363177953,0.6113105648245744,0.6220222734690346,0.6009615384615384,0.23381294964028776,625500,380091,415332,27040,88608,0.547028752929397,0.5471379880374336
0.010882012515418649,0.6111863219334789,0.6217650573007941,0.6009615384615384,0.2302158273381295,625500,380507,415332,26624,89024,0.547028752929397,0.5471379880374336
0.010833423734455672,0.6108130013817752,0.62099283401075,0.6009615384615384,0.2302158273381295,625500,381758,415332,26624,89024,0.547028752929397,0.5471379880374336
0.01079433595120749,0.610688960637655,0.620736468341944,0.6009615384615384,0.22661870503597123,625500,382174,415332,26208,89440,0.547028752929397,0.5471379880374336
0.010788811341696125,0.6105649702624112,0.6204803142576556,0.6009615384615384,0.22302158273381295,625500,382590,415332,25792,89856,0.547028752929397,0.5471379880374336
0.010654820030779777,0.6101924081528729,0.6197112769618989,0.6009615384615384,0.22302158273381295,625500,383841,415332,25792,89856,0.547028752929397,0.5471379880374336
0.010551181129445253,0.6098203004352098,0.618944143630664,0.6009615384615384,0.22302158273381295,625500,385092,415332,25792,89856,0.547028752929397,0.5471379880374336
0.010522842311940728,0.6106675435711937,0.6194152650164106,0.6021634615384616,0.22302158273381295,626751,385092,414081,25792,89856,0.547028752929397,0.5471379880374336
0.010432242036843564,0.6115137546338086,0.6198852228914592,0.6033653846153846,0.22302158273381295,628002,385092,412830,25792,89856,0.547028752929397,0.5471379880374336
0.01041760803122671,0.6113899243650766,0.6196307880533986,0.6033653846153846,0.21942446043165467,628002,385508,412830,25376,90272,0.547028752929397,0.5471379880374336
0.010407302292236298,0.612235009556853,0.6200997082071542,0.6045673076923077,0.21942446043165467,629253,385508,411579,25376,90272,0.547028752929397,0.5471379880374336
0.010327609065707288,0.611862640044651,0.6193361889426503,0.6045673076923077,0.21942446043165467,629253,386759,411579,25376,90272,0.547028752929397,0.5471379880374336
0.010305257294174086,0.6127064105398439,0.6198043180573756,0.6057692307692307,0.21942446043165467,630504,386759,410328,25376,90272,0.547028752929397,0.5471379880374336
0.010006764769045384,0.6125825900371676,0.61955095860286,0.6057692307692307,0.2158273381294964,630504,387175,410328,24960,90688,0.547028752929397,0.5471379880374336
0.009978985215224223,0.6122105369455306,0.6187902996280412,0.6057692307692307,0.2158273381294964,630504,388426,410328,24960,90688,0.547028752929397,0.5471379880374336
0.009626822325287887,0.6120869167615614,0.618537768333814,0.6057692307692307,0.21223021582733814,630504,388842,410328,24544,91104,0.547028752929397,0.5471379880374336
0.009519947906282189,0.6117154653398201,0.6177795937083883,0.6057692307692307,0.21223021582733814,630504,390093,410328,24544,91104,0.547028752929397,0.5471379880374336
0.009502116686646023,0.6125574495316772,0.6182475280080795,0.6069711538461539,0.21223021582733814,631755,390093,409077,24544,91104,0.547028752929397,0.5471379880374336
0.009407887333757414,0.6133984130283425,0.6187143179692288,0.6081730769230769,0.21223021582733814,633006,390093,407826,24544,91104,0.547028752929397,0.5471379880374336
0.009373741927124923,0.614238357684698,0.6191799677844487,0.609375,0.21223021582733814,634257,390093,406575,24544,91104,0.547028752929397,0.5471379880374336
0.009219370510022973,0.6138665032933562,0.6184247090242697,0.609375,0.21223021582733814,634257,391344,406575,24544,91104,0.547028752929397,0.5471379880374336
0.009172861155899159,0.6134950988642365,0.6176712905072981,0.609375,0.21223021582733814,634257,392595,406575,24544,91104,0.547028752929397,0.5471379880374336
0.009166451371699802,0.6133716938252503,0.6174211598141868,0.609375,0.20863309352517986,634257,393011,406575,24128,91520,0.547028752929397,0.5471379880374336
0.009147480838262834,0.6130008877179367,0.6166701830496082,0.609375,0.20863309352517986,634257,394262,406575,24128,91520,0.547028752929397,0.5471379880374336
0.009083778142936039,0.6128776814008533,0.6164208623479617,0.609375,0.20503597122302158,634257,394678,406575,23712,91936,0.547028752929397,0.5471379880374336
0.00903567966242752,0.6125074721706909,0.6156723154847765,0.609375,0.20503597122302158,634257,395929,406575,23712,91936,0.547028752929397,0.5471379880374336
0.008929703776010822,0.6121377099208645,0.6149255844031192,0.609375,0.20503597122302158,634257,397180,406575,23712,91936,0.547028752929397,0.5471379880374336
0.008816083418067111,0.611768393842355,0.6141806625040671,0.609375,0.20503597122302158,634257,398431,406575,23712,91936,0.547028752929397,0.5471379880374336
0.008782097452830206,0.6113995231280946,0.6134375432206348,0.609375,0.20503597122302158,634257,399682,406575,23712,91936,0.547028752929397,0.5471379880374336
0.008722501803060445,0.6110310969729608,0.6126962200175813,0.609375,0.20503597122302158,634257,400933,406575,23712,91936,0.547028752929397,0.5471379880374336
0.008675199747776086,0.6109086811164118,0.6124501016795963,0.609375,0.2014388489208633,634257,401349,406575,23296,92352,0.547028752929397,0.5471379880374336
0.008674242270100052,0.6117450686796725,0.6129176926037052,0.6105769230769231,0.2014388489208633,635508,401349,405324,23296,92352,0.547028752929397,0.5471379880374336
0.008651829445626563,0.611622608097281,0.6126718809802241,0.6105769230769231,0.19784172661870503,635508,401765,405324,22880,92768,0.547028752929397,0.5471379880374336
0.008620999223615922,0.6112546384553679,0.6119338599781998,0.6105769230769231,0.19784172661870503,635508,403016,405324,22880,92768,0.547028752929397,0.5471379880374336
0.008617153209613204,0.6111323741256253,0.6116888366989431,0.6105769230769231,0.19424460431654678,635508,403432,405324,22464,93184,0.547028752929397,0.5471379880374336
0.008451880175948223,0.6107649939476882,0.6109531807139266,0.6105769230769231,0.19424460431654678,635508,404683,405324,22464,93184,0.547028752929397,0.5471379880374336
0.008399022335830397,0.6103980552031096,0.6102192920969195,0.6105769230769231,0.19424460431654678,635508,405934,405324,22464,93184,0.547028752929397,0.5471379880374336
0.008021364445995882,0.6112324066185911,0.6106869423694222,0.6117788461538461,0.19424460431654678,636759,405934,404073,22464,93184,0.547028752929397,0.5471379880374336
0.00781046885038017,0.6111103913210595,0.610443395656638,0.6117788461538461,0.1906474820143885,636759,406350,404073,22048,93600,0.547028752929397,0.5471379880374336
0.007754190706898534,0.6119436483546838,0.6109100310237849,0.6129807692307693,0.1906474820143885,638010,406350,402822,22048,93600,0.547028752929397,0.5471379880374336
0.0076053527345295024,0.6118215887165757,0.6106667840762039,0.6129807692307693,0.18705035971223022,638010,406766,402822,21632,94016,0.547028752929397,0.5471379880374336
0.007485728629606503,0.6114548227743225,0.6099364547951439,0.6129807692307693,0.18705035971223022,638010,408017,402822,21632,94016,0.547028752929397,0.5471379880374336
0.007161056105460806,0.611332958043382,0.6096939823764888,0.6129807692307693,0.18345323741007194,638010,408433,402822,21216,94432,0.547028752929397,0.5471379880374336
0.007117787128649078,0.611211141878755,0.6094517026648288,0.6129807692307693,0.17985611510791366,638010,408849,402822,20800,94848,0.547028752929397,0.5471379880374336
0.007067550370128073,0.6110893742514153,0.6092096154305221,0.6129807692307693,0.17625899280575538,638010,409265,402822,20384,95264,0.547028752929397,0.5471379880374336
0.007031103578657438,0.6109676551323591,0.6089677204442913,0.6129807692307693,0.17266187050359713,638010,409681,402822,19968,95680,0.547028752929397,0.5471379880374336
0.006947656048717721,0.6106019119770846,0.608241447096217,0.6129807692307693,0.17266187050359713,638010,410932,402822,19968,95680,0.547028752929397,0.5471379880374336
0.006894897395575583,0.6102366064489904,0.6075169040357343,0.6129807692307693,0.17266187050359713,638010,412183,402822,19968,95680,0.547028752929397,0.5471379880374336
0.006853875982214597,0.6101152267742671,0.6072763511449074,0.6129807692307693,0.16906474820143885,638010,412599,402822,19552,96096,0.547028752929397,0.5471379880374336
0.006818000514669298,0.6097505031796365,0.6065541041583481,0.6129807692307693,0.16906474820143885,638010,413850,402822,19552,96096,0.547028752929397,0.5471379880374336
0.006779575458611409,0.6093862153840864,0.605833573099132,0.6129807692307693,0.16906474820143885,638010,415101,402822,19552,96096,0.547028752929397,0.5471379880374336
0.006742276232600153,0.6102165241023026,0.6063012513728682,0.6141826923076923,0.16906474820143885,639261,415101,401571,19552,96096,0.547028752929397,0.5471379880374336
0.006709162199476926,0.609852392979544,0.6055827277610261,0.6141826923076923,0.16906474820143885,639261,416352,401571,19552,96096,0.547028752929397,0.5471379880374336
0.006612050408464354,0.6094886961695117,0.6048659051684985,0.6141826923076923,0.16906474820143885,639261,417603,401571,19552,96096,0.547028752929397,0.5471379880374336
0.006542643553527794,0.6093678507153097,0.6046279131355933,0.6141826923076923,0.16546762589928057,639261,418019,401571,19136,96512,0.547028752929397,0.5471379880374336
0.006535913441235719,0.6090047314352021,0.6039133478377109,0.6141826923076923,0.16546762589928057,639261,419270,401571,19136,96512,0.547028752929397,0.5471379880374336
0.0064621803090534335,0.6098331249815531,0.6043809009777482,0.6153846153846154,0.16546762589928057,640512,419270,400320,19136,96512,0.547028752929397,0.5471379880374336
0.006301035066350935,0.6094701610236624,0.603668311918668,0.6153846153846154,0.16546762589928057,640512,420521,400320,19136,96512,0.547028752929397,0.5471379880374336
0.006205463661760835,0.609349558883898,0.6034317239923915,0.6153846153846154,0.1618705035971223,640512,420937,400320,18720,96928,0.547028752929397,0.5471379880374336
0.006189798687571746,0.6092290044642666,0.603195321439166,0.6153846153846154,0.15827338129496402,640512,421353,400320,18304,97344,0.547028752929397,0.5471379880374336
0.006130820559042793,0.6091084977364507,0.6029591040412094,0.6153846153846154,0.15467625899280577,640512,421769,400320,17888,97760,0.547028752929397,0.5471379880374336
0.006128647633246942,0.6087463955855545,0.6022498617813098,0.6153846153846154,0.15467625899280577,640512,423020,400320,17888,97760,0.547028752929397,0.5471379880374336
0.006068561094502045,0.6083847237030511,0.6015422860808258,0.6153846153846154,0.15467625899280577,640512,424271,400320,17888,97760,0.547028752929397,0.5471379880374336
0.00604598985852578,0.6092110271844531,0.6020098796098435,0.6165865384615384,0.15467625899280577,641763,424271,399069,17888,97760,0.547028752929397,0.5471379880374336
0.0060176060699506095,0.6090907624133837,0.6017750480566365,0.6165865384615384,0.1510791366906475,641763,424687,399069,17472,98176,0.547028752929397,0.5471379880374336
0.005984557359780762,0.6087293867347583,0.6010699624707666,0.6165865384615384,0.1510791366906475,641763,425938,399069,17472,98176,0.547028752929397,0.5471379880374336
0.005954240139697475,0.6095543430038336,0.6015368323367186,0.6177884615384616,0.1510791366906475,643014,425938,397818,17472,98176,0.547028752929397,0.5471379880374336
0.005855810315336107,0.6103783215342238,0.6020026107196486,0.6189903846153846,0.1510791366906475,644265,425938,396567,17472,98176,0.547028752929397,0.5471379880374336
0.005846054789079402,0.6100168253730792,0.6012997291530948,0.6189903846153846,0.1510791366906475,644265,427189,396567,17472,98176,0.547028752929397,0.5471379880374336
0.005805876797418619,0.6108395547369173,0.6017646976568581,0.6201923076923077,0.1510791366906475,645516,427189,395316,17472,98176,0.547028752929397,0.5471379880374336
0.005732372434787414,0.6107193490110707,0.6015314209674398,0.6201923076923077,0.1474820143884892,645516,427605,395316,17056,98592,0.547028752929397,0.5471379880374336
0.00567770846265514,0.6105991905859384,0.6012983250693735,0.6201923076923077,0.14388489208633093,645516,428021,395316,16640,99008,0.547028752929397,0.5471379880374336
0.00564714879281758,0.6114207655439068,0.6017623940721333,0.6213942307692307,0.14388489208633093,646767,428021,394065,16640,99008,0.547028752929397,0.5471379880374336
0.005524848458342779,0.6113005638845463,0.6015295702024918,0.6213942307692307,0.14028776978417265,646767,428437,394065,16224,99424,0.547028752929397,0.5471379880374336
0.005507654920144933,0.612121077586553,0.60199265180616,0.6225961538461539,0.14028776978417265,648018,428437,392814,16224,99424,0.547028752929397,0.5471379880374336
0.005391476626689484,0.6120008329779955,0.6017600993990924,0.6225961538461539,0.1366906474820144,648018,428853,392814,15808,99840,0.547028752929397,0.5471379880374336
0.005283414384597729,0.6118806356016825,0.6015277265946772,0.6225961538461539,0.13309352517985612,648018,429269,392814,15392,100256,0.547028752929397,0.5471379880374336
0.005205012861744962,0.6117604854297899,0.6012955331849312,0.6225961538461539,0.12949640287769784,648018,429685,392814,14976,100672,0.547028752929397,0.5471379880374336
0.005157337319680044,0.6113994525862516,0.6005983572979015,0.6225961538461539,0.12949640287769784,648018,430936,392814,14976,100672,0.547028752929397,0.5471379880374336
0.005135959519778188,0.6110388456212692,0.5999027962284936,0.6225961538461539,0.12949640287769784,648018,432187,392814,14976,100672,0.547028752929397,0.5471379880374336
0.0050071175743132135,0.6109190257809153,0.5996718553498405,0.6225961538461539,0.12589928057553956,648018,432603,392814,14560,101088,0.547028752929397,0.5471379880374336
0.004981334898447098,0.610799252922777,0.5994410922105349,0.6225961538461539,0.1223021582733813,648018,433019,392814,14144,101504,0.547028752929397,0.5471379880374336
0.004892369281218278,0.6104393534044237,0.5987482075011458,0.6225961538461539,0.1223021582733813,648018,434270,392814,14144,101504,0.547028752929397,0.5471379880374336
0.004856574205641118,0.6112576381432433,0.5992114727757838,0.6237980769230769,0.1223021582733813,649269,434270,391563,14144,101504,0.547028752929397,0.5471379880374336
0.004833834667153036,0.6108978924757082,0.5985204509628592,0.6237980769230769,0.1223021582733813,649269,435521,391563,14144,101504,0.547028752929397,0.5471379880374336
0.0047593946551565125,0.6105385700039447,0.5978310211124626,0.6237980769230769,0.1223021582733813,649269,436772,391563,14144,101504,0.547028752929397,0.5471379880374336
0.004678894516338961,0.6101796699816364,0.5971431777296256,0.6237980769230769,0.1223021582733813,649269,438023,391563,14144,101504,0.547028752929397,0.5471379880374336
0.004599121554253793,0.6100604169994456,0.5969147969859558,0.6237980769230769,0.11870503597122302,649269,438439,391563,13728,101920,0.547028752929397,0.5471379880374336
0.004552853386937616,0.609941210621544,0.5966865908664821,0.6237980769230769,0.11510791366906475,649269,438855,391563,13312,102336,0.547028752929397,0.5471379880374336
0.004485247943258663,0.6098220508206176,0.5964585591709997,0.6237980769230769,0.11151079136690648,649269,439271,391563,12896,102752,0.547028752929397,0.5471379880374336
0.004473495848585918,0.6106382968737313,0.596921795096491,0.625,0.11151079136690648,650520,439271,390312,12896,102752,0.547028752929397,0.5471379880374336
0.004461580001168086,0.610279969641733,0.5962373584151665,0.625,0.11151079136690648,650520,440522,390312,12896,102752,0.547028752929397,0.5471379880374336
0.004403298912108,0.6110949897450922,0.5966997865957211,0.6262019230769231,0.11151079136690648,651771,440522,389061,12896,102752,0.547028752929397,0.5471379880374336
0.00431034195777158,0.6107368148817266,0.5960171698623924,0.6262019230769231,0.11151079136690648,651771,441773,389061,12896,102752,0.547028752929397,0.5471379880374336
0.004290274033935837,0.6103790596391598,0.5953361131536041,0.6262019230769231,0.11151079136690648,651771,443024,389061,12896,102752,0.547028752929397,0.5471379880374336
0.004248637138867362,0.6102601867097245,0.595109983373067,0.6262019230769231,0.1079136690647482,651771,443440,389061,12480,103168,0.547028752929397,0.5471379880374336
0.004245596025716392,0.6099029894810916,0.5944309971526601,0.6262019230769231,0.1079136690647482,651771,444691,389061,12480,103168,0.547028752929397,0.5471379880374336
0.004125855177701476,0.6097843018931474,0.5942055543095951,0.6262019230769231,0.10431654676258993,651771,445107,389061,12064,103584,0.547028752929397,0.5471379880374336
0.004024963715059338,0.6096656604896064,0.5939802824038043,0.6262019230769231,0.10071942446043165,651771,445523,389061,11648,104000,0.547028752929397,0.5471379880374336
0.0038642367591675275,0.6095470652435164,0.5937551812409471,0.6262019230769231,0.09712230215827339,651771,445939,389061,11232,104416,0.547028752929397,0.5471379880374336
0.00382081814573898,0.609190702091277,0.5930792812483792,0.6262019230769231,0.09712230215827339,651771,447190,389061,11232,104416,0.547028752929397,0.5471379880374336
0.003804752893642349,0.6100033441629411,0.5935419719108681,0.6274038461538461,0.09712230215827339,653022,447190,387810,11232,104416,0.547028752929397,0.5471379880374336
0.003655963095216541,0.6096471307639704,0.592867849396666,0.6274038461538461,0.09712230215827339,653022,448441,387810,11232,104416,0.547028752929397,0.5471379880374336
0.0036167779475778095,0.6095287698621046,0.5926440198969215,0.6274038461538461,0.09352517985611511,653022,448857,387810,10816,104832,0.547028752929397,0.5471379880374336
0.003494084122758867,0.6103401086399852,0.5931059802561801,0.6286057692307693,0.09352517985611511,654273,448857,386559,10816,104832,0.547028752929397,0.5471379880374336
0.0034712387736377526,0.6099841833887824,0.5924341327856962,0.6286057692307693,0.09352517985611511,654273,450108,386559,10816,104832,0.547028752929397,0.5471379880374336
0.003423132540307794,0.6098659181060658,0.5922110577780353,0.6286057692307693,0.08992805755395683,654273,450524,386559,10400,105248,0.547028752929397,0.5471379880374336
0.0033715708708511594,0.6095105455358474,0.5915412351001041,0.6286057692307693,0.08992805755395683,654273,451775,386559,10400,105248,0.547028752929397,0.5471379880374336
0.0033528778771380052,0.6091555868799435,0.5908729259215443,0.6286057692307693,0.08992805755395683,654273,453026,386559,10400,105248,0.547028752929397,0.5471379880374336
0.0033162992743872577,0.6090376426487296,0.5906510248574769,0.6286057692307693,0.08633093525179857,654273,453442,386559,9984,105664,0.547028752929397,0.5471379880374336
0.00324950086662229,0.6086832344248158,0.5899847245091373,0.6286057692307693,0.08633093525179857,654273,454693,386559,9984,105664,0.547028752929397,0.5471379880374336
0.003101166529599464,0.6094923918516035,0.5904467324856312,0.6298076923076923,0.08633093525179857,655524,454693,385308,9984,105664,0.547028752929397,0.5471379880374336
0.0030676883758997686,0.6091381313013985,0.5897821619695753,0.6298076923076923,0.08633093525179857,655524,455944,385308,9984,105664,0.547028752929397,0.5471379880374336
0.0030633218704887444,0.609020418856923,0.5895615010198906,0.6298076923076923,0.08273381294964029,655524,456360,385308,9568,106080,0.547028752929397,0.5471379880374336
0.003053068023611105,0.6089027518981651,0.5893410051245168,0.6298076923076923,0.07913669064748201,655524,456776,385308,9152,106496,0.547028752929397,0.5471379880374336
0.0030086400714074424,0.6085491762606742,0.5886789199596606,0.6298076923076923,0.07913669064748201,655524,458027,385308,9152,106496,0.547028752929397,0.5471379880374336
0.002764172417588806,0.6081960110111457,0.5880183207421587,0.6298076923076923,0.07913669064748201,655524,459278,385308,9152,106496,0.547028752929397,0.5471379880374336
0.0027164333762563775,0.6078432554355008,0.5873592024751513,0.6298076923076923,0.07913669064748201,655524,460529,385308,9152,106496,0.547028752929397,0.5471379880374336
0.002585964965363896,0.6077260428655992,0.5871403505157778,0.6298076923076923,0.07553956834532374,655524,460945,385308,8736,106912,0.547028752929397,0.5471379880374336
0.002513185311893651,0.607608875492013,0.5869216615855706,0.6298076923076923,0.07194244604316546,655524,461361,385308,8320,107328,0.547028752929397,0.5471379880374336
0.002487820397763185,0.6074917532886064,0.5867031355024295,0.6298076923076923,0.0683453237410072,655524,461777,385308,7904,107744,0.547028752929397,0.5471379880374336
0.0024610796644569666,0.6073746762292632,0.5864847720845259,0.6298076923076923,0.06474820143884892,655524,462193,385308,7488,108160,0.547028752929397,0.5471379880374336
0.0022533757590540437,0.6070228724881933,0.5858290853715209,0.6298076923076923,0.06474820143884892,655524,463444,385308,7488,108160,0.547028752929397,0.5471379880374336
0.0022382322265975807,0.6066714760549381,0.5851748631294417,0.6298076923076923,0.06474820143884892,655524,464695,385308,7488,108160,0.547028752929397,0.5471379880374336
0.002202565048136318,0.6063204862225535,0.5845221004574354,0.6298076923076923,0.06474820143884892,655524,465946,385308,7488,108160,0.547028752929397,0.5471379880374336
0.002163327349003319,0.6062038601426538,0.5843053572288094,0.6298076923076923,0.06115107913669065,655524,466362,385308,7072,108576,0.547028752929397,0.5471379880374336
0.0021573912204483348,0.6058534110239102,0.5836545319048344,0.6298076923076923,0.06115107913669065,655524,467613,385308,7072,108576,0.547028752929397,0.5471379880374336
0.002056042126083568,0.6055033668634134,0.5830051548042134,0.6298076923076923,0.06115107913669065,655524,468864,385308,7072,108576,0.547028752929397,0.5471379880374336
0.0019764931541447206,0.6051537269596501,0.5823572210984161,0.6298076923076923,0.06115107913669065,655524,470115,385308,7072,108576,0.547028752929397,0.5471379880374336
0.001896903190325927,0.6050375492584523,0.5821420800937788,0.6298076923076923,0.05755395683453238,655524,470531,385308,6656,108992,0.547028752929397,0.5471379880374336
0.0018709807684619273,0.6049214161563935,0.5819270979900947,0.6298076923076923,0.0539568345323741,655524,470947,385308,6240,109408,0.547028752929397,0.5471379880374336
0.0018663380309053013,0.605726212028845,0.5823908729279025,0.6310096153846154,0.0539568345323741,656775,470947,384057,6240,109408,0.547028752929397,0.5471379880374336
0.0017923647135643095,0.6056100361000843,0.582176116751674,0.6310096153846154,0.050359712230215826,656775,471363,384057,5824,109824,0.547028752929397,0.5471379880374336
0.0017683020398736593,0.6052609388629084,0.581531252739313,0.6310096153846154,0.050359712230215826,656775,472614,384057,5824,109824,0.547028752929397,0.5471379880374336
0.0016838246948907565,0.6051449413236759,0.5813171299472033,0.6310096153846154,0.046762589928057555,656775,473030,384057,5408,110240,0.547028752929397,0.5471379880374336
0.00153021030487821,0.6050289882375051,0.5811031647792777,0.6310096153846154,0.04316546762589928,656775,473446,384057,4992,110656,0.547028752929397,0.5471379880374336
0.0014489456553175017,0.6049130795788473,0.5808893570615502,0.6310096153846154,0.039568345323741004,656775,473862,384057,4576,111072,0.547028752929397,0.5471379880374336
0.001442599342449391,0.6045647851540926,0.5802473389593317,0.6310096153846154,0.039568345323741004,656775,475113,384057,4576,111072,0.547028752929397,0.5471379880374336
0.0014356518764628845,0.6042168915776706,0.5796067384495636,0.6310096153846154,0.039568345323741004,656775,476364,384057,4576,111072,0.547028752929397,0.5471379880374336
0.0014294571284675373,0.6050196255830439,0.5800703461772406,0.6322115384615384,0.039568345323741004,658026,476364,382806,4576,111072,0.547028752929397,0.5471379880374336
0.0013954537811067258,0.6049039408210374,0.5798577025500394,0.6322115384615384,0.03597122302158273,658026,476780,382806,4160,111488,0.547028752929397,0.5471379880374336
0.001259202250116942,0.6045563186731157,0.5792191765025875,0.6322115384615384,0.03597122302158273,658026,478031,382806,4160,111488,0.547028752929397,0.5471379880374336
0.0012560331586618512,0.6042090958340602,0.5785820551688725,0.6322115384615384,0.03597122302158273,658026,479282,382806,4160,111488,0.547028752929397,0.5471379880374336
0.0011916110220387965,0.6038622716162451,0.577946333918576,0.6322115384615384,0.03597122302158273,658026,480533,382806,4160,111488,0.547028752929397,0.5471379880374336
0.0011638291251129251,0.6037470289800886,0.5777352444083496,0.6322115384615384,0.03237410071942446,658026,480949,382806,3744,111904,0.547028752929397,0.5471379880374336
0.0010419887381770687,0.6036318303219441,0.5775243090387759,0.6322115384615384,0.02877697841726619,658026,481365,382806,3328,112320,0.547028752929397,0.5471379880374336
0.0008348952843032498,0.6032856683141765,0.5768909088039893,0.6322115384615384,0.02877697841726619,658026,482616,382806,3328,112320,0.547028752929397,0.5471379880374336
0.0008327433450860955,0.6031706456329146,0.5766805894178911,0.6322115384615384,0.025179856115107913,658026,483032,382806,2912,112736,0.547028752929397,0.5471379880374336
0.0007305228101415207,0.6028250122186336,0.5760490375196203,0.6322115384615384,0.025179856115107913,658026,484283,382806,2912,112736,0.547028752929397,0.5471379880374336
0.0007126201951412336,0.6024797746924545,0.5754188673965511,0.6322115384615384,0.025179856115107913,658026,485534,382806,2912,112736,0.547028752929397,0.5471379880374336
0.0006941654901413408,0.6021349323745918,0.5747900745188507,0.6322115384615384,0.025179856115107913,658026,486785,382806,2912,112736,0.547028752929397,0.5471379880374336
0.0006922923875236076,0.6020203480326927,0.5745812838852036,0.6322115384615384,0.02158273381294964,658026,487201,382806,2496,113152,0.547028752929397,0.5471379880374336
0.0006777436054823949,0.6016760312895749,0.5739543192281056,0.6322115384615384,0.02158273381294964,658026,488452,382806,2496,113152,0.547028752929397,0.5471379880374336
0.0006138535533261047,0.6013321081751891,0.5733287213270728,0.6322115384615384,0.02158273381294964,658026,489703,382806,2496,113152,0.547028752929397,0.5471379880374336
0.0005118689643710816,0.6012178291503292,0.57312099081562,0.6322115384615384,0.017985611510791366,658026,490119,382806,2080,113568,0.547028752929397,0.5471379880374336
0.00047864083835436055,0.6020167763356143,0.5735856049612144,0.6334134615384616,0.017985611510791366,659277,490119,381555,2080,113568,0.547028752929397,0.5471379880374336
0.0004307494824709046,0.6016731166486194,0.5729619944257448,0.6334134615384616,0.017985611510791366,659277,491370,381555,2080,113568,0.547028752929397,0.5471379880374336
0.00041094423678222913,0.6015589250397487,0.5727549230580776,0.6334134615384616,0.014388489208633094,659277,491786,381555,1664,113984,0.547028752929397,0.5471379880374336
0.0003817859449043448,0.6014447767675298,0.57254800130962,0.6334134615384616,0.01079136690647482,659277,492202,381555,1248,114400,0.547028752929397,0.5471379880374336
0.00031634869677921174,0.6013306718072975,0.5723412290182699,0.6334134615384616,0.007194244604316547,659277,492618,381555,832,114816,0.547028752929397,0.5471379880374336
0.00028764100320777253,0.6009877947727826,0.5717203198901093,0.6334134615384616,0.007194244604316547,659277,493869,381555,832,114816,0.547028752929397,0.5471379880374336
0.0002818154679871121,0.6008738631257651,0.5715141448834132,0.6334134615384616,0.0035971223021582736,659277,494285,381555,416,115232,0.547028752929397,0.5471379880374336
0.0002749572634701547,0.6005315066871011,0.5708950280261826,0.6334134615384616,0.0035971223021582736,659277,495536,381555,416,115232,0.547028752929397,0.5471379880374336
7.786060185943633e-05,0.6013284197340247,0.5713593711074819,0.6346153846153846,0.0035971223021582736,660528,495536,380304,416,115232,0.547028752929397,0.5471379880374336
5.8617359000590064e-05,0.6012145748987854,0.5711538461538461,0.6346153846153846,0.0,660528,495952,380304,0,115648,0.547028752929397,0.5471379880374336
