threshold,f1,precision,recall,tnr,tp,fp,fn,tn_unknown,fp_unknown,auc_pr_trapezoid,ap_pr_step
0.701529453460906,0.0,,0.0,1.0,0,0,832,278,0,0.9506840613388328,0.950716570585336
0.7015294534609059,0.0024009603841536613,1.0,0.001201923076923077,1.0,1,0,831,278,0,0.9506840613388328,0.950716570585336
0.689421385637771,0.004796163069544364,1.0,0.002403846153846154,1.0,2,0,830,278,0,0.9506840613388328,0.950716570585336
0.6869850913343176,0.00718562874251497,1.0,0.003605769230769231,1.0,3,0,829,278,0,0.9506840613388328,0.950716570585336
0.6438769848990017,0.009569377990430622,1.0,0.004807692307692308,1.0,4,0,828,278,0,0.9506840613388328,0.950716570585336
0.608819143291423,0.011947431302270013,1.0,0.006009615384615385,1.0,5,0,827,278,0,0.9506840613388328,0.950716570585336
0.6066450862804095,0.014319809069212411,1.0,0.007211538461538462,1.0,6,0,826,278,0,0.9506840613388328,0.950716570585336
0.5892017140124386,0.0166865315852205,1.0,0.008413461538461538,1.0,7,0,825,278,0,0.9506840613388328,0.950716570585336
0.5872620140310587,0.01904761904761905,1.0,0.009615384615384616,1.0,8,0,824,278,0,0.9506840613388328,0.950716570585336
0.5838635440734953,0.02140309155766944,1.0,0.010817307692307692,1.0,9,0,823,278,0,0.9506840613388328,0.950716570585336
0.5815641192268912,0.023752969121140142,1.0,0.01201923076923077,1.0,10,0,822,278,0,0.9506840613388328,0.950716570585336
0.5769674283806698,0.02609727164887307,1.0,0.013221153846153846,1.0,11,0,821,278,0,0.9506840613388328,0.950716570585336
0.5760548493604091,0.02843601895734597,1.0,0.014423076923076924,1.0,12,0,820,278,0,0.9506840613388328,0.950716570585336
0.5735567512146318,0.03076923076923077,1.0,0.015625,1.0,13,0,819,278,0,0.9506840613388328,0.950716570585336
0.5510980252227871,0.03309692671394799,1.0,0.016826923076923076,1.0,14,0,818,278,0,0.9506840613388328,0.950716570585336
0.5483781477347409,0.03541912632821724,1.0,0.018028846153846152,1.0,15,0,817,278,0,0.9506840613388328,0.950716570585336
0.5444669515796152,0.03773584905660377,1.0,0.019230769230769232,1.0,16,0,816,278,0,0.9506840613388328,0.950716570585336
0.5359187304363489,0.04004711425206125,1.0,0.020432692307692308,1.0,17,0,815,278,0,0.9506840613388328,0.950716570585336
0.5340473744948924,0.042352941176470586,1.0,0.021634615384615384,1.0,18,0,814,278,0,0.9506840613388328,0.950716570585336
0.529563949163528,0.04465334900117509,1.0,0.02283653846153846,1.0,19,0,813,278,0,0.9506840613388328,0.950716570585336
0.528571518897627,0.046948356807511735,1.0,0.02403846153846154,1.0,20,0,812,278,0,0.9506840613388328,0.950716570585336
0.5275794982315832,0.0492379835873388,1.0,0.025240384615384616,1.0,21,0,811,278,0,0.9506840613388328,0.950716570585336
0.5225940477083856,0.05152224824355972,1.0,0.026442307692307692,1.0,22,0,810,278,0,0.9506840613388328,0.950716570585336
0.5187093234055478,0.05380116959064327,1.0,0.027644230769230768,1.0,23,0,809,278,0,0.9506840613388328,0.950716570585336
0.5181146462534486,0.056074766355140186,1.0,0.028846153846153848,1.0,24,0,808,278,0,0.9506840613388328,0.950716570585336
0.5135720760688651,0.058343057176196034,1.0,0.030048076923076924,1.0,25,0,807,278,0,0.9506840613388328,0.950716570585336
0.5127040579271318,0.05827505827505827,0.9615384615384616,0.030048076923076924,1.0,25,1,807,278,0,0.9506840613388328,0.950716570585336
0.5101752116749705,0.06053550640279395,0.9629629629629629,0.03125,1.0,26,1,806,278,0,0.9506840613388328,0.950716570585336
0.5066247217279711,0.06279069767441861,0.9642857142857143,0.03245192307692308,1.0,27,1,805,278,0,0.9506840613388328,0.950716570585336
0.5060100412552228,0.06504065040650407,0.9655172413793104,0.03365384615384615,1.0,28,1,804,278,0,0.9506840613388328,0.950716570585336
0.5055397204961615,0.06728538283062645,0.9666666666666667,0.03485576923076923,1.0,29,1,803,278,0,0.9506840613388328,0.950716570585336
0.505072200855005,0.06952491309385864,0.967741935483871,0.036057692307692304,1.0,30,1,802,278,0,0.9506840613388328,0.950716570585336
0.5036838743198118,0.07175925925925926,0.96875,0.037259615384615384,1.0,31,1,801,278,0,0.9506840613388328,0.950716570585336
0.5036170802807116,0.07398843930635839,0.9696969696969697,0.038461538461538464,1.0,32,1,800,278,0,0.9506840613388328,0.950716570585336
0.5035689721377397,0.07621247113163972,0.9705882352941176,0.039663461538461536,1.0,33,1,799,278,0,0.9506840613388328,0.950716570585336
0.501188902351238,0.0784313725490196,0.9714285714285714,0.040865384615384616,1.0,34,1,798,278,0,0.9506840613388328,0.950716570585336
0.5004330208374321,0.08064516129032258,0.9722222222222222,0.042067307692307696,1.0,35,1,797,278,0,0.9506840613388328,0.950716570585336
0.5002902211597117,0.08285385500575373,0.972972972972973,0.04326923076923077,1.0,36,1,796,278,0,0.9506840613388328,0.950716570585336
0.4988065482718762,0.08505747126436781,0.9736842105263158,0.04447115384615385,1.0,37,1,795,278,0,0.9506840613388328,0.950716570585336
0.49863687229149306,0.08725602755453502,0.9743589743589743,0.04567307692307692,1.0,38,1,794,278,0,0.9506840613388328,0.950716570585336
0.49739577466863893,0.08944954128440367,0.975,0.046875,1.0,39,1,793,278,0,0.9506840613388328,0.950716570585336
0.4963494311562634,0.09163802978235967,0.975609756097561,0.04807692307692308,1.0,40,1,792,278,0,0.9506840613388328,0.950716570585336
0.4951202866163128,0.09382151029748284,0.9761904761904762,0.04927884615384615,1.0,41,1,791,278,0,0.9506840613388328,0.950716570585336
0.4950650426691984,0.096,0.9767441860465116,0.05048076923076923,1.0,42,1,790,278,0,0.9506840613388328,0.950716570585336
0.4942648211928009,0.09817351598173515,0.9772727272727273,0.051682692307692304,1.0,43,1,789,278,0,0.9506840613388328,0.950716570585336
0.4942135914211447,0.10034207525655645,0.9777777777777777,0.052884615384615384,1.0,44,1,788,278,0,0.9506840613388328,0.950716570585336
0.4935436187267401,0.10250569476082004,0.9782608695652174,0.054086538461538464,1.0,45,1,787,278,0,0.9506840613388328,0.950716570585336
0.4927838078667461,0.10466439135381114,0.9787234042553191,0.055288461538461536,1.0,46,1,786,278,0,0.9506840613388328,0.950716570585336
0.4925763292323485,0.10681818181818181,0.9791666666666666,0.056490384615384616,1.0,47,1,785,278,0,0.9506840613388328,0.950716570585336
0.4904563980570697,0.10896708286038592,0.9795918367346939,0.057692307692307696,1.0,48,1,784,278,0,0.9506840613388328,0.950716570585336
0.4894454353309505,0.1111111111111111,0.98,0.05889423076923077,1.0,49,1,783,278,0,0.9506840613388328,0.950716570585336
0.48922672749076024,0.11325028312570781,0.9803921568627451,0.06009615384615385,1.0,50,1,782,278,0,0.9506840613388328,0.950716570585336
0.4889148261239311,0.11538461538461539,0.9807692307692307,0.06129807692307692,1.0,51,1,781,278,0,0.9506840613388328,0.950716570585336
0.48765145933164566,0.11751412429378531,0.9811320754716981,0.0625,1.0,52,1,780,278,0,0.9506840613388328,0.950716570585336
0.48704953786500715,0.11963882618510158,0.9814814814814815,0.06370192307692307,1.0,53,1,779,278,0,0.9506840613388328,0.950716570585336
0.48481827125281995,0.12175873731679819,0.9818181818181818,0.06490384615384616,1.0,54,1,778,278,0,0.9506840613388328,0.950716570585336
0.48473525844711,0.12387387387387387,0.9821428571428571,0.06610576923076923,1.0,55,1,777,278,0,0.9506840613388328,0.950716570585336
0.4844959287222148,0.12598425196850394,0.9824561403508771,0.0673076923076923,1.0,56,1,776,278,0,0.9506840613388328,0.950716570585336
0.48409291199307153,0.12808988764044943,0.9827586206896551,0.06850961538461539,1.0,57,1,775,278,0,0.9506840613388328,0.950716570585336
0.4800888534126872,0.13019079685746351,0.9830508474576272,0.06971153846153846,1.0,58,1,774,278,0,0.9506840613388328,0.950716570585336
0.4769100101672764,0.13228699551569506,0.9833333333333333,0.07091346153846154,1.0,59,1,773,278,0,0.9506840613388328,0.950716570585336
0.47655144405951233,0.1343784994400896,0.9836065573770492,0.07211538461538461,1.0,60,1,772,278,0,0.9506840613388328,0.950716570585336
0.4760080384688057,0.13646532438478748,0.9838709677419355,0.0733173076923077,1.0,61,1,771,278,0,0.9506840613388328,0.950716570585336
0.4748417060080208,0.13854748603351955,0.9841269841269841,0.07451923076923077,1.0,62,1,770,278,0,0.9506840613388328,0.950716570585336
0.4742843538091905,0.140625,0.984375,0.07572115384615384,1.0,63,1,769,278,0,0.9506840613388328,0.950716570585336
0.47268278248115925,0.1426978818283166,0.9846153846153847,0.07692307692307693,1.0,64,1,768,278,0,0.9506840613388328,0.950716570585336
0.4725328888864153,0.1447661469933185,0.9848484848484849,0.078125,1.0,65,1,767,278,0,0.9506840613388328,0.950716570585336
0.4723686827743273,0.1468298109010011,0.9850746268656716,0.07932692307692307,1.0,66,1,766,278,0,0.9506840613388328,0.950716570585336
0.4722452088948024,0.14888888888888888,0.9852941176470589,0.08052884615384616,1.0,67,1,765,278,0,0.9506840613388328,0.950716570585336
0.47111807556176183,0.1509433962264151,0.9855072463768116,0.08173076923076923,1.0,68,1,764,278,0,0.9506840613388328,0.950716570585336
0.470677826636405,0.15299334811529933,0.9857142857142858,0.0829326923076923,1.0,69,1,763,278,0,0.9506840613388328,0.950716570585336
0.46937966577313056,0.15503875968992248,0.9859154929577465,0.08413461538461539,1.0,70,1,762,278,0,0.9506840613388328,0.950716570585336
0.4693591996941844,0.1570796460176991,0.9861111111111112,0.08533653846153846,1.0,71,1,761,278,0,0.9506840613388328,0.950716570585336
0.46810496418501335,0.1591160220994475,0.9863013698630136,0.08653846153846154,1.0,72,1,760,278,0,0.9506840613388328,0.950716570585336
0.46796483469637085,0.16114790286975716,0.9864864864864865,0.08774038461538461,1.0,73,1,759,278,0,0.9506840613388328,0.950716570585336
0.46662154670918266,0.1631753031973539,0.9866666666666667,0.0889423076923077,1.0,74,1,758,278,0,0.9506840613388328,0.950716570585336
0.4659975733700882,0.16519823788546256,0.9868421052631579,0.09014423076923077,1.0,75,1,757,278,0,0.9506840613388328,0.950716570585336
0.4643604515476947,0.16721672167216722,0.987012987012987,0.09134615384615384,1.0,76,1,756,278,0,0.9506840613388328,0.950716570585336
0.4638681039613009,0.16923076923076924,0.9871794871794872,0.09254807692307693,1.0,77,1,755,278,0,0.9506840613388328,0.950716570585336
0.46383369775366035,0.1712403951701427,0.9873417721518988,0.09375,1.0,78,1,754,278,0,0.9506840613388328,0.950716570585336
0.4626057300995857,0.17324561403508773,0.9875,0.09495192307692307,1.0,79,1,753,278,0,0.9506840613388328,0.950716570585336
0.46234943372228515,0.17524644030668127,0.9876543209876543,0.09615384615384616,1.0,80,1,752,278,0,0.9506840613388328,0.950716570585336
0.4611088420722592,0.1772428884026258,0.9878048780487805,0.09735576923076923,1.0,81,1,751,278,0,0.9506840613388328,0.950716570585336
0.4607670976171676,0.17923497267759564,0.9879518072289156,0.0985576923076923,1.0,82,1,750,278,0,0.9506840613388328,0.950716570585336
0.4606980100207133,0.1812227074235808,0.9880952380952381,0.09975961538461539,1.0,83,1,749,278,0,0.9506840613388328,0.950716570585336
0.46004223406668,0.183206106870229,0.9882352941176471,0.10096153846153846,1.0,84,1,748,278,0,0.9506840613388328,0.950716570585336
0.458652508172741,0.18518518518518517,0.9883720930232558,0.10216346153846154,1.0,85,1,747,278,0,0.9506840613388328,0.950716570585336
0.4580773589073811,0.18715995647442873,0.9885057471264368,0.10336538461538461,1.0,86,1,746,278,0,0.9506840613388328,0.950716570585336
0.4578057092139291,0.1891304347826087,0.9886363636363636,0.1045673076923077,1.0,87,1,745,278,0,0.9506840613388328,0.950716570585336
0.4577426965497591,0.19109663409337677,0.9887640449438202,0.10576923076923077,1.0,88,1,744,278,0,0.9506840613388328,0.950716570585336
0.4558897147789219,0.19305856832971802,0.9888888888888889,0.10697115384615384,1.0,89,1,743,278,0,0.9506840613388328,0.950716570585336
0.4531422275086372,0.19501625135427952,0.989010989010989,0.10817307692307693,1.0,90,1,742,278,0,0.9506840613388328,0.950716570585336
0.45229323301636865,0.19696969696969696,0.9891304347826086,0.109375,1.0,91,1,741,278,0,0.9506840613388328,0.950716570585336
0.45208975332979295,0.1989189189189189,0.989247311827957,0.11057692307692307,1.0,92,1,740,278,0,0.9506840613388328,0.950716570585336
0.45176169278853395,0.20086393088552915,0.9893617021276596,0.11177884615384616,1.0,93,1,739,278,0,0.9506840613388328,0.950716570585336
0.45099965932467434,0.20280474649406688,0.9894736842105263,0.11298076923076923,1.0,94,1,738,278,0,0.9506840613388328,0.950716570585336
0.4488832090760415,0.20474137931034483,0.9895833333333334,0.1141826923076923,1.0,95,1,737,278,0,0.9506840613388328,0.950716570585336
0.4481175455286268,0.20667384284176535,0.9896907216494846,0.11538461538461539,1.0,96,1,736,278,0,0.9506840613388328,0.950716570585336
0.4471961472622372,0.2086021505376344,0.9897959183673469,0.11658653846153846,1.0,97,1,735,278,0,0.9506840613388328,0.950716570585336
0.4467429874159444,0.21052631578947367,0.98989898989899,0.11778846153846154,1.0,98,1,734,278,0,0.9506840613388328,0.950716570585336
0.44628959052475436,0.21244635193133046,0.99,0.11899038461538461,1.0,99,1,733,278,0,0.9506840613388328,0.950716570585336
0.44565086096888873,0.21436227224008575,0.9900990099009901,0.1201923076923077,1.0,100,1,732,278,0,0.9506840613388328,0.950716570585336
0.44561996778659085,0.21627408993576017,0.9901960784313726,0.12139423076923077,1.0,101,1,731,278,0,0.9506840613388328,0.950716570585336
0.444524247623476,0.21818181818181817,0.9902912621359223,0.12259615384615384,1.0,102,1,730,278,0,0.9506840613388328,0.950716570585336
0.4408500267230637,0.22008547008547008,0.9903846153846154,0.12379807692307693,1.0,103,1,729,278,0,0.9506840613388328,0.950716570585336
0.44037020243008196,0.22198505869797225,0.9904761904761905,0.125,1.0,104,1,728,278,0,0.9506840613388328,0.950716570585336
0.4399370361749696,0.22388059701492538,0.9905660377358491,0.12620192307692307,1.0,105,1,727,278,0,0.9506840613388328,0.950716570585336
0.439411819794455,0.22577209797657083,0.9906542056074766,0.12740384615384615,1.0,106,1,726,278,0,0.9506840613388328,0.950716570585336
0.439399834182207,0.2276595744680851,0.9907407407407407,0.12860576923076922,1.0,107,1,725,278,0,0.9506840613388328,0.950716570585336
0.4391215281437393,0.22954303931987247,0.9908256880733946,0.12980769230769232,1.0,108,1,724,278,0,0.9506840613388328,0.950716570585336
0.43749670228863236,0.23142250530785563,0.990909090909091,0.1310096153846154,1.0,109,1,723,278,0,0.9506840613388328,0.950716570585336
0.4362054918695194,0.23329798515376457,0.990990990990991,0.13221153846153846,1.0,110,1,722,278,0,0.9506840613388328,0.950716570585336
0.43590431455599155,0.23516949152542374,0.9910714285714286,0.13341346153846154,1.0,111,1,721,278,0,0.9506840613388328,0.950716570585336
0.43589855509635356,0.23703703703703705,0.9911504424778761,0.1346153846153846,1.0,112,1,720,278,0,0.9506840613388328,0.950716570585336
0.43567112797346996,0.23890063424947147,0.9912280701754386,0.13581730769230768,1.0,113,1,719,278,0,0.9506840613388328,0.950716570585336
0.43166472330764694,0.24076029567053855,0.991304347826087,0.13701923076923078,1.0,114,1,718,278,0,0.9506840613388328,0.950716570585336
0.4313153442083845,0.24261603375527427,0.9913793103448276,0.13822115384615385,1.0,115,1,717,278,0,0.9506840613388328,0.950716570585336
0.43052899178532167,0.24446786090621708,0.9914529914529915,0.13942307692307693,1.0,116,1,716,278,0,0.9506840613388328,0.950716570585336
0.4290714819876499,0.2463157894736842,0.9915254237288136,0.140625,1.0,117,1,715,278,0,0.9506840613388328,0.950716570585336
0.42808850996282666,0.24815983175604628,0.9915966386554622,0.14182692307692307,1.0,118,1,714,278,0,0.9506840613388328,0.950716570585336
0.42742692847878727,0.25,0.9916666666666667,0.14302884615384615,1.0,119,1,713,278,0,0.9506840613388328,0.950716570585336
0.42633744780339433,0.2518363064008394,0.9917355371900827,0.14423076923076922,1.0,120,1,712,278,0,0.9506840613388328,0.950716570585336
0.426271981262524,0.25366876310272535,0.9918032786885246,0.14543269230769232,1.0,121,1,711,278,0,0.9506840613388328,0.950716570585336
0.4259791077681335,0.2554973821989529,0.991869918699187,0.1466346153846154,1.0,122,1,710,278,0,0.9506840613388328,0.950716570585336
0.4251966060569924,0.25732217573221755,0.9919354838709677,0.14783653846153846,1.0,123,1,709,278,0,0.9506840613388328,0.950716570585336
0.4242377521812315,0.25914315569487983,0.992,0.14903846153846154,1.0,124,1,708,278,0,0.9506840613388328,0.950716570585336
0.42362578450271604,0.2609603340292276,0.9920634920634921,0.1502403846153846,1.0,125,1,707,278,0,0.9506840613388328,0.950716570585336
0.42301192967781787,0.26277372262773724,0.9921259842519685,0.15144230769230768,1.0,126,1,706,278,0,0.9506840613388328,0.950716570585336
0.42287705294626365,0.26458333333333334,0.9921875,0.15264423076923078,1.0,127,1,705,278,0,0.9506840613388328,0.950716570585336
0.4227531910471898,0.2663891779396462,0.9922480620155039,0.15384615384615385,1.0,128,1,704,278,0,0.9506840613388328,0.950716570585336
0.42193956901567675,0.2681912681912682,0.9923076923076923,0.15504807692307693,1.0,129,1,703,278,0,0.9506840613388328,0.950716570585336
0.4206440229756778,0.2699896157840083,0.9923664122137404,0.15625,1.0,130,1,702,278,0,0.9506840613388328,0.950716570585336
0.419422554227091,0.2717842323651452,0.9924242424242424,0.15745192307692307,1.0,131,1,701,278,0,0.9506840613388328,0.950716570585336
0.41890394519036434,0.27357512953367874,0.9924812030075187,0.15865384615384615,1.0,132,1,700,278,0,0.9506840613388328,0.950716570585336
0.41771972115378675,0.2753623188405797,0.9925373134328358,0.15985576923076922,1.0,133,1,699,278,0,0.9506840613388328,0.950716570585336
0.41750285279636656,0.27714581178903824,0.9925925925925926,0.16105769230769232,1.0,134,1,698,278,0,0.9506840613388328,0.950716570585336
0.4173715581789317,0.27892561983471076,0.9926470588235294,0.1622596153846154,1.0,135,1,697,278,0,0.9506840613388328,0.950716570585336
0.4172259650098209,0.2807017543859649,0.9927007299270073,0.16346153846153846,1.0,136,1,696,278,0,0.9506840613388328,0.950716570585336
0.41587850518564995,0.2824742268041237,0.9927536231884058,0.16466346153846154,1.0,137,1,695,278,0,0.9506840613388328,0.950716570585336
0.4145779508624491,0.2842430484037075,0.9928057553956835,0.1658653846153846,1.0,138,1,694,278,0,0.9506840613388328,0.950716570585336
0.41331220012605047,0.28600823045267487,0.9928571428571429,0.16706730769230768,1.0,139,1,693,278,0,0.9506840613388328,0.950716570585336
0.4126125101209336,0.28776978417266186,0.9929078014184397,0.16826923076923078,1.0,140,1,692,278,0,0.9506840613388328,0.950716570585336
0.41153722130844905,0.28952772073921973,0.9929577464788732,0.16947115384615385,1.0,141,1,691,278,0,0.9506840613388328,0.950716570585336
0.4110205488171361,0.29128205128205126,0.993006993006993,0.17067307692307693,1.0,142,1,690,278,0,0.9506840613388328,0.950716570585336
0.41083483377595487,0.2930327868852459,0.9930555555555556,0.171875,1.0,143,1,689,278,0,0.9506840613388328,0.950716570585336
0.4105361452629701,0.2947799385875128,0.993103448275862,0.17307692307692307,1.0,144,1,688,278,0,0.9506840613388328,0.950716570585336
0.4100128986368342,0.2965235173824131,0.9931506849315068,0.17427884615384615,1.0,145,1,687,278,0,0.9506840613388328,0.950716570585336
0.4074605399129152,0.2982635342185904,0.9931972789115646,0.17548076923076922,1.0,146,1,686,278,0,0.9506840613388328,0.950716570585336
0.40712227788545596,0.3,0.9932432432432432,0.17668269230769232,1.0,147,1,685,278,0,0.9506840613388328,0.950716570585336
0.40537309871340776,0.30173292558613657,0.9932885906040269,0.1778846153846154,1.0,148,1,684,278,0,0.9506840613388328,0.950716570585336
0.405105608431072,0.3034623217922607,0.9933333333333333,0.17908653846153846,1.0,149,1,683,278,0,0.9506840613388328,0.950716570585336
0.40480765289808,0.3051881993896236,0.9933774834437086,0.18028846153846154,1.0,150,1,682,278,0,0.9506840613388328,0.950716570585336
0.4045047117768775,0.30691056910569103,0.993421052631579,0.1814903846153846,1.0,151,1,681,278,0,0.9506840613388328,0.950716570585336
0.40443983716607845,0.3086294416243655,0.9934640522875817,0.18269230769230768,1.0,152,1,680,278,0,0.9506840613388328,0.950716570585336
0.4019581367226174,0.3103448275862069,0.9935064935064936,0.18389423076923078,1.0,153,1,679,278,0,0.9506840613388328,0.950716570585336
0.4018730050979302,0.3120567375886525,0.9935483870967742,0.18509615384615385,1.0,154,1,678,278,0,0.9506840613388328,0.950716570585336
0.4014879870136083,0.31376518218623484,0.9935897435897436,0.18629807692307693,1.0,155,1,677,278,0,0.9506840613388328,0.950716570585336
0.4004447979952158,0.3154701718907988,0.9936305732484076,0.1875,1.0,156,1,676,278,0,0.9506840613388328,0.950716570585336
0.39952863426310015,0.31717171717171716,0.9936708860759493,0.18870192307692307,1.0,157,1,675,278,0,0.9506840613388328,0.950716570585336
0.39948053422557495,0.31886982845610495,0.9937106918238994,0.18990384615384615,1.0,158,1,674,278,0,0.9506840613388328,0.950716570585336
0.3993003321275902,0.32056451612903225,0.99375,0.19110576923076922,1.0,159,1,673,278,0,0.9506840613388328,0.950716570585336
0.3989074088774106,0.32225579053373615,0.9937888198757764,0.19230769230769232,1.0,160,1,672,278,0,0.9506840613388328,0.950716570585336
0.39888666699843733,0.323943661971831,0.9938271604938271,0.1935096153846154,1.0,161,1,671,278,0,0.9506840613388328,0.950716570585336
0.3988680930538254,0.3256281407035176,0.9938650306748467,0.19471153846153846,1.0,162,1,670,278,0,0.9506840613388328,0.950716570585336
0.39732911742843646,0.3273092369477912,0.9939024390243902,0.19591346153846154,1.0,163,1,669,278,0,0.9506840613388328,0.950716570585336
0.39720377375679916,0.32898696088264795,0.9939393939393939,0.1971153846153846,1.0,164,1,668,278,0,0.9506840613388328,0.950716570585336
0.3970398838717678,0.3306613226452906,0.9939759036144579,0.19831730769230768,1.0,165,1,667,278,0,0.9506840613388328,0.950716570585336
0.394982094082891,0.33233233233233234,0.9940119760479041,0.19951923076923078,1.0,166,1,666,278,0,0.9506840613388328,0.950716570585336
0.39418122724008975,0.334,0.9940476190476191,0.20072115384615385,1.0,167,1,665,278,0,0.9506840613388328,0.950716570585336
0.39382011442391396,0.3356643356643357,0.9940828402366864,0.20192307692307693,1.0,168,1,664,278,0,0.9506840613388328,0.950716570585336
0.3936024521403596,0.3373253493013972,0.9941176470588236,0.203125,1.0,169,1,663,278,0,0.9506840613388328,0.950716570585336
0.39345848375059944,0.3389830508474576,0.9941520467836257,0.20432692307692307,1.0,170,1,662,278,0,0.9506840613388328,0.950716570585336
0.39307172856501926,0.34063745019920316,0.9941860465116279,0.20552884615384615,1.0,171,1,661,278,0,0.9506840613388328,0.950716570585336
0.3928672025320249,0.34228855721393037,0.9942196531791907,0.20673076923076922,1.0,172,1,660,278,0,0.9506840613388328,0.950716570585336
0.3925858830832849,0.34393638170974156,0.9942528735632183,0.20793269230769232,1.0,173,1,659,278,0,0.9506840613388328,0.950716570585336
0.3918811977121269,0.3455809334657398,0.9942857142857143,0.2091346153846154,1.0,174,1,658,278,0,0.9506840613388328,0.950716570585336
0.3917878940176975,0.3472222222222222,0.9943181818181818,0.21033653846153846,1.0,175,1,657,278,0,0.9506840613388328,0.950716570585336
0.39084781401172974,0.34886025768087214,0.9943502824858758,0.21153846153846154,1.0,176,1,656,278,0,0.9506840613388328,0.950716570585336
0.3907388789425126,0.3504950495049505,0.9943820224719101,0.2127403846153846,1.0,177,1,655,278,0,0.9506840613388328,0.950716570585336
0.39066090533928144,0.35212660731948564,0.994413407821229,0.21394230769230768,1.0,178,1,654,278,0,0.9506840613388328,0.950716570585336
0.39034557736747655,0.35375494071146246,0.9944444444444445,0.21514423076923078,1.0,179,1,653,278,0,0.9506840613388328,0.950716570585336
0.3897854899864034,0.35538005923000987,0.994475138121547,0.21634615384615385,1.0,180,1,652,278,0,0.9506840613388328,0.950716570585336
0.3887537513087765,0.35700197238658776,0.9945054945054945,0.21754807692307693,1.0,181,1,651,278,0,0.9506840613388328,0.950716570585336
0.3883282960706632,0.3586206896551724,0.994535519125683,0.21875,1.0,182,1,650,278,0,0.9506840613388328,0.950716570585336
0.38732964025629957,0.36023622047244097,0.9945652173913043,0.21995192307692307,1.0,183,1,649,278,0,0.9506840613388328,0.950716570585336
0.38690718674389213,0.36184857423795475,0.9945945945945946,0.22115384615384615,1.0,184,1,648,278,0,0.9506840613388328,0.950716570585336
0.3868220187487964,0.36345776031434185,0.9946236559139785,0.22235576923076922,1.0,185,1,647,278,0,0.9506840613388328,0.950716570585336
0.3854861686442186,0.3650637880274779,0.9946524064171123,0.22355769230769232,1.0,186,1,646,278,0,0.9506840613388328,0.950716570585336
0.3846750453584442,0.36666666666666664,0.9946808510638298,0.2247596153846154,1.0,187,1,645,278,0,0.9506840613388328,0.950716570585336
0.3846602012186793,0.3682664054848188,0.9947089947089947,0.22596153846153846,1.0,188,1,644,278,0,0.9506840613388328,0.950716570585336
0.384641867031994,0.3698630136986301,0.9947368421052631,0.22716346153846154,1.0,189,1,643,278,0,0.9506840613388328,0.950716570585336
0.38457236654714255,0.37145650048875856,0.9947643979057592,0.2283653846153846,1.0,190,1,642,278,0,0.9506840613388328,0.950716570585336
0.3845705024702515,0.373046875,0.9947916666666666,0.22956730769230768,1.0,191,1,641,278,0,0.9506840613388328,0.950716570585336
0.3839214535951312,0.3746341463414634,0.9948186528497409,0.23076923076923078,1.0,192,1,640,278,0,0.9506840613388328,0.950716570585336
0.38289316420805264,0.3762183235867446,0.9948453608247423,0.23197115384615385,1.0,193,1,639,278,0,0.9506840613388328,0.950716570585336
0.3827087527204174,0.3777994157740993,0.9948717948717949,0.23317307692307693,1.0,194,1,638,278,0,0.9506840613388328,0.950716570585336
0.38083485621083935,0.37937743190661477,0.9948979591836735,0.234375,1.0,195,1,637,278,0,0.9506840613388328,0.950716570585336
0.3808068805800756,0.38095238095238093,0.9949238578680203,0.23557692307692307,1.0,196,1,636,278,0,0.9506840613388328,0.950716570585336
0.3806845757837489,0.3825242718446602,0.9949494949494949,0.23677884615384615,1.0,197,1,635,278,0,0.9506840613388328,0.950716570585336
0.380676037771257,0.38409311348205627,0.9949748743718593,0.23798076923076922,1.0,198,1,634,278,0,0.9506840613388328,0.950716570585336
0.3800545620940172,0.3856589147286822,0.995,0.23918269230769232,1.0,199,1,633,278,0,0.9506840613388328,0.950716570585336
0.3800036999995837,0.3872216844143272,0.9950248756218906,0.2403846153846154,1.0,200,1,632,278,0,0.9506840613388328,0.950716570585336
0.3782373076809834,0.38878143133462284,0.995049504950495,0.24158653846153846,1.0,201,1,631,278,0,0.9506840613388328,0.950716570585336
0.3775112594693849,0.3903381642512077,0.9950738916256158,0.24278846153846154,1.0,202,1,630,278,0,0.9506840613388328,0.950716570585336
0.3773666095530587,0.3918918918918919,0.9950980392156863,0.2439903846153846,1.0,203,1,629,278,0,0.9506840613388328,0.950716570585336
0.37718990977376454,0.39344262295081966,0.9951219512195122,0.24519230769230768,1.0,204,1,628,278,0,0.9506840613388328,0.950716570585336
0.3768408636502045,0.394990366088632,0.9951456310679612,0.24639423076923078,1.0,205,1,627,278,0,0.9506840613388328,0.950716570585336
0.37646727010893444,0.3965351299326275,0.9951690821256038,0.24759615384615385,1.0,206,1,626,278,0,0.9506840613388328,0.950716570585336
0.37636634739022756,0.39807692307692305,0.9951923076923077,0.24879807692307693,1.0,207,1,625,278,0,0.9506840613388328,0.950716570585336
0.3762829291739138,0.39961575408261285,0.9952153110047847,0.25,1.0,208,1,624,278,0,0.9506840613388328,0.950716570585336
0.37456499464330917,0.40115163147792704,0.9952380952380953,0.2512019230769231,1.0,209,1,623,278,0,0.9506840613388328,0.950716570585336
0.3733371978562706,0.40268456375838924,0.995260663507109,0.25240384615384615,1.0,210,1,622,278,0,0.9506840613388328,0.950716570585336
0.37305115158854407,0.4042145593869732,0.9952830188679245,0.2536057692307692,1.0,211,1,621,278,0,0.9506840613388328,0.950716570585336
0.3729743991830041,0.40574162679425835,0.9953051643192489,0.2548076923076923,1.0,212,1,620,278,0,0.9506840613388328,0.950716570585336
0.3728875458191634,0.4072657743785851,0.9953271028037384,0.25600961538461536,1.0,213,1,619,278,0,0.9506840613388328,0.950716570585336
0.37264382902225157,0.4087870105062082,0.9953488372093023,0.25721153846153844,1.0,214,1,618,278,0,0.9506840613388328,0.950716570585336
0.3726271407121562,0.41030534351145037,0.9953703703703703,0.25841346153846156,1.0,215,1,617,278,0,0.9506840613388328,0.950716570585336
0.37230340028881825,0.41182078169685415,0.9953917050691244,0.25961538461538464,1.0,216,1,616,278,0,0.9506840613388328,0.950716570585336
0.37221730268354836,0.41333333333333333,0.9954128440366973,0.2608173076923077,1.0,217,1,615,278,0,0.9506840613388328,0.950716570585336
0.3708951914454266,0.4148430066603235,0.9954337899543378,0.2620192307692308,1.0,218,1,614,278,0,0.9506840613388328,0.950716570585336
0.37078526979002563,0.41634980988593157,0.9954545454545455,0.26322115384615385,1.0,219,1,613,278,0,0.9506840613388328,0.950716570585336
0.3695745153136869,0.4178537511870845,0.995475113122172,0.2644230769230769,1.0,220,1,612,278,0,0.9506840613388328,0.950716570585336
0.369434666231799,0.41935483870967744,0.9954954954954955,0.265625,1.0,221,1,611,278,0,0.9506840613388328,0.950716570585336
0.3690622332636495,0.4208530805687204,0.9955156950672646,0.2668269230769231,1.0,222,1,610,278,0,0.9506840613388328,0.950716570585336
0.3683273050063177,0.42234848484848486,0.9955357142857143,0.26802884615384615,1.0,223,1,609,278,0,0.9506840613388328,0.950716570585336
0.3679347306121774,0.423841059602649,0.9955555555555555,0.2692307692307692,1.0,224,1,608,278,0,0.9506840613388328,0.950716570585336
0.36742592823086284,0.42533081285444235,0.995575221238938,0.2704326923076923,1.0,225,1,607,278,0,0.9506840613388328,0.950716570585336
0.3672715579306267,0.42681775259678945,0.9955947136563876,0.27163461538461536,1.0,226,1,606,278,0,0.9506840613388328,0.950716570585336
0.3670571594140034,0.42830188679245285,0.9956140350877193,0.27283653846153844,1.0,227,1,605,278,0,0.9506840613388328,0.950716570585336
0.3666181759976389,0.4297832233741753,0.9956331877729258,0.27403846153846156,1.0,228,1,604,278,0,0.9506840613388328,0.950716570585336
0.36620602058677754,0.4312617702448211,0.9956521739130435,0.27524038461538464,1.0,229,1,603,278,0,0.9506840613388328,0.950716570585336
0.36586564158519275,0.43273753527751646,0.9956709956709957,0.2764423076923077,1.0,230,1,602,278,0,0.9506840613388328,0.950716570585336
0.3653540634394621,0.4342105263157895,0.9956896551724138,0.2776442307692308,1.0,231,1,601,278,0,0.9506840613388328,0.950716570585336
0.36481392246092215,0.4356807511737089,0.9957081545064378,0.27884615384615385,1.0,232,1,600,278,0,0.9506840613388328,0.950716570585336
0.3645643878413458,0.4371482176360225,0.9957264957264957,0.2800480769230769,1.0,233,1,599,278,0,0.9506840613388328,0.950716570585336
0.36352919344777457,0.4386129334582943,0.9957446808510638,0.28125,1.0,234,1,598,278,0,0.9506840613388328,0.950716570585336
0.3631107817163056,0.4400749063670412,0.9957627118644068,0.2824519230769231,1.0,235,1,597,278,0,0.9506840613388328,0.950716570585336
0.36169637487457884,0.441534144059869,0.9957805907172996,0.28365384615384615,1.0,236,1,596,278,0,0.9506840613388328,0.950716570585336
0.3604849075548505,0.44299065420560746,0.9957983193277311,0.2848557692307692,1.0,237,1,595,278,0,0.9506840613388328,0.950716570585336
0.3603767019109595,0.4444444444444444,0.99581589958159,0.2860576923076923,1.0,238,1,594,278,0,0.9506840613388328,0.950716570585336
0.36026777005500576,0.4458955223880597,0.9958333333333333,0.28725961538461536,1.0,239,1,593,278,0,0.9506840613388328,0.950716570585336
0.3597421445118133,0.4473438956197577,0.995850622406639,0.28846153846153844,1.0,240,1,592,278,0,0.9506840613388328,0.950716570585336
0.35938038994181754,0.44878957169459965,0.9958677685950413,0.28966346153846156,1.0,241,1,591,278,0,0.9506840613388328,0.950716570585336
0.3587228977822893,0.4502325581395349,0.9958847736625515,0.29086538461538464,1.0,242,1,590,278,0,0.9506840613388328,0.950716570585336
0.3586491647756621,0.4516728624535316,0.9959016393442623,0.2920673076923077,1.0,243,1,589,278,0,0.9506840613388328,0.950716570585336
0.35845992192939535,0.4531104921077066,0.9959183673469387,0.2932692307692308,1.0,244,1,588,278,0,0.9506840613388328,0.950716570585336
0.3582475092454067,0.45454545454545453,0.9959349593495935,0.29447115384615385,1.0,245,1,587,278,0,0.9506840613388328,0.950716570585336
0.3578479299422215,0.45597775718257644,0.9959514170040485,0.2956730769230769,1.0,246,1,586,278,0,0.9506840613388328,0.950716570585336
0.35744672919366405,0.45740740740740743,0.9959677419354839,0.296875,1.0,247,1,585,278,0,0.9506840613388328,0.950716570585336
0.3572475789776999,0.4588344125809436,0.9959839357429718,0.2980769230769231,1.0,248,1,584,278,0,0.9506840613388328,0.950716570585336
0.3570397675572713,0.4602587800369686,0.996,0.29927884615384615,1.0,249,1,583,278,0,0.9506840613388328,0.950716570585336
0.3569848147696356,0.4616805170821791,0.9960159362549801,0.3004807692307692,1.0,250,1,582,278,0,0.9506840613388328,0.950716570585336
0.3551865823517363,0.46309963099630996,0.996031746031746,0.3016826923076923,1.0,251,1,581,278,0,0.9506840613388328,0.950716570585336
0.35447076234420216,0.4645161290322581,0.9960474308300395,0.30288461538461536,1.0,252,1,580,278,0,0.9506840613388328,0.950716570585336
0.35438446721154837,0.46593001841620624,0.9960629921259843,0.30408653846153844,1.0,253,1,579,278,0,0.9506840613388328,0.950716570585336
0.35371288786839983,0.46734130634774607,0.996078431372549,0.30528846153846156,1.0,254,1,578,278,0,0.9506840613388328,0.950716570585336
0.35326778339456766,0.46875,0.99609375,0.30649038461538464,1.0,255,1,577,278,0,0.9506840613388328,0.950716570585336
0.3527081834490883,0.4701561065197429,0.9961089494163424,0.3076923076923077,1.0,256,1,576,278,0,0.9506840613388328,0.950716570585336
0.3526682606745386,0.47155963302752296,0.9961240310077519,0.3088942307692308,1.0,257,1,575,278,0,0.9506840613388328,0.950716570585336
0.35231081866221403,0.47296058661778184,0.9961389961389961,0.31009615384615385,1.0,258,1,574,278,0,0.9506840613388328,0.950716570585336
0.3522064497159074,0.47435897435897434,0.9961538461538462,0.3112980769230769,1.0,259,1,573,278,0,0.9506840613388328,0.950716570585336
0.3514491179733268,0.4757548032936871,0.9961685823754789,0.3125,1.0,260,1,572,278,0,0.9506840613388328,0.950716570585336
0.3511018782733596,0.47714808043875684,0.9961832061068703,0.3137019230769231,1.0,261,1,571,278,0,0.9506840613388328,0.950716570585336
0.3504076706354129,0.4785388127853881,0.9961977186311787,0.31490384615384615,1.0,262,1,570,278,0,0.9506840613388328,0.950716570585336
0.3492448998608425,0.47992700729927007,0.9962121212121212,0.3161057692307692,1.0,263,1,569,278,0,0.9506840613388328,0.950716570585336
0.34731621593152084,0.4813126709206928,0.9962264150943396,0.3173076923076923,1.0,264,1,568,278,0,0.9506840613388328,0.950716570585336
0.3472701430908207,0.48269581056466304,0.9962406015037594,0.31850961538461536,1.0,265,1,567,278,0,0.9506840613388328,0.950716570585336
0.34698484088374737,0.4840764331210191,0.9962546816479401,0.31971153846153844,1.0,266,1,566,278,0,0.9506840613388328,0.950716570585336
0.34656861216911383,0.48545454545454547,0.996268656716418,0.32091346153846156,1.0,267,1,565,278,0,0.9506840613388328,0.950716570585336
0.34591324293621795,0.4868301544050863,0.9962825278810409,0.32211538461538464,1.0,268,1,564,278,0,0.9506840613388328,0.950716570585336
0.34582874332331404,0.4882032667876588,0.9962962962962963,0.3233173076923077,1.0,269,1,563,278,0,0.9506840613388328,0.950716570585336
0.3455905347120555,0.48957388939256574,0.996309963099631,0.3245192307692308,1.0,270,1,562,278,0,0.9506840613388328,0.950716570585336
0.34480405346908105,0.49094202898550726,0.9963235294117647,0.32572115384615385,1.0,271,1,561,278,0,0.9506840613388328,0.950716570585336
0.34404793791261434,0.49230769230769234,0.9963369963369964,0.3269230769230769,1.0,272,1,560,278,0,0.9506840613388328,0.950716570585336
0.3438946592132216,0.4936708860759494,0.9963503649635036,0.328125,1.0,273,1,559,278,0,0.9506840613388328,0.950716570585336
0.34328370550126874,0.4950316169828365,0.9963636363636363,0.3293269230769231,1.0,274,1,558,278,0,0.9506840613388328,0.950716570585336
0.34250110199021155,0.4963898916967509,0.9963768115942029,0.33052884615384615,1.0,275,1,557,278,0,0.9506840613388328,0.950716570585336
0.3423653444165562,0.4977457168620379,0.9963898916967509,0.3317307692307692,1.0,276,1,556,278,0,0.9506840613388328,0.950716570585336
0.34220602794689514,0.4990990990990991,0.9964028776978417,0.3329326923076923,1.0,277,1,555,278,0,0.9506840613388328,0.950716570585336
0.3421403681066779,0.5004500450045004,0.996415770609319,0.33413461538461536,1.0,278,1,554,278,0,0.9506840613388328,0.950716570585336
0.3417813242349723,0.5017985611510791,0.9964285714285714,0.33533653846153844,1.0,279,1,553,278,0,0.9506840613388328,0.950716570585336
0.3405031634908222,0.5031446540880503,0.99644128113879,0.33653846153846156,1.0,280,1,552,278,0,0.9506840613388328,0.950716570585336
0.34028651360434437,0.5044883303411131,0.9964539007092199,0.33774038461538464,1.0,281,1,551,278,0,0.9506840613388328,0.950716570585336
0.3400052256875372,0.5058295964125561,0.9964664310954063,0.3389423076923077,1.0,282,1,550,278,0,0.9506840613388328,0.950716570585336
0.33994455365785914,0.507168458781362,0.9964788732394366,0.3401442307692308,1.0,283,1,549,278,0,0.9506840613388328,0.950716570585336
0.33976520029426105,0.5085049239033125,0.9964912280701754,0.34134615384615385,1.0,284,1,548,278,0,0.9506840613388328,0.950716570585336
0.3395608542220111,0.5098389982110912,0.9965034965034965,0.3425480769230769,1.0,285,1,547,278,0,0.9506840613388328,0.950716570585336
0.3391329649527375,0.5111706881143878,0.9965156794425087,0.34375,1.0,286,1,546,278,0,0.9506840613388328,0.950716570585336
0.3389889499314469,0.5125,0.9965277777777778,0.3449519230769231,1.0,287,1,545,278,0,0.9506840613388328,0.950716570585336
0.3376359235880687,0.5138269402319358,0.9965397923875432,0.34615384615384615,1.0,288,1,544,278,0,0.9506840613388328,0.950716570585336
0.337429757587164,0.5151515151515151,0.996551724137931,0.3473557692307692,1.0,289,1,543,278,0,0.9506840613388328,0.950716570585336
0.3364015621207913,0.5164737310774711,0.9965635738831615,0.3485576923076923,1.0,290,1,542,278,0,0.9506840613388328,0.950716570585336
0.33574754378208405,0.5177935943060499,0.9965753424657534,0.34975961538461536,1.0,291,1,541,278,0,0.9506840613388328,0.950716570585336
0.3348151840363983,0.5191111111111111,0.9965870307167235,0.35096153846153844,1.0,292,1,540,278,0,0.9506840613388328,0.950716570585336
0.3347147297133264,0.5204262877442274,0.9965986394557823,0.35216346153846156,1.0,293,1,539,278,0,0.9506840613388328,0.950716570585336
0.3346325225949147,0.5217391304347826,0.9966101694915255,0.35336538461538464,1.0,294,1,538,278,0,0.9506840613388328,0.950716570585336
0.33339324043589535,0.5230496453900709,0.9966216216216216,0.3545673076923077,1.0,295,1,537,278,0,0.9506840613388328,0.950716570585336
0.3331623823834109,0.5243578387953941,0.9966329966329966,0.3557692307692308,1.0,296,1,536,278,0,0.9506840613388328,0.950716570585336
0.3320310973151366,0.5256637168141592,0.9966442953020134,0.35697115384615385,1.0,297,1,535,278,0,0.9506840613388328,0.950716570585336
0.3314925739214881,0.5269672855879752,0.9966555183946488,0.3581730769230769,1.0,298,1,534,278,0,0.9506840613388328,0.950716570585336
0.33128434907892845,0.5282685512367491,0.9966666666666667,0.359375,1.0,299,1,533,278,0,0.9506840613388328,0.950716570585336
0.3311644379424098,0.529567519858782,0.9966777408637874,0.3605769230769231,1.0,300,1,532,278,0,0.9506840613388328,0.950716570585336
0.3301287039633498,0.5308641975308642,0.9966887417218543,0.36177884615384615,1.0,301,1,531,278,0,0.9506840613388328,0.950716570585336
0.3298238932465021,0.5321585903083701,0.9966996699669967,0.3629807692307692,1.0,302,1,530,278,0,0.9506840613388328,0.950716570585336
0.32980051824949225,0.5334507042253521,0.9967105263157895,0.3641826923076923,1.0,303,1,529,278,0,0.9506840613388328,0.950716570585336
0.32929670903384656,0.534740545294635,0.9967213114754099,0.36538461538461536,1.0,304,1,528,278,0,0.9506840613388328,0.950716570585336
0.3289536606934842,0.5360281195079086,0.9967320261437909,0.36658653846153844,1.0,305,1,527,278,0,0.9506840613388328,0.950716570585336
0.3283996302544304,0.5373134328358209,0.996742671009772,0.36778846153846156,1.0,306,1,526,278,0,0.9506840613388328,0.950716570585336
0.3283630589297889,0.5385964912280702,0.9967532467532467,0.36899038461538464,1.0,307,1,525,278,0,0.9506840613388328,0.950716570585336
0.3271749075440805,0.5398773006134969,0.9967637540453075,0.3701923076923077,1.0,308,1,524,278,0,0.9506840613388328,0.950716570585336
0.32695545184224983,0.5411558669001751,0.9967741935483871,0.3713942307692308,1.0,309,1,523,278,0,0.9506840613388328,0.950716570585336
0.32655379596046163,0.5424321959755031,0.9967845659163987,0.37259615384615385,1.0,310,1,522,278,0,0.9506840613388328,0.950716570585336
0.3258956345256808,0.5437062937062938,0.9967948717948718,0.3737980769230769,1.0,311,1,521,278,0,0.9506840613388328,0.950716570585336
0.3257537132480507,0.5449781659388646,0.9968051118210862,0.375,1.0,312,1,520,278,0,0.9506840613388328,0.950716570585336
0.32550122231391765,0.5462478184991274,0.9968152866242038,0.3762019230769231,1.0,313,1,519,278,0,0.9506840613388328,0.950716570585336
0.32352460066572697,0.5475152571926766,0.9968253968253968,0.37740384615384615,1.0,314,1,518,278,0,0.9506840613388328,0.950716570585336
0.32351549784198896,0.5487804878048781,0.9968354430379747,0.3786057692307692,1.0,315,1,517,278,0,0.9506840613388328,0.950716570585336
0.32323557749818144,0.5500435161009574,0.9968454258675079,0.3798076923076923,1.0,316,1,516,278,0,0.9506840613388328,0.950716570585336
0.3224468451010525,0.551304347826087,0.9968553459119497,0.38100961538461536,1.0,317,1,515,278,0,0.9506840613388328,0.950716570585336
0.32206184567995255,0.5525629887054735,0.9968652037617555,0.38221153846153844,1.0,318,1,514,278,0,0.9506840613388328,0.950716570585336
0.3203510648346307,0.5538194444444444,0.996875,0.38341346153846156,1.0,319,1,513,278,0,0.9506840613388328,0.950716570585336
0.32034730412867285,0.5550737207285342,0.9968847352024922,0.38461538461538464,1.0,320,1,512,278,0,0.9506840613388328,0.950716570585336
0.31944085289030566,0.5563258232235702,0.9968944099378882,0.3858173076923077,1.0,321,1,511,278,0,0.9506840613388328,0.950716570585336
0.3193686316314228,0.5575757575757576,0.9969040247678018,0.3870192307692308,1.0,322,1,510,278,0,0.9506840613388328,0.950716570585336
0.31796643672010483,0.5588235294117647,0.9969135802469136,0.38822115384615385,1.0,323,1,509,278,0,0.9506840613388328,0.950716570585336
0.3177651076355641,0.5600691443388073,0.9969230769230769,0.3894230769230769,1.0,324,1,508,278,0,0.9506840613388328,0.950716570585336
0.3170910432271552,0.5613126079447323,0.9969325153374233,0.390625,1.0,325,1,507,278,0,0.9506840613388328,0.950716570585336
0.31670790421489503,0.5625539257981018,0.9969418960244648,0.3918269230769231,1.0,326,1,506,278,0,0.9506840613388328,0.950716570585336
0.31633556081772485,0.5637931034482758,0.9969512195121951,0.39302884615384615,1.0,327,1,505,278,0,0.9506840613388328,0.950716570585336
0.31376022114172364,0.5650301464254953,0.9969604863221885,0.3942307692307692,1.0,328,1,504,278,0,0.9506840613388328,0.950716570585336
0.31296599467554254,0.5662650602409639,0.996969696969697,0.3954326923076923,1.0,329,1,503,278,0,0.9506840613388328,0.950716570585336
0.3128777938974061,0.5674978503869303,0.9969788519637462,0.39663461538461536,1.0,330,1,502,278,0,0.9506840613388328,0.950716570585336
0.3128404375772236,0.5687285223367697,0.9969879518072289,0.39783653846153844,1.0,331,1,501,278,0,0.9506840613388328,0.950716570585336
0.3128050084802052,0.5699570815450644,0.996996996996997,0.39903846153846156,1.0,332,1,500,278,0,0.9506840613388328,0.950716570585336
0.3127389549327916,0.5711835334476844,0.9970059880239521,0.40024038461538464,1.0,333,1,499,278,0,0.9506840613388328,0.950716570585336
0.3120947090269104,0.572407883461868,0.9970149253731343,0.4014423076923077,1.0,334,1,498,278,0,0.9506840613388328,0.950716570585336
0.3109653003211357,0.5736301369863014,0.9970238095238095,0.4026442307692308,1.0,335,1,497,278,0,0.9506840613388328,0.950716570585336
0.310923478277526,0.5748502994011976,0.9970326409495549,0.40384615384615385,1.0,336,1,496,278,0,0.9506840613388328,0.950716570585336
0.30976458399238305,0.576068376068376,0.9970414201183432,0.4050480769230769,1.0,337,1,495,278,0,0.9506840613388328,0.950716570585336
0.30944840582439703,0.5772843723313408,0.9970501474926253,0.40625,1.0,338,1,494,278,0,0.9506840613388328,0.950716570585336
0.30887447114933564,0.5784982935153583,0.9970588235294118,0.4074519230769231,1.0,339,1,493,278,0,0.9506840613388328,0.950716570585336
0.30812007244148565,0.5797101449275363,0.9970674486803519,0.40865384615384615,1.0,340,1,492,278,0,0.9506840613388328,0.950716570585336
0.3079923391414855,0.5809199318568995,0.9970760233918129,0.4098557692307692,1.0,341,1,491,278,0,0.9506840613388328,0.950716570585336
0.3077268111892142,0.5821276595744681,0.9970845481049563,0.4110576923076923,1.0,342,1,490,278,0,0.9506840613388328,0.950716570585336
0.3070810018832316,0.5833333333333334,0.997093023255814,0.41225961538461536,1.0,343,1,489,278,0,0.9506840613388328,0.950716570585336
0.3070546499771578,0.5845369583687341,0.9971014492753624,0.41346153846153844,1.0,344,1,488,278,0,0.9506840613388328,0.950716570585336
0.3069051867423145,0.5857385398981324,0.9971098265895953,0.41466346153846156,1.0,345,1,487,278,0,0.9506840613388328,0.950716570585336
0.306818475900803,0.5869380831212893,0.9971181556195965,0.41586538461538464,1.0,346,1,486,278,0,0.9506840613388328,0.950716570585336
0.30595881714526274,0.588135593220339,0.9971264367816092,0.4170673076923077,1.0,347,1,485,278,0,0.9506840613388328,0.950716570585336
0.3052479959946941,0.5893310753598645,0.997134670487106,0.4182692307692308,1.0,348,1,484,278,0,0.9506840613388328,0.950716570585336
0.30477200947560257,0.5905245346869712,0.9971428571428571,0.41947115384615385,1.0,349,1,483,278,0,0.9506840613388328,0.950716570585336
0.3033205311769307,0.591715976331361,0.9971509971509972,0.4206730769230769,1.0,350,1,482,278,0,0.9506840613388328,0.950716570585336
0.30278076621499816,0.5929054054054054,0.9971590909090909,0.421875,1.0,351,1,481,278,0,0.9506840613388328,0.950716570585336
0.3026869502152554,0.5940928270042194,0.9971671388101983,0.4230769230769231,1.0,352,1,480,278,0,0.9506840613388328,0.950716570585336
0.30235060644215556,0.5952782462057336,0.9971751412429378,0.42427884615384615,1.0,353,1,479,278,0,0.9506840613388328,0.950716570585336
0.3020518950844727,0.5964616680707666,0.9971830985915493,0.4254807692307692,1.0,354,1,478,278,0,0.9506840613388328,0.950716570585336
0.3018040351761735,0.5976430976430976,0.9971910112359551,0.4266826923076923,1.0,355,1,477,278,0,0.9506840613388328,0.950716570585336
0.30161304434790026,0.5988225399495374,0.9971988795518207,0.42788461538461536,1.0,356,1,476,278,0,0.9506840613388328,0.950716570585336
0.30104260878121636,0.6,0.9972067039106145,0.42908653846153844,1.0,357,1,475,278,0,0.9506840613388328,0.950716570585336
0.30013548019313174,0.6011754827875735,0.9972144846796658,0.43028846153846156,1.0,358,1,474,278,0,0.9506840613388328,0.950716570585336
0.29981724485907746,0.6023489932885906,0.9972222222222222,0.43149038461538464,1.0,359,1,473,278,0,0.9506840613388328,0.950716570585336
0.2986963627684902,0.6035205364626991,0.997229916897507,0.4326923076923077,1.0,360,1,472,278,0,0.9506840613388328,0.950716570585336
0.29751101365999655,0.6046901172529313,0.9972375690607734,0.4338942307692308,1.0,361,1,471,278,0,0.9506840613388328,0.950716570585336
0.2969661994609236,0.605857740585774,0.9972451790633609,0.43509615384615385,1.0,362,1,470,278,0,0.9506840613388328,0.950716570585336
0.2966118749409714,0.6070234113712375,0.9972527472527473,0.4362980769230769,1.0,363,1,469,278,0,0.9506840613388328,0.950716570585336
0.29653788356330935,0.6081871345029239,0.9972602739726028,0.4375,1.0,364,1,468,278,0,0.9506840613388328,0.950716570585336
0.29620235185045174,0.6093489148580968,0.9972677595628415,0.4387019230769231,1.0,365,1,467,278,0,0.9506840613388328,0.950716570585336
0.29609650637637075,0.6105087572977481,0.997275204359673,0.43990384615384615,1.0,366,1,466,278,0,0.9506840613388328,0.950716570585336
0.2960354889318959,0.6116666666666667,0.9972826086956522,0.4411057692307692,1.0,367,1,465,278,0,0.9506840613388328,0.950716570585336
0.2958644951639162,0.6128226477935054,0.997289972899729,0.4423076923076923,1.0,368,1,464,278,0,0.9506840613388328,0.950716570585336
0.29584618608814184,0.6139767054908486,0.9972972972972973,0.44350961538461536,1.0,369,1,463,278,0,0.9506840613388328,0.950716570585336
0.29523466844816804,0.6151288445552785,0.9973045822102425,0.44471153846153844,1.0,370,1,462,278,0,0.9506840613388328,0.950716570585336
0.294955173431128,0.6162790697674418,0.9973118279569892,0.44591346153846156,1.0,371,1,461,278,0,0.9506840613388328,0.950716570585336
0.2941647821923502,0.6174273858921162,0.9973190348525469,0.44711538461538464,1.0,372,1,460,278,0,0.9506840613388328,0.950716570585336
0.29363576143696324,0.6185737976782753,0.9973262032085561,0.4483173076923077,1.0,373,1,459,278,0,0.9506840613388328,0.950716570585336
0.2933376446938458,0.6197183098591549,0.9973333333333333,0.4495192307692308,1.0,374,1,458,278,0,0.9506840613388328,0.950716570585336
0.29330980544284113,0.6208609271523179,0.9973404255319149,0.45072115384615385,1.0,375,1,457,278,0,0.9506840613388328,0.950716570585336
0.2932539679899778,0.6220016542597188,0.9973474801061007,0.4519230769230769,1.0,376,1,456,278,0,0.9506840613388328,0.950716570585336
0.29311266852625906,0.6231404958677685,0.9973544973544973,0.453125,1.0,377,1,455,278,0,0.9506840613388328,0.950716570585336
0.29296823966154784,0.6242774566473989,0.9973614775725593,0.4543269230769231,1.0,378,1,454,278,0,0.9506840613388328,0.950716570585336
0.29231348621116315,0.6254125412541254,0.9973684210526316,0.45552884615384615,1.0,379,1,453,278,0,0.9506840613388328,0.950716570585336
0.29226912757123313,0.6265457543281121,0.9973753280839895,0.4567307692307692,1.0,380,1,452,278,0,0.9506840613388328,0.950716570585336
0.2910652926667091,0.627677100494234,0.9973821989528796,0.4579326923076923,1.0,381,1,451,278,0,0.9506840613388328,0.950716570585336
0.29085164145962294,0.6288065843621399,0.9973890339425587,0.45913461538461536,1.0,382,1,450,278,0,0.9506840613388328,0.950716570585336
0.29075800728406875,0.6299342105263158,0.9973958333333334,0.46033653846153844,1.0,383,1,449,278,0,0.9506840613388328,0.950716570585336
0.2906236976145117,0.6310599835661462,0.9974025974025974,0.46153846153846156,1.0,384,1,448,278,0,0.9506840613388328,0.950716570585336
0.2902296323327259,0.632183908045977,0.9974093264248705,0.46274038461538464,1.0,385,1,447,278,0,0.9506840613388328,0.950716570585336
0.2883259849566573,0.6333059885151764,0.9974160206718347,0.4639423076923077,1.0,386,1,446,278,0,0.9506840613388328,0.950716570585336
0.2881562809039919,0.6344262295081967,0.9974226804123711,0.4651442307692308,1.0,387,1,445,278,0,0.9506840613388328,0.950716570585336
0.2874831153902473,0.6355446355446356,0.9974293059125964,0.46634615384615385,1.0,388,1,444,278,0,0.9506840613388328,0.950716570585336
0.28738031949120824,0.6366612111292962,0.9974358974358974,0.4675480769230769,1.0,389,1,443,278,0,0.9506840613388328,0.950716570585336
0.28595815492353605,0.6377759607522485,0.9974424552429667,0.46875,1.0,390,1,442,278,0,0.9506840613388328,0.950716570585336
0.28536106184662235,0.6388888888888888,0.9974489795918368,0.4699519230769231,1.0,391,1,441,278,0,0.9506840613388328,0.950716570585336
0.28525966274694126,0.64,0.9974554707379135,0.47115384615384615,1.0,392,1,440,278,0,0.9506840613388328,0.950716570585336
0.2845692069198826,0.6411092985318108,0.9974619289340102,0.4723557692307692,1.0,393,1,439,278,0,0.9506840613388328,0.950716570585336
0.2844435509945532,0.6422167889160554,0.9974683544303797,0.4735576923076923,1.0,394,1,438,278,0,0.9506840613388328,0.950716570585336
0.28349060599598236,0.6433224755700325,0.9974747474747475,0.47475961538461536,1.0,395,1,437,278,0,0.9506840613388328,0.950716570585336
0.28300275123778196,0.644426362896664,0.9974811083123426,0.47596153846153844,1.0,396,1,436,278,0,0.9506840613388328,0.950716570585336
0.28299110908747105,0.6455284552845528,0.9974874371859297,0.47716346153846156,1.0,397,1,435,278,0,0.9506840613388328,0.950716570585336
0.2828515707008775,0.6466287571080422,0.9974937343358395,0.47836538461538464,1.0,398,1,434,278,0,0.9506840613388328,0.950716570585336
0.28283083647849366,0.6477272727272727,0.9975,0.4795673076923077,1.0,399,1,433,278,0,0.9506840613388328,0.950716570585336
0.2828201835037637,0.64882400648824,0.9975062344139651,0.4807692307692308,1.0,400,1,432,278,0,0.9506840613388328,0.950716570585336
0.28184219699549273,0.6499189627228525,0.9975124378109452,0.48197115384615385,1.0,401,1,431,278,0,0.9506840613388328,0.950716570585336
0.28171955130239856,0.6510121457489878,0.9975186104218362,0.4831730769230769,1.0,402,1,430,278,0,0.9506840613388328,0.950716570585336
0.28139382687473624,0.6521035598705501,0.9975247524752475,0.484375,1.0,403,1,429,278,0,0.9506840613388328,0.950716570585336
0.2803058995722438,0.6531932093775262,0.9975308641975309,0.4855769230769231,1.0,404,1,428,278,0,0.9506840613388328,0.950716570585336
0.27952512445425615,0.654281098546042,0.9975369458128078,0.48677884615384615,1.0,405,1,427,278,0,0.9506840613388328,0.950716570585336
0.27932000564363557,0.655367231638418,0.9975429975429976,0.4879807692307692,1.0,406,1,426,278,0,0.9506840613388328,0.950716570585336
0.27892189126874867,0.6564516129032258,0.9975490196078431,0.4891826923076923,1.0,407,1,425,278,0,0.9506840613388328,0.950716570585336
0.278386958291972,0.6575342465753424,0.9975550122249389,0.49038461538461536,1.0,408,1,424,278,0,0.9506840613388328,0.950716570585336
0.27809533970133904,0.6586151368760065,0.9975609756097561,0.49158653846153844,1.0,409,1,423,278,0,0.9506840613388328,0.950716570585336
0.277812740465494,0.6596942880128721,0.9975669099756691,0.49278846153846156,1.0,410,1,422,278,0,0.9506840613388328,0.950716570585336
0.2777269278872597,0.6607717041800643,0.9975728155339806,0.49399038461538464,1.0,411,1,421,278,0,0.9506840613388328,0.950716570585336
0.2755501408707884,0.6602409638554216,0.9951573849878934,0.49399038461538464,0.9964028776978417,411,2,421,277,1,0.9506840613388328,0.950716570585336
0.27527669778477315,0.6613162118780096,0.9951690821256038,0.4951923076923077,0.9964028776978417,412,2,420,277,1,0.9506840613388328,0.950716570585336
0.274823540670177,0.6623897353648757,0.9951807228915662,0.4963942307692308,0.9964028776978417,413,2,419,277,1,0.9506840613388328,0.950716570585336
0.27436919089142875,0.6634615384615384,0.9951923076923077,0.49759615384615385,0.9964028776978417,414,2,418,277,1,0.9506840613388328,0.950716570585336
0.27436281274052,0.6645316253002402,0.9952038369304557,0.4987980769230769,0.9964028776978417,415,2,417,277,1,0.9506840613388328,0.950716570585336
0.274203878121068,0.6656,0.9952153110047847,0.5,0.9964028776978417,416,2,416,277,1,0.9506840613388328,0.950716570585336
0.2738271821602005,0.6666666666666666,0.9952267303102625,0.5012019230769231,0.9964028776978417,417,2,415,277,1,0.9506840613388328,0.950716570585336
0.27334885929172736,0.6677316293929713,0.9952380952380953,0.5024038461538461,0.9964028776978417,418,2,414,277,1,0.9506840613388328,0.950716570585336
0.2721724385847205,0.6687948922585794,0.995249406175772,0.5036057692307693,0.9964028776978417,419,2,413,277,1,0.9506840613388328,0.950716570585336
0.2715629802596635,0.6698564593301436,0.995260663507109,0.5048076923076923,0.9964028776978417,420,2,412,277,1,0.9506840613388328,0.950716570585336
0.2711688884292489,0.6709163346613546,0.9952718676122931,0.5060096153846154,0.9964028776978417,421,2,411,277,1,0.9506840613388328,0.950716570585336
0.27076218897835247,0.6719745222929936,0.9952830188679245,0.5072115384615384,0.9964028776978417,422,2,410,277,1,0.9506840613388328,0.950716570585336
0.27012630743096855,0.6730310262529833,0.9952941176470588,0.5084134615384616,0.9964028776978417,423,2,409,277,1,0.9506840613388328,0.950716570585336
0.26982180502121067,0.6740858505564388,0.9953051643192489,0.5096153846153846,0.9964028776978417,424,2,408,277,1,0.9506840613388328,0.950716570585336
0.2690795274467064,0.6751389992057188,0.9953161592505855,0.5108173076923077,0.9964028776978417,425,2,407,277,1,0.9506840613388328,0.950716570585336
0.2689271725522948,0.6761904761904762,0.9953271028037384,0.5120192307692307,0.9964028776978417,426,2,406,277,1,0.9506840613388328,0.950716570585336
0.26799145518177625,0.6772402854877082,0.9953379953379954,0.5132211538461539,0.9964028776978417,427,2,405,277,1,0.9506840613388328,0.950716570585336
0.267918623771936,0.6782884310618067,0.9953488372093023,0.5144230769230769,0.9964028776978417,428,2,404,277,1,0.9506840613388328,0.950716570585336
0.2677236300101876,0.6793349168646081,0.9953596287703016,0.515625,0.9964028776978417,429,2,403,277,1,0.9506840613388328,0.950716570585336
0.2671115966412867,0.680379746835443,0.9953703703703703,0.5168269230769231,0.9964028776978417,430,2,402,277,1,0.9506840613388328,0.950716570585336
0.2664898926605135,0.6814229249011857,0.9953810623556582,0.5180288461538461,0.9964028776978417,431,2,401,277,1,0.9506840613388328,0.950716570585336
0.26634232677309877,0.6824644549763034,0.9953917050691244,0.5192307692307693,0.9964028776978417,432,2,400,277,1,0.9506840613388328,0.950716570585336
0.26571695819724483,0.6835043409629045,0.9954022988505747,0.5204326923076923,0.9964028776978417,433,2,399,277,1,0.9506840613388328,0.950716570585336
0.26562334670051924,0.6845425867507886,0.9954128440366973,0.5216346153846154,0.9964028776978417,434,2,398,277,1,0.9506840613388328,0.950716570585336
0.26555980967781967,0.6855791962174941,0.9954233409610984,0.5228365384615384,0.9964028776978417,435,2,397,277,1,0.9506840613388328,0.950716570585336
0.2654187731941927,0.6866141732283465,0.9954337899543378,0.5240384615384616,0.9964028776978417,436,2,396,277,1,0.9506840613388328,0.950716570585336
0.26500328490563274,0.6876475216365067,0.9954441913439636,0.5252403846153846,0.9964028776978417,437,2,395,277,1,0.9506840613388328,0.950716570585336
0.2643424792853143,0.6886792452830188,0.9954545454545455,0.5264423076923077,0.9964028776978417,438,2,394,277,1,0.9506840613388328,0.950716570585336
0.26351863391146313,0.6897093479968578,0.9954648526077098,0.5276442307692307,0.9964028776978417,439,2,393,277,1,0.9506840613388328,0.950716570585336
0.26112058761121915,0.6907378335949764,0.995475113122172,0.5288461538461539,0.9964028776978417,440,2,392,277,1,0.9506840613388328,0.950716570585336
0.2600849590697345,0.691764705882353,0.9954853273137697,0.5300480769230769,0.9964028776978417,441,2,391,277,1,0.9506840613388328,0.950716570585336
0.25989703199095493,0.6912225705329154,0.9932432432432432,0.5300480769230769,0.9928057553956835,441,3,391,276,2,0.9506840613388328,0.950716570585336
0.25967141204289856,0.692247454972592,0.9932584269662922,0.53125,0.9928057553956835,442,3,390,276,2,0.9506840613388328,0.950716570585336
0.2594933295331532,0.6932707355242567,0.9932735426008968,0.5324519230769231,0.9928057553956835,443,3,389,276,2,0.9506840613388328,0.950716570585336
0.2594648534197369,0.6942924159499609,0.9932885906040269,0.5336538461538461,0.9928057553956835,444,3,388,276,2,0.9506840613388328,0.950716570585336
0.25873574153036505,0.6953125,0.9933035714285714,0.5348557692307693,0.9928057553956835,445,3,387,276,2,0.9506840613388328,0.950716570585336
0.25824375530670984,0.6963309914129586,0.9933184855233853,0.5360576923076923,0.9928057553956835,446,3,386,276,2,0.9506840613388328,0.950716570585336
0.2567245004548242,0.6973478939157566,0.9933333333333333,0.5372596153846154,0.9928057553956835,447,3,385,276,2,0.9506840613388328,0.950716570585336
0.25643080075274116,0.6983632112236945,0.9933481152993349,0.5384615384615384,0.9928057553956835,448,3,384,276,2,0.9506840613388328,0.950716570585336
0.2557036282633761,0.6978193146417445,0.9911504424778761,0.5384615384615384,0.9892086330935251,448,4,384,275,3,0.9506840613388328,0.950716570585336
0.2554973746555349,0.6988326848249027,0.9911699779249448,0.5396634615384616,0.9892086330935251,449,4,383,275,3,0.9506840613388328,0.950716570585336
0.2541181269018823,0.6998444790046656,0.9911894273127754,0.5408653846153846,0.9892086330935251,450,4,382,275,3,0.9506840613388328,0.950716570585336
0.25304827666379914,0.7008547008547008,0.9912087912087912,0.5420673076923077,0.9892086330935251,451,4,381,275,3,0.9506840613388328,0.950716570585336
0.25280275522638507,0.7018633540372671,0.9912280701754386,0.5432692307692307,0.9892086330935251,452,4,380,275,3,0.9506840613388328,0.950716570585336
0.25277666336128535,0.7028704422032583,0.9912472647702407,0.5444711538461539,0.9892086330935251,453,4,379,275,3,0.9506840613388328,0.950716570585336
0.2526346854610526,0.703875968992248,0.9912663755458515,0.5456730769230769,0.9892086330935251,454,4,378,275,3,0.9506840613388328,0.950716570585336
0.25202090986635783,0.7048799380325329,0.9912854030501089,0.546875,0.9892086330935251,455,4,377,275,3,0.9506840613388328,0.950716570585336
0.251652182601106,0.7058823529411765,0.991304347826087,0.5480769230769231,0.9892086330935251,456,4,376,275,3,0.9506840613388328,0.950716570585336
0.25104493545570716,0.7068832173240526,0.9913232104121475,0.5492788461538461,0.9892086330935251,457,4,375,275,3,0.9506840613388328,0.950716570585336
0.25099728478551087,0.7078825347758887,0.9913419913419913,0.5504807692307693,0.9892086330935251,458,4,374,275,3,0.9506840613388328,0.950716570585336
0.25097682730419446,0.7088803088803088,0.9913606911447084,0.5516826923076923,0.9892086330935251,459,4,373,275,3,0.9506840613388328,0.950716570585336
0.25075662040245306,0.7098765432098766,0.9913793103448276,0.5528846153846154,0.9892086330935251,460,4,372,275,3,0.9506840613388328,0.950716570585336
0.25054915530487,0.7108712413261372,0.9913978494623656,0.5540865384615384,0.9892086330935251,461,4,371,275,3,0.9506840613388328,0.950716570585336
0.25012346661036644,0.711864406779661,0.9914163090128756,0.5552884615384616,0.9892086330935251,462,4,370,275,3,0.9506840613388328,0.950716570585336
0.2496751723466808,0.7128560431100847,0.9914346895074947,0.5564903846153846,0.9892086330935251,463,4,369,275,3,0.9506840613388328,0.950716570585336
0.2486812411956154,0.7138461538461538,0.9914529914529915,0.5576923076923077,0.9892086330935251,464,4,368,275,3,0.9506840613388328,0.950716570585336
0.24704813246804103,0.7148347425057648,0.9914712153518124,0.5588942307692307,0.9892086330935251,465,4,367,275,3,0.9506840613388328,0.950716570585336
0.24686165775669067,0.7158218125960062,0.9914893617021276,0.5600961538461539,0.9892086330935251,466,4,366,275,3,0.9506840613388328,0.950716570585336
0.24652413320931188,0.7168073676132003,0.9915074309978769,0.5612980769230769,0.9892086330935251,467,4,365,275,3,0.9506840613388328,0.950716570585336
0.24635946169016798,0.7177914110429447,0.9915254237288136,0.5625,0.9892086330935251,468,4,364,275,3,0.9506840613388328,0.950716570585336
0.24618039500822841,0.7187739463601532,0.9915433403805497,0.5637019230769231,0.9892086330935251,469,4,363,275,3,0.9506840613388328,0.950716570585336
0.2459134154965379,0.7197549770290965,0.9915611814345991,0.5649038461538461,0.9892086330935251,470,4,362,275,3,0.9506840613388328,0.950716570585336
0.2456525536256381,0.720734506503443,0.991578947368421,0.5661057692307693,0.9892086330935251,471,4,361,275,3,0.9506840613388328,0.950716570585336
0.24515451133145083,0.7217125382262997,0.9915966386554622,0.5673076923076923,0.9892086330935251,472,4,360,275,3,0.9506840613388328,0.950716570585336
0.24402851183727658,0.7226890756302521,0.9916142557651991,0.5685096153846154,0.9892086330935251,473,4,359,275,3,0.9506840613388328,0.950716570585336
0.2436815321487178,0.7236641221374046,0.9916317991631799,0.5697115384615384,0.9892086330935251,474,4,358,275,3,0.9506840613388328,0.950716570585336
0.2427676655222153,0.7246376811594203,0.9916492693110647,0.5709134615384616,0.9892086330935251,475,4,357,275,3,0.9506840613388328,0.950716570585336
0.24241876516369076,0.725609756097561,0.9916666666666667,0.5721153846153846,0.9892086330935251,476,4,356,275,3,0.9506840613388328,0.950716570585336
0.2419849437849949,0.7265803503427266,0.9916839916839917,0.5733173076923077,0.9892086330935251,477,4,355,275,3,0.9506840613388328,0.950716570585336
0.2415416582533031,0.7275494672754946,0.991701244813278,0.5745192307692307,0.9892086330935251,478,4,354,275,3,0.9506840613388328,0.950716570585336
0.24131596488188722,0.7285171102661597,0.9917184265010351,0.5757211538461539,0.9892086330935251,479,4,353,275,3,0.9506840613388328,0.950716570585336
0.24128978180897864,0.729483282674772,0.9917355371900827,0.5769230769230769,0.9892086330935251,480,4,352,275,3,0.9506840613388328,0.950716570585336
0.2408117898119696,0.7304479878511769,0.9917525773195877,0.578125,0.9892086330935251,481,4,351,275,3,0.9506840613388328,0.950716570585336
0.24043477804998914,0.7314112291350531,0.9917695473251029,0.5793269230769231,0.9892086330935251,482,4,350,275,3,0.9506840613388328,0.950716570585336
0.23831799163848272,0.7323730098559514,0.9917864476386037,0.5805288461538461,0.9892086330935251,483,4,349,275,3,0.9506840613388328,0.950716570585336
0.23796882983185896,0.7333333333333333,0.9918032786885246,0.5817307692307693,0.9892086330935251,484,4,348,275,3,0.9506840613388328,0.950716570585336
0.23771345996748772,0.7342922028766087,0.9918200408997955,0.5829326923076923,0.9892086330935251,485,4,347,275,3,0.9506840613388328,0.950716570585336
0.23737924195504334,0.735249621785174,0.9918367346938776,0.5841346153846154,0.9892086330935251,486,4,346,275,3,0.9506840613388328,0.950716570585336
0.23737263883702409,0.7362055933484505,0.9918533604887984,0.5853365384615384,0.9892086330935251,487,4,345,275,3,0.9506840613388328,0.950716570585336
0.23733883674426093,0.7371601208459214,0.991869918699187,0.5865384615384616,0.9892086330935251,488,4,344,275,3,0.9506840613388328,0.950716570585336
0.23683531492156884,0.7381132075471698,0.9918864097363083,0.5877403846153846,0.9892086330935251,489,4,343,275,3,0.9506840613388328,0.950716570585336
0.23657782178134024,0.7390648567119156,0.9919028340080972,0.5889423076923077,0.9892086330935251,490,4,342,275,3,0.9506840613388328,0.950716570585336
0.2357349453973464,0.7400150715900528,0.9919191919191919,0.5901442307692307,0.9892086330935251,491,4,341,275,3,0.9506840613388328,0.950716570585336
0.23557954135038905,0.7409638554216867,0.9919354838709677,0.5913461538461539,0.9892086330935251,492,4,340,275,3,0.9506840613388328,0.950716570585336
0.2352137861605217,0.7419112114371708,0.9919517102615694,0.5925480769230769,0.9892086330935251,493,4,339,275,3,0.9506840613388328,0.950716570585336
0.23477140295856147,0.7428571428571429,0.9919678714859438,0.59375,0.9892086330935251,494,4,338,275,3,0.9506840613388328,0.950716570585336
0.23454293113704638,0.743801652892562,0.9919839679358717,0.5949519230769231,0.9892086330935251,495,4,337,275,3,0.9506840613388328,0.950716570585336
0.23442609640533074,0.7447447447447447,0.992,0.5961538461538461,0.9892086330935251,496,4,336,275,3,0.9506840613388328,0.950716570585336
0.23439432091087054,0.7456864216054013,0.9920159680638723,0.5973557692307693,0.9892086330935251,497,4,335,275,3,0.9506840613388328,0.950716570585336
0.233829282545032,0.7466266866566716,0.9920318725099602,0.5985576923076923,0.9892086330935251,498,4,334,275,3,0.9506840613388328,0.950716570585336
0.2338171960313713,0.7475655430711611,0.9920477137176938,0.5997596153846154,0.9892086330935251,499,4,333,275,3,0.9506840613388328,0.950716570585336
0.23372283936633664,0.7485029940119761,0.9920634920634921,0.6009615384615384,0.9892086330935251,500,4,332,275,3,0.9506840613388328,0.950716570585336
0.23350517828447115,0.74943904263276,0.9920792079207921,0.6021634615384616,0.9892086330935251,501,4,331,275,3,0.9506840613388328,0.950716570585336
0.23346469779710244,0.750373692077728,0.9920948616600791,0.6033653846153846,0.9892086330935251,502,4,330,275,3,0.9506840613388328,0.950716570585336
0.23324170656319532,0.7513069454817027,0.9921104536489151,0.6045673076923077,0.9892086330935251,503,4,329,275,3,0.9506840613388328,0.950716570585336
0.23310479289090558,0.7522388059701492,0.9921259842519685,0.6057692307692307,0.9892086330935251,504,4,328,275,3,0.9506840613388328,0.950716570585336
0.23249071272000066,0.7531692766592095,0.9921414538310412,0.6069711538461539,0.9892086330935251,505,4,327,275,3,0.9506840613388328,0.950716570585336
0.23201461480943986,0.7540983606557377,0.9921568627450981,0.6081730769230769,0.9892086330935251,506,4,326,275,3,0.9506840613388328,0.950716570585336
0.2316410756857813,0.7550260610573343,0.9921722113502935,0.609375,0.9892086330935251,507,4,325,275,3,0.9506840613388328,0.950716570585336
0.23123814114152563,0.7559523809523809,0.9921875,0.6105769230769231,0.9892086330935251,508,4,324,275,3,0.9506840613388328,0.950716570585336
0.23123143486871478,0.7568773234200743,0.9922027290448343,0.6117788461538461,0.9892086330935251,509,4,323,275,3,0.9506840613388328,0.950716570585336
0.23094134860868687,0.7578008915304606,0.9922178988326849,0.6129807692307693,0.9892086330935251,510,4,322,275,3,0.9506840613388328,0.950716570585336
0.23088165125304394,0.7587230883444692,0.9922330097087378,0.6141826923076923,0.9892086330935251,511,4,321,275,3,0.9506840613388328,0.950716570585336
0.23064281170863177,0.7596439169139466,0.9922480620155039,0.6153846153846154,0.9892086330935251,512,4,320,275,3,0.9506840613388328,0.950716570585336
0.2301160122718291,0.7605633802816901,0.9922630560928434,0.6165865384615384,0.9892086330935251,513,4,319,275,3,0.9506840613388328,0.950716570585336
0.23007235314953633,0.7614814814814815,0.9922779922779923,0.6177884615384616,0.9892086330935251,514,4,318,275,3,0.9506840613388328,0.950716570585336
0.2297398724705254,0.7623982235381199,0.9922928709055877,0.6189903846153846,0.9892086330935251,515,4,317,275,3,0.9506840613388328,0.950716570585336
0.22935951966040646,0.7633136094674556,0.9923076923076923,0.6201923076923077,0.9892086330935251,516,4,316,275,3,0.9506840613388328,0.950716570585336
0.22902468029004253,0.7642276422764228,0.9923224568138196,0.6213942307692307,0.9892086330935251,517,4,315,275,3,0.9506840613388328,0.950716570585336
0.22886351377357939,0.7651403249630724,0.9923371647509579,0.6225961538461539,0.9892086330935251,518,4,314,275,3,0.9506840613388328,0.950716570585336
0.22873353098949845,0.7660516605166051,0.9923518164435946,0.6237980769230769,0.9892086330935251,519,4,313,275,3,0.9506840613388328,0.950716570585336
0.22866366814014416,0.7669616519174042,0.9923664122137404,0.625,0.9892086330935251,520,4,312,275,3,0.9506840613388328,0.950716570585336
0.22804608980651242,0.7678703021370671,0.9923809523809524,0.6262019230769231,0.9892086330935251,521,4,311,275,3,0.9506840613388328,0.950716570585336
0.2272263783136741,0.7687776141384389,0.9923954372623575,0.6274038461538461,0.9892086330935251,522,4,310,275,3,0.9506840613388328,0.950716570585336
0.2269537693872663,0.7696835908756439,0.9924098671726755,0.6286057692307693,0.9892086330935251,523,4,309,275,3,0.9506840613388328,0.950716570585336
0.22694021644717344,0.7705882352941177,0.9924242424242424,0.6298076923076923,0.9892086330935251,524,4,308,275,3,0.9506840613388328,0.950716570585336
0.22677832162752265,0.7714915503306392,0.9924385633270322,0.6310096153846154,0.9892086330935251,525,4,307,275,3,0.9506840613388328,0.950716570585336
0.22603334612820714,0.7723935389133627,0.9924528301886792,0.6322115384615384,0.9892086330935251,526,4,306,275,3,0.9506840613388328,0.950716570585336
0.22572305553446748,0.7732942039618489,0.992467043314501,0.6334134615384616,0.9892086330935251,527,4,305,275,3,0.9506840613388328,0.950716570585336
0.22437555915024432,0.7741935483870968,0.9924812030075187,0.6346153846153846,0.9892086330935251,528,4,304,275,3,0.9506840613388328,0.950716570585336
0.224006948780491,0.7750915750915751,0.9924953095684803,0.6358173076923077,0.9892086330935251,529,4,303,275,3,0.9506840613388328,0.950716570585336
0.22357764293599258,0.7759882869692533,0.9925093632958801,0.6370192307692307,0.9892086330935251,530,4,302,275,3,0.9506840613388328,0.950716570585336
0.22356124321781423,0.7768836869056328,0.9925233644859813,0.6382211538461539,0.9892086330935251,531,4,301,275,3,0.9506840613388328,0.950716570585336
0.2230713695593901,0.7777777777777778,0.9925373134328358,0.6394230769230769,0.9892086330935251,532,4,300,275,3,0.9506840613388328,0.950716570585336
0.22239189313425312,0.7786705624543463,0.9925512104283054,0.640625,0.9892086330935251,533,4,299,275,3,0.9506840613388328,0.950716570585336
0.2221546141248304,0.7795620437956204,0.9925650557620818,0.6418269230769231,0.9892086330935251,534,4,298,275,3,0.9506840613388328,0.950716570585336
0.22071506658632145,0.7789934354485777,0.9907235621521335,0.6418269230769231,0.9856115107913669,534,5,298,274,4,0.9506840613388328,0.950716570585336
0.22039374789885824,0.7798833819241983,0.9907407407407407,0.6430288461538461,0.9856115107913669,535,5,297,274,4,0.9506840613388328,0.950716570585336
0.2196309376927068,0.7807720320466133,0.9907578558225508,0.6442307692307693,0.9856115107913669,536,5,296,274,4,0.9506840613388328,0.950716570585336
0.21954958450002382,0.7816593886462883,0.9907749077490775,0.6454326923076923,0.9856115107913669,537,5,295,274,4,0.9506840613388328,0.950716570585336
0.21946791053549808,0.7825454545454545,0.990791896869245,0.6466346153846154,0.9856115107913669,538,5,294,274,4,0.9506840613388328,0.950716570585336
0.21946084857973736,0.7834302325581395,0.9908088235294118,0.6478365384615384,0.9856115107913669,539,5,293,274,4,0.9506840613388328,0.950716570585336
0.21924918509862945,0.7843137254901961,0.9908256880733946,0.6490384615384616,0.9856115107913669,540,5,292,274,4,0.9506840613388328,0.950716570585336
0.21923065239460826,0.7851959361393324,0.9908424908424909,0.6502403846153846,0.9856115107913669,541,5,291,274,4,0.9506840613388328,0.950716570585336
0.21859962625113694,0.7860768672951414,0.9908592321755028,0.6514423076923077,0.9856115107913669,542,5,290,274,4,0.9506840613388328,0.950716570585336
0.217566663306359,0.7869565217391304,0.9908759124087592,0.6526442307692307,0.9856115107913669,543,5,289,274,4,0.9506840613388328,0.950716570585336
0.21635044121418923,0.7878349022447502,0.9908925318761385,0.6538461538461539,0.9856115107913669,544,5,288,274,4,0.9506840613388328,0.950716570585336
0.21497140926348624,0.788712011577424,0.990909090909091,0.6550480769230769,0.9856115107913669,545,5,287,274,4,0.9506840613388328,0.950716570585336
0.21479019299987478,0.789587852494577,0.9909255898366606,0.65625,0.9856115107913669,546,5,286,274,4,0.9506840613388328,0.950716570585336
0.2146022132989429,0.7904624277456648,0.9909420289855072,0.6574519230769231,0.9856115107913669,547,5,285,274,4,0.9506840613388328,0.950716570585336
0.21450707558453486,0.7913357400722022,0.9909584086799277,0.6586538461538461,0.9856115107913669,548,5,284,274,4,0.9506840613388328,0.950716570585336
0.21407488752193582,0.7922077922077922,0.9909747292418772,0.6598557692307693,0.9856115107913669,549,5,283,274,4,0.9506840613388328,0.950716570585336
0.2139203869110543,0.7930785868781542,0.990990990990991,0.6610576923076923,0.9856115107913669,550,5,282,274,4,0.9506840613388328,0.950716570585336
0.2127837155305854,0.7939481268011528,0.9910071942446043,0.6622596153846154,0.9856115107913669,551,5,281,274,4,0.9506840613388328,0.950716570585336
0.21264567720889244,0.7948164146868251,0.9910233393177738,0.6634615384615384,0.9856115107913669,552,5,280,274,4,0.9506840613388328,0.950716570585336
0.21123262458884096,0.7956834532374101,0.9910394265232975,0.6646634615384616,0.9856115107913669,553,5,279,274,4,0.9506840613388328,0.950716570585336
0.21085967940392158,0.796549245147376,0.9910554561717353,0.6658653846153846,0.9856115107913669,554,5,278,274,4,0.9506840613388328,0.950716570585336
0.21064775051876994,0.7974137931034483,0.9910714285714286,0.6670673076923077,0.9856115107913669,555,5,277,274,4,0.9506840613388328,0.950716570585336
0.2101636779889683,0.7982770997846375,0.9910873440285205,0.6682692307692307,0.9856115107913669,556,5,276,274,4,0.9506840613388328,0.950716570585336
0.21013616805872837,0.7991391678622669,0.9911032028469751,0.6694711538461539,0.9856115107913669,557,5,275,274,4,0.9506840613388328,0.950716570585336
0.20971036628692286,0.8,0.9911190053285968,0.6706730769230769,0.9856115107913669,558,5,274,274,4,0.9506840613388328,0.950716570585336
0.20825268848518452,0.8008595988538681,0.9911347517730497,0.671875,0.9856115107913669,559,5,273,274,4,0.9506840613388328,0.950716570585336
0.2074720861818432,0.8017179670722978,0.9911504424778761,0.6730769230769231,0.9856115107913669,560,5,272,274,4,0.9506840613388328,0.950716570585336
0.2066865217317414,0.8025751072961373,0.991166077738516,0.6742788461538461,0.9856115107913669,561,5,271,274,4,0.9506840613388328,0.950716570585336
0.20650089980124386,0.8034310221586848,0.9911816578483245,0.6754807692307693,0.9856115107913669,562,5,270,274,4,0.9506840613388328,0.950716570585336
0.20648351931523773,0.8042857142857143,0.9911971830985915,0.6766826923076923,0.9856115107913669,563,5,269,274,4,0.9506840613388328,0.950716570585336
0.2055785519025265,0.8051391862955032,0.9912126537785588,0.6778846153846154,0.9856115107913669,564,5,268,274,4,0.9506840613388328,0.950716570585336
0.20523935301260765,0.8059914407988588,0.9912280701754386,0.6790865384615384,0.9856115107913669,565,5,267,274,4,0.9506840613388328,0.950716570585336
0.20513832386578346,0.8068424803991446,0.9912434325744308,0.6802884615384616,0.9856115107913669,566,5,266,274,4,0.9506840613388328,0.950716570585336
0.20512610592026304,0.8076923076923077,0.9912587412587412,0.6814903846153846,0.9856115107913669,567,5,265,274,4,0.9506840613388328,0.950716570585336
0.20380820395886284,0.8085409252669039,0.9912739965095986,0.6826923076923077,0.9856115107913669,568,5,264,274,4,0.9506840613388328,0.950716570585336
0.20378863347505483,0.8093883357041252,0.9912891986062717,0.6838942307692307,0.9856115107913669,569,5,263,274,4,0.9506840613388328,0.950716570585336
0.20366598199226016,0.8102345415778252,0.991304347826087,0.6850961538461539,0.9856115107913669,570,5,262,274,4,0.9506840613388328,0.950716570585336
0.2029916439503624,0.8110795454545454,0.9913194444444444,0.6862980769230769,0.9856115107913669,571,5,261,274,4,0.9506840613388328,0.950716570585336
0.20289240886701643,0.8119233498935415,0.9913344887348353,0.6875,0.9856115107913669,572,5,260,274,4,0.9506840613388328,0.950716570585336
0.20173022899802062,0.8127659574468085,0.9913494809688581,0.6887019230769231,0.9856115107913669,573,5,259,274,4,0.9506840613388328,0.950716570585336
0.2011413770507542,0.813607370659107,0.9913644214162349,0.6899038461538461,0.9856115107913669,574,5,258,274,4,0.9506840613388328,0.950716570585336
0.20082246784704305,0.8144475920679887,0.9913793103448276,0.6911057692307693,0.9856115107913669,575,5,257,274,4,0.9506840613388328,0.950716570585336
0.20014366330077427,0.8152866242038217,0.9913941480206541,0.6923076923076923,0.9856115107913669,576,5,256,274,4,0.9506840613388328,0.950716570585336
0.19981724598712214,0.8161244695898161,0.9914089347079038,0.6935096153846154,0.9856115107913669,577,5,255,274,4,0.9506840613388328,0.950716570585336
0.198409427974776,0.8169611307420495,0.9914236706689536,0.6947115384615384,0.9856115107913669,578,5,254,274,4,0.9506840613388328,0.950716570585336
0.19740294303255312,0.8177966101694916,0.9914383561643836,0.6959134615384616,0.9856115107913669,579,5,253,274,4,0.9506840613388328,0.950716570585336
0.19722351348429623,0.8186309103740297,0.9914529914529915,0.6971153846153846,0.9856115107913669,580,5,252,274,4,0.9506840613388328,0.950716570585336
0.1957215021714026,0.8194640338504936,0.9914675767918089,0.6983173076923077,0.9856115107913669,581,5,251,274,4,0.9506840613388328,0.950716570585336
0.19519058943607814,0.8202959830866807,0.9914821124361158,0.6995192307692307,0.9856115107913669,582,5,250,274,4,0.9506840613388328,0.950716570585336
0.1949344145809241,0.8211267605633803,0.9914965986394558,0.7007211538461539,0.9856115107913669,583,5,249,274,4,0.9506840613388328,0.950716570585336
0.1944832086551307,0.8219563687543983,0.9915110356536503,0.7019230769230769,0.9856115107913669,584,5,248,274,4,0.9506840613388328,0.950716570585336
0.1944096760126688,0.8227848101265823,0.9915254237288136,0.703125,0.9856115107913669,585,5,247,274,4,0.9506840613388328,0.950716570585336
0.19428507236267956,0.8236120871398454,0.9915397631133672,0.7043269230769231,0.9856115107913669,586,5,246,274,4,0.9506840613388328,0.950716570585336
0.1941902729509899,0.824438202247191,0.9915540540540541,0.7055288461538461,0.9856115107913669,587,5,245,274,4,0.9506840613388328,0.950716570585336
0.19229423798999945,0.8252631578947368,0.9915682967959528,0.7067307692307693,0.9856115107913669,588,5,244,274,4,0.9506840613388328,0.950716570585336
0.1917162557549178,0.8246844319775596,0.98989898989899,0.7067307692307693,0.9820143884892086,588,6,244,273,5,0.9506840613388328,0.950716570585336
0.18940624785670723,0.8241065171688857,0.9882352941176471,0.7067307692307693,0.9784172661870504,588,7,244,272,6,0.9506840613388328,0.950716570585336
0.18939202418289514,0.8249299719887955,0.988255033557047,0.7079326923076923,0.9784172661870504,589,7,243,272,6,0.9506840613388328,0.950716570585336
0.18915241581454767,0.8243526941917425,0.9865996649916248,0.7079326923076923,0.9784172661870504,589,8,243,272,6,0.9506840613388328,0.950716570585336
0.1889613325103029,0.8251748251748252,0.9866220735785953,0.7091346153846154,0.9784172661870504,590,8,242,272,6,0.9506840613388328,0.950716570585336
0.18886024530617507,0.8259958071278826,0.986644407345576,0.7103365384615384,0.9784172661870504,591,8,241,272,6,0.9506840613388328,0.950716570585336
0.18821709909150397,0.8268156424581006,0.9866666666666667,0.7115384615384616,0.9784172661870504,592,8,240,272,6,0.9506840613388328,0.950716570585336
0.18754302597214556,0.8276343335659456,0.9866888519134775,0.7127403846153846,0.9784172661870504,593,8,239,272,6,0.9506840613388328,0.950716570585336
0.18747491306825292,0.8284518828451883,0.9867109634551495,0.7139423076923077,0.9784172661870504,594,8,238,272,6,0.9506840613388328,0.950716570585336
0.18700973276334265,0.8292682926829268,0.9867330016583747,0.7151442307692307,0.9784172661870504,595,8,237,272,6,0.9506840613388328,0.950716570585336
0.1860263192562066,0.83008356545961,0.9867549668874173,0.7163461538461539,0.9784172661870504,596,8,236,272,6,0.9506840613388328,0.950716570585336
0.18597238054879317,0.8308977035490606,0.9867768595041322,0.7175480769230769,0.9784172661870504,597,8,235,272,6,0.9506840613388328,0.950716570585336
0.18577430378965187,0.8317107093184979,0.9867986798679867,0.71875,0.9784172661870504,598,8,234,272,6,0.9506840613388328,0.950716570585336
0.18547545582971248,0.8325225851285615,0.9868204283360791,0.7199519230769231,0.9784172661870504,599,8,233,272,6,0.9506840613388328,0.950716570585336
0.18467012014084028,0.8333333333333334,0.9868421052631579,0.7211538461538461,0.9784172661870504,600,8,232,272,6,0.9506840613388328,0.950716570585336
0.18285926027977506,0.8341429562803608,0.986863711001642,0.7223557692307693,0.9784172661870504,601,8,231,272,6,0.9506840613388328,0.950716570585336
0.18277222945905636,0.8349514563106796,0.9868852459016394,0.7235576923076923,0.9784172661870504,602,8,230,272,6,0.9506840613388328,0.950716570585336
0.18174289041243763,0.8357588357588358,0.9869067103109657,0.7247596153846154,0.9784172661870504,603,8,229,272,6,0.9506840613388328,0.950716570585336
0.18165766021253515,0.8365650969529086,0.9869281045751634,0.7259615384615384,0.9784172661870504,604,8,228,272,6,0.9506840613388328,0.950716570585336
0.18152850534338616,0.8373702422145328,0.9869494290375204,0.7271634615384616,0.9784172661870504,605,8,227,272,6,0.9506840613388328,0.950716570585336
0.18078654348830447,0.8381742738589212,0.9869706840390879,0.7283653846153846,0.9784172661870504,606,8,226,272,6,0.9506840613388328,0.950716570585336
0.17954968709860697,0.8389771941948859,0.9869918699186991,0.7295673076923077,0.9784172661870504,607,8,225,272,6,0.9506840613388328,0.950716570585336
0.1785125847131579,0.8397790055248618,0.987012987012987,0.7307692307692307,0.9784172661870504,608,8,224,272,6,0.9506840613388328,0.950716570585336
0.17774264424969932,0.8405797101449275,0.9870340356564019,0.7319711538461539,0.9784172661870504,609,8,223,272,6,0.9506840613388328,0.950716570585336
0.17698442227468303,0.8413793103448276,0.9870550161812298,0.7331730769230769,0.9784172661870504,610,8,222,272,6,0.9506840613388328,0.950716570585336
0.17677786421172892,0.8421778084079945,0.9870759289176091,0.734375,0.9784172661870504,611,8,221,272,6,0.9506840613388328,0.950716570585336
0.17592055945073426,0.8429752066115702,0.9870967741935484,0.7355769230769231,0.9784172661870504,612,8,220,272,6,0.9506840613388328,0.950716570585336
0.17492779679270698,0.842395044735031,0.9855072463768116,0.7355769230769231,0.9748201438848921,612,9,220,271,7,0.9506840613388328,0.950716570585336
0.17466924163129527,0.8418156808803301,0.9839228295819936,0.7355769230769231,0.9712230215827338,612,10,220,270,8,0.9506840613388328,0.950716570585336
0.17458888731369138,0.8426116838487973,0.9839486356340289,0.7367788461538461,0.9712230215827338,613,10,219,270,8,0.9506840613388328,0.950716570585336
0.1745505206378174,0.8434065934065934,0.9839743589743589,0.7379807692307693,0.9712230215827338,614,10,218,270,8,0.9506840613388328,0.950716570585336
0.17449783988104584,0.8428277282086479,0.9824,0.7379807692307693,0.9676258992805755,614,11,218,269,9,0.9506840613388328,0.950716570585336
0.17438086895405625,0.8436213991769548,0.9824281150159745,0.7391826923076923,0.9676258992805755,615,11,217,269,9,0.9506840613388328,0.950716570585336
0.17396712793552238,0.8444139821795751,0.9824561403508771,0.7403846153846154,0.9676258992805755,616,11,216,269,9,0.9506840613388328,0.950716570585336
0.17261112566103887,0.8452054794520548,0.982484076433121,0.7415865384615384,0.9676258992805755,617,11,215,269,9,0.9506840613388328,0.950716570585336
0.1725173396527412,0.8459958932238193,0.9825119236883942,0.7427884615384616,0.9676258992805755,618,11,214,269,9,0.9506840613388328,0.950716570585336
0.1723515063104717,0.8467852257181943,0.9825396825396825,0.7439903846153846,0.9676258992805755,619,11,213,269,9,0.9506840613388328,0.950716570585336
0.17178325410922168,0.8475734791524265,0.9825673534072901,0.7451923076923077,0.9676258992805755,620,11,212,269,9,0.9506840613388328,0.950716570585336
0.17132676329885743,0.8483606557377049,0.9825949367088608,0.7463942307692307,0.9676258992805755,621,11,211,269,9,0.9506840613388328,0.950716570585336
0.17087396568220725,0.8477815699658703,0.981042654028436,0.7463942307692307,0.9640287769784173,621,12,211,268,10,0.9506840613388328,0.950716570585336
0.17058719683888057,0.8472032742155525,0.9794952681388013,0.7463942307692307,0.960431654676259,621,13,211,267,11,0.9506840613388328,0.950716570585336
0.16996086613150152,0.8479890933878664,0.9795275590551181,0.7475961538461539,0.960431654676259,622,13,210,267,11,0.9506840613388328,0.950716570585336
0.16986163334690807,0.8487738419618529,0.9795597484276729,0.7487980769230769,0.960431654676259,623,13,209,267,11,0.9506840613388328,0.950716570585336
0.16957903413413178,0.8495575221238938,0.9795918367346939,0.75,0.960431654676259,624,13,208,267,11,0.9506840613388328,0.950716570585336
0.16936382512476944,0.8503401360544217,0.9796238244514106,0.7512019230769231,0.960431654676259,625,13,207,267,11,0.9506840613388328,0.950716570585336
0.16871377627795148,0.8511216859279401,0.9796557120500783,0.7524038461538461,0.960431654676259,626,13,206,267,11,0.9506840613388328,0.950716570585336
0.1684752834072839,0.8519021739130435,0.9796875,0.7536057692307693,0.960431654676259,627,13,205,267,11,0.9506840613388328,0.950716570585336
0.16841051534722873,0.8513238289205702,0.9781591263650546,0.7536057692307693,0.9568345323741008,627,14,205,266,12,0.9506840613388328,0.950716570585336
0.16796160105038915,0.8507462686567164,0.9766355140186916,0.7536057692307693,0.9532374100719424,627,15,205,265,13,0.9506840613388328,0.950716570585336
0.16777363271819645,0.8515254237288136,0.9766718506998445,0.7548076923076923,0.9532374100719424,628,15,204,265,13,0.9506840613388328,0.950716570585336
0.16767826474414904,0.8523035230352304,0.9767080745341615,0.7560096153846154,0.9532374100719424,629,15,203,265,13,0.9506840613388328,0.950716570585336
0.16715271147749866,0.8530805687203792,0.9767441860465116,0.7572115384615384,0.9532374100719424,630,15,202,265,13,0.9506840613388328,0.950716570585336
0.16601574901960692,0.8538565629228687,0.9767801857585139,0.7584134615384616,0.9532374100719424,631,15,201,265,13,0.9506840613388328,0.950716570585336
0.16542334111073675,0.854631507775524,0.9768160741885626,0.7596153846153846,0.9532374100719424,632,15,200,265,13,0.9506840613388328,0.950716570585336
0.16521809388641362,0.8540540540540541,0.9753086419753086,0.7596153846153846,0.9496402877697842,632,16,200,264,14,0.9506840613388328,0.950716570585336
0.16376680395781174,0.8548278190411884,0.975346687211094,0.7608173076923077,0.9496402877697842,633,16,199,264,14,0.9506840613388328,0.950716570585336
0.16300534390360488,0.8556005398110661,0.9753846153846154,0.7620192307692307,0.9496402877697842,634,16,198,264,14,0.9506840613388328,0.950716570585336
0.16235216966171706,0.856372218476062,0.9754224270353302,0.7632211538461539,0.9496402877697842,635,16,197,264,14,0.9506840613388328,0.950716570585336
0.16198759669519847,0.8571428571428571,0.9754601226993865,0.7644230769230769,0.9496402877697842,636,16,196,264,14,0.9506840613388328,0.950716570585336
0.1615962563021538,0.857912457912458,0.9754977029096478,0.765625,0.9496402877697842,637,16,195,264,14,0.9506840613388328,0.950716570585336
0.16131200106470744,0.8586810228802153,0.9755351681957186,0.7668269230769231,0.9496402877697842,638,16,194,264,14,0.9506840613388328,0.950716570585336
0.16126157950640818,0.859448554135844,0.9755725190839695,0.7680288461538461,0.9496402877697842,639,16,193,264,14,0.9506840613388328,0.950716570585336
0.1607494776489089,0.8602150537634409,0.975609756097561,0.7692307692307693,0.9496402877697842,640,16,192,264,14,0.9506840613388328,0.950716570585336
0.16056419906971375,0.8609805238415044,0.9756468797564688,0.7704326923076923,0.9496402877697842,641,16,191,264,14,0.9506840613388328,0.950716570585336
0.15994706009095339,0.8617449664429531,0.9756838905775076,0.7716346153846154,0.9496402877697842,642,16,190,264,14,0.9506840613388328,0.950716570585336
0.15956938850061286,0.8625083836351441,0.9757207890743551,0.7728365384615384,0.9496402877697842,643,16,189,264,14,0.9506840613388328,0.950716570585336
0.1595257689433366,0.8632707774798928,0.9757575757575757,0.7740384615384616,0.9496402877697842,644,16,188,264,14,0.9506840613388328,0.950716570585336
0.15920534738663006,0.8640321500334897,0.9757942511346445,0.7752403846153846,0.9496402877697842,645,16,187,264,14,0.9506840613388328,0.950716570585336
0.15813509430011163,0.8647925033467202,0.9758308157099698,0.7764423076923077,0.9496402877697842,646,16,186,264,14,0.9506840613388328,0.950716570585336
0.15799221264493468,0.8655518394648829,0.975867269984917,0.7776442307692307,0.9496402877697842,647,16,185,264,14,0.9506840613388328,0.950716570585336
0.15768184698431675,0.8663101604278075,0.9759036144578314,0.7788461538461539,0.9496402877697842,648,16,184,264,14,0.9506840613388328,0.950716570585336
0.15710212681864277,0.8670674682698731,0.9759398496240601,0.7800480769230769,0.9496402877697842,649,16,183,264,14,0.9506840613388328,0.950716570585336
0.15490404879553143,0.8678237650200267,0.975975975975976,0.78125,0.9496402877697842,650,16,182,264,14,0.9506840613388328,0.950716570585336
0.15450356145793975,0.8685790527018012,0.9760119940029985,0.7824519230769231,0.9496402877697842,651,16,181,264,14,0.9506840613388328,0.950716570585336
0.15423384965271825,0.8693333333333333,0.9760479041916168,0.7836538461538461,0.9496402877697842,652,16,180,264,14,0.9506840613388328,0.950716570585336
0.15387287962510288,0.8700866089273818,0.976083707025411,0.7848557692307693,0.9496402877697842,653,16,179,264,14,0.9506840613388328,0.950716570585336
0.1534003173310624,0.8708388814913449,0.9761194029850746,0.7860576923076923,0.9496402877697842,654,16,178,264,14,0.9506840613388328,0.950716570585336
0.15320552178676317,0.8715901530272788,0.9761549925484352,0.7872596153846154,0.9496402877697842,655,16,177,264,14,0.9506840613388328,0.950716570585336
0.15224517547167826,0.8723404255319149,0.9761904761904762,0.7884615384615384,0.9496402877697842,656,16,176,264,14,0.9506840613388328,0.950716570585336
0.15044493622810307,0.8730897009966777,0.9762258543833581,0.7896634615384616,0.9496402877697842,657,16,175,264,14,0.9506840613388328,0.950716570585336
0.14995867599196755,0.8738379814077025,0.9762611275964391,0.7908653846153846,0.9496402877697842,658,16,174,264,14,0.9506840613388328,0.950716570585336
0.1495384339834276,0.8745852687458527,0.9762962962962963,0.7920673076923077,0.9496402877697842,659,16,173,264,14,0.9506840613388328,0.950716570585336
0.14890209540816024,0.8753315649867374,0.9763313609467456,0.7932692307692307,0.9496402877697842,660,16,172,264,14,0.9506840613388328,0.950716570585336
0.14859066939481935,0.8760768721007289,0.9763663220088626,0.7944711538461539,0.9496402877697842,661,16,171,264,14,0.9506840613388328,0.950716570585336
0.14849476261501082,0.8768211920529801,0.976401179941003,0.7956730769230769,0.9496402877697842,662,16,170,264,14,0.9506840613388328,0.950716570585336
0.14832201221361258,0.8762409000661814,0.9749631811487481,0.7956730769230769,0.9496402877697842,662,17,170,264,14,0.9506840613388328,0.950716570585336
0.147836248853348,0.876984126984127,0.975,0.796875,0.9496402877697842,663,17,169,264,14,0.9506840613388328,0.950716570585336
0.14743576770276345,0.8777263714474554,0.9750367107195301,0.7980769230769231,0.9496402877697842,664,17,168,264,14,0.9506840613388328,0.950716570585336
0.14658030710242365,0.8771466314398944,0.9736070381231672,0.7980769230769231,0.9460431654676259,664,18,168,263,15,0.9506840613388328,0.950716570585336
0.14618913966180813,0.8778877887788779,0.9736456808199122,0.7992788461538461,0.9460431654676259,665,18,167,263,15,0.9506840613388328,0.950716570585336
0.14607397401510502,0.8786279683377308,0.9736842105263158,0.8004807692307693,0.9460431654676259,666,18,166,263,15,0.9506840613388328,0.950716570585336
0.1458024078965683,0.8793671720500988,0.9737226277372263,0.8016826923076923,0.9460431654676259,667,18,165,263,15,0.9506840613388328,0.950716570585336
0.14530549896080935,0.8801054018445322,0.9737609329446064,0.8028846153846154,0.9460431654676259,668,18,164,263,15,0.9506840613388328,0.950716570585336
0.14515425886473476,0.879526003949967,0.9723435225618632,0.8028846153846154,0.9424460431654677,668,19,164,262,16,0.9506840613388328,0.950716570585336
0.14397008321804883,0.8802631578947369,0.9723837209302325,0.8040865384615384,0.9424460431654677,669,19,163,262,16,0.9506840613388328,0.950716570585336
0.14370912354388132,0.8809993425378041,0.9724238026124818,0.8052884615384616,0.9424460431654677,670,19,162,262,16,0.9506840613388328,0.950716570585336
0.14345267202531453,0.8817345597897503,0.972463768115942,0.8064903846153846,0.9424460431654677,671,19,161,262,16,0.9506840613388328,0.950716570585336
0.14320040614844376,0.8824688115561392,0.9725036179450073,0.8076923076923077,0.9424460431654677,672,19,160,262,16,0.9506840613388328,0.950716570585336
0.14271117528508637,0.8818897637795275,0.9710982658959537,0.8076923076923077,0.9424460431654677,672,20,160,262,16,0.9506840613388328,0.950716570585336
0.14264296454787884,0.8826229508196721,0.9711399711399712,0.8088942307692307,0.9424460431654677,673,20,159,262,16,0.9506840613388328,0.950716570585336
0.1419765398625945,0.8833551769331586,0.9711815561959655,0.8100961538461539,0.9424460431654677,674,20,158,262,16,0.9506840613388328,0.950716570585336
0.1411039286138298,0.8840864440078585,0.9712230215827338,0.8112980769230769,0.9424460431654677,675,20,157,262,16,0.9506840613388328,0.950716570585336
0.14067466343558888,0.8848167539267016,0.9712643678160919,0.8125,0.9424460431654677,676,20,156,262,16,0.9506840613388328,0.950716570585336
0.14064206801541623,0.8855461085676913,0.9713055954088953,0.8137019230769231,0.9424460431654677,677,20,155,262,16,0.9506840613388328,0.950716570585336
0.14048163436752803,0.8862745098039215,0.9713467048710601,0.8149038461538461,0.9424460431654677,678,20,154,262,16,0.9506840613388328,0.950716570585336
0.13963324621389617,0.8870019595035924,0.9713876967095851,0.8161057692307693,0.9424460431654677,679,20,153,262,16,0.9506840613388328,0.950716570585336
0.13933358568385146,0.8877284595300261,0.9714285714285714,0.8173076923076923,0.9424460431654677,680,20,152,262,16,0.9506840613388328,0.950716570585336
0.13932249617518877,0.8884540117416829,0.9714693295292439,0.8185096153846154,0.9424460431654677,681,20,151,262,16,0.9506840613388328,0.950716570585336
0.13915997514769696,0.8891786179921773,0.9715099715099715,0.8197115384615384,0.9424460431654677,682,20,150,262,16,0.9506840613388328,0.950716570585336
0.1388519613995487,0.8899022801302932,0.9715504978662873,0.8209134615384616,0.9424460431654677,683,20,149,262,16,0.9506840613388328,0.950716570585336
0.13851229699355505,0.890625,0.9715909090909091,0.8221153846153846,0.9424460431654677,684,20,148,262,16,0.9506840613388328,0.950716570585336
0.13765366227245424,0.8913467794404685,0.9716312056737588,0.8233173076923077,0.9424460431654677,685,20,147,262,16,0.9506840613388328,0.950716570585336
0.13727287723641945,0.8920676202860858,0.9716713881019831,0.8245192307692307,0.9424460431654677,686,20,146,262,16,0.9506840613388328,0.950716570585336
0.13700063889734793,0.8927875243664717,0.9717114568599717,0.8257211538461539,0.9424460431654677,687,20,145,262,16,0.9506840613388328,0.950716570585336
0.13642401918807479,0.8922077922077922,0.9703389830508474,0.8257211538461539,0.9388489208633094,687,21,145,261,17,0.9506840613388328,0.950716570585336
0.13639136270402974,0.8929266709928618,0.9703808180535967,0.8269230769230769,0.9388489208633094,688,21,144,261,17,0.9506840613388328,0.950716570585336
0.13632610318087313,0.8923476005188068,0.9690140845070423,0.8269230769230769,0.935251798561151,688,22,144,260,18,0.9506840613388328,0.950716570585336
0.13520619795655198,0.8930654569021387,0.9690576652601969,0.828125,0.935251798561151,689,22,143,260,18,0.9506840613388328,0.950716570585336
0.13371130910517703,0.8937823834196891,0.9691011235955056,0.8293269230769231,0.935251798561151,690,22,142,260,18,0.9506840613388328,0.950716570585336
0.13334122035117824,0.8944983818770227,0.9691444600280504,0.8305288461538461,0.935251798561151,691,22,141,260,18,0.9506840613388328,0.950716570585336
0.13242522733402007,0.8952134540750324,0.969187675070028,0.8317307692307693,0.935251798561151,692,22,140,260,18,0.9506840613388328,0.950716570585336
0.13104111101742522,0.8959276018099548,0.9692307692307692,0.8329326923076923,0.935251798561151,693,22,139,260,18,0.9506840613388328,0.950716570585336
0.13047331391612593,0.896640826873385,0.9692737430167597,0.8341346153846154,0.935251798561151,694,22,138,260,18,0.9506840613388328,0.950716570585336
0.1301646926616702,0.8973531310522918,0.9693165969316597,0.8353365384615384,0.935251798561151,695,22,137,260,18,0.9506840613388328,0.950716570585336
0.1295916813586213,0.8980645161290323,0.9693593314763231,0.8365384615384616,0.935251798561151,696,22,136,260,18,0.9506840613388328,0.950716570585336
0.12944261308171867,0.8987749838813669,0.9694019471488178,0.8377403846153846,0.935251798561151,697,22,135,260,18,0.9506840613388328,0.950716570585336
0.12925663780992902,0.8994845360824743,0.9694444444444444,0.8389423076923077,0.935251798561151,698,22,134,260,18,0.9506840613388328,0.950716570585336
0.12901584145260592,0.8989053444945267,0.9680998613037448,0.8389423076923077,0.9316546762589928,698,23,134,259,19,0.9506840613388328,0.950716570585336
0.12885198123307762,0.8996138996138996,0.9681440443213296,0.8401442307692307,0.9316546762589928,699,23,133,259,19,0.9506840613388328,0.950716570585336
0.12870793556194093,0.9003215434083601,0.9681881051175657,0.8413461538461539,0.9316546762589928,700,23,132,259,19,0.9506840613388328,0.950716570585336
0.12827761800522264,0.9010282776349614,0.9682320441988951,0.8425480769230769,0.9316546762589928,701,23,131,259,19,0.9506840613388328,0.950716570585336
0.12804204883628978,0.9017341040462428,0.9682758620689655,0.84375,0.9316546762589928,702,23,130,259,19,0.9506840613388328,0.950716570585336
0.1276675891763026,0.9024390243902439,0.9683195592286501,0.8449519230769231,0.9316546762589928,703,23,129,259,19,0.9506840613388328,0.950716570585336
0.12692621702142393,0.9031430404105195,0.9683631361760661,0.8461538461538461,0.9316546762589928,704,23,128,259,19,0.9506840613388328,0.950716570585336
0.12651706746909896,0.9038461538461539,0.9684065934065934,0.8473557692307693,0.9316546762589928,705,23,127,259,19,0.9506840613388328,0.950716570585336
0.12568301564822765,0.9045483664317745,0.9684499314128944,0.8485576923076923,0.9316546762589928,706,23,126,259,19,0.9506840613388328,0.950716570585336
0.12537688666828484,0.9052496798975672,0.9684931506849315,0.8497596153846154,0.9316546762589928,707,23,125,259,19,0.9506840613388328,0.950716570585336
0.12484458320743896,0.9046705054382598,0.9671682626538988,0.8497596153846154,0.9280575539568345,707,24,125,258,20,0.9506840613388328,0.950716570585336
0.12476834953707039,0.9040920716112532,0.9658469945355191,0.8497596153846154,0.9244604316546763,707,25,125,257,21,0.9506840613388328,0.950716570585336
0.12474300938586702,0.9047923322683706,0.965893587994543,0.8509615384615384,0.9244604316546763,708,25,124,257,21,0.9506840613388328,0.950716570585336
0.12461167593029421,0.9054916985951469,0.9659400544959128,0.8521634615384616,0.9244604316546763,709,25,123,257,21,0.9506840613388328,0.950716570585336
0.12452164532732679,0.9061901723037652,0.9659863945578231,0.8533653846153846,0.9244604316546763,710,25,122,257,21,0.9506840613388328,0.950716570585336
0.12442324181003006,0.9068877551020408,0.9660326086956522,0.8545673076923077,0.9244604316546763,711,25,121,257,21,0.9506840613388328,0.950716570585336
0.12302218710609103,0.9075844486934354,0.966078697421981,0.8557692307692307,0.9244604316546763,712,25,120,257,21,0.9506840613388328,0.950716570585336
0.12300212803012633,0.9082802547770701,0.9661246612466124,0.8569711538461539,0.9244604316546763,713,25,119,257,21,0.9506840613388328,0.950716570585336
0.12290673013011277,0.9089751750477403,0.9661705006765899,0.8581730769230769,0.9244604316546763,714,25,118,257,21,0.9506840613388328,0.950716570585336
0.12169850263689619,0.9096692111959288,0.9662162162162162,0.859375,0.9244604316546763,715,25,117,257,21,0.9506840613388328,0.950716570585336
0.12080735465247372,0.9103623649078194,0.9662618083670715,0.8605769230769231,0.9244604316546763,716,25,116,257,21,0.9506840613388328,0.950716570585336
0.1205359420394796,0.9110546378653113,0.9663072776280324,0.8617788461538461,0.9244604316546763,717,25,115,257,21,0.9506840613388328,0.950716570585336
0.11998699126842194,0.9117460317460317,0.9663526244952894,0.8629807692307693,0.9244604316546763,718,25,114,257,21,0.9506840613388328,0.950716570585336
0.11979354836654199,0.9124365482233503,0.9663978494623656,0.8641826923076923,0.9244604316546763,719,25,113,257,21,0.9506840613388328,0.950716570585336
0.11826584592279565,0.911857958148383,0.9651006711409396,0.8641826923076923,0.920863309352518,719,26,113,256,22,0.9506840613388328,0.950716570585336
0.11804635026406896,0.9125475285171103,0.9651474530831099,0.8653846153846154,0.920863309352518,720,26,112,256,22,0.9506840613388328,0.950716570585336
0.11770526468306808,0.9119696010132996,0.963855421686747,0.8653846153846154,0.9172661870503597,720,27,112,255,23,0.9506840613388328,0.950716570585336
0.11736227123583509,0.9113924050632911,0.9625668449197861,0.8653846153846154,0.9136690647482014,720,28,112,254,24,0.9506840613388328,0.950716570585336
0.11702744345224858,0.9120809614168248,0.9626168224299065,0.8665865384615384,0.9136690647482014,721,28,111,254,24,0.9506840613388328,0.950716570585336
0.1162876322166958,0.9127686472819216,0.9626666666666667,0.8677884615384616,0.9136690647482014,722,28,110,254,24,0.9506840613388328,0.950716570585336
0.1141593463155055,0.9121920404295641,0.9613848202396804,0.8677884615384616,0.9100719424460432,722,29,110,253,25,0.9506840613388328,0.950716570585336
0.1130365135750806,0.9116161616161617,0.9601063829787234,0.8677884615384616,0.9064748201438849,722,30,110,252,26,0.9506840613388328,0.950716570585336
0.11063611798397921,0.9123028391167193,0.9601593625498008,0.8689903846153846,0.9064748201438849,723,30,109,252,26,0.9506840613388328,0.950716570585336
0.10970142145576545,0.9129886506935687,0.9602122015915119,0.8701923076923077,0.9064748201438849,724,30,108,252,26,0.9506840613388328,0.950716570585336
0.10952842383325945,0.9136735979836169,0.9602649006622517,0.8713942307692307,0.9064748201438849,725,30,107,252,26,0.9506840613388328,0.950716570585336
0.10951020269028017,0.9130982367758187,0.958994708994709,0.8713942307692307,0.9028776978417267,725,31,107,251,27,0.9506840613388328,0.950716570585336
0.10915884588418578,0.9125235997482694,0.9577278731836195,0.8713942307692307,0.8992805755395683,725,32,107,250,28,0.9506840613388328,0.950716570585336
0.10870544120458725,0.9119496855345912,0.9564643799472295,0.8713942307692307,0.8992805755395683,725,33,107,250,28,0.9506840613388328,0.950716570585336
0.10677722577680937,0.9113764927718416,0.9552042160737813,0.8713942307692307,0.89568345323741,725,34,107,249,29,0.9506840613388328,0.950716570585336
0.1058146803202007,0.9120603015075377,0.9552631578947368,0.8725961538461539,0.89568345323741,726,34,106,249,29,0.9506840613388328,0.950716570585336
0.10576072631661321,0.9127432517263026,0.9553219448094612,0.8737980769230769,0.89568345323741,727,34,105,249,29,0.9506840613388328,0.950716570585336
0.1057177053232854,0.9134253450439147,0.9553805774278216,0.875,0.89568345323741,728,34,104,249,29,0.9506840613388328,0.950716570585336
0.10514732407146149,0.9128526645768025,0.9541284403669725,0.875,0.8920863309352518,728,35,104,248,30,0.9506840613388328,0.950716570585336
0.10362432372950436,0.9135338345864662,0.9541884816753927,0.8762019230769231,0.8920863309352518,729,35,103,248,30,0.9506840613388328,0.950716570585336
0.10344076695560589,0.9142141515341264,0.954248366013072,0.8774038461538461,0.8920863309352518,730,35,102,248,30,0.9506840613388328,0.950716570585336
0.10293650153453399,0.9136420525657072,0.9530026109660574,0.8774038461538461,0.8884892086330936,730,36,102,247,31,0.9506840613388328,0.950716570585336
0.10288522628454921,0.9143214509068167,0.9530638852672751,0.8786057692307693,0.8884892086330936,731,36,101,247,31,0.9506840613388328,0.950716570585336
0.10245067301112593,0.91375,0.9518229166666666,0.8786057692307693,0.8848920863309353,731,37,101,246,32,0.9506840613388328,0.950716570585336
0.10093190748297676,0.9131792629606496,0.9505851755526658,0.8786057692307693,0.8812949640287769,731,38,101,245,33,0.9506840613388328,0.950716570585336
0.10091354768749428,0.9138576779026217,0.9506493506493506,0.8798076923076923,0.8812949640287769,732,38,100,245,33,0.9506840613388328,0.950716570585336
0.10072875068851894,0.9145352464129757,0.9507133592736705,0.8810096153846154,0.8812949640287769,733,38,99,245,33,0.9506840613388328,0.950716570585336
0.10064900910295038,0.9152119700748129,0.9507772020725389,0.8822115384615384,0.8812949640287769,734,38,98,245,33,0.9506840613388328,0.950716570585336
0.10062914302956893,0.9158878504672897,0.9508408796895214,0.8834134615384616,0.8812949640287769,735,38,97,245,33,0.9506840613388328,0.950716570585336
0.09927188388482033,0.9165628891656289,0.9509043927648578,0.8846153846153846,0.8812949640287769,736,38,96,245,33,0.9506840613388328,0.950716570585336
0.0981891974811207,0.9159925326695706,0.9496774193548387,0.8846153846153846,0.8776978417266187,736,39,96,244,34,0.9506840613388328,0.950716570585336
0.09816019062968773,0.9166666666666666,0.9497422680412371,0.8858173076923077,0.8776978417266187,737,39,95,244,34,0.9506840613388328,0.950716570585336
0.09776087186794824,0.9173399627097576,0.9498069498069498,0.8870192307692307,0.8776978417266187,738,39,94,244,34,0.9506840613388328,0.950716570585336
0.09697428584465506,0.9180124223602485,0.9498714652956298,0.8882211538461539,0.8776978417266187,739,39,93,244,34,0.9506840613388328,0.950716570585336
0.09642674176300098,0.9174425822470516,0.9486521181001284,0.8882211538461539,0.8741007194244604,739,40,93,243,35,0.9506840613388328,0.950716570585336
0.09619857932426956,0.9168734491315137,0.9474358974358974,0.8882211538461539,0.8741007194244604,739,41,93,243,35,0.9506840613388328,0.950716570585336
0.09571375723272069,0.9175449473031618,0.9475032010243278,0.8894230769230769,0.8741007194244604,740,41,92,243,35,0.9506840613388328,0.950716570585336
0.09448036272712457,0.9182156133828996,0.9475703324808185,0.890625,0.8741007194244604,741,41,91,243,35,0.9506840613388328,0.950716570585336
0.09430921801096859,0.9176470588235294,0.946360153256705,0.890625,0.8705035971223022,741,42,91,242,36,0.9506840613388328,0.950716570585336
0.09410254880169255,0.9183168316831684,0.9464285714285714,0.8918269230769231,0.8705035971223022,742,42,90,242,36,0.9506840613388328,0.950716570585336
0.09144955585270748,0.9177489177489178,0.9452229299363057,0.8918269230769231,0.8669064748201439,742,43,90,241,37,0.9506840613388328,0.950716570585336
0.09054311437106899,0.9171817058096415,0.9440203562340967,0.8918269230769231,0.8633093525179856,742,44,90,240,38,0.9506840613388328,0.950716570585336
0.09047003592421021,0.916615194564546,0.9428208386277002,0.8918269230769231,0.8597122302158273,742,45,90,239,39,0.9506840613388328,0.950716570585336
0.08998547210484231,0.917283950617284,0.9428934010152284,0.8930288461538461,0.8597122302158273,743,45,89,239,39,0.9506840613388328,0.950716570585336
0.0898756781489286,0.9167180752621839,0.9416983523447402,0.8930288461538461,0.8561151079136691,743,46,89,238,40,0.9506840613388328,0.950716570585336
0.0887009348135337,0.9173859432799013,0.9417721518987342,0.8942307692307693,0.8561151079136691,744,46,88,238,40,0.9506840613388328,0.950716570585336
0.08835640127258537,0.9180529882932841,0.9418457648546145,0.8954326923076923,0.8561151079136691,745,46,87,238,40,0.9506840613388328,0.950716570585336
0.08742690585799451,0.9187192118226601,0.9419191919191919,0.8966346153846154,0.8561151079136691,746,46,86,238,40,0.9506840613388328,0.950716570585336
0.0867364110864205,0.9181538461538462,0.9407313997477932,0.8966346153846154,0.8525179856115108,746,47,86,237,41,0.9506840613388328,0.950716570585336
0.0861450648129568,0.9175891758917589,0.9395465994962217,0.8966346153846154,0.8489208633093526,746,48,86,236,42,0.9506840613388328,0.950716570585336
0.08569328068907467,0.9170251997541488,0.9383647798742139,0.8966346153846154,0.8453237410071942,746,49,86,235,43,0.9506840613388328,0.950716570585336
0.08473505117448965,0.9176904176904177,0.9384422110552764,0.8978365384615384,0.8453237410071942,747,49,85,235,43,0.9506840613388328,0.950716570585336
0.08473313703133983,0.9171270718232044,0.9372647427854455,0.8978365384615384,0.841726618705036,747,50,85,234,44,0.9506840613388328,0.950716570585336
0.08435554525001038,0.9165644171779141,0.9360902255639098,0.8978365384615384,0.8381294964028777,747,51,85,233,45,0.9506840613388328,0.950716570585336
0.08406909204176827,0.9172286940527283,0.9361702127659575,0.8990384615384616,0.8381294964028777,748,51,84,233,45,0.9506840613388328,0.950716570585336
0.08400982720819483,0.9166666666666666,0.935,0.8990384615384616,0.8345323741007195,748,52,84,232,46,0.9506840613388328,0.950716570585336
0.08249705746162928,0.9161053276178812,0.9338327091136079,0.8990384615384616,0.8345323741007195,748,53,84,232,46,0.9506840613388328,0.950716570585336
0.08223959860026175,0.9155446756425949,0.9326683291770573,0.8990384615384616,0.8309352517985612,748,54,84,231,47,0.9506840613388328,0.950716570585336
0.08127265013662377,0.9149847094801223,0.9315068493150684,0.8990384615384616,0.8273381294964028,748,55,84,230,48,0.9506840613388328,0.950716570585336
0.08074276186953455,0.9144254278728606,0.9303482587064676,0.8990384615384616,0.8237410071942446,748,56,84,229,49,0.9506840613388328,0.950716570585336
0.0806546937818301,0.9138668295662797,0.929192546583851,0.8990384615384616,0.8201438848920863,748,57,84,228,50,0.9506840613388328,0.950716570585336
0.078470653767867,0.9145299145299145,0.9292803970223326,0.9002403846153846,0.8201438848920863,749,57,83,228,50,0.9506840613388328,0.950716570585336
0.07812095027829247,0.9151921903599756,0.929368029739777,0.9014423076923077,0.8201438848920863,750,57,82,228,50,0.9506840613388328,0.950716570585336
0.07736960460382275,0.9146341463414634,0.9282178217821783,0.9014423076923077,0.8165467625899281,750,58,82,227,51,0.9506840613388328,0.950716570585336
0.07650747667215552,0.9140767824497258,0.927070457354759,0.9014423076923077,0.8129496402877698,750,59,82,226,52,0.9506840613388328,0.950716570585336
0.07643425133528026,0.9147381242387332,0.9271604938271605,0.9026442307692307,0.8129496402877698,751,59,81,226,52,0.9506840613388328,0.950716570585336
0.07562626086452973,0.9141813755325624,0.9260172626387176,0.9026442307692307,0.8093525179856115,751,60,81,225,53,0.9506840613388328,0.950716570585336
0.07521255530677673,0.9136253041362531,0.9248768472906403,0.9026442307692307,0.8093525179856115,751,61,81,225,53,0.9506840613388328,0.950716570585336
0.07510562724070019,0.9130699088145897,0.923739237392374,0.9026442307692307,0.8057553956834532,751,62,81,224,54,0.9506840613388328,0.950716570585336
0.07492743986279282,0.9125151883353585,0.9226044226044227,0.9026442307692307,0.802158273381295,751,63,81,223,55,0.9506840613388328,0.950716570585336
0.07393131345027149,0.9131754705525197,0.9226993865030675,0.9038461538461539,0.802158273381295,752,63,80,223,55,0.9506840613388328,0.950716570585336
0.07262673843088013,0.912621359223301,0.9215686274509803,0.9038461538461539,0.7985611510791367,752,64,80,222,56,0.9506840613388328,0.950716570585336
0.07254874892800056,0.913280776228017,0.9216646266829865,0.9050480769230769,0.7985611510791367,753,64,79,222,56,0.9506840613388328,0.950716570585336
0.07171630015443398,0.9139393939393939,0.921760391198044,0.90625,0.7985611510791367,754,64,78,222,56,0.9506840613388328,0.950716570585336
0.07101725739861475,0.9133858267716536,0.9206349206349206,0.90625,0.7949640287769785,754,65,78,221,57,0.9506840613388328,0.950716570585336
0.07041405568451176,0.9128329297820823,0.9195121951219513,0.90625,0.7913669064748201,754,66,78,220,58,0.9506840613388328,0.950716570585336
0.06964529719138735,0.9122807017543859,0.9183922046285018,0.90625,0.7877697841726619,754,67,78,219,59,0.9506840613388328,0.950716570585336
0.0694744705218917,0.9129383313180169,0.9184914841849149,0.9074519230769231,0.7877697841726619,755,67,77,219,59,0.9506840613388328,0.950716570585336
0.06937678331924363,0.9123867069486404,0.9173754556500607,0.9074519230769231,0.7841726618705036,755,68,77,218,60,0.9506840613388328,0.950716570585336
0.06936458256835143,0.9118357487922706,0.9162621359223301,0.9074519230769231,0.7805755395683454,755,69,77,217,61,0.9506840613388328,0.950716570585336
0.06879714595638464,0.9112854556427278,0.9151515151515152,0.9074519230769231,0.7769784172661871,755,70,77,216,62,0.9506840613388328,0.950716570585336
0.06839387396622243,0.9119420989143546,0.9152542372881356,0.9086538461538461,0.7769784172661871,756,70,76,216,62,0.9506840613388328,0.950716570585336
0.0676656688134949,0.9125979505726342,0.9153567110036276,0.9098557692307693,0.7769784172661871,757,70,75,216,62,0.9506840613388328,0.950716570585336
0.0675726293277672,0.9132530120481928,0.9154589371980676,0.9110576923076923,0.7769784172661871,758,70,74,216,62,0.9506840613388328,0.950716570585336
0.06590595770794239,0.9127031908488862,0.9143546441495778,0.9110576923076923,0.7733812949640287,758,71,74,215,63,0.9506840613388328,0.950716570585336
0.0658080521532019,0.9133574007220217,0.9144578313253012,0.9122596153846154,0.7733812949640287,759,71,73,215,63,0.9506840613388328,0.950716570585336
0.0656022322503434,0.9128081779915814,0.9133574007220217,0.9122596153846154,0.7697841726618705,759,72,73,214,64,0.9506840613388328,0.950716570585336
0.06527852030873443,0.9122596153846154,0.9122596153846154,0.9122596153846154,0.7697841726618705,759,73,73,214,64,0.9506840613388328,0.950716570585336
0.06473148129385442,0.9129129129129129,0.9123649459783914,0.9134615384615384,0.7697841726618705,760,73,72,214,64,0.9506840613388328,0.950716570585336
0.06453910056318057,0.9135654261704682,0.9124700239808153,0.9146634615384616,0.7697841726618705,761,73,71,214,64,0.9506840613388328,0.950716570585336
0.06438492366575915,0.9130173965206959,0.911377245508982,0.9146634615384616,0.7661870503597122,761,74,71,213,65,0.9506840613388328,0.950716570585336
0.06437851700951847,0.9136690647482014,0.9114832535885168,0.9158653846153846,0.7661870503597122,762,74,70,213,65,0.9506840613388328,0.950716570585336
0.0640673320521894,0.914319952067106,0.9115890083632019,0.9170673076923077,0.7661870503597122,763,74,69,213,65,0.9506840613388328,0.950716570585336
0.06397459159893515,0.9149700598802395,0.9116945107398569,0.9182692307692307,0.7661870503597122,764,74,68,213,65,0.9506840613388328,0.950716570585336
0.061231862837913376,0.9156193895870736,0.9117997616209773,0.9194711538461539,0.7661870503597122,765,74,67,213,65,0.9506840613388328,0.950716570585336
0.061071833031115186,0.9150717703349283,0.9107142857142857,0.9194711538461539,0.762589928057554,765,75,67,212,66,0.9506840613388328,0.950716570585336
0.06089392741243105,0.9157202630005977,0.9108204518430439,0.9206730769230769,0.762589928057554,766,75,66,212,66,0.9506840613388328,0.950716570585336
0.06076538127126063,0.9163679808841099,0.9109263657957245,0.921875,0.762589928057554,767,75,65,212,66,0.9506840613388328,0.950716570585336
0.06074988185485497,0.9158208955223881,0.9098457888493475,0.921875,0.7589928057553957,767,76,65,211,67,0.9506840613388328,0.950716570585336
0.06046282861843072,0.9152744630071599,0.9087677725118484,0.921875,0.7553956834532374,767,77,65,210,68,0.9506840613388328,0.950716570585336
0.06033342793476493,0.9159212880143113,0.9088757396449704,0.9230769230769231,0.7553956834532374,768,77,64,210,68,0.9506840613388328,0.950716570585336
0.06023267895705564,0.9153754469606674,0.9078014184397163,0.9230769230769231,0.7517985611510791,768,78,64,209,69,0.9506840613388328,0.950716570585336
0.05920840497096164,0.9148302561048243,0.9067296340023613,0.9230769230769231,0.7482014388489209,768,79,64,208,70,0.9506840613388328,0.950716570585336
0.05828283473113549,0.9142857142857143,0.9056603773584906,0.9230769230769231,0.7446043165467626,768,80,64,207,71,0.9506840613388328,0.950716570585336
0.05796132887295702,0.9137418203450327,0.9045936395759717,0.9230769230769231,0.7410071942446043,768,81,64,206,72,0.9506840613388328,0.950716570585336
0.05749191509202212,0.9131985731272295,0.9035294117647059,0.9230769230769231,0.737410071942446,768,82,64,205,73,0.9506840613388328,0.950716570585336
0.0569320024402189,0.9138443256090315,0.9036427732079906,0.9242788461538461,0.737410071942446,769,82,63,205,73,0.9506840613388328,0.950716570585336
0.05609336663898973,0.9133016627078385,0.9025821596244131,0.9242788461538461,0.7338129496402878,769,83,63,204,74,0.9506840613388328,0.950716570585336
0.05528829945164637,0.913946587537092,0.902696365767878,0.9254807692307693,0.7338129496402878,770,83,62,204,74,0.9506840613388328,0.950716570585336
0.05501941635094876,0.9145907473309609,0.9028103044496487,0.9266826923076923,0.7338129496402878,771,83,61,204,74,0.9506840613388328,0.950716570585336
0.054768494422860636,0.915234143449911,0.9029239766081871,0.9278846153846154,0.7338129496402878,772,83,60,204,74,0.9506840613388328,0.950716570585336
0.05439263608421596,0.9158767772511849,0.9030373831775701,0.9290865384615384,0.7338129496402878,773,83,59,204,74,0.9506840613388328,0.950716570585336
0.05377180242799995,0.9153345174659562,0.9019836639439907,0.9290865384615384,0.7302158273381295,773,84,59,203,75,0.9506840613388328,0.950716570585336
0.053693110658135645,0.9159763313609467,0.9020979020979021,0.9302884615384616,0.7302158273381295,774,84,58,203,75,0.9506840613388328,0.950716570585336
0.05345775976295242,0.9154346540508574,0.9010477299185099,0.9302884615384616,0.7266187050359713,774,85,58,202,76,0.9506840613388328,0.950716570585336
0.052062986626316254,0.9148936170212766,0.9,0.9302884615384616,0.7230215827338129,774,86,58,201,77,0.9506840613388328,0.950716570585336
0.05166009690376927,0.9143532191376255,0.8989547038327527,0.9302884615384616,0.7194244604316546,774,87,58,200,78,0.9506840613388328,0.950716570585336
0.05098768953173649,0.9138134592680047,0.8979118329466357,0.9302884615384616,0.7158273381294964,774,88,58,199,79,0.9506840613388328,0.950716570585336
0.050867437611614774,0.9144542772861357,0.8980301274623407,0.9314903846153846,0.7158273381294964,775,88,57,199,79,0.9506840613388328,0.950716570585336
0.05069708923730909,0.9150943396226415,0.8981481481481481,0.9326923076923077,0.7158273381294964,776,88,56,199,79,0.9506840613388328,0.950716570585336
0.0505607493651391,0.9145550972304066,0.8971098265895954,0.9326923076923077,0.7158273381294964,776,89,56,199,79,0.9506840613388328,0.950716570585336
0.05041882821145327,0.9140164899882215,0.8960739030023095,0.9326923076923077,0.7122302158273381,776,90,56,198,80,0.9506840613388328,0.950716570585336
0.049727162983570494,0.914655679811654,0.8961937716262975,0.9338942307692307,0.7122302158273381,777,90,55,198,80,0.9506840613388328,0.950716570585336
0.04951980073130158,0.9152941176470588,0.8963133640552995,0.9350961538461539,0.7122302158273381,778,90,54,198,80,0.9506840613388328,0.950716570585336
0.04868287857851389,0.914756025867137,0.8952819332566168,0.9350961538461539,0.7086330935251799,778,91,54,197,81,0.9506840613388328,0.950716570585336
0.04833023631434025,0.9142185663924794,0.8942528735632184,0.9350961538461539,0.7050359712230215,778,92,54,196,82,0.9506840613388328,0.950716570585336
0.048228321261391816,0.913681738109219,0.8932261768082663,0.9350961538461539,0.7014388489208633,778,93,54,195,83,0.9506840613388328,0.950716570585336
0.04812009553038599,0.9131455399061033,0.8922018348623854,0.9350961538461539,0.697841726618705,778,94,54,194,84,0.9506840613388328,0.950716570585336
0.04775969194017049,0.9126099706744868,0.8911798396334479,0.9350961538461539,0.6942446043165468,778,95,54,193,85,0.9506840613388328,0.950716570585336
0.04761778508437964,0.9120750293083235,0.8901601830663616,0.9350961538461539,0.6906474820143885,778,96,54,192,86,0.9506840613388328,0.950716570585336
0.04693545618862527,0.9127123608670181,0.8902857142857142,0.9362980769230769,0.6906474820143885,779,96,53,192,86,0.9506840613388328,0.950716570585336
0.04677363236990151,0.9121779859484778,0.889269406392694,0.9362980769230769,0.6870503597122302,779,97,53,191,87,0.9506840613388328,0.950716570585336
0.04556397362192666,0.9116442363955529,0.8882554161915621,0.9362980769230769,0.6870503597122302,779,98,53,191,87,0.9506840613388328,0.950716570585336
0.04475356671036895,0.9111111111111111,0.8872437357630979,0.9362980769230769,0.6834532374100719,779,99,53,190,88,0.9506840613388328,0.950716570585336
0.044460666203790966,0.9105786090005844,0.8862343572241184,0.9362980769230769,0.6798561151079137,779,100,53,189,89,0.9506840613388328,0.950716570585336
0.04435450700144933,0.9100467289719626,0.8852272727272728,0.9362980769230769,0.6762589928057554,779,101,53,188,90,0.9506840613388328,0.950716570585336
0.044350634610017536,0.9095154699357851,0.8842224744608399,0.9362980769230769,0.6726618705035972,779,102,53,187,91,0.9506840613388328,0.950716570585336
0.04434081986501015,0.9089848308051341,0.8832199546485261,0.9362980769230769,0.6690647482014388,779,103,53,186,92,0.9506840613388328,0.950716570585336
0.04370707099786508,0.9096209912536443,0.883352208380521,0.9375,0.6690647482014388,780,103,52,186,92,0.9506840613388328,0.950716570585336
0.04324649602721903,0.9090909090909091,0.8823529411764706,0.9375,0.6654676258992805,780,104,52,185,93,0.9506840613388328,0.950716570585336
0.04315085388053663,0.9085614443797321,0.8813559322033898,0.9375,0.6618705035971223,780,105,52,184,94,0.9506840613388328,0.950716570585336
0.043082604267955515,0.9080325960419092,0.8803611738148984,0.9375,0.658273381294964,780,106,52,183,95,0.9506840613388328,0.950716570585336
0.04294015627686376,0.9075043630017452,0.8793686583990981,0.9375,0.6546762589928058,780,107,52,182,96,0.9506840613388328,0.950716570585336
0.042579752268966375,0.9081395348837209,0.8795045045045045,0.9387019230769231,0.6546762589928058,781,107,51,182,96,0.9506840613388328,0.950716570585336
0.04257707076098327,0.9076118535735038,0.8785151856017998,0.9387019230769231,0.6510791366906474,781,108,51,181,97,0.9506840613388328,0.950716570585336
0.0423566894391213,0.9070847851335656,0.8775280898876404,0.9387019230769231,0.6474820143884892,781,109,51,180,98,0.9506840613388328,0.950716570585336
0.04234350086420935,0.9065583284968078,0.8765432098765432,0.9387019230769231,0.6438848920863309,781,110,51,179,99,0.9506840613388328,0.950716570585336
0.041339208161713215,0.9060324825986079,0.875560538116592,0.9387019230769231,0.6402877697841727,781,111,51,178,100,0.9506840613388328,0.950716570585336
0.041229369673679184,0.9055072463768116,0.8745800671892497,0.9387019230769231,0.6366906474820144,781,112,51,177,101,0.9506840613388328,0.950716570585336
0.04112859054239315,0.9049826187717266,0.8736017897091722,0.9387019230769231,0.6330935251798561,781,113,51,176,102,0.9506840613388328,0.950716570585336
0.04092977155707389,0.9044585987261147,0.8726256983240224,0.9387019230769231,0.6294964028776978,781,114,51,175,103,0.9506840613388328,0.950716570585336
0.04090658930180302,0.9039351851851852,0.8716517857142857,0.9387019230769231,0.6258992805755396,781,115,51,174,104,0.9506840613388328,0.950716570585336
0.03986747712702843,0.9034123770965876,0.8706800445930881,0.9387019230769231,0.6223021582733813,781,116,51,173,105,0.9506840613388328,0.950716570585336
0.03800833120940372,0.9028901734104047,0.8697104677060133,0.9387019230769231,0.6187050359712231,781,117,51,172,106,0.9506840613388328,0.950716570585336
0.037796846191511746,0.902368573079145,0.8687430478309233,0.9387019230769231,0.6151079136690647,781,118,51,171,107,0.9506840613388328,0.950716570585336
0.03752043288193585,0.9030023094688222,0.8688888888888889,0.9399038461538461,0.6151079136690647,782,118,50,171,107,0.9506840613388328,0.950716570585336
0.036765846385288126,0.9024812463935372,0.8679245283018868,0.9399038461538461,0.6115107913669064,782,119,50,170,108,0.9506840613388328,0.950716570585336
0.03667391993453606,0.9019607843137255,0.8669623059866962,0.9399038461538461,0.6079136690647482,782,120,50,169,109,0.9506840613388328,0.950716570585336
0.03662205689763809,0.9014409221902018,0.8660022148394242,0.9399038461538461,0.60431654676259,782,121,50,168,110,0.9506840613388328,0.950716570585336
0.036141685503595755,0.9009216589861752,0.8650442477876106,0.9399038461538461,0.6007194244604317,782,122,50,167,111,0.9506840613388328,0.950716570585336
0.035654113910655316,0.9004029936672424,0.8640883977900552,0.9399038461538461,0.5971223021582733,782,123,50,166,112,0.9506840613388328,0.950716570585336
0.035455802599810016,0.8998849252013809,0.8631346578366446,0.9399038461538461,0.5935251798561151,782,124,50,165,113,0.9506840613388328,0.950716570585336
0.03516623119360818,0.8993674525589419,0.8621830209481808,0.9399038461538461,0.5899280575539568,782,125,50,164,114,0.9506840613388328,0.950716570585336
0.03511712621218743,0.8988505747126436,0.8612334801762115,0.9399038461538461,0.5863309352517986,782,126,50,163,115,0.9506840613388328,0.950716570585336
0.034699450535276566,0.8983342906375646,0.8602860286028603,0.9399038461538461,0.5827338129496403,782,127,50,162,116,0.9506840613388328,0.950716570585336
0.03352325280964219,0.8978185993111366,0.8593406593406593,0.9399038461538461,0.579136690647482,782,128,50,161,117,0.9506840613388328,0.950716570585336
0.03328087848321909,0.8973034997131383,0.858397365532382,0.9399038461538461,0.5755395683453237,782,129,50,160,118,0.9506840613388328,0.950716570585336
0.03318858906880995,0.8967889908256881,0.8574561403508771,0.9399038461538461,0.5719424460431655,782,130,50,159,119,0.9506840613388328,0.950716570585336
0.03313750862198772,0.8974212034383954,0.8576122672508215,0.9411057692307693,0.5719424460431655,783,130,49,159,119,0.9506840613388328,0.950716570585336
0.03279742799641627,0.8969072164948454,0.8566739606126915,0.9411057692307693,0.5683453237410072,783,131,49,158,120,0.9506840613388328,0.950716570585336
0.03227979088432742,0.8963938179736691,0.8557377049180328,0.9411057692307693,0.564748201438849,783,132,49,157,121,0.9506840613388328,0.950716570585336
0.03202459837940452,0.8958810068649885,0.8548034934497817,0.9411057692307693,0.5611510791366906,783,133,49,156,122,0.9506840613388328,0.950716570585336
0.03183225424516839,0.8953687821612349,0.8538713195201745,0.9411057692307693,0.5575539568345323,783,134,49,155,123,0.9506840613388328,0.950716570585336
0.031524792613783215,0.8948571428571429,0.8529411764705882,0.9411057692307693,0.5539568345323741,783,135,49,154,124,0.9506840613388328,0.950716570585336
0.031056221171849252,0.8954882924043404,0.85310119695321,0.9423076923076923,0.5539568345323741,784,135,48,154,124,0.9506840613388328,0.950716570585336
0.030848230401737398,0.8949771689497716,0.8521739130434782,0.9423076923076923,0.5503597122302158,784,136,48,153,125,0.9506840613388328,0.950716570585336
0.030781039408642075,0.894466628636623,0.8512486427795874,0.9423076923076923,0.5467625899280576,784,137,48,152,126,0.9506840613388328,0.950716570585336
0.030712396181677926,0.8939566704675028,0.8503253796095445,0.9423076923076923,0.5431654676258992,784,138,48,151,127,0.9506840613388328,0.950716570585336
0.030629876118492827,0.8934472934472935,0.8494041170097508,0.9423076923076923,0.539568345323741,784,139,48,150,128,0.9506840613388328,0.950716570585336
0.03038189655192014,0.8929384965831435,0.8484848484848485,0.9423076923076923,0.5359712230215827,784,140,48,149,129,0.9506840613388328,0.950716570585336
0.03028830631864754,0.8924302788844621,0.8475675675675676,0.9423076923076923,0.5323741007194245,784,141,48,148,130,0.9506840613388328,0.950716570585336
0.030286374217236234,0.8919226393629124,0.8466522678185745,0.9423076923076923,0.5287769784172662,784,142,48,147,131,0.9506840613388328,0.950716570585336
0.029894174452731626,0.8914155770324048,0.8457389428263214,0.9423076923076923,0.5251798561151079,784,143,48,146,132,0.9506840613388328,0.950716570585336
0.02958591152061174,0.8909090909090909,0.8448275862068966,0.9423076923076923,0.5215827338129496,784,144,48,145,133,0.9506840613388328,0.950716570585336
0.02954057520242337,0.8915388983532084,0.844994617868676,0.9435096153846154,0.5215827338129496,785,144,47,145,133,0.9506840613388328,0.950716570585336
0.029417216226223064,0.8910329171396141,0.8440860215053764,0.9435096153846154,0.5179856115107914,785,145,47,144,134,0.9506840613388328,0.950716570585336
0.02838334542525811,0.8905275099262621,0.8431793770139635,0.9435096153846154,0.5143884892086331,785,146,47,143,135,0.9506840613388328,0.950716570585336
0.028019171475397786,0.891156462585034,0.8433476394849786,0.9447115384615384,0.5143884892086331,786,146,46,143,135,0.9506840613388328,0.950716570585336
0.027866127980534117,0.8906515580736544,0.842443729903537,0.9447115384615384,0.5107913669064749,786,147,46,142,136,0.9506840613388328,0.950716570585336
0.02745859102960646,0.8901472253680635,0.841541755888651,0.9447115384615384,0.5071942446043165,786,148,46,141,137,0.9506840613388328,0.950716570585336
0.027431955280181664,0.8896434634974533,0.8406417112299466,0.9447115384615384,0.5035971223021583,786,149,46,140,138,0.9506840613388328,0.950716570585336
0.027081798266433144,0.8891402714932126,0.8397435897435898,0.9447115384615384,0.5,786,150,46,139,139,0.9506840613388328,0.950716570585336
0.02666893398452591,0.8886376483889203,0.8388473852721452,0.9447115384615384,0.49640287769784175,786,151,46,138,140,0.9506840613388328,0.950716570585336
0.02655347812559916,0.888135593220339,0.837953091684435,0.9447115384615384,0.49280575539568344,786,152,46,137,141,0.9506840613388328,0.950716570585336
0.02594550747206481,0.8876341050254094,0.8370607028753994,0.9447115384615384,0.4892086330935252,786,153,46,136,142,0.9506840613388328,0.950716570585336
0.025772803251469023,0.8871331828442438,0.8361702127659575,0.9447115384615384,0.4892086330935252,786,154,46,136,142,0.9506840613388328,0.950716570585336
0.025740857520819782,0.8877608573040046,0.8363443145589798,0.9459134615384616,0.4892086330935252,787,154,45,136,142,0.9506840613388328,0.950716570585336
0.025547801733996678,0.887260428410372,0.8354564755838642,0.9459134615384616,0.4856115107913669,787,155,45,135,143,0.9506840613388328,0.950716570585336
0.025528970978352883,0.8867605633802816,0.8345705196182397,0.9459134615384616,0.48201438848920863,787,156,45,134,144,0.9506840613388328,0.950716570585336
0.025318237415436595,0.8873873873873874,0.8347457627118644,0.9471153846153846,0.48201438848920863,788,156,44,134,144,0.9506840613388328,0.950716570585336
0.025269107622274134,0.8868880135059088,0.8338624338624339,0.9471153846153846,0.4784172661870504,788,157,44,133,145,0.9506840613388328,0.950716570585336
0.025099013060898345,0.8863892013498312,0.8329809725158562,0.9471153846153846,0.4748201438848921,788,158,44,132,146,0.9506840613388328,0.950716570585336
0.02505634849532945,0.8870151770657673,0.8331573389651531,0.9483173076923077,0.4748201438848921,789,158,43,132,146,0.9506840613388328,0.950716570585336
0.024873714121160462,0.8865168539325843,0.8322784810126582,0.9483173076923077,0.4748201438848921,789,159,43,132,146,0.9506840613388328,0.950716570585336
0.0247594347092156,0.8860190903986525,0.8314014752370916,0.9483173076923077,0.4712230215827338,789,160,43,131,147,0.9506840613388328,0.950716570585336
0.024692043935748365,0.8855218855218855,0.8305263157894737,0.9483173076923077,0.4676258992805755,789,161,43,130,148,0.9506840613388328,0.950716570585336
0.02456460342208666,0.8850252383623107,0.8296529968454258,0.9483173076923077,0.46402877697841727,789,162,43,129,149,0.9506840613388328,0.950716570585336
0.023717813295139112,0.8845291479820628,0.8287815126050421,0.9483173076923077,0.460431654676259,789,163,43,128,150,0.9506840613388328,0.950716570585336
0.023481506430425236,0.8851540616246498,0.8289611752360966,0.9495192307692307,0.460431654676259,790,163,42,128,150,0.9506840613388328,0.950716570585336
0.023174586085443316,0.8846584546472565,0.8280922431865828,0.9495192307692307,0.4568345323741007,790,164,42,127,151,0.9506840613388328,0.950716570585336
0.02287508042940012,0.8841634023503078,0.8272251308900523,0.9495192307692307,0.45323741007194246,790,165,42,126,152,0.9506840613388328,0.950716570585336
0.022706867943564468,0.883668903803132,0.8263598326359832,0.9495192307692307,0.44964028776978415,790,166,42,125,153,0.9506840613388328,0.950716570585336
0.022641770865044153,0.8831749580771381,0.8254963427377221,0.9495192307692307,0.4460431654676259,790,167,42,124,154,0.9506840613388328,0.950716570585336
0.022394834208536496,0.8837988826815643,0.8256784968684759,0.9507211538461539,0.4460431654676259,791,167,41,124,154,0.9506840613388328,0.950716570585336
0.022370495388841283,0.8833054159687326,0.8248175182481752,0.9507211538461539,0.44244604316546765,791,168,41,123,155,0.9506840613388328,0.950716570585336
0.022321649423851064,0.8828125,0.8239583333333333,0.9507211538461539,0.43884892086330934,791,169,41,122,156,0.9506840613388328,0.950716570585336
0.022219525855491584,0.8823201338538762,0.8231009365244537,0.9507211538461539,0.4352517985611511,791,170,41,121,157,0.9506840613388328,0.950716570585336
0.02181216915291523,0.8818283166109253,0.8222453222453222,0.9507211538461539,0.4316546762589928,791,171,41,120,158,0.9506840613388328,0.950716570585336
0.02173167164565143,0.8813370473537604,0.8213914849428868,0.9507211538461539,0.42805755395683454,791,172,41,119,159,0.9506840613388328,0.950716570585336
0.021597942108582457,0.8819599109131403,0.8215767634854771,0.9519230769230769,0.42805755395683454,792,172,40,119,159,0.9506840613388328,0.950716570585336
0.021492786604265013,0.8814691151919867,0.8207253886010363,0.9519230769230769,0.4244604316546763,792,173,40,118,160,0.9506840613388328,0.950716570585336
0.0214810395261813,0.8809788654060067,0.8198757763975155,0.9519230769230769,0.420863309352518,792,174,40,117,161,0.9506840613388328,0.950716570585336
0.021397282401370177,0.8804891606448026,0.8190279214064116,0.9519230769230769,0.4172661870503597,792,175,40,116,162,0.9506840613388328,0.950716570585336
0.02132203401063526,0.88,0.8181818181818182,0.9519230769230769,0.4136690647482014,792,176,40,115,163,0.9506840613388328,0.950716570585336
0.02099801775779575,0.8806218767351471,0.8183694530443757,0.953125,0.4136690647482014,793,176,39,115,163,0.9506840613388328,0.950716570585336
0.020966308237018172,0.8801331853496115,0.8175257731958763,0.953125,0.41007194244604317,793,177,39,114,164,0.9506840613388328,0.950716570585336
0.020940260467366356,0.8796450360510261,0.8166838311019567,0.953125,0.4064748201438849,793,178,39,113,165,0.9506840613388328,0.950716570585336
0.02090045708546695,0.8791574279379157,0.815843621399177,0.953125,0.4064748201438849,793,179,39,113,165,0.9506840613388328,0.950716570585336
0.02063405462894602,0.8786703601108034,0.8150051387461459,0.953125,0.4028776978417266,793,180,39,112,166,0.9506840613388328,0.950716570585336
0.02058162253268131,0.8781838316722038,0.8141683778234087,0.953125,0.39928057553956836,793,181,39,111,167,0.9506840613388328,0.950716570585336
0.020575317018824535,0.8776978417266187,0.8133333333333334,0.953125,0.39568345323741005,793,182,39,110,168,0.9506840613388328,0.950716570585336
0.020018549128762386,0.8772123893805309,0.8125,0.953125,0.3920863309352518,793,183,39,109,169,0.9506840613388328,0.950716570585336
0.0199923170411338,0.8767274737423991,0.8116683725690891,0.953125,0.38848920863309355,793,184,39,108,170,0.9506840613388328,0.950716570585336
0.019902374649885868,0.876243093922652,0.810838445807771,0.953125,0.38489208633093525,793,185,39,107,171,0.9506840613388328,0.950716570585336
0.019408578407632104,0.8757592490336831,0.8100102145045965,0.953125,0.381294964028777,793,186,39,106,172,0.9506840613388328,0.950716570585336
0.019174983593876926,0.8752759381898455,0.8091836734693878,0.953125,0.381294964028777,793,187,39,106,172,0.9506840613388328,0.950716570585336
0.018993987473096552,0.8747931605074463,0.8083588175331294,0.953125,0.3776978417266187,793,188,39,105,173,0.9506840613388328,0.950716570585336
0.018901410826220655,0.8743109151047409,0.8075356415478615,0.953125,0.3776978417266187,793,189,39,105,173,0.9506840613388328,0.950716570585336
0.01888253115608235,0.8738292011019284,0.8067141403865717,0.953125,0.37410071942446044,793,190,39,104,174,0.9506840613388328,0.950716570585336
0.018838394018661053,0.8733480176211453,0.8058943089430894,0.953125,0.37050359712230213,793,191,39,103,175,0.9506840613388328,0.950716570585336
0.0185761829874857,0.8728673637864612,0.8050761421319796,0.953125,0.3669064748201439,793,192,39,102,176,0.9506840613388328,0.950716570585336
0.01847024219514859,0.8723872387238724,0.8042596348884381,0.953125,0.36330935251798563,793,193,39,101,177,0.9506840613388328,0.950716570585336
0.01841220665113208,0.8719076415612974,0.8034447821681864,0.953125,0.3597122302158273,793,194,39,100,178,0.9506840613388328,0.950716570585336
0.018284738797652744,0.8714285714285714,0.8026315789473685,0.953125,0.3597122302158273,793,195,39,100,178,0.9506840613388328,0.950716570585336
0.018264947688808375,0.870950027457441,0.8018200202224469,0.953125,0.35611510791366907,793,196,39,99,179,0.9506840613388328,0.950716570585336
0.018258888186275968,0.8715697036223929,0.802020202020202,0.9543269230769231,0.35611510791366907,794,196,38,99,179,0.9506840613388328,0.950716570585336
0.017873711828744865,0.8710916072408118,0.8012108980827447,0.9543269230769231,0.35251798561151076,794,197,38,98,180,0.9506840613388328,0.950716570585336
0.017629889326869097,0.8706140350877193,0.8004032258064516,0.9543269230769231,0.3489208633093525,794,198,38,97,181,0.9506840613388328,0.950716570585336
0.017603953985871723,0.8701369863013698,0.7995971802618328,0.9543269230769231,0.34532374100719426,794,199,38,96,182,0.9506840613388328,0.950716570585336
0.017446929580322124,0.8707557502738226,0.7997987927565392,0.9555288461538461,0.34532374100719426,795,199,37,96,182,0.9506840613388328,0.950716570585336
0.017342583636995812,0.8702791461412152,0.7989949748743719,0.9555288461538461,0.34172661870503596,795,200,37,95,183,0.9506840613388328,0.950716570585336
0.01681831154311375,0.8698030634573304,0.7981927710843374,0.9555288461538461,0.3381294964028777,795,201,37,94,184,0.9506840613388328,0.950716570585336
0.01671555446310613,0.8704209950792783,0.79839518555667,0.9567307692307693,0.3381294964028777,796,201,36,94,184,0.9506840613388328,0.950716570585336
0.016232259252292103,0.8699453551912568,0.7975951903807615,0.9567307692307693,0.3345323741007194,796,202,36,93,185,0.9506840613388328,0.950716570585336
0.016224296637823543,0.8705625341343528,0.7977977977977978,0.9579326923076923,0.3345323741007194,797,202,35,93,185,0.9506840613388328,0.950716570585336
0.015852562030348127,0.8700873362445415,0.797,0.9579326923076923,0.33093525179856115,797,203,35,92,186,0.9506840613388328,0.950716570585336
0.01579374832932212,0.8696126568466994,0.7962037962037962,0.9579326923076923,0.3273381294964029,797,204,35,91,187,0.9506840613388328,0.950716570585336
0.01573286076245589,0.8691384950926936,0.7954091816367266,0.9579326923076923,0.3237410071942446,797,205,35,90,188,0.9506840613388328,0.950716570585336
0.015666209887013505,0.8686648501362397,0.7946161515453639,0.9579326923076923,0.32014388489208634,797,206,35,89,189,0.9506840613388328,0.950716570585336
0.015482284676618219,0.8681917211328976,0.7938247011952191,0.9579326923076923,0.31654676258992803,797,207,35,88,190,0.9506840613388328,0.950716570585336
0.015316267198423605,0.8688078388677191,0.7940298507462686,0.9591346153846154,0.31654676258992803,798,207,34,88,190,0.9506840613388328,0.950716570585336
0.014983365284051087,0.8683351468988031,0.7932405566600398,0.9591346153846154,0.3129496402877698,798,208,34,87,191,0.9506840613388328,0.950716570585336
0.014893122004010939,0.867862969004894,0.7924528301886793,0.9591346153846154,0.30935251798561153,798,209,34,86,192,0.9506840613388328,0.950716570585336
0.014741651416531942,0.8673913043478261,0.7916666666666666,0.9591346153846154,0.3057553956834532,798,210,34,85,193,0.9506840613388328,0.950716570585336
0.014718828931080508,0.8669201520912547,0.7908820614469773,0.9591346153846154,0.302158273381295,798,211,34,84,194,0.9506840613388328,0.950716570585336
0.014106795350458723,0.8664495114006515,0.7900990099009901,0.9591346153846154,0.29856115107913667,798,212,34,83,195,0.9506840613388328,0.950716570585336
0.014095608675511517,0.865979381443299,0.7893175074183977,0.9591346153846154,0.29856115107913667,798,213,34,83,195,0.9506840613388328,0.950716570585336
0.014086906930552257,0.8655097613882863,0.7885375494071146,0.9591346153846154,0.2949640287769784,798,214,34,82,196,0.9506840613388328,0.950716570585336
0.01401651295019779,0.865040650406504,0.7877591312931885,0.9591346153846154,0.29136690647482016,798,215,34,81,197,0.9506840613388328,0.950716570585336
0.013993453242402698,0.8645720476706392,0.7869822485207101,0.9591346153846154,0.28776978417266186,798,216,34,80,198,0.9506840613388328,0.950716570585336
0.013829986131708938,0.8641039523551706,0.7862068965517242,0.9591346153846154,0.2841726618705036,798,217,34,79,199,0.9506840613388328,0.950716570585336
0.013423858993484639,0.8647186147186147,0.7864173228346457,0.9603365384615384,0.2841726618705036,799,217,33,79,199,0.9506840613388328,0.950716570585336
0.01328679069275629,0.8642509464575446,0.7856440511307768,0.9603365384615384,0.2805755395683453,799,218,33,78,200,0.9506840613388328,0.950716570585336
0.013166009661915612,0.8637837837837837,0.7848722986247544,0.9603365384615384,0.27697841726618705,799,219,33,77,201,0.9506840613388328,0.950716570585336
0.013033415257624914,0.8633171258779039,0.7841020608439647,0.9603365384615384,0.2733812949640288,799,220,33,76,202,0.9506840613388328,0.950716570585336
0.012436642916887286,0.8639308855291576,0.7843137254901961,0.9615384615384616,0.2733812949640288,800,220,32,76,202,0.9506840613388328,0.950716570585336
0.012174067833769453,0.8634646519158122,0.7835455435847208,0.9615384615384616,0.2697841726618705,800,221,32,75,203,0.9506840613388328,0.950716570585336
0.012159458938567957,0.8629989212513485,0.7827788649706457,0.9615384615384616,0.26618705035971224,800,222,32,74,204,0.9506840613388328,0.950716570585336
0.011912801804374984,0.862533692722372,0.7820136852394917,0.9615384615384616,0.26258992805755393,800,223,32,73,205,0.9506840613388328,0.950716570585336
0.011629664599162814,0.8620689655172413,0.78125,0.9615384615384616,0.2589928057553957,800,224,32,72,206,0.9506840613388328,0.950716570585336
0.011623219982212385,0.8616047388260636,0.7804878048780488,0.9615384615384616,0.25539568345323743,800,225,32,71,207,0.9506840613388328,0.950716570585336
0.011553757612657978,0.8611410118406889,0.7797270955165692,0.9615384615384616,0.2517985611510791,800,226,32,70,208,0.9506840613388328,0.950716570585336
0.011446229802922259,0.8606777837547068,0.7789678675754625,0.9615384615384616,0.24820143884892087,800,227,32,69,209,0.9506840613388328,0.950716570585336
0.011429268717457752,0.8602150537634409,0.7782101167315175,0.9615384615384616,0.2446043165467626,800,228,32,68,210,0.9506840613388328,0.950716570585336
0.011357599052155443,0.8597528210639441,0.7774538386783285,0.9615384615384616,0.24100719424460432,800,229,32,67,211,0.9506840613388328,0.950716570585336
0.010882012515418649,0.8592910848549946,0.7766990291262136,0.9615384615384616,0.23741007194244604,800,230,32,66,212,0.9506840613388328,0.950716570585336
0.01079433595120749,0.8588298443370908,0.7759456838021338,0.9615384615384616,0.23381294964028776,800,231,32,65,213,0.9506840613388328,0.950716570585336
0.010788811341696125,0.8583690987124464,0.7751937984496124,0.9615384615384616,0.2302158273381295,800,232,32,64,214,0.9506840613388328,0.950716570585336
0.010689653878650729,0.8589812332439678,0.7754114230396902,0.9627403846153846,0.2302158273381295,801,232,31,64,214,0.9506840613388328,0.950716570585336
0.010522842311940728,0.8595927116827439,0.7756286266924565,0.9639423076923077,0.2302158273381295,802,232,30,64,214,0.9506840613388328,0.950716570585336
0.01041760803122671,0.8591322978039636,0.77487922705314,0.9639423076923077,0.22661870503597123,802,233,30,63,215,0.9506840613388328,0.950716570585336
0.009940779885718731,0.8586723768736617,0.7741312741312741,0.9639423076923077,0.22302158273381295,802,234,30,62,216,0.9506840613388328,0.950716570585336
0.009626822325287887,0.8582129481005886,0.7733847637415622,0.9639423076923077,0.21942446043165467,802,235,30,61,217,0.9506840613388328,0.950716570585336
0.009541599565050296,0.8577540106951872,0.7726396917148363,0.9639423076923077,0.2158273381294964,802,236,30,60,218,0.9506840613388328,0.950716570585336
0.009502116686646023,0.8583645109567076,0.7728585178055823,0.9651442307692307,0.2158273381294964,803,236,29,60,218,0.9506840613388328,0.950716570585336
0.009477190867824836,0.8579059829059829,0.7721153846153846,0.9651442307692307,0.21223021582733814,803,237,29,59,219,0.9506840613388328,0.950716570585336
0.009166451371699802,0.8574479444741057,0.7713736791546589,0.9651442307692307,0.20863309352517986,803,238,29,58,220,0.9506840613388328,0.950716570585336
0.009083778142936039,0.8569903948772679,0.7706333973128598,0.9651442307692307,0.20503597122302158,803,239,29,57,221,0.9506840613388328,0.950716570585336
0.008723360098081834,0.8565333333333334,0.7698945349952061,0.9651442307692307,0.2014388489208633,803,240,29,56,222,0.9506840613388328,0.950716570585336
0.008675199747776086,0.8560767590618337,0.7691570881226054,0.9651442307692307,0.19784172661870503,803,241,29,55,223,0.9506840613388328,0.950716570585336
0.008651829445626563,0.8556206712839638,0.7684210526315789,0.9651442307692307,0.19424460431654678,803,242,29,54,224,0.9506840613388328,0.950716570585336
0.008617153209613204,0.8551650692225772,0.7676864244741873,0.9651442307692307,0.1906474820143885,803,243,29,53,225,0.9506840613388328,0.950716570585336
0.008399022335830397,0.854709952102182,0.766953199617956,0.9651442307692307,0.1906474820143885,803,244,29,53,225,0.9506840613388328,0.950716570585336
0.00781046885038017,0.8542553191489362,0.7662213740458015,0.9651442307692307,0.18705035971223022,803,245,29,52,226,0.9506840613388328,0.950716570585336
0.0076053527345295024,0.8538011695906432,0.765490943755958,0.9651442307692307,0.18345323741007194,803,246,29,51,227,0.9506840613388328,0.950716570585336
0.007161056105460806,0.8533475026567482,0.7647619047619048,0.9651442307692307,0.17985611510791366,803,247,29,50,228,0.9506840613388328,0.950716570585336
0.007117787128649078,0.8528943175783325,0.764034253092293,0.9651442307692307,0.17625899280575538,803,248,29,49,229,0.9506840613388328,0.950716570585336
0.007067550370128073,0.8524416135881104,0.7633079847908745,0.9651442307692307,0.17266187050359713,803,249,29,48,230,0.9506840613388328,0.950716570585336
0.007031103578657438,0.8519893899204244,0.7625830959164293,0.9651442307692307,0.16906474820143885,803,250,29,47,231,0.9506840613388328,0.950716570585336
0.006853875982214597,0.8515376458112407,0.7618595825426945,0.9651442307692307,0.16546762589928057,803,251,29,46,232,0.9506840613388328,0.950716570585336
0.006542643553527794,0.8510863804981452,0.7611374407582938,0.9651442307692307,0.1618705035971223,803,252,29,45,233,0.9506840613388328,0.950716570585336
0.006205463661760835,0.850635593220339,0.7604166666666666,0.9651442307692307,0.15827338129496402,803,253,29,44,234,0.9506840613388328,0.950716570585336
0.006189798687571746,0.8501852832186342,0.759697256385998,0.9651442307692307,0.15467625899280577,803,254,29,43,235,0.9506840613388328,0.950716570585336
0.006130820559042793,0.8497354497354498,0.7589792060491494,0.9651442307692307,0.1510791366906475,803,255,29,42,236,0.9506840613388328,0.950716570585336
0.0060176060699506095,0.849286092014807,0.7582625118035883,0.9651442307692307,0.1474820143884892,803,256,29,41,237,0.9506840613388328,0.950716570585336
0.005732372434787414,0.8488372093023255,0.7575471698113208,0.9651442307692307,0.14388489208633093,803,257,29,40,238,0.9506840613388328,0.950716570585336
0.00567770846265514,0.8483888008452193,0.7568331762488218,0.9651442307692307,0.14028776978417265,803,258,29,39,239,0.9506840613388328,0.950716570585336
0.005524848458342779,0.8479408658922915,0.756120527306968,0.9651442307692307,0.1366906474820144,803,259,29,38,240,0.9506840613388328,0.950716570585336
0.005391476626689484,0.8474934036939314,0.7554092191909689,0.9651442307692307,0.13309352517985612,803,260,29,37,241,0.9506840613388328,0.950716570585336
0.005283414384597729,0.8470464135021097,0.7546992481203008,0.9651442307692307,0.12949640287769784,803,261,29,36,242,0.9506840613388328,0.950716570585336
0.005221099049227296,0.8476541908276226,0.7549295774647887,0.9663461538461539,0.12949640287769784,804,261,28,36,242,0.9506840613388328,0.950716570585336
0.005205012861744962,0.8472075869336143,0.7542213883677298,0.9663461538461539,0.12589928057553956,804,262,28,35,243,0.9506840613388328,0.950716570585336
0.0050071175743132135,0.8467614533965245,0.753514526710403,0.9663461538461539,0.1223021582733813,804,263,28,34,244,0.9506840613388328,0.950716570585336
0.004981334898447098,0.8463157894736842,0.7528089887640449,0.9663461538461539,0.11870503597122302,804,264,28,33,245,0.9506840613388328,0.950716570585336
0.004599121554253793,0.8458705944239874,0.7521047708138447,0.9663461538461539,0.11510791366906475,804,265,28,32,246,0.9506840613388328,0.950716570585336
0.004552853386937616,0.8454258675078864,0.7514018691588785,0.9663461538461539,0.11151079136690648,804,266,28,31,247,0.9506840613388328,0.950716570585336
0.004485247943258663,0.8449816079873883,0.7507002801120448,0.9663461538461539,0.1079136690647482,804,267,28,30,248,0.9506840613388328,0.950716570585336
0.004248637138867362,0.8445378151260504,0.75,0.9663461538461539,0.10431654676258993,804,268,28,29,249,0.9506840613388328,0.950716570585336
0.004125855177701476,0.8440944881889764,0.7493010251630942,0.9663461538461539,0.10071942446043165,804,269,28,28,250,0.9506840613388328,0.950716570585336
0.004024963715059338,0.8436516264428122,0.7486033519553073,0.9663461538461539,0.09712230215827339,804,270,28,27,251,0.9506840613388328,0.950716570585336
0.004011317992654195,0.844257996853697,0.7488372093023256,0.9675480769230769,0.09712230215827339,805,270,27,27,251,0.9506840613388328,0.950716570585336
0.0038642367591675275,0.8438155136268344,0.7481412639405205,0.9675480769230769,0.09352517985611511,805,271,27,26,252,0.9506840613388328,0.950716570585336
0.003852021838728792,0.8433734939759037,0.7474466109563602,0.9675480769230769,0.08992805755395683,805,272,27,25,253,0.9506840613388328,0.950716570585336
0.003655963095216541,0.8429319371727748,0.7467532467532467,0.9675480769230769,0.08992805755395683,805,273,27,25,253,0.9506840613388328,0.950716570585336
0.0036167779475778095,0.8424908424908425,0.7460611677479148,0.9675480769230769,0.08633093525179857,805,274,27,24,254,0.9506840613388328,0.950716570585336
0.0035354213284297664,0.8430962343096234,0.7462962962962963,0.96875,0.08633093525179857,806,274,26,24,254,0.9506840613388328,0.950716570585336
0.003423132540307794,0.8426555148980659,0.7456059204440333,0.96875,0.08273381294964029,806,275,26,23,255,0.9506840613388328,0.950716570585336
0.0033162992743872577,0.8422152560083594,0.744916820702403,0.96875,0.07913669064748201,806,276,26,22,256,0.9506840613388328,0.950716570585336
0.00324950086662229,0.8417754569190601,0.7442289935364728,0.96875,0.07913669064748201,806,277,26,22,256,0.9506840613388328,0.950716570585336
0.0030633218704887444,0.8413361169102297,0.7435424354243543,0.96875,0.07553956834532374,806,278,26,21,257,0.9506840613388328,0.950716570585336
0.003053068023611105,0.8408972352634324,0.7428571428571429,0.96875,0.07194244604316546,806,279,26,20,258,0.9506840613388328,0.950716570585336
0.002513185311893651,0.8404588112617309,0.7421731123388582,0.96875,0.0683453237410072,806,280,26,19,259,0.9506840613388328,0.950716570585336
0.002487820397763185,0.8400208441896821,0.7414903403863845,0.96875,0.06474820143884892,806,281,26,18,260,0.9506840613388328,0.950716570585336
0.0024610796644569666,0.8395833333333333,0.7408088235294118,0.96875,0.06115107913669065,806,282,26,17,261,0.9506840613388328,0.950716570585336
0.0024540120363685247,0.8401874023945861,0.7410468319559229,0.9699519230769231,0.06115107913669065,807,282,25,17,261,0.9506840613388328,0.950716570585336
0.0022382322265975807,0.8397502601456815,0.7403669724770642,0.9699519230769231,0.06115107913669065,807,283,25,17,261,0.9506840613388328,0.950716570585336
0.002163327349003319,0.8393135725429017,0.7396883593033914,0.9699519230769231,0.05755395683453238,807,284,25,16,262,0.9506840613388328,0.950716570585336
0.001896903190325927,0.8388773388773388,0.739010989010989,0.9699519230769231,0.0539568345323741,807,285,25,15,263,0.9506840613388328,0.950716570585336
0.0018709807684619273,0.8384415584415584,0.7383348581884721,0.9699519230769231,0.050359712230215826,807,286,25,14,264,0.9506840613388328,0.950716570585336
0.0017923647135643095,0.838006230529595,0.7376599634369287,0.9699519230769231,0.046762589928057555,807,287,25,13,265,0.9506840613388328,0.950716570585336
0.0016838246948907565,0.8375713544369486,0.736986301369863,0.9699519230769231,0.04316546762589928,807,288,25,12,266,0.9506840613388328,0.950716570585336
0.00153021030487821,0.8371369294605809,0.7363138686131386,0.9699519230769231,0.039568345323741004,807,289,25,11,267,0.9506840613388328,0.950716570585336
0.0014489456553175017,0.8367029548989113,0.7356426618049225,0.9699519230769231,0.03597122302158273,807,290,25,10,268,0.9506840613388328,0.950716570585336
0.0013954537811067258,0.8362694300518134,0.7349726775956285,0.9699519230769231,0.03237410071942446,807,291,25,9,269,0.9506840613388328,0.950716570585336
0.0011638291251129251,0.8358363542206111,0.7343039126478617,0.9699519230769231,0.02877697841726619,807,292,25,8,270,0.9506840613388328,0.950716570585336
0.0008327433450860955,0.8354037267080745,0.7336363636363636,0.9699519230769231,0.025179856115107913,807,293,25,7,271,0.9506840613388328,0.950716570585336
0.0006922923875236076,0.834971546818417,0.7329700272479565,0.9699519230769231,0.02158273381294964,807,294,25,6,272,0.9506840613388328,0.950716570585336
0.000610339119068215,0.8345398138572906,0.7323049001814882,0.9699519230769231,0.017985611510791366,807,295,25,5,273,0.9506840613388328,0.950716570585336
0.0005666682726481742,0.834108527131783,0.7316409791477788,0.9699519230769231,0.017985611510791366,807,296,25,5,273,0.9506840613388328,0.950716570585336
0.0005118689643710816,0.8336776859504132,0.7309782608695652,0.9699519230769231,0.014388489208633094,807,297,25,4,274,0.9506840613388328,0.950716570585336
0.0004616581718721591,0.8342798141455859,0.7312217194570135,0.9711538461538461,0.014388489208633094,808,297,24,4,274,0.9506840613388328,0.950716570585336
0.0004307494824709046,0.8338493292053664,0.7305605786618445,0.9711538461538461,0.014388489208633094,808,298,24,4,274,0.9506840613388328,0.950716570585336
0.00041094423678222913,0.8334192882929345,0.7299006323396567,0.9711538461538461,0.01079136690647482,808,299,24,3,275,0.9506840613388328,0.950716570585336
0.0003817859449043448,0.8329896907216495,0.7292418772563177,0.9711538461538461,0.007194244604316547,808,300,24,2,276,0.9506840613388328,0.950716570585336
0.00031634869677921174,0.8325605358062854,0.7285843101893598,0.9711538461538461,0.0035971223021582736,808,301,24,1,277,0.9506840613388328,0.950716570585336
5.8617359000590064e-05,0.8321318228630278,0.7279279279279279,0.9711538461538461,0.0,808,302,24,0,278,0.9506840613388328,0.950716570585336
