threshold,f1,precision,recall,tnr,tp,fp,fn,tn_unknown,fp_unknown,auc_pr_trapezoid,ap_pr_step
0.9883153132646644,0.0,,0.0,1.0,0,0,832,278,0,0.921883867563915,0.9219639623994422
0.9883153132646643,0.0024009603841536613,1.0,0.001201923076923077,1.0,1,0,831,278,0,0.921883867563915,0.9219639623994422
0.9564443000952834,0.004796163069544364,1.0,0.002403846153846154,1.0,2,0,830,278,0,0.921883867563915,0.9219639623994422
0.9523049122410849,0.00718562874251497,1.0,0.003605769230769231,1.0,3,0,829,278,0,0.921883867563915,0.9219639623994422
0.9519026508420333,0.009569377990430622,1.0,0.004807692307692308,1.0,4,0,828,278,0,0.921883867563915,0.9219639623994422
0.9518149117347593,0.011947431302270013,1.0,0.006009615384615385,1.0,5,0,827,278,0,0.921883867563915,0.9219639623994422
0.9515563722499357,0.014319809069212411,1.0,0.007211538461538462,1.0,6,0,826,278,0,0.921883867563915,0.9219639623994422
0.9515302682464765,0.0166865315852205,1.0,0.008413461538461538,1.0,7,0,825,278,0,0.921883867563915,0.9219639623994422
0.9514502792193558,0.01904761904761905,1.0,0.009615384615384616,1.0,8,0,824,278,0,0.921883867563915,0.9219639623994422
0.945169738110913,0.02140309155766944,1.0,0.010817307692307692,1.0,9,0,823,278,0,0.921883867563915,0.9219639623994422
0.9425391086258813,0.023752969121140142,1.0,0.01201923076923077,1.0,10,0,822,278,0,0.921883867563915,0.9219639623994422
0.9422457699837883,0.02609727164887307,1.0,0.013221153846153846,1.0,11,0,821,278,0,0.921883867563915,0.9219639623994422
0.9421699280787826,0.02843601895734597,1.0,0.014423076923076924,1.0,12,0,820,278,0,0.921883867563915,0.9219639623994422
0.9411649477384254,0.03076923076923077,1.0,0.015625,1.0,13,0,819,278,0,0.921883867563915,0.9219639623994422
0.9399503312848612,0.03309692671394799,1.0,0.016826923076923076,1.0,14,0,818,278,0,0.921883867563915,0.9219639623994422
0.9393228737572584,0.03541912632821724,1.0,0.018028846153846152,1.0,15,0,817,278,0,0.921883867563915,0.9219639623994422
0.9391778528073051,0.03773584905660377,1.0,0.019230769230769232,1.0,16,0,816,278,0,0.921883867563915,0.9219639623994422
0.938934528837578,0.04004711425206125,1.0,0.020432692307692308,1.0,17,0,815,278,0,0.921883867563915,0.9219639623994422
0.9385780551049944,0.042352941176470586,1.0,0.021634615384615384,1.0,18,0,814,278,0,0.921883867563915,0.9219639623994422
0.9378110428167217,0.04465334900117509,1.0,0.02283653846153846,1.0,19,0,813,278,0,0.921883867563915,0.9219639623994422
0.9351442163254139,0.046948356807511735,1.0,0.02403846153846154,1.0,20,0,812,278,0,0.921883867563915,0.9219639623994422
0.9351383142294005,0.0492379835873388,1.0,0.025240384615384616,1.0,21,0,811,278,0,0.921883867563915,0.9219639623994422
0.934518522055175,0.05152224824355972,1.0,0.026442307692307692,1.0,22,0,810,278,0,0.921883867563915,0.9219639623994422
0.9336144835817297,0.05380116959064327,1.0,0.027644230769230768,1.0,23,0,809,278,0,0.921883867563915,0.9219639623994422
0.9308013032711664,0.056074766355140186,1.0,0.028846153846153848,1.0,24,0,808,278,0,0.921883867563915,0.9219639623994422
0.9307862446873326,0.058343057176196034,1.0,0.030048076923076924,1.0,25,0,807,278,0,0.921883867563915,0.9219639623994422
0.9292879369259356,0.06060606060606061,1.0,0.03125,1.0,26,0,806,278,0,0.921883867563915,0.9219639623994422
0.9291325172530389,0.06286379511059371,1.0,0.03245192307692308,1.0,27,0,805,278,0,0.921883867563915,0.9219639623994422
0.928674740167686,0.06511627906976744,1.0,0.03365384615384615,1.0,28,0,804,278,0,0.921883867563915,0.9219639623994422
0.9282859920045977,0.06736353077816493,1.0,0.03485576923076923,1.0,29,0,803,278,0,0.921883867563915,0.9219639623994422
0.9282825506334705,0.06960556844547564,1.0,0.036057692307692304,1.0,30,0,802,278,0,0.921883867563915,0.9219639623994422
0.9274742638295278,0.07184241019698726,1.0,0.037259615384615384,1.0,31,0,801,278,0,0.921883867563915,0.9219639623994422
0.927095424793612,0.07407407407407407,1.0,0.038461538461538464,1.0,32,0,800,278,0,0.921883867563915,0.9219639623994422
0.9251361670414766,0.07630057803468208,1.0,0.039663461538461536,1.0,33,0,799,278,0,0.921883867563915,0.9219639623994422
0.9232291679511052,0.07852193995381063,1.0,0.040865384615384616,1.0,34,0,798,278,0,0.921883867563915,0.9219639623994422
0.92294488485995,0.08073817762399077,1.0,0.042067307692307696,1.0,35,0,797,278,0,0.921883867563915,0.9219639623994422
0.9217891633143259,0.08294930875576037,1.0,0.04326923076923077,1.0,36,0,796,278,0,0.921883867563915,0.9219639623994422
0.9211791545996164,0.08515535097813579,1.0,0.04447115384615385,1.0,37,0,795,278,0,0.921883867563915,0.9219639623994422
0.9206263971333082,0.08735632183908046,1.0,0.04567307692307692,1.0,38,0,794,278,0,0.921883867563915,0.9219639623994422
0.9200934037525319,0.08955223880597014,1.0,0.046875,1.0,39,0,793,278,0,0.921883867563915,0.9219639623994422
0.9175796584674427,0.09174311926605505,1.0,0.04807692307692308,1.0,40,0,792,278,0,0.921883867563915,0.9219639623994422
0.9137395873407006,0.09392898052691867,1.0,0.04927884615384615,1.0,41,0,791,278,0,0.921883867563915,0.9219639623994422
0.9122775616285963,0.09610983981693363,1.0,0.05048076923076923,1.0,42,0,790,278,0,0.921883867563915,0.9219639623994422
0.9109389303155966,0.09828571428571428,1.0,0.051682692307692304,1.0,43,0,789,278,0,0.921883867563915,0.9219639623994422
0.9107275794360301,0.1004566210045662,1.0,0.052884615384615384,1.0,44,0,788,278,0,0.921883867563915,0.9219639623994422
0.9093182039186098,0.10262257696693272,1.0,0.054086538461538464,1.0,45,0,787,278,0,0.921883867563915,0.9219639623994422
0.9082699313283882,0.10478359908883828,1.0,0.055288461538461536,1.0,46,0,786,278,0,0.921883867563915,0.9219639623994422
0.9081390192830119,0.10693970420932879,1.0,0.056490384615384616,1.0,47,0,785,278,0,0.921883867563915,0.9219639623994422
0.9077531264080637,0.10909090909090909,1.0,0.057692307692307696,1.0,48,0,784,278,0,0.921883867563915,0.9219639623994422
0.9070472493609003,0.1112372304199773,1.0,0.05889423076923077,1.0,49,0,783,278,0,0.921883867563915,0.9219639623994422
0.9069041369607396,0.11337868480725624,1.0,0.06009615384615385,1.0,50,0,782,278,0,0.921883867563915,0.9219639623994422
0.9063158863848414,0.11551528878822197,1.0,0.06129807692307692,1.0,51,0,781,278,0,0.921883867563915,0.9219639623994422
0.9060988005176476,0.11764705882352941,1.0,0.0625,1.0,52,0,780,278,0,0.921883867563915,0.9219639623994422
0.905526470423525,0.11977401129943503,1.0,0.06370192307692307,1.0,53,0,779,278,0,0.921883867563915,0.9219639623994422
0.9050852826819724,0.12189616252821671,1.0,0.06490384615384616,1.0,54,0,778,278,0,0.921883867563915,0.9219639623994422
0.9044897189726075,0.12401352874859076,1.0,0.06610576923076923,1.0,55,0,777,278,0,0.921883867563915,0.9219639623994422
0.904216616164594,0.12612612612612611,1.0,0.0673076923076923,1.0,56,0,776,278,0,0.921883867563915,0.9219639623994422
0.9035722442211336,0.12823397075365578,1.0,0.06850961538461539,1.0,57,0,775,278,0,0.921883867563915,0.9219639623994422
0.9031796216350134,0.1303370786516854,1.0,0.06971153846153846,1.0,58,0,774,278,0,0.921883867563915,0.9219639623994422
0.9026838948880839,0.1324354657687991,1.0,0.07091346153846154,1.0,59,0,773,278,0,0.921883867563915,0.9219639623994422
0.9019161764698663,0.13452914798206278,1.0,0.07211538461538461,1.0,60,0,772,278,0,0.921883867563915,0.9219639623994422
0.9017427743654253,0.1366181410974244,1.0,0.0733173076923077,1.0,61,0,771,278,0,0.921883867563915,0.9219639623994422
0.9011636460125486,0.13870246085011187,1.0,0.07451923076923077,1.0,62,0,770,278,0,0.921883867563915,0.9219639623994422
0.8998683217273401,0.14078212290502792,1.0,0.07572115384615384,1.0,63,0,769,278,0,0.921883867563915,0.9219639623994422
0.8984320941446013,0.14285714285714285,1.0,0.07692307692307693,1.0,64,0,768,278,0,0.921883867563915,0.9219639623994422
0.8975886147307474,0.14492753623188406,1.0,0.078125,1.0,65,0,767,278,0,0.921883867563915,0.9219639623994422
0.897485343477341,0.14699331848552338,1.0,0.07932692307692307,1.0,66,0,766,278,0,0.921883867563915,0.9219639623994422
0.8965051021638111,0.14905450500556172,1.0,0.08052884615384616,1.0,67,0,765,278,0,0.921883867563915,0.9219639623994422
0.894354574070865,0.1511111111111111,1.0,0.08173076923076923,1.0,68,0,764,278,0,0.921883867563915,0.9219639623994422
0.893765967487043,0.15316315205327413,1.0,0.0829326923076923,1.0,69,0,763,278,0,0.921883867563915,0.9219639623994422
0.8936685421299518,0.15521064301552107,1.0,0.08413461538461539,1.0,70,0,762,278,0,0.921883867563915,0.9219639623994422
0.8934539499229891,0.15725359911406422,1.0,0.08533653846153846,1.0,71,0,761,278,0,0.921883867563915,0.9219639623994422
0.8930559004814499,0.1592920353982301,1.0,0.08653846153846154,1.0,72,0,760,278,0,0.921883867563915,0.9219639623994422
0.8928674859929346,0.16132596685082873,1.0,0.08774038461538461,1.0,73,0,759,278,0,0.921883867563915,0.9219639623994422
0.8928147857685802,0.16335540838852097,1.0,0.0889423076923077,1.0,74,0,758,278,0,0.921883867563915,0.9219639623994422
0.8928063637337509,0.16538037486218302,1.0,0.09014423076923077,1.0,75,0,757,278,0,0.921883867563915,0.9219639623994422
0.8924218915149692,0.16740088105726872,1.0,0.09134615384615384,1.0,76,0,756,278,0,0.921883867563915,0.9219639623994422
0.8924147448128621,0.1694169416941694,1.0,0.09254807692307693,1.0,77,0,755,278,0,0.921883867563915,0.9219639623994422
0.8924081660729618,0.17142857142857143,1.0,0.09375,1.0,78,0,754,278,0,0.921883867563915,0.9219639623994422
0.8919207661336945,0.1734357848518112,1.0,0.09495192307692307,1.0,79,0,753,278,0,0.921883867563915,0.9219639623994422
0.8901115341322157,0.17543859649122806,1.0,0.09615384615384616,1.0,80,0,752,278,0,0.921883867563915,0.9219639623994422
0.8895838695310657,0.1774370208105148,1.0,0.09735576923076923,1.0,81,0,751,278,0,0.921883867563915,0.9219639623994422
0.8868940621736222,0.17943107221006566,1.0,0.0985576923076923,1.0,82,0,750,278,0,0.921883867563915,0.9219639623994422
0.8865339701942524,0.1814207650273224,1.0,0.09975961538461539,1.0,83,0,749,278,0,0.921883867563915,0.9219639623994422
0.8864972094370527,0.1812227074235808,0.9880952380952381,0.09975961538461539,0.9964028776978417,83,1,749,277,1,0.921883867563915,0.9219639623994422
0.8861221883768494,0.18102508178844057,0.9764705882352941,0.09975961538461539,0.9928057553956835,83,2,749,276,2,0.921883867563915,0.9219639623994422
0.8853150616605279,0.1830065359477124,0.9767441860465116,0.10096153846153846,0.9928057553956835,84,2,748,276,2,0.921883867563915,0.9219639623994422
0.8832966308582721,0.18498367791077258,0.9770114942528736,0.10216346153846154,0.9928057553956835,85,2,747,276,2,0.921883867563915,0.9219639623994422
0.8826917008710922,0.18695652173913044,0.9772727272727273,0.10336538461538461,0.9928057553956835,86,2,746,276,2,0.921883867563915,0.9219639623994422
0.8809410836921325,0.18892508143322476,0.9775280898876404,0.1045673076923077,0.9928057553956835,87,2,745,276,2,0.921883867563915,0.9219639623994422
0.8799688631414551,0.19088937093275488,0.9777777777777777,0.10576923076923077,0.9928057553956835,88,2,744,276,2,0.921883867563915,0.9219639623994422
0.8790505649625565,0.19284940411700974,0.978021978021978,0.10697115384615384,0.9928057553956835,89,2,743,276,2,0.921883867563915,0.9219639623994422
0.8789373795077251,0.19480519480519481,0.9782608695652174,0.10817307692307693,0.9928057553956835,90,2,742,276,2,0.921883867563915,0.9219639623994422
0.8784417556805341,0.19675675675675675,0.978494623655914,0.109375,0.9928057553956835,91,2,741,276,2,0.921883867563915,0.9219639623994422
0.8775261343554567,0.19870410367170627,0.9787234042553191,0.11057692307692307,0.9928057553956835,92,2,740,276,2,0.921883867563915,0.9219639623994422
0.8770325824181326,0.20064724919093851,0.9789473684210527,0.11177884615384616,0.9928057553956835,93,2,739,276,2,0.921883867563915,0.9219639623994422
0.877025343481509,0.2025862068965517,0.9791666666666666,0.11298076923076923,0.9928057553956835,94,2,738,276,2,0.921883867563915,0.9219639623994422
0.8739146721812276,0.20452099031216361,0.979381443298969,0.1141826923076923,0.9928057553956835,95,2,737,276,2,0.921883867563915,0.9219639623994422
0.8731712952731606,0.20430107526881722,0.9693877551020408,0.1141826923076923,0.9892086330935251,95,3,737,275,3,0.921883867563915,0.9219639623994422
0.8730541312640923,0.20622986036519872,0.9696969696969697,0.11538461538461539,0.9892086330935251,96,3,736,275,3,0.921883867563915,0.9219639623994422
0.871415840717432,0.20815450643776823,0.97,0.11658653846153846,0.9892086330935251,97,3,735,275,3,0.921883867563915,0.9219639623994422
0.871236074886943,0.21007502679528403,0.9702970297029703,0.11778846153846154,0.9892086330935251,98,3,734,275,3,0.921883867563915,0.9219639623994422
0.8702932685922247,0.21199143468950749,0.9705882352941176,0.11899038461538461,0.9892086330935251,99,3,733,275,3,0.921883867563915,0.9219639623994422
0.8680745855328535,0.21390374331550802,0.970873786407767,0.1201923076923077,0.9892086330935251,100,3,732,275,3,0.921883867563915,0.9219639623994422
0.8674783029911455,0.21581196581196582,0.9711538461538461,0.12139423076923077,0.9892086330935251,101,3,731,275,3,0.921883867563915,0.9219639623994422
0.8662610917514456,0.21771611526147278,0.9714285714285714,0.12259615384615384,0.9892086330935251,102,3,730,275,3,0.921883867563915,0.9219639623994422
0.8649084684552041,0.21961620469083157,0.9716981132075472,0.12379807692307693,0.9892086330935251,103,3,729,275,3,0.921883867563915,0.9219639623994422
0.8640124475713857,0.2215122470713525,0.9719626168224299,0.125,0.9892086330935251,104,3,728,275,3,0.921883867563915,0.9219639623994422
0.8634621333205719,0.22340425531914893,0.9722222222222222,0.12620192307692307,0.9892086330935251,105,3,727,275,3,0.921883867563915,0.9219639623994422
0.862327445835329,0.2252922422954304,0.9724770642201835,0.12740384615384615,0.9892086330935251,106,3,726,275,3,0.921883867563915,0.9219639623994422
0.8616427248159464,0.22717622080679406,0.9727272727272728,0.12860576923076922,0.9892086330935251,107,3,725,275,3,0.921883867563915,0.9219639623994422
0.8615875720129162,0.22905620360551432,0.972972972972973,0.12980769230769232,0.9892086330935251,108,3,724,275,3,0.921883867563915,0.9219639623994422
0.8609535276804785,0.2309322033898305,0.9732142857142857,0.1310096153846154,0.9892086330935251,109,3,723,275,3,0.921883867563915,0.9219639623994422
0.8607392241280849,0.2328042328042328,0.9734513274336283,0.13221153846153846,0.9892086330935251,110,3,722,275,3,0.921883867563915,0.9219639623994422
0.8601044980540644,0.2346723044397463,0.9736842105263158,0.13341346153846154,0.9892086330935251,111,3,721,275,3,0.921883867563915,0.9219639623994422
0.858885408249178,0.2365364308342133,0.9739130434782609,0.1346153846153846,0.9892086330935251,112,3,720,275,3,0.921883867563915,0.9219639623994422
0.8583181724091804,0.23839662447257384,0.9741379310344828,0.13581730769230768,0.9892086330935251,113,3,719,275,3,0.921883867563915,0.9219639623994422
0.8581111342077818,0.24025289778714437,0.9743589743589743,0.13701923076923078,0.9892086330935251,114,3,718,275,3,0.921883867563915,0.9219639623994422
0.8580639770673916,0.24210526315789474,0.9745762711864406,0.13822115384615385,0.9892086330935251,115,3,717,275,3,0.921883867563915,0.9219639623994422
0.8578253316949224,0.24395373291272346,0.9747899159663865,0.13942307692307693,0.9892086330935251,116,3,716,275,3,0.921883867563915,0.9219639623994422
0.8570870957151494,0.24579831932773108,0.975,0.140625,0.9892086330935251,117,3,715,275,3,0.921883867563915,0.9219639623994422
0.8557404373388606,0.24763903462749212,0.9752066115702479,0.14182692307692307,0.9892086330935251,118,3,714,275,3,0.921883867563915,0.9219639623994422
0.8555556867497054,0.24947589098532494,0.9754098360655737,0.14302884615384615,0.9892086330935251,119,3,713,275,3,0.921883867563915,0.9219639623994422
0.8554810437927827,0.24921465968586387,0.967479674796748,0.14302884615384615,0.9856115107913669,119,4,713,274,4,0.921883867563915,0.9219639623994422
0.8534926862190311,0.2510460251046025,0.967741935483871,0.14423076923076922,0.9856115107913669,120,4,712,274,4,0.921883867563915,0.9219639623994422
0.8522711243771283,0.25287356321839083,0.968,0.14543269230769232,0.9856115107913669,121,4,711,274,4,0.921883867563915,0.9219639623994422
0.8512916064417391,0.2546972860125261,0.9682539682539683,0.1466346153846154,0.9856115107913669,122,4,710,274,4,0.921883867563915,0.9219639623994422
0.8509383205345276,0.25651720542231493,0.968503937007874,0.14783653846153846,0.9856115107913669,123,4,709,274,4,0.921883867563915,0.9219639623994422
0.8506668758229967,0.25833333333333336,0.96875,0.14903846153846154,0.9856115107913669,124,4,708,274,4,0.921883867563915,0.9219639623994422
0.850641161399111,0.2601456815816857,0.9689922480620154,0.1502403846153846,0.9856115107913669,125,4,707,274,4,0.921883867563915,0.9219639623994422
0.8503233614355991,0.26195426195426197,0.9692307692307692,0.15144230769230768,0.9856115107913669,126,4,706,274,4,0.921883867563915,0.9219639623994422
0.8500002858451076,0.26375908618899274,0.9694656488549618,0.15264423076923078,0.9856115107913669,127,4,705,274,4,0.921883867563915,0.9219639623994422
0.8495071139051613,0.26556016597510373,0.9696969696969697,0.15384615384615385,0.9856115107913669,128,4,704,274,4,0.921883867563915,0.9219639623994422
0.8489530324198789,0.26735751295336785,0.9699248120300752,0.15504807692307693,0.9856115107913669,129,4,703,274,4,0.921883867563915,0.9219639623994422
0.8480762772907777,0.2691511387163561,0.9701492537313433,0.15625,0.9856115107913669,130,4,702,274,4,0.921883867563915,0.9219639623994422
0.8475018847447832,0.27094105480868663,0.9703703703703703,0.15745192307692307,0.9856115107913669,131,4,701,274,4,0.921883867563915,0.9219639623994422
0.8474854123651065,0.2727272727272727,0.9705882352941176,0.15865384615384615,0.9856115107913669,132,4,700,274,4,0.921883867563915,0.9219639623994422
0.8472983138237987,0.2724458204334365,0.9635036496350365,0.15865384615384615,0.9820143884892086,132,5,700,273,5,0.921883867563915,0.9219639623994422
0.8470675599428477,0.27422680412371137,0.9637681159420289,0.15985576923076922,0.9820143884892086,133,5,699,273,5,0.921883867563915,0.9219639623994422
0.847026107804209,0.2760041194644696,0.9640287769784173,0.16105769230769232,0.9820143884892086,134,5,698,273,5,0.921883867563915,0.9219639623994422
0.8465609784527236,0.2777777777777778,0.9642857142857143,0.1622596153846154,0.9820143884892086,135,5,697,273,5,0.921883867563915,0.9219639623994422
0.8461450406077087,0.2795477903391572,0.9645390070921985,0.16346153846153846,0.9820143884892086,136,5,696,273,5,0.921883867563915,0.9219639623994422
0.8455714237828039,0.2813141683778234,0.9647887323943662,0.16466346153846154,0.9820143884892086,137,5,695,273,5,0.921883867563915,0.9219639623994422
0.8455504144340573,0.28307692307692306,0.965034965034965,0.1658653846153846,0.9820143884892086,138,5,694,273,5,0.921883867563915,0.9219639623994422
0.8452861801809655,0.2848360655737705,0.9652777777777778,0.16706730769230768,0.9820143884892086,139,5,693,273,5,0.921883867563915,0.9219639623994422
0.8452092773489666,0.2865916069600819,0.9655172413793104,0.16826923076923078,0.9820143884892086,140,5,692,273,5,0.921883867563915,0.9219639623994422
0.8449596407630788,0.2883435582822086,0.9657534246575342,0.16947115384615385,0.9820143884892086,141,5,691,273,5,0.921883867563915,0.9219639623994422
0.8448836825423107,0.2900919305413687,0.9659863945578231,0.17067307692307693,0.9820143884892086,142,5,690,273,5,0.921883867563915,0.9219639623994422
0.8447183231963721,0.29183673469387755,0.9662162162162162,0.171875,0.9820143884892086,143,5,689,273,5,0.921883867563915,0.9219639623994422
0.8429548019702624,0.29357798165137616,0.9664429530201343,0.17307692307692307,0.9820143884892086,144,5,688,273,5,0.921883867563915,0.9219639623994422
0.8423184257644536,0.2953156822810591,0.9666666666666667,0.17427884615384615,0.9820143884892086,145,5,687,273,5,0.921883867563915,0.9219639623994422
0.8421510773814151,0.2970498474059003,0.9668874172185431,0.17548076923076922,0.9820143884892086,146,5,686,273,5,0.921883867563915,0.9219639623994422
0.8411930930847222,0.29878048780487804,0.9671052631578947,0.17668269230769232,0.9820143884892086,147,5,685,273,5,0.921883867563915,0.9219639623994422
0.8410798736130738,0.300507614213198,0.9673202614379085,0.1778846153846154,0.9820143884892086,148,5,684,273,5,0.921883867563915,0.9219639623994422
0.8408977816645204,0.3022312373225152,0.9675324675324676,0.17908653846153846,0.9820143884892086,149,5,683,273,5,0.921883867563915,0.9219639623994422
0.8405207189241422,0.303951367781155,0.967741935483871,0.18028846153846154,0.9820143884892086,150,5,682,273,5,0.921883867563915,0.9219639623994422
0.8394808190257474,0.305668016194332,0.967948717948718,0.1814903846153846,0.9820143884892086,151,5,681,273,5,0.921883867563915,0.9219639623994422
0.8385695470890804,0.30738119312436807,0.9681528662420382,0.18269230769230768,0.9820143884892086,152,5,680,273,5,0.921883867563915,0.9219639623994422
0.838456018477108,0.3090909090909091,0.9683544303797469,0.18389423076923078,0.9820143884892086,153,5,679,273,5,0.921883867563915,0.9219639623994422
0.836609717337162,0.31079717457114026,0.9685534591194969,0.18509615384615385,0.9820143884892086,154,5,678,273,5,0.921883867563915,0.9219639623994422
0.8363277058089196,0.3125,0.96875,0.18629807692307693,0.9820143884892086,155,5,677,273,5,0.921883867563915,0.9219639623994422
0.8344309105244367,0.31419939577039274,0.968944099378882,0.1875,0.9820143884892086,156,5,676,273,5,0.921883867563915,0.9219639623994422
0.8304467086653897,0.3158953722334004,0.9691358024691358,0.18870192307692307,0.9820143884892086,157,5,675,273,5,0.921883867563915,0.9219639623994422
0.8304399873131072,0.31758793969849247,0.9693251533742331,0.18990384615384615,0.9820143884892086,158,5,674,273,5,0.921883867563915,0.9219639623994422
0.8303823091441064,0.3192771084337349,0.9695121951219512,0.19110576923076922,0.9820143884892086,159,5,673,273,5,0.921883867563915,0.9219639623994422
0.8300676261666924,0.320962888665998,0.9696969696969697,0.19230769230769232,0.9820143884892086,160,5,672,273,5,0.921883867563915,0.9219639623994422
0.8296980531808776,0.3226452905811623,0.9698795180722891,0.1935096153846154,0.9820143884892086,161,5,671,273,5,0.921883867563915,0.9219639623994422
0.8264112347061914,0.32432432432432434,0.9700598802395209,0.19471153846153846,0.9820143884892086,162,5,670,273,5,0.921883867563915,0.9219639623994422
0.8258921625847695,0.326,0.9702380952380952,0.19591346153846154,0.9820143884892086,163,5,669,273,5,0.921883867563915,0.9219639623994422
0.8251014107897221,0.3276723276723277,0.9704142011834319,0.1971153846153846,0.9820143884892086,164,5,668,273,5,0.921883867563915,0.9219639623994422
0.8240086196090637,0.32934131736526945,0.9705882352941176,0.19831730769230768,0.9820143884892086,165,5,667,273,5,0.921883867563915,0.9219639623994422
0.8237381463796627,0.33100697906281157,0.9707602339181286,0.19951923076923078,0.9820143884892086,166,5,666,273,5,0.921883867563915,0.9219639623994422
0.8226627011646247,0.33266932270916333,0.9709302325581395,0.20072115384615385,0.9820143884892086,167,5,665,273,5,0.921883867563915,0.9219639623994422
0.8224658635634123,0.33432835820895523,0.9710982658959537,0.20192307692307693,0.9820143884892086,168,5,664,273,5,0.921883867563915,0.9219639623994422
0.8224367694719059,0.3359840954274354,0.9712643678160919,0.203125,0.9820143884892086,169,5,663,273,5,0.921883867563915,0.9219639623994422
0.8224067870759507,0.33763654419066536,0.9714285714285714,0.20432692307692307,0.9820143884892086,170,5,662,273,5,0.921883867563915,0.9219639623994422
0.8223922892802227,0.3392857142857143,0.9715909090909091,0.20552884615384615,0.9820143884892086,171,5,661,273,5,0.921883867563915,0.9219639623994422
0.8215656966789382,0.3409316154608523,0.9717514124293786,0.20673076923076922,0.9820143884892086,172,5,660,273,5,0.921883867563915,0.9219639623994422
0.8212829467714802,0.3425742574257426,0.9719101123595506,0.20793269230769232,0.9820143884892086,173,5,659,273,5,0.921883867563915,0.9219639623994422
0.8198141043285497,0.34223541048466866,0.9664804469273743,0.20793269230769232,0.9784172661870504,173,6,659,272,6,0.921883867563915,0.9219639623994422
0.8196755886576823,0.3438735177865613,0.9666666666666667,0.2091346153846154,0.9784172661870504,174,6,658,272,6,0.921883867563915,0.9219639623994422
0.818896476626384,0.3455083909180652,0.9668508287292817,0.21033653846153846,0.9784172661870504,175,6,657,272,6,0.921883867563915,0.9219639623994422
0.8186759801110499,0.34714003944773175,0.967032967032967,0.21153846153846154,0.9784172661870504,176,6,656,272,6,0.921883867563915,0.9219639623994422
0.817265560909926,0.34876847290640395,0.9672131147540983,0.2127403846153846,0.9784172661870504,177,6,655,272,6,0.921883867563915,0.9219639623994422
0.8171597509694289,0.35039370078740156,0.967391304347826,0.21394230769230768,0.9784172661870504,178,6,654,272,6,0.921883867563915,0.9219639623994422
0.8169029375768396,0.352015732546706,0.9675675675675676,0.21514423076923078,0.9784172661870504,179,6,653,272,6,0.921883867563915,0.9219639623994422
0.8167924695931887,0.35363457760314343,0.967741935483871,0.21634615384615385,0.9784172661870504,180,6,652,272,6,0.921883867563915,0.9219639623994422
0.8167040907708647,0.35525024533856725,0.9679144385026738,0.21754807692307693,0.9784172661870504,181,6,651,272,6,0.921883867563915,0.9219639623994422
0.8156781489876471,0.3568627450980392,0.9680851063829787,0.21875,0.9784172661870504,182,6,650,272,6,0.921883867563915,0.9219639623994422
0.8148600609077444,0.3584720861900098,0.9682539682539683,0.21995192307692307,0.9784172661870504,183,6,649,272,6,0.921883867563915,0.9219639623994422
0.8136355945517098,0.36007827788649704,0.968421052631579,0.22115384615384615,0.9784172661870504,184,6,648,272,6,0.921883867563915,0.9219639623994422
0.8130942631916004,0.3616813294232649,0.9685863874345549,0.22235576923076922,0.9784172661870504,185,6,647,272,6,0.921883867563915,0.9219639623994422
0.8120245259674231,0.36328125,0.96875,0.22355769230769232,0.9784172661870504,186,6,646,272,6,0.921883867563915,0.9219639623994422
0.8111113953892728,0.36292682926829267,0.9637305699481865,0.22355769230769232,0.9748201438848921,186,7,646,271,7,0.921883867563915,0.9219639623994422
0.8110704790643503,0.3645224171539961,0.9639175257731959,0.2247596153846154,0.9748201438848921,187,7,645,271,7,0.921883867563915,0.9219639623994422
0.8108477137053338,0.3661148977604674,0.9641025641025641,0.22596153846153846,0.9748201438848921,188,7,644,271,7,0.921883867563915,0.9219639623994422
0.8088895030686554,0.36770428015564205,0.9642857142857143,0.22716346153846154,0.9748201438848921,189,7,643,271,7,0.921883867563915,0.9219639623994422
0.8088260542287469,0.3673469387755102,0.9593908629441624,0.22716346153846154,0.9712230215827338,189,8,643,270,8,0.921883867563915,0.9219639623994422
0.8077834916162432,0.36893203883495146,0.9595959595959596,0.2283653846153846,0.9712230215827338,190,8,642,270,8,0.921883867563915,0.9219639623994422
0.807536115461158,0.3705140640155189,0.9597989949748744,0.22956730769230768,0.9712230215827338,191,8,641,270,8,0.921883867563915,0.9219639623994422
0.8069986909299038,0.37209302325581395,0.96,0.23076923076923078,0.9712230215827338,192,8,640,270,8,0.921883867563915,0.9219639623994422
0.8064868276686208,0.3736689254598258,0.9601990049751243,0.23197115384615385,0.9712230215827338,193,8,639,270,8,0.921883867563915,0.9219639623994422
0.8063962847022426,0.37524177949709864,0.9603960396039604,0.23317307692307693,0.9712230215827338,194,8,638,270,8,0.921883867563915,0.9219639623994422
0.8060338716696529,0.37681159420289856,0.9605911330049262,0.234375,0.9712230215827338,195,8,637,270,8,0.921883867563915,0.9219639623994422
0.806031673394285,0.3783783783783784,0.9607843137254902,0.23557692307692307,0.9712230215827338,196,8,636,270,8,0.921883867563915,0.9219639623994422
0.805753053471677,0.3799421407907425,0.9609756097560975,0.23677884615384615,0.9712230215827338,197,8,635,270,8,0.921883867563915,0.9219639623994422
0.8055386243966168,0.3815028901734104,0.9611650485436893,0.23798076923076922,0.9712230215827338,198,8,634,270,8,0.921883867563915,0.9219639623994422
0.805070212085454,0.383060635226179,0.961352657004831,0.23918269230769232,0.9712230215827338,199,8,633,270,8,0.921883867563915,0.9219639623994422
0.8045485517379947,0.38461538461538464,0.9615384615384616,0.2403846153846154,0.9712230215827338,200,8,632,270,8,0.921883867563915,0.9219639623994422
0.8045348431386278,0.3861671469740634,0.9617224880382775,0.24158653846153846,0.9712230215827338,201,8,631,270,8,0.921883867563915,0.9219639623994422
0.8043161647896768,0.3857965451055662,0.9571428571428572,0.24158653846153846,0.9676258992805755,201,9,631,269,9,0.921883867563915,0.9219639623994422
0.8043016075896641,0.38734419942473636,0.957345971563981,0.24278846153846154,0.9676258992805755,202,9,630,269,9,0.921883867563915,0.9219639623994422
0.8038608708437307,0.3888888888888889,0.9575471698113207,0.2439903846153846,0.9676258992805755,203,9,629,269,9,0.921883867563915,0.9219639623994422
0.8038336252660493,0.38851674641148326,0.9530516431924883,0.2439903846153846,0.9640287769784173,203,10,629,268,10,0.921883867563915,0.9219639623994422
0.8034853364342355,0.390057361376673,0.9532710280373832,0.24519230769230768,0.9640287769784173,204,10,628,268,10,0.921883867563915,0.9219639623994422
0.8034683312117464,0.39159503342884433,0.9534883720930233,0.24639423076923078,0.9640287769784173,205,10,627,268,10,0.921883867563915,0.9219639623994422
0.8033604640115188,0.39122137404580154,0.9490740740740741,0.24639423076923078,0.960431654676259,205,11,627,267,11,0.921883867563915,0.9219639623994422
0.8031067978199079,0.39275500476644426,0.9493087557603687,0.24759615384615385,0.960431654676259,206,11,626,267,11,0.921883867563915,0.9219639623994422
0.8030948872748391,0.3942857142857143,0.9495412844036697,0.24879807692307693,0.960431654676259,207,11,625,267,11,0.921883867563915,0.9219639623994422
0.8028798232647733,0.39581351094196005,0.9497716894977168,0.25,0.960431654676259,208,11,624,267,11,0.921883867563915,0.9219639623994422
0.8028154154001158,0.3973384030418251,0.95,0.2512019230769231,0.960431654676259,209,11,623,267,11,0.921883867563915,0.9219639623994422
0.8021868175267384,0.39886039886039887,0.9502262443438914,0.25240384615384615,0.960431654676259,210,11,622,267,11,0.921883867563915,0.9219639623994422
0.8017575404422842,0.40037950664136623,0.9504504504504504,0.2536057692307692,0.960431654676259,211,11,621,267,11,0.921883867563915,0.9219639623994422
0.8014746881135946,0.4018957345971564,0.9506726457399103,0.2548076923076923,0.960431654676259,212,11,620,267,11,0.921883867563915,0.9219639623994422
0.8014039972853971,0.4034090909090909,0.9508928571428571,0.25600961538461536,0.960431654676259,213,11,619,267,11,0.921883867563915,0.9219639623994422
0.8004467419341705,0.40491958372753073,0.9511111111111111,0.25721153846153844,0.960431654676259,214,11,618,267,11,0.921883867563915,0.9219639623994422
0.7999441313153647,0.4064272211720227,0.9513274336283186,0.25841346153846156,0.960431654676259,215,11,617,267,11,0.921883867563915,0.9219639623994422
0.7993138814168921,0.40793201133144474,0.9515418502202643,0.25961538461538464,0.960431654676259,216,11,616,267,11,0.921883867563915,0.9219639623994422
0.7992908568882633,0.40943396226415096,0.9517543859649122,0.2608173076923077,0.960431654676259,217,11,615,267,11,0.921883867563915,0.9219639623994422
0.7990923806047547,0.410933081998115,0.9519650655021834,0.2620192307692308,0.960431654676259,218,11,614,267,11,0.921883867563915,0.9219639623994422
0.7988943622477006,0.4124293785310734,0.9521739130434783,0.26322115384615385,0.960431654676259,219,11,613,267,11,0.921883867563915,0.9219639623994422
0.7988877212636174,0.4120413922859831,0.948051948051948,0.26322115384615385,0.9568345323741008,219,12,613,266,12,0.921883867563915,0.9219639623994422
0.7982744688472775,0.41353383458646614,0.9482758620689655,0.2644230769230769,0.9568345323741008,220,12,612,266,12,0.921883867563915,0.9219639623994422
0.7981176196481294,0.41502347417840374,0.9484978540772532,0.265625,0.9568345323741008,221,12,611,266,12,0.921883867563915,0.9219639623994422
0.797660805652916,0.4165103189493433,0.9487179487179487,0.2668269230769231,0.9568345323741008,222,12,610,266,12,0.921883867563915,0.9219639623994422
0.7976430135249726,0.41799437675726336,0.948936170212766,0.26802884615384615,0.9568345323741008,223,12,609,266,12,0.921883867563915,0.9219639623994422
0.7974478396185807,0.41947565543071164,0.9491525423728814,0.2692307692307692,0.9568345323741008,224,12,608,266,12,0.921883867563915,0.9219639623994422
0.7973982701513231,0.42095416276894293,0.9493670886075949,0.2704326923076923,0.9568345323741008,225,12,607,266,12,0.921883867563915,0.9219639623994422
0.7970526739074114,0.4205607476635514,0.9453781512605042,0.2704326923076923,0.9532374100719424,225,13,607,265,13,0.921883867563915,0.9219639623994422
0.796601309785352,0.42203548085901027,0.9456066945606695,0.27163461538461536,0.9532374100719424,226,13,606,265,13,0.921883867563915,0.9219639623994422
0.7961609590379308,0.42350746268656714,0.9458333333333333,0.27283653846153844,0.9532374100719424,227,13,605,265,13,0.921883867563915,0.9219639623994422
0.795700343903811,0.42311276794035413,0.941908713692946,0.27283653846153844,0.9496402877697842,227,14,605,264,14,0.921883867563915,0.9219639623994422
0.7944028632654719,0.4227188081936685,0.9380165289256198,0.27283653846153844,0.9460431654676259,227,15,605,263,15,0.921883867563915,0.9219639623994422
0.7936903552090291,0.4241860465116279,0.9382716049382716,0.27403846153846156,0.9460431654676259,228,15,604,263,15,0.921883867563915,0.9219639623994422
0.7926822045060731,0.4256505576208178,0.9385245901639344,0.27524038461538464,0.9460431654676259,229,15,603,263,15,0.921883867563915,0.9219639623994422
0.7916313002894273,0.4271123491179202,0.9387755102040817,0.2764423076923077,0.9460431654676259,230,15,602,263,15,0.921883867563915,0.9219639623994422
0.7904622079636676,0.4267161410018553,0.9349593495934959,0.2764423076923077,0.9424460431654677,230,16,602,262,16,0.921883867563915,0.9219639623994422
0.7903987886816886,0.4263206672845227,0.9311740890688259,0.2764423076923077,0.9388489208633094,230,17,602,261,17,0.921883867563915,0.9219639623994422
0.7893150716960071,0.42592592592592593,0.9274193548387096,0.2764423076923077,0.935251798561151,230,18,602,260,18,0.921883867563915,0.9219639623994422
0.7892290067604446,0.42738205365402404,0.927710843373494,0.2776442307692308,0.935251798561151,231,18,601,260,18,0.921883867563915,0.9219639623994422
0.7867915594558634,0.4288354898336414,0.928,0.27884615384615385,0.935251798561151,232,18,600,260,18,0.921883867563915,0.9219639623994422
0.7855716073921106,0.43028624192059095,0.9282868525896414,0.2800480769230769,0.935251798561151,233,18,599,260,18,0.921883867563915,0.9219639623994422
0.784995515203444,0.42988929889298894,0.9246031746031746,0.2800480769230769,0.9316546762589928,233,19,599,259,19,0.921883867563915,0.9219639623994422
0.7844000753581647,0.4313364055299539,0.924901185770751,0.28125,0.9316546762589928,234,19,598,259,19,0.921883867563915,0.9219639623994422
0.7843388711537296,0.43278084714548803,0.9251968503937008,0.2824519230769231,0.9316546762589928,235,19,597,259,19,0.921883867563915,0.9219639623994422
0.784213742752657,0.43422263109475623,0.9254901960784314,0.28365384615384615,0.9316546762589928,236,19,596,259,19,0.921883867563915,0.9219639623994422
0.7838742714571305,0.43566176470588236,0.92578125,0.2848557692307692,0.9316546762589928,237,19,595,259,19,0.921883867563915,0.9219639623994422
0.7836069559771965,0.43709825528007346,0.9260700389105059,0.2860576923076923,0.9316546762589928,238,19,594,259,19,0.921883867563915,0.9219639623994422
0.7821116725098591,0.43853211009174314,0.9263565891472868,0.28725961538461536,0.9316546762589928,239,19,593,259,19,0.921883867563915,0.9219639623994422
0.7816685512603934,0.4399633363886343,0.9266409266409267,0.28846153846153844,0.9316546762589928,240,19,592,259,19,0.921883867563915,0.9219639623994422
0.7805544503739641,0.4413919413919414,0.926923076923077,0.28966346153846156,0.9316546762589928,241,19,591,259,19,0.921883867563915,0.9219639623994422
0.779629345473426,0.44281793229643185,0.9272030651340997,0.29086538461538464,0.9316546762589928,242,19,590,259,19,0.921883867563915,0.9219639623994422
0.7789047030910796,0.44424131627056673,0.9274809160305344,0.2920673076923077,0.9316546762589928,243,19,589,259,19,0.921883867563915,0.9219639623994422
0.7788130576256488,0.445662100456621,0.9277566539923955,0.2932692307692308,0.9316546762589928,244,19,588,259,19,0.921883867563915,0.9219639623994422
0.778667287137963,0.4470802919708029,0.928030303030303,0.29447115384615385,0.9316546762589928,245,19,587,259,19,0.921883867563915,0.9219639623994422
0.7782792877936028,0.44849589790337285,0.9283018867924528,0.2956730769230769,0.9316546762589928,246,19,586,259,19,0.921883867563915,0.9219639623994422
0.7778030559086317,0.44990892531876137,0.9285714285714286,0.296875,0.9316546762589928,247,19,585,259,19,0.921883867563915,0.9219639623994422
0.7777549916292777,0.451319381255687,0.9288389513108615,0.2980769230769231,0.9316546762589928,248,19,584,259,19,0.921883867563915,0.9219639623994422
0.7770338044114534,0.4527272727272727,0.9291044776119403,0.29927884615384615,0.9316546762589928,249,19,583,259,19,0.921883867563915,0.9219639623994422
0.7766238923091153,0.45413260672116257,0.929368029739777,0.3004807692307692,0.9316546762589928,250,19,582,259,19,0.921883867563915,0.9219639623994422
0.776183735380849,0.455535390199637,0.9296296296296296,0.3016826923076923,0.9316546762589928,251,19,581,259,19,0.921883867563915,0.9219639623994422
0.7754240353993109,0.45693563009972804,0.9298892988929889,0.30288461538461536,0.9316546762589928,252,19,580,259,19,0.921883867563915,0.9219639623994422
0.7748199306292809,0.4583333333333333,0.9301470588235294,0.30408653846153844,0.9316546762589928,253,19,579,259,19,0.921883867563915,0.9219639623994422
0.7743969945443139,0.4597285067873303,0.9304029304029304,0.30528846153846156,0.9316546762589928,254,19,578,259,19,0.921883867563915,0.9219639623994422
0.7743925041521771,0.46112115732368897,0.9306569343065694,0.30649038461538464,0.9316546762589928,255,19,577,259,19,0.921883867563915,0.9219639623994422
0.773624279982495,0.46251129177958444,0.9309090909090909,0.3076923076923077,0.9316546762589928,256,19,576,259,19,0.921883867563915,0.9219639623994422
0.7719174842302273,0.463898916967509,0.9311594202898551,0.3088942307692308,0.9316546762589928,257,19,575,259,19,0.921883867563915,0.9219639623994422
0.7715730510377423,0.46528403967538323,0.9314079422382672,0.31009615384615385,0.9316546762589928,258,19,574,259,19,0.921883867563915,0.9219639623994422
0.7699622043651408,0.4666666666666667,0.9316546762589928,0.3112980769230769,0.9316546762589928,259,19,573,259,19,0.921883867563915,0.9219639623994422
0.7697274089947539,0.46804680468046805,0.931899641577061,0.3125,0.9316546762589928,260,19,572,259,19,0.921883867563915,0.9219639623994422
0.7693067054001892,0.4694244604316547,0.9321428571428572,0.3137019230769231,0.9316546762589928,261,19,571,259,19,0.921883867563915,0.9219639623994422
0.767702980044616,0.47079964061096136,0.9323843416370107,0.31490384615384615,0.9316546762589928,262,19,570,259,19,0.921883867563915,0.9219639623994422
0.7676487120109448,0.47217235188509876,0.9326241134751773,0.3161057692307692,0.9316546762589928,263,19,569,259,19,0.921883867563915,0.9219639623994422
0.7673740214357806,0.473542600896861,0.9328621908127208,0.3173076923076923,0.9316546762589928,264,19,568,259,19,0.921883867563915,0.9219639623994422
0.7673386682089304,0.4731182795698925,0.9295774647887324,0.3173076923076923,0.9280575539568345,264,20,568,258,20,0.921883867563915,0.9219639623994422
0.7673257741886095,0.4744852282900627,0.9298245614035088,0.31850961538461536,0.9280575539568345,265,20,567,258,20,0.921883867563915,0.9219639623994422
0.7672678290734919,0.47584973166368516,0.9300699300699301,0.31971153846153844,0.9280575539568345,266,20,566,258,20,0.921883867563915,0.9219639623994422
0.766782659920666,0.4772117962466488,0.9303135888501742,0.32091346153846156,0.9280575539568345,267,20,565,258,20,0.921883867563915,0.9219639623994422
0.7667052935388462,0.4767857142857143,0.9270833333333334,0.32091346153846156,0.9244604316546763,267,21,565,257,21,0.921883867563915,0.9219639623994422
0.7664918162256612,0.47814451382694023,0.9273356401384083,0.32211538461538464,0.9244604316546763,268,21,564,257,21,0.921883867563915,0.9219639623994422
0.7659592438552614,0.47950089126559714,0.9275862068965517,0.3233173076923077,0.9244604316546763,269,21,563,257,21,0.921883867563915,0.9219639623994422
0.7646354036317617,0.4808548530721282,0.9278350515463918,0.3245192307692308,0.9244604316546763,270,21,562,257,21,0.921883867563915,0.9219639623994422
0.7646073623893015,0.4822064056939502,0.928082191780822,0.32572115384615385,0.9244604316546763,271,21,561,257,21,0.921883867563915,0.9219639623994422
0.7645720582809824,0.48355555555555557,0.9283276450511946,0.3269230769230769,0.9244604316546763,272,21,560,257,21,0.921883867563915,0.9219639623994422
0.7640914202886258,0.4849023090586146,0.9285714285714286,0.328125,0.9244604316546763,273,21,559,257,21,0.921883867563915,0.9219639623994422
0.7636286897709733,0.4862466725820763,0.9288135593220339,0.3293269230769231,0.9244604316546763,274,21,558,257,21,0.921883867563915,0.9219639623994422
0.7625160190391101,0.4875886524822695,0.9290540540540541,0.33052884615384615,0.9244604316546763,275,21,557,257,21,0.921883867563915,0.9219639623994422
0.7607117497673326,0.4871567759078831,0.9259259259259259,0.33052884615384615,0.920863309352518,275,22,557,256,22,0.921883867563915,0.9219639623994422
0.7593824885652275,0.48849557522123893,0.9261744966442953,0.3317307692307692,0.920863309352518,276,22,556,256,22,0.921883867563915,0.9219639623994422
0.7589210112807607,0.48983200707338637,0.9264214046822743,0.3329326923076923,0.920863309352518,277,22,555,256,22,0.921883867563915,0.9219639623994422
0.7586059289048076,0.4911660777385159,0.9266666666666666,0.33413461538461536,0.920863309352518,278,22,554,256,22,0.921883867563915,0.9219639623994422
0.7584870666677046,0.49249779346866723,0.9269102990033222,0.33533653846153844,0.920863309352518,279,22,553,256,22,0.921883867563915,0.9219639623994422
0.7578073546152859,0.49382716049382713,0.9271523178807947,0.33653846153846156,0.920863309352518,280,22,552,256,22,0.921883867563915,0.9219639623994422
0.7569584372410019,0.4951541850220264,0.9273927392739274,0.33774038461538464,0.920863309352518,281,22,551,256,22,0.921883867563915,0.9219639623994422
0.756726774604016,0.4964788732394366,0.9276315789473685,0.3389423076923077,0.920863309352518,282,22,550,256,22,0.921883867563915,0.9219639623994422
0.7553435110182737,0.49780123131046616,0.9278688524590164,0.3401442307692308,0.920863309352518,283,22,549,256,22,0.921883867563915,0.9219639623994422
0.7549856503275616,0.4991212653778559,0.9281045751633987,0.34134615384615385,0.920863309352518,284,22,548,256,22,0.921883867563915,0.9219639623994422
0.754958789324954,0.5004389815627743,0.9283387622149837,0.3425480769230769,0.920863309352518,285,22,547,256,22,0.921883867563915,0.9219639623994422
0.754842912906416,0.5017543859649123,0.9285714285714286,0.34375,0.920863309352518,286,22,546,256,22,0.921883867563915,0.9219639623994422
0.7547273510456043,0.5030674846625767,0.9288025889967637,0.3449519230769231,0.920863309352518,287,22,545,256,22,0.921883867563915,0.9219639623994422
0.7540182862610176,0.5043782837127846,0.9290322580645162,0.34615384615384615,0.920863309352518,288,22,544,256,22,0.921883867563915,0.9219639623994422
0.7535884276835826,0.5056867891513561,0.9292604501607717,0.3473557692307692,0.920863309352518,289,22,543,256,22,0.921883867563915,0.9219639623994422
0.7531931071489758,0.506993006993007,0.9294871794871795,0.3485576923076923,0.920863309352518,290,22,542,256,22,0.921883867563915,0.9219639623994422
0.752952147592314,0.508296943231441,0.9297124600638977,0.34975961538461536,0.920863309352518,291,22,541,256,22,0.921883867563915,0.9219639623994422
0.7525845434037639,0.5095986038394416,0.9299363057324841,0.35096153846153844,0.920863309352518,292,22,540,256,22,0.921883867563915,0.9219639623994422
0.7522759654835551,0.5108979947689625,0.9301587301587302,0.35216346153846156,0.920863309352518,293,22,539,256,22,0.921883867563915,0.9219639623994422
0.7520810381770353,0.5121951219512195,0.930379746835443,0.35336538461538464,0.920863309352518,294,22,538,256,22,0.921883867563915,0.9219639623994422
0.7516265821508594,0.5134899912967799,0.9305993690851735,0.3545673076923077,0.920863309352518,295,22,537,256,22,0.921883867563915,0.9219639623994422
0.7513255787709887,0.5147826086956522,0.9308176100628931,0.3557692307692308,0.920863309352518,296,22,536,256,22,0.921883867563915,0.9219639623994422
0.7513101825288451,0.5160729800173762,0.9310344827586207,0.35697115384615385,0.920863309352518,297,22,535,256,22,0.921883867563915,0.9219639623994422
0.7513083173490771,0.5173611111111112,0.93125,0.3581730769230769,0.920863309352518,298,22,534,256,22,0.921883867563915,0.9219639623994422
0.7509428749227831,0.5186470078057241,0.9314641744548287,0.359375,0.920863309352518,299,22,533,256,22,0.921883867563915,0.9219639623994422
0.7503986938179819,0.5199306759098787,0.9316770186335404,0.3605769230769231,0.920863309352518,300,22,532,256,22,0.921883867563915,0.9219639623994422
0.7492848279057143,0.5212121212121212,0.9318885448916409,0.36177884615384615,0.920863309352518,301,22,531,256,22,0.921883867563915,0.9219639623994422
0.7489082072695468,0.5224913494809689,0.9320987654320988,0.3629807692307692,0.920863309352518,302,22,530,256,22,0.921883867563915,0.9219639623994422
0.7486277371328084,0.5237683664649957,0.9323076923076923,0.3641826923076923,0.920863309352518,303,22,529,256,22,0.921883867563915,0.9219639623994422
0.7486015302125637,0.5250431778929189,0.9325153374233128,0.36538461538461536,0.920863309352518,304,22,528,256,22,0.921883867563915,0.9219639623994422
0.7480494399466718,0.5263157894736842,0.9327217125382263,0.36658653846153844,0.920863309352518,305,22,527,256,22,0.921883867563915,0.9219639623994422
0.7478412865165789,0.5275862068965518,0.9329268292682927,0.36778846153846156,0.920863309352518,306,22,526,256,22,0.921883867563915,0.9219639623994422
0.7473782041491215,0.52885443583118,0.9331306990881459,0.36899038461538464,0.920863309352518,307,22,525,256,22,0.921883867563915,0.9219639623994422
0.7468534976896746,0.5301204819277109,0.9333333333333333,0.3701923076923077,0.920863309352518,308,22,524,256,22,0.921883867563915,0.9219639623994422
0.7468255637506682,0.531384350816853,0.9335347432024169,0.3713942307692308,0.920863309352518,309,22,523,256,22,0.921883867563915,0.9219639623994422
0.7462905151243767,0.5326460481099656,0.9337349397590361,0.37259615384615385,0.920863309352518,310,22,522,256,22,0.921883867563915,0.9219639623994422
0.74600285620818,0.5339055793991416,0.933933933933934,0.3737980769230769,0.920863309352518,311,22,521,256,22,0.921883867563915,0.9219639623994422
0.7438824480508671,0.5351629502572899,0.9341317365269461,0.375,0.920863309352518,312,22,520,256,22,0.921883867563915,0.9219639623994422
0.742864335548435,0.5364181662382177,0.9343283582089552,0.3762019230769231,0.920863309352518,313,22,519,256,22,0.921883867563915,0.9219639623994422
0.7426276276288692,0.5376712328767124,0.9345238095238095,0.37740384615384615,0.920863309352518,314,22,518,256,22,0.921883867563915,0.9219639623994422
0.7418887435658654,0.5389221556886228,0.9347181008902077,0.3786057692307692,0.920863309352518,315,22,517,256,22,0.921883867563915,0.9219639623994422
0.7415919056830704,0.5384615384615384,0.9319526627218935,0.3786057692307692,0.9172661870503597,315,23,517,255,23,0.921883867563915,0.9219639623994422
0.7409618909502276,0.5397096498719044,0.9321533923303835,0.3798076923076923,0.9172661870503597,316,23,516,255,23,0.921883867563915,0.9219639623994422
0.7406399077860258,0.5409556313993175,0.9323529411764706,0.38100961538461536,0.9172661870503597,317,23,515,255,23,0.921883867563915,0.9219639623994422
0.7405198254247771,0.5421994884910486,0.9325513196480938,0.38221153846153844,0.9172661870503597,318,23,514,255,23,0.921883867563915,0.9219639623994422
0.7404009827902192,0.5434412265758092,0.9327485380116959,0.38341346153846156,0.9172661870503597,319,23,513,255,23,0.921883867563915,0.9219639623994422
0.7402001519351149,0.5446808510638298,0.9329446064139941,0.38461538461538464,0.9172661870503597,320,23,512,255,23,0.921883867563915,0.9219639623994422
0.7398185101595642,0.5459183673469388,0.9331395348837209,0.3858173076923077,0.9172661870503597,321,23,511,255,23,0.921883867563915,0.9219639623994422
0.7394517249212518,0.5471537807986406,0.9333333333333333,0.3870192307692308,0.9172661870503597,322,23,510,255,23,0.921883867563915,0.9219639623994422
0.7389761487384523,0.5483870967741935,0.9335260115606936,0.38822115384615385,0.9172661870503597,323,23,509,255,23,0.921883867563915,0.9219639623994422
0.7388929735613794,0.549618320610687,0.9337175792507204,0.3894230769230769,0.9172661870503597,324,23,508,255,23,0.921883867563915,0.9219639623994422
0.738692613517524,0.5508474576271186,0.9339080459770115,0.390625,0.9172661870503597,325,23,507,255,23,0.921883867563915,0.9219639623994422
0.7383377371309636,0.5520745131244708,0.9340974212034384,0.3918269230769231,0.9172661870503597,326,23,506,255,23,0.921883867563915,0.9219639623994422
0.7375925791883414,0.5532994923857868,0.9342857142857143,0.39302884615384615,0.9172661870503597,327,23,505,255,23,0.921883867563915,0.9219639623994422
0.7375877163491247,0.5545224006762468,0.9344729344729344,0.3942307692307692,0.9172661870503597,328,23,504,255,23,0.921883867563915,0.9219639623994422
0.7374644353445221,0.5557432432432432,0.9346590909090909,0.3954326923076923,0.9172661870503597,329,23,503,255,23,0.921883867563915,0.9219639623994422
0.7365941413523435,0.5569620253164557,0.9348441926345609,0.39663461538461536,0.9172661870503597,330,23,502,255,23,0.921883867563915,0.9219639623994422
0.7361516649823842,0.5581787521079258,0.9350282485875706,0.39783653846153844,0.9172661870503597,331,23,501,255,23,0.921883867563915,0.9219639623994422
0.7361398919817965,0.5593934288121314,0.9352112676056338,0.39903846153846156,0.9172661870503597,332,23,500,255,23,0.921883867563915,0.9219639623994422
0.7351914921387548,0.5606060606060606,0.9353932584269663,0.40024038461538464,0.9172661870503597,333,23,499,255,23,0.921883867563915,0.9219639623994422
0.7350561489660373,0.5618166526492852,0.9355742296918768,0.4014423076923077,0.9172661870503597,334,23,498,255,23,0.921883867563915,0.9219639623994422
0.7348857766154095,0.5630252100840336,0.9357541899441341,0.4026442307692308,0.9172661870503597,335,23,497,255,23,0.921883867563915,0.9219639623994422
0.7337381048786602,0.5642317380352645,0.935933147632312,0.40384615384615385,0.9172661870503597,336,23,496,255,23,0.921883867563915,0.9219639623994422
0.7336930689996175,0.5654362416107382,0.9361111111111111,0.4050480769230769,0.9172661870503597,337,23,495,255,23,0.921883867563915,0.9219639623994422
0.7333604988865599,0.5666387259010897,0.9362880886426593,0.40625,0.9172661870503597,338,23,494,255,23,0.921883867563915,0.9219639623994422
0.7332635704726047,0.5678391959798995,0.93646408839779,0.4074519230769231,0.9172661870503597,339,23,493,255,23,0.921883867563915,0.9219639623994422
0.7324128431559584,0.5690376569037657,0.9366391184573003,0.40865384615384615,0.9172661870503597,340,23,492,255,23,0.921883867563915,0.9219639623994422
0.7312631819344528,0.5702341137123745,0.9368131868131868,0.4098557692307692,0.9172661870503597,341,23,491,255,23,0.921883867563915,0.9219639623994422
0.7305766223733776,0.5714285714285714,0.936986301369863,0.4110576923076923,0.9172661870503597,342,23,490,255,23,0.921883867563915,0.9219639623994422
0.7301589916825199,0.5726210350584308,0.9371584699453552,0.41225961538461536,0.9172661870503597,343,23,489,255,23,0.921883867563915,0.9219639623994422
0.7300309336246541,0.5738115095913261,0.9373297002724795,0.41346153846153844,0.9172661870503597,344,23,488,255,23,0.921883867563915,0.9219639623994422
0.7299950388757921,0.575,0.9375,0.41466346153846156,0.9172661870503597,345,23,487,255,23,0.921883867563915,0.9219639623994422
0.7298238538193533,0.5761865112406328,0.9376693766937669,0.41586538461538464,0.9172661870503597,346,23,486,255,23,0.921883867563915,0.9219639623994422
0.7293271015952068,0.5773710482529119,0.9378378378378378,0.4170673076923077,0.9172661870503597,347,23,485,255,23,0.921883867563915,0.9219639623994422
0.7288363736107963,0.5785536159600998,0.9380053908355795,0.4182692307692308,0.9172661870503597,348,23,484,255,23,0.921883867563915,0.9219639623994422
0.7288226156292537,0.579734219269103,0.9381720430107527,0.41947115384615385,0.9172661870503597,349,23,483,255,23,0.921883867563915,0.9219639623994422
0.7286987951121321,0.5809128630705395,0.938337801608579,0.4206730769230769,0.9172661870503597,350,23,482,255,23,0.921883867563915,0.9219639623994422
0.7284139401919109,0.582089552238806,0.9385026737967914,0.421875,0.9172661870503597,351,23,481,255,23,0.921883867563915,0.9219639623994422
0.7280322607203318,0.5832642916321458,0.9386666666666666,0.4230769230769231,0.9172661870503597,352,23,480,255,23,0.921883867563915,0.9219639623994422
0.7279432386162734,0.5844370860927153,0.9388297872340425,0.42427884615384615,0.9172661870503597,353,23,479,255,23,0.921883867563915,0.9219639623994422
0.7271242805374205,0.5856079404466501,0.9389920424403183,0.4254807692307692,0.9172661870503597,354,23,478,255,23,0.921883867563915,0.9219639623994422
0.7269351940735538,0.5867768595041323,0.9391534391534392,0.4266826923076923,0.9172661870503597,355,23,477,255,23,0.921883867563915,0.9219639623994422
0.726611288968598,0.587943848059455,0.9393139841688655,0.42788461538461536,0.9172661870503597,356,23,476,255,23,0.921883867563915,0.9219639623994422
0.726276347147306,0.5891089108910891,0.9394736842105263,0.42908653846153844,0.9172661870503597,357,23,475,255,23,0.921883867563915,0.9219639623994422
0.726097739856091,0.5902720527617478,0.9396325459317585,0.43028846153846156,0.9172661870503597,358,23,474,255,23,0.921883867563915,0.9219639623994422
0.7247011296247229,0.5914332784184514,0.9397905759162304,0.43149038461538464,0.9172661870503597,359,23,473,255,23,0.921883867563915,0.9219639623994422
0.7234575193605685,0.5925925925925926,0.9399477806788512,0.4326923076923077,0.9172661870503597,360,23,472,255,23,0.921883867563915,0.9219639623994422
0.723385180957828,0.59375,0.9401041666666666,0.4338942307692308,0.9172661870503597,361,23,471,255,23,0.921883867563915,0.9219639623994422
0.7233464624384638,0.5932621199671323,0.9376623376623376,0.4338942307692308,0.9136690647482014,361,24,471,254,24,0.921883867563915,0.9219639623994422
0.7233307362960449,0.5944170771756979,0.9378238341968912,0.43509615384615385,0.9136690647482014,362,24,470,254,24,0.921883867563915,0.9219639623994422
0.7222631158632886,0.5955701394585726,0.937984496124031,0.4362980769230769,0.9136690647482014,363,24,469,254,24,0.921883867563915,0.9219639623994422
0.7221935540819959,0.5967213114754099,0.9381443298969072,0.4375,0.9136690647482014,364,24,468,254,24,0.921883867563915,0.9219639623994422
0.721072672138156,0.5978705978705978,0.9383033419023136,0.4387019230769231,0.9136690647482014,365,24,467,254,24,0.921883867563915,0.9219639623994422
0.7207484322491717,0.5990180032733224,0.9384615384615385,0.43990384615384615,0.9136690647482014,366,24,466,254,24,0.921883867563915,0.9219639623994422
0.7202107316280253,0.6001635322976288,0.9386189258312021,0.4411057692307692,0.9136690647482014,367,24,465,254,24,0.921883867563915,0.9219639623994422
0.7196846930154022,0.6013071895424836,0.9387755102040817,0.4423076923076923,0.9136690647482014,368,24,464,254,24,0.921883867563915,0.9219639623994422
0.7195891821286396,0.6024489795918367,0.9389312977099237,0.44350961538461536,0.9136690647482014,369,24,463,254,24,0.921883867563915,0.9219639623994422
0.7185447229713138,0.6035889070146819,0.9390862944162437,0.44471153846153844,0.9136690647482014,370,24,462,254,24,0.921883867563915,0.9219639623994422
0.718261203691906,0.6047269763651182,0.9392405063291139,0.44591346153846156,0.9136690647482014,371,24,461,254,24,0.921883867563915,0.9219639623994422
0.7181303595781197,0.6058631921824105,0.9393939393939394,0.44711538461538464,0.9136690647482014,372,24,460,254,24,0.921883867563915,0.9219639623994422
0.7180938440595244,0.6069975589910497,0.9395465994962217,0.4483173076923077,0.9136690647482014,373,24,459,254,24,0.921883867563915,0.9219639623994422
0.7180287183092197,0.6065040650406504,0.9371859296482412,0.4483173076923077,0.9100719424460432,373,25,459,253,25,0.921883867563915,0.9219639623994422
0.7179915670998311,0.6076360682372055,0.9373433583959899,0.4495192307692308,0.9100719424460432,374,25,458,253,25,0.921883867563915,0.9219639623994422
0.7178087925616434,0.6087662337662337,0.9375,0.45072115384615385,0.9100719424460432,375,25,457,253,25,0.921883867563915,0.9219639623994422
0.7176885861259308,0.6098945660989457,0.9376558603491272,0.4519230769230769,0.9100719424460432,376,25,456,253,25,0.921883867563915,0.9219639623994422
0.7170422105056649,0.6110210696920584,0.9378109452736318,0.453125,0.9100719424460432,377,25,455,253,25,0.921883867563915,0.9219639623994422
0.7167874719835089,0.6121457489878542,0.9379652605459057,0.4543269230769231,0.9100719424460432,378,25,454,253,25,0.921883867563915,0.9219639623994422
0.7165058015111629,0.6132686084142395,0.9381188118811881,0.45552884615384615,0.9100719424460432,379,25,453,253,25,0.921883867563915,0.9219639623994422
0.7165029037591718,0.6143896523848019,0.9382716049382716,0.4567307692307692,0.9100719424460432,380,25,452,253,25,0.921883867563915,0.9219639623994422
0.7157750867315162,0.6155088852988692,0.9384236453201971,0.4579326923076923,0.9100719424460432,381,25,451,253,25,0.921883867563915,0.9219639623994422
0.7154042229243904,0.6166263115415658,0.9385749385749386,0.45913461538461536,0.9100719424460432,382,25,450,253,25,0.921883867563915,0.9219639623994422
0.7153219149230675,0.617741935483871,0.9387254901960784,0.46033653846153844,0.9100719424460432,383,25,449,253,25,0.921883867563915,0.9219639623994422
0.7149424658075825,0.6188557614826753,0.9388753056234719,0.46153846153846156,0.9100719424460432,384,25,448,253,25,0.921883867563915,0.9219639623994422
0.7135180519202784,0.6199677938808373,0.9390243902439024,0.46274038461538464,0.9100719424460432,385,25,447,253,25,0.921883867563915,0.9219639623994422
0.7125344561325246,0.6210780370072405,0.9391727493917275,0.4639423076923077,0.9100719424460432,386,25,446,253,25,0.921883867563915,0.9219639623994422
0.7123118521602203,0.6221864951768489,0.9393203883495146,0.4651442307692308,0.9100719424460432,387,25,445,253,25,0.921883867563915,0.9219639623994422
0.7122786171200292,0.623293172690763,0.9394673123486683,0.46634615384615385,0.9100719424460432,388,25,444,253,25,0.921883867563915,0.9219639623994422
0.7112999564417988,0.6243980738362761,0.9396135265700483,0.4675480769230769,0.9100719424460432,389,25,443,253,25,0.921883867563915,0.9219639623994422
0.7107000879414447,0.6255012028869287,0.9397590361445783,0.46875,0.9100719424460432,390,25,442,253,25,0.921883867563915,0.9219639623994422
0.709862742482576,0.6266025641025641,0.9399038461538461,0.4699519230769231,0.9100719424460432,391,25,441,253,25,0.921883867563915,0.9219639623994422
0.7088043912898603,0.6277021617293835,0.9400479616306955,0.47115384615384615,0.9100719424460432,392,25,440,253,25,0.921883867563915,0.9219639623994422
0.7087234380688482,0.6288,0.9401913875598086,0.4723557692307692,0.9100719424460432,393,25,439,253,25,0.921883867563915,0.9219639623994422
0.7081371094946876,0.6298960831334932,0.9403341288782816,0.4735576923076923,0.9100719424460432,394,25,438,253,25,0.921883867563915,0.9219639623994422
0.7079588918498823,0.6309904153354633,0.9404761904761905,0.47475961538461536,0.9100719424460432,395,25,437,253,25,0.921883867563915,0.9219639623994422
0.7078762738652714,0.6320830007980845,0.9406175771971497,0.47596153846153844,0.9100719424460432,396,25,436,253,25,0.921883867563915,0.9219639623994422
0.706298673894774,0.6331738437001595,0.9407582938388626,0.47716346153846156,0.9100719424460432,397,25,435,253,25,0.921883867563915,0.9219639623994422
0.7061057789127041,0.6342629482071713,0.9408983451536643,0.47836538461538464,0.9100719424460432,398,25,434,253,25,0.921883867563915,0.9219639623994422
0.7060982198768887,0.6353503184713376,0.9410377358490566,0.4795673076923077,0.9100719424460432,399,25,433,253,25,0.921883867563915,0.9219639623994422
0.7059969460296436,0.6364359586316627,0.9411764705882353,0.4807692307692308,0.9100719424460432,400,25,432,253,25,0.921883867563915,0.9219639623994422
0.7051897291207676,0.6375198728139905,0.9413145539906104,0.48197115384615385,0.9100719424460432,401,25,431,253,25,0.921883867563915,0.9219639623994422
0.705082638068606,0.6386020651310564,0.9414519906323185,0.4831730769230769,0.9100719424460432,402,25,430,253,25,0.921883867563915,0.9219639623994422
0.7050404008637711,0.6396825396825396,0.9415887850467289,0.484375,0.9100719424460432,403,25,429,253,25,0.921883867563915,0.9219639623994422
0.7044815922427683,0.640761300555115,0.9417249417249417,0.4855769230769231,0.9100719424460432,404,25,428,253,25,0.921883867563915,0.9219639623994422
0.7042187717811876,0.6418383518225039,0.9418604651162791,0.48677884615384615,0.9100719424460432,405,25,427,253,25,0.921883867563915,0.9219639623994422
0.7039113004484163,0.6429136975455265,0.9419953596287703,0.4879807692307692,0.9100719424460432,406,25,426,253,25,0.921883867563915,0.9219639623994422
0.7034759875350048,0.6424050632911392,0.9398148148148148,0.4879807692307692,0.9064748201438849,406,26,426,252,26,0.921883867563915,0.9219639623994422
0.7032348902798266,0.6434782608695652,0.9399538106235565,0.4891826923076923,0.9064748201438849,407,26,425,252,26,0.921883867563915,0.9219639623994422
0.702343419627944,0.6445497630331753,0.9400921658986175,0.49038461538461536,0.9064748201438849,408,26,424,252,26,0.921883867563915,0.9219639623994422
0.7023244050038802,0.6456195737963694,0.9402298850574713,0.49158653846153844,0.9064748201438849,409,26,423,252,26,0.921883867563915,0.9219639623994422
0.7020366620618994,0.6466876971608833,0.9403669724770642,0.49278846153846156,0.9064748201438849,410,26,422,252,26,0.921883867563915,0.9219639623994422
0.7017999810184781,0.6477541371158393,0.9405034324942791,0.49399038461538464,0.9064748201438849,411,26,421,252,26,0.921883867563915,0.9219639623994422
0.7015207965503396,0.6488188976377953,0.9406392694063926,0.4951923076923077,0.9064748201438849,412,26,420,252,26,0.921883867563915,0.9219639623994422
0.7009323491484705,0.6498819826907947,0.9407744874715261,0.4963942307692308,0.9064748201438849,413,26,419,252,26,0.921883867563915,0.9219639623994422
0.700593581902091,0.6509433962264151,0.9409090909090909,0.49759615384615385,0.9064748201438849,414,26,418,252,26,0.921883867563915,0.9219639623994422
0.7004685241972097,0.6520031421838177,0.9410430839002267,0.4987980769230769,0.9064748201438849,415,26,417,252,26,0.921883867563915,0.9219639623994422
0.6998618471598264,0.6530612244897959,0.9411764705882353,0.5,0.9064748201438849,416,26,416,252,26,0.921883867563915,0.9219639623994422
0.6996005008050791,0.6541176470588236,0.9413092550790068,0.5012019230769231,0.9064748201438849,417,26,415,252,26,0.921883867563915,0.9219639623994422
0.6994966202326007,0.6551724137931034,0.9414414414414415,0.5024038461538461,0.9064748201438849,418,26,414,252,26,0.921883867563915,0.9219639623994422
0.6994485614142623,0.6562255285826155,0.9415730337078652,0.5036057692307693,0.9064748201438849,419,26,413,252,26,0.921883867563915,0.9219639623994422
0.6994398660533911,0.6572769953051644,0.9417040358744395,0.5048076923076923,0.9064748201438849,420,26,412,252,26,0.921883867563915,0.9219639623994422
0.6991152138053272,0.6583268178264269,0.941834451901566,0.5060096153846154,0.9064748201438849,421,26,411,252,26,0.921883867563915,0.9219639623994422
0.6987626662481605,0.659375,0.9419642857142857,0.5072115384615384,0.9064748201438849,422,26,410,252,26,0.921883867563915,0.9219639623994422
0.6986719279226973,0.6604215456674473,0.9420935412026726,0.5084134615384616,0.9064748201438849,423,26,409,252,26,0.921883867563915,0.9219639623994422
0.6971754236108958,0.6614664586583463,0.9422222222222222,0.5096153846153846,0.9064748201438849,424,26,408,252,26,0.921883867563915,0.9219639623994422
0.695659010203201,0.6625097427903351,0.9423503325942351,0.5108173076923077,0.9064748201438849,425,26,407,252,26,0.921883867563915,0.9219639623994422
0.6951453677064261,0.6635514018691588,0.9424778761061947,0.5120192307692307,0.9064748201438849,426,26,406,252,26,0.921883867563915,0.9219639623994422
0.695088467587464,0.6645914396887159,0.9426048565121413,0.5132211538461539,0.9064748201438849,427,26,405,252,26,0.921883867563915,0.9219639623994422
0.6949429862716123,0.6656298600311042,0.9427312775330396,0.5144230769230769,0.9064748201438849,428,26,404,252,26,0.921883867563915,0.9219639623994422
0.6948163786352588,0.6666666666666666,0.9428571428571428,0.515625,0.9064748201438849,429,26,403,252,26,0.921883867563915,0.9219639623994422
0.6943969377334923,0.6677018633540373,0.9429824561403509,0.5168269230769231,0.9064748201438849,430,26,402,252,26,0.921883867563915,0.9219639623994422
0.6942453261300218,0.6687354538401862,0.9431072210065645,0.5180288461538461,0.9064748201438849,431,26,401,252,26,0.921883867563915,0.9219639623994422
0.6940990132399845,0.6697674418604651,0.9432314410480349,0.5192307692307693,0.9064748201438849,432,26,400,252,26,0.921883867563915,0.9219639623994422
0.6936734299749359,0.6707978311386522,0.9433551198257081,0.5204326923076923,0.9064748201438849,433,26,399,252,26,0.921883867563915,0.9219639623994422
0.6909048299164711,0.6718266253869969,0.9434782608695652,0.5216346153846154,0.9064748201438849,434,26,398,252,26,0.921883867563915,0.9219639623994422
0.6903427088969867,0.671307037896365,0.9414316702819957,0.5216346153846154,0.9028776978417267,434,27,398,251,27,0.921883867563915,0.9219639623994422
0.6900186494014168,0.6723338485316847,0.9415584415584416,0.5228365384615384,0.9028776978417267,435,27,397,251,27,0.921883867563915,0.9219639623994422
0.6898726491468737,0.6733590733590734,0.9416846652267818,0.5240384615384616,0.9028776978417267,436,27,396,251,27,0.921883867563915,0.9219639623994422
0.6897397869557561,0.6743827160493827,0.9418103448275862,0.5252403846153846,0.9028776978417267,437,27,395,251,27,0.921883867563915,0.9219639623994422
0.6881671120753853,0.6754047802621435,0.9419354838709677,0.5264423076923077,0.9028776978417267,438,27,394,251,27,0.921883867563915,0.9219639623994422
0.6863269937344104,0.6764252696456087,0.9420600858369099,0.5276442307692307,0.9028776978417267,439,27,393,251,27,0.921883867563915,0.9219639623994422
0.6860804190310817,0.6774441878367975,0.9421841541755889,0.5288461538461539,0.9028776978417267,440,27,392,251,27,0.921883867563915,0.9219639623994422
0.6860142545921714,0.676923076923077,0.9401709401709402,0.5288461538461539,0.8992805755395683,440,28,392,250,28,0.921883867563915,0.9219639623994422
0.685044139023975,0.6779400461183704,0.9402985074626866,0.5300480769230769,0.8992805755395683,441,28,391,250,28,0.921883867563915,0.9219639623994422
0.6846181541663217,0.6789554531490015,0.9404255319148936,0.53125,0.8992805755395683,442,28,390,250,28,0.921883867563915,0.9219639623994422
0.6841860534004017,0.6799693016116654,0.940552016985138,0.5324519230769231,0.8992805755395683,443,28,389,250,28,0.921883867563915,0.9219639623994422
0.6840205496783338,0.6809815950920245,0.940677966101695,0.5336538461538461,0.8992805755395683,444,28,388,250,28,0.921883867563915,0.9219639623994422
0.6839747419718442,0.6819923371647509,0.9408033826638478,0.5348557692307693,0.8992805755395683,445,28,387,250,28,0.921883867563915,0.9219639623994422
0.6835399489220719,0.6814701378254211,0.9388185654008439,0.5348557692307693,0.89568345323741,445,29,387,249,29,0.921883867563915,0.9219639623994422
0.6827933050928316,0.6809487375669472,0.9368421052631579,0.5348557692307693,0.8920863309352518,445,30,387,248,30,0.921883867563915,0.9219639623994422
0.6825240648941672,0.6819571865443425,0.9369747899159664,0.5360576923076923,0.8920863309352518,446,30,386,248,30,0.921883867563915,0.9219639623994422
0.6812025938712014,0.6829640947288006,0.9371069182389937,0.5372596153846154,0.8920863309352518,447,30,385,248,30,0.921883867563915,0.9219639623994422
0.6798866376924014,0.683969465648855,0.9372384937238494,0.5384615384615384,0.8920863309352518,448,30,384,248,30,0.921883867563915,0.9219639623994422
0.6792460067497073,0.6849733028222731,0.9373695198329853,0.5396634615384616,0.8920863309352518,449,30,383,248,30,0.921883867563915,0.9219639623994422
0.6790369619412698,0.6859756097560976,0.9375,0.5408653846153846,0.8920863309352518,450,30,382,248,30,0.921883867563915,0.9219639623994422
0.6787518628371925,0.686976389946687,0.9376299376299376,0.5420673076923077,0.8920863309352518,451,30,381,248,30,0.921883867563915,0.9219639623994422
0.6786411487278396,0.6879756468797564,0.9377593360995851,0.5432692307692307,0.8920863309352518,452,30,380,248,30,0.921883867563915,0.9219639623994422
0.6782123037948746,0.6889733840304183,0.937888198757764,0.5444711538461539,0.8920863309352518,453,30,379,248,30,0.921883867563915,0.9219639623994422
0.6782004432619909,0.6899696048632219,0.9380165289256198,0.5456730769230769,0.8920863309352518,454,30,378,248,30,0.921883867563915,0.9219639623994422
0.6777518735372838,0.6909643128321944,0.9381443298969072,0.546875,0.8920863309352518,455,30,377,248,30,0.921883867563915,0.9219639623994422
0.6771838159303639,0.6919575113808801,0.9382716049382716,0.5480769230769231,0.8920863309352518,456,30,376,248,30,0.921883867563915,0.9219639623994422
0.6770836106059048,0.6929492039423806,0.9383983572895277,0.5492788461538461,0.8920863309352518,457,30,375,248,30,0.921883867563915,0.9219639623994422
0.6767294246199416,0.693939393939394,0.9385245901639344,0.5504807692307693,0.8920863309352518,458,30,374,248,30,0.921883867563915,0.9219639623994422
0.676266289152099,0.6949280847842544,0.9386503067484663,0.5516826923076923,0.8920863309352518,459,30,373,248,30,0.921883867563915,0.9219639623994422
0.675770477069508,0.6959152798789713,0.9387755102040817,0.5528846153846154,0.8920863309352518,460,30,372,248,30,0.921883867563915,0.9219639623994422
0.6757365940420257,0.6969009826152683,0.9389002036659878,0.5540865384615384,0.8920863309352518,461,30,371,248,30,0.921883867563915,0.9219639623994422
0.6749892424939146,0.6978851963746223,0.9390243902439024,0.5552884615384616,0.8920863309352518,462,30,370,248,30,0.921883867563915,0.9219639623994422
0.6748059894375315,0.6988679245283019,0.9391480730223124,0.5564903846153846,0.8920863309352518,463,30,369,248,30,0.921883867563915,0.9219639623994422
0.673922988086458,0.6998491704374057,0.9392712550607287,0.5576923076923077,0.8920863309352518,464,30,368,248,30,0.921883867563915,0.9219639623994422
0.6729944100782621,0.7008289374529013,0.9393939393939394,0.5588942307692307,0.8920863309352518,465,30,367,248,30,0.921883867563915,0.9219639623994422
0.6725353654150107,0.7018072289156626,0.9395161290322581,0.5600961538461539,0.8920863309352518,466,30,366,248,30,0.921883867563915,0.9219639623994422
0.6720967200784818,0.7027840481565086,0.9396378269617707,0.5612980769230769,0.8920863309352518,467,30,365,248,30,0.921883867563915,0.9219639623994422
0.6710028984979088,0.7037593984962406,0.9397590361445783,0.5625,0.8920863309352518,468,30,364,248,30,0.921883867563915,0.9219639623994422
0.6702031243702183,0.70473328324568,0.9398797595190381,0.5637019230769231,0.8920863309352518,469,30,363,248,30,0.921883867563915,0.9219639623994422
0.6700547004408386,0.7057057057057057,0.94,0.5649038461538461,0.8920863309352518,470,30,362,248,30,0.921883867563915,0.9219639623994422
0.6680287121830837,0.7066766691672918,0.9401197604790419,0.5661057692307693,0.8920863309352518,471,30,361,248,30,0.921883867563915,0.9219639623994422
0.6676883711472791,0.7076461769115442,0.9402390438247012,0.5673076923076923,0.8920863309352518,472,30,360,248,30,0.921883867563915,0.9219639623994422
0.664678290661998,0.7086142322097378,0.9403578528827038,0.5685096153846154,0.8920863309352518,473,30,359,248,30,0.921883867563915,0.9219639623994422
0.6638452470069586,0.7095808383233533,0.9404761904761905,0.5697115384615384,0.8920863309352518,474,30,358,248,30,0.921883867563915,0.9219639623994422
0.6634122342400488,0.7105459985041137,0.9405940594059405,0.5709134615384616,0.8920863309352518,475,30,357,248,30,0.921883867563915,0.9219639623994422
0.6631338501419762,0.7115097159940209,0.9407114624505929,0.5721153846153846,0.8920863309352518,476,30,356,248,30,0.921883867563915,0.9219639623994422
0.662720787979241,0.7109783420463032,0.9388560157790927,0.5721153846153846,0.8884892086330936,476,31,356,247,31,0.921883867563915,0.9219639623994422
0.6622763612479066,0.7119402985074627,0.9389763779527559,0.5733173076923077,0.8884892086330936,477,31,355,247,31,0.921883867563915,0.9219639623994422
0.6613823253682958,0.7129008202833707,0.9390962671905697,0.5745192307692307,0.8884892086330936,478,31,354,247,31,0.921883867563915,0.9219639623994422
0.6613735473234184,0.713859910581222,0.9392156862745098,0.5757211538461539,0.8884892086330936,479,31,353,247,31,0.921883867563915,0.9219639623994422
0.6611372150896847,0.7148175725986597,0.9393346379647749,0.5769230769230769,0.8884892086330936,480,31,352,247,31,0.921883867563915,0.9219639623994422
0.6600528367888229,0.7157738095238095,0.939453125,0.578125,0.8884892086330936,481,31,351,247,31,0.921883867563915,0.9219639623994422
0.6570860461493393,0.7152416356877324,0.9376218323586745,0.578125,0.8848920863309353,481,32,351,246,32,0.921883867563915,0.9219639623994422
0.655811336545405,0.7161961367013373,0.9377431906614786,0.5793269230769231,0.8848920863309353,482,32,350,246,32,0.921883867563915,0.9219639623994422
0.6557988493624358,0.7156644394951744,0.9359223300970874,0.5793269230769231,0.8812949640287769,482,33,350,245,33,0.921883867563915,0.9219639623994422
0.6545340343463729,0.7151335311572701,0.9341085271317829,0.5793269230769231,0.8776978417266187,482,34,350,244,34,0.921883867563915,0.9219639623994422
0.6543560721576349,0.7146034099332839,0.9323017408123792,0.5793269230769231,0.8741007194244604,482,35,350,243,35,0.921883867563915,0.9219639623994422
0.6543411780464516,0.7140740740740741,0.9305019305019305,0.5793269230769231,0.8705035971223022,482,36,350,242,36,0.921883867563915,0.9219639623994422
0.6533764025743167,0.7150259067357513,0.930635838150289,0.5805288461538461,0.8705035971223022,483,36,349,242,36,0.921883867563915,0.9219639623994422
0.6526310848419483,0.7144970414201184,0.9288461538461539,0.5805288461538461,0.8669064748201439,483,37,349,241,37,0.921883867563915,0.9219639623994422
0.65214049520462,0.7154471544715447,0.9289827255278311,0.5817307692307693,0.8669064748201439,484,37,348,241,37,0.921883867563915,0.9219639623994422
0.6520369018844934,0.7149187592319055,0.9272030651340997,0.5817307692307693,0.8633093525179856,484,38,348,240,38,0.921883867563915,0.9219639623994422
0.6506292822652552,0.7143911439114391,0.9254302103250478,0.5817307692307693,0.8597122302158273,484,39,348,239,39,0.921883867563915,0.9219639623994422
0.6474067365885154,0.7153392330383481,0.9255725190839694,0.5829326923076923,0.8597122302158273,485,39,347,239,39,0.921883867563915,0.9219639623994422
0.6470774413803803,0.7162859248341931,0.9257142857142857,0.5841346153846154,0.8597122302158273,486,39,346,239,39,0.921883867563915,0.9219639623994422
0.6465953724557421,0.7157584683357879,0.9239543726235742,0.5841346153846154,0.8561151079136691,486,40,346,238,40,0.921883867563915,0.9219639623994422
0.6463446703828601,0.7152317880794702,0.9222011385199241,0.5841346153846154,0.8525179856115108,486,41,346,237,41,0.921883867563915,0.9219639623994422
0.6458674672282023,0.7161764705882353,0.9223484848484849,0.5853365384615384,0.8525179856115108,487,41,345,237,41,0.921883867563915,0.9219639623994422
0.6429209306781992,0.7171197648787656,0.9224952741020794,0.5865384615384616,0.8525179856115108,488,41,344,237,41,0.921883867563915,0.9219639623994422
0.6416496919290415,0.7180616740088106,0.9226415094339623,0.5877403846153846,0.8525179856115108,489,41,343,237,41,0.921883867563915,0.9219639623994422
0.6412267686944475,0.719002201027146,0.9227871939736346,0.5889423076923077,0.8525179856115108,490,41,342,237,41,0.921883867563915,0.9219639623994422
0.6405069309656792,0.7199413489736071,0.9229323308270677,0.5901442307692307,0.8525179856115108,491,41,341,237,41,0.921883867563915,0.9219639623994422
0.6403026412405175,0.7194139194139194,0.9212007504690432,0.5901442307692307,0.8489208633093526,491,42,341,236,42,0.921883867563915,0.9219639623994422
0.6390056384855245,0.7203513909224012,0.9213483146067416,0.5913461538461539,0.8489208633093526,492,42,340,236,42,0.921883867563915,0.9219639623994422
0.6387386727165243,0.7212874908558888,0.9214953271028037,0.5925480769230769,0.8489208633093526,493,42,339,236,42,0.921883867563915,0.9219639623994422
0.638606391910742,0.7222222222222222,0.9216417910447762,0.59375,0.8489208633093526,494,42,338,236,42,0.921883867563915,0.9219639623994422
0.6381690315676362,0.7231555880204529,0.9217877094972067,0.5949519230769231,0.8489208633093526,495,42,337,236,42,0.921883867563915,0.9219639623994422
0.6358230457103036,0.724087591240876,0.9219330855018587,0.5961538461538461,0.8489208633093526,496,42,336,236,42,0.921883867563915,0.9219639623994422
0.6342473976596448,0.725018234865062,0.922077922077922,0.5973557692307693,0.8489208633093526,497,42,335,236,42,0.921883867563915,0.9219639623994422
0.6337347306645434,0.7259475218658892,0.9222222222222223,0.5985576923076923,0.8489208633093526,498,42,334,236,42,0.921883867563915,0.9219639623994422
0.6335516098257064,0.7268754552075747,0.922365988909427,0.5997596153846154,0.8489208633093526,499,42,333,236,42,0.921883867563915,0.9219639623994422
0.6321226745543543,0.727802037845706,0.922509225092251,0.6009615384615384,0.8489208633093526,500,42,332,236,42,0.921883867563915,0.9219639623994422
0.6302744081940002,0.7287272727272728,0.9226519337016574,0.6021634615384616,0.8489208633093526,501,42,331,236,42,0.921883867563915,0.9219639623994422
0.6278124374678653,0.7296511627906976,0.9227941176470589,0.6033653846153846,0.8489208633093526,502,42,330,236,42,0.921883867563915,0.9219639623994422
0.6270175233992281,0.7305737109658679,0.9229357798165138,0.6045673076923077,0.8489208633093526,503,42,329,236,42,0.921883867563915,0.9219639623994422
0.6268800688475993,0.7314949201741655,0.9230769230769231,0.6057692307692307,0.8489208633093526,504,42,328,236,42,0.921883867563915,0.9219639623994422
0.6235020630327608,0.7324147933284989,0.923217550274223,0.6069711538461539,0.8489208633093526,505,42,327,236,42,0.921883867563915,0.9219639623994422
0.622642818877712,0.7333333333333333,0.9233576642335767,0.6081730769230769,0.8489208633093526,506,42,326,236,42,0.921883867563915,0.9219639623994422
0.6217770023654833,0.7342505430847213,0.9234972677595629,0.609375,0.8489208633093526,507,42,325,236,42,0.921883867563915,0.9219639623994422
0.6215966916766166,0.7351664254703328,0.9236363636363636,0.6105769230769231,0.8489208633093526,508,42,324,236,42,0.921883867563915,0.9219639623994422
0.6214667635270521,0.7346348517715112,0.9219600725952813,0.6105769230769231,0.8453237410071942,508,43,324,235,43,0.921883867563915,0.9219639623994422
0.621253120034291,0.7355491329479769,0.9221014492753623,0.6117788461538461,0.8453237410071942,509,43,323,235,43,0.921883867563915,0.9219639623994422
0.6207881965287203,0.7350180505415163,0.9204339963833634,0.6117788461538461,0.841726618705036,509,44,323,234,44,0.921883867563915,0.9219639623994422
0.6200816293168168,0.7359307359307359,0.9205776173285198,0.6129807692307693,0.841726618705036,510,44,322,234,44,0.921883867563915,0.9219639623994422
0.6197322039004147,0.7368421052631579,0.9207207207207208,0.6141826923076923,0.841726618705036,511,44,321,234,44,0.921883867563915,0.9219639623994422
0.6192187910982422,0.7377521613832853,0.920863309352518,0.6153846153846154,0.841726618705036,512,44,320,234,44,0.921883867563915,0.9219639623994422
0.618122543101159,0.7386609071274298,0.9210053859964094,0.6165865384615384,0.841726618705036,513,44,319,234,44,0.921883867563915,0.9219639623994422
0.6178705007549767,0.739568345323741,0.921146953405018,0.6177884615384616,0.841726618705036,514,44,318,234,44,0.921883867563915,0.9219639623994422
0.6175075137588182,0.7404744787922358,0.9212880143112702,0.6189903846153846,0.841726618705036,515,44,317,234,44,0.921883867563915,0.9219639623994422
0.6171174233388136,0.7399425287356322,0.9196428571428571,0.6189903846153846,0.8381294964028777,515,45,317,233,45,0.921883867563915,0.9219639623994422
0.6154640335689812,0.7408470926058865,0.9197860962566845,0.6201923076923077,0.8381294964028777,516,45,316,233,45,0.921883867563915,0.9219639623994422
0.6151235948279088,0.7417503586800573,0.9199288256227758,0.6213942307692307,0.8381294964028777,517,45,315,233,45,0.921883867563915,0.9219639623994422
0.6147547732796458,0.7412186379928315,0.9182948490230906,0.6213942307692307,0.8345323741007195,517,46,315,232,46,0.921883867563915,0.9219639623994422
0.614448842939153,0.7421203438395415,0.9184397163120568,0.6225961538461539,0.8345323741007195,518,46,314,232,46,0.921883867563915,0.9219639623994422
0.6141759120052744,0.7430207587687903,0.9185840707964602,0.6237980769230769,0.8345323741007195,519,46,313,232,46,0.921883867563915,0.9219639623994422
0.6133883245114116,0.7439198855507868,0.9187279151943463,0.625,0.8345323741007195,520,46,312,232,46,0.921883867563915,0.9219639623994422
0.610905663631646,0.7448177269478199,0.9188712522045855,0.6262019230769231,0.8345323741007195,521,46,311,232,46,0.921883867563915,0.9219639623994422
0.6106841665828295,0.7457142857142857,0.9190140845070423,0.6274038461538461,0.8345323741007195,522,46,310,232,46,0.921883867563915,0.9219639623994422
0.6087990380446138,0.7466095645967167,0.9191564147627417,0.6286057692307693,0.8345323741007195,523,46,309,232,46,0.921883867563915,0.9219639623994422
0.6082593601522803,0.7475035663338089,0.9192982456140351,0.6298076923076923,0.8345323741007195,524,46,308,232,46,0.921883867563915,0.9219639623994422
0.6076411331727218,0.7483962936564504,0.9194395796847635,0.6310096153846154,0.8345323741007195,525,46,307,232,46,0.921883867563915,0.9219639623994422
0.6074094807886136,0.7492877492877493,0.9195804195804196,0.6322115384615384,0.8345323741007195,526,46,306,232,46,0.921883867563915,0.9219639623994422
0.6069928343902204,0.7501779359430605,0.9197207678883071,0.6334134615384616,0.8345323741007195,527,46,305,232,46,0.921883867563915,0.9219639623994422
0.6055888019068639,0.7510668563300142,0.9198606271777003,0.6346153846153846,0.8345323741007195,528,46,304,232,46,0.921883867563915,0.9219639623994422
0.6037366688653896,0.751954513148543,0.92,0.6358173076923077,0.8345323741007195,529,46,303,232,46,0.921883867563915,0.9219639623994422
0.6023306502645471,0.7528409090909091,0.9201388888888888,0.6370192307692307,0.8345323741007195,530,46,302,232,46,0.921883867563915,0.9219639623994422
0.602095735809449,0.752306600425834,0.9185441941074524,0.6370192307692307,0.8309352517985612,530,47,302,231,47,0.921883867563915,0.9219639623994422
0.6010493924398396,0.7531914893617021,0.9186851211072664,0.6382211538461539,0.8309352517985612,531,47,301,231,47,0.921883867563915,0.9219639623994422
0.5999984613208531,0.7540751240255138,0.918825561312608,0.6394230769230769,0.8309352517985612,532,47,300,231,47,0.921883867563915,0.9219639623994422
0.5998151264087274,0.7549575070821529,0.9189655172413793,0.640625,0.8309352517985612,533,47,299,231,47,0.921883867563915,0.9219639623994422
0.5993939306259721,0.7558386411889597,0.919104991394148,0.6418269230769231,0.8309352517985612,534,47,298,231,47,0.921883867563915,0.9219639623994422
0.5992212336066212,0.7567185289957568,0.9192439862542955,0.6430288461538461,0.8309352517985612,535,47,297,231,47,0.921883867563915,0.9219639623994422
0.597953970955418,0.7575971731448763,0.9193825042881647,0.6442307692307693,0.8309352517985612,536,47,296,231,47,0.921883867563915,0.9219639623994422
0.5968236915609539,0.7570621468926554,0.9178082191780822,0.6442307692307693,0.8273381294964028,536,48,296,230,48,0.921883867563915,0.9219639623994422
0.5939363510527007,0.757939308398024,0.9179487179487179,0.6454326923076923,0.8273381294964028,537,48,295,230,48,0.921883867563915,0.9219639623994422
0.5934606585826451,0.7574047954866009,0.9163822525597269,0.6454326923076923,0.8237410071942446,537,49,295,229,49,0.921883867563915,0.9219639623994422
0.593045519465469,0.7582804792107117,0.9165247018739353,0.6466346153846154,0.8237410071942446,538,49,294,229,49,0.921883867563915,0.9219639623994422
0.5929332830622995,0.7591549295774648,0.9166666666666666,0.6478365384615384,0.8237410071942446,539,49,293,229,49,0.921883867563915,0.9219639623994422
0.5919815160143181,0.7600281491907108,0.9168081494057725,0.6490384615384616,0.8237410071942446,540,49,292,229,49,0.921883867563915,0.9219639623994422
0.5903473260490416,0.7609001406469761,0.9169491525423729,0.6502403846153846,0.8237410071942446,541,49,291,229,49,0.921883867563915,0.9219639623994422
0.5902241479166231,0.7617709065354884,0.9170896785109983,0.6514423076923077,0.8237410071942446,542,49,290,229,49,0.921883867563915,0.9219639623994422
0.5901333607587452,0.7626404494382022,0.9172297297297297,0.6526442307692307,0.8237410071942446,543,49,289,229,49,0.921883867563915,0.9219639623994422
0.5895686215062294,0.7635087719298246,0.9173693086003373,0.6538461538461539,0.8237410071942446,544,49,288,229,49,0.921883867563915,0.9219639623994422
0.5892116816980556,0.7629733520336606,0.9158249158249159,0.6538461538461539,0.8201438848920863,544,50,288,228,50,0.921883867563915,0.9219639623994422
0.5878926332181019,0.7638402242466713,0.9159663865546218,0.6550480769230769,0.8201438848920863,545,50,287,228,50,0.921883867563915,0.9219639623994422
0.5853080905824899,0.7647058823529411,0.9161073825503355,0.65625,0.8201438848920863,546,50,286,228,50,0.921883867563915,0.9219639623994422
0.5850838754165163,0.7655703289013296,0.916247906197655,0.6574519230769231,0.8201438848920863,547,50,285,228,50,0.921883867563915,0.9219639623994422
0.5843492498921455,0.7664335664335664,0.9163879598662207,0.6586538461538461,0.8201438848920863,548,50,284,228,50,0.921883867563915,0.9219639623994422
0.5842759766911365,0.7672955974842768,0.9165275459098498,0.6598557692307693,0.8201438848920863,549,50,283,228,50,0.921883867563915,0.9219639623994422
0.582722657986804,0.7681564245810056,0.9166666666666666,0.6610576923076923,0.8201438848920863,550,50,282,228,50,0.921883867563915,0.9219639623994422
0.5822105702237221,0.7690160502442428,0.9168053244592346,0.6622596153846154,0.8201438848920863,551,50,281,228,50,0.921883867563915,0.9219639623994422
0.5810362558934576,0.7684797768479776,0.915282392026578,0.6622596153846154,0.8165467625899281,551,51,281,227,51,0.921883867563915,0.9219639623994422
0.5803378139602524,0.7693379790940766,0.9154228855721394,0.6634615384615384,0.8165467625899281,552,51,280,227,51,0.921883867563915,0.9219639623994422
0.5792317648805106,0.7688022284122563,0.9139072847682119,0.6634615384615384,0.8129496402877698,552,52,280,226,52,0.921883867563915,0.9219639623994422
0.57907525285517,0.7696590118302018,0.9140495867768595,0.6646634615384616,0.8129496402877698,553,52,279,226,52,0.921883867563915,0.9219639623994422
0.5782842494214122,0.7705146036161336,0.9141914191419142,0.6658653846153846,0.8129496402877698,554,52,278,226,52,0.921883867563915,0.9219639623994422
0.5775610031976822,0.7713690062543433,0.914332784184514,0.6670673076923077,0.8129496402877698,555,52,277,226,52,0.921883867563915,0.9219639623994422
0.5766526138874609,0.7722222222222223,0.9144736842105263,0.6682692307692307,0.8129496402877698,556,52,276,226,52,0.921883867563915,0.9219639623994422
0.5766301279725503,0.7730742539902845,0.9146141215106732,0.6694711538461539,0.8129496402877698,557,52,275,226,52,0.921883867563915,0.9219639623994422
0.5752783608976748,0.7725381414701803,0.9131147540983606,0.6694711538461539,0.8093525179856115,557,53,275,225,53,0.921883867563915,0.9219639623994422
0.5752366673968166,0.7733887733887734,0.9132569558101473,0.6706730769230769,0.8093525179856115,558,53,274,225,53,0.921883867563915,0.9219639623994422
0.5741823906431684,0.7742382271468145,0.9133986928104575,0.671875,0.8093525179856115,559,53,273,225,53,0.921883867563915,0.9219639623994422
0.5736757558043919,0.7750865051903114,0.9135399673735726,0.6730769230769231,0.8093525179856115,560,53,272,225,53,0.921883867563915,0.9219639623994422
0.572932317014683,0.7759336099585062,0.9136807817589576,0.6742788461538461,0.8093525179856115,561,53,271,225,53,0.921883867563915,0.9219639623994422
0.5728934607898252,0.7767795438838977,0.9138211382113821,0.6754807692307693,0.8093525179856115,562,53,270,225,53,0.921883867563915,0.9219639623994422
0.5716993453835889,0.7776243093922652,0.913961038961039,0.6766826923076923,0.8093525179856115,563,53,269,225,53,0.921883867563915,0.9219639623994422
0.5716130728519166,0.7784679089026915,0.9141004862236629,0.6778846153846154,0.8093525179856115,564,53,268,225,53,0.921883867563915,0.9219639623994422
0.5710915562195454,0.7793103448275862,0.9142394822006472,0.6790865384615384,0.8093525179856115,565,53,267,225,53,0.921883867563915,0.9219639623994422
0.5697163380505187,0.7801516195727085,0.9143780290791599,0.6802884615384616,0.8093525179856115,566,53,266,225,53,0.921883867563915,0.9219639623994422
0.5681473206999572,0.78099173553719,0.9145161290322581,0.6814903846153846,0.8093525179856115,567,53,265,225,53,0.921883867563915,0.9219639623994422
0.5681128714855528,0.7804542326221611,0.9130434782608695,0.6814903846153846,0.8057553956834532,567,54,265,224,54,0.921883867563915,0.9219639623994422
0.5668189645822939,0.781292984869326,0.9131832797427653,0.6826923076923077,0.8057553956834532,568,54,264,224,54,0.921883867563915,0.9219639623994422
0.5666447609908444,0.7821305841924399,0.913322632423756,0.6838942307692307,0.8057553956834532,569,54,263,224,54,0.921883867563915,0.9219639623994422
0.5663588312368284,0.782967032967033,0.9134615384615384,0.6850961538461539,0.8057553956834532,570,54,262,224,54,0.921883867563915,0.9219639623994422
0.5646131001856967,0.7838023335621139,0.9136,0.6862980769230769,0.8057553956834532,571,54,261,224,54,0.921883867563915,0.9219639623994422
0.5607698730531514,0.7832647462277091,0.9121405750798722,0.6862980769230769,0.802158273381295,571,55,261,223,55,0.921883867563915,0.9219639623994422
0.558723464019236,0.7827278958190541,0.9106858054226475,0.6862980769230769,0.7985611510791367,571,56,261,222,56,0.921883867563915,0.9219639623994422
0.5568947610191308,0.7835616438356164,0.910828025477707,0.6875,0.7985611510791367,572,56,260,222,56,0.921883867563915,0.9219639623994422
0.5560011234925633,0.784394250513347,0.9109697933227345,0.6887019230769231,0.7985611510791367,573,56,259,222,56,0.921883867563915,0.9219639623994422
0.5529423718261302,0.7852257181942545,0.9111111111111111,0.6899038461538461,0.7985611510791367,574,56,258,222,56,0.921883867563915,0.9219639623994422
0.552472924899414,0.7860560492139439,0.9112519809825673,0.6911057692307693,0.7985611510791367,575,56,257,222,56,0.921883867563915,0.9219639623994422
0.5480346534349518,0.7855191256830601,0.9098101265822784,0.6911057692307693,0.7949640287769785,575,57,257,221,57,0.921883867563915,0.9219639623994422
0.5448077722159841,0.7863481228668942,0.909952606635071,0.6923076923076923,0.7949640287769785,576,57,256,221,57,0.921883867563915,0.9219639623994422
0.5369223497363126,0.7871759890859482,0.9100946372239748,0.6935096153846154,0.7949640287769785,577,57,255,221,57,0.921883867563915,0.9219639623994422
0.5316207720582453,0.7880027266530334,0.9102362204724409,0.6947115384615384,0.7949640287769785,578,57,254,221,57,0.921883867563915,0.9219639623994422
0.5251286013727463,0.7874659400544959,0.9088050314465409,0.6947115384615384,0.7913669064748201,578,58,254,220,58,0.921883867563915,0.9219639623994422
0.5246390254968408,0.7882913546630361,0.9089481946624803,0.6959134615384616,0.7913669064748201,579,58,253,220,58,0.921883867563915,0.9219639623994422
0.5238203347514558,0.7891156462585034,0.9090909090909091,0.6971153846153846,0.7913669064748201,580,58,252,220,58,0.921883867563915,0.9219639623994422
0.5220434413056044,0.7899388171312033,0.9092331768388107,0.6983173076923077,0.7913669064748201,581,58,251,220,58,0.921883867563915,0.9219639623994422
0.5214450379699558,0.7894021739130435,0.9078125,0.6983173076923077,0.7877697841726619,581,59,251,219,59,0.921883867563915,0.9219639623994422
0.5208421707308821,0.790224032586558,0.9079563182527302,0.6995192307692307,0.7877697841726619,582,59,250,219,59,0.921883867563915,0.9219639623994422
0.5197850046354583,0.7910447761194029,0.9080996884735203,0.7007211538461539,0.7877697841726619,583,59,249,219,59,0.921883867563915,0.9219639623994422
0.5184242917346271,0.7905084745762712,0.9066874027993779,0.7007211538461539,0.7841726618705036,583,60,249,218,60,0.921883867563915,0.9219639623994422
0.5180476950556342,0.7913279132791328,0.906832298136646,0.7019230769230769,0.7841726618705036,584,60,248,218,60,0.921883867563915,0.9219639623994422
0.5178765149355776,0.7921462423832092,0.9069767441860465,0.703125,0.7841726618705036,585,60,247,218,60,0.921883867563915,0.9219639623994422
0.5159956848671232,0.7929634641407307,0.9071207430340558,0.7043269230769231,0.7841726618705036,586,60,246,218,60,0.921883867563915,0.9219639623994422
0.5146498648444204,0.7937795807978364,0.9072642967542504,0.7055288461538461,0.7841726618705036,587,60,245,218,60,0.921883867563915,0.9219639623994422
0.5139726980337597,0.7945945945945946,0.9074074074074074,0.7067307692307693,0.7841726618705036,588,60,244,218,60,0.921883867563915,0.9219639623994422
0.5133248867221082,0.7954085077650236,0.9075500770416025,0.7079326923076923,0.7841726618705036,589,60,243,218,60,0.921883867563915,0.9219639623994422
0.5128992502336558,0.796221322537112,0.9076923076923077,0.7091346153846154,0.7841726618705036,590,60,242,218,60,0.921883867563915,0.9219639623994422
0.5126747081291796,0.7970330411328388,0.9078341013824884,0.7103365384615384,0.7841726618705036,591,60,241,218,60,0.921883867563915,0.9219639623994422
0.5116662071814821,0.7978436657681941,0.9079754601226994,0.7115384615384616,0.7841726618705036,592,60,240,218,60,0.921883867563915,0.9219639623994422
0.511218945602844,0.7986531986531986,0.9081163859111792,0.7127403846153846,0.7841726618705036,593,60,239,218,60,0.921883867563915,0.9219639623994422
0.5103966684373951,0.7994616419919246,0.908256880733945,0.7139423076923077,0.7841726618705036,594,60,238,218,60,0.921883867563915,0.9219639623994422
0.5101095192742539,0.8002689979825152,0.9083969465648855,0.7151442307692307,0.7841726618705036,595,60,237,218,60,0.921883867563915,0.9219639623994422
0.508871327051155,0.7997311827956989,0.9070121951219512,0.7151442307692307,0.7805755395683454,595,61,237,217,61,0.921883867563915,0.9219639623994422
0.5067352556120956,0.8005372733378107,0.9071537290715372,0.7163461538461539,0.7805755395683454,596,61,236,217,61,0.921883867563915,0.9219639623994422
0.506402058688741,0.8013422818791947,0.9072948328267477,0.7175480769230769,0.7805755395683454,597,61,235,217,61,0.921883867563915,0.9219639623994422
0.5056712206402993,0.8021462105969148,0.9074355083459787,0.71875,0.7805755395683454,598,61,234,217,61,0.921883867563915,0.9219639623994422
0.5031907588151378,0.8016085790884718,0.906060606060606,0.71875,0.7769784172661871,598,62,234,216,62,0.921883867563915,0.9219639623994422
0.5030469245388552,0.8024112525117214,0.9062027231467473,0.7199519230769231,0.7769784172661871,599,62,233,216,62,0.921883867563915,0.9219639623994422
0.502571179743025,0.8032128514056225,0.9063444108761329,0.7211538461538461,0.7769784172661871,600,62,232,216,62,0.921883867563915,0.9219639623994422
0.5005541292504414,0.8040133779264214,0.9064856711915535,0.7223557692307693,0.7769784172661871,601,62,231,216,62,0.921883867563915,0.9219639623994422
0.5004297218843403,0.8048128342245989,0.9066265060240963,0.7235576923076923,0.7769784172661871,602,62,230,216,62,0.921883867563915,0.9219639623994422
0.49937235233589916,0.8056112224448898,0.9067669172932331,0.7247596153846154,0.7769784172661871,603,62,229,216,62,0.921883867563915,0.9219639623994422
0.49929158525942974,0.8050734312416555,0.9054054054054054,0.7247596153846154,0.7733812949640287,603,63,229,215,63,0.921883867563915,0.9219639623994422
0.49915903032353015,0.8058705803869246,0.9055472263868066,0.7259615384615384,0.7733812949640287,604,63,228,215,63,0.921883867563915,0.9219639623994422
0.4960171926877095,0.8066666666666666,0.905688622754491,0.7271634615384616,0.7733812949640287,605,63,227,215,63,0.921883867563915,0.9219639623994422
0.4946067807094102,0.8074616922051966,0.905829596412556,0.7283653846153846,0.7733812949640287,606,63,226,215,63,0.921883867563915,0.9219639623994422
0.49109240106660257,0.8082556591211718,0.9059701492537313,0.7295673076923077,0.7733812949640287,607,63,225,215,63,0.921883867563915,0.9219639623994422
0.49024889272009897,0.8090485695276114,0.9061102831594635,0.7307692307692307,0.7733812949640287,608,63,224,215,63,0.921883867563915,0.9219639623994422
0.4901934369282246,0.8098404255319149,0.90625,0.7319711538461539,0.7733812949640287,609,63,223,215,63,0.921883867563915,0.9219639623994422
0.4877075806052158,0.8106312292358804,0.9063893016344725,0.7331730769230769,0.7733812949640287,610,63,222,215,63,0.921883867563915,0.9219639623994422
0.48751335633207526,0.8100929614873837,0.9050445103857567,0.7331730769230769,0.7697841726618705,610,64,222,214,64,0.921883867563915,0.9219639623994422
0.48494371648119894,0.8108825481088254,0.9051851851851852,0.734375,0.7697841726618705,611,64,221,214,64,0.921883867563915,0.9219639623994422
0.4848204817575247,0.8103448275862069,0.9038461538461539,0.734375,0.7661870503597122,611,65,221,213,65,0.921883867563915,0.9219639623994422
0.4844559345326156,0.8111332007952287,0.9039881831610044,0.7355769230769231,0.7661870503597122,612,65,220,213,65,0.921883867563915,0.9219639623994422
0.48393636293991016,0.8105960264900662,0.9026548672566371,0.7355769230769231,0.762589928057554,612,66,220,212,66,0.921883867563915,0.9219639623994422
0.4838905156174752,0.8113831899404368,0.9027982326951399,0.7367788461538461,0.762589928057554,613,66,219,212,66,0.921883867563915,0.9219639623994422
0.48373780445090353,0.8121693121693122,0.9029411764705882,0.7379807692307693,0.762589928057554,614,66,218,212,66,0.921883867563915,0.9219639623994422
0.48372411457614317,0.8129543952412426,0.9030837004405287,0.7391826923076923,0.762589928057554,615,66,217,212,66,0.921883867563915,0.9219639623994422
0.47952039477858044,0.8137384412153237,0.9032258064516129,0.7403846153846154,0.762589928057554,616,66,216,212,66,0.921883867563915,0.9219639623994422
0.47878878500965705,0.8145214521452145,0.9033674963396779,0.7415865384615384,0.762589928057554,617,66,215,212,66,0.921883867563915,0.9219639623994422
0.47834400811063027,0.8153034300791556,0.9035087719298246,0.7427884615384616,0.762589928057554,618,66,214,212,66,0.921883867563915,0.9219639623994422
0.47589893110513115,0.8147659854976929,0.9021897810218978,0.7427884615384616,0.7589928057553957,618,67,214,211,67,0.921883867563915,0.9219639623994422
0.4745043095174466,0.8155467720685112,0.902332361516035,0.7439903846153846,0.7589928057553957,619,67,213,211,67,0.921883867563915,0.9219639623994422
0.4674051535483106,0.8163265306122449,0.9024745269286754,0.7451923076923077,0.7589928057553957,620,67,212,211,67,0.921883867563915,0.9219639623994422
0.4656921674343413,0.8171052631578948,0.9026162790697675,0.7463942307692307,0.7589928057553957,621,67,211,211,67,0.921883867563915,0.9219639623994422
0.4618375447821502,0.8165680473372781,0.9013062409288825,0.7463942307692307,0.7553956834532374,621,68,211,210,68,0.921883867563915,0.9219639623994422
0.46080704840063613,0.8173455978975033,0.9014492753623189,0.7475961538461539,0.7553956834532374,622,68,210,210,68,0.921883867563915,0.9219639623994422
0.45618093623014966,0.8181221273801708,0.9015918958031838,0.7487980769230769,0.7553956834532374,623,68,209,210,68,0.921883867563915,0.9219639623994422
0.45442632833248764,0.8188976377952756,0.9017341040462428,0.75,0.7553956834532374,624,68,208,210,68,0.921883867563915,0.9219639623994422
0.45338525490038606,0.819672131147541,0.9018759018759018,0.7512019230769231,0.7553956834532374,625,68,207,210,68,0.921883867563915,0.9219639623994422
0.4506734259939875,0.8204456094364351,0.9020172910662824,0.7524038461538461,0.7553956834532374,626,68,206,210,68,0.921883867563915,0.9219639623994422
0.4493920804373587,0.8212180746561886,0.902158273381295,0.7536057692307693,0.7553956834532374,627,68,205,210,68,0.921883867563915,0.9219639623994422
0.44706038202571696,0.8219895287958116,0.9022988505747126,0.7548076923076923,0.7553956834532374,628,68,204,210,68,0.921883867563915,0.9219639623994422
0.4469759789560812,0.8227599738391105,0.9024390243902439,0.7560096153846154,0.7553956834532374,629,68,203,210,68,0.921883867563915,0.9219639623994422
0.4461578005304938,0.8235294117647058,0.9025787965616046,0.7572115384615384,0.7553956834532374,630,68,202,210,68,0.921883867563915,0.9219639623994422
0.4453896093184534,0.8242978445460484,0.9027181688125894,0.7584134615384616,0.7553956834532374,631,68,201,210,68,0.921883867563915,0.9219639623994422
0.44407768067009534,0.825065274151436,0.9028571428571428,0.7596153846153846,0.7553956834532374,632,68,200,210,68,0.921883867563915,0.9219639623994422
0.44393116043339953,0.8258317025440313,0.9029957203994294,0.7608173076923077,0.7553956834532374,633,68,199,210,68,0.921883867563915,0.9219639623994422
0.44371437029402483,0.8265971316818774,0.9031339031339032,0.7620192307692307,0.7553956834532374,634,68,198,210,68,0.921883867563915,0.9219639623994422
0.44341565700537977,0.826058631921824,0.9018492176386913,0.7620192307692307,0.7517985611510791,634,69,198,209,69,0.921883867563915,0.9219639623994422
0.4423058718241121,0.8268229166666666,0.9019886363636364,0.7632211538461539,0.7517985611510791,635,69,197,209,69,0.921883867563915,0.9219639623994422
0.43729754386881825,0.8262849707221861,0.900709219858156,0.7632211538461539,0.7482014388489209,635,70,197,208,70,0.921883867563915,0.9219639623994422
0.4363499948966505,0.8257477243172952,0.8994334277620396,0.7632211538461539,0.7446043165467626,635,71,197,207,71,0.921883867563915,0.9219639623994422
0.4350181267214427,0.8265107212475633,0.8995756718528995,0.7644230769230769,0.7446043165467626,636,71,196,207,71,0.921883867563915,0.9219639623994422
0.4274007460496696,0.8272727272727273,0.8997175141242938,0.765625,0.7446043165467626,637,71,195,207,71,0.921883867563915,0.9219639623994422
0.4268954915368266,0.8280337443218689,0.8998589562764457,0.7668269230769231,0.7446043165467626,638,71,194,207,71,0.921883867563915,0.9219639623994422
0.42431937511578355,0.8274967574578469,0.8985915492957747,0.7668269230769231,0.7410071942446043,638,72,194,206,72,0.921883867563915,0.9219639623994422
0.41831336961553633,0.8282566429034348,0.8987341772151899,0.7680288461538461,0.7410071942446043,639,72,193,206,72,0.921883867563915,0.9219639623994422
0.4156655744345499,0.8290155440414507,0.898876404494382,0.7692307692307693,0.7410071942446043,640,72,192,206,72,0.921883867563915,0.9219639623994422
0.41419610883222846,0.8284789644012945,0.8976157082748948,0.7692307692307693,0.737410071942446,640,73,192,205,73,0.921883867563915,0.9219639623994422
0.41314816621932204,0.8292367399741267,0.8977591036414566,0.7704326923076923,0.737410071942446,641,73,191,205,73,0.921883867563915,0.9219639623994422
0.4111777024262684,0.8287007110536523,0.8965034965034965,0.7704326923076923,0.7338129496402878,641,74,191,204,74,0.921883867563915,0.9219639623994422
0.4104018266491123,0.8281653746770026,0.8952513966480447,0.7704326923076923,0.7302158273381295,641,75,191,203,75,0.921883867563915,0.9219639623994422
0.4093930110083889,0.828921885087153,0.895397489539749,0.7716346153846154,0.7302158273381295,642,75,190,203,75,0.921883867563915,0.9219639623994422
0.40824176555175073,0.8283870967741935,0.8941504178272981,0.7716346153846154,0.7266187050359713,642,76,190,202,76,0.921883867563915,0.9219639623994422
0.4073374486040934,0.8291424887169568,0.894297635605007,0.7728365384615384,0.7266187050359713,643,76,189,202,76,0.921883867563915,0.9219639623994422
0.406537381368945,0.8286082474226805,0.8930555555555556,0.7728365384615384,0.7230215827338129,643,77,189,201,77,0.921883867563915,0.9219639623994422
0.40483908752650777,0.8280746941403735,0.8918169209431346,0.7728365384615384,0.7194244604316546,643,78,189,200,78,0.921883867563915,0.9219639623994422
0.40400477113081257,0.8288288288288288,0.8919667590027701,0.7740384615384616,0.7194244604316546,644,78,188,200,78,0.921883867563915,0.9219639623994422
0.4030997015532103,0.8295819935691319,0.8921161825726142,0.7752403846153846,0.7194244604316546,645,78,187,200,78,0.921883867563915,0.9219639623994422
0.4023106469391211,0.8303341902313625,0.8922651933701657,0.7764423076923077,0.7194244604316546,646,78,186,200,78,0.921883867563915,0.9219639623994422
0.40093053320219474,0.8310854206807964,0.8924137931034483,0.7776442307692307,0.7194244604316546,647,78,185,200,78,0.921883867563915,0.9219639623994422
0.4008287027687307,0.8318356867779204,0.8925619834710744,0.7788461538461539,0.7194244604316546,648,78,184,200,78,0.921883867563915,0.9219639623994422
0.40072303176832813,0.8325849903784477,0.8927097661623109,0.7800480769230769,0.7194244604316546,649,78,183,200,78,0.921883867563915,0.9219639623994422
0.3992206472710842,0.8333333333333334,0.8928571428571429,0.78125,0.7194244604316546,650,78,182,200,78,0.921883867563915,0.9219639623994422
0.39708183365678473,0.8340807174887892,0.8930041152263375,0.7824519230769231,0.7194244604316546,651,78,181,200,78,0.921883867563915,0.9219639623994422
0.39002763497208814,0.8348271446862996,0.8931506849315068,0.7836538461538461,0.7194244604316546,652,78,180,200,78,0.921883867563915,0.9219639623994422
0.39000279643859714,0.8342930262316058,0.8919288645690835,0.7836538461538461,0.7158273381294964,652,79,180,199,79,0.921883867563915,0.9219639623994422
0.38927985477770377,0.8337595907928389,0.8907103825136612,0.7836538461538461,0.7122302158273381,652,80,180,198,80,0.921883867563915,0.9219639623994422
0.38607082284750205,0.8345047923322684,0.8908594815825375,0.7848557692307693,0.7122302158273381,653,80,179,198,80,0.921883867563915,0.9219639623994422
0.38419486167642036,0.8339719029374202,0.8896457765667575,0.7848557692307693,0.7086330935251799,653,81,179,197,81,0.921883867563915,0.9219639623994422
0.3840720053288771,0.8334396936821953,0.8884353741496599,0.7848557692307693,0.7050359712230215,653,82,179,196,82,0.921883867563915,0.9219639623994422
0.3796023594959175,0.8329081632653061,0.8872282608695652,0.7848557692307693,0.7014388489208633,653,83,179,195,83,0.921883867563915,0.9219639623994422
0.3794048847849686,0.8323773103887827,0.8860244233378561,0.7848557692307693,0.697841726618705,653,84,179,194,84,0.921883867563915,0.9219639623994422
0.3778861415675896,0.8331210191082803,0.8861788617886179,0.7860576923076923,0.697841726618705,654,84,178,194,84,0.921883867563915,0.9219639623994422
0.3757353498486863,0.8325907065563335,0.8849797023004059,0.7860576923076923,0.6942446043165468,654,85,178,193,85,0.921883867563915,0.9219639623994422
0.3751259215857068,0.8333333333333334,0.8851351351351351,0.7872596153846154,0.6942446043165468,655,85,177,193,85,0.921883867563915,0.9219639623994422
0.37369726185631447,0.8340750158931977,0.8852901484480432,0.7884615384615384,0.6942446043165468,656,85,176,193,85,0.921883867563915,0.9219639623994422
0.3733144668437498,0.8348157560355781,0.8854447439353099,0.7896634615384616,0.6942446043165468,657,85,175,193,85,0.921883867563915,0.9219639623994422
0.3729011734504484,0.8355555555555556,0.8855989232839838,0.7908653846153846,0.6942446043165468,658,85,174,193,85,0.921883867563915,0.9219639623994422
0.37229830465337665,0.8362944162436549,0.885752688172043,0.7920673076923077,0.6942446043165468,659,85,173,193,85,0.921883867563915,0.9219639623994422
0.36860931049797685,0.8357641090678504,0.8845637583892617,0.7920673076923077,0.6906474820143885,659,86,173,192,86,0.921883867563915,0.9219639623994422
0.3681616027764134,0.835234474017744,0.8833780160857909,0.7920673076923077,0.6870503597122302,659,87,173,191,87,0.921883867563915,0.9219639623994422
0.36744527424376794,0.8359721342621913,0.8835341365461847,0.7932692307692307,0.6870503597122302,660,87,172,191,87,0.921883867563915,0.9219639623994422
0.3664898616502217,0.8367088607594937,0.8836898395721925,0.7944711538461539,0.6870503597122302,661,87,171,191,87,0.921883867563915,0.9219639623994422
0.3657541764827179,0.8374446552814674,0.8838451268357811,0.7956730769230769,0.6870503597122302,662,87,170,191,87,0.921883867563915,0.9219639623994422
0.3656624685234957,0.8381795195954488,0.884,0.796875,0.6870503597122302,663,87,169,191,87,0.921883867563915,0.9219639623994422
0.3647803128991295,0.8389134554643083,0.8841544607190412,0.7980769230769231,0.6870503597122302,664,87,168,191,87,0.921883867563915,0.9219639623994422
0.3620476105708581,0.8383838383838383,0.8829787234042553,0.7980769230769231,0.6834532374100719,664,88,168,190,88,0.921883867563915,0.9219639623994422
0.3619579636475907,0.8391167192429022,0.8831341301460823,0.7992788461538461,0.6834532374100719,665,88,167,190,88,0.921883867563915,0.9219639623994422
0.36164452445723205,0.8385876418663304,0.8819628647214854,0.7992788461538461,0.6798561151079137,665,89,167,189,89,0.921883867563915,0.9219639623994422
0.3616134649916022,0.8380592312539382,0.8807947019867549,0.7992788461538461,0.6762589928057554,665,90,167,188,90,0.921883867563915,0.9219639623994422
0.36159348655015155,0.8387909319899244,0.8809523809523809,0.8004807692307693,0.6762589928057554,666,90,166,188,90,0.921883867563915,0.9219639623994422
0.35988726983421304,0.8395217117684078,0.8811096433289299,0.8016826923076923,0.6762589928057554,667,90,165,188,90,0.921883867563915,0.9219639623994422
0.35813346641093713,0.8402515723270441,0.8812664907651715,0.8028846153846154,0.6762589928057554,668,90,164,188,90,0.921883867563915,0.9219639623994422
0.35632563088395186,0.8397234443746072,0.8801054018445322,0.8028846153846154,0.6726618705035972,668,91,164,187,91,0.921883867563915,0.9219639623994422
0.35487242869018876,0.8404522613065326,0.8802631578947369,0.8040865384615384,0.6726618705035972,669,91,163,187,91,0.921883867563915,0.9219639623994422
0.35467640121158484,0.8411801632140615,0.8804204993429697,0.8052884615384616,0.6726618705035972,670,91,162,187,91,0.921883867563915,0.9219639623994422
0.35257459674006775,0.8406524466750314,0.8792650918635171,0.8052884615384616,0.6690647482014388,670,92,162,186,92,0.921883867563915,0.9219639623994422
0.35203060190101176,0.8413793103448276,0.8794233289646134,0.8064903846153846,0.6690647482014388,671,92,161,186,92,0.921883867563915,0.9219639623994422
0.3512627404832439,0.8408521303258145,0.8782722513089005,0.8064903846153846,0.6654676258992805,671,93,161,185,93,0.921883867563915,0.9219639623994422
0.3496795185482233,0.841577958672511,0.8784313725490196,0.8076923076923077,0.6654676258992805,672,93,160,185,93,0.921883867563915,0.9219639623994422
0.3479607036421223,0.8410513141426783,0.8772845953002611,0.8076923076923077,0.6618705035971223,672,94,160,184,94,0.921883867563915,0.9219639623994422
0.34737809007066167,0.841776110068793,0.877444589308996,0.8088942307692307,0.6618705035971223,673,94,159,184,94,0.921883867563915,0.9219639623994422
0.34593370528272493,0.8425,0.8776041666666666,0.8100961538461539,0.6618705035971223,674,94,158,184,94,0.921883867563915,0.9219639623994422
0.34584625189020457,0.8432229856339788,0.8777633289986996,0.8112980769230769,0.6618705035971223,675,94,157,184,94,0.921883867563915,0.9219639623994422
0.3457161339216219,0.8426966292134831,0.8766233766233766,0.8112980769230769,0.658273381294964,675,95,157,183,95,0.921883867563915,0.9219639623994422
0.3437069089382092,0.8421709295071741,0.8754863813229572,0.8112980769230769,0.6546762589928058,675,96,157,182,96,0.921883867563915,0.9219639623994422
0.3424750529055284,0.8428927680798005,0.8756476683937824,0.8125,0.6546762589928058,676,96,156,182,96,0.921883867563915,0.9219639623994422
0.3420901614339811,0.8436137071651091,0.8758085381630013,0.8137019230769231,0.6546762589928058,677,96,155,182,96,0.921883867563915,0.9219639623994422
0.3409898874439429,0.8430884184308842,0.8746770025839793,0.8137019230769231,0.6510791366906474,677,97,155,181,97,0.921883867563915,0.9219639623994422
0.34084630628433854,0.8425637834474176,0.8735483870967742,0.8137019230769231,0.6474820143884892,677,98,155,180,98,0.921883867563915,0.9219639623994422
0.3406446377371314,0.8432835820895522,0.8737113402061856,0.8149038461538461,0.6474820143884892,678,98,154,180,98,0.921883867563915,0.9219639623994422
0.3395582031836277,0.8440024860161591,0.8738738738738738,0.8161057692307693,0.6474820143884892,679,98,153,180,98,0.921883867563915,0.9219639623994422
0.3394846799510415,0.84472049689441,0.8740359897172236,0.8173076923076923,0.6474820143884892,680,98,152,180,98,0.921883867563915,0.9219639623994422
0.3394591546745618,0.845437616387337,0.8741976893453145,0.8185096153846154,0.6474820143884892,681,98,151,180,98,0.921883867563915,0.9219639623994422
0.3385445843654441,0.8461538461538461,0.8743589743589744,0.8197115384615384,0.6474820143884892,682,98,150,180,98,0.921883867563915,0.9219639623994422
0.3384225529186825,0.8468691878487291,0.8745198463508322,0.8209134615384616,0.6474820143884892,683,98,149,180,98,0.921883867563915,0.9219639623994422
0.3376725746654614,0.8475836431226765,0.8746803069053708,0.8221153846153846,0.6474820143884892,684,98,148,180,98,0.921883867563915,0.9219639623994422
0.3367950233864607,0.8470588235294118,0.8735632183908046,0.8221153846153846,0.6438848920863309,684,99,148,179,99,0.921883867563915,0.9219639623994422
0.3363208991324278,0.8477722772277227,0.8737244897959183,0.8233173076923077,0.6438848920863309,685,99,147,179,99,0.921883867563915,0.9219639623994422
0.33552971815641863,0.8484848484848485,0.8738853503184714,0.8245192307692307,0.6438848920863309,686,99,146,179,99,0.921883867563915,0.9219639623994422
0.33537309373367485,0.8491965389369592,0.8740458015267175,0.8257211538461539,0.6438848920863309,687,99,145,179,99,0.921883867563915,0.9219639623994422
0.33387845852989506,0.8486720197652872,0.8729351969504447,0.8257211538461539,0.6402877697841727,687,100,145,178,100,0.921883867563915,0.9219639623994422
0.3332574985169203,0.8481481481481481,0.8718274111675127,0.8257211538461539,0.6366906474820144,687,101,145,177,101,0.921883867563915,0.9219639623994422
0.3321816017488237,0.8488587291795188,0.8719898605830165,0.8269230769230769,0.6366906474820144,688,101,144,177,101,0.921883867563915,0.9219639623994422
0.33129367721329495,0.8483353884093712,0.8708860759493671,0.8269230769230769,0.6330935251798561,688,102,144,176,102,0.921883867563915,0.9219639623994422
0.33119015334278157,0.8490449784349969,0.8710493046776233,0.828125,0.6330935251798561,689,102,143,176,102,0.921883867563915,0.9219639623994422
0.33049667425229934,0.8497536945812808,0.8712121212121212,0.8293269230769231,0.6330935251798561,690,102,142,176,102,0.921883867563915,0.9219639623994422
0.3291867714275224,0.8504615384615385,0.8713745271122321,0.8305288461538461,0.6330935251798561,691,102,141,176,102,0.921883867563915,0.9219639623994422
0.3289018178971762,0.8511685116851169,0.871536523929471,0.8317307692307693,0.6330935251798561,692,102,140,176,102,0.921883867563915,0.9219639623994422
0.32859242793383914,0.8506453595574678,0.8704402515723271,0.8317307692307693,0.6294964028776978,692,103,140,175,103,0.921883867563915,0.9219639623994422
0.3282525011002748,0.8501228501228502,0.8693467336683417,0.8317307692307693,0.6258992805755396,692,104,140,174,104,0.921883867563915,0.9219639623994422
0.3276288470138753,0.8496009821976673,0.8682559598494354,0.8317307692307693,0.6223021582733813,692,105,140,173,105,0.921883867563915,0.9219639623994422
0.3259589010818049,0.8503067484662576,0.868421052631579,0.8329326923076923,0.6223021582733813,693,105,139,173,105,0.921883867563915,0.9219639623994422
0.3255413013047136,0.8497854077253219,0.867334167709637,0.8329326923076923,0.6187050359712231,693,106,139,172,106,0.921883867563915,0.9219639623994422
0.3243672294998119,0.8504901960784313,0.8675,0.8341346153846154,0.6187050359712231,694,106,138,172,106,0.921883867563915,0.9219639623994422
0.322084730583598,0.8499693815064299,0.8664169787765293,0.8341346153846154,0.6151079136690647,694,107,138,171,107,0.921883867563915,0.9219639623994422
0.32167295595055956,0.8506731946144431,0.8665835411471322,0.8353365384615384,0.6151079136690647,695,107,137,171,107,0.921883867563915,0.9219639623994422
0.32056532574800234,0.8513761467889909,0.8667496886674969,0.8365384615384616,0.6151079136690647,696,107,136,171,107,0.921883867563915,0.9219639623994422
0.3205143290775154,0.8508557457212714,0.8656716417910447,0.8365384615384616,0.6115107913669064,696,108,136,170,108,0.921883867563915,0.9219639623994422
0.31966289356537936,0.851557727550397,0.8658385093167702,0.8377403846153846,0.6115107913669064,697,108,135,170,108,0.921883867563915,0.9219639623994422
0.31964537055323516,0.8522588522588522,0.8660049627791563,0.8389423076923077,0.6115107913669064,698,108,134,170,108,0.921883867563915,0.9219639623994422
0.319492972728628,0.8529591214154972,0.8661710037174721,0.8401442307692307,0.6115107913669064,699,108,133,170,108,0.921883867563915,0.9219639623994422
0.3193704282376205,0.8524390243902439,0.8650990099009901,0.8401442307692307,0.6079136690647482,699,109,133,169,109,0.921883867563915,0.9219639623994422
0.31820373702492066,0.8531383302864107,0.865265760197775,0.8413461538461539,0.6079136690647482,700,109,132,169,109,0.921883867563915,0.9219639623994422
0.3180043655325845,0.853836784409257,0.8654320987654321,0.8425480769230769,0.6079136690647482,701,109,131,169,109,0.921883867563915,0.9219639623994422
0.31686079213284535,0.8545343883140597,0.8655980271270037,0.84375,0.6079136690647482,702,109,130,169,109,0.921883867563915,0.9219639623994422
0.314735472302747,0.8552311435523114,0.8657635467980296,0.8449519230769231,0.6079136690647482,703,109,129,169,109,0.921883867563915,0.9219639623994422
0.3146193995585155,0.8547112462006079,0.8646986469864698,0.8449519230769231,0.60431654676259,703,110,129,168,110,0.921883867563915,0.9219639623994422
0.3146177935179235,0.8554070473876063,0.8648648648648649,0.8461538461538461,0.60431654676259,704,110,128,168,110,0.921883867563915,0.9219639623994422
0.31391297758736547,0.8548876745598057,0.8638036809815951,0.8461538461538461,0.6007194244604317,704,111,128,167,111,0.921883867563915,0.9219639623994422
0.313540699190493,0.8555825242718447,0.8639705882352942,0.8473557692307693,0.6007194244604317,705,111,127,167,111,0.921883867563915,0.9219639623994422
0.3125234216576087,0.8562765312310491,0.8641370869033048,0.8485576923076923,0.6007194244604317,706,111,126,167,111,0.921883867563915,0.9219639623994422
0.3108122334603366,0.8569696969696969,0.8643031784841075,0.8497596153846154,0.6007194244604317,707,111,125,167,111,0.921883867563915,0.9219639623994422
0.3089111879951889,0.856450635978195,0.8632478632478633,0.8497596153846154,0.5971223021582733,707,112,125,166,112,0.921883867563915,0.9219639623994422
0.3082771258390947,0.8571428571428571,0.8634146341463415,0.8509615384615384,0.5971223021582733,708,112,124,166,112,0.921883867563915,0.9219639623994422
0.30757855824062175,0.8578342407743497,0.8635809987819733,0.8521634615384616,0.5971223021582733,709,112,123,166,112,0.921883867563915,0.9219639623994422
0.30695076974960434,0.8585247883917775,0.8637469586374696,0.8533653846153846,0.5971223021582733,710,112,122,166,112,0.921883867563915,0.9219639623994422
0.3065703605365693,0.8580060422960725,0.8626974483596598,0.8533653846153846,0.5935251798561151,710,113,122,165,113,0.921883867563915,0.9219639623994422
0.30579455391868926,0.8586956521739131,0.8628640776699029,0.8545673076923077,0.5935251798561151,711,113,121,165,113,0.921883867563915,0.9219639623994422
0.30531184688185087,0.8593844296922148,0.863030303030303,0.8557692307692307,0.5935251798561151,712,113,120,165,113,0.921883867563915,0.9219639623994422
0.3049142286624156,0.8588661037394452,0.8619854721549637,0.8557692307692307,0.5899280575539568,712,114,120,164,114,0.921883867563915,0.9219639623994422
0.30392663726538327,0.8595539481615431,0.8621523579201935,0.8569711538461539,0.5899280575539568,713,114,119,164,114,0.921883867563915,0.9219639623994422
0.3039057933968855,0.8602409638554217,0.8623188405797102,0.8581730769230769,0.5899280575539568,714,114,118,164,114,0.921883867563915,0.9219639623994422
0.3038102579357429,0.8609271523178808,0.8624849215922799,0.859375,0.5899280575539568,715,114,117,164,114,0.921883867563915,0.9219639623994422
0.30301875289208136,0.8616125150421179,0.8626506024096385,0.8605769230769231,0.5899280575539568,716,114,116,164,114,0.921883867563915,0.9219639623994422
0.302284420017345,0.8610944076969332,0.8616125150421179,0.8605769230769231,0.5863309352517986,716,115,116,163,115,0.921883867563915,0.9219639623994422
0.3014296253631338,0.8605769230769231,0.8605769230769231,0.8605769230769231,0.5827338129496403,716,116,116,162,116,0.921883867563915,0.9219639623994422
0.3010788701673315,0.8612612612612612,0.8607442977190877,0.8617788461538461,0.5827338129496403,717,116,115,162,116,0.921883867563915,0.9219639623994422
0.300730123489949,0.8619447779111644,0.8609112709832134,0.8629807692307693,0.5827338129496403,718,116,114,162,116,0.921883867563915,0.9219639623994422
0.3006122246735541,0.862627474505099,0.8610778443113772,0.8641826923076923,0.5827338129496403,719,116,113,162,116,0.921883867563915,0.9219639623994422
0.2997953957938938,0.8633093525179856,0.861244019138756,0.8653846153846154,0.5827338129496403,720,116,112,162,116,0.921883867563915,0.9219639623994422
0.2985583060846768,0.8639904134212103,0.8614097968936678,0.8665865384615384,0.5827338129496403,721,116,111,162,116,0.921883867563915,0.9219639623994422
0.29802567642313693,0.8646706586826347,0.8615751789976134,0.8677884615384616,0.5827338129496403,722,116,110,162,116,0.921883867563915,0.9219639623994422
0.2979179876778246,0.8641532016756434,0.8605482717520858,0.8677884615384616,0.579136690647482,722,117,110,161,117,0.921883867563915,0.9219639623994422
0.2979057656513693,0.8648325358851675,0.8607142857142858,0.8689903846153846,0.579136690647482,723,117,109,161,117,0.921883867563915,0.9219639623994422
0.2978326380095029,0.8655110579796772,0.8608799048751486,0.8701923076923077,0.579136690647482,724,117,108,161,117,0.921883867563915,0.9219639623994422
0.29781231314999257,0.8661887694145759,0.8610451306413301,0.8713942307692307,0.579136690647482,725,117,107,161,117,0.921883867563915,0.9219639623994422
0.29657426468941583,0.8656716417910447,0.8600237247924081,0.8713942307692307,0.5755395683453237,725,118,107,160,118,0.921883867563915,0.9219639623994422
0.29470580157854265,0.8663484486873508,0.8601895734597157,0.8725961538461539,0.5755395683453237,726,118,106,160,118,0.921883867563915,0.9219639623994422
0.2942182507247366,0.8658318425760286,0.8591715976331361,0.8725961538461539,0.5719424460431655,726,119,106,159,119,0.921883867563915,0.9219639623994422
0.29372298900330074,0.866507747318236,0.859338061465721,0.8737980769230769,0.5719424460431655,727,119,105,159,119,0.921883867563915,0.9219639623994422
0.2936215859954713,0.8659916617033949,0.8583234946871311,0.8737980769230769,0.5683453237410072,727,120,105,158,120,0.921883867563915,0.9219639623994422
0.29343972119615347,0.8666666666666667,0.8584905660377359,0.875,0.5683453237410072,728,120,104,158,120,0.921883867563915,0.9219639623994422
0.29288642645712104,0.8661511005353956,0.8574793875147232,0.875,0.564748201438849,728,121,104,157,121,0.921883867563915,0.9219639623994422
0.29249005871967215,0.8668252080856124,0.8576470588235294,0.8762019230769231,0.564748201438849,729,121,103,157,121,0.921883867563915,0.9219639623994422
0.2923924612277641,0.8663101604278075,0.8566392479435958,0.8762019230769231,0.5611510791366906,729,122,103,156,122,0.921883867563915,0.9219639623994422
0.29230644990382637,0.8657957244655582,0.8556338028169014,0.8762019230769231,0.5575539568345323,729,123,103,155,123,0.921883867563915,0.9219639623994422
0.28988655877952807,0.8664688427299704,0.8558030480656507,0.8774038461538461,0.5575539568345323,730,123,102,155,123,0.921883867563915,0.9219639623994422
0.289137901586739,0.8659549228944247,0.8548009367681498,0.8774038461538461,0.5539568345323741,730,124,102,154,124,0.921883867563915,0.9219639623994422
0.2887520338185001,0.8654416123295792,0.8538011695906432,0.8774038461538461,0.5503597122302158,730,125,102,153,125,0.921883867563915,0.9219639623994422
0.28864443084754243,0.8661137440758294,0.8539719626168224,0.8786057692307693,0.5503597122302158,731,125,101,153,125,0.921883867563915,0.9219639623994422
0.28833634650077267,0.866785079928952,0.8541423570595099,0.8798076923076923,0.5503597122302158,732,125,100,153,125,0.921883867563915,0.9219639623994422
0.287949667585238,0.8662721893491124,0.8531468531468531,0.8798076923076923,0.5467625899280576,732,126,100,152,126,0.921883867563915,0.9219639623994422
0.2878265288195484,0.8669426374926079,0.8533178114086146,0.8810096153846154,0.5467625899280576,733,126,99,152,126,0.921883867563915,0.9219639623994422
0.2873076250069576,0.8664302600472813,0.8523255813953489,0.8810096153846154,0.5431654676258992,733,127,99,151,127,0.921883867563915,0.9219639623994422
0.2869505835140864,0.8670998227997637,0.8524970963995354,0.8822115384615384,0.5431654676258992,734,127,98,151,127,0.921883867563915,0.9219639623994422
0.28547144902014465,0.8677685950413223,0.8526682134570766,0.8834134615384616,0.5431654676258992,735,127,97,151,127,0.921883867563915,0.9219639623994422
0.28521403313769467,0.8684365781710914,0.8528389339513326,0.8846153846153846,0.5431654676258992,736,127,96,151,127,0.921883867563915,0.9219639623994422
0.28444912968910274,0.8691037735849056,0.8530092592592593,0.8858173076923077,0.5431654676258992,737,127,95,151,127,0.921883867563915,0.9219639623994422
0.2839730647611264,0.8697701826753094,0.8531791907514451,0.8870192307692307,0.5431654676258992,738,127,94,151,127,0.921883867563915,0.9219639623994422
0.28326937091434456,0.8704358068315665,0.8533487297921478,0.8882211538461539,0.5431654676258992,739,127,93,151,127,0.921883867563915,0.9219639623994422
0.28175395135121006,0.8711006474396704,0.8535178777393311,0.8894230769230769,0.5431654676258992,740,127,92,151,127,0.921883867563915,0.9219639623994422
0.28151062528062154,0.8717647058823529,0.8536866359447005,0.890625,0.5431654676258992,741,127,91,151,127,0.921883867563915,0.9219639623994422
0.280522590843278,0.8724279835390947,0.85385500575374,0.8918269230769231,0.5431654676258992,742,127,90,151,127,0.921883867563915,0.9219639623994422
0.2802996054066974,0.8730904817861339,0.8540229885057471,0.8930288461538461,0.5431654676258992,743,127,89,151,127,0.921883867563915,0.9219639623994422
0.28021437970890073,0.8737522019964769,0.8541905855338691,0.8942307692307693,0.5431654676258992,744,127,88,151,127,0.921883867563915,0.9219639623994422
0.2795409237090186,0.8744131455399061,0.8543577981651376,0.8954326923076923,0.5431654676258992,745,127,87,151,127,0.921883867563915,0.9219639623994422
0.2791129510504482,0.8750733137829912,0.854524627720504,0.8966346153846154,0.5431654676258992,746,127,86,151,127,0.921883867563915,0.9219639623994422
0.27793797949088517,0.8757327080890973,0.8546910755148741,0.8978365384615384,0.5431654676258992,747,127,85,151,127,0.921883867563915,0.9219639623994422
0.2774224180693784,0.8763913298183948,0.8548571428571429,0.8990384615384616,0.5431654676258992,748,127,84,151,127,0.921883867563915,0.9219639623994422
0.2773467433299487,0.8758782201405152,0.8538812785388128,0.8990384615384616,0.539568345323741,748,128,84,150,128,0.921883867563915,0.9219639623994422
0.27690846103374145,0.8753657109420714,0.8529076396807298,0.8990384615384616,0.5359712230215827,748,129,84,149,129,0.921883867563915,0.9219639623994422
0.27604853659818085,0.8760233918128655,0.8530751708428246,0.9002403846153846,0.5359712230215827,749,129,83,149,129,0.921883867563915,0.9219639623994422
0.2755458068011176,0.8766803039158387,0.8532423208191127,0.9014423076923077,0.5359712230215827,750,129,82,149,129,0.921883867563915,0.9219639623994422
0.2752035948256606,0.8761682242990654,0.8522727272727273,0.9014423076923077,0.5323741007194245,750,130,82,148,130,0.921883867563915,0.9219639623994422
0.2750234177828559,0.8756567425569177,0.8513053348467651,0.9014423076923077,0.5287769784172662,750,131,82,147,131,0.921883867563915,0.9219639623994422
0.27025363337416,0.8763127187864644,0.8514739229024944,0.9026442307692307,0.5287769784172662,751,131,81,147,131,0.921883867563915,0.9219639623994422
0.2702144924736847,0.8758017492711371,0.8505096262740657,0.9026442307692307,0.5251798561151079,751,132,81,146,132,0.921883867563915,0.9219639623994422
0.26983952516720144,0.8764568764568764,0.8506787330316742,0.9038461538461539,0.5251798561151079,752,132,80,146,132,0.921883867563915,0.9219639623994422
0.2695998602446221,0.8771112405358182,0.8508474576271187,0.9050480769230769,0.5251798561151079,753,132,79,146,132,0.921883867563915,0.9219639623994422
0.26929833476160603,0.8777648428405123,0.8510158013544018,0.90625,0.5251798561151079,754,132,78,146,132,0.921883867563915,0.9219639623994422
0.26712980296676736,0.8772542175683536,0.8500563697857948,0.90625,0.5215827338129496,754,133,78,145,133,0.921883867563915,0.9219639623994422
0.2665101050265273,0.877906976744186,0.8502252252252253,0.9074519230769231,0.5215827338129496,755,133,77,145,133,0.921883867563915,0.9219639623994422
0.26371173477338794,0.8785589773387565,0.8503937007874016,0.9086538461538461,0.5215827338129496,756,133,76,145,133,0.921883867563915,0.9219639623994422
0.26349006265147656,0.8792102206736353,0.8505617977528089,0.9098557692307693,0.5215827338129496,757,133,75,145,133,0.921883867563915,0.9219639623994422
0.2600795806549868,0.8786999419616948,0.8496071829405163,0.9098557692307693,0.5179856115107914,757,134,75,144,134,0.921883867563915,0.9219639623994422
0.2579772385188924,0.8793503480278422,0.8497757847533632,0.9110576923076923,0.5179856115107914,758,134,74,144,134,0.921883867563915,0.9219639623994422
0.25664905488940193,0.878840579710145,0.8488241881298992,0.9110576923076923,0.5143884892086331,758,135,74,143,135,0.921883867563915,0.9219639623994422
0.2563619425529129,0.8783314020857474,0.8478747203579419,0.9110576923076923,0.5107913669064749,758,136,74,142,136,0.921883867563915,0.9219639623994422
0.25559631975988173,0.8778228141285466,0.846927374301676,0.9110576923076923,0.5071942446043165,758,137,74,141,137,0.921883867563915,0.9219639623994422
0.255277846626218,0.8773148148148148,0.8459821428571429,0.9110576923076923,0.5035971223021583,758,138,74,140,138,0.921883867563915,0.9219639623994422
0.25356605009744604,0.8779641411220359,0.8461538461538461,0.9122596153846154,0.5035971223021583,759,138,73,140,138,0.921883867563915,0.9219639623994422
0.2526291425143774,0.8774566473988439,0.8452115812917594,0.9122596153846154,0.5,759,139,73,139,139,0.921883867563915,0.9219639623994422
0.2522345828354151,0.8769497400346621,0.8442714126807565,0.9122596153846154,0.49640287769784175,759,140,73,138,140,0.921883867563915,0.9219639623994422
0.25213897063278523,0.8764434180138568,0.8433333333333334,0.9122596153846154,0.49280575539568344,759,141,73,137,141,0.921883867563915,0.9219639623994422
0.25004179920092395,0.875937680323139,0.8423973362930077,0.9122596153846154,0.4892086330935252,759,142,73,136,142,0.921883867563915,0.9219639623994422
0.2493979998013408,0.8765859284890427,0.8425720620842572,0.9134615384615384,0.4892086330935252,760,142,72,136,142,0.921883867563915,0.9219639623994422
0.2492924012271548,0.8772334293948126,0.8427464008859358,0.9146634615384616,0.4892086330935252,761,142,71,136,142,0.921883867563915,0.9219639623994422
0.24904069620025948,0.8778801843317973,0.8429203539823009,0.9158653846153846,0.4892086330935252,762,142,70,136,142,0.921883867563915,0.9219639623994422
0.24887390820441846,0.8773747841105354,0.8419889502762431,0.9158653846153846,0.4856115107913669,762,143,70,135,143,0.921883867563915,0.9219639623994422
0.24796196336659881,0.8768699654775605,0.8410596026490066,0.9158653846153846,0.48201438848920863,762,144,70,134,144,0.921883867563915,0.9219639623994422
0.24767915145249753,0.8775158136860265,0.8412348401323043,0.9170673076923077,0.48201438848920863,763,144,69,134,144,0.921883867563915,0.9219639623994422
0.24750182349063132,0.8770114942528736,0.8403083700440529,0.9170673076923077,0.4784172661870504,763,145,69,133,145,0.921883867563915,0.9219639623994422
0.24639458286601057,0.8765077541642734,0.8393839383938394,0.9170673076923077,0.4748201438848921,763,146,69,132,146,0.921883867563915,0.9219639623994422
0.24534147529480776,0.8760045924225028,0.8384615384615385,0.9170673076923077,0.4712230215827338,763,147,69,131,147,0.921883867563915,0.9219639623994422
0.24472344646610777,0.876649454962708,0.8386388583973655,0.9182692307692307,0.4712230215827338,764,147,68,131,147,0.921883867563915,0.9219639623994422
0.24440551803931676,0.8772935779816514,0.8388157894736842,0.9194711538461539,0.4712230215827338,765,147,67,131,147,0.921883867563915,0.9219639623994422
0.2435977259823452,0.8779369627507163,0.8389923329682366,0.9206730769230769,0.4712230215827338,766,147,66,131,147,0.921883867563915,0.9219639623994422
0.2434732781784834,0.8774341351660939,0.838074398249453,0.9206730769230769,0.4676258992805755,766,148,66,130,148,0.921883867563915,0.9219639623994422
0.24347261464196712,0.8780767029192902,0.8382513661202186,0.921875,0.4676258992805755,767,148,65,130,148,0.921883867563915,0.9219639623994422
0.24346656689326296,0.8775743707093822,0.8373362445414847,0.921875,0.46402877697841727,767,149,65,129,149,0.921883867563915,0.9219639623994422
0.2425051942144626,0.8770726129216695,0.836423118865867,0.921875,0.460431654676259,767,150,65,128,150,0.921883867563915,0.9219639623994422
0.240252607022311,0.8777142857142857,0.8366013071895425,0.9230769230769231,0.460431654676259,768,150,64,128,150,0.921883867563915,0.9219639623994422
0.23909866314226014,0.8772130211307824,0.8356909684439608,0.9230769230769231,0.4568345323741007,768,151,64,127,151,0.921883867563915,0.9219639623994422
0.23864441340797804,0.8778538812785388,0.8358695652173913,0.9242788461538461,0.4568345323741007,769,151,63,127,151,0.921883867563915,0.9219639623994422
0.23710712879883322,0.8773531089560753,0.8349619978284474,0.9242788461538461,0.45323741007194246,769,152,63,126,152,0.921883867563915,0.9219639623994422
0.23679434513011444,0.8768529076396807,0.834056399132321,0.9242788461538461,0.44964028776978415,769,153,63,125,153,0.921883867563915,0.9219639623994422
0.2362615578025511,0.8763532763532763,0.8331527627302275,0.9242788461538461,0.4460431654676259,769,154,63,124,154,0.921883867563915,0.9219639623994422
0.23518974934210468,0.876993166287016,0.8333333333333334,0.9254807692307693,0.4460431654676259,770,154,62,124,154,0.921883867563915,0.9219639623994422
0.2346784674617779,0.877632327831531,0.8335135135135135,0.9266826923076923,0.4460431654676259,771,154,61,124,154,0.921883867563915,0.9219639623994422
0.23455341511816308,0.8771331058020477,0.8326133909287257,0.9266826923076923,0.44244604316546765,771,155,61,123,155,0.921883867563915,0.9219639623994422
0.23400447466632768,0.8766344513928368,0.8317152103559871,0.9266826923076923,0.43884892086330934,771,156,61,122,156,0.921883867563915,0.9219639623994422
0.23348992664106605,0.8761363636363636,0.8308189655172413,0.9266826923076923,0.4352517985611511,771,157,61,121,157,0.921883867563915,0.9219639623994422
0.2332658899406943,0.8756388415672913,0.829924650161464,0.9266826923076923,0.4316546762589928,771,158,61,120,158,0.921883867563915,0.9219639623994422
0.23131233488632152,0.8751418842224744,0.8290322580645161,0.9266826923076923,0.42805755395683454,771,159,61,119,159,0.921883867563915,0.9219639623994422
0.22617589210896383,0.8757799205899036,0.8292158968850698,0.9278846153846154,0.42805755395683454,772,159,60,119,159,0.921883867563915,0.9219639623994422
0.2254256242397975,0.8752834467120182,0.8283261802575107,0.9278846153846154,0.4244604316546763,772,160,60,118,160,0.921883867563915,0.9219639623994422
0.22386978409255798,0.8759206798866855,0.8285101822079314,0.9290865384615384,0.4244604316546763,773,160,59,118,160,0.921883867563915,0.9219639623994422
0.22260625643893994,0.8754246885617214,0.8276231263383298,0.9290865384615384,0.420863309352518,773,161,59,117,161,0.921883867563915,0.9219639623994422
0.22234570990914182,0.8760611205432938,0.827807486631016,0.9302884615384616,0.420863309352518,774,161,58,117,161,0.921883867563915,0.9219639623994422
0.2221998052095826,0.8755656108597285,0.8269230769230769,0.9302884615384616,0.4172661870503597,774,162,58,116,162,0.921883867563915,0.9219639623994422
0.22200412127250924,0.8750706613906162,0.8260405549626467,0.9302884615384616,0.4136690647482014,774,163,58,115,163,0.921883867563915,0.9219639623994422
0.22084380120232716,0.8745762711864407,0.8251599147121536,0.9302884615384616,0.41007194244604317,774,164,58,114,164,0.921883867563915,0.9219639623994422
0.22076639440364376,0.8752117447769622,0.825346112886049,0.9314903846153846,0.41007194244604317,775,164,57,114,164,0.921883867563915,0.9219639623994422
0.219887961177046,0.8758465011286681,0.825531914893617,0.9326923076923077,0.41007194244604317,776,164,56,114,164,0.921883867563915,0.9219639623994422
0.21877054501102167,0.8753525098702764,0.824654622741764,0.9326923076923077,0.4064748201438849,776,165,56,113,165,0.921883867563915,0.9219639623994422
0.21874172892706445,0.874859075535513,0.8237791932059448,0.9326923076923077,0.4028776978417266,776,166,56,112,166,0.921883867563915,0.9219639623994422
0.21803089450284507,0.8743661971830986,0.8229056203605515,0.9326923076923077,0.39928057553956836,776,167,56,111,167,0.921883867563915,0.9219639623994422
0.21798817335774434,0.8738738738738738,0.8220338983050848,0.9326923076923077,0.39568345323741005,776,168,56,110,168,0.921883867563915,0.9219639623994422
0.21710941657653238,0.8733821046707935,0.8211640211640212,0.9326923076923077,0.3920863309352518,776,169,56,109,169,0.921883867563915,0.9219639623994422
0.2170012585077412,0.8740157480314961,0.821353065539112,0.9338942307692307,0.3920863309352518,777,169,55,109,169,0.921883867563915,0.9219639623994422
0.21694725386708824,0.8746486790331647,0.8215417106652587,0.9350961538461539,0.3920863309352518,778,169,54,109,169,0.921883867563915,0.9219639623994422
0.21285695791901782,0.8741573033707866,0.820675105485232,0.9350961538461539,0.38848920863309355,778,170,54,108,170,0.921883867563915,0.9219639623994422
0.2127432983013725,0.8747894441325098,0.8208640674394099,0.9362980769230769,0.38848920863309355,779,170,53,108,170,0.921883867563915,0.9219639623994422
0.2110543334279088,0.8742985409652076,0.82,0.9362980769230769,0.38489208633093525,779,171,53,107,171,0.921883867563915,0.9219639623994422
0.2099016589138878,0.8738081884464386,0.8191377497371188,0.9362980769230769,0.381294964028777,779,172,53,106,172,0.921883867563915,0.9219639623994422
0.20865754437061956,0.874439461883408,0.819327731092437,0.9375,0.381294964028777,780,172,52,106,172,0.921883867563915,0.9219639623994422
0.2073676536655571,0.8750700280112045,0.8195173137460651,0.9387019230769231,0.381294964028777,781,172,51,106,172,0.921883867563915,0.9219639623994422
0.20548371257690434,0.8745800671892497,0.8186582809224319,0.9387019230769231,0.3776978417266187,781,173,51,105,173,0.921883867563915,0.9219639623994422
0.20482390232663494,0.8752098489087857,0.818848167539267,0.9399038461538461,0.3776978417266187,782,173,50,105,173,0.921883867563915,0.9219639623994422
0.204636801082846,0.8747203579418344,0.8179916317991632,0.9399038461538461,0.37410071942446044,782,174,50,104,174,0.921883867563915,0.9219639623994422
0.2036467850382393,0.8742314141978759,0.8171368861024033,0.9399038461538461,0.37050359712230213,782,175,50,103,175,0.921883867563915,0.9219639623994422
0.20259710805391795,0.8748603351955307,0.8173277661795407,0.9411057692307693,0.37050359712230213,783,175,49,103,175,0.921883867563915,0.9219639623994422
0.20240867978246224,0.8743718592964824,0.8164754953076121,0.9411057692307693,0.3669064748201439,783,176,49,102,176,0.921883867563915,0.9219639623994422
0.20208425097772453,0.875,0.8166666666666667,0.9423076923076923,0.3669064748201439,784,176,48,102,176,0.921883867563915,0.9219639623994422
0.2014162749576126,0.875627440044618,0.8168574401664932,0.9435096153846154,0.3669064748201439,785,176,47,102,176,0.921883867563915,0.9219639623994422
0.20133463430480514,0.875139353400223,0.816008316008316,0.9435096153846154,0.36330935251798563,785,177,47,101,177,0.921883867563915,0.9219639623994422
0.20046952428215248,0.8746518105849582,0.8151609553478713,0.9435096153846154,0.3597122302158273,785,178,47,100,178,0.921883867563915,0.9219639623994422
0.2002796325524988,0.8741648106904232,0.8143153526970954,0.9435096153846154,0.35611510791366907,785,179,47,99,179,0.921883867563915,0.9219639623994422
0.20007646351149833,0.8736783528102393,0.8134715025906736,0.9435096153846154,0.35251798561151076,785,180,47,98,180,0.921883867563915,0.9219639623994422
0.1988881803992706,0.8731924360400445,0.8126293995859213,0.9435096153846154,0.3489208633093525,785,181,47,97,181,0.921883867563915,0.9219639623994422
0.1982427972045493,0.8738187882156754,0.81282316442606,0.9447115384615384,0.3489208633093525,786,181,46,97,181,0.921883867563915,0.9219639623994422
0.19799689296315526,0.8733333333333333,0.8119834710743802,0.9447115384615384,0.34532374100719426,786,182,46,96,182,0.921883867563915,0.9219639623994422
0.19792304328571908,0.8728484175458079,0.8111455108359134,0.9447115384615384,0.34172661870503596,786,183,46,95,183,0.921883867563915,0.9219639623994422
0.19719284347611898,0.8734739178690344,0.811340206185567,0.9459134615384616,0.34172661870503596,787,183,45,95,183,0.921883867563915,0.9219639623994422
0.19667233743516976,0.8729894620077648,0.8105046343975283,0.9459134615384616,0.3381294964028777,787,184,45,94,184,0.921883867563915,0.9219639623994422
0.19649503510796817,0.8725055432372506,0.8096707818930041,0.9459134615384616,0.3345323741007194,787,185,45,93,185,0.921883867563915,0.9219639623994422
0.19645951636625159,0.8731301939058171,0.8098663926002055,0.9471153846153846,0.3345323741007194,788,185,44,93,185,0.921883867563915,0.9219639623994422
0.1963187639846855,0.8737541528239202,0.8100616016427105,0.9483173076923077,0.3345323741007194,789,185,43,93,185,0.921883867563915,0.9219639623994422
0.19486115136215976,0.8732706142778085,0.8092307692307692,0.9483173076923077,0.33093525179856115,789,186,43,92,186,0.921883867563915,0.9219639623994422
0.19453243406925624,0.8727876106194691,0.8084016393442623,0.9483173076923077,0.3273381294964029,789,187,43,91,187,0.921883867563915,0.9219639623994422
0.1943673977385456,0.8723051409618574,0.8075742067553736,0.9483173076923077,0.3237410071942446,789,188,43,90,188,0.921883867563915,0.9219639623994422
0.19428837497079732,0.8718232044198895,0.8067484662576687,0.9483173076923077,0.32014388489208634,789,189,43,89,189,0.921883867563915,0.9219639623994422
0.19356725457592572,0.8724461623412479,0.8069458631256384,0.9495192307692307,0.32014388489208634,790,189,42,89,189,0.921883867563915,0.9219639623994422
0.1931445337630331,0.8719646799116998,0.8061224489795918,0.9495192307692307,0.31654676258992803,790,190,42,88,190,0.921883867563915,0.9219639623994422
0.1926617369409871,0.8714837286265857,0.8053007135575942,0.9495192307692307,0.3129496402877698,790,191,42,87,191,0.921883867563915,0.9219639623994422
0.19223238117448627,0.8710033076074972,0.8044806517311609,0.9495192307692307,0.30935251798561153,790,192,42,86,192,0.921883867563915,0.9219639623994422
0.1921531316574817,0.8716253443526171,0.8046795523906409,0.9507211538461539,0.30935251798561153,791,192,41,86,192,0.921883867563915,0.9219639623994422
0.18918502834458362,0.8722466960352423,0.8048780487804879,0.9519230769230769,0.30935251798561153,792,192,40,86,192,0.921883867563915,0.9219639623994422
0.18898321485054126,0.8717666483214089,0.8040609137055837,0.9519230769230769,0.3057553956834532,792,193,40,85,193,0.921883867563915,0.9219639623994422
0.18665165460257482,0.8712871287128713,0.8032454361054767,0.9519230769230769,0.302158273381295,792,194,40,84,194,0.921883867563915,0.9219639623994422
0.1861301519390559,0.8708081363386476,0.8024316109422492,0.9519230769230769,0.29856115107913667,792,195,40,83,195,0.921883867563915,0.9219639623994422
0.18557565211687987,0.8703296703296703,0.8016194331983806,0.9519230769230769,0.2949640287769784,792,196,40,82,196,0.921883867563915,0.9219639623994422
0.1855607215821875,0.870950027457441,0.8018200202224469,0.953125,0.2949640287769784,793,196,39,82,196,0.921883867563915,0.9219639623994422
0.18519420948056242,0.8715697036223929,0.802020202020202,0.9543269230769231,0.2949640287769784,794,196,38,82,196,0.921883867563915,0.9219639623994422
0.18479598089600358,0.8710916072408118,0.8012108980827447,0.9543269230769231,0.29136690647482016,794,197,38,81,197,0.921883867563915,0.9219639623994422
0.18437482958635787,0.8717105263157895,0.8014112903225806,0.9555288461538461,0.29136690647482016,795,197,37,81,197,0.921883867563915,0.9219639623994422
0.18399091064899098,0.8723287671232877,0.8016112789526687,0.9567307692307693,0.29136690647482016,796,197,36,81,197,0.921883867563915,0.9219639623994422
0.18395454195421457,0.8718510405257394,0.8008048289738431,0.9567307692307693,0.28776978417266186,796,198,36,80,198,0.921883867563915,0.9219639623994422
0.1834271608850373,0.8724685276409414,0.8010050251256281,0.9579326923076923,0.28776978417266186,797,198,35,80,198,0.921883867563915,0.9219639623994422
0.18331071246633812,0.8730853391684902,0.8012048192771084,0.9591346153846154,0.28776978417266186,798,198,34,80,198,0.921883867563915,0.9219639623994422
0.18292728203002906,0.8726079825041007,0.8004012036108324,0.9591346153846154,0.2841726618705036,798,199,34,79,199,0.921883867563915,0.9219639623994422
0.17999966745557794,0.8732240437158469,0.8006012024048096,0.9603365384615384,0.2841726618705036,799,199,33,79,199,0.921883867563915,0.9219639623994422
0.17833197451577176,0.8738394320043692,0.8008008008008008,0.9615384615384616,0.2841726618705036,800,199,32,79,199,0.921883867563915,0.9219639623994422
0.17823857473305826,0.8744541484716157,0.801,0.9627403846153846,0.2841726618705036,801,199,31,79,199,0.921883867563915,0.9219639623994422
0.17810274535677517,0.8739770867430442,0.8001998001998002,0.9627403846153846,0.2805755395683453,801,200,31,78,200,0.921883867563915,0.9219639623994422
0.1759612476783078,0.8735005452562704,0.7994011976047904,0.9627403846153846,0.27697841726618705,801,201,31,77,201,0.921883867563915,0.9219639623994422
0.17545536497944514,0.873024523160763,0.7986041874376869,0.9627403846153846,0.2733812949640288,801,202,31,76,202,0.921883867563915,0.9219639623994422
0.17532627463234562,0.8736383442265795,0.798804780876494,0.9639423076923077,0.2733812949640288,802,202,30,76,202,0.921883867563915,0.9219639623994422
0.1752327025886189,0.874251497005988,0.7990049751243781,0.9651442307692307,0.2733812949640288,803,202,29,76,202,0.921883867563915,0.9219639623994422
0.17315889642653004,0.8748639825897715,0.7992047713717694,0.9663461538461539,0.2733812949640288,804,202,28,76,202,0.921883867563915,0.9219639623994422
0.17292907260413304,0.8743882544861338,0.7984111221449851,0.9663461538461539,0.2697841726618705,804,203,28,75,203,0.921883867563915,0.9219639623994422
0.17281963018531765,0.875,0.7986111111111112,0.9675480769230769,0.2697841726618705,805,203,27,75,203,0.921883867563915,0.9219639623994422
0.1725856923071738,0.8756110809342749,0.798810703666997,0.96875,0.2697841726618705,806,203,26,75,203,0.921883867563915,0.9219639623994422
0.1709219217412148,0.8751357220412594,0.7980198019801981,0.96875,0.26618705035971224,806,204,26,74,204,0.921883867563915,0.9219639623994422
0.16953558384526524,0.8757460661964189,0.798219584569733,0.9699519230769231,0.26618705035971224,807,204,25,74,204,0.921883867563915,0.9219639623994422
0.1682136835928899,0.8752711496746204,0.7974308300395256,0.9699519230769231,0.26258992805755393,807,205,25,73,205,0.921883867563915,0.9219639623994422
0.16566440725332798,0.8747967479674796,0.7966436327739388,0.9699519230769231,0.2589928057553957,807,206,25,72,206,0.921883867563915,0.9219639623994422
0.1656395021896384,0.8743228602383532,0.7958579881656804,0.9699519230769231,0.25539568345323743,807,207,25,71,207,0.921883867563915,0.9219639623994422
0.1652192356938199,0.8749323226854359,0.7960591133004926,0.9711538461538461,0.25539568345323743,808,207,24,71,207,0.921883867563915,0.9219639623994422
0.1651976692113417,0.8744588744588745,0.7952755905511811,0.9711538461538461,0.2517985611510791,808,208,24,70,208,0.921883867563915,0.9219639623994422
0.1650847671541007,0.8739859383450513,0.7944936086529006,0.9711538461538461,0.24820143884892087,808,209,24,69,209,0.921883867563915,0.9219639623994422
0.1643487534978938,0.8745945945945945,0.7946954813359528,0.9723557692307693,0.24820143884892087,809,209,23,69,209,0.921883867563915,0.9219639623994422
0.16406307709551782,0.8752025931928687,0.7948969578017664,0.9735576923076923,0.24820143884892087,810,209,22,69,209,0.921883867563915,0.9219639623994422
0.1635957074723503,0.8747300215982722,0.7941176470588235,0.9735576923076923,0.2446043165467626,810,210,22,68,210,0.921883867563915,0.9219639623994422
0.1625642946639967,0.8742579600647599,0.7933398628795298,0.9735576923076923,0.24100719424460432,810,211,22,67,211,0.921883867563915,0.9219639623994422
0.1620894015726111,0.8748651564185544,0.7935420743639922,0.9747596153846154,0.24100719424460432,811,211,21,67,211,0.921883867563915,0.9219639623994422
0.16199131707844194,0.8743935309973045,0.7927663734115347,0.9747596153846154,0.23741007194244604,811,212,21,66,212,0.921883867563915,0.9219639623994422
0.16115940265540918,0.875,0.79296875,0.9759615384615384,0.23741007194244604,812,212,20,66,212,0.921883867563915,0.9219639623994422
0.1609157937242608,0.875605815831987,0.7931707317073171,0.9771634615384616,0.23741007194244604,813,212,19,66,212,0.921883867563915,0.9219639623994422
0.16077157261933261,0.8751345532831001,0.7923976608187134,0.9771634615384616,0.23381294964028776,813,213,19,65,213,0.921883867563915,0.9219639623994422
0.16001655332988696,0.8746637977407208,0.7916260954235638,0.9771634615384616,0.2302158273381295,813,214,19,64,214,0.921883867563915,0.9219639623994422
0.15998299645765623,0.8741935483870967,0.7908560311284046,0.9771634615384616,0.22661870503597123,813,215,19,63,215,0.921883867563915,0.9219639623994422
0.15967963835617804,0.8737238044062332,0.7900874635568513,0.9771634615384616,0.22302158273381295,813,216,19,62,216,0.921883867563915,0.9219639623994422
0.1592458834619721,0.874328678839957,0.7902912621359224,0.9783653846153846,0.22302158273381295,814,216,18,62,216,0.921883867563915,0.9219639623994422
0.1586452163050771,0.8749329039184112,0.7904946653734238,0.9795673076923077,0.22302158273381295,815,216,17,62,216,0.921883867563915,0.9219639623994422
0.15862256345599124,0.8755364806866953,0.7906976744186046,0.9807692307692307,0.22302158273381295,816,216,16,62,216,0.921883867563915,0.9219639623994422
0.1582275609974606,0.8761394101876676,0.7909002904162633,0.9819711538461539,0.22302158273381295,817,216,15,62,216,0.921883867563915,0.9219639623994422
0.1578326463044204,0.8767416934619507,0.7911025145067698,0.9831730769230769,0.22302158273381295,818,216,14,62,216,0.921883867563915,0.9219639623994422
0.15704537201063062,0.8762720942688805,0.7903381642512077,0.9831730769230769,0.21942446043165467,818,217,14,61,217,0.921883867563915,0.9219639623994422
0.15668224783079077,0.8758029978586723,0.7895752895752896,0.9831730769230769,0.2158273381294964,818,218,14,60,218,0.921883867563915,0.9219639623994422
0.15648472871170438,0.875334403424291,0.7888138862102217,0.9831730769230769,0.21223021582733814,818,219,14,59,219,0.921883867563915,0.9219639623994422
0.15631244781465237,0.8748663101604278,0.7880539499036608,0.9831730769230769,0.20863309352517986,818,220,14,58,220,0.921883867563915,0.9219639623994422
0.15502843277063572,0.8743987172634955,0.7872954764196343,0.9831730769230769,0.20503597122302158,818,221,14,57,221,0.921883867563915,0.9219639623994422
0.1549825524437458,0.8739316239316239,0.7865384615384615,0.9831730769230769,0.2014388489208633,818,222,14,56,222,0.921883867563915,0.9219639623994422
0.15490447320740675,0.8745328350240257,0.7867435158501441,0.984375,0.2014388489208633,819,222,13,56,222,0.921883867563915,0.9219639623994422
0.15463865682378075,0.8740661686232657,0.7859884836852208,0.984375,0.19784172661870503,819,223,13,55,223,0.921883867563915,0.9219639623994422
0.15369442792999854,0.8736,0.785234899328859,0.984375,0.19424460431654678,819,224,13,54,224,0.921883867563915,0.9219639623994422
0.1536443329458157,0.8731343283582089,0.7844827586206896,0.984375,0.1906474820143885,819,225,13,53,225,0.921883867563915,0.9219639623994422
0.15355862804898346,0.8726691529035695,0.783732057416268,0.984375,0.18705035971223022,819,226,13,52,226,0.921883867563915,0.9219639623994422
0.15341610917203385,0.8722044728434505,0.7829827915869981,0.984375,0.18345323741007194,819,227,13,51,227,0.921883867563915,0.9219639623994422
0.15339273944328558,0.8717402873869079,0.7822349570200573,0.984375,0.17985611510791366,819,228,13,50,228,0.921883867563915,0.9219639623994422
0.1533416126833811,0.8712765957446809,0.7814885496183206,0.984375,0.17625899280575538,819,229,13,49,229,0.921883867563915,0.9219639623994422
0.15292863896351072,0.8708133971291866,0.780743565300286,0.984375,0.17266187050359713,819,230,13,48,230,0.921883867563915,0.9219639623994422
0.15249002716718052,0.871413390010627,0.780952380952381,0.9855769230769231,0.17266187050359713,820,230,12,48,230,0.921883867563915,0.9219639623994422
0.15216022018523334,0.8709506107275624,0.780209324452902,0.9855769230769231,0.16906474820143885,820,231,12,47,231,0.921883867563915,0.9219639623994422
0.15129804370367705,0.8704883227176221,0.779467680608365,0.9855769230769231,0.16546762589928057,820,232,12,46,232,0.921883867563915,0.9219639623994422
0.15075917298111818,0.870026525198939,0.7787274453941121,0.9855769230769231,0.1618705035971223,820,233,12,45,233,0.921883867563915,0.9219639623994422
0.15064409677131252,0.870625662778367,0.7789373814041746,0.9867788461538461,0.1618705035971223,821,233,11,45,233,0.921883867563915,0.9219639623994422
0.15025598607370927,0.8701642819289878,0.7781990521327015,0.9867788461538461,0.15827338129496402,821,234,11,44,234,0.921883867563915,0.9219639623994422
0.1498103520659798,0.8697033898305084,0.7774621212121212,0.9867788461538461,0.15467625899280577,821,235,11,43,235,0.921883867563915,0.9219639623994422
0.1495450655668893,0.8692429857067231,0.7767265846736046,0.9867788461538461,0.1510791366906475,821,236,11,42,236,0.921883867563915,0.9219639623994422
0.14947918011720673,0.8687830687830688,0.775992438563327,0.9867788461538461,0.1474820143884892,821,237,11,41,237,0.921883867563915,0.9219639623994422
0.1489435594798021,0.8683236382866208,0.7752596789423984,0.9867788461538461,0.14388489208633093,821,238,11,40,238,0.921883867563915,0.9219639623994422
0.14880972888784982,0.86892177589852,0.7754716981132076,0.9879807692307693,0.14388489208633093,822,238,10,40,238,0.921883867563915,0.9219639623994422
0.1476106289208069,0.8684627575277337,0.7747408105560791,0.9879807692307693,0.14028776978417265,822,239,10,39,239,0.921883867563915,0.9219639623994422
0.14726638592228847,0.8680042238648363,0.7740112994350282,0.9879807692307693,0.1366906474820144,822,240,10,38,240,0.921883867563915,0.9219639623994422
0.14661644536017338,0.8675461741424803,0.7732831608654751,0.9879807692307693,0.13309352517985612,822,241,10,37,241,0.921883867563915,0.9219639623994422
0.1449337622696869,0.8670886075949367,0.7725563909774437,0.9879807692307693,0.12949640287769784,822,242,10,36,242,0.921883867563915,0.9219639623994422
0.14400635833104536,0.8666315234580917,0.7718309859154929,0.9879807692307693,0.12589928057553956,822,243,10,35,243,0.921883867563915,0.9219639623994422
0.14238071953104248,0.8672286617492097,0.7720450281425891,0.9891826923076923,0.12589928057553956,823,243,9,35,243,0.921883867563915,0.9219639623994422
0.14176654374744158,0.8667719852553976,0.7713214620431116,0.9891826923076923,0.1223021582733813,823,244,9,34,244,0.921883867563915,0.9219639623994422
0.14147691896359682,0.8663157894736843,0.7705992509363296,0.9891826923076923,0.11870503597122302,823,245,9,33,245,0.921883867563915,0.9219639623994422
0.13977590815630414,0.8658600736454498,0.7698783910196445,0.9891826923076923,0.11510791366906475,823,246,9,32,246,0.921883867563915,0.9219639623994422
0.13974637586386573,0.8654048370136698,0.7691588785046729,0.9891826923076923,0.11151079136690648,823,247,9,31,247,0.921883867563915,0.9219639623994422
0.1391582748369975,0.8649500788229112,0.7684407096171803,0.9891826923076923,0.1079136690647482,823,248,9,30,248,0.921883867563915,0.9219639623994422
0.13909163106315925,0.8644957983193278,0.7677238805970149,0.9891826923076923,0.10431654676258993,823,249,9,29,249,0.921883867563915,0.9219639623994422
0.13892193014052634,0.8640419947506561,0.7670083876980429,0.9891826923076923,0.10071942446043165,823,250,9,28,250,0.921883867563915,0.9219639623994422
0.1386701544112019,0.863588667366212,0.7662942271880819,0.9891826923076923,0.09712230215827339,823,251,9,27,251,0.921883867563915,0.9219639623994422
0.1386420414143703,0.86418458311484,0.7665116279069767,0.9903846153846154,0.09712230215827339,824,251,8,27,251,0.921883867563915,0.9219639623994422
0.138219603161283,0.8637316561844863,0.7657992565055762,0.9903846153846154,0.09352517985611511,824,252,8,26,252,0.921883867563915,0.9219639623994422
0.13722387418913518,0.8643268727082242,0.766016713091922,0.9915865384615384,0.09352517985611511,825,252,7,26,252,0.921883867563915,0.9219639623994422
0.13714594030187177,0.8638743455497382,0.7653061224489796,0.9915865384615384,0.08992805755395683,825,253,7,25,253,0.921883867563915,0.9219639623994422
0.1364864381133366,0.8634222919937206,0.7645968489341983,0.9915865384615384,0.08633093525179857,825,254,7,24,254,0.921883867563915,0.9219639623994422
0.13617174111870578,0.8629707112970711,0.7638888888888888,0.9915865384615384,0.08273381294964029,825,255,7,23,255,0.921883867563915,0.9219639623994422
0.13580908902607836,0.8625196027182436,0.7631822386679001,0.9915865384615384,0.07913669064748201,825,256,7,22,256,0.921883867563915,0.9219639623994422
0.1357849549928163,0.8631138975966562,0.7634011090573013,0.9927884615384616,0.07913669064748201,826,256,6,22,256,0.921883867563915,0.9219639623994422
0.13570187332674333,0.8626631853785901,0.76269621421976,0.9927884615384616,0.07553956834532374,826,257,6,21,257,0.921883867563915,0.9219639623994422
0.13448734245791172,0.8622129436325678,0.7619926199261993,0.9927884615384616,0.07194244604316546,826,258,6,20,258,0.921883867563915,0.9219639623994422
0.13357956722043474,0.8617631716223265,0.7612903225806451,0.9927884615384616,0.0683453237410072,826,259,6,19,259,0.921883867563915,0.9219639623994422
0.1325553483141957,0.8613138686131386,0.7605893186003683,0.9927884615384616,0.06474820143884892,826,260,6,18,260,0.921883867563915,0.9219639623994422
0.1319526522906569,0.8608650338718082,0.7598896044158233,0.9927884615384616,0.06115107913669065,826,261,6,17,261,0.921883867563915,0.9219639623994422
0.13193595036397487,0.8604166666666667,0.7591911764705882,0.9927884615384616,0.05755395683453238,826,262,6,16,262,0.921883867563915,0.9219639623994422
0.13115937127421085,0.8610098906819365,0.7594123048668503,0.9939903846153846,0.05755395683453238,827,262,5,16,262,0.921883867563915,0.9219639623994422
0.1310293422355897,0.8605619146722164,0.7587155963302752,0.9939903846153846,0.0539568345323741,827,263,5,15,263,0.921883867563915,0.9219639623994422
0.13102090570533442,0.860114404576183,0.7580201649862511,0.9939903846153846,0.050359712230215826,827,264,5,14,264,0.921883867563915,0.9219639623994422
0.12909853415627182,0.8607068607068608,0.7582417582417582,0.9951923076923077,0.050359712230215826,828,264,4,14,264,0.921883867563915,0.9219639623994422
0.12822312170726413,0.8602597402597403,0.757548032936871,0.9951923076923077,0.046762589928057555,828,265,4,13,265,0.921883867563915,0.9219639623994422
0.12751160529496453,0.8598130841121495,0.7568555758683729,0.9951923076923077,0.04316546762589928,828,266,4,12,266,0.921883867563915,0.9219639623994422
0.1274896067548611,0.8604047742605085,0.7570776255707763,0.9963942307692307,0.04316546762589928,829,266,3,12,266,0.921883867563915,0.9219639623994422
0.12689182829367296,0.8599585062240664,0.7563868613138686,0.9963942307692307,0.039568345323741004,829,267,3,11,267,0.921883867563915,0.9219639623994422
0.12589276167529895,0.8605495075168481,0.7566089334548769,0.9975961538461539,0.039568345323741004,830,267,2,11,267,0.921883867563915,0.9219639623994422
0.1257665429842213,0.8601036269430051,0.75591985428051,0.9975961538461539,0.03597122302158273,830,268,2,10,268,0.921883867563915,0.9219639623994422
0.12541477407539037,0.8606939409632315,0.7561419472247498,0.9987980769230769,0.03597122302158273,831,268,1,10,268,0.921883867563915,0.9219639623994422
0.12503992238643868,0.860248447204969,0.7554545454545455,0.9987980769230769,0.03237410071942446,831,269,1,9,269,0.921883867563915,0.9219639623994422
0.12426798979147591,0.85980341438179,0.7547683923705722,0.9987980769230769,0.02877697841726619,831,270,1,8,270,0.921883867563915,0.9219639623994422
0.12235706413744218,0.859358841778697,0.7540834845735027,0.9987980769230769,0.025179856115107913,831,271,1,7,271,0.921883867563915,0.9219639623994422
0.1222762100267828,0.8589147286821706,0.7533998186763372,0.9987980769230769,0.02158273381294964,831,272,1,6,272,0.921883867563915,0.9219639623994422
0.12167991222524643,0.8584710743801653,0.7527173913043478,0.9987980769230769,0.017985611510791366,831,273,1,5,273,0.921883867563915,0.9219639623994422
0.12150877279017347,0.8580278781621063,0.7520361990950226,0.9987980769230769,0.014388489208633094,831,274,1,4,274,0.921883867563915,0.9219639623994422
0.12105221628484752,0.8575851393188855,0.7513562386980108,0.9987980769230769,0.01079136690647482,831,275,1,3,275,0.921883867563915,0.9219639623994422
0.11892628263313432,0.8571428571428571,0.7506775067750677,0.9987980769230769,0.007194244604316547,831,276,1,2,276,0.921883867563915,0.9219639623994422
0.11445362262469261,0.856701030927835,0.75,0.9987980769230769,0.0035971223021582736,831,277,1,1,277,0.921883867563915,0.9219639623994422
0.11136419718566759,0.8562596599690881,0.7493237150586114,0.9987980769230769,0.0,831,278,1,0,278,0.921883867563915,0.9219639623994422
0.11085726497517612,0.8568486096807415,0.7495495495495496,1.0,0.0,832,278,0,0,278,0.921883867563915,0.9219639623994422
