threshold,f1,precision,recall,tnr,tp,fp,fn,tn_unknown,fp_unknown,auc_pr_trapezoid,ap_pr_step
0.9984184229881423,0.0,,0.0,1.0,0,0,832,278,0,0.9938755609535043,0.9938791391049153
0.9984184229881422,0.0024009603841536613,1.0,0.001201923076923077,1.0,1,0,831,278,0,0.9938755609535043,0.9938791391049153
0.9980701980167398,0.004796163069544364,1.0,0.002403846153846154,1.0,2,0,830,278,0,0.9938755609535043,0.9938791391049153
0.997626938713446,0.00718562874251497,1.0,0.003605769230769231,1.0,3,0,829,278,0,0.9938755609535043,0.9938791391049153
0.9974918905531016,0.009569377990430622,1.0,0.004807692307692308,1.0,4,0,828,278,0,0.9938755609535043,0.9938791391049153
0.9974743166317575,0.011947431302270013,1.0,0.006009615384615385,1.0,5,0,827,278,0,0.9938755609535043,0.9938791391049153
0.9974641745184646,0.014319809069212411,1.0,0.007211538461538462,1.0,6,0,826,278,0,0.9938755609535043,0.9938791391049153
0.9973652951798618,0.0166865315852205,1.0,0.008413461538461538,1.0,7,0,825,278,0,0.9938755609535043,0.9938791391049153
0.9973320462922242,0.01904761904761905,1.0,0.009615384615384616,1.0,8,0,824,278,0,0.9938755609535043,0.9938791391049153
0.997157488740586,0.02140309155766944,1.0,0.010817307692307692,1.0,9,0,823,278,0,0.9938755609535043,0.9938791391049153
0.9970970772598914,0.023752969121140142,1.0,0.01201923076923077,1.0,10,0,822,278,0,0.9938755609535043,0.9938791391049153
0.9969269762923447,0.02609727164887307,1.0,0.013221153846153846,1.0,11,0,821,278,0,0.9938755609535043,0.9938791391049153
0.9968596749168886,0.02843601895734597,1.0,0.014423076923076924,1.0,12,0,820,278,0,0.9938755609535043,0.9938791391049153
0.9967397957579527,0.03076923076923077,1.0,0.015625,1.0,13,0,819,278,0,0.9938755609535043,0.9938791391049153
0.9967094125192162,0.03309692671394799,1.0,0.016826923076923076,1.0,14,0,818,278,0,0.9938755609535043,0.9938791391049153
0.996606885506729,0.03541912632821724,1.0,0.018028846153846152,1.0,15,0,817,278,0,0.9938755609535043,0.9938791391049153
0.9964895350953816,0.03773584905660377,1.0,0.019230769230769232,1.0,16,0,816,278,0,0.9938755609535043,0.9938791391049153
0.9963383131412551,0.04004711425206125,1.0,0.020432692307692308,1.0,17,0,815,278,0,0.9938755609535043,0.9938791391049153
0.9962002468997407,0.042352941176470586,1.0,0.021634615384615384,1.0,18,0,814,278,0,0.9938755609535043,0.9938791391049153
0.9961951437126507,0.04465334900117509,1.0,0.02283653846153846,1.0,19,0,813,278,0,0.9938755609535043,0.9938791391049153
0.9961561920253312,0.046948356807511735,1.0,0.02403846153846154,1.0,20,0,812,278,0,0.9938755609535043,0.9938791391049153
0.9960558551570795,0.0492379835873388,1.0,0.025240384615384616,1.0,21,0,811,278,0,0.9938755609535043,0.9938791391049153
0.9960256541749225,0.05152224824355972,1.0,0.026442307692307692,1.0,22,0,810,278,0,0.9938755609535043,0.9938791391049153
0.9959615710566896,0.05380116959064327,1.0,0.027644230769230768,1.0,23,0,809,278,0,0.9938755609535043,0.9938791391049153
0.9959509645390603,0.056074766355140186,1.0,0.028846153846153848,1.0,24,0,808,278,0,0.9938755609535043,0.9938791391049153
0.9959381585568744,0.058343057176196034,1.0,0.030048076923076924,1.0,25,0,807,278,0,0.9938755609535043,0.9938791391049153
0.9958774903236559,0.06060606060606061,1.0,0.03125,1.0,26,0,806,278,0,0.9938755609535043,0.9938791391049153
0.9958544812055706,0.06286379511059371,1.0,0.03245192307692308,1.0,27,0,805,278,0,0.9938755609535043,0.9938791391049153
0.995852313425174,0.06511627906976744,1.0,0.03365384615384615,1.0,28,0,804,278,0,0.9938755609535043,0.9938791391049153
0.9958258223151129,0.06736353077816493,1.0,0.03485576923076923,1.0,29,0,803,278,0,0.9938755609535043,0.9938791391049153
0.9958257841438795,0.06960556844547564,1.0,0.036057692307692304,1.0,30,0,802,278,0,0.9938755609535043,0.9938791391049153
0.9957823793486842,0.07184241019698726,1.0,0.037259615384615384,1.0,31,0,801,278,0,0.9938755609535043,0.9938791391049153
0.9957454878844344,0.07407407407407407,1.0,0.038461538461538464,1.0,32,0,800,278,0,0.9938755609535043,0.9938791391049153
0.9957307014103254,0.07630057803468208,1.0,0.039663461538461536,1.0,33,0,799,278,0,0.9938755609535043,0.9938791391049153
0.995718384166659,0.07852193995381063,1.0,0.040865384615384616,1.0,34,0,798,278,0,0.9938755609535043,0.9938791391049153
0.9955848756576098,0.08073817762399077,1.0,0.042067307692307696,1.0,35,0,797,278,0,0.9938755609535043,0.9938791391049153
0.9955545706952703,0.08294930875576037,1.0,0.04326923076923077,1.0,36,0,796,278,0,0.9938755609535043,0.9938791391049153
0.9954906589265177,0.08515535097813579,1.0,0.04447115384615385,1.0,37,0,795,278,0,0.9938755609535043,0.9938791391049153
0.9954871474472243,0.08735632183908046,1.0,0.04567307692307692,1.0,38,0,794,278,0,0.9938755609535043,0.9938791391049153
0.9954419657172624,0.08955223880597014,1.0,0.046875,1.0,39,0,793,278,0,0.9938755609535043,0.9938791391049153
0.9954196952624749,0.09174311926605505,1.0,0.04807692307692308,1.0,40,0,792,278,0,0.9938755609535043,0.9938791391049153
0.9953155090714895,0.09392898052691867,1.0,0.04927884615384615,1.0,41,0,791,278,0,0.9938755609535043,0.9938791391049153
0.9953053319237832,0.09610983981693363,1.0,0.05048076923076923,1.0,42,0,790,278,0,0.9938755609535043,0.9938791391049153
0.995238779735503,0.09828571428571428,1.0,0.051682692307692304,1.0,43,0,789,278,0,0.9938755609535043,0.9938791391049153
0.9951905342907487,0.1004566210045662,1.0,0.052884615384615384,1.0,44,0,788,278,0,0.9938755609535043,0.9938791391049153
0.9951475121582346,0.10262257696693272,1.0,0.054086538461538464,1.0,45,0,787,278,0,0.9938755609535043,0.9938791391049153
0.9951142303283148,0.10478359908883828,1.0,0.055288461538461536,1.0,46,0,786,278,0,0.9938755609535043,0.9938791391049153
0.9950121400369809,0.10693970420932879,1.0,0.056490384615384616,1.0,47,0,785,278,0,0.9938755609535043,0.9938791391049153
0.9949886306632995,0.10909090909090909,1.0,0.057692307692307696,1.0,48,0,784,278,0,0.9938755609535043,0.9938791391049153
0.9949237443540953,0.1112372304199773,1.0,0.05889423076923077,1.0,49,0,783,278,0,0.9938755609535043,0.9938791391049153
0.9949025956617149,0.11337868480725624,1.0,0.06009615384615385,1.0,50,0,782,278,0,0.9938755609535043,0.9938791391049153
0.9948198518769449,0.11551528878822197,1.0,0.06129807692307692,1.0,51,0,781,278,0,0.9938755609535043,0.9938791391049153
0.9947211896114126,0.11764705882352941,1.0,0.0625,1.0,52,0,780,278,0,0.9938755609535043,0.9938791391049153
0.9946956998780577,0.11977401129943503,1.0,0.06370192307692307,1.0,53,0,779,278,0,0.9938755609535043,0.9938791391049153
0.9946417111727878,0.12189616252821671,1.0,0.06490384615384616,1.0,54,0,778,278,0,0.9938755609535043,0.9938791391049153
0.9946352388362297,0.12401352874859076,1.0,0.06610576923076923,1.0,55,0,777,278,0,0.9938755609535043,0.9938791391049153
0.994617676238453,0.12612612612612611,1.0,0.0673076923076923,1.0,56,0,776,278,0,0.9938755609535043,0.9938791391049153
0.9945800173197082,0.12823397075365578,1.0,0.06850961538461539,1.0,57,0,775,278,0,0.9938755609535043,0.9938791391049153
0.9945505720522061,0.1303370786516854,1.0,0.06971153846153846,1.0,58,0,774,278,0,0.9938755609535043,0.9938791391049153
0.9945471423793083,0.1324354657687991,1.0,0.07091346153846154,1.0,59,0,773,278,0,0.9938755609535043,0.9938791391049153
0.994542370649498,0.13452914798206278,1.0,0.07211538461538461,1.0,60,0,772,278,0,0.9938755609535043,0.9938791391049153
0.9945291379418898,0.1366181410974244,1.0,0.0733173076923077,1.0,61,0,771,278,0,0.9938755609535043,0.9938791391049153
0.9945225070829342,0.13870246085011187,1.0,0.07451923076923077,1.0,62,0,770,278,0,0.9938755609535043,0.9938791391049153
0.9944647718545762,0.14078212290502792,1.0,0.07572115384615384,1.0,63,0,769,278,0,0.9938755609535043,0.9938791391049153
0.9942621926225921,0.14285714285714285,1.0,0.07692307692307693,1.0,64,0,768,278,0,0.9938755609535043,0.9938791391049153
0.994230653130678,0.14492753623188406,1.0,0.078125,1.0,65,0,767,278,0,0.9938755609535043,0.9938791391049153
0.9942023999777627,0.14699331848552338,1.0,0.07932692307692307,1.0,66,0,766,278,0,0.9938755609535043,0.9938791391049153
0.994195474709601,0.14905450500556172,1.0,0.08052884615384616,1.0,67,0,765,278,0,0.9938755609535043,0.9938791391049153
0.994142503694577,0.1511111111111111,1.0,0.08173076923076923,1.0,68,0,764,278,0,0.9938755609535043,0.9938791391049153
0.9941286184914321,0.15316315205327413,1.0,0.0829326923076923,1.0,69,0,763,278,0,0.9938755609535043,0.9938791391049153
0.9941259835004795,0.15521064301552107,1.0,0.08413461538461539,1.0,70,0,762,278,0,0.9938755609535043,0.9938791391049153
0.994108191647452,0.15725359911406422,1.0,0.08533653846153846,1.0,71,0,761,278,0,0.9938755609535043,0.9938791391049153
0.9940618139870832,0.1592920353982301,1.0,0.08653846153846154,1.0,72,0,760,278,0,0.9938755609535043,0.9938791391049153
0.9940510914023438,0.16132596685082873,1.0,0.08774038461538461,1.0,73,0,759,278,0,0.9938755609535043,0.9938791391049153
0.994025291876081,0.16335540838852097,1.0,0.0889423076923077,1.0,74,0,758,278,0,0.9938755609535043,0.9938791391049153
0.9939878742723905,0.16538037486218302,1.0,0.09014423076923077,1.0,75,0,757,278,0,0.9938755609535043,0.9938791391049153
0.9939401221984463,0.16740088105726872,1.0,0.09134615384615384,1.0,76,0,756,278,0,0.9938755609535043,0.9938791391049153
0.9938711685868967,0.1694169416941694,1.0,0.09254807692307693,1.0,77,0,755,278,0,0.9938755609535043,0.9938791391049153
0.9937828994489967,0.17142857142857143,1.0,0.09375,1.0,78,0,754,278,0,0.9938755609535043,0.9938791391049153
0.9937635258625429,0.1734357848518112,1.0,0.09495192307692307,1.0,79,0,753,278,0,0.9938755609535043,0.9938791391049153
0.9937378693330788,0.17543859649122806,1.0,0.09615384615384616,1.0,80,0,752,278,0,0.9938755609535043,0.9938791391049153
0.9937256265319052,0.1774370208105148,1.0,0.09735576923076923,1.0,81,0,751,278,0,0.9938755609535043,0.9938791391049153
0.9936572245197937,0.17943107221006566,1.0,0.0985576923076923,1.0,82,0,750,278,0,0.9938755609535043,0.9938791391049153
0.9936308736537187,0.1814207650273224,1.0,0.09975961538461539,1.0,83,0,749,278,0,0.9938755609535043,0.9938791391049153
0.9935358616323248,0.18340611353711792,1.0,0.10096153846153846,1.0,84,0,748,278,0,0.9938755609535043,0.9938791391049153
0.9935047324902005,0.18538713195201745,1.0,0.10216346153846154,1.0,85,0,747,278,0,0.9938755609535043,0.9938791391049153
0.9934082995532748,0.18736383442265794,1.0,0.10336538461538461,1.0,86,0,746,278,0,0.9938755609535043,0.9938791391049153
0.9933057384863949,0.1893362350380849,1.0,0.1045673076923077,1.0,87,0,745,278,0,0.9938755609535043,0.9938791391049153
0.9931796251881434,0.19130434782608696,1.0,0.10576923076923077,1.0,88,0,744,278,0,0.9938755609535043,0.9938791391049153
0.9931673303556938,0.19326818675352878,1.0,0.10697115384615384,1.0,89,0,743,278,0,0.9938755609535043,0.9938791391049153
0.9931386391575168,0.19522776572668113,1.0,0.10817307692307693,1.0,90,0,742,278,0,0.9938755609535043,0.9938791391049153
0.9930802172573998,0.19718309859154928,1.0,0.109375,1.0,91,0,741,278,0,0.9938755609535043,0.9938791391049153
0.993047062426914,0.19913419913419914,1.0,0.11057692307692307,1.0,92,0,740,278,0,0.9938755609535043,0.9938791391049153
0.9929393115334839,0.20108108108108108,1.0,0.11177884615384616,1.0,93,0,739,278,0,0.9938755609535043,0.9938791391049153
0.9929381714507868,0.20302375809935205,1.0,0.11298076923076923,1.0,94,0,738,278,0,0.9938755609535043,0.9938791391049153
0.9929237728641815,0.20496224379719524,1.0,0.1141826923076923,1.0,95,0,737,278,0,0.9938755609535043,0.9938791391049153
0.9928828735158588,0.20689655172413793,1.0,0.11538461538461539,1.0,96,0,736,278,0,0.9938755609535043,0.9938791391049153
0.9928592154309761,0.20882669537136705,1.0,0.11658653846153846,1.0,97,0,735,278,0,0.9938755609535043,0.9938791391049153
0.992850382308001,0.210752688172043,1.0,0.11778846153846154,1.0,98,0,734,278,0,0.9938755609535043,0.9938791391049153
0.9928141673994046,0.21267454350161116,1.0,0.11899038461538461,1.0,99,0,733,278,0,0.9938755609535043,0.9938791391049153
0.9928087284917132,0.2145922746781116,1.0,0.1201923076923077,1.0,100,0,732,278,0,0.9938755609535043,0.9938791391049153
0.9928058422404706,0.2165058949624866,1.0,0.12139423076923077,1.0,101,0,731,278,0,0.9938755609535043,0.9938791391049153
0.9927366852774064,0.21841541755888652,1.0,0.12259615384615384,1.0,102,0,730,278,0,0.9938755609535043,0.9938791391049153
0.9926966684529555,0.22032085561497325,1.0,0.12379807692307693,1.0,103,0,729,278,0,0.9938755609535043,0.9938791391049153
0.9926797447198937,0.2222222222222222,1.0,0.125,1.0,104,0,728,278,0,0.9938755609535043,0.9938791391049153
0.9926696934492654,0.22411953041622198,1.0,0.12620192307692307,1.0,105,0,727,278,0,0.9938755609535043,0.9938791391049153
0.992654303281919,0.2260127931769723,1.0,0.12740384615384615,1.0,106,0,726,278,0,0.9938755609535043,0.9938791391049153
0.9925909567049018,0.22790202342917998,1.0,0.12860576923076922,1.0,107,0,725,278,0,0.9938755609535043,0.9938791391049153
0.9925798384063156,0.2297872340425532,1.0,0.12980769230769232,1.0,108,0,724,278,0,0.9938755609535043,0.9938791391049153
0.9925591304097825,0.2316684378320935,1.0,0.1310096153846154,1.0,109,0,723,278,0,0.9938755609535043,0.9938791391049153
0.9925516498116191,0.23354564755838642,1.0,0.13221153846153846,1.0,110,0,722,278,0,0.9938755609535043,0.9938791391049153
0.9924994664646729,0.2354188759278897,1.0,0.13341346153846154,1.0,111,0,721,278,0,0.9938755609535043,0.9938791391049153
0.9924500360309431,0.23728813559322035,1.0,0.1346153846153846,1.0,112,0,720,278,0,0.9938755609535043,0.9938791391049153
0.9923718991867071,0.23915343915343915,1.0,0.13581730769230768,1.0,113,0,719,278,0,0.9938755609535043,0.9938791391049153
0.9923581701423728,0.24101479915433405,1.0,0.13701923076923078,1.0,114,0,718,278,0,0.9938755609535043,0.9938791391049153
0.99226064982869,0.24287222808870115,1.0,0.13822115384615385,1.0,115,0,717,278,0,0.9938755609535043,0.9938791391049153
0.9922366321605107,0.24472573839662448,1.0,0.13942307692307693,1.0,116,0,716,278,0,0.9938755609535043,0.9938791391049153
0.9922365581094168,0.2465753424657534,1.0,0.140625,1.0,117,0,715,278,0,0.9938755609535043,0.9938791391049153
0.9921910454531246,0.24842105263157896,1.0,0.14182692307692307,1.0,118,0,714,278,0,0.9938755609535043,0.9938791391049153
0.9921907450796353,0.2502628811777077,1.0,0.14302884615384615,1.0,119,0,713,278,0,0.9938755609535043,0.9938791391049153
0.9921756928264287,0.25210084033613445,1.0,0.14423076923076922,1.0,120,0,712,278,0,0.9938755609535043,0.9938791391049153
0.9921321908285878,0.2539349422875131,1.0,0.14543269230769232,1.0,121,0,711,278,0,0.9938755609535043,0.9938791391049153
0.992116002990799,0.2557651991614256,1.0,0.1466346153846154,1.0,122,0,710,278,0,0.9938755609535043,0.9938791391049153
0.99209416341808,0.25759162303664923,1.0,0.14783653846153846,1.0,123,0,709,278,0,0.9938755609535043,0.9938791391049153
0.9920274751926426,0.2594142259414226,1.0,0.14903846153846154,1.0,124,0,708,278,0,0.9938755609535043,0.9938791391049153
0.9919702058857583,0.2612330198537095,1.0,0.1502403846153846,1.0,125,0,707,278,0,0.9938755609535043,0.9938791391049153
0.9919012610179144,0.2630480167014614,1.0,0.15144230769230768,1.0,126,0,706,278,0,0.9938755609535043,0.9938791391049153
0.9918630718260736,0.264859228362878,1.0,0.15264423076923078,1.0,127,0,705,278,0,0.9938755609535043,0.9938791391049153
0.9918344324526026,0.26666666666666666,1.0,0.15384615384615385,1.0,128,0,704,278,0,0.9938755609535043,0.9938791391049153
0.9918321804573701,0.2684703433922997,1.0,0.15504807692307693,1.0,129,0,703,278,0,0.9938755609535043,0.9938791391049153
0.9917131066305668,0.2702702702702703,1.0,0.15625,1.0,130,0,702,278,0,0.9938755609535043,0.9938791391049153
0.9916244965036093,0.2720664589823468,1.0,0.15745192307692307,1.0,131,0,701,278,0,0.9938755609535043,0.9938791391049153
0.991588147018518,0.27385892116182575,1.0,0.15865384615384615,1.0,132,0,700,278,0,0.9938755609535043,0.9938791391049153
0.99149397972591,0.2756476683937824,1.0,0.15985576923076922,1.0,133,0,699,278,0,0.9938755609535043,0.9938791391049153
0.991470124614801,0.2774327122153209,1.0,0.16105769230769232,1.0,134,0,698,278,0,0.9938755609535043,0.9938791391049153
0.9914537354346771,0.2792140641158221,1.0,0.1622596153846154,1.0,135,0,697,278,0,0.9938755609535043,0.9938791391049153
0.9914512582450693,0.2809917355371901,1.0,0.16346153846153846,1.0,136,0,696,278,0,0.9938755609535043,0.9938791391049153
0.9914281560189441,0.28276573787409703,1.0,0.16466346153846154,1.0,137,0,695,278,0,0.9938755609535043,0.9938791391049153
0.9913963840633635,0.2845360824742268,1.0,0.1658653846153846,1.0,138,0,694,278,0,0.9938755609535043,0.9938791391049153
0.9913865820890957,0.286302780638517,1.0,0.16706730769230768,1.0,139,0,693,278,0,0.9938755609535043,0.9938791391049153
0.9913504229844293,0.2880658436213992,1.0,0.16826923076923078,1.0,140,0,692,278,0,0.9938755609535043,0.9938791391049153
0.9912637005452722,0.289825282631038,1.0,0.16947115384615385,1.0,141,0,691,278,0,0.9938755609535043,0.9938791391049153
0.9911221166501942,0.2915811088295688,1.0,0.17067307692307693,1.0,142,0,690,278,0,0.9938755609535043,0.9938791391049153
0.9910691459837362,0.29333333333333333,1.0,0.171875,1.0,143,0,689,278,0,0.9938755609535043,0.9938791391049153
0.9910147013192178,0.29508196721311475,1.0,0.17307692307692307,1.0,144,0,688,278,0,0.9938755609535043,0.9938791391049153
0.9909790733051168,0.2968270214943705,1.0,0.17427884615384615,1.0,145,0,687,278,0,0.9938755609535043,0.9938791391049153
0.9909420222720222,0.2985685071574642,1.0,0.17548076923076922,1.0,146,0,686,278,0,0.9938755609535043,0.9938791391049153
0.9908403762856092,0.3003064351378958,1.0,0.17668269230769232,1.0,147,0,685,278,0,0.9938755609535043,0.9938791391049153
0.9908023628450288,0.3020408163265306,1.0,0.1778846153846154,1.0,148,0,684,278,0,0.9938755609535043,0.9938791391049153
0.9907626201614592,0.3037716615698267,1.0,0.17908653846153846,1.0,149,0,683,278,0,0.9938755609535043,0.9938791391049153
0.99064993855268,0.3054989816700611,1.0,0.18028846153846154,1.0,150,0,682,278,0,0.9938755609535043,0.9938791391049153
0.9906277772059061,0.3072227873855544,1.0,0.1814903846153846,1.0,151,0,681,278,0,0.9938755609535043,0.9938791391049153
0.9906260500921307,0.3089430894308943,1.0,0.18269230769230768,1.0,152,0,680,278,0,0.9938755609535043,0.9938791391049153
0.9905896490039109,0.31065989847715736,1.0,0.18389423076923078,1.0,153,0,679,278,0,0.9938755609535043,0.9938791391049153
0.9905624825754726,0.31237322515212984,1.0,0.18509615384615385,1.0,154,0,678,278,0,0.9938755609535043,0.9938791391049153
0.9905538435276793,0.3140830800405269,1.0,0.18629807692307693,1.0,155,0,677,278,0,0.9938755609535043,0.9938791391049153
0.990542097453062,0.3157894736842105,1.0,0.1875,1.0,156,0,676,278,0,0.9938755609535043,0.9938791391049153
0.9904954673292462,0.31749241658240646,1.0,0.18870192307692307,1.0,157,0,675,278,0,0.9938755609535043,0.9938791391049153
0.9904877674397934,0.3191919191919192,1.0,0.18990384615384615,1.0,158,0,674,278,0,0.9938755609535043,0.9938791391049153
0.9903971379496888,0.32088799192734613,1.0,0.19110576923076922,1.0,159,0,673,278,0,0.9938755609535043,0.9938791391049153
0.9903807051184454,0.3225806451612903,1.0,0.19230769230769232,1.0,160,0,672,278,0,0.9938755609535043,0.9938791391049153
0.9903683267093928,0.324269889224572,1.0,0.1935096153846154,1.0,161,0,671,278,0,0.9938755609535043,0.9938791391049153
0.9902211953609562,0.32595573440643866,1.0,0.19471153846153846,1.0,162,0,670,278,0,0.9938755609535043,0.9938791391049153
0.9902018433419725,0.32763819095477387,1.0,0.19591346153846154,1.0,163,0,669,278,0,0.9938755609535043,0.9938791391049153
0.9901850048247665,0.3293172690763052,1.0,0.1971153846153846,1.0,164,0,668,278,0,0.9938755609535043,0.9938791391049153
0.9900436015215813,0.33099297893681046,1.0,0.19831730769230768,1.0,165,0,667,278,0,0.9938755609535043,0.9938791391049153
0.9900434440132849,0.33266533066132264,1.0,0.19951923076923078,1.0,166,0,666,278,0,0.9938755609535043,0.9938791391049153
0.9899293344215216,0.33433433433433435,1.0,0.20072115384615385,1.0,167,0,665,278,0,0.9938755609535043,0.9938791391049153
0.9899212005146459,0.336,1.0,0.20192307692307693,1.0,168,0,664,278,0,0.9938755609535043,0.9938791391049153
0.9899092363533873,0.33766233766233766,1.0,0.203125,1.0,169,0,663,278,0,0.9938755609535043,0.9938791391049153
0.9899018813797366,0.3393213572854291,1.0,0.20432692307692307,1.0,170,0,662,278,0,0.9938755609535043,0.9938791391049153
0.989821519584709,0.34097706879361916,1.0,0.20552884615384615,1.0,171,0,661,278,0,0.9938755609535043,0.9938791391049153
0.9897707798536297,0.3426294820717131,1.0,0.20673076923076922,1.0,172,0,660,278,0,0.9938755609535043,0.9938791391049153
0.9897655184377534,0.34427860696517415,1.0,0.20793269230769232,1.0,173,0,659,278,0,0.9938755609535043,0.9938791391049153
0.9897383441570581,0.34592445328031807,1.0,0.2091346153846154,1.0,174,0,658,278,0,0.9938755609535043,0.9938791391049153
0.9897001887980007,0.34756703078450846,1.0,0.21033653846153846,1.0,175,0,657,278,0,0.9938755609535043,0.9938791391049153
0.9896690220125245,0.3492063492063492,1.0,0.21153846153846154,1.0,176,0,656,278,0,0.9938755609535043,0.9938791391049153
0.9895930619435628,0.3508424182358771,1.0,0.2127403846153846,1.0,177,0,655,278,0,0.9938755609535043,0.9938791391049153
0.9895882447444287,0.35247524752475246,1.0,0.21394230769230768,1.0,178,0,654,278,0,0.9938755609535043,0.9938791391049153
0.9895179442911165,0.35410484668644904,1.0,0.21514423076923078,1.0,179,0,653,278,0,0.9938755609535043,0.9938791391049153
0.9894743375280474,0.3557312252964427,1.0,0.21634615384615385,1.0,180,0,652,278,0,0.9938755609535043,0.9938791391049153
0.98937117144589,0.35735439289239884,1.0,0.21754807692307693,1.0,181,0,651,278,0,0.9938755609535043,0.9938791391049153
0.9893576762880274,0.358974358974359,1.0,0.21875,1.0,182,0,650,278,0,0.9938755609535043,0.9938791391049153
0.9892803216611067,0.3605911330049261,1.0,0.21995192307692307,1.0,183,0,649,278,0,0.9938755609535043,0.9938791391049153
0.9892592604856846,0.36220472440944884,1.0,0.22115384615384615,1.0,184,0,648,278,0,0.9938755609535043,0.9938791391049153
0.989258997878557,0.3638151425762045,1.0,0.22235576923076922,1.0,185,0,647,278,0,0.9938755609535043,0.9938791391049153
0.9892361595839628,0.3654223968565815,1.0,0.22355769230769232,1.0,186,0,646,278,0,0.9938755609535043,0.9938791391049153
0.989205501430394,0.36702649656526004,1.0,0.2247596153846154,1.0,187,0,645,278,0,0.9938755609535043,0.9938791391049153
0.989154367028728,0.3686274509803922,1.0,0.22596153846153846,1.0,188,0,644,278,0,0.9938755609535043,0.9938791391049153
0.989129386050699,0.3702252693437806,1.0,0.22716346153846154,1.0,189,0,643,278,0,0.9938755609535043,0.9938791391049153
0.9890982855231961,0.37181996086105673,1.0,0.2283653846153846,1.0,190,0,642,278,0,0.9938755609535043,0.9938791391049153
0.989041801596929,0.3734115347018573,1.0,0.22956730769230768,1.0,191,0,641,278,0,0.9938755609535043,0.9938791391049153
0.9888680524828661,0.375,1.0,0.23076923076923078,1.0,192,0,640,278,0,0.9938755609535043,0.9938791391049153
0.9887742889929775,0.37658536585365854,1.0,0.23197115384615385,1.0,193,0,639,278,0,0.9938755609535043,0.9938791391049153
0.9886914742987292,0.37816764132553604,1.0,0.23317307692307693,1.0,194,0,638,278,0,0.9938755609535043,0.9938791391049153
0.9885527654325165,0.379746835443038,1.0,0.234375,1.0,195,0,637,278,0,0.9938755609535043,0.9938791391049153
0.9885498982755928,0.38132295719844356,1.0,0.23557692307692307,1.0,196,0,636,278,0,0.9938755609535043,0.9938791391049153
0.9885205596766968,0.38289601554907676,1.0,0.23677884615384615,1.0,197,0,635,278,0,0.9938755609535043,0.9938791391049153
0.9884373620424791,0.3844660194174757,1.0,0.23798076923076922,1.0,198,0,634,278,0,0.9938755609535043,0.9938791391049153
0.9883712583221652,0.3860329776915616,1.0,0.23918269230769232,1.0,199,0,633,278,0,0.9938755609535043,0.9938791391049153
0.9883704975530092,0.3875968992248062,1.0,0.2403846153846154,1.0,200,0,632,278,0,0.9938755609535043,0.9938791391049153
0.9883316823583922,0.38915779283639884,1.0,0.24158653846153846,1.0,201,0,631,278,0,0.9938755609535043,0.9938791391049153
0.9883153132646643,0.390715667311412,1.0,0.24278846153846154,1.0,202,0,630,278,0,0.9938755609535043,0.9938791391049153
0.988294324942,0.3922705314009662,1.0,0.2439903846153846,1.0,203,0,629,278,0,0.9938755609535043,0.9938791391049153
0.9882149533884699,0.3938223938223938,1.0,0.24519230769230768,1.0,204,0,628,278,0,0.9938755609535043,0.9938791391049153
0.9881256626441912,0.39537126325940214,1.0,0.24639423076923078,1.0,205,0,627,278,0,0.9938755609535043,0.9938791391049153
0.9880973211125267,0.3969171483622351,1.0,0.24759615384615385,1.0,206,0,626,278,0,0.9938755609535043,0.9938791391049153
0.9879689559388442,0.39846005774783444,1.0,0.24879807692307693,1.0,207,0,625,278,0,0.9938755609535043,0.9938791391049153
0.9879407675777591,0.4,1.0,0.25,1.0,208,0,624,278,0,0.9938755609535043,0.9938791391049153
0.9878490295416658,0.4015369836695485,1.0,0.2512019230769231,1.0,209,0,623,278,0,0.9938755609535043,0.9938791391049153
0.9877512587396142,0.40307101727447214,1.0,0.25240384615384615,1.0,210,0,622,278,0,0.9938755609535043,0.9938791391049153
0.987708454193652,0.4046021093000959,1.0,0.2536057692307692,1.0,211,0,621,278,0,0.9938755609535043,0.9938791391049153
0.9876724191164014,0.4061302681992337,1.0,0.2548076923076923,1.0,212,0,620,278,0,0.9938755609535043,0.9938791391049153
0.9876319014406317,0.4076555023923445,1.0,0.25600961538461536,1.0,213,0,619,278,0,0.9938755609535043,0.9938791391049153
0.9876030643480623,0.4091778202676864,1.0,0.25721153846153844,1.0,214,0,618,278,0,0.9938755609535043,0.9938791391049153
0.9875565859185568,0.41069723018147086,1.0,0.25841346153846156,1.0,215,0,617,278,0,0.9938755609535043,0.9938791391049153
0.9875247541447031,0.4122137404580153,1.0,0.25961538461538464,1.0,216,0,616,278,0,0.9938755609535043,0.9938791391049153
0.9874633382974792,0.41372735938989513,1.0,0.2608173076923077,1.0,217,0,615,278,0,0.9938755609535043,0.9938791391049153
0.9874515951053001,0.41523809523809524,1.0,0.2620192307692308,1.0,218,0,614,278,0,0.9938755609535043,0.9938791391049153
0.9874269890711153,0.4167459562321599,1.0,0.26322115384615385,1.0,219,0,613,278,0,0.9938755609535043,0.9938791391049153
0.9874090728479781,0.41825095057034223,1.0,0.2644230769230769,1.0,220,0,612,278,0,0.9938755609535043,0.9938791391049153
0.9874044389480529,0.41975308641975306,1.0,0.265625,1.0,221,0,611,278,0,0.9938755609535043,0.9938791391049153
0.987399400175357,0.42125237191650855,1.0,0.2668269230769231,1.0,222,0,610,278,0,0.9938755609535043,0.9938791391049153
0.9873427769641004,0.42274881516587676,1.0,0.26802884615384615,1.0,223,0,609,278,0,0.9938755609535043,0.9938791391049153
0.9873329416551717,0.42424242424242425,1.0,0.2692307692307692,1.0,224,0,608,278,0,0.9938755609535043,0.9938791391049153
0.9872944847334054,0.42573320719016083,1.0,0.2704326923076923,1.0,225,0,607,278,0,0.9938755609535043,0.9938791391049153
0.9872122648351278,0.42722117202268434,1.0,0.27163461538461536,1.0,226,0,606,278,0,0.9938755609535043,0.9938791391049153
0.9872116738848558,0.42870632672332387,1.0,0.27283653846153844,1.0,227,0,605,278,0,0.9938755609535043,0.9938791391049153
0.9871929965759008,0.43018867924528303,1.0,0.27403846153846156,1.0,228,0,604,278,0,0.9938755609535043,0.9938791391049153
0.9871663034328402,0.43166823751178135,1.0,0.27524038461538464,1.0,229,0,603,278,0,0.9938755609535043,0.9938791391049153
0.9870498713250478,0.4331450094161959,1.0,0.2764423076923077,1.0,230,0,602,278,0,0.9938755609535043,0.9938791391049153
0.9870274994323286,0.43461900282220134,1.0,0.2776442307692308,1.0,231,0,601,278,0,0.9938755609535043,0.9938791391049153
0.9869745967177216,0.43609022556390975,1.0,0.27884615384615385,1.0,232,0,600,278,0,0.9938755609535043,0.9938791391049153
0.9869610545023891,0.4375586854460094,1.0,0.2800480769230769,1.0,233,0,599,278,0,0.9938755609535043,0.9938791391049153
0.9866648525959625,0.43902439024390244,1.0,0.28125,1.0,234,0,598,278,0,0.9938755609535043,0.9938791391049153
0.9866048177662703,0.44048734770384257,1.0,0.2824519230769231,1.0,235,0,597,278,0,0.9938755609535043,0.9938791391049153
0.9865402737867545,0.4419475655430712,1.0,0.28365384615384615,1.0,236,0,596,278,0,0.9938755609535043,0.9938791391049153
0.9864849881784241,0.44340505144995324,1.0,0.2848557692307692,1.0,237,0,595,278,0,0.9938755609535043,0.9938791391049153
0.9864768898400332,0.44485981308411215,1.0,0.2860576923076923,1.0,238,0,594,278,0,0.9938755609535043,0.9938791391049153
0.9864459234316328,0.446311858076564,1.0,0.28725961538461536,1.0,239,0,593,278,0,0.9938755609535043,0.9938791391049153
0.9864216472570305,0.44776119402985076,1.0,0.28846153846153844,1.0,240,0,592,278,0,0.9938755609535043,0.9938791391049153
0.9863535981052595,0.44920782851817337,1.0,0.28966346153846156,1.0,241,0,591,278,0,0.9938755609535043,0.9938791391049153
0.9862703771059118,0.4506517690875233,1.0,0.29086538461538464,1.0,242,0,590,278,0,0.9938755609535043,0.9938791391049153
0.9862567381291854,0.45209302325581396,1.0,0.2920673076923077,1.0,243,0,589,278,0,0.9938755609535043,0.9938791391049153
0.9862555468211907,0.45353159851301117,1.0,0.2932692307692308,1.0,244,0,588,278,0,0.9938755609535043,0.9938791391049153
0.9861690958954483,0.45496750232126276,1.0,0.29447115384615385,1.0,245,0,587,278,0,0.9938755609535043,0.9938791391049153
0.9861581568569191,0.45640074211502785,1.0,0.2956730769230769,1.0,246,0,586,278,0,0.9938755609535043,0.9938791391049153
0.9860907203284432,0.4578313253012048,1.0,0.296875,1.0,247,0,585,278,0,0.9938755609535043,0.9938791391049153
0.9860818671734218,0.45925925925925926,1.0,0.2980769230769231,1.0,248,0,584,278,0,0.9938755609535043,0.9938791391049153
0.9860265312602964,0.4606845513413506,1.0,0.29927884615384615,1.0,249,0,583,278,0,0.9938755609535043,0.9938791391049153
0.9860244614262137,0.46210720887245843,1.0,0.3004807692307692,1.0,250,0,582,278,0,0.9938755609535043,0.9938791391049153
0.9859832604553321,0.46352723915050786,1.0,0.3016826923076923,1.0,251,0,581,278,0,0.9938755609535043,0.9938791391049153
0.9859132283689456,0.46494464944649444,1.0,0.30288461538461536,1.0,252,0,580,278,0,0.9938755609535043,0.9938791391049153
0.9858241348411152,0.4663594470046083,1.0,0.30408653846153844,1.0,253,0,579,278,0,0.9938755609535043,0.9938791391049153
0.9858209353306618,0.4677716390423573,1.0,0.30528846153846156,1.0,254,0,578,278,0,0.9938755609535043,0.9938791391049153
0.9856760972699943,0.46918123275068996,1.0,0.30649038461538464,1.0,255,0,577,278,0,0.9938755609535043,0.9938791391049153
0.9856447263051372,0.47058823529411764,1.0,0.3076923076923077,1.0,256,0,576,278,0,0.9938755609535043,0.9938791391049153
0.9856105700947685,0.4719926538108356,1.0,0.3088942307692308,1.0,257,0,575,278,0,0.9938755609535043,0.9938791391049153
0.9855705433267888,0.47339449541284406,1.0,0.31009615384615385,1.0,258,0,574,278,0,0.9938755609535043,0.9938791391049153
0.9855563381233609,0.4747937671860678,1.0,0.3112980769230769,1.0,259,0,573,278,0,0.9938755609535043,0.9938791391049153
0.9855308295629366,0.47619047619047616,1.0,0.3125,1.0,260,0,572,278,0,0.9938755609535043,0.9938791391049153
0.9855300428218031,0.4775846294602013,1.0,0.3137019230769231,1.0,261,0,571,278,0,0.9938755609535043,0.9938791391049153
0.9854384904212731,0.4789762340036563,1.0,0.31490384615384615,1.0,262,0,570,278,0,0.9938755609535043,0.9938791391049153
0.9854263805914891,0.480365296803653,1.0,0.3161057692307692,1.0,263,0,569,278,0,0.9938755609535043,0.9938791391049153
0.98536396055313,0.48175182481751827,1.0,0.3173076923076923,1.0,264,0,568,278,0,0.9938755609535043,0.9938791391049153
0.9853607205838097,0.4831358249772106,1.0,0.31850961538461536,1.0,265,0,567,278,0,0.9938755609535043,0.9938791391049153
0.9851970874405569,0.48451730418943534,1.0,0.31971153846153844,1.0,266,0,566,278,0,0.9938755609535043,0.9938791391049153
0.9851554491873874,0.4858962693357598,1.0,0.32091346153846156,1.0,267,0,565,278,0,0.9938755609535043,0.9938791391049153
0.985139031898113,0.48727272727272725,1.0,0.32211538461538464,1.0,268,0,564,278,0,0.9938755609535043,0.9938791391049153
0.9850905731848231,0.48864668483197093,1.0,0.3233173076923077,1.0,269,0,563,278,0,0.9938755609535043,0.9938791391049153
0.9850041885490151,0.4900181488203267,1.0,0.3245192307692308,1.0,270,0,562,278,0,0.9938755609535043,0.9938791391049153
0.984985739122374,0.4913871260199456,1.0,0.32572115384615385,1.0,271,0,561,278,0,0.9938755609535043,0.9938791391049153
0.9849757882925929,0.4927536231884058,1.0,0.3269230769230769,1.0,272,0,560,278,0,0.9938755609535043,0.9938791391049153
0.9849486066004233,0.49411764705882355,1.0,0.328125,1.0,273,0,559,278,0,0.9938755609535043,0.9938791391049153
0.9849482627842053,0.49547920433996384,1.0,0.3293269230769231,1.0,274,0,558,278,0,0.9938755609535043,0.9938791391049153
0.9849111739630633,0.4968383017163505,1.0,0.33052884615384615,1.0,275,0,557,278,0,0.9938755609535043,0.9938791391049153
0.9849077090732795,0.4981949458483754,1.0,0.3317307692307692,1.0,276,0,556,278,0,0.9938755609535043,0.9938791391049153
0.984719143130483,0.4995491433724076,1.0,0.3329326923076923,1.0,277,0,555,278,0,0.9938755609535043,0.9938791391049153
0.9846946244841134,0.5009009009009009,1.0,0.33413461538461536,1.0,278,0,554,278,0,0.9938755609535043,0.9938791391049153
0.9845936730248038,0.5022502250225023,1.0,0.33533653846153844,1.0,279,0,553,278,0,0.9938755609535043,0.9938791391049153
0.9845476039780883,0.5035971223021583,1.0,0.33653846153846156,1.0,280,0,552,278,0,0.9938755609535043,0.9938791391049153
0.9844997511243712,0.504941599281222,1.0,0.33774038461538464,1.0,281,0,551,278,0,0.9938755609535043,0.9938791391049153
0.9843695351197876,0.5062836624775583,1.0,0.3389423076923077,1.0,282,0,550,278,0,0.9938755609535043,0.9938791391049153
0.9843184701857324,0.5076233183856502,1.0,0.3401442307692308,1.0,283,0,549,278,0,0.9938755609535043,0.9938791391049153
0.9842679005969507,0.5089605734767025,1.0,0.34134615384615385,1.0,284,0,548,278,0,0.9938755609535043,0.9938791391049153
0.9842474978626691,0.5102954341987467,1.0,0.3425480769230769,1.0,285,0,547,278,0,0.9938755609535043,0.9938791391049153
0.9841368670981422,0.5116279069767442,1.0,0.34375,1.0,286,0,546,278,0,0.9938755609535043,0.9938791391049153
0.9841019836809671,0.51295799821269,1.0,0.3449519230769231,1.0,287,0,545,278,0,0.9938755609535043,0.9938791391049153
0.9840662522270641,0.5142857142857142,1.0,0.34615384615384615,1.0,288,0,544,278,0,0.9938755609535043,0.9938791391049153
0.9840437474719148,0.5156110615521855,1.0,0.3473557692307692,1.0,289,0,543,278,0,0.9938755609535043,0.9938791391049153
0.9840146806050066,0.5169340463458111,1.0,0.3485576923076923,1.0,290,0,542,278,0,0.9938755609535043,0.9938791391049153
0.9838059509159743,0.5182546749777382,1.0,0.34975961538461536,1.0,291,0,541,278,0,0.9938755609535043,0.9938791391049153
0.9837389438874722,0.5195729537366548,1.0,0.35096153846153844,1.0,292,0,540,278,0,0.9938755609535043,0.9938791391049153
0.983676608164803,0.5208888888888888,1.0,0.35216346153846156,1.0,293,0,539,278,0,0.9938755609535043,0.9938791391049153
0.9835824066997064,0.522202486678508,1.0,0.35336538461538464,1.0,294,0,538,278,0,0.9938755609535043,0.9938791391049153
0.9835023609688162,0.5235137533274179,1.0,0.3545673076923077,1.0,295,0,537,278,0,0.9938755609535043,0.9938791391049153
0.9834701736167826,0.524822695035461,1.0,0.3557692307692308,1.0,296,0,536,278,0,0.9938755609535043,0.9938791391049153
0.9833674694981697,0.5261293179805138,1.0,0.35697115384615385,1.0,297,0,535,278,0,0.9938755609535043,0.9938791391049153
0.9833668511004212,0.5274336283185841,1.0,0.3581730769230769,1.0,298,0,534,278,0,0.9938755609535043,0.9938791391049153
0.9832871131005855,0.5287356321839081,1.0,0.359375,1.0,299,0,533,278,0,0.9938755609535043,0.9938791391049153
0.9831732498793962,0.5300353356890459,1.0,0.3605769230769231,1.0,300,0,532,278,0,0.9938755609535043,0.9938791391049153
0.9830415180575801,0.531332744924978,1.0,0.36177884615384615,1.0,301,0,531,278,0,0.9938755609535043,0.9938791391049153
0.9829798767468518,0.5326278659611993,1.0,0.3629807692307692,1.0,302,0,530,278,0,0.9938755609535043,0.9938791391049153
0.9829435183917049,0.533920704845815,1.0,0.3641826923076923,1.0,303,0,529,278,0,0.9938755609535043,0.9938791391049153
0.9829152367076095,0.5352112676056338,1.0,0.36538461538461536,1.0,304,0,528,278,0,0.9938755609535043,0.9938791391049153
0.9828767316957222,0.5364995602462621,1.0,0.36658653846153844,1.0,305,0,527,278,0,0.9938755609535043,0.9938791391049153
0.9828540445938433,0.5377855887521968,1.0,0.36778846153846156,1.0,306,0,526,278,0,0.9938755609535043,0.9938791391049153
0.9828211633944381,0.5390693590869183,1.0,0.36899038461538464,1.0,307,0,525,278,0,0.9938755609535043,0.9938791391049153
0.982817172129381,0.5403508771929825,1.0,0.3701923076923077,1.0,308,0,524,278,0,0.9938755609535043,0.9938791391049153
0.9827261412537017,0.5416301489921121,1.0,0.3713942307692308,1.0,309,0,523,278,0,0.9938755609535043,0.9938791391049153
0.9827026414372487,0.542907180385289,1.0,0.37259615384615385,1.0,310,0,522,278,0,0.9938755609535043,0.9938791391049153
0.9826538141783495,0.5441819772528433,1.0,0.3737980769230769,1.0,311,0,521,278,0,0.9938755609535043,0.9938791391049153
0.9826476199915525,0.5454545454545454,1.0,0.375,1.0,312,0,520,278,0,0.9938755609535043,0.9938791391049153
0.9826286897293312,0.5467248908296943,1.0,0.3762019230769231,1.0,313,0,519,278,0,0.9938755609535043,0.9938791391049153
0.9825594986748762,0.5479930191972077,1.0,0.37740384615384615,1.0,314,0,518,278,0,0.9938755609535043,0.9938791391049153
0.9825565422627259,0.5492589363557105,1.0,0.3786057692307692,1.0,315,0,517,278,0,0.9938755609535043,0.9938791391049153
0.9824957053768786,0.5505226480836237,1.0,0.3798076923076923,1.0,316,0,516,278,0,0.9938755609535043,0.9938791391049153
0.9824489869673301,0.5517841601392516,1.0,0.38100961538461536,1.0,317,0,515,278,0,0.9938755609535043,0.9938791391049153
0.9824408376127441,0.5530434782608695,1.0,0.38221153846153844,1.0,318,0,514,278,0,0.9938755609535043,0.9938791391049153
0.9824396511799074,0.5543006081668115,1.0,0.38341346153846156,1.0,319,0,513,278,0,0.9938755609535043,0.9938791391049153
0.9824375544921385,0.5555555555555556,1.0,0.38461538461538464,1.0,320,0,512,278,0,0.9938755609535043,0.9938791391049153
0.9822953903208925,0.5568083261058109,1.0,0.3858173076923077,1.0,321,0,511,278,0,0.9938755609535043,0.9938791391049153
0.982274640959563,0.5580589254766031,1.0,0.3870192307692308,1.0,322,0,510,278,0,0.9938755609535043,0.9938791391049153
0.9822291852509273,0.5593073593073593,1.0,0.38822115384615385,1.0,323,0,509,278,0,0.9938755609535043,0.9938791391049153
0.9821561573232361,0.5605536332179931,1.0,0.3894230769230769,1.0,324,0,508,278,0,0.9938755609535043,0.9938791391049153
0.9821491750228813,0.5617977528089888,1.0,0.390625,1.0,325,0,507,278,0,0.9938755609535043,0.9938791391049153
0.9820127905870711,0.5630397236614854,1.0,0.3918269230769231,1.0,326,0,506,278,0,0.9938755609535043,0.9938791391049153
0.9819861169711059,0.5642795513373597,1.0,0.39302884615384615,1.0,327,0,505,278,0,0.9938755609535043,0.9938791391049153
0.9819547533971391,0.5655172413793104,1.0,0.3942307692307692,1.0,328,0,504,278,0,0.9938755609535043,0.9938791391049153
0.9818952042446135,0.5667527993109388,1.0,0.3954326923076923,1.0,329,0,503,278,0,0.9938755609535043,0.9938791391049153
0.9818074368164732,0.5679862306368331,1.0,0.39663461538461536,1.0,330,0,502,278,0,0.9938755609535043,0.9938791391049153
0.981799107232079,0.5692175408426483,1.0,0.39783653846153844,1.0,331,0,501,278,0,0.9938755609535043,0.9938791391049153
0.981516490692973,0.570446735395189,1.0,0.39903846153846156,1.0,332,0,500,278,0,0.9938755609535043,0.9938791391049153
0.9813749039870463,0.5716738197424893,1.0,0.40024038461538464,1.0,333,0,499,278,0,0.9938755609535043,0.9938791391049153
0.9813659899283661,0.5728987993138936,1.0,0.4014423076923077,1.0,334,0,498,278,0,0.9938755609535043,0.9938791391049153
0.9812877764241358,0.5741216795201372,1.0,0.4026442307692308,1.0,335,0,497,278,0,0.9938755609535043,0.9938791391049153
0.9812876384911974,0.5753424657534246,1.0,0.40384615384615385,1.0,336,0,496,278,0,0.9938755609535043,0.9938791391049153
0.9812492869981622,0.5765611633875107,1.0,0.4050480769230769,1.0,337,0,495,278,0,0.9938755609535043,0.9938791391049153
0.9812310912071536,0.5777777777777777,1.0,0.40625,1.0,338,0,494,278,0,0.9938755609535043,0.9938791391049153
0.9812067526993792,0.5789923142613151,1.0,0.4074519230769231,1.0,339,0,493,278,0,0.9938755609535043,0.9938791391049153
0.9811875775140796,0.5802047781569966,1.0,0.40865384615384615,1.0,340,0,492,278,0,0.9938755609535043,0.9938791391049153
0.9811373070405929,0.5814151747655584,1.0,0.4098557692307692,1.0,341,0,491,278,0,0.9938755609535043,0.9938791391049153
0.9810858808640904,0.5826235093696763,1.0,0.4110576923076923,1.0,342,0,490,278,0,0.9938755609535043,0.9938791391049153
0.9810599205773008,0.5838297872340426,1.0,0.41225961538461536,1.0,343,0,489,278,0,0.9938755609535043,0.9938791391049153
0.9809381102025807,0.5850340136054422,1.0,0.41346153846153844,1.0,344,0,488,278,0,0.9938755609535043,0.9938791391049153
0.9808125103258779,0.5862361937128292,1.0,0.41466346153846156,1.0,345,0,487,278,0,0.9938755609535043,0.9938791391049153
0.9807552755372668,0.5874363327674024,1.0,0.41586538461538464,1.0,346,0,486,278,0,0.9938755609535043,0.9938791391049153
0.9807236505461934,0.5886344359626803,1.0,0.4170673076923077,1.0,347,0,485,278,0,0.9938755609535043,0.9938791391049153
0.9806545125058348,0.5898305084745763,1.0,0.4182692307692308,1.0,348,0,484,278,0,0.9938755609535043,0.9938791391049153
0.9806020133132197,0.5910245554614734,1.0,0.41947115384615385,1.0,349,0,483,278,0,0.9938755609535043,0.9938791391049153
0.9805137706261842,0.5922165820642978,1.0,0.4206730769230769,1.0,350,0,482,278,0,0.9938755609535043,0.9938791391049153
0.9804649851444143,0.5934065934065934,1.0,0.421875,1.0,351,0,481,278,0,0.9938755609535043,0.9938791391049153
0.9803707438391646,0.5945945945945946,1.0,0.4230769230769231,1.0,352,0,480,278,0,0.9938755609535043,0.9938791391049153
0.9803104446728214,0.5957805907172996,1.0,0.42427884615384615,1.0,353,0,479,278,0,0.9938755609535043,0.9938791391049153
0.9801815046904097,0.596964586846543,1.0,0.4254807692307692,1.0,354,0,478,278,0,0.9938755609535043,0.9938791391049153
0.9798379720456473,0.5981465880370682,1.0,0.4266826923076923,1.0,355,0,477,278,0,0.9938755609535043,0.9938791391049153
0.9798340715210243,0.5993265993265994,1.0,0.42788461538461536,1.0,356,0,476,278,0,0.9938755609535043,0.9938791391049153
0.9798331916961606,0.6005046257359126,1.0,0.42908653846153844,1.0,357,0,475,278,0,0.9938755609535043,0.9938791391049153
0.979829875645979,0.6016806722689075,1.0,0.43028846153846156,1.0,358,0,474,278,0,0.9938755609535043,0.9938791391049153
0.9798240770466502,0.6028547439126785,1.0,0.43149038461538464,1.0,359,0,473,278,0,0.9938755609535043,0.9938791391049153
0.9796694082280045,0.6040268456375839,1.0,0.4326923076923077,1.0,360,0,472,278,0,0.9938755609535043,0.9938791391049153
0.9795659522001381,0.6051969823973177,1.0,0.4338942307692308,1.0,361,0,471,278,0,0.9938755609535043,0.9938791391049153
0.9795640688467554,0.6063651591289783,1.0,0.43509615384615385,1.0,362,0,470,278,0,0.9938755609535043,0.9938791391049153
0.9793204725725136,0.6075313807531381,1.0,0.4362980769230769,1.0,363,0,469,278,0,0.9938755609535043,0.9938791391049153
0.9792971962425202,0.6086956521739131,1.0,0.4375,1.0,364,0,468,278,0,0.9938755609535043,0.9938791391049153
0.9792230132881218,0.6098579782790309,1.0,0.4387019230769231,1.0,365,0,467,278,0,0.9938755609535043,0.9938791391049153
0.9792152248826959,0.6110183639398998,1.0,0.43990384615384615,1.0,366,0,466,278,0,0.9938755609535043,0.9938791391049153
0.9791434992038528,0.6121768140116765,1.0,0.4411057692307692,1.0,367,0,465,278,0,0.9938755609535043,0.9938791391049153
0.9791426146498394,0.6133333333333333,1.0,0.4423076923076923,1.0,368,0,464,278,0,0.9938755609535043,0.9938791391049153
0.9791271288310321,0.6144879267277269,1.0,0.44350961538461536,1.0,369,0,463,278,0,0.9938755609535043,0.9938791391049153
0.9790663184845823,0.6156405990016639,1.0,0.44471153846153844,1.0,370,0,462,278,0,0.9938755609535043,0.9938791391049153
0.9788702620727436,0.6167913549459684,1.0,0.44591346153846156,1.0,371,0,461,278,0,0.9938755609535043,0.9938791391049153
0.9787176410389423,0.6179401993355482,1.0,0.44711538461538464,1.0,372,0,460,278,0,0.9938755609535043,0.9938791391049153
0.9787133390049513,0.6190871369294606,1.0,0.4483173076923077,1.0,373,0,459,278,0,0.9938755609535043,0.9938791391049153
0.9786237761829265,0.6202321724709784,1.0,0.4495192307692308,1.0,374,0,458,278,0,0.9938755609535043,0.9938791391049153
0.9786071988662435,0.6213753106876554,1.0,0.45072115384615385,1.0,375,0,457,278,0,0.9938755609535043,0.9938791391049153
0.978403825612809,0.6225165562913907,1.0,0.4519230769230769,1.0,376,0,456,278,0,0.9938755609535043,0.9938791391049153
0.9783609890802157,0.6236559139784946,1.0,0.453125,1.0,377,0,455,278,0,0.9938755609535043,0.9938791391049153
0.9783403267940894,0.6247933884297521,1.0,0.4543269230769231,1.0,378,0,454,278,0,0.9938755609535043,0.9938791391049153
0.9782666625463662,0.6259289843104872,1.0,0.45552884615384615,1.0,379,0,453,278,0,0.9938755609535043,0.9938791391049153
0.9782466737606079,0.6270627062706271,1.0,0.4567307692307692,1.0,380,0,452,278,0,0.9938755609535043,0.9938791391049153
0.9782310021100286,0.6281945589447651,1.0,0.4579326923076923,1.0,381,0,451,278,0,0.9938755609535043,0.9938791391049153
0.9781998220749227,0.6293245469522241,1.0,0.45913461538461536,1.0,382,0,450,278,0,0.9938755609535043,0.9938791391049153
0.9781775960107182,0.6304526748971193,1.0,0.46033653846153844,1.0,383,0,449,278,0,0.9938755609535043,0.9938791391049153
0.9780839505321672,0.631578947368421,1.0,0.46153846153846156,1.0,384,0,448,278,0,0.9938755609535043,0.9938791391049153
0.978039360145109,0.6327033689400164,1.0,0.46274038461538464,1.0,385,0,447,278,0,0.9938755609535043,0.9938791391049153
0.977911671535438,0.6338259441707718,1.0,0.4639423076923077,1.0,386,0,446,278,0,0.9938755609535043,0.9938791391049153
0.9778610907760723,0.6349466776045939,1.0,0.4651442307692308,1.0,387,0,445,278,0,0.9938755609535043,0.9938791391049153
0.9778084823271893,0.6360655737704918,1.0,0.46634615384615385,1.0,388,0,444,278,0,0.9938755609535043,0.9938791391049153
0.9777986932618987,0.6371826371826372,1.0,0.4675480769230769,1.0,389,0,443,278,0,0.9938755609535043,0.9938791391049153
0.9777930181102986,0.6382978723404256,1.0,0.46875,1.0,390,0,442,278,0,0.9938755609535043,0.9938791391049153
0.9777912770133139,0.6394112837285364,1.0,0.4699519230769231,1.0,391,0,441,278,0,0.9938755609535043,0.9938791391049153
0.9777284323595423,0.6405228758169934,1.0,0.47115384615384615,1.0,392,0,440,278,0,0.9938755609535043,0.9938791391049153
0.9776080924485373,0.6416326530612245,1.0,0.4723557692307692,1.0,393,0,439,278,0,0.9938755609535043,0.9938791391049153
0.9773394139797228,0.6427406199021207,1.0,0.4735576923076923,1.0,394,0,438,278,0,0.9938755609535043,0.9938791391049153
0.9773258254400295,0.6438467807660961,1.0,0.47475961538461536,1.0,395,0,437,278,0,0.9938755609535043,0.9938791391049153
0.9772391798782839,0.6449511400651465,1.0,0.47596153846153844,1.0,396,0,436,278,0,0.9938755609535043,0.9938791391049153
0.9772208577399836,0.646053702196908,1.0,0.47716346153846156,1.0,397,0,435,278,0,0.9938755609535043,0.9938791391049153
0.977106974209591,0.6471544715447154,1.0,0.47836538461538464,1.0,398,0,434,278,0,0.9938755609535043,0.9938791391049153
0.977106840462278,0.6482534524776604,1.0,0.4795673076923077,1.0,399,0,433,278,0,0.9938755609535043,0.9938791391049153
0.9771008918794684,0.6493506493506493,1.0,0.4807692307692308,1.0,400,0,432,278,0,0.9938755609535043,0.9938791391049153
0.9770024533285174,0.6504460665044607,1.0,0.48197115384615385,1.0,401,0,431,278,0,0.9938755609535043,0.9938791391049153
0.9769602598260135,0.6515397082658023,1.0,0.4831730769230769,1.0,402,0,430,278,0,0.9938755609535043,0.9938791391049153
0.9766855121065104,0.6526315789473685,1.0,0.484375,1.0,403,0,429,278,0,0.9938755609535043,0.9938791391049153
0.9765683805746459,0.6537216828478964,1.0,0.4855769230769231,1.0,404,0,428,278,0,0.9938755609535043,0.9938791391049153
0.9765458640485972,0.6548100242522231,1.0,0.48677884615384615,1.0,405,0,427,278,0,0.9938755609535043,0.9938791391049153
0.976453619091918,0.6558966074313409,1.0,0.4879807692307692,1.0,406,0,426,278,0,0.9938755609535043,0.9938791391049153
0.9764357678466704,0.6569814366424536,1.0,0.4891826923076923,1.0,407,0,425,278,0,0.9938755609535043,0.9938791391049153
0.9763804601968049,0.6580645161290323,1.0,0.49038461538461536,1.0,408,0,424,278,0,0.9938755609535043,0.9938791391049153
0.9763584230609339,0.6591458501208702,1.0,0.49158653846153844,1.0,409,0,423,278,0,0.9938755609535043,0.9938791391049153
0.976313683019973,0.6602254428341385,1.0,0.49278846153846156,1.0,410,0,422,278,0,0.9938755609535043,0.9938791391049153
0.9762875817556094,0.6613032984714401,1.0,0.49399038461538464,1.0,411,0,421,278,0,0.9938755609535043,0.9938791391049153
0.9762497827638456,0.662379421221865,1.0,0.4951923076923077,1.0,412,0,420,278,0,0.9938755609535043,0.9938791391049153
0.9759817589624967,0.6634538152610442,1.0,0.4963942307692308,1.0,413,0,419,278,0,0.9938755609535043,0.9938791391049153
0.9757932910036575,0.6645264847512039,1.0,0.49759615384615385,1.0,414,0,418,278,0,0.9938755609535043,0.9938791391049153
0.9757416319734914,0.6655974338412189,1.0,0.4987980769230769,1.0,415,0,417,278,0,0.9938755609535043,0.9938791391049153
0.9757048363638315,0.6666666666666666,1.0,0.5,1.0,416,0,416,278,0,0.9938755609535043,0.9938791391049153
0.9756423835881735,0.6677341873498799,1.0,0.5012019230769231,1.0,417,0,415,278,0,0.9938755609535043,0.9938791391049153
0.9756359647913622,0.6688,1.0,0.5024038461538461,1.0,418,0,414,278,0,0.9938755609535043,0.9938791391049153
0.9756058251321156,0.6698641087130296,1.0,0.5036057692307693,1.0,419,0,413,278,0,0.9938755609535043,0.9938791391049153
0.9755975578932985,0.670926517571885,1.0,0.5048076923076923,1.0,420,0,412,278,0,0.9938755609535043,0.9938791391049153
0.9755822063750531,0.6719872306464485,1.0,0.5060096153846154,1.0,421,0,411,278,0,0.9938755609535043,0.9938791391049153
0.9755355888945109,0.6730462519936204,1.0,0.5072115384615384,1.0,422,0,410,278,0,0.9938755609535043,0.9938791391049153
0.9755315221182559,0.6741035856573705,1.0,0.5084134615384616,1.0,423,0,409,278,0,0.9938755609535043,0.9938791391049153
0.9755239293351896,0.6751592356687898,1.0,0.5096153846153846,1.0,424,0,408,278,0,0.9938755609535043,0.9938791391049153
0.9752205439317575,0.6762132060461417,1.0,0.5108173076923077,1.0,425,0,407,278,0,0.9938755609535043,0.9938791391049153
0.9751114114458549,0.6772655007949125,1.0,0.5120192307692307,1.0,426,0,406,278,0,0.9938755609535043,0.9938791391049153
0.9750544055598181,0.6783161239078633,1.0,0.5132211538461539,1.0,427,0,405,278,0,0.9938755609535043,0.9938791391049153
0.9750478979083618,0.6793650793650794,1.0,0.5144230769230769,1.0,428,0,404,278,0,0.9938755609535043,0.9938791391049153
0.9749192682767899,0.6804123711340206,1.0,0.515625,1.0,429,0,403,278,0,0.9938755609535043,0.9938791391049153
0.9747695300915843,0.6814580031695721,1.0,0.5168269230769231,1.0,430,0,402,278,0,0.9938755609535043,0.9938791391049153
0.974762321121462,0.6825019794140934,1.0,0.5180288461538461,1.0,431,0,401,278,0,0.9938755609535043,0.9938791391049153
0.9747599872010994,0.6835443037974683,1.0,0.5192307692307693,1.0,432,0,400,278,0,0.9938755609535043,0.9938791391049153
0.9747164530054253,0.6845849802371542,1.0,0.5204326923076923,1.0,433,0,399,278,0,0.9938755609535043,0.9938791391049153
0.9746619423306485,0.6856240126382307,1.0,0.5216346153846154,1.0,434,0,398,278,0,0.9938755609535043,0.9938791391049153
0.9741742453455653,0.6866614048934491,1.0,0.5228365384615384,1.0,435,0,397,278,0,0.9938755609535043,0.9938791391049153
0.974133826417646,0.6876971608832808,1.0,0.5240384615384616,1.0,436,0,396,278,0,0.9938755609535043,0.9938791391049153
0.9740280678604619,0.6887312844759653,1.0,0.5252403846153846,1.0,437,0,395,278,0,0.9938755609535043,0.9938791391049153
0.97402453608628,0.6897637795275591,1.0,0.5264423076923077,1.0,438,0,394,278,0,0.9938755609535043,0.9938791391049153
0.9739597714816259,0.6907946498819827,1.0,0.5276442307692307,1.0,439,0,393,278,0,0.9938755609535043,0.9938791391049153
0.9739217340923297,0.6918238993710691,1.0,0.5288461538461539,1.0,440,0,392,278,0,0.9938755609535043,0.9938791391049153
0.9739047266256361,0.6928515318146111,1.0,0.5300480769230769,1.0,441,0,391,278,0,0.9938755609535043,0.9938791391049153
0.9738407966661763,0.6938775510204082,1.0,0.53125,1.0,442,0,390,278,0,0.9938755609535043,0.9938791391049153
0.9736698142110534,0.6949019607843138,1.0,0.5324519230769231,1.0,443,0,389,278,0,0.9938755609535043,0.9938791391049153
0.9736329980700442,0.6959247648902821,1.0,0.5336538461538461,1.0,444,0,388,278,0,0.9938755609535043,0.9938791391049153
0.9736279886468436,0.696945967110415,1.0,0.5348557692307693,1.0,445,0,387,278,0,0.9938755609535043,0.9938791391049153
0.9734782231721711,0.6979655712050078,1.0,0.5360576923076923,1.0,446,0,386,278,0,0.9938755609535043,0.9938791391049153
0.9733594681434526,0.6989835809225958,1.0,0.5372596153846154,1.0,447,0,385,278,0,0.9938755609535043,0.9938791391049153
0.9733590272101773,0.7,1.0,0.5384615384615384,1.0,448,0,384,278,0,0.9938755609535043,0.9938791391049153
0.973347893339342,0.7010148321623731,1.0,0.5396634615384616,1.0,449,0,383,278,0,0.9938755609535043,0.9938791391049153
0.9732873996554965,0.7020280811232449,1.0,0.5408653846153846,1.0,450,0,382,278,0,0.9938755609535043,0.9938791391049153
0.9732315057424255,0.7030397505845675,1.0,0.5420673076923077,1.0,451,0,381,278,0,0.9938755609535043,0.9938791391049153
0.9732136120390114,0.7040498442367601,1.0,0.5432692307692307,1.0,452,0,380,278,0,0.9938755609535043,0.9938791391049153
0.9731728620755252,0.7050583657587549,1.0,0.5444711538461539,1.0,453,0,379,278,0,0.9938755609535043,0.9938791391049153
0.973154304769765,0.7060653188180405,1.0,0.5456730769230769,1.0,454,0,378,278,0,0.9938755609535043,0.9938791391049153
0.973063056281294,0.7070707070707071,1.0,0.546875,1.0,455,0,377,278,0,0.9938755609535043,0.9938791391049153
0.9730620325454876,0.7080745341614907,1.0,0.5480769230769231,1.0,456,0,376,278,0,0.9938755609535043,0.9938791391049153
0.9729417961099166,0.7090768037238169,1.0,0.5492788461538461,1.0,457,0,375,278,0,0.9938755609535043,0.9938791391049153
0.9729021965469208,0.710077519379845,1.0,0.5504807692307693,1.0,458,0,374,278,0,0.9938755609535043,0.9938791391049153
0.9728190167680186,0.7110766847405112,1.0,0.5516826923076923,1.0,459,0,373,278,0,0.9938755609535043,0.9938791391049153
0.972673695204175,0.7120743034055728,1.0,0.5528846153846154,1.0,460,0,372,278,0,0.9938755609535043,0.9938791391049153
0.9726560150642269,0.7130703789636504,1.0,0.5540865384615384,1.0,461,0,371,278,0,0.9938755609535043,0.9938791391049153
0.9724465418249094,0.714064914992272,1.0,0.5552884615384616,1.0,462,0,370,278,0,0.9938755609535043,0.9938791391049153
0.9722480640541705,0.715057915057915,1.0,0.5564903846153846,1.0,463,0,369,278,0,0.9938755609535043,0.9938791391049153
0.9721760391927812,0.7160493827160493,1.0,0.5576923076923077,1.0,464,0,368,278,0,0.9938755609535043,0.9938791391049153
0.972044274798811,0.7170393215111797,1.0,0.5588942307692307,1.0,465,0,367,278,0,0.9938755609535043,0.9938791391049153
0.9717168694442886,0.7180277349768875,1.0,0.5600961538461539,1.0,466,0,366,278,0,0.9938755609535043,0.9938791391049153
0.9715077603818363,0.7190146266358738,1.0,0.5612980769230769,1.0,467,0,365,278,0,0.9938755609535043,0.9938791391049153
0.971381343054603,0.72,1.0,0.5625,1.0,468,0,364,278,0,0.9938755609535043,0.9938791391049153
0.9713481621401767,0.7209838585703305,1.0,0.5637019230769231,1.0,469,0,363,278,0,0.9938755609535043,0.9938791391049153
0.9712709490445514,0.7219662058371735,1.0,0.5649038461538461,1.0,470,0,362,278,0,0.9938755609535043,0.9938791391049153
0.9710463841830137,0.7229470452801228,1.0,0.5661057692307693,1.0,471,0,361,278,0,0.9938755609535043,0.9938791391049153
0.9709267308006588,0.7239263803680982,1.0,0.5673076923076923,1.0,472,0,360,278,0,0.9938755609535043,0.9938791391049153
0.9708793228730439,0.724904214559387,1.0,0.5685096153846154,1.0,473,0,359,278,0,0.9938755609535043,0.9938791391049153
0.9708634014587231,0.7258805513016845,1.0,0.5697115384615384,1.0,474,0,358,278,0,0.9938755609535043,0.9938791391049153
0.970860741277595,0.7268553940321346,1.0,0.5709134615384616,1.0,475,0,357,278,0,0.9938755609535043,0.9938791391049153
0.9707695255993661,0.72782874617737,1.0,0.5721153846153846,1.0,476,0,356,278,0,0.9938755609535043,0.9938791391049153
0.9707490673886217,0.7288006111535523,1.0,0.5733173076923077,1.0,477,0,355,278,0,0.9938755609535043,0.9938791391049153
0.9704996161608013,0.7297709923664122,1.0,0.5745192307692307,1.0,478,0,354,278,0,0.9938755609535043,0.9938791391049153
0.9704814993615066,0.7307398932112891,1.0,0.5757211538461539,1.0,479,0,353,278,0,0.9938755609535043,0.9938791391049153
0.9704594266244098,0.7317073170731707,1.0,0.5769230769230769,1.0,480,0,352,278,0,0.9938755609535043,0.9938791391049153
0.970345993424638,0.7326732673267327,1.0,0.578125,1.0,481,0,351,278,0,0.9938755609535043,0.9938791391049153
0.9702959856253488,0.7336377473363774,1.0,0.5793269230769231,1.0,482,0,350,278,0,0.9938755609535043,0.9938791391049153
0.9702913097284334,0.7346007604562738,1.0,0.5805288461538461,1.0,483,0,349,278,0,0.9938755609535043,0.9938791391049153
0.9701611725488248,0.7355623100303952,1.0,0.5817307692307693,1.0,484,0,348,278,0,0.9938755609535043,0.9938791391049153
0.9701078038997444,0.7365223993925588,1.0,0.5829326923076923,1.0,485,0,347,278,0,0.9938755609535043,0.9938791391049153
0.9700872827222953,0.7374810318664643,1.0,0.5841346153846154,1.0,486,0,346,278,0,0.9938755609535043,0.9938791391049153
0.9699172296686459,0.7384382107657316,1.0,0.5853365384615384,1.0,487,0,345,278,0,0.9938755609535043,0.9938791391049153
0.96987092471399,0.7393939393939394,1.0,0.5865384615384616,1.0,488,0,344,278,0,0.9938755609535043,0.9938791391049153
0.9698477491755756,0.7403482210446631,1.0,0.5877403846153846,1.0,489,0,343,278,0,0.9938755609535043,0.9938791391049153
0.969642405851369,0.7413010590015129,1.0,0.5889423076923077,1.0,490,0,342,278,0,0.9938755609535043,0.9938791391049153
0.9695587497300638,0.7422524565381708,1.0,0.5901442307692307,1.0,491,0,341,278,0,0.9938755609535043,0.9938791391049153
0.9695475789250122,0.743202416918429,1.0,0.5913461538461539,1.0,492,0,340,278,0,0.9938755609535043,0.9938791391049153
0.9694817109843583,0.7441509433962264,1.0,0.5925480769230769,1.0,493,0,339,278,0,0.9938755609535043,0.9938791391049153
0.9692324143447825,0.7450980392156863,1.0,0.59375,1.0,494,0,338,278,0,0.9938755609535043,0.9938791391049153
0.9692107761611246,0.746043707611153,1.0,0.5949519230769231,1.0,495,0,337,278,0,0.9938755609535043,0.9938791391049153
0.9691149383700675,0.7469879518072289,1.0,0.5961538461538461,1.0,496,0,336,278,0,0.9938755609535043,0.9938791391049153
0.9690836529809794,0.7479307750188111,1.0,0.5973557692307693,1.0,497,0,335,278,0,0.9938755609535043,0.9938791391049153
0.969083062531267,0.7488721804511278,1.0,0.5985576923076923,1.0,498,0,334,278,0,0.9938755609535043,0.9938791391049153
0.9690313151299608,0.7498121712997746,1.0,0.5997596153846154,1.0,499,0,333,278,0,0.9938755609535043,0.9938791391049153
0.9689015481497829,0.7507507507507507,1.0,0.6009615384615384,1.0,500,0,332,278,0,0.9938755609535043,0.9938791391049153
0.9688850444515827,0.7516879219804952,1.0,0.6021634615384616,1.0,501,0,331,278,0,0.9938755609535043,0.9938791391049153
0.968814033285476,0.7526236881559221,1.0,0.6033653846153846,1.0,502,0,330,278,0,0.9938755609535043,0.9938791391049153
0.9687357994627733,0.753558052434457,1.0,0.6045673076923077,1.0,503,0,329,278,0,0.9938755609535043,0.9938791391049153
0.9686801940921081,0.7544910179640718,1.0,0.6057692307692307,1.0,504,0,328,278,0,0.9938755609535043,0.9938791391049153
0.9686559045041482,0.7554225878833208,1.0,0.6069711538461539,1.0,505,0,327,278,0,0.9938755609535043,0.9938791391049153
0.9684523463843431,0.7563527653213752,1.0,0.6081730769230769,1.0,506,0,326,278,0,0.9938755609535043,0.9938791391049153
0.9684231879849177,0.7572815533980582,1.0,0.609375,1.0,507,0,325,278,0,0.9938755609535043,0.9938791391049153
0.9683025236632812,0.7582089552238805,1.0,0.6105769230769231,1.0,508,0,324,278,0,0.9938755609535043,0.9938791391049153
0.968185468232271,0.7591349739000746,1.0,0.6117788461538461,1.0,509,0,323,278,0,0.9938755609535043,0.9938791391049153
0.9681039335077594,0.7600596125186289,1.0,0.6129807692307693,1.0,510,0,322,278,0,0.9938755609535043,0.9938791391049153
0.9680787499986324,0.7609828741623231,1.0,0.6141826923076923,1.0,511,0,321,278,0,0.9938755609535043,0.9938791391049153
0.9679206567267724,0.7619047619047619,1.0,0.6153846153846154,1.0,512,0,320,278,0,0.9938755609535043,0.9938791391049153
0.9677882727699936,0.762825278810409,1.0,0.6165865384615384,1.0,513,0,319,278,0,0.9938755609535043,0.9938791391049153
0.9673905035532553,0.763744427934621,1.0,0.6177884615384616,1.0,514,0,318,278,0,0.9938755609535043,0.9938791391049153
0.9673252329216561,0.7646622123236823,1.0,0.6189903846153846,1.0,515,0,317,278,0,0.9938755609535043,0.9938791391049153
0.9669372410942457,0.7655786350148368,1.0,0.6201923076923077,1.0,516,0,316,278,0,0.9938755609535043,0.9938791391049153
0.9664903286284088,0.7664936990363233,1.0,0.6213942307692307,1.0,517,0,315,278,0,0.9938755609535043,0.9938791391049153
0.9663749326740436,0.7674074074074074,1.0,0.6225961538461539,1.0,518,0,314,278,0,0.9938755609535043,0.9938791391049153
0.9663455356967718,0.768319763138416,1.0,0.6237980769230769,1.0,519,0,313,278,0,0.9938755609535043,0.9938791391049153
0.9661900819331924,0.7692307692307693,1.0,0.625,1.0,520,0,312,278,0,0.9938755609535043,0.9938791391049153
0.9660487154364324,0.770140428677014,1.0,0.6262019230769231,1.0,521,0,311,278,0,0.9938755609535043,0.9938791391049153
0.9659669751091935,0.7710487444608567,1.0,0.6274038461538461,1.0,522,0,310,278,0,0.9938755609535043,0.9938791391049153
0.9659406167692982,0.7719557195571956,1.0,0.6286057692307693,1.0,523,0,309,278,0,0.9938755609535043,0.9938791391049153
0.9659193993889684,0.7728613569321534,1.0,0.6298076923076923,1.0,524,0,308,278,0,0.9938755609535043,0.9938791391049153
0.9657853120292884,0.7737656595431098,1.0,0.6310096153846154,1.0,525,0,307,278,0,0.9938755609535043,0.9938791391049153
0.9656434256956851,0.7746686303387335,1.0,0.6322115384615384,1.0,526,0,306,278,0,0.9938755609535043,0.9938791391049153
0.9653294212443329,0.775570272259014,1.0,0.6334134615384616,1.0,527,0,305,278,0,0.9938755609535043,0.9938791391049153
0.9653190828043273,0.7764705882352941,1.0,0.6346153846153846,1.0,528,0,304,278,0,0.9938755609535043,0.9938791391049153
0.9651291472107338,0.7773695811903012,1.0,0.6358173076923077,1.0,529,0,303,278,0,0.9938755609535043,0.9938791391049153
0.9648619033936279,0.7782672540381792,1.0,0.6370192307692307,1.0,530,0,302,278,0,0.9938755609535043,0.9938791391049153
0.9647045356339011,0.7791636096845195,1.0,0.6382211538461539,1.0,531,0,301,278,0,0.9938755609535043,0.9938791391049153
0.9645983449034276,0.7800586510263929,1.0,0.6394230769230769,1.0,532,0,300,278,0,0.9938755609535043,0.9938791391049153
0.9645861275338815,0.780952380952381,1.0,0.640625,1.0,533,0,299,278,0,0.9938755609535043,0.9938791391049153
0.9645501973269183,0.7818448023426061,1.0,0.6418269230769231,1.0,534,0,298,278,0,0.9938755609535043,0.9938791391049153
0.9644933793148665,0.7827359180687637,1.0,0.6430288461538461,1.0,535,0,297,278,0,0.9938755609535043,0.9938791391049153
0.9643848142266309,0.783625730994152,1.0,0.6442307692307693,1.0,536,0,296,278,0,0.9938755609535043,0.9938791391049153
0.9643420698665842,0.7845142439737034,1.0,0.6454326923076923,1.0,537,0,295,278,0,0.9938755609535043,0.9938791391049153
0.9643161466603063,0.7854014598540145,1.0,0.6466346153846154,1.0,538,0,294,278,0,0.9938755609535043,0.9938791391049153
0.9643140595902375,0.7862873814733771,1.0,0.6478365384615384,1.0,539,0,293,278,0,0.9938755609535043,0.9938791391049153
0.9640120411238449,0.7871720116618076,1.0,0.6490384615384616,1.0,540,0,292,278,0,0.9938755609535043,0.9938791391049153
0.9639989193265794,0.7880553532410779,1.0,0.6502403846153846,1.0,541,0,291,278,0,0.9938755609535043,0.9938791391049153
0.9639362083441768,0.7889374090247453,1.0,0.6514423076923077,1.0,542,0,290,278,0,0.9938755609535043,0.9938791391049153
0.9634166610226402,0.7898181818181819,1.0,0.6526442307692307,1.0,543,0,289,278,0,0.9938755609535043,0.9938791391049153
0.9630644116255437,0.7906976744186046,1.0,0.6538461538461539,1.0,544,0,288,278,0,0.9938755609535043,0.9938791391049153
0.9628096024338647,0.7915758896151053,1.0,0.6550480769230769,1.0,545,0,287,278,0,0.9938755609535043,0.9938791391049153
0.9626093127022258,0.7924528301886793,1.0,0.65625,1.0,546,0,286,278,0,0.9938755609535043,0.9938791391049153
0.9625216565707464,0.7933284989122552,1.0,0.6574519230769231,1.0,547,0,285,278,0,0.9938755609535043,0.9938791391049153
0.9623655453789697,0.7942028985507247,1.0,0.6586538461538461,1.0,548,0,284,278,0,0.9938755609535043,0.9938791391049153
0.9620835628303709,0.7950760318609703,1.0,0.6598557692307693,1.0,549,0,283,278,0,0.9938755609535043,0.9938791391049153
0.9615138673834035,0.7959479015918958,1.0,0.6610576923076923,1.0,550,0,282,278,0,0.9938755609535043,0.9938791391049153
0.9611911408022414,0.7968185104844541,1.0,0.6622596153846154,1.0,551,0,281,278,0,0.9938755609535043,0.9938791391049153
0.9610273500256106,0.7976878612716763,1.0,0.6634615384615384,1.0,552,0,280,278,0,0.9938755609535043,0.9938791391049153
0.9607420262121135,0.7985559566787004,1.0,0.6646634615384616,1.0,553,0,279,278,0,0.9938755609535043,0.9938791391049153
0.9607207466598262,0.7994227994227994,1.0,0.6658653846153846,1.0,554,0,278,278,0,0.9938755609535043,0.9938791391049153
0.9606036839430333,0.8002883922134102,1.0,0.6670673076923077,1.0,555,0,277,278,0,0.9938755609535043,0.9938791391049153
0.9603557023409651,0.8011527377521613,1.0,0.6682692307692307,1.0,556,0,276,278,0,0.9938755609535043,0.9938791391049153
0.9603210110194016,0.8020158387329014,1.0,0.6694711538461539,1.0,557,0,275,278,0,0.9938755609535043,0.9938791391049153
0.9602718996728739,0.8028776978417266,1.0,0.6706730769230769,1.0,558,0,274,278,0,0.9938755609535043,0.9938791391049153
0.9600644431122088,0.8037383177570093,1.0,0.671875,1.0,559,0,273,278,0,0.9938755609535043,0.9938791391049153
0.9599102268814637,0.8045977011494253,1.0,0.6730769230769231,1.0,560,0,272,278,0,0.9938755609535043,0.9938791391049153
0.9597362844305621,0.8054558506819813,1.0,0.6742788461538461,1.0,561,0,271,278,0,0.9938755609535043,0.9938791391049153
0.9595026005633585,0.806312769010043,1.0,0.6754807692307693,1.0,562,0,270,278,0,0.9938755609535043,0.9938791391049153
0.9586221605368139,0.807168458781362,1.0,0.6766826923076923,1.0,563,0,269,278,0,0.9938755609535043,0.9938791391049153
0.9584702978250502,0.8080229226361032,1.0,0.6778846153846154,1.0,564,0,268,278,0,0.9938755609535043,0.9938791391049153
0.9583746857790516,0.8088761632068718,1.0,0.6790865384615384,1.0,565,0,267,278,0,0.9938755609535043,0.9938791391049153
0.9583335239232447,0.8097281831187411,1.0,0.6802884615384616,1.0,566,0,266,278,0,0.9938755609535043,0.9938791391049153
0.9583296437367081,0.810578984989278,1.0,0.6814903846153846,1.0,567,0,265,278,0,0.9938755609535043,0.9938791391049153
0.9582447043633396,0.8114285714285714,1.0,0.6826923076923077,1.0,568,0,264,278,0,0.9938755609535043,0.9938791391049153
0.9582400538508479,0.8122769450392576,1.0,0.6838942307692307,1.0,569,0,263,278,0,0.9938755609535043,0.9938791391049153
0.9580920601897499,0.8131241084165478,1.0,0.6850961538461539,1.0,570,0,262,278,0,0.9938755609535043,0.9938791391049153
0.9579909854175113,0.8139700641482538,1.0,0.6862980769230769,1.0,571,0,261,278,0,0.9938755609535043,0.9938791391049153
0.9579731120391317,0.8148148148148148,1.0,0.6875,1.0,572,0,260,278,0,0.9938755609535043,0.9938791391049153
0.9578830915301202,0.8156583629893238,1.0,0.6887019230769231,1.0,573,0,259,278,0,0.9938755609535043,0.9938791391049153
0.9574959613003675,0.8165007112375533,1.0,0.6899038461538461,1.0,574,0,258,278,0,0.9938755609535043,0.9938791391049153
0.9574298944340707,0.8173418621179815,1.0,0.6911057692307693,1.0,575,0,257,278,0,0.9938755609535043,0.9938791391049153
0.9573261305420824,0.8181818181818182,1.0,0.6923076923076923,1.0,576,0,256,278,0,0.9938755609535043,0.9938791391049153
0.9569304518141671,0.8190205819730305,1.0,0.6935096153846154,1.0,577,0,255,278,0,0.9938755609535043,0.9938791391049153
0.9567957582115741,0.8198581560283688,1.0,0.6947115384615384,1.0,578,0,254,278,0,0.9938755609535043,0.9938791391049153
0.9561561089610585,0.820694542877392,1.0,0.6959134615384616,1.0,579,0,253,278,0,0.9938755609535043,0.9938791391049153
0.9557879864744193,0.8215297450424929,1.0,0.6971153846153846,1.0,580,0,252,278,0,0.9938755609535043,0.9938791391049153
0.9557374946206736,0.8223637650389243,1.0,0.6983173076923077,1.0,581,0,251,278,0,0.9938755609535043,0.9938791391049153
0.955709522107384,0.8231966053748232,1.0,0.6995192307692307,1.0,582,0,250,278,0,0.9938755609535043,0.9938791391049153
0.9556750822194683,0.8240282685512368,1.0,0.7007211538461539,1.0,583,0,249,278,0,0.9938755609535043,0.9938791391049153
0.9555744011067592,0.8248587570621468,1.0,0.7019230769230769,1.0,584,0,248,278,0,0.9938755609535043,0.9938791391049153
0.9555327369260609,0.8256880733944955,1.0,0.703125,1.0,585,0,247,278,0,0.9938755609535043,0.9938791391049153
0.9552985401639588,0.8265162200282088,1.0,0.7043269230769231,1.0,586,0,246,278,0,0.9938755609535043,0.9938791391049153
0.9549669897976069,0.8273431994362227,1.0,0.7055288461538461,1.0,587,0,245,278,0,0.9938755609535043,0.9938791391049153
0.9546253526326252,0.828169014084507,1.0,0.7067307692307693,1.0,588,0,244,278,0,0.9938755609535043,0.9938791391049153
0.9539473967100576,0.82899366643209,1.0,0.7079326923076923,1.0,589,0,243,278,0,0.9938755609535043,0.9938791391049153
0.9539133690803817,0.829817158931083,1.0,0.7091346153846154,1.0,590,0,242,278,0,0.9938755609535043,0.9938791391049153
0.9537839153198985,0.8306394940267041,1.0,0.7103365384615384,1.0,591,0,241,278,0,0.9938755609535043,0.9938791391049153
0.9536538697312004,0.8314606741573034,1.0,0.7115384615384616,1.0,592,0,240,278,0,0.9938755609535043,0.9938791391049153
0.9535756215757211,0.832280701754386,1.0,0.7127403846153846,1.0,593,0,239,278,0,0.9938755609535043,0.9938791391049153
0.9530895989415304,0.8330995792426368,1.0,0.7139423076923077,1.0,594,0,238,278,0,0.9938755609535043,0.9938791391049153
0.9521698402017327,0.833917309039944,1.0,0.7151442307692307,1.0,595,0,237,278,0,0.9938755609535043,0.9938791391049153
0.9520654705491791,0.834733893557423,1.0,0.7163461538461539,1.0,596,0,236,278,0,0.9938755609535043,0.9938791391049153
0.9518149117347593,0.8355493351994402,1.0,0.7175480769230769,1.0,597,0,235,278,0,0.9938755609535043,0.9938791391049153
0.9517750548840593,0.8363636363636363,1.0,0.71875,1.0,598,0,234,278,0,0.9938755609535043,0.9938791391049153
0.9513326034204369,0.8371767994409504,1.0,0.7199519230769231,1.0,599,0,233,278,0,0.9938755609535043,0.9938791391049153
0.9509219379007674,0.8379888268156425,1.0,0.7211538461538461,1.0,600,0,232,278,0,0.9938755609535043,0.9938791391049153
0.9508232765431022,0.8387997208653175,1.0,0.7223557692307693,1.0,601,0,231,278,0,0.9938755609535043,0.9938791391049153
0.9506657000878591,0.8396094839609484,1.0,0.7235576923076923,1.0,602,0,230,278,0,0.9938755609535043,0.9938791391049153
0.9500822926908985,0.840418118466899,1.0,0.7247596153846154,1.0,603,0,229,278,0,0.9938755609535043,0.9938791391049153
0.9500480956713159,0.841225626740947,1.0,0.7259615384615384,1.0,604,0,228,278,0,0.9938755609535043,0.9938791391049153
0.9499628959387236,0.8420320111343076,1.0,0.7271634615384616,1.0,605,0,227,278,0,0.9938755609535043,0.9938791391049153
0.9499531586425934,0.8428372739916551,1.0,0.7283653846153846,1.0,606,0,226,278,0,0.9938755609535043,0.9938791391049153
0.949908102103252,0.8436414176511466,1.0,0.7295673076923077,1.0,607,0,225,278,0,0.9938755609535043,0.9938791391049153
0.9497657649736867,0.8444444444444444,1.0,0.7307692307692307,1.0,608,0,224,278,0,0.9938755609535043,0.9938791391049153
0.9493700113332206,0.8452463566967384,1.0,0.7319711538461539,1.0,609,0,223,278,0,0.9938755609535043,0.9938791391049153
0.948911111876306,0.8460471567267683,1.0,0.7331730769230769,1.0,610,0,222,278,0,0.9938755609535043,0.9938791391049153
0.9487826543035291,0.8468468468468469,1.0,0.734375,1.0,611,0,221,278,0,0.9938755609535043,0.9938791391049153
0.9485654897692815,0.8476454293628809,1.0,0.7355769230769231,1.0,612,0,220,278,0,0.9938755609535043,0.9938791391049153
0.9483008083317159,0.8484429065743945,1.0,0.7367788461538461,1.0,613,0,219,278,0,0.9938755609535043,0.9938791391049153
0.9481606650711125,0.8492392807745505,1.0,0.7379807692307693,1.0,614,0,218,278,0,0.9938755609535043,0.9938791391049153
0.9479943039919886,0.8500345542501728,1.0,0.7391826923076923,1.0,615,0,217,278,0,0.9938755609535043,0.9938791391049153
0.9476345024303812,0.850828729281768,1.0,0.7403846153846154,1.0,616,0,216,278,0,0.9938755609535043,0.9938791391049153
0.9473742379909827,0.8516218081435473,1.0,0.7415865384615384,1.0,617,0,215,278,0,0.9938755609535043,0.9938791391049153
0.9471388846850203,0.8524137931034482,1.0,0.7427884615384616,1.0,618,0,214,278,0,0.9938755609535043,0.9938791391049153
0.9467674839599322,0.8532046864231564,1.0,0.7439903846153846,1.0,619,0,213,278,0,0.9938755609535043,0.9938791391049153
0.9459533827010949,0.8539944903581267,1.0,0.7451923076923077,1.0,620,0,212,278,0,0.9938755609535043,0.9938791391049153
0.9459262847011274,0.8547832071576049,1.0,0.7463942307692307,1.0,621,0,211,278,0,0.9938755609535043,0.9938791391049153
0.9452610400910627,0.8555708390646493,1.0,0.7475961538461539,1.0,622,0,210,278,0,0.9938755609535043,0.9938791391049153
0.9451557232180693,0.8563573883161512,1.0,0.7487980769230769,1.0,623,0,209,278,0,0.9938755609535043,0.9938791391049153
0.9447573156289634,0.8571428571428571,1.0,0.75,1.0,624,0,208,278,0,0.9938755609535043,0.9938791391049153
0.9447029314427597,0.8579272477693891,1.0,0.7512019230769231,1.0,625,0,207,278,0,0.9938755609535043,0.9938791391049153
0.9446877412087331,0.8587105624142661,1.0,0.7524038461538461,1.0,626,0,206,278,0,0.9938755609535043,0.9938791391049153
0.9446601549143072,0.8594928032899246,1.0,0.7536057692307693,1.0,627,0,205,278,0,0.9938755609535043,0.9938791391049153
0.9444622474455332,0.8602739726027397,1.0,0.7548076923076923,1.0,628,0,204,278,0,0.9938755609535043,0.9938791391049153
0.944439342879902,0.8610540725530459,1.0,0.7560096153846154,1.0,629,0,203,278,0,0.9938755609535043,0.9938791391049153
0.944394159945971,0.8618331053351573,1.0,0.7572115384615384,1.0,630,0,202,278,0,0.9938755609535043,0.9938791391049153
0.9441949423459605,0.8626110731373889,1.0,0.7584134615384616,1.0,631,0,201,278,0,0.9938755609535043,0.9938791391049153
0.94405315228856,0.8633879781420765,1.0,0.7596153846153846,1.0,632,0,200,278,0,0.9938755609535043,0.9938791391049153
0.9428448072663596,0.8641638225255973,1.0,0.7608173076923077,1.0,633,0,199,278,0,0.9938755609535043,0.9938791391049153
0.9427786405548245,0.8649386084583902,1.0,0.7620192307692307,1.0,634,0,198,278,0,0.9938755609535043,0.9938791391049153
0.9420658552461285,0.8657123381049762,1.0,0.7632211538461539,1.0,635,0,197,278,0,0.9938755609535043,0.9938791391049153
0.9420571516130639,0.8664850136239782,1.0,0.7644230769230769,1.0,636,0,196,278,0,0.9938755609535043,0.9938791391049153
0.9419799697384448,0.8672566371681416,1.0,0.765625,1.0,637,0,195,278,0,0.9938755609535043,0.9938791391049153
0.9411649477384254,0.8680272108843538,1.0,0.7668269230769231,1.0,638,0,194,278,0,0.9938755609535043,0.9938791391049153
0.9411583473689084,0.8687967369136642,1.0,0.7680288461538461,1.0,639,0,193,278,0,0.9938755609535043,0.9938791391049153
0.9410277804093952,0.8695652173913043,1.0,0.7692307692307693,1.0,640,0,192,278,0,0.9938755609535043,0.9938791391049153
0.9405738810131704,0.8703326544467074,1.0,0.7704326923076923,1.0,641,0,191,278,0,0.9938755609535043,0.9938791391049153
0.9404167041374087,0.8710990502035278,1.0,0.7716346153846154,1.0,642,0,190,278,0,0.9938755609535043,0.9938791391049153
0.9402026138451944,0.871864406779661,1.0,0.7728365384615384,1.0,643,0,189,278,0,0.9938755609535043,0.9938791391049153
0.9392176243209313,0.8726287262872628,1.0,0.7740384615384616,1.0,644,0,188,278,0,0.9938755609535043,0.9938791391049153
0.9391778528073051,0.8733920108327691,1.0,0.7752403846153846,1.0,645,0,187,278,0,0.9938755609535043,0.9938791391049153
0.9390269592449104,0.8741542625169147,1.0,0.7764423076923077,1.0,646,0,186,278,0,0.9938755609535043,0.9938791391049153
0.938985393361206,0.8749154834347532,1.0,0.7776442307692307,1.0,647,0,185,278,0,0.9938755609535043,0.9938791391049153
0.938934528837578,0.8756756756756757,1.0,0.7788461538461539,1.0,648,0,184,278,0,0.9938755609535043,0.9938791391049153
0.938925060687959,0.8764348413234301,1.0,0.7800480769230769,1.0,649,0,183,278,0,0.9938755609535043,0.9938791391049153
0.9389032616285162,0.8771929824561403,1.0,0.78125,1.0,650,0,182,278,0,0.9938755609535043,0.9938791391049153
0.9388910730009618,0.877950101146325,1.0,0.7824519230769231,1.0,651,0,181,278,0,0.9938755609535043,0.9938791391049153
0.938759111060562,0.8787061994609164,1.0,0.7836538461538461,1.0,652,0,180,278,0,0.9938755609535043,0.9938791391049153
0.9383800317078463,0.8794612794612795,1.0,0.7848557692307693,1.0,653,0,179,278,0,0.9938755609535043,0.9938791391049153
0.9379102570195427,0.8802153432032301,1.0,0.7860576923076923,1.0,654,0,178,278,0,0.9938755609535043,0.9938791391049153
0.9370697076047335,0.8809683927370545,1.0,0.7872596153846154,1.0,655,0,177,278,0,0.9938755609535043,0.9938791391049153
0.9369787971570053,0.8817204301075269,1.0,0.7884615384615384,1.0,656,0,176,278,0,0.9938755609535043,0.9938791391049153
0.9363461695012825,0.8824714573539288,1.0,0.7896634615384616,1.0,657,0,175,278,0,0.9938755609535043,0.9938791391049153
0.9355899725433333,0.8832214765100671,1.0,0.7908653846153846,1.0,658,0,174,278,0,0.9938755609535043,0.9938791391049153
0.9349377505960429,0.8839704896042925,1.0,0.7920673076923077,1.0,659,0,173,278,0,0.9938755609535043,0.9938791391049153
0.934518522055175,0.8847184986595175,1.0,0.7932692307692307,1.0,660,0,172,278,0,0.9938755609535043,0.9938791391049153
0.9336144835817297,0.8854655056932351,1.0,0.7944711538461539,1.0,661,0,171,278,0,0.9938755609535043,0.9938791391049153
0.9331190727802982,0.8862115127175368,1.0,0.7956730769230769,1.0,662,0,170,278,0,0.9938755609535043,0.9938791391049153
0.9331054237271889,0.8869565217391304,1.0,0.796875,1.0,663,0,169,278,0,0.9938755609535043,0.9938791391049153
0.9329668144247023,0.8877005347593583,1.0,0.7980769230769231,1.0,664,0,168,278,0,0.9938755609535043,0.9938791391049153
0.9327291693324908,0.8884435537742151,1.0,0.7992788461538461,1.0,665,0,167,278,0,0.9938755609535043,0.9938791391049153
0.9325594294234947,0.8891855807743658,1.0,0.8004807692307693,1.0,666,0,166,278,0,0.9938755609535043,0.9938791391049153
0.931085369764903,0.8899266177451635,1.0,0.8016826923076923,1.0,667,0,165,278,0,0.9938755609535043,0.9938791391049153
0.9309255111878867,0.8906666666666667,1.0,0.8028846153846154,1.0,668,0,164,278,0,0.9938755609535043,0.9938791391049153
0.9305273487313823,0.8914057295136576,1.0,0.8040865384615384,1.0,669,0,163,278,0,0.9938755609535043,0.9938791391049153
0.9300785842320705,0.8921438082556591,1.0,0.8052884615384616,1.0,670,0,162,278,0,0.9938755609535043,0.9938791391049153
0.9294907535203437,0.8928809048569527,1.0,0.8064903846153846,1.0,671,0,161,278,0,0.9938755609535043,0.9938791391049153
0.928698529066579,0.8936170212765957,1.0,0.8076923076923077,1.0,672,0,160,278,0,0.9938755609535043,0.9938791391049153
0.9282825506334705,0.8943521594684385,1.0,0.8088942307692307,1.0,673,0,159,278,0,0.9938755609535043,0.9938791391049153
0.9282792370309506,0.8950863213811421,1.0,0.8100961538461539,1.0,674,0,158,278,0,0.9938755609535043,0.9938791391049153
0.9281277272416462,0.8958195089581951,1.0,0.8112980769230769,1.0,675,0,157,278,0,0.9938755609535043,0.9938791391049153
0.9274742638295278,0.896551724137931,1.0,0.8125,1.0,676,0,156,278,0,0.9938755609535043,0.9938791391049153
0.9266909478666319,0.8972829688535454,1.0,0.8137019230769231,1.0,677,0,155,278,0,0.9938755609535043,0.9938791391049153
0.9265996544974707,0.8980132450331125,1.0,0.8149038461538461,1.0,678,0,154,278,0,0.9938755609535043,0.9938791391049153
0.9254622878176963,0.898742554599603,1.0,0.8161057692307693,1.0,679,0,153,278,0,0.9938755609535043,0.9938791391049153
0.9254165523060808,0.8994708994708994,1.0,0.8173076923076923,1.0,680,0,152,278,0,0.9938755609535043,0.9938791391049153
0.9251361670414766,0.900198281559815,1.0,0.8185096153846154,1.0,681,0,151,278,0,0.9938755609535043,0.9938791391049153
0.9250906957516501,0.9009247027741083,1.0,0.8197115384615384,1.0,682,0,150,278,0,0.9938755609535043,0.9938791391049153
0.9249579396790198,0.9016501650165016,1.0,0.8209134615384616,1.0,683,0,149,278,0,0.9938755609535043,0.9938791391049153
0.924646903821019,0.9023746701846965,1.0,0.8221153846153846,1.0,684,0,148,278,0,0.9938755609535043,0.9938791391049153
0.9242367656850355,0.9030982201713909,1.0,0.8233173076923077,1.0,685,0,147,278,0,0.9938755609535043,0.9938791391049153
0.9223828614609005,0.9038208168642952,1.0,0.8245192307692307,1.0,686,0,146,278,0,0.9938755609535043,0.9938791391049153
0.9218350353693111,0.9045424621461488,1.0,0.8257211538461539,1.0,687,0,145,278,0,0.9938755609535043,0.9938791391049153
0.9217891633143259,0.9052631578947369,1.0,0.8269230769230769,1.0,688,0,144,278,0,0.9938755609535043,0.9938791391049153
0.9216112922683802,0.905982905982906,1.0,0.828125,1.0,689,0,143,278,0,0.9938755609535043,0.9938791391049153
0.921379804786193,0.9067017082785808,1.0,0.8293269230769231,1.0,690,0,142,278,0,0.9938755609535043,0.9938791391049153
0.9208536040300657,0.9074195666447801,1.0,0.8305288461538461,1.0,691,0,141,278,0,0.9938755609535043,0.9938791391049153
0.919175390977053,0.9081364829396326,1.0,0.8317307692307693,1.0,692,0,140,278,0,0.9938755609535043,0.9938791391049153
0.9191251557688476,0.9088524590163934,1.0,0.8329326923076923,1.0,693,0,139,278,0,0.9938755609535043,0.9938791391049153
0.9156734854349001,0.90956749672346,1.0,0.8341346153846154,1.0,694,0,138,278,0,0.9938755609535043,0.9938791391049153
0.9149969392540926,0.9102815979043877,1.0,0.8353365384615384,1.0,695,0,137,278,0,0.9938755609535043,0.9938791391049153
0.9146060209794246,0.9109947643979057,1.0,0.8365384615384616,1.0,696,0,136,278,0,0.9938755609535043,0.9938791391049153
0.9143184889779986,0.9117069980379333,1.0,0.8377403846153846,1.0,697,0,135,278,0,0.9938755609535043,0.9938791391049153
0.9142982215778914,0.9124183006535947,1.0,0.8389423076923077,1.0,698,0,134,278,0,0.9938755609535043,0.9938791391049153
0.9137790210454276,0.9131286740692358,1.0,0.8401442307692307,1.0,699,0,133,278,0,0.9938755609535043,0.9938791391049153
0.9127913761046544,0.9138381201044387,1.0,0.8413461538461539,1.0,700,0,132,278,0,0.9938755609535043,0.9938791391049153
0.9094034385572201,0.9145466405740378,1.0,0.8425480769230769,1.0,701,0,131,278,0,0.9938755609535043,0.9938791391049153
0.9093680822798277,0.9152542372881356,1.0,0.84375,1.0,702,0,130,278,0,0.9938755609535043,0.9938791391049153
0.9073481653298314,0.9159609120521173,1.0,0.8449519230769231,1.0,703,0,129,278,0,0.9938755609535043,0.9938791391049153
0.9049320054187064,0.9166666666666666,1.0,0.8461538461538461,1.0,704,0,128,278,0,0.9938755609535043,0.9938791391049153
0.9026838948880839,0.9173715029277814,1.0,0.8473557692307693,1.0,705,0,127,278,0,0.9938755609535043,0.9938791391049153
0.9017427743654253,0.918075422626788,1.0,0.8485576923076923,1.0,706,0,126,278,0,0.9938755609535043,0.9938791391049153
0.8998683217273401,0.9187784275503573,1.0,0.8497596153846154,1.0,707,0,125,278,0,0.9938755609535043,0.9938791391049153
0.8984320941446013,0.9194805194805195,1.0,0.8509615384615384,1.0,708,0,124,278,0,0.9938755609535043,0.9938791391049153
0.8979120272123078,0.9201817001946788,1.0,0.8521634615384616,1.0,709,0,123,278,0,0.9938755609535043,0.9938791391049153
0.8978061354054696,0.920881971465629,1.0,0.8533653846153846,1.0,710,0,122,278,0,0.9938755609535043,0.9938791391049153
0.897485343477341,0.9215813350615684,1.0,0.8545673076923077,1.0,711,0,121,278,0,0.9938755609535043,0.9938791391049153
0.8964878926254927,0.9222797927461139,1.0,0.8557692307692307,1.0,712,0,120,278,0,0.9938755609535043,0.9938791391049153
0.8932967109174226,0.9229773462783172,1.0,0.8569711538461539,1.0,713,0,119,278,0,0.9938755609535043,0.9938791391049153
0.8929517961299923,0.9236739974126779,1.0,0.8581730769230769,1.0,714,0,118,278,0,0.9938755609535043,0.9938791391049153
0.8928674859929346,0.9243697478991597,1.0,0.859375,1.0,715,0,117,278,0,0.9938755609535043,0.9938791391049153
0.8877904080395164,0.9250645994832042,1.0,0.8605769230769231,1.0,716,0,116,278,0,0.9938755609535043,0.9938791391049153
0.8864972094370527,0.9244673983214977,0.99860529986053,0.8605769230769231,0.9964028776978417,716,1,116,277,1,0.9938755609535043,0.9938791391049153
0.8861221883768494,0.9238709677419354,0.9972144846796658,0.8605769230769231,0.9928057553956835,716,2,116,276,2,0.9938755609535043,0.9938791391049153
0.8817774488038661,0.9245647969052224,0.9972183588317107,0.8617788461538461,0.9928057553956835,717,2,115,276,2,0.9938755609535043,0.9938791391049153
0.8801278875473788,0.9252577319587629,0.9972222222222222,0.8629807692307693,0.9928057553956835,718,2,114,276,2,0.9938755609535043,0.9938791391049153
0.8781890722570923,0.9259497746297489,0.9972260748959778,0.8641826923076923,0.9928057553956835,719,2,113,276,2,0.9938755609535043,0.9938791391049153
0.8731712952731606,0.9253539253539254,0.9958448753462604,0.8641826923076923,0.9892086330935251,719,3,113,275,3,0.9938755609535043,0.9938791391049153
0.8700145805609545,0.9260450160771704,0.995850622406639,0.8653846153846154,0.9892086330935251,720,3,112,275,3,0.9938755609535043,0.9938791391049153
0.8650542547416082,0.9267352185089974,0.9958563535911602,0.8665865384615384,0.9892086330935251,721,3,111,275,3,0.9938755609535043,0.9938791391049153
0.8640124475713857,0.9274245343609505,0.9958620689655172,0.8677884615384616,0.9892086330935251,722,3,110,275,3,0.9938755609535043,0.9938791391049153
0.8615875720129162,0.9281129653401797,0.9958677685950413,0.8689903846153846,0.9892086330935251,723,3,109,275,3,0.9938755609535043,0.9938791391049153
0.8587925882234495,0.9288005131494548,0.9958734525447043,0.8701923076923077,0.9892086330935251,724,3,108,275,3,0.9938755609535043,0.9938791391049153
0.8578253316949224,0.9294871794871795,0.9958791208791209,0.8713942307692307,0.9892086330935251,725,3,107,275,3,0.9938755609535043,0.9938791391049153
0.8566064410936971,0.9301729660474055,0.9958847736625515,0.8725961538461539,0.9892086330935251,726,3,106,275,3,0.9938755609535043,0.9938791391049153
0.856250740590284,0.9308578745198464,0.9958904109589041,0.8737980769230769,0.9892086330935251,727,3,105,275,3,0.9938755609535043,0.9938791391049153
0.8554810437927827,0.9302623160588611,0.9945280437756497,0.8737980769230769,0.9856115107913669,727,4,105,274,4,0.9938755609535043,0.9938791391049153
0.848448691194096,0.9309462915601023,0.994535519125683,0.875,0.9856115107913669,728,4,104,274,4,0.9938755609535043,0.9938791391049153
0.8475018847447832,0.931629392971246,0.9945429740791268,0.8762019230769231,0.9856115107913669,729,4,103,274,4,0.9938755609535043,0.9938791391049153
0.8472983138237987,0.9310344827586207,0.9931880108991825,0.8762019230769231,0.9820143884892086,729,5,103,273,5,0.9938755609535043,0.9938791391049153
0.8460559709585761,0.9317166560306318,0.9931972789115646,0.8774038461538461,0.9820143884892086,730,5,102,273,5,0.9938755609535043,0.9938791391049153
0.8429548019702624,0.9323979591836735,0.9932065217391305,0.8786057692307693,0.9820143884892086,731,5,101,273,5,0.9938755609535043,0.9938791391049153
0.8418701056447642,0.9330783938814532,0.9932157394843962,0.8798076923076923,0.9820143884892086,732,5,100,273,5,0.9938755609535043,0.9938791391049153
0.8411930930847222,0.9337579617834395,0.9932249322493225,0.8810096153846154,0.9820143884892086,733,5,99,273,5,0.9938755609535043,0.9938791391049153
0.8405207189241422,0.9344366645448758,0.993234100135318,0.8822115384615384,0.9820143884892086,734,5,98,273,5,0.9938755609535043,0.9938791391049153
0.8398238874335775,0.9351145038167938,0.9932432432432432,0.8834134615384616,0.9820143884892086,735,5,97,273,5,0.9938755609535043,0.9938791391049153
0.8385823862195414,0.9357914812460267,0.9932523616734144,0.8846153846153846,0.9820143884892086,736,5,96,273,5,0.9938755609535043,0.9938791391049153
0.8344887606849791,0.9364675984752223,0.9932614555256065,0.8858173076923077,0.9820143884892086,737,5,95,273,5,0.9938755609535043,0.9938791391049153
0.8303823091441064,0.9371428571428572,0.9932705248990579,0.8870192307692307,0.9820143884892086,738,5,94,273,5,0.9938755609535043,0.9938791391049153
0.8296980531808776,0.9378172588832487,0.9932795698924731,0.8882211538461539,0.9820143884892086,739,5,93,273,5,0.9938755609535043,0.9938791391049153
0.827960843113711,0.9384908053265695,0.9932885906040269,0.8894230769230769,0.9820143884892086,740,5,92,273,5,0.9938755609535043,0.9938791391049153
0.8198141043285497,0.9378960709759189,0.9919571045576407,0.8894230769230769,0.9784172661870504,740,6,92,272,6,0.9938755609535043,0.9938791391049153
0.8197025358273111,0.9385687143761875,0.9919678714859438,0.890625,0.9784172661870504,741,6,91,272,6,0.9938755609535043,0.9938791391049153
0.818896476626384,0.9392405063291139,0.9919786096256684,0.8918269230769231,0.9784172661870504,742,6,90,272,6,0.9938755609535043,0.9938791391049153
0.818557096791421,0.9399114484503479,0.9919893190921228,0.8930288461538461,0.9784172661870504,743,6,89,272,6,0.9938755609535043,0.9938791391049153
0.8130942631916004,0.9405815423514539,0.992,0.8942307692307693,0.9784172661870504,744,6,88,272,6,0.9938755609535043,0.9938791391049153
0.8111113953892728,0.9399873657612129,0.9906790945406125,0.8942307692307693,0.9748201438848921,744,7,88,271,7,0.9938755609535043,0.9938791391049153
0.8088260542287469,0.9393939393939394,0.9893617021276596,0.8942307692307693,0.9712230215827338,744,8,88,270,8,0.9938755609535043,0.9938791391049153
0.808730528250545,0.9400630914826499,0.9893758300132802,0.8954326923076923,0.9712230215827338,745,8,87,270,8,0.9938755609535043,0.9938791391049153
0.8043161647896768,0.9394703656998739,0.9880636604774535,0.8954326923076923,0.9676258992805755,745,9,87,269,9,0.9938755609535043,0.9938791391049153
0.8038336252660493,0.9388783868935098,0.9867549668874173,0.8954326923076923,0.9640287769784173,745,10,87,268,10,0.9938755609535043,0.9938791391049153
0.8033604640115188,0.9382871536523929,0.9854497354497355,0.8954326923076923,0.960431654676259,745,11,87,267,11,0.9938755609535043,0.9938791391049153
0.8020679362390911,0.9389553178099433,0.9854689564068693,0.8966346153846154,0.960431654676259,746,11,86,267,11,0.9938755609535043,0.9938791391049153
0.8014746881135946,0.939622641509434,0.9854881266490765,0.8978365384615384,0.960431654676259,747,11,85,267,11,0.9938755609535043,0.9938791391049153
0.8012437956952241,0.940289126335638,0.9855072463768116,0.8990384615384616,0.960431654676259,748,11,84,267,11,0.9938755609535043,0.9938791391049153
0.7988877212636174,0.9396984924623115,0.9842105263157894,0.8990384615384616,0.9568345323741008,748,12,84,266,12,0.9938755609535043,0.9938791391049153
0.7986052415420016,0.9403640929064658,0.9842312746386334,0.9002403846153846,0.9568345323741008,749,12,83,266,12,0.9938755609535043,0.9938791391049153
0.7974478396185807,0.9410288582183187,0.984251968503937,0.9014423076923077,0.9568345323741008,750,12,82,266,12,0.9938755609535043,0.9938791391049153
0.7970526739074114,0.9404388714733543,0.9829619921363041,0.9014423076923077,0.9532374100719424,750,13,82,265,13,0.9938755609535043,0.9938791391049153
0.795700343903811,0.9398496240601504,0.981675392670157,0.9014423076923077,0.9496402877697842,750,14,82,264,14,0.9938755609535043,0.9938791391049153
0.7944028632654719,0.939261114589856,0.9803921568627451,0.9014423076923077,0.9460431654676259,750,15,82,263,15,0.9938755609535043,0.9938791391049153
0.7920876419614994,0.9399249061326659,0.9804177545691906,0.9026442307692307,0.9460431654676259,751,15,81,263,15,0.9938755609535043,0.9938791391049153
0.7904622079636676,0.9393370856785491,0.9791395045632334,0.9026442307692307,0.9424460431654677,751,16,81,262,16,0.9938755609535043,0.9938791391049153
0.7903987886816886,0.93875,0.9778645833333334,0.9026442307692307,0.9388489208633094,751,17,81,261,17,0.9938755609535043,0.9938791391049153
0.7893150716960071,0.9381636477201749,0.976592977893368,0.9026442307692307,0.935251798561151,751,18,81,260,18,0.9938755609535043,0.9938791391049153
0.7890735664568586,0.9388264669163545,0.9766233766233766,0.9038461538461539,0.935251798561151,752,18,80,260,18,0.9938755609535043,0.9938791391049153
0.784995515203444,0.9382407985028073,0.9753566796368353,0.9038461538461539,0.9316546762589928,752,19,80,259,19,0.9938755609535043,0.9938791391049153
0.7798052136165385,0.9389027431421446,0.9753886010362695,0.9050480769230769,0.9316546762589928,753,19,79,259,19,0.9938755609535043,0.9938791391049153
0.768070528035077,0.9395638629283489,0.9754204398447607,0.90625,0.9316546762589928,754,19,78,259,19,0.9938755609535043,0.9938791391049153
0.767702980044616,0.9402241594022416,0.975452196382429,0.9074519230769231,0.9316546762589928,755,19,77,259,19,0.9938755609535043,0.9938791391049153
0.7673386682089304,0.939639079029247,0.9741935483870968,0.9074519230769231,0.9280575539568345,755,20,77,258,20,0.9938755609535043,0.9938791391049153
0.7667052935388462,0.9390547263681592,0.9729381443298969,0.9074519230769231,0.9244604316546763,755,21,77,257,21,0.9938755609535043,0.9938791391049153
0.7658595766112337,0.939714108141703,0.972972972972973,0.9086538461538461,0.9244604316546763,756,21,76,257,21,0.9938755609535043,0.9938791391049153
0.7607117497673326,0.9391304347826087,0.9717223650385605,0.9086538461538461,0.920863309352518,756,22,76,256,22,0.9938755609535043,0.9938791391049153
0.7571427958456642,0.9397889509621353,0.9717586649550706,0.9098557692307693,0.920863309352518,757,22,75,256,22,0.9938755609535043,0.9938791391049153
0.7549452354284252,0.9404466501240695,0.9717948717948718,0.9110576923076923,0.920863309352518,758,22,74,256,22,0.9938755609535043,0.9938791391049153
0.7535884276835826,0.9411035337879727,0.971830985915493,0.9122596153846154,0.920863309352518,759,22,73,256,22,0.9938755609535043,0.9938791391049153
0.7415919056830704,0.9405204460966543,0.9705882352941176,0.9122596153846154,0.9172661870503597,759,23,73,255,23,0.9938755609535043,0.9938791391049153
0.7365941413523435,0.9411764705882353,0.9706257982120051,0.9134615384615384,0.9172661870503597,760,23,72,255,23,0.9938755609535043,0.9938791391049153
0.7288363736107963,0.9418316831683168,0.9706632653061225,0.9146634615384616,0.9172661870503597,761,23,71,255,23,0.9938755609535043,0.9938791391049153
0.7233464624384638,0.9412492269635127,0.9694267515923567,0.9146634615384616,0.9136690647482014,761,24,71,254,24,0.9938755609535043,0.9938791391049153
0.7180287183092197,0.9406674907292955,0.9681933842239185,0.9146634615384616,0.9100719424460432,761,25,71,253,25,0.9938755609535043,0.9938791391049153
0.7154042229243904,0.9413218035824583,0.9682337992376112,0.9158653846153846,0.9100719424460432,762,25,70,253,25,0.9938755609535043,0.9938791391049153
0.7149424658075825,0.9419753086419753,0.9682741116751269,0.9170673076923077,0.9100719424460432,763,25,69,253,25,0.9938755609535043,0.9938791391049153
0.7147906488614371,0.9426280074028378,0.9683143219264893,0.9182692307692307,0.9100719424460432,764,25,68,253,25,0.9938755609535043,0.9938791391049153
0.7037752005883613,0.9432799013563502,0.9683544303797469,0.9194711538461539,0.9100719424460432,765,25,67,253,25,0.9938755609535043,0.9938791391049153
0.7034759875350048,0.9426987060998152,0.9671302149178256,0.9194711538461539,0.9064748201438849,765,26,67,252,26,0.9938755609535043,0.9938791391049153
0.6903427088969867,0.9421182266009852,0.9659090909090909,0.9194711538461539,0.9028776978417267,765,27,67,251,27,0.9938755609535043,0.9938791391049153
0.6860142545921714,0.9415384615384615,0.9646910466582598,0.9194711538461539,0.8992805755395683,765,28,67,250,28,0.9938755609535043,0.9938791391049153
0.6847220839343948,0.942189421894219,0.964735516372796,0.9206730769230769,0.8992805755395683,766,28,66,250,28,0.9938755609535043,0.9938791391049153
0.6835399489220719,0.9416103257529195,0.9635220125786164,0.9206730769230769,0.89568345323741,766,29,66,249,29,0.9938755609535043,0.9938791391049153
0.6827933050928316,0.941031941031941,0.9623115577889447,0.9206730769230769,0.8920863309352518,766,30,66,248,30,0.9938755609535043,0.9938791391049153
0.667229035154385,0.941682013505218,0.9623588456712673,0.921875,0.8920863309352518,767,30,65,248,30,0.9938755609535043,0.9938791391049153
0.6649005404063422,0.9423312883435583,0.9624060150375939,0.9230769230769231,0.8920863309352518,768,30,64,248,30,0.9938755609535043,0.9938791391049153
0.662771315732348,0.9429797670141018,0.9624530663329162,0.9242788461538461,0.8920863309352518,769,30,63,248,30,0.9938755609535043,0.9938791391049153
0.662720787979241,0.9424019607843137,0.96125,0.9242788461538461,0.8884892086330936,769,31,63,247,31,0.9938755609535043,0.9938791391049153
0.6613823253682958,0.9430496019595835,0.9612983770287141,0.9254807692307693,0.8884892086330936,770,31,62,247,31,0.9938755609535043,0.9938791391049153
0.6583481589250004,0.9436964504283966,0.9613466334164589,0.9266826923076923,0.8884892086330936,771,31,61,247,31,0.9938755609535043,0.9938791391049153
0.6570860461493393,0.9431192660550459,0.9601494396014943,0.9266826923076923,0.8848920863309353,771,32,61,246,32,0.9938755609535043,0.9938791391049153
0.6561459795012475,0.9437652811735942,0.9601990049751243,0.9278846153846154,0.8848920863309353,772,32,60,246,32,0.9938755609535043,0.9938791391049153
0.6557988493624358,0.9431887599266952,0.9590062111801242,0.9278846153846154,0.8812949640287769,772,33,60,245,33,0.9938755609535043,0.9938791391049153
0.6545340343463729,0.9426129426129426,0.9578163771712159,0.9278846153846154,0.8776978417266187,772,34,60,244,34,0.9938755609535043,0.9938791391049153
0.6543560721576349,0.9420378279438683,0.9566294919454771,0.9278846153846154,0.8741007194244604,772,35,60,243,35,0.9938755609535043,0.9938791391049153
0.6543411780464516,0.9414634146341463,0.9554455445544554,0.9278846153846154,0.8705035971223022,772,36,60,242,36,0.9938755609535043,0.9938791391049153
0.6533402775970073,0.9421084704448507,0.9555006180469716,0.9290865384615384,0.8705035971223022,773,36,59,242,36,0.9938755609535043,0.9938791391049153
0.6526310848419483,0.9415347137637028,0.9543209876543209,0.9290865384615384,0.8669064748201439,773,37,59,241,37,0.9938755609535043,0.9938791391049153
0.6520369018844934,0.9409616555082166,0.9531442663378545,0.9290865384615384,0.8633093525179856,773,38,59,240,38,0.9938755609535043,0.9938791391049153
0.6506292822652552,0.940389294403893,0.9519704433497537,0.9290865384615384,0.8597122302158273,773,39,59,239,39,0.9938755609535043,0.9938791391049153
0.6468366679372186,0.941033434650456,0.9520295202952029,0.9302884615384616,0.8597122302158273,774,39,58,239,39,0.9938755609535043,0.9938791391049153
0.6467412495478488,0.9416767922235723,0.952088452088452,0.9314903846153846,0.8597122302158273,775,39,57,239,39,0.9938755609535043,0.9938791391049153
0.6465953724557421,0.9411050394656952,0.950920245398773,0.9314903846153846,0.8561151079136691,775,40,57,238,40,0.9938755609535043,0.9938791391049153
0.6463446703828601,0.9405339805825242,0.9497549019607843,0.9314903846153846,0.8525179856115108,775,41,57,237,41,0.9938755609535043,0.9938791391049153
0.6446319135631486,0.9411764705882353,0.9498164014687882,0.9326923076923077,0.8525179856115108,776,41,56,237,41,0.9938755609535043,0.9938791391049153
0.6426795527628487,0.9418181818181818,0.9498777506112469,0.9338942307692307,0.8525179856115108,777,41,55,237,41,0.9938755609535043,0.9938791391049153
0.6411099142685426,0.9424591156874621,0.9499389499389499,0.9350961538461539,0.8525179856115108,778,41,54,237,41,0.9938755609535043,0.9938791391049153
0.6405452342107488,0.9430992736077481,0.95,0.9362980769230769,0.8525179856115108,779,41,53,237,41,0.9938755609535043,0.9938791391049153
0.6403026412405175,0.9425287356321839,0.9488428745432399,0.9362980769230769,0.8489208633093526,779,42,53,236,42,0.9938755609535043,0.9938791391049153
0.6384517814702796,0.9431680773881499,0.948905109489051,0.9375,0.8489208633093526,780,42,52,236,42,0.9938755609535043,0.9938791391049153
0.6365642234963949,0.9438066465256798,0.9489671931956257,0.9387019230769231,0.8489208633093526,781,42,51,236,42,0.9938755609535043,0.9938791391049153
0.6352906605289925,0.9444444444444444,0.9490291262135923,0.9399038461538461,0.8489208633093526,782,42,50,236,42,0.9938755609535043,0.9938791391049153
0.6315129601659305,0.9450814725407363,0.9490909090909091,0.9411057692307693,0.8489208633093526,783,42,49,236,42,0.9938755609535043,0.9938791391049153
0.6247645560973657,0.9457177322074789,0.9491525423728814,0.9423076923076923,0.8489208633093526,784,42,48,236,42,0.9938755609535043,0.9938791391049153
0.623308726613699,0.9463532248342374,0.9492140266021766,0.9435096153846154,0.8489208633093526,785,42,47,236,42,0.9938755609535043,0.9938791391049153
0.6227947985853708,0.946987951807229,0.9492753623188406,0.9447115384615384,0.8489208633093526,786,42,46,236,42,0.9938755609535043,0.9938791391049153
0.6214667635270521,0.946417820590006,0.9481302774427021,0.9447115384615384,0.8453237410071942,786,43,46,235,43,0.9938755609535043,0.9938791391049153
0.621253120034291,0.9470517448856799,0.9481927710843373,0.9459134615384616,0.8453237410071942,787,43,45,235,43,0.9938755609535043,0.9938791391049153
0.6207881965287203,0.9464822609741431,0.9470517448856799,0.9459134615384616,0.841726618705036,787,44,45,234,44,0.9938755609535043,0.9938791391049153
0.6198664519829944,0.9471153846153846,0.9471153846153846,0.9471153846153846,0.841726618705036,788,44,44,234,44,0.9938755609535043,0.9938791391049153
0.617187064212914,0.9477477477477477,0.9471788715486195,0.9483173076923077,0.841726618705036,789,44,43,234,44,0.9938755609535043,0.9938791391049153
0.6171174233388136,0.9471788715486195,0.9460431654676259,0.9483173076923077,0.8381294964028777,789,45,43,233,45,0.9938755609535043,0.9938791391049153
0.6162325105734356,0.9478104379124175,0.9461077844311377,0.9495192307692307,0.8381294964028777,790,45,42,233,45,0.9938755609535043,0.9938791391049153
0.6156631640329397,0.9484412470023981,0.9461722488038278,0.9507211538461539,0.8381294964028777,791,45,41,233,45,0.9938755609535043,0.9938791391049153
0.6147547732796458,0.9478729778310365,0.945041816009558,0.9507211538461539,0.8345323741007195,791,46,41,232,46,0.9938755609535043,0.9938791391049153
0.6133883245114116,0.948502994011976,0.9451073985680191,0.9519230769230769,0.8345323741007195,792,46,40,232,46,0.9938755609535043,0.9938791391049153
0.6084570425502693,0.9491322561340515,0.9451728247914184,0.953125,0.8345323741007195,793,46,39,232,46,0.9938755609535043,0.9938791391049153
0.6067761347627556,0.9497607655502392,0.9452380952380952,0.9543269230769231,0.8345323741007195,794,46,38,232,46,0.9938755609535043,0.9938791391049153
0.606225949945849,0.9503885236102809,0.9453032104637337,0.9555288461538461,0.8345323741007195,795,46,37,232,46,0.9938755609535043,0.9938791391049153
0.6048532330853618,0.951015531660693,0.9453681710213777,0.9567307692307693,0.8345323741007195,796,46,36,232,46,0.9938755609535043,0.9938791391049153
0.6041204372123716,0.9516417910447761,0.9454329774614472,0.9579326923076923,0.8345323741007195,797,46,35,232,46,0.9938755609535043,0.9938791391049153
0.602095735809449,0.951073985680191,0.9443127962085308,0.9579326923076923,0.8309352517985612,797,47,35,231,47,0.9938755609535043,0.9938791391049153
0.5968236915609539,0.9505068574836016,0.9431952662721893,0.9579326923076923,0.8273381294964028,797,48,35,230,48,0.9938755609535043,0.9938791391049153
0.5934606585826451,0.9499404052443385,0.942080378250591,0.9579326923076923,0.8237410071942446,797,49,35,229,49,0.9938755609535043,0.9938791391049153
0.59055685118999,0.950565812983919,0.9421487603305785,0.9591346153846154,0.8237410071942446,798,49,34,229,49,0.9938755609535043,0.9938791391049153
0.5892116816980556,0.95,0.9410377358490566,0.9591346153846154,0.8201438848920863,798,50,34,228,50,0.9938755609535043,0.9938791391049153
0.588686451851933,0.9506246281975015,0.9411071849234394,0.9603365384615384,0.8201438848920863,799,50,33,228,50,0.9938755609535043,0.9938791391049153
0.584345717340948,0.9512485136741974,0.9411764705882353,0.9615384615384616,0.8201438848920863,800,50,32,228,50,0.9938755609535043,0.9938791391049153
0.5817041084983032,0.9518716577540107,0.9412455934195064,0.9627403846153846,0.8201438848920863,801,50,31,228,50,0.9938755609535043,0.9938791391049153
0.5810362558934576,0.9513064133016627,0.9401408450704225,0.9627403846153846,0.8165467625899281,801,51,31,227,51,0.9938755609535043,0.9938791391049153
0.5798176405913013,0.9519287833827893,0.94021101992966,0.9639423076923077,0.8165467625899281,802,51,30,227,51,0.9938755609535043,0.9938791391049153
0.579461628347177,0.9525504151838672,0.9402810304449649,0.9651442307692307,0.8165467625899281,803,51,29,227,51,0.9938755609535043,0.9938791391049153
0.5792317648805106,0.951985773562537,0.9391812865497076,0.9651442307692307,0.8129496402877698,803,52,29,226,52,0.9938755609535043,0.9938791391049153
0.5757310648906602,0.95260663507109,0.9392523364485982,0.9663461538461539,0.8129496402877698,804,52,28,226,52,0.9938755609535043,0.9938791391049153
0.5752783608976748,0.9520426287744227,0.9381563593932322,0.9663461538461539,0.8093525179856115,804,53,28,225,53,0.9938755609535043,0.9938791391049153
0.5721191977943427,0.9526627218934911,0.9382284382284383,0.9675480769230769,0.8093525179856115,805,53,27,225,53,0.9938755609535043,0.9938791391049153
0.5720562390227131,0.9532820816085157,0.9383003492433062,0.96875,0.8093525179856115,806,53,26,225,53,0.9938755609535043,0.9938791391049153
0.5710915562195454,0.9539007092198581,0.9383720930232559,0.9699519230769231,0.8093525179856115,807,53,25,225,53,0.9938755609535043,0.9938791391049153
0.5681128714855528,0.9533372711163615,0.9372822299651568,0.9699519230769231,0.8057553956834532,807,54,25,224,54,0.9938755609535043,0.9938791391049153
0.5652011982588292,0.9539551357733176,0.9373549883990719,0.9711538461538461,0.8057553956834532,808,54,24,224,54,0.9938755609535043,0.9938791391049153
0.5646424310954546,0.9545722713864306,0.9374275782155272,0.9723557692307693,0.8057553956834532,809,54,23,224,54,0.9938755609535043,0.9938791391049153
0.5607698730531514,0.9540094339622641,0.9363425925925926,0.9723557692307693,0.802158273381295,809,55,23,223,55,0.9938755609535043,0.9938791391049153
0.558723464019236,0.9534472598703595,0.9352601156069364,0.9723557692307693,0.7985611510791367,809,56,23,222,56,0.9938755609535043,0.9938791391049153
0.5586506011017642,0.9540636042402827,0.9353348729792148,0.9735576923076923,0.7985611510791367,810,56,22,222,56,0.9938755609535043,0.9938791391049153
0.5560011234925633,0.9546792230723955,0.9354094579008074,0.9747596153846154,0.7985611510791367,811,56,21,222,56,0.9938755609535043,0.9938791391049153
0.5480346534349518,0.9541176470588235,0.934331797235023,0.9747596153846154,0.7949640287769785,811,57,21,221,57,0.9938755609535043,0.9938791391049153
0.547963178634088,0.9547325102880658,0.9344073647871116,0.9759615384615384,0.7949640287769785,812,57,20,221,57,0.9938755609535043,0.9938791391049153
0.5474624656328152,0.9553466509988249,0.9344827586206896,0.9771634615384616,0.7949640287769785,813,57,19,221,57,0.9938755609535043,0.9938791391049153
0.5373784607143102,0.9559600704638873,0.9345579793340988,0.9783653846153846,0.7949640287769785,814,57,18,221,57,0.9938755609535043,0.9938791391049153
0.5369223497363126,0.9565727699530516,0.9346330275229358,0.9795673076923077,0.7949640287769785,815,57,17,221,57,0.9938755609535043,0.9938791391049153
0.5362554617387614,0.9571847507331378,0.9347079037800687,0.9807692307692307,0.7949640287769785,816,57,16,221,57,0.9938755609535043,0.9938791391049153
0.5258211000951606,0.9577960140679953,0.9347826086956522,0.9819711538461539,0.7949640287769785,817,57,15,221,57,0.9938755609535043,0.9938791391049153
0.5251286013727463,0.9572349150556532,0.9337142857142857,0.9819711538461539,0.7913669064748201,817,58,15,220,58,0.9938755609535043,0.9938791391049153
0.5214450379699558,0.9566744730679156,0.932648401826484,0.9819711538461539,0.7877697841726619,817,59,15,219,59,0.9938755609535043,0.9938791391049153
0.5184242917346271,0.9561146869514335,0.9315849486887116,0.9819711538461539,0.7841726618705036,817,60,15,218,60,0.9938755609535043,0.9938791391049153
0.516093769306297,0.9567251461988304,0.9316628701594533,0.9831730769230769,0.7841726618705036,818,60,14,218,60,0.9938755609535043,0.9938791391049153
0.508871327051155,0.9561659848042081,0.9306029579067122,0.9831730769230769,0.7805755395683454,818,61,14,217,61,0.9938755609535043,0.9938791391049153
0.5031907588151378,0.955607476635514,0.9295454545454546,0.9831730769230769,0.7769784172661871,818,62,14,216,62,0.9938755609535043,0.9938791391049153
0.502571179743025,0.9562171628721541,0.9296254256526674,0.984375,0.7769784172661871,819,62,13,216,62,0.9938755609535043,0.9938791391049153
0.5005541292504414,0.9568261376896149,0.9297052154195011,0.9855769230769231,0.7769784172661871,820,62,12,216,62,0.9938755609535043,0.9938791391049153
0.49929158525942974,0.956268221574344,0.928652321630804,0.9855769230769231,0.7733812949640287,820,63,12,215,63,0.9938755609535043,0.9938791391049153
0.48751335633207526,0.9557109557109557,0.9276018099547512,0.9855769230769231,0.7697841726618705,820,64,12,214,64,0.9938755609535043,0.9938791391049153
0.4848204817575247,0.9551543389633081,0.9265536723163842,0.9855769230769231,0.7661870503597122,820,65,12,213,65,0.9938755609535043,0.9938791391049153
0.48393636293991016,0.9545983701979045,0.9255079006772009,0.9855769230769231,0.762589928057554,820,66,12,212,66,0.9938755609535043,0.9938791391049153
0.47589893110513115,0.954043048283886,0.9244644870349493,0.9855769230769231,0.7589928057553957,820,67,12,211,67,0.9938755609535043,0.9938791391049153
0.4618375447821502,0.9534883720930233,0.9234234234234234,0.9855769230769231,0.7553956834532374,820,68,12,210,68,0.9938755609535043,0.9938791391049153
0.44341565700537977,0.9529343404997095,0.922384701912261,0.9855769230769231,0.7517985611510791,820,69,12,209,69,0.9938755609535043,0.9938791391049153
0.43729754386881825,0.9523809523809523,0.9213483146067416,0.9855769230769231,0.7482014388489209,820,70,12,208,70,0.9938755609535043,0.9938791391049153
0.4363499948966505,0.9518282066163668,0.920314253647587,0.9855769230769231,0.7446043165467626,820,71,12,207,71,0.9938755609535043,0.9938791391049153
0.42431937511578355,0.951276102088167,0.9192825112107623,0.9855769230769231,0.7410071942446043,820,72,12,206,72,0.9938755609535043,0.9938791391049153
0.41419610883222846,0.9507246376811594,0.9182530795072789,0.9855769230769231,0.737410071942446,820,73,12,205,73,0.9938755609535043,0.9938791391049153
0.4111777024262684,0.9501738122827347,0.9172259507829977,0.9855769230769231,0.7338129496402878,820,74,12,204,74,0.9938755609535043,0.9938791391049153
0.4104018266491123,0.9496236247828604,0.9162011173184358,0.9855769230769231,0.7302158273381295,820,75,12,203,75,0.9938755609535043,0.9938791391049153
0.40824176555175073,0.9490740740740741,0.9151785714285714,0.9855769230769231,0.7266187050359713,820,76,12,202,76,0.9938755609535043,0.9938791391049153
0.406537381368945,0.9485251590514748,0.9141583054626533,0.9855769230769231,0.7230215827338129,820,77,12,201,77,0.9938755609535043,0.9938791391049153
0.40483908752650777,0.9479768786127167,0.9131403118040089,0.9855769230769231,0.7194244604316546,820,78,12,200,78,0.9938755609535043,0.9938791391049153
0.39000279643859714,0.9474292316580012,0.9121245828698554,0.9855769230769231,0.7158273381294964,820,79,12,199,79,0.9938755609535043,0.9938791391049153
0.38927985477770377,0.9468822170900693,0.9111111111111111,0.9855769230769231,0.7122302158273381,820,80,12,198,80,0.9938755609535043,0.9938791391049153
0.38419486167642036,0.9463358338141951,0.9100998890122086,0.9855769230769231,0.7086330935251799,820,81,12,197,81,0.9938755609535043,0.9938791391049153
0.3840720053288771,0.9457900807381776,0.9090909090909091,0.9855769230769231,0.7050359712230215,820,82,12,196,82,0.9938755609535043,0.9938791391049153
0.3796023594959175,0.9452449567723343,0.9080841638981174,0.9855769230769231,0.7014388489208633,820,83,12,195,83,0.9938755609535043,0.9938791391049153
0.3794048847849686,0.9447004608294931,0.9070796460176991,0.9855769230769231,0.697841726618705,820,84,12,194,84,0.9938755609535043,0.9938791391049153
0.3757353498486863,0.9441565918249856,0.9060773480662984,0.9855769230769231,0.6942446043165468,820,85,12,193,85,0.9938755609535043,0.9938791391049153
0.36860931049797685,0.9436133486766398,0.9050772626931567,0.9855769230769231,0.6906474820143885,820,86,12,192,86,0.9938755609535043,0.9938791391049153
0.3681616027764134,0.9430707303047728,0.9040793825799338,0.9855769230769231,0.6870503597122302,820,87,12,191,87,0.9938755609535043,0.9938791391049153
0.3620476105708581,0.9425287356321839,0.9030837004405287,0.9855769230769231,0.6834532374100719,820,88,12,190,88,0.9938755609535043,0.9938791391049153
0.36164452445723205,0.941987363584147,0.9020902090209021,0.9855769230769231,0.6798561151079137,820,89,12,189,89,0.9938755609535043,0.9938791391049153
0.3616134649916022,0.9414466130884042,0.9010989010989011,0.9855769230769231,0.6762589928057554,820,90,12,188,90,0.9938755609535043,0.9938791391049153
0.36159348655015155,0.9420539300057372,0.9012074643249177,0.9867788461538461,0.6762589928057554,821,90,11,188,90,0.9938755609535043,0.9938791391049153
0.35632563088395186,0.9415137614678899,0.9002192982456141,0.9867788461538461,0.6726618705035972,821,91,11,187,91,0.9938755609535043,0.9938791391049153
0.35257459674006775,0.9409742120343839,0.8992332968236583,0.9867788461538461,0.6690647482014388,821,92,11,186,92,0.9938755609535043,0.9938791391049153
0.3512627404832439,0.9404352806414662,0.8982494529540481,0.9867788461538461,0.6654676258992805,821,93,11,185,93,0.9938755609535043,0.9938791391049153
0.3479607036421223,0.9398969662278192,0.8972677595628415,0.9867788461538461,0.6618705035971223,821,94,11,184,94,0.9938755609535043,0.9938791391049153
0.34737809007066167,0.9405034324942791,0.8973799126637555,0.9879807692307693,0.6618705035971223,822,94,10,184,94,0.9938755609535043,0.9938791391049153
0.34593370528272493,0.9411092052601486,0.8974918211559433,0.9891826923076923,0.6618705035971223,823,94,9,184,94,0.9938755609535043,0.9938791391049153
0.3457161339216219,0.9405714285714286,0.8965141612200436,0.9891826923076923,0.658273381294964,823,95,9,183,95,0.9938755609535043,0.9938791391049153
0.3437069089382092,0.9400342661336379,0.8955386289445049,0.9891826923076923,0.6546762589928058,823,96,9,182,96,0.9938755609535043,0.9938791391049153
0.3409898874439429,0.9394977168949772,0.8945652173913043,0.9891826923076923,0.6510791366906474,823,97,9,181,97,0.9938755609535043,0.9938791391049153
0.34084630628433854,0.9389617798060468,0.8935939196525515,0.9891826923076923,0.6474820143884892,823,98,9,180,98,0.9938755609535043,0.9938791391049153
0.3367950233864607,0.9384264538198404,0.8926247288503254,0.9891826923076923,0.6438848920863309,823,99,9,179,99,0.9938755609535043,0.9938791391049153
0.33387845852989506,0.9378917378917379,0.8916576381365113,0.9891826923076923,0.6402877697841727,823,100,9,178,100,0.9938755609535043,0.9938791391049153
0.3332574985169203,0.9373576309794989,0.8906926406926406,0.9891826923076923,0.6366906474820144,823,101,9,177,101,0.9938755609535043,0.9938791391049153
0.33129367721329495,0.9368241320432555,0.8897297297297297,0.9891826923076923,0.6330935251798561,823,102,9,176,102,0.9938755609535043,0.9938791391049153
0.33049667425229934,0.9374288964732651,0.8898488120950324,0.9903846153846154,0.6330935251798561,824,102,8,176,102,0.9938755609535043,0.9938791391049153
0.3291867714275224,0.9380329732802729,0.889967637540453,0.9915865384615384,0.6330935251798561,825,102,7,176,102,0.9938755609535043,0.9938791391049153
0.32859242793383914,0.9375,0.8890086206896551,0.9915865384615384,0.6294964028776978,825,103,7,175,103,0.9938755609535043,0.9938791391049153
0.3282525011002748,0.9369676320272572,0.8880516684607105,0.9915865384615384,0.6258992805755396,825,104,7,174,104,0.9938755609535043,0.9938791391049153
0.3276288470138753,0.9364358683314415,0.8870967741935484,0.9915865384615384,0.6223021582733813,825,105,7,173,105,0.9938755609535043,0.9938791391049153
0.32622159925307304,0.9370391378332388,0.8872180451127819,0.9927884615384616,0.6223021582733813,826,105,6,173,105,0.9938755609535043,0.9938791391049153
0.3255413013047136,0.9365079365079365,0.8862660944206009,0.9927884615384616,0.6187050359712231,826,106,6,172,106,0.9938755609535043,0.9938791391049153
0.322084730583598,0.9359773371104816,0.8853161843515541,0.9927884615384616,0.6151079136690647,826,107,6,171,107,0.9938755609535043,0.9938791391049153
0.3205143290775154,0.9354473386183465,0.8843683083511777,0.9927884615384616,0.6115107913669064,826,108,6,170,108,0.9938755609535043,0.9938791391049153
0.3193704282376205,0.9349179400113187,0.8834224598930481,0.9927884615384616,0.6079136690647482,826,109,6,169,109,0.9938755609535043,0.9938791391049153
0.3146193995585155,0.9343891402714932,0.8824786324786325,0.9927884615384616,0.60431654676259,826,110,6,168,110,0.9938755609535043,0.9938791391049153
0.31391297758736547,0.9338609383832673,0.8815368196371398,0.9927884615384616,0.6007194244604317,826,111,6,167,111,0.9938755609535043,0.9938791391049153
0.3089111879951889,0.9333333333333333,0.8805970149253731,0.9927884615384616,0.5971223021582733,826,112,6,166,112,0.9938755609535043,0.9938791391049153
0.3065703605365693,0.932806324110672,0.8796592119275826,0.9927884615384616,0.5935251798561151,826,113,6,165,113,0.9938755609535043,0.9938791391049153
0.3049142286624156,0.9322799097065463,0.8787234042553191,0.9927884615384616,0.5899280575539568,826,114,6,164,114,0.9938755609535043,0.9938791391049153
0.302284420017345,0.9317540891144952,0.8777895855472901,0.9927884615384616,0.5863309352517986,826,115,6,163,115,0.9938755609535043,0.9938791391049153
0.3014296253631338,0.9312288613303269,0.8768577494692145,0.9927884615384616,0.5827338129496403,826,116,6,162,116,0.9938755609535043,0.9938791391049153
0.29802567642313693,0.931830985915493,0.8769883351007424,0.9939903846153846,0.5827338129496403,827,116,5,162,116,0.9938755609535043,0.9938791391049153
0.2979179876778246,0.9313063063063063,0.8760593220338984,0.9939903846153846,0.579136690647482,827,117,5,161,117,0.9938755609535043,0.9938791391049153
0.29781231314999257,0.93190770962296,0.8761904761904762,0.9951923076923077,0.579136690647482,828,117,4,161,117,0.9938755609535043,0.9938791391049153
0.2968660183471712,0.9325084364454443,0.8763213530655392,0.9963942307692307,0.579136690647482,829,117,3,161,117,0.9938755609535043,0.9938791391049153
0.29657426468941583,0.9319842608206858,0.8753959873284055,0.9963942307692307,0.5755395683453237,829,118,3,160,118,0.9938755609535043,0.9938791391049153
0.2942182507247366,0.9314606741573034,0.8744725738396625,0.9963942307692307,0.5719424460431655,829,119,3,159,119,0.9938755609535043,0.9938791391049153
0.2936215859954713,0.9309376754632229,0.8735511064278187,0.9963942307692307,0.5683453237410072,829,120,3,158,120,0.9938755609535043,0.9938791391049153
0.29288642645712104,0.9304152637485971,0.8726315789473684,0.9963942307692307,0.564748201438849,829,121,3,157,121,0.9938755609535043,0.9938791391049153
0.2923924612277641,0.9298934380257993,0.8717139852786541,0.9963942307692307,0.5611510791366906,829,122,3,156,122,0.9938755609535043,0.9938791391049153
0.29230644990382637,0.929372197309417,0.8707983193277311,0.9963942307692307,0.5575539568345323,829,123,3,155,123,0.9938755609535043,0.9938791391049153
0.289137901586739,0.9288515406162465,0.869884575026233,0.9963942307692307,0.5539568345323741,829,124,3,154,124,0.9938755609535043,0.9938791391049153
0.2887520338185001,0.9283314669652856,0.8689727463312369,0.9963942307692307,0.5503597122302158,829,125,3,153,125,0.9938755609535043,0.9938791391049153
0.287949667585238,0.9278119753777281,0.8680628272251308,0.9963942307692307,0.5467625899280576,829,126,3,152,126,0.9938755609535043,0.9938791391049153
0.2873076250069576,0.9272930648769575,0.8671548117154811,0.9963942307692307,0.5431654676258992,829,127,3,151,127,0.9938755609535043,0.9938791391049153
0.28326937091434456,0.9278926774734488,0.8672936259143156,0.9975961538461539,0.5431654676258992,830,127,2,151,127,0.9938755609535043,0.9938791391049153
0.280522590843278,0.9284916201117318,0.8674321503131524,0.9987980769230769,0.5431654676258992,831,127,1,151,127,0.9938755609535043,0.9938791391049153
0.2773467433299487,0.9279731993299832,0.8665276329509907,0.9987980769230769,0.539568345323741,831,128,1,150,128,0.9938755609535043,0.9938791391049153
0.27690846103374145,0.9274553571428571,0.865625,0.9987980769230769,0.5359712230215827,831,129,1,149,129,0.9938755609535043,0.9938791391049153
0.2752035948256606,0.9269380925822643,0.8647242455775234,0.9987980769230769,0.5323741007194245,831,130,1,148,130,0.9938755609535043,0.9938791391049153
0.2750234177828559,0.9264214046822743,0.8638253638253638,0.9987980769230769,0.5287769784172662,831,131,1,147,131,0.9938755609535043,0.9938791391049153
0.2702144924736847,0.9259052924791087,0.8629283489096573,0.9987980769230769,0.5251798561151079,831,132,1,146,132,0.9938755609535043,0.9938791391049153
0.26712980296676736,0.9253897550111359,0.8620331950207469,0.9987980769230769,0.5215827338129496,831,133,1,145,133,0.9938755609535043,0.9938791391049153
0.2600795806549868,0.9248747913188647,0.861139896373057,0.9987980769230769,0.5179856115107914,831,134,1,144,134,0.9938755609535043,0.9938791391049153
0.25664905488940193,0.9243604004449388,0.860248447204969,0.9987980769230769,0.5143884892086331,831,135,1,143,135,0.9938755609535043,0.9938791391049153
0.2563619425529129,0.9238465814341301,0.859358841778697,0.9987980769230769,0.5107913669064749,831,136,1,142,136,0.9938755609535043,0.9938791391049153
0.25559631975988173,0.9233333333333333,0.8584710743801653,0.9987980769230769,0.5071942446043165,831,137,1,141,137,0.9938755609535043,0.9938791391049153
0.255277846626218,0.9228206551915602,0.8575851393188855,0.9987980769230769,0.5035971223021583,831,138,1,140,138,0.9938755609535043,0.9938791391049153
0.2526291425143774,0.9223085460599334,0.856701030927835,0.9987980769230769,0.5,831,139,1,139,139,0.9938755609535043,0.9938791391049153
0.2522345828354151,0.9217970049916805,0.8558187435633368,0.9987980769230769,0.49640287769784175,831,140,1,138,140,0.9938755609535043,0.9938791391049153
0.25213897063278523,0.9212860310421286,0.8549382716049383,0.9987980769230769,0.49280575539568344,831,141,1,137,141,0.9938755609535043,0.9938791391049153
0.25004179920092395,0.9207756232686981,0.8540596094552929,0.9987980769230769,0.4892086330935252,831,142,1,136,142,0.9938755609535043,0.9938791391049153
0.24887390820441846,0.920265780730897,0.8531827515400411,0.9987980769230769,0.4856115107913669,831,143,1,135,143,0.9938755609535043,0.9938791391049153
0.24796196336659881,0.9197565024903155,0.8523076923076923,0.9987980769230769,0.48201438848920863,831,144,1,134,144,0.9938755609535043,0.9938791391049153
0.24750182349063132,0.9192477876106194,0.8514344262295082,0.9987980769230769,0.4784172661870504,831,145,1,133,145,0.9938755609535043,0.9938791391049153
0.24639458286601057,0.9187396351575456,0.8505629477993859,0.9987980769230769,0.4748201438848921,831,146,1,132,146,0.9938755609535043,0.9938791391049153
0.24534147529480776,0.918232044198895,0.8496932515337423,0.9987980769230769,0.4712230215827338,831,147,1,131,147,0.9938755609535043,0.9938791391049153
0.2435977259823452,0.9188293760353395,0.849846782431052,1.0,0.4712230215827338,832,147,0,131,147,0.9938755609535043,0.9938791391049153
0.2434732781784834,0.9183222958057395,0.8489795918367347,1.0,0.4676258992805755,832,148,0,130,148,0.9938755609535043,0.9938791391049153
0.24346656689326296,0.9178157749586321,0.8481141692150866,1.0,0.46402877697841727,832,149,0,129,149,0.9938755609535043,0.9938791391049153
0.2425051942144626,0.9173098125689085,0.8472505091649695,1.0,0.460431654676259,832,150,0,128,150,0.9938755609535043,0.9938791391049153
0.23909866314226014,0.9168044077134986,0.8463886063072228,1.0,0.4568345323741007,832,151,0,127,151,0.9938755609535043,0.9938791391049153
0.23710712879883322,0.9162995594713657,0.8455284552845529,1.0,0.45323741007194246,832,152,0,126,152,0.9938755609535043,0.9938791391049153
0.23679434513011444,0.9157952669235003,0.8446700507614213,1.0,0.44964028776978415,832,153,0,125,153,0.9938755609535043,0.9938791391049153
0.2362615578025511,0.9152915291529153,0.8438133874239351,1.0,0.4460431654676259,832,154,0,124,154,0.9938755609535043,0.9938791391049153
0.23455341511816308,0.9147883452446399,0.8429584599797366,1.0,0.44244604316546765,832,155,0,123,155,0.9938755609535043,0.9938791391049153
0.23400447466632768,0.9142857142857143,0.8421052631578947,1.0,0.43884892086330934,832,156,0,122,156,0.9938755609535043,0.9938791391049153
0.23348992664106605,0.9137836353651839,0.8412537917087968,1.0,0.4352517985611511,832,157,0,121,157,0.9938755609535043,0.9938791391049153
0.2332658899406943,0.9132821075740944,0.8404040404040404,1.0,0.4316546762589928,832,158,0,120,158,0.9938755609535043,0.9938791391049153
0.23131233488632152,0.9127811300054854,0.8395560040363269,1.0,0.42805755395683454,832,159,0,119,159,0.9938755609535043,0.9938791391049153
0.2254256242397975,0.9122807017543859,0.8387096774193549,1.0,0.4244604316546763,832,160,0,118,160,0.9938755609535043,0.9938791391049153
0.22260625643893994,0.9117808219178082,0.837865055387714,1.0,0.420863309352518,832,161,0,117,161,0.9938755609535043,0.9938791391049153
0.2221998052095826,0.9112814895947426,0.8370221327967807,1.0,0.4172661870503597,832,162,0,116,162,0.9938755609535043,0.9938791391049153
0.22200412127250924,0.9107827038861521,0.8361809045226131,1.0,0.4136690647482014,832,163,0,115,163,0.9938755609535043,0.9938791391049153
0.22084380120232716,0.9102844638949672,0.8353413654618473,1.0,0.41007194244604317,832,164,0,114,164,0.9938755609535043,0.9938791391049153
0.21877054501102167,0.9097867687260798,0.8345035105315948,1.0,0.4064748201438849,832,165,0,113,165,0.9938755609535043,0.9938791391049153
0.21874172892706445,0.9092896174863389,0.8336673346693386,1.0,0.4028776978417266,832,166,0,112,166,0.9938755609535043,0.9938791391049153
0.21803089450284507,0.908793009284544,0.8328328328328328,1.0,0.39928057553956836,832,167,0,111,167,0.9938755609535043,0.9938791391049153
0.21798817335774434,0.9082969432314411,0.832,1.0,0.39568345323741005,832,168,0,110,168,0.9938755609535043,0.9938791391049153
0.21710941657653238,0.9078014184397163,0.8311688311688312,1.0,0.3920863309352518,832,169,0,109,169,0.9938755609535043,0.9938791391049153
0.21285695791901782,0.9073064340239912,0.8303393213572854,1.0,0.38848920863309355,832,170,0,108,170,0.9938755609535043,0.9938791391049153
0.2110543334279088,0.9068119891008174,0.8295114656031904,1.0,0.38489208633093525,832,171,0,107,171,0.9938755609535043,0.9938791391049153
0.2099016589138878,0.906318082788671,0.8286852589641435,1.0,0.381294964028777,832,172,0,106,172,0.9938755609535043,0.9938791391049153
0.20548371257690434,0.9058247142079477,0.8278606965174129,1.0,0.3776978417266187,832,173,0,105,173,0.9938755609535043,0.9938791391049153
0.204636801082846,0.9053318824809575,0.827037773359841,1.0,0.37410071942446044,832,174,0,104,174,0.9938755609535043,0.9938791391049153
0.2036467850382393,0.9048395867319196,0.8262164846077458,1.0,0.37050359712230213,832,175,0,103,175,0.9938755609535043,0.9938791391049153
0.20240867978246224,0.9043478260869565,0.8253968253968254,1.0,0.3669064748201439,832,176,0,102,176,0.9938755609535043,0.9938791391049153
0.20133463430480514,0.9038565996740902,0.8245787908820614,1.0,0.36330935251798563,832,177,0,101,177,0.9938755609535043,0.9938791391049153
0.20046952428215248,0.9033659066232356,0.8237623762376237,1.0,0.3597122302158273,832,178,0,100,178,0.9938755609535043,0.9938791391049153
0.2002796325524988,0.9028757460661965,0.8229475766567754,1.0,0.35611510791366907,832,179,0,99,179,0.9938755609535043,0.9938791391049153
0.20007646351149833,0.9023861171366594,0.8221343873517787,1.0,0.35251798561151076,832,180,0,98,180,0.9938755609535043,0.9938791391049153
0.1988881803992706,0.9018970189701897,0.8213228035538006,1.0,0.3489208633093525,832,181,0,97,181,0.9938755609535043,0.9938791391049153
0.19799689296315526,0.9014084507042254,0.8205128205128205,1.0,0.34532374100719426,832,182,0,96,182,0.9938755609535043,0.9938791391049153
0.19792304328571908,0.9009204114780726,0.819704433497537,1.0,0.34172661870503596,832,183,0,95,183,0.9938755609535043,0.9938791391049153
0.19667233743516976,0.9004329004329005,0.8188976377952756,1.0,0.3381294964028777,832,184,0,94,184,0.9938755609535043,0.9938791391049153
0.19649503510796817,0.8999459167117361,0.8180924287118977,1.0,0.3345323741007194,832,185,0,93,185,0.9938755609535043,0.9938791391049153
0.19486115136215976,0.8994594594594595,0.8172888015717092,1.0,0.33093525179856115,832,186,0,92,186,0.9938755609535043,0.9938791391049153
0.19453243406925624,0.8989735278227985,0.81648675171737,1.0,0.3273381294964029,832,187,0,91,187,0.9938755609535043,0.9938791391049153
0.1943673977385456,0.8984881209503239,0.8156862745098039,1.0,0.3237410071942446,832,188,0,90,188,0.9938755609535043,0.9938791391049153
0.19428837497079732,0.8980032379924446,0.8148873653281097,1.0,0.32014388489208634,832,189,0,89,189,0.9938755609535043,0.9938791391049153
0.1931445337630331,0.8975188781014024,0.8140900195694716,1.0,0.31654676258992803,832,190,0,88,190,0.9938755609535043,0.9938791391049153
0.1926617369409871,0.8970350404312668,0.8132942326490714,1.0,0.3129496402877698,832,191,0,87,191,0.9938755609535043,0.9938791391049153
0.19223238117448627,0.896551724137931,0.8125,1.0,0.30935251798561153,832,192,0,86,192,0.9938755609535043,0.9938791391049153
0.18898321485054126,0.8960689283791061,0.8117073170731708,1.0,0.3057553956834532,832,193,0,85,193,0.9938755609535043,0.9938791391049153
0.18665165460257482,0.8955866523143164,0.8109161793372319,1.0,0.302158273381295,832,194,0,84,194,0.9938755609535043,0.9938791391049153
0.1861301519390559,0.8951048951048951,0.810126582278481,1.0,0.29856115107913667,832,195,0,83,195,0.9938755609535043,0.9938791391049153
0.18557565211687987,0.8946236559139785,0.8093385214007782,1.0,0.2949640287769784,832,196,0,82,196,0.9938755609535043,0.9938791391049153
0.18479598089600358,0.8941429339065019,0.8085519922254616,1.0,0.29136690647482016,832,197,0,81,197,0.9938755609535043,0.9938791391049153
0.18395454195421457,0.8936627282491945,0.8077669902912621,1.0,0.28776978417266186,832,198,0,80,198,0.9938755609535043,0.9938791391049153
0.18292728203002906,0.8931830381105743,0.8069835111542192,1.0,0.2841726618705036,832,199,0,79,199,0.9938755609535043,0.9938791391049153
0.17810274535677517,0.8927038626609443,0.8062015503875969,1.0,0.2805755395683453,832,200,0,78,200,0.9938755609535043,0.9938791391049153
0.1759612476783078,0.892225201072386,0.8054211035818006,1.0,0.27697841726618705,832,201,0,77,201,0.9938755609535043,0.9938791391049153
0.17545536497944514,0.8917470525187567,0.804642166344294,1.0,0.2733812949640288,832,202,0,76,202,0.9938755609535043,0.9938791391049153
0.17292907260413304,0.8912694161756829,0.8038647342995169,1.0,0.2697841726618705,832,203,0,75,203,0.9938755609535043,0.9938791391049153
0.1709219217412148,0.8907922912205567,0.803088803088803,1.0,0.26618705035971224,832,204,0,74,204,0.9938755609535043,0.9938791391049153
0.1682136835928899,0.8903156768325308,0.8023143683702989,1.0,0.26258992805755393,832,205,0,73,205,0.9938755609535043,0.9938791391049153
0.16566440725332798,0.8898395721925134,0.8015414258188824,1.0,0.2589928057553957,832,206,0,72,206,0.9938755609535043,0.9938791391049153
0.1656395021896384,0.8893639764831641,0.8007699711260827,1.0,0.25539568345323743,832,207,0,71,207,0.9938755609535043,0.9938791391049153
0.1651976692113417,0.8888888888888888,0.8,1.0,0.2517985611510791,832,208,0,70,208,0.9938755609535043,0.9938791391049153
0.1650847671541007,0.8884143085958356,0.7992315081652257,1.0,0.24820143884892087,832,209,0,69,209,0.9938755609535043,0.9938791391049153
0.1635957074723503,0.887940234791889,0.7984644913627639,1.0,0.2446043165467626,832,210,0,68,210,0.9938755609535043,0.9938791391049153
0.1625642946639967,0.8874666666666666,0.7976989453499521,1.0,0.24100719424460432,832,211,0,67,211,0.9938755609535043,0.9938791391049153
0.16199131707844194,0.8869936034115139,0.7969348659003831,1.0,0.23741007194244604,832,212,0,66,212,0.9938755609535043,0.9938791391049153
0.16077157261933261,0.8865210442194992,0.7961722488038278,1.0,0.23381294964028776,832,213,0,65,213,0.9938755609535043,0.9938791391049153
0.16001655332988696,0.88604898828541,0.7954110898661568,1.0,0.2302158273381295,832,214,0,64,214,0.9938755609535043,0.9938791391049153
0.15998299645765623,0.8855774348057477,0.7946513849092646,1.0,0.22661870503597123,832,215,0,63,215,0.9938755609535043,0.9938791391049153
0.15967963835617804,0.8851063829787233,0.7938931297709924,1.0,0.22302158273381295,832,216,0,62,216,0.9938755609535043,0.9938791391049153
0.15704537201063062,0.8846358320042531,0.7931363203050524,1.0,0.21942446043165467,832,217,0,61,217,0.9938755609535043,0.9938791391049153
0.15668224783079077,0.8841657810839533,0.7923809523809524,1.0,0.2158273381294964,832,218,0,60,218,0.9938755609535043,0.9938791391049153
0.15648472871170438,0.8836962294211365,0.7916270218839201,1.0,0.21223021582733814,832,219,0,59,219,0.9938755609535043,0.9938791391049153
0.15631244781465237,0.8832271762208068,0.7908745247148289,1.0,0.20863309352517986,832,220,0,58,220,0.9938755609535043,0.9938791391049153
0.15502843277063572,0.8827586206896552,0.7901234567901234,1.0,0.20503597122302158,832,221,0,57,221,0.9938755609535043,0.9938791391049153
0.1549825524437458,0.8822905620360552,0.7893738140417458,1.0,0.2014388489208633,832,222,0,56,222,0.9938755609535043,0.9938791391049153
0.15463865682378075,0.8818229994700583,0.7886255924170616,1.0,0.19784172661870503,832,223,0,55,223,0.9938755609535043,0.9938791391049153
0.15369442792999854,0.8813559322033898,0.7878787878787878,1.0,0.19424460431654678,832,224,0,54,224,0.9938755609535043,0.9938791391049153
0.1536443329458157,0.8808893594494441,0.7871333964049196,1.0,0.1906474820143885,832,225,0,53,225,0.9938755609535043,0.9938791391049153
0.15355862804898346,0.8804232804232804,0.7863894139886578,1.0,0.18705035971223022,832,226,0,52,226,0.9938755609535043,0.9938791391049153
0.15341610917203385,0.8799576943416182,0.785646836638338,1.0,0.18345323741007194,832,227,0,51,227,0.9938755609535043,0.9938791391049153
0.15339273944328558,0.879492600422833,0.7849056603773585,1.0,0.17985611510791366,832,228,0,50,228,0.9938755609535043,0.9938791391049153
0.1533416126833811,0.879027997886952,0.7841658812441094,1.0,0.17625899280575538,832,229,0,49,229,0.9938755609535043,0.9938791391049153
0.15292863896351072,0.8785638859556494,0.783427495291902,1.0,0.17266187050359713,832,230,0,48,230,0.9938755609535043,0.9938791391049153
0.15216022018523334,0.8781002638522427,0.7826904985888994,1.0,0.16906474820143885,832,231,0,47,231,0.9938755609535043,0.9938791391049153
0.15129804370367705,0.8776371308016878,0.7819548872180451,1.0,0.16546762589928057,832,232,0,46,232,0.9938755609535043,0.9938791391049153
0.15075917298111818,0.8771744860305746,0.7812206572769953,1.0,0.1618705035971223,832,233,0,45,233,0.9938755609535043,0.9938791391049153
0.15025598607370927,0.8767123287671232,0.7804878048780488,1.0,0.15827338129496402,832,234,0,44,234,0.9938755609535043,0.9938791391049153
0.1498103520659798,0.8762506582411795,0.7797563261480788,1.0,0.15467625899280577,832,235,0,43,235,0.9938755609535043,0.9938791391049153
0.1495450655668893,0.8757894736842106,0.7790262172284644,1.0,0.1510791366906475,832,236,0,42,236,0.9938755609535043,0.9938791391049153
0.14947918011720673,0.8753287743293003,0.7782974742750234,1.0,0.1474820143884892,832,237,0,41,237,0.9938755609535043,0.9938791391049153
0.1489435594798021,0.8748685594111462,0.7775700934579439,1.0,0.14388489208633093,832,238,0,40,238,0.9938755609535043,0.9938791391049153
0.1476106289208069,0.8744088281660536,0.776844070961718,1.0,0.14028776978417265,832,239,0,39,239,0.9938755609535043,0.9938791391049153
0.14726638592228847,0.8739495798319328,0.7761194029850746,1.0,0.1366906474820144,832,240,0,38,240,0.9938755609535043,0.9938791391049153
0.14661644536017338,0.873490813648294,0.7753960857409133,1.0,0.13309352517985612,832,241,0,37,241,0.9938755609535043,0.9938791391049153
0.1449337622696869,0.8730325288562435,0.7746741154562383,1.0,0.12949640287769784,832,242,0,36,242,0.9938755609535043,0.9938791391049153
0.14400635833104536,0.8725747246984793,0.773953488372093,1.0,0.12589928057553956,832,243,0,35,243,0.9938755609535043,0.9938791391049153
0.14176654374744158,0.8721174004192872,0.7732342007434945,1.0,0.1223021582733813,832,244,0,34,244,0.9938755609535043,0.9938791391049153
0.14147691896359682,0.8716605552645365,0.7725162488393686,1.0,0.11870503597122302,832,245,0,33,245,0.9938755609535043,0.9938791391049153
0.13977590815630414,0.8712041884816754,0.7717996289424861,1.0,0.11510791366906475,832,246,0,32,246,0.9938755609535043,0.9938791391049153
0.13974637586386573,0.8707482993197279,0.7710843373493976,1.0,0.11151079136690648,832,247,0,31,247,0.9938755609535043,0.9938791391049153
0.1391582748369975,0.8702928870292888,0.7703703703703704,1.0,0.1079136690647482,832,248,0,30,248,0.9938755609535043,0.9938791391049153
0.13909163106315925,0.8698379508625196,0.7696577243293247,1.0,0.10431654676258993,832,249,0,29,249,0.9938755609535043,0.9938791391049153
0.13892193014052634,0.8693834900731452,0.7689463955637708,1.0,0.10071942446043165,832,250,0,28,250,0.9938755609535043,0.9938791391049153
0.1386701544112019,0.8689295039164491,0.7682363804247461,1.0,0.09712230215827339,832,251,0,27,251,0.9938755609535043,0.9938791391049153
0.138219603161283,0.8684759916492694,0.7675276752767528,1.0,0.09352517985611511,832,252,0,26,252,0.9938755609535043,0.9938791391049153
0.13714594030187177,0.8680229525299947,0.7668202764976959,1.0,0.08992805755395683,832,253,0,25,253,0.9938755609535043,0.9938791391049153
0.1364864381133366,0.867570385818561,0.7661141804788214,1.0,0.08633093525179857,832,254,0,24,254,0.9938755609535043,0.9938791391049153
0.13617174111870578,0.8671182907764461,0.765409383624655,1.0,0.08273381294964029,832,255,0,23,255,0.9938755609535043,0.9938791391049153
0.13580908902607836,0.8666666666666667,0.7647058823529411,1.0,0.07913669064748201,832,256,0,22,256,0.9938755609535043,0.9938791391049153
0.13570187332674333,0.8662155127537741,0.7640036730945822,1.0,0.07553956834532374,832,257,0,21,257,0.9938755609535043,0.9938791391049153
0.13448734245791172,0.8657648283038502,0.763302752293578,1.0,0.07194244604316546,832,258,0,20,258,0.9938755609535043,0.9938791391049153
0.13357956722043474,0.8653146125845034,0.7626031164069661,1.0,0.0683453237410072,832,259,0,19,259,0.9938755609535043,0.9938791391049153
0.1325553483141957,0.8648648648648649,0.7619047619047619,1.0,0.06474820143884892,832,260,0,18,260,0.9938755609535043,0.9938791391049153
0.1319526522906569,0.8644155844155844,0.7612076852698993,1.0,0.06115107913669065,832,261,0,17,261,0.9938755609535043,0.9938791391049153
0.13193595036397487,0.8639667705088265,0.7605118829981719,1.0,0.05755395683453238,832,262,0,16,262,0.9938755609535043,0.9938791391049153
0.1310293422355897,0.8635184224182667,0.7598173515981735,1.0,0.0539568345323741,832,263,0,15,263,0.9938755609535043,0.9938791391049153
0.13102090570533442,0.8630705394190872,0.7591240875912408,1.0,0.050359712230215826,832,264,0,14,264,0.9938755609535043,0.9938791391049153
0.12822312170726413,0.8626231207879731,0.7584320875113947,1.0,0.046762589928057555,832,265,0,13,265,0.9938755609535043,0.9938791391049153
0.12751160529496453,0.8621761658031089,0.7577413479052824,1.0,0.04316546762589928,832,266,0,12,266,0.9938755609535043,0.9938791391049153
0.12689182829367296,0.861729673744174,0.7570518653321201,1.0,0.039568345323741004,832,267,0,11,267,0.9938755609535043,0.9938791391049153
0.1257665429842213,0.8612836438923396,0.7563636363636363,1.0,0.03597122302158273,832,268,0,10,268,0.9938755609535043,0.9938791391049153
0.12503992238643868,0.8608380755302638,0.7556766575840145,1.0,0.03237410071942446,832,269,0,9,269,0.9938755609535043,0.9938791391049153
0.12426798979147591,0.860392967942089,0.7549909255898367,1.0,0.02877697841726619,832,270,0,8,270,0.9938755609535043,0.9938791391049153
0.12235706413744218,0.8599483204134367,0.7543064369900272,1.0,0.025179856115107913,832,271,0,7,271,0.9938755609535043,0.9938791391049153
0.1222762100267828,0.859504132231405,0.7536231884057971,1.0,0.02158273381294964,832,272,0,6,272,0.9938755609535043,0.9938791391049153
0.12167991222524643,0.8590604026845637,0.7529411764705882,1.0,0.017985611510791366,832,273,0,5,273,0.9938755609535043,0.9938791391049153
0.12150877279017347,0.8586171310629515,0.7522603978300181,1.0,0.014388489208633094,832,274,0,4,274,0.9938755609535043,0.9938791391049153
0.12105221628484752,0.8581743166580712,0.7515808491418248,1.0,0.01079136690647482,832,275,0,3,275,0.9938755609535043,0.9938791391049153
0.11892628263313432,0.8577319587628865,0.7509025270758123,1.0,0.007194244604316547,832,276,0,2,276,0.9938755609535043,0.9938791391049153
0.11445362262469261,0.8572900566718187,0.7502254283137962,1.0,0.0035971223021582736,832,277,0,1,277,0.9938755609535043,0.9938791391049153
0.11136419718566759,0.8568486096807415,0.7495495495495496,1.0,0.0,832,278,0,0,278,0.9938755609535043,0.9938791391049153
