threshold,f1,precision,recall,tnr,tp,fp,fn,tn_unknown,fp_unknown,auc_pr_trapezoid,ap_pr_step
0.9564443000952835,0.0,,0.0,1.0,0,0,832,278,0,0.9216456525116096,0.9217254258381025
0.9564443000952834,0.0024009603841536613,1.0,0.001201923076923077,1.0,1,0,831,278,0,0.9216456525116096,0.9217254258381025
0.9523049122410849,0.004796163069544364,1.0,0.002403846153846154,1.0,2,0,830,278,0,0.9216456525116096,0.9217254258381025
0.9519026508420333,0.00718562874251497,1.0,0.003605769230769231,1.0,3,0,829,278,0,0.9216456525116096,0.9217254258381025
0.9518149117347593,0.009569377990430622,1.0,0.004807692307692308,1.0,4,0,828,278,0,0.9216456525116096,0.9217254258381025
0.9515563722499357,0.011947431302270013,1.0,0.006009615384615385,1.0,5,0,827,278,0,0.9216456525116096,0.9217254258381025
0.9515302682464765,0.014319809069212411,1.0,0.007211538461538462,1.0,6,0,826,278,0,0.9216456525116096,0.9217254258381025
0.9514502792193558,0.0166865315852205,1.0,0.008413461538461538,1.0,7,0,825,278,0,0.9216456525116096,0.9217254258381025
0.945169738110913,0.01904761904761905,1.0,0.009615384615384616,1.0,8,0,824,278,0,0.9216456525116096,0.9217254258381025
0.9425391086258813,0.02140309155766944,1.0,0.010817307692307692,1.0,9,0,823,278,0,0.9216456525116096,0.9217254258381025
0.9422457699837883,0.023752969121140142,1.0,0.01201923076923077,1.0,10,0,822,278,0,0.9216456525116096,0.9217254258381025
0.9421699280787826,0.02609727164887307,1.0,0.013221153846153846,1.0,11,0,821,278,0,0.9216456525116096,0.9217254258381025
0.9411649477384254,0.02843601895734597,1.0,0.014423076923076924,1.0,12,0,820,278,0,0.9216456525116096,0.9217254258381025
0.9399503312848612,0.03076923076923077,1.0,0.015625,1.0,13,0,819,278,0,0.9216456525116096,0.9217254258381025
0.9393228737572584,0.03309692671394799,1.0,0.016826923076923076,1.0,14,0,818,278,0,0.9216456525116096,0.9217254258381025
0.9391778528073051,0.03541912632821724,1.0,0.018028846153846152,1.0,15,0,817,278,0,0.9216456525116096,0.9217254258381025
0.938934528837578,0.03773584905660377,1.0,0.019230769230769232,1.0,16,0,816,278,0,0.9216456525116096,0.9217254258381025
0.9385780551049944,0.04004711425206125,1.0,0.020432692307692308,1.0,17,0,815,278,0,0.9216456525116096,0.9217254258381025
0.9378110428167217,0.042352941176470586,1.0,0.021634615384615384,1.0,18,0,814,278,0,0.9216456525116096,0.9217254258381025
0.9351442163254139,0.04465334900117509,1.0,0.02283653846153846,1.0,19,0,813,278,0,0.9216456525116096,0.9217254258381025
0.9351383142294005,0.046948356807511735,1.0,0.02403846153846154,1.0,20,0,812,278,0,0.9216456525116096,0.9217254258381025
0.934518522055175,0.0492379835873388,1.0,0.025240384615384616,1.0,21,0,811,278,0,0.9216456525116096,0.9217254258381025
0.9336144835817297,0.05152224824355972,1.0,0.026442307692307692,1.0,22,0,810,278,0,0.9216456525116096,0.9217254258381025
0.9308013032711664,0.05380116959064327,1.0,0.027644230769230768,1.0,23,0,809,278,0,0.9216456525116096,0.9217254258381025
0.9307862446873326,0.056074766355140186,1.0,0.028846153846153848,1.0,24,0,808,278,0,0.9216456525116096,0.9217254258381025
0.9292879369259356,0.058343057176196034,1.0,0.030048076923076924,1.0,25,0,807,278,0,0.9216456525116096,0.9217254258381025
0.9291325172530389,0.06060606060606061,1.0,0.03125,1.0,26,0,806,278,0,0.9216456525116096,0.9217254258381025
0.928674740167686,0.06286379511059371,1.0,0.03245192307692308,1.0,27,0,805,278,0,0.9216456525116096,0.9217254258381025
0.9282859920045977,0.06511627906976744,1.0,0.03365384615384615,1.0,28,0,804,278,0,0.9216456525116096,0.9217254258381025
0.9282825506334705,0.06736353077816493,1.0,0.03485576923076923,1.0,29,0,803,278,0,0.9216456525116096,0.9217254258381025
0.927095424793612,0.06960556844547564,1.0,0.036057692307692304,1.0,30,0,802,278,0,0.9216456525116096,0.9217254258381025
0.9251361670414766,0.07184241019698726,1.0,0.037259615384615384,1.0,31,0,801,278,0,0.9216456525116096,0.9217254258381025
0.9232291679511052,0.07407407407407407,1.0,0.038461538461538464,1.0,32,0,800,278,0,0.9216456525116096,0.9217254258381025
0.92294488485995,0.07630057803468208,1.0,0.039663461538461536,1.0,33,0,799,278,0,0.9216456525116096,0.9217254258381025
0.9217891633143259,0.07852193995381063,1.0,0.040865384615384616,1.0,34,0,798,278,0,0.9216456525116096,0.9217254258381025
0.9211791545996164,0.08073817762399077,1.0,0.042067307692307696,1.0,35,0,797,278,0,0.9216456525116096,0.9217254258381025
0.9206263971333082,0.08294930875576037,1.0,0.04326923076923077,1.0,36,0,796,278,0,0.9216456525116096,0.9217254258381025
0.9200934037525319,0.08515535097813579,1.0,0.04447115384615385,1.0,37,0,795,278,0,0.9216456525116096,0.9217254258381025
0.9175796584674427,0.08735632183908046,1.0,0.04567307692307692,1.0,38,0,794,278,0,0.9216456525116096,0.9217254258381025
0.9137395873407006,0.08955223880597014,1.0,0.046875,1.0,39,0,793,278,0,0.9216456525116096,0.9217254258381025
0.9122775616285963,0.09174311926605505,1.0,0.04807692307692308,1.0,40,0,792,278,0,0.9216456525116096,0.9217254258381025
0.9109389303155966,0.09392898052691867,1.0,0.04927884615384615,1.0,41,0,791,278,0,0.9216456525116096,0.9217254258381025
0.9107275794360301,0.09610983981693363,1.0,0.05048076923076923,1.0,42,0,790,278,0,0.9216456525116096,0.9217254258381025
0.9093182039186098,0.09828571428571428,1.0,0.051682692307692304,1.0,43,0,789,278,0,0.9216456525116096,0.9217254258381025
0.9082699313283882,0.1004566210045662,1.0,0.052884615384615384,1.0,44,0,788,278,0,0.9216456525116096,0.9217254258381025
0.9081390192830119,0.10262257696693272,1.0,0.054086538461538464,1.0,45,0,787,278,0,0.9216456525116096,0.9217254258381025
0.9077531264080637,0.10478359908883828,1.0,0.055288461538461536,1.0,46,0,786,278,0,0.9216456525116096,0.9217254258381025
0.9070472493609003,0.10693970420932879,1.0,0.056490384615384616,1.0,47,0,785,278,0,0.9216456525116096,0.9217254258381025
0.9069041369607396,0.10909090909090909,1.0,0.057692307692307696,1.0,48,0,784,278,0,0.9216456525116096,0.9217254258381025
0.9063158863848414,0.1112372304199773,1.0,0.05889423076923077,1.0,49,0,783,278,0,0.9216456525116096,0.9217254258381025
0.9060988005176476,0.11337868480725624,1.0,0.06009615384615385,1.0,50,0,782,278,0,0.9216456525116096,0.9217254258381025
0.905526470423525,0.11551528878822197,1.0,0.06129807692307692,1.0,51,0,781,278,0,0.9216456525116096,0.9217254258381025
0.9050852826819724,0.11764705882352941,1.0,0.0625,1.0,52,0,780,278,0,0.9216456525116096,0.9217254258381025
0.9044897189726075,0.11977401129943503,1.0,0.06370192307692307,1.0,53,0,779,278,0,0.9216456525116096,0.9217254258381025
0.904216616164594,0.12189616252821671,1.0,0.06490384615384616,1.0,54,0,778,278,0,0.9216456525116096,0.9217254258381025
0.9035722442211336,0.12401352874859076,1.0,0.06610576923076923,1.0,55,0,777,278,0,0.9216456525116096,0.9217254258381025
0.9031796216350134,0.12612612612612611,1.0,0.0673076923076923,1.0,56,0,776,278,0,0.9216456525116096,0.9217254258381025
0.9026838948880839,0.12823397075365578,1.0,0.06850961538461539,1.0,57,0,775,278,0,0.9216456525116096,0.9217254258381025
0.9019161764698663,0.1303370786516854,1.0,0.06971153846153846,1.0,58,0,774,278,0,0.9216456525116096,0.9217254258381025
0.9017427743654253,0.1324354657687991,1.0,0.07091346153846154,1.0,59,0,773,278,0,0.9216456525116096,0.9217254258381025
0.9011636460125486,0.13452914798206278,1.0,0.07211538461538461,1.0,60,0,772,278,0,0.9216456525116096,0.9217254258381025
0.8998683217273401,0.1366181410974244,1.0,0.0733173076923077,1.0,61,0,771,278,0,0.9216456525116096,0.9217254258381025
0.8984320941446013,0.13870246085011187,1.0,0.07451923076923077,1.0,62,0,770,278,0,0.9216456525116096,0.9217254258381025
0.8975886147307474,0.14078212290502792,1.0,0.07572115384615384,1.0,63,0,769,278,0,0.9216456525116096,0.9217254258381025
0.897485343477341,0.14285714285714285,1.0,0.07692307692307693,1.0,64,0,768,278,0,0.9216456525116096,0.9217254258381025
0.8965051021638111,0.14492753623188406,1.0,0.078125,1.0,65,0,767,278,0,0.9216456525116096,0.9217254258381025
0.894354574070865,0.14699331848552338,1.0,0.07932692307692307,1.0,66,0,766,278,0,0.9216456525116096,0.9217254258381025
0.893765967487043,0.14905450500556172,1.0,0.08052884615384616,1.0,67,0,765,278,0,0.9216456525116096,0.9217254258381025
0.8936685421299518,0.1511111111111111,1.0,0.08173076923076923,1.0,68,0,764,278,0,0.9216456525116096,0.9217254258381025
0.8934539499229891,0.15316315205327413,1.0,0.0829326923076923,1.0,69,0,763,278,0,0.9216456525116096,0.9217254258381025
0.8930559004814499,0.15521064301552107,1.0,0.08413461538461539,1.0,70,0,762,278,0,0.9216456525116096,0.9217254258381025
0.8928674859929346,0.15725359911406422,1.0,0.08533653846153846,1.0,71,0,761,278,0,0.9216456525116096,0.9217254258381025
0.8928147857685802,0.1592920353982301,1.0,0.08653846153846154,1.0,72,0,760,278,0,0.9216456525116096,0.9217254258381025
0.8928063637337509,0.16132596685082873,1.0,0.08774038461538461,1.0,73,0,759,278,0,0.9216456525116096,0.9217254258381025
0.8924218915149692,0.16335540838852097,1.0,0.0889423076923077,1.0,74,0,758,278,0,0.9216456525116096,0.9217254258381025
0.8924147448128621,0.16538037486218302,1.0,0.09014423076923077,1.0,75,0,757,278,0,0.9216456525116096,0.9217254258381025
0.8924081660729618,0.16740088105726872,1.0,0.09134615384615384,1.0,76,0,756,278,0,0.9216456525116096,0.9217254258381025
0.8919207661336945,0.1694169416941694,1.0,0.09254807692307693,1.0,77,0,755,278,0,0.9216456525116096,0.9217254258381025
0.8901115341322157,0.17142857142857143,1.0,0.09375,1.0,78,0,754,278,0,0.9216456525116096,0.9217254258381025
0.8895838695310657,0.1734357848518112,1.0,0.09495192307692307,1.0,79,0,753,278,0,0.9216456525116096,0.9217254258381025
0.8868940621736222,0.17543859649122806,1.0,0.09615384615384616,1.0,80,0,752,278,0,0.9216456525116096,0.9217254258381025
0.8865339701942524,0.1774370208105148,1.0,0.09735576923076923,1.0,81,0,751,278,0,0.9216456525116096,0.9217254258381025
0.8864972094370527,0.1772428884026258,0.9878048780487805,0.09735576923076923,0.9964028776978417,81,1,751,277,1,0.9216456525116096,0.9217254258381025
0.8861221883768494,0.17704918032786884,0.9759036144578314,0.09735576923076923,0.9928057553956835,81,2,751,276,2,0.9216456525116096,0.9217254258381025
0.8853150616605279,0.17903930131004367,0.9761904761904762,0.0985576923076923,0.9928057553956835,82,2,750,276,2,0.9216456525116096,0.9217254258381025
0.8832966308582721,0.18102508178844057,0.9764705882352941,0.09975961538461539,0.9928057553956835,83,2,749,276,2,0.9216456525116096,0.9217254258381025
0.8826917008710922,0.1830065359477124,0.9767441860465116,0.10096153846153846,0.9928057553956835,84,2,748,276,2,0.9216456525116096,0.9217254258381025
0.8809410836921325,0.18498367791077258,0.9770114942528736,0.10216346153846154,0.9928057553956835,85,2,747,276,2,0.9216456525116096,0.9217254258381025
0.8799688631414551,0.18695652173913044,0.9772727272727273,0.10336538461538461,0.9928057553956835,86,2,746,276,2,0.9216456525116096,0.9217254258381025
0.8790505649625565,0.18892508143322476,0.9775280898876404,0.1045673076923077,0.9928057553956835,87,2,745,276,2,0.9216456525116096,0.9217254258381025
0.8789373795077251,0.19088937093275488,0.9777777777777777,0.10576923076923077,0.9928057553956835,88,2,744,276,2,0.9216456525116096,0.9217254258381025
0.8784417556805341,0.19284940411700974,0.978021978021978,0.10697115384615384,0.9928057553956835,89,2,743,276,2,0.9216456525116096,0.9217254258381025
0.8775261343554567,0.19480519480519481,0.9782608695652174,0.10817307692307693,0.9928057553956835,90,2,742,276,2,0.9216456525116096,0.9217254258381025
0.8770325824181326,0.19675675675675675,0.978494623655914,0.109375,0.9928057553956835,91,2,741,276,2,0.9216456525116096,0.9217254258381025
0.877025343481509,0.19870410367170627,0.9787234042553191,0.11057692307692307,0.9928057553956835,92,2,740,276,2,0.9216456525116096,0.9217254258381025
0.8739146721812276,0.20064724919093851,0.9789473684210527,0.11177884615384616,0.9928057553956835,93,2,739,276,2,0.9216456525116096,0.9217254258381025
0.8731712952731606,0.20043103448275862,0.96875,0.11177884615384616,0.9892086330935251,93,3,739,275,3,0.9216456525116096,0.9217254258381025
0.8730541312640923,0.2023681377825619,0.9690721649484536,0.11298076923076923,0.9892086330935251,94,3,738,275,3,0.9216456525116096,0.9217254258381025
0.871415840717432,0.20430107526881722,0.9693877551020408,0.1141826923076923,0.9892086330935251,95,3,737,275,3,0.9216456525116096,0.9217254258381025
0.871236074886943,0.20622986036519872,0.9696969696969697,0.11538461538461539,0.9892086330935251,96,3,736,275,3,0.9216456525116096,0.9217254258381025
0.8702932685922247,0.20815450643776823,0.97,0.11658653846153846,0.9892086330935251,97,3,735,275,3,0.9216456525116096,0.9217254258381025
0.8680745855328535,0.21007502679528403,0.9702970297029703,0.11778846153846154,0.9892086330935251,98,3,734,275,3,0.9216456525116096,0.9217254258381025
0.8674783029911455,0.21199143468950749,0.9705882352941176,0.11899038461538461,0.9892086330935251,99,3,733,275,3,0.9216456525116096,0.9217254258381025
0.8662610917514456,0.21390374331550802,0.970873786407767,0.1201923076923077,0.9892086330935251,100,3,732,275,3,0.9216456525116096,0.9217254258381025
0.8649084684552041,0.21581196581196582,0.9711538461538461,0.12139423076923077,0.9892086330935251,101,3,731,275,3,0.9216456525116096,0.9217254258381025
0.8640124475713857,0.21771611526147278,0.9714285714285714,0.12259615384615384,0.9892086330935251,102,3,730,275,3,0.9216456525116096,0.9217254258381025
0.8634621333205719,0.21961620469083157,0.9716981132075472,0.12379807692307693,0.9892086330935251,103,3,729,275,3,0.9216456525116096,0.9217254258381025
0.862327445835329,0.2215122470713525,0.9719626168224299,0.125,0.9892086330935251,104,3,728,275,3,0.9216456525116096,0.9217254258381025
0.8616427248159464,0.22340425531914893,0.9722222222222222,0.12620192307692307,0.9892086330935251,105,3,727,275,3,0.9216456525116096,0.9217254258381025
0.8615875720129162,0.2252922422954304,0.9724770642201835,0.12740384615384615,0.9892086330935251,106,3,726,275,3,0.9216456525116096,0.9217254258381025
0.8609535276804785,0.22717622080679406,0.9727272727272728,0.12860576923076922,0.9892086330935251,107,3,725,275,3,0.9216456525116096,0.9217254258381025
0.8607392241280849,0.22905620360551432,0.972972972972973,0.12980769230769232,0.9892086330935251,108,3,724,275,3,0.9216456525116096,0.9217254258381025
0.8601044980540644,0.2309322033898305,0.9732142857142857,0.1310096153846154,0.9892086330935251,109,3,723,275,3,0.9216456525116096,0.9217254258381025
0.858885408249178,0.2328042328042328,0.9734513274336283,0.13221153846153846,0.9892086330935251,110,3,722,275,3,0.9216456525116096,0.9217254258381025
0.8583181724091804,0.2346723044397463,0.9736842105263158,0.13341346153846154,0.9892086330935251,111,3,721,275,3,0.9216456525116096,0.9217254258381025
0.8581111342077818,0.2365364308342133,0.9739130434782609,0.1346153846153846,0.9892086330935251,112,3,720,275,3,0.9216456525116096,0.9217254258381025
0.8580639770673916,0.23839662447257384,0.9741379310344828,0.13581730769230768,0.9892086330935251,113,3,719,275,3,0.9216456525116096,0.9217254258381025
0.8578253316949224,0.24025289778714437,0.9743589743589743,0.13701923076923078,0.9892086330935251,114,3,718,275,3,0.9216456525116096,0.9217254258381025
0.8570870957151494,0.24210526315789474,0.9745762711864406,0.13822115384615385,0.9892086330935251,115,3,717,275,3,0.9216456525116096,0.9217254258381025
0.8557404373388606,0.24395373291272346,0.9747899159663865,0.13942307692307693,0.9892086330935251,116,3,716,275,3,0.9216456525116096,0.9217254258381025
0.8555556867497054,0.24579831932773108,0.975,0.140625,0.9892086330935251,117,3,715,275,3,0.9216456525116096,0.9217254258381025
0.8554810437927827,0.24554039874081846,0.9669421487603306,0.140625,0.9856115107913669,117,4,715,274,4,0.9216456525116096,0.9217254258381025
0.8534926862190311,0.24737945492662475,0.9672131147540983,0.14182692307692307,0.9856115107913669,118,4,714,274,4,0.9216456525116096,0.9217254258381025
0.8522711243771283,0.24921465968586387,0.967479674796748,0.14302884615384615,0.9856115107913669,119,4,713,274,4,0.9216456525116096,0.9217254258381025
0.8512916064417391,0.2510460251046025,0.967741935483871,0.14423076923076922,0.9856115107913669,120,4,712,274,4,0.9216456525116096,0.9217254258381025
0.8509383205345276,0.25287356321839083,0.968,0.14543269230769232,0.9856115107913669,121,4,711,274,4,0.9216456525116096,0.9217254258381025
0.8506668758229967,0.2546972860125261,0.9682539682539683,0.1466346153846154,0.9856115107913669,122,4,710,274,4,0.9216456525116096,0.9217254258381025
0.850641161399111,0.25651720542231493,0.968503937007874,0.14783653846153846,0.9856115107913669,123,4,709,274,4,0.9216456525116096,0.9217254258381025
0.8503233614355991,0.25833333333333336,0.96875,0.14903846153846154,0.9856115107913669,124,4,708,274,4,0.9216456525116096,0.9217254258381025
0.8500002858451076,0.2601456815816857,0.9689922480620154,0.1502403846153846,0.9856115107913669,125,4,707,274,4,0.9216456525116096,0.9217254258381025
0.8495071139051613,0.26195426195426197,0.9692307692307692,0.15144230769230768,0.9856115107913669,126,4,706,274,4,0.9216456525116096,0.9217254258381025
0.8489530324198789,0.26375908618899274,0.9694656488549618,0.15264423076923078,0.9856115107913669,127,4,705,274,4,0.9216456525116096,0.9217254258381025
0.8480762772907777,0.26556016597510373,0.9696969696969697,0.15384615384615385,0.9856115107913669,128,4,704,274,4,0.9216456525116096,0.9217254258381025
0.8475018847447832,0.26735751295336785,0.9699248120300752,0.15504807692307693,0.9856115107913669,129,4,703,274,4,0.9216456525116096,0.9217254258381025
0.8474854123651065,0.2691511387163561,0.9701492537313433,0.15625,0.9856115107913669,130,4,702,274,4,0.9216456525116096,0.9217254258381025
0.8472983138237987,0.2688728024819028,0.9629629629629629,0.15625,0.9820143884892086,130,5,702,273,5,0.9216456525116096,0.9217254258381025
0.8470675599428477,0.2706611570247934,0.9632352941176471,0.15745192307692307,0.9820143884892086,131,5,701,273,5,0.9216456525116096,0.9217254258381025
0.847026107804209,0.2724458204334365,0.9635036496350365,0.15865384615384615,0.9820143884892086,132,5,700,273,5,0.9216456525116096,0.9217254258381025
0.8465609784527236,0.27422680412371137,0.9637681159420289,0.15985576923076922,0.9820143884892086,133,5,699,273,5,0.9216456525116096,0.9217254258381025
0.8461450406077087,0.2760041194644696,0.9640287769784173,0.16105769230769232,0.9820143884892086,134,5,698,273,5,0.9216456525116096,0.9217254258381025
0.8455714237828039,0.2777777777777778,0.9642857142857143,0.1622596153846154,0.9820143884892086,135,5,697,273,5,0.9216456525116096,0.9217254258381025
0.8455504144340573,0.2795477903391572,0.9645390070921985,0.16346153846153846,0.9820143884892086,136,5,696,273,5,0.9216456525116096,0.9217254258381025
0.8452861801809655,0.2813141683778234,0.9647887323943662,0.16466346153846154,0.9820143884892086,137,5,695,273,5,0.9216456525116096,0.9217254258381025
0.8452092773489666,0.28307692307692306,0.965034965034965,0.1658653846153846,0.9820143884892086,138,5,694,273,5,0.9216456525116096,0.9217254258381025
0.8449596407630788,0.2848360655737705,0.9652777777777778,0.16706730769230768,0.9820143884892086,139,5,693,273,5,0.9216456525116096,0.9217254258381025
0.8448836825423107,0.2865916069600819,0.9655172413793104,0.16826923076923078,0.9820143884892086,140,5,692,273,5,0.9216456525116096,0.9217254258381025
0.8447183231963721,0.2883435582822086,0.9657534246575342,0.16947115384615385,0.9820143884892086,141,5,691,273,5,0.9216456525116096,0.9217254258381025
0.8429548019702624,0.2900919305413687,0.9659863945578231,0.17067307692307693,0.9820143884892086,142,5,690,273,5,0.9216456525116096,0.9217254258381025
0.8423184257644536,0.29183673469387755,0.9662162162162162,0.171875,0.9820143884892086,143,5,689,273,5,0.9216456525116096,0.9217254258381025
0.8421510773814151,0.29357798165137616,0.9664429530201343,0.17307692307692307,0.9820143884892086,144,5,688,273,5,0.9216456525116096,0.9217254258381025
0.8410798736130738,0.2953156822810591,0.9666666666666667,0.17427884615384615,0.9820143884892086,145,5,687,273,5,0.9216456525116096,0.9217254258381025
0.8408977816645204,0.2970498474059003,0.9668874172185431,0.17548076923076922,0.9820143884892086,146,5,686,273,5,0.9216456525116096,0.9217254258381025
0.8405207189241422,0.29878048780487804,0.9671052631578947,0.17668269230769232,0.9820143884892086,147,5,685,273,5,0.9216456525116096,0.9217254258381025
0.8394808190257474,0.300507614213198,0.9673202614379085,0.1778846153846154,0.9820143884892086,148,5,684,273,5,0.9216456525116096,0.9217254258381025
0.8385695470890804,0.3022312373225152,0.9675324675324676,0.17908653846153846,0.9820143884892086,149,5,683,273,5,0.9216456525116096,0.9217254258381025
0.838456018477108,0.303951367781155,0.967741935483871,0.18028846153846154,0.9820143884892086,150,5,682,273,5,0.9216456525116096,0.9217254258381025
0.836609717337162,0.305668016194332,0.967948717948718,0.1814903846153846,0.9820143884892086,151,5,681,273,5,0.9216456525116096,0.9217254258381025
0.8363277058089196,0.30738119312436807,0.9681528662420382,0.18269230769230768,0.9820143884892086,152,5,680,273,5,0.9216456525116096,0.9217254258381025
0.8344309105244367,0.3090909090909091,0.9683544303797469,0.18389423076923078,0.9820143884892086,153,5,679,273,5,0.9216456525116096,0.9217254258381025
0.8304467086653897,0.31079717457114026,0.9685534591194969,0.18509615384615385,0.9820143884892086,154,5,678,273,5,0.9216456525116096,0.9217254258381025
0.8304399873131072,0.3125,0.96875,0.18629807692307693,0.9820143884892086,155,5,677,273,5,0.9216456525116096,0.9217254258381025
0.8303823091441064,0.31419939577039274,0.968944099378882,0.1875,0.9820143884892086,156,5,676,273,5,0.9216456525116096,0.9217254258381025
0.8300676261666924,0.3158953722334004,0.9691358024691358,0.18870192307692307,0.9820143884892086,157,5,675,273,5,0.9216456525116096,0.9217254258381025
0.8296980531808776,0.31758793969849247,0.9693251533742331,0.18990384615384615,0.9820143884892086,158,5,674,273,5,0.9216456525116096,0.9217254258381025
0.8264112347061914,0.3192771084337349,0.9695121951219512,0.19110576923076922,0.9820143884892086,159,5,673,273,5,0.9216456525116096,0.9217254258381025
0.8258921625847695,0.320962888665998,0.9696969696969697,0.19230769230769232,0.9820143884892086,160,5,672,273,5,0.9216456525116096,0.9217254258381025
0.8251014107897221,0.3226452905811623,0.9698795180722891,0.1935096153846154,0.9820143884892086,161,5,671,273,5,0.9216456525116096,0.9217254258381025
0.8240086196090637,0.32432432432432434,0.9700598802395209,0.19471153846153846,0.9820143884892086,162,5,670,273,5,0.9216456525116096,0.9217254258381025
0.8237381463796627,0.326,0.9702380952380952,0.19591346153846154,0.9820143884892086,163,5,669,273,5,0.9216456525116096,0.9217254258381025
0.8226627011646247,0.3276723276723277,0.9704142011834319,0.1971153846153846,0.9820143884892086,164,5,668,273,5,0.9216456525116096,0.9217254258381025
0.8224658635634123,0.32934131736526945,0.9705882352941176,0.19831730769230768,0.9820143884892086,165,5,667,273,5,0.9216456525116096,0.9217254258381025
0.8224367694719059,0.33100697906281157,0.9707602339181286,0.19951923076923078,0.9820143884892086,166,5,666,273,5,0.9216456525116096,0.9217254258381025
0.8224067870759507,0.33266932270916333,0.9709302325581395,0.20072115384615385,0.9820143884892086,167,5,665,273,5,0.9216456525116096,0.9217254258381025
0.8223922892802227,0.33432835820895523,0.9710982658959537,0.20192307692307693,0.9820143884892086,168,5,664,273,5,0.9216456525116096,0.9217254258381025
0.8215656966789382,0.3359840954274354,0.9712643678160919,0.203125,0.9820143884892086,169,5,663,273,5,0.9216456525116096,0.9217254258381025
0.8212829467714802,0.33763654419066536,0.9714285714285714,0.20432692307692307,0.9820143884892086,170,5,662,273,5,0.9216456525116096,0.9217254258381025
0.8198141043285497,0.3373015873015873,0.9659090909090909,0.20432692307692307,0.9784172661870504,170,6,662,272,6,0.9216456525116096,0.9217254258381025
0.8196755886576823,0.3389494549058474,0.9661016949152542,0.20552884615384615,0.9784172661870504,171,6,661,272,6,0.9216456525116096,0.9217254258381025
0.818896476626384,0.3405940594059406,0.9662921348314607,0.20673076923076922,0.9784172661870504,172,6,660,272,6,0.9216456525116096,0.9217254258381025
0.8186759801110499,0.34223541048466866,0.9664804469273743,0.20793269230769232,0.9784172661870504,173,6,659,272,6,0.9216456525116096,0.9217254258381025
0.817265560909926,0.3438735177865613,0.9666666666666667,0.2091346153846154,0.9784172661870504,174,6,658,272,6,0.9216456525116096,0.9217254258381025
0.8169029375768396,0.3455083909180652,0.9668508287292817,0.21033653846153846,0.9784172661870504,175,6,657,272,6,0.9216456525116096,0.9217254258381025
0.8167924695931887,0.34714003944773175,0.967032967032967,0.21153846153846154,0.9784172661870504,176,6,656,272,6,0.9216456525116096,0.9217254258381025
0.8167040907708647,0.34876847290640395,0.9672131147540983,0.2127403846153846,0.9784172661870504,177,6,655,272,6,0.9216456525116096,0.9217254258381025
0.8156781489876471,0.35039370078740156,0.967391304347826,0.21394230769230768,0.9784172661870504,178,6,654,272,6,0.9216456525116096,0.9217254258381025
0.8148600609077444,0.352015732546706,0.9675675675675676,0.21514423076923078,0.9784172661870504,179,6,653,272,6,0.9216456525116096,0.9217254258381025
0.8136355945517098,0.35363457760314343,0.967741935483871,0.21634615384615385,0.9784172661870504,180,6,652,272,6,0.9216456525116096,0.9217254258381025
0.8130942631916004,0.35525024533856725,0.9679144385026738,0.21754807692307693,0.9784172661870504,181,6,651,272,6,0.9216456525116096,0.9217254258381025
0.8120245259674231,0.3568627450980392,0.9680851063829787,0.21875,0.9784172661870504,182,6,650,272,6,0.9216456525116096,0.9217254258381025
0.8111113953892728,0.356513222331048,0.9629629629629629,0.21875,0.9748201438848921,182,7,650,271,7,0.9216456525116096,0.9217254258381025
0.8110704790643503,0.35812133072407043,0.9631578947368421,0.21995192307692307,0.9748201438848921,183,7,649,271,7,0.9216456525116096,0.9217254258381025
0.8108477137053338,0.3597262952101662,0.9633507853403142,0.22115384615384615,0.9748201438848921,184,7,648,271,7,0.9216456525116096,0.9217254258381025
0.8088895030686554,0.361328125,0.9635416666666666,0.22235576923076922,0.9748201438848921,185,7,647,271,7,0.9216456525116096,0.9217254258381025
0.8088260542287469,0.36097560975609755,0.9585492227979274,0.22235576923076922,0.9712230215827338,185,8,647,270,8,0.9216456525116096,0.9217254258381025
0.8077834916162432,0.36257309941520466,0.9587628865979382,0.22355769230769232,0.9712230215827338,186,8,646,270,8,0.9216456525116096,0.9217254258381025
0.807536115461158,0.3641674780915287,0.958974358974359,0.2247596153846154,0.9712230215827338,187,8,645,270,8,0.9216456525116096,0.9217254258381025
0.8069986909299038,0.3657587548638132,0.9591836734693877,0.22596153846153846,0.9712230215827338,188,8,644,270,8,0.9216456525116096,0.9217254258381025
0.8064868276686208,0.3673469387755102,0.9593908629441624,0.22716346153846154,0.9712230215827338,189,8,643,270,8,0.9216456525116096,0.9217254258381025
0.8063962847022426,0.36893203883495146,0.9595959595959596,0.2283653846153846,0.9712230215827338,190,8,642,270,8,0.9216456525116096,0.9217254258381025
0.8060338716696529,0.3705140640155189,0.9597989949748744,0.22956730769230768,0.9712230215827338,191,8,641,270,8,0.9216456525116096,0.9217254258381025
0.806031673394285,0.37209302325581395,0.96,0.23076923076923078,0.9712230215827338,192,8,640,270,8,0.9216456525116096,0.9217254258381025
0.805753053471677,0.3736689254598258,0.9601990049751243,0.23197115384615385,0.9712230215827338,193,8,639,270,8,0.9216456525116096,0.9217254258381025
0.8055386243966168,0.37524177949709864,0.9603960396039604,0.23317307692307693,0.9712230215827338,194,8,638,270,8,0.9216456525116096,0.9217254258381025
0.805070212085454,0.37681159420289856,0.9605911330049262,0.234375,0.9712230215827338,195,8,637,270,8,0.9216456525116096,0.9217254258381025
0.8045485517379947,0.3783783783783784,0.9607843137254902,0.23557692307692307,0.9712230215827338,196,8,636,270,8,0.9216456525116096,0.9217254258381025
0.8045348431386278,0.3799421407907425,0.9609756097560975,0.23677884615384615,0.9712230215827338,197,8,635,270,8,0.9216456525116096,0.9217254258381025
0.8043016075896641,0.3815028901734104,0.9611650485436893,0.23798076923076922,0.9712230215827338,198,8,634,270,8,0.9216456525116096,0.9217254258381025
0.8038608708437307,0.383060635226179,0.961352657004831,0.23918269230769232,0.9712230215827338,199,8,633,270,8,0.9216456525116096,0.9217254258381025
0.8038336252660493,0.38269230769230766,0.9567307692307693,0.23918269230769232,0.9676258992805755,199,9,633,269,9,0.9216456525116096,0.9217254258381025
0.8034853364342355,0.38424591738712777,0.9569377990430622,0.2403846153846154,0.9676258992805755,200,9,632,269,9,0.9216456525116096,0.9217254258381025
0.8034683312117464,0.3857965451055662,0.9571428571428572,0.24158653846153846,0.9676258992805755,201,9,631,269,9,0.9216456525116096,0.9217254258381025
0.8033604640115188,0.3854266538830297,0.95260663507109,0.24158653846153846,0.9640287769784173,201,10,631,268,10,0.9216456525116096,0.9217254258381025
0.8031067978199079,0.38697318007662834,0.9528301886792453,0.24278846153846154,0.9640287769784173,202,10,630,268,10,0.9216456525116096,0.9217254258381025
0.8030948872748391,0.38851674641148326,0.9530516431924883,0.2439903846153846,0.9640287769784173,203,10,629,268,10,0.9216456525116096,0.9217254258381025
0.8028798232647733,0.390057361376673,0.9532710280373832,0.24519230769230768,0.9640287769784173,204,10,628,268,10,0.9216456525116096,0.9217254258381025
0.8028154154001158,0.39159503342884433,0.9534883720930233,0.24639423076923078,0.9640287769784173,205,10,627,268,10,0.9216456525116096,0.9217254258381025
0.8021868175267384,0.3931297709923664,0.9537037037037037,0.24759615384615385,0.9640287769784173,206,10,626,268,10,0.9216456525116096,0.9217254258381025
0.8017575404422842,0.39466158245948524,0.9539170506912442,0.24879807692307693,0.9640287769784173,207,10,625,268,10,0.9216456525116096,0.9217254258381025
0.8014746881135946,0.3961904761904762,0.9541284403669725,0.25,0.9640287769784173,208,10,624,268,10,0.9216456525116096,0.9217254258381025
0.8014039972853971,0.3977164605137964,0.954337899543379,0.2512019230769231,0.9640287769784173,209,10,623,268,10,0.9216456525116096,0.9217254258381025
0.8004467419341705,0.39923954372623577,0.9545454545454546,0.25240384615384615,0.9640287769784173,210,10,622,268,10,0.9216456525116096,0.9217254258381025
0.7999441313153647,0.4007597340930674,0.9547511312217195,0.2536057692307692,0.9640287769784173,211,10,621,268,10,0.9216456525116096,0.9217254258381025
0.7993138814168921,0.40227703984819735,0.954954954954955,0.2548076923076923,0.9640287769784173,212,10,620,268,10,0.9216456525116096,0.9217254258381025
0.7992908568882633,0.4037914691943128,0.9551569506726457,0.25600961538461536,0.9640287769784173,213,10,619,268,10,0.9216456525116096,0.9217254258381025
0.7990923806047547,0.4053030303030303,0.9553571428571429,0.25721153846153844,0.9640287769784173,214,10,618,268,10,0.9216456525116096,0.9217254258381025
0.7988943622477006,0.40681173131504256,0.9555555555555556,0.25841346153846156,0.9640287769784173,215,10,617,268,10,0.9216456525116096,0.9217254258381025
0.7988877212636174,0.4064272211720227,0.9513274336283186,0.25841346153846156,0.960431654676259,215,11,617,267,11,0.9216456525116096,0.9217254258381025
0.7982744688472775,0.40793201133144474,0.9515418502202643,0.25961538461538464,0.960431654676259,216,11,616,267,11,0.9216456525116096,0.9217254258381025
0.7981176196481294,0.40943396226415096,0.9517543859649122,0.2608173076923077,0.960431654676259,217,11,615,267,11,0.9216456525116096,0.9217254258381025
0.797660805652916,0.410933081998115,0.9519650655021834,0.2620192307692308,0.960431654676259,218,11,614,267,11,0.9216456525116096,0.9217254258381025
0.7976430135249726,0.4124293785310734,0.9521739130434783,0.26322115384615385,0.960431654676259,219,11,613,267,11,0.9216456525116096,0.9217254258381025
0.7973982701513231,0.4139228598306679,0.9523809523809523,0.2644230769230769,0.960431654676259,220,11,612,267,11,0.9216456525116096,0.9217254258381025
0.7970526739074114,0.41353383458646614,0.9482758620689655,0.2644230769230769,0.9568345323741008,220,12,612,266,12,0.9216456525116096,0.9217254258381025
0.796601309785352,0.41502347417840374,0.9484978540772532,0.265625,0.9568345323741008,221,12,611,266,12,0.9216456525116096,0.9217254258381025
0.7961609590379308,0.4165103189493433,0.9487179487179487,0.2668269230769231,0.9568345323741008,222,12,610,266,12,0.9216456525116096,0.9217254258381025
0.795700343903811,0.41611996251171507,0.9446808510638298,0.2668269230769231,0.9532374100719424,222,13,610,265,13,0.9216456525116096,0.9217254258381025
0.7936903552090291,0.41760299625468167,0.9449152542372882,0.26802884615384615,0.9532374100719424,223,13,609,265,13,0.9216456525116096,0.9217254258381025
0.7926822045060731,0.41908325537885877,0.9451476793248945,0.2692307692307692,0.9532374100719424,224,13,608,265,13,0.9216456525116096,0.9217254258381025
0.7916313002894273,0.4205607476635514,0.9453781512605042,0.2704326923076923,0.9532374100719424,225,13,607,265,13,0.9216456525116096,0.9217254258381025
0.7904622079636676,0.42016806722689076,0.9414225941422594,0.2704326923076923,0.9496402877697842,225,14,607,264,14,0.9216456525116096,0.9217254258381025
0.7903987886816886,0.4197761194029851,0.9375,0.2704326923076923,0.9460431654676259,225,15,607,263,15,0.9216456525116096,0.9217254258381025
0.7893150716960071,0.4193849021435228,0.9336099585062241,0.2704326923076923,0.9424460431654677,225,16,607,262,16,0.9216456525116096,0.9217254258381025
0.7892290067604446,0.4208566108007449,0.9338842975206612,0.27163461538461536,0.9424460431654677,226,16,606,262,16,0.9216456525116096,0.9217254258381025
0.7867915594558634,0.4223255813953488,0.934156378600823,0.27283653846153844,0.9424460431654677,227,16,605,262,16,0.9216456525116096,0.9217254258381025
0.7855716073921106,0.42379182156133827,0.9344262295081968,0.27403846153846156,0.9424460431654677,228,16,604,262,16,0.9216456525116096,0.9217254258381025
0.784995515203444,0.4233983286908078,0.9306122448979591,0.27403846153846156,0.9388489208633094,228,17,604,261,17,0.9216456525116096,0.9217254258381025
0.7844000753581647,0.424860853432282,0.9308943089430894,0.27524038461538464,0.9388489208633094,229,17,603,261,17,0.9216456525116096,0.9217254258381025
0.7843388711537296,0.4263206672845227,0.9311740890688259,0.2764423076923077,0.9388489208633094,230,17,602,261,17,0.9216456525116096,0.9217254258381025
0.784213742752657,0.42777777777777776,0.9314516129032258,0.2776442307692308,0.9388489208633094,231,17,601,261,17,0.9216456525116096,0.9217254258381025
0.7838742714571305,0.42923219241443106,0.9317269076305221,0.27884615384615385,0.9388489208633094,232,17,600,261,17,0.9216456525116096,0.9217254258381025
0.7836069559771965,0.43068391866913125,0.932,0.2800480769230769,0.9388489208633094,233,17,599,261,17,0.9216456525116096,0.9217254258381025
0.7821116725098591,0.43213296398891965,0.9322709163346613,0.28125,0.9388489208633094,234,17,598,261,17,0.9216456525116096,0.9217254258381025
0.7816685512603934,0.43357933579335795,0.9325396825396826,0.2824519230769231,0.9388489208633094,235,17,597,261,17,0.9216456525116096,0.9217254258381025
0.7805544503739641,0.43502304147465437,0.932806324110672,0.28365384615384615,0.9388489208633094,236,17,596,261,17,0.9216456525116096,0.9217254258381025
0.779629345473426,0.43646408839779005,0.9330708661417323,0.2848557692307692,0.9388489208633094,237,17,595,261,17,0.9216456525116096,0.9217254258381025
0.7789047030910796,0.43790248390064396,0.9333333333333333,0.2860576923076923,0.9388489208633094,238,17,594,261,17,0.9216456525116096,0.9217254258381025
0.7788130576256488,0.43933823529411764,0.93359375,0.28725961538461536,0.9388489208633094,239,17,593,261,17,0.9216456525116096,0.9217254258381025
0.778667287137963,0.44077134986225897,0.933852140077821,0.28846153846153844,0.9388489208633094,240,17,592,261,17,0.9216456525116096,0.9217254258381025
0.7782792877936028,0.44220183486238535,0.9341085271317829,0.28966346153846156,0.9388489208633094,241,17,591,261,17,0.9216456525116096,0.9217254258381025
0.7778030559086317,0.44362969752520626,0.9343629343629344,0.29086538461538464,0.9388489208633094,242,17,590,261,17,0.9216456525116096,0.9217254258381025
0.7777549916292777,0.44505494505494503,0.9346153846153846,0.2920673076923077,0.9388489208633094,243,17,589,261,17,0.9216456525116096,0.9217254258381025
0.7770338044114534,0.4464775846294602,0.9348659003831418,0.2932692307692308,0.9388489208633094,244,17,588,261,17,0.9216456525116096,0.9217254258381025
0.7766238923091153,0.44789762340036565,0.9351145038167938,0.29447115384615385,0.9388489208633094,245,17,587,261,17,0.9216456525116096,0.9217254258381025
0.776183735380849,0.44931506849315067,0.935361216730038,0.2956730769230769,0.9388489208633094,246,17,586,261,17,0.9216456525116096,0.9217254258381025
0.7754240353993109,0.45072992700729925,0.9356060606060606,0.296875,0.9388489208633094,247,17,585,261,17,0.9216456525116096,0.9217254258381025
0.7748199306292809,0.45214220601640837,0.9358490566037736,0.2980769230769231,0.9388489208633094,248,17,584,261,17,0.9216456525116096,0.9217254258381025
0.7743969945443139,0.453551912568306,0.9360902255639098,0.29927884615384615,0.9388489208633094,249,17,583,261,17,0.9216456525116096,0.9217254258381025
0.7743925041521771,0.4549590536851683,0.9363295880149812,0.3004807692307692,0.9388489208633094,250,17,582,261,17,0.9216456525116096,0.9217254258381025
0.773624279982495,0.45636363636363636,0.9365671641791045,0.3016826923076923,0.9388489208633094,251,17,581,261,17,0.9216456525116096,0.9217254258381025
0.7719174842302273,0.45776566757493187,0.9368029739776952,0.30288461538461536,0.9388489208633094,252,17,580,261,17,0.9216456525116096,0.9217254258381025
0.7715730510377423,0.4591651542649728,0.937037037037037,0.30408653846153844,0.9388489208633094,253,17,579,261,17,0.9216456525116096,0.9217254258381025
0.7699622043651408,0.4605621033544878,0.9372693726937269,0.30528846153846156,0.9388489208633094,254,17,578,261,17,0.9216456525116096,0.9217254258381025
0.7697274089947539,0.46195652173913043,0.9375,0.30649038461538464,0.9388489208633094,255,17,577,261,17,0.9216456525116096,0.9217254258381025
0.7693067054001892,0.4633484162895928,0.9377289377289377,0.3076923076923077,0.9388489208633094,256,17,576,261,17,0.9216456525116096,0.9217254258381025
0.767702980044616,0.46473779385171793,0.9379562043795621,0.3088942307692308,0.9388489208633094,257,17,575,261,17,0.9216456525116096,0.9217254258381025
0.7676487120109448,0.46612466124661245,0.9381818181818182,0.31009615384615385,0.9388489208633094,258,17,574,261,17,0.9216456525116096,0.9217254258381025
0.7673740214357806,0.4675090252707581,0.9384057971014492,0.3112980769230769,0.9388489208633094,259,17,573,261,17,0.9216456525116096,0.9217254258381025
0.7673386682089304,0.4670874661857529,0.9350180505415162,0.3112980769230769,0.935251798561151,259,18,573,260,18,0.9216456525116096,0.9217254258381025
0.7673257741886095,0.46846846846846846,0.935251798561151,0.3125,0.935251798561151,260,18,572,260,18,0.9216456525116096,0.9217254258381025
0.7672678290734919,0.46984698469846986,0.9354838709677419,0.3137019230769231,0.935251798561151,261,18,571,260,18,0.9216456525116096,0.9217254258381025
0.766782659920666,0.4712230215827338,0.9357142857142857,0.31490384615384615,0.935251798561151,262,18,570,260,18,0.9216456525116096,0.9217254258381025
0.7667052935388462,0.47079964061096136,0.9323843416370107,0.31490384615384615,0.9316546762589928,262,19,570,259,19,0.9216456525116096,0.9217254258381025
0.7664918162256612,0.47217235188509876,0.9326241134751773,0.3161057692307692,0.9316546762589928,263,19,569,259,19,0.9216456525116096,0.9217254258381025
0.7659592438552614,0.473542600896861,0.9328621908127208,0.3173076923076923,0.9316546762589928,264,19,568,259,19,0.9216456525116096,0.9217254258381025
0.7646354036317617,0.47491039426523296,0.9330985915492958,0.31850961538461536,0.9316546762589928,265,19,567,259,19,0.9216456525116096,0.9217254258381025
0.7646073623893015,0.4762757385854969,0.9333333333333333,0.31971153846153844,0.9316546762589928,266,19,566,259,19,0.9216456525116096,0.9217254258381025
0.7645720582809824,0.4776386404293381,0.9335664335664335,0.32091346153846156,0.9316546762589928,267,19,565,259,19,0.9216456525116096,0.9217254258381025
0.7640914202886258,0.47899910634495085,0.9337979094076655,0.32211538461538464,0.9316546762589928,268,19,564,259,19,0.9216456525116096,0.9217254258381025
0.7636286897709733,0.48035714285714287,0.9340277777777778,0.3233173076923077,0.9316546762589928,269,19,563,259,19,0.9216456525116096,0.9217254258381025
0.7625160190391101,0.4817127564674398,0.9342560553633218,0.3245192307692308,0.9316546762589928,270,19,562,259,19,0.9216456525116096,0.9217254258381025
0.7607117497673326,0.48128342245989303,0.9310344827586207,0.3245192307692308,0.9280575539568345,270,20,562,258,20,0.9216456525116096,0.9217254258381025
0.7593824885652275,0.4826357969723954,0.9312714776632303,0.32572115384615385,0.9280575539568345,271,20,561,258,20,0.9216456525116096,0.9217254258381025
0.7589210112807607,0.48398576512455516,0.9315068493150684,0.3269230769230769,0.9280575539568345,272,20,560,258,20,0.9216456525116096,0.9217254258381025
0.7586059289048076,0.48533333333333334,0.931740614334471,0.328125,0.9280575539568345,273,20,559,258,20,0.9216456525116096,0.9217254258381025
0.7584870666677046,0.4866785079928952,0.9319727891156463,0.3293269230769231,0.9280575539568345,274,20,558,258,20,0.9216456525116096,0.9217254258381025
0.7578073546152859,0.4880212954747116,0.9322033898305084,0.33052884615384615,0.9280575539568345,275,20,557,258,20,0.9216456525116096,0.9217254258381025
0.7569584372410019,0.48936170212765956,0.9324324324324325,0.3317307692307692,0.9280575539568345,276,20,556,258,20,0.9216456525116096,0.9217254258381025
0.756726774604016,0.49069973427812225,0.9326599326599326,0.3329326923076923,0.9280575539568345,277,20,555,258,20,0.9216456525116096,0.9217254258381025
0.7553435110182737,0.4920353982300885,0.9328859060402684,0.33413461538461536,0.9280575539568345,278,20,554,258,20,0.9216456525116096,0.9217254258381025
0.7549856503275616,0.493368700265252,0.9331103678929766,0.33533653846153844,0.9280575539568345,279,20,553,258,20,0.9216456525116096,0.9217254258381025
0.754958789324954,0.49469964664310956,0.9333333333333333,0.33653846153846156,0.9280575539568345,280,20,552,258,20,0.9216456525116096,0.9217254258381025
0.754842912906416,0.4960282436010591,0.9335548172757475,0.33774038461538464,0.9280575539568345,281,20,551,258,20,0.9216456525116096,0.9217254258381025
0.7547273510456043,0.4973544973544973,0.9337748344370861,0.3389423076923077,0.9280575539568345,282,20,550,258,20,0.9216456525116096,0.9217254258381025
0.7540182862610176,0.4986784140969163,0.933993399339934,0.3401442307692308,0.9280575539568345,283,20,549,258,20,0.9216456525116096,0.9217254258381025
0.7535884276835826,0.5,0.9342105263157895,0.34134615384615385,0.9280575539568345,284,20,548,258,20,0.9216456525116096,0.9217254258381025
0.7531931071489758,0.5013192612137203,0.9344262295081968,0.3425480769230769,0.9280575539568345,285,20,547,258,20,0.9216456525116096,0.9217254258381025
0.752952147592314,0.5026362038664324,0.934640522875817,0.34375,0.9280575539568345,286,20,546,258,20,0.9216456525116096,0.9217254258381025
0.7525845434037639,0.5039508340649693,0.9348534201954397,0.3449519230769231,0.9280575539568345,287,20,545,258,20,0.9216456525116096,0.9217254258381025
0.7522759654835551,0.5052631578947369,0.935064935064935,0.34615384615384615,0.9280575539568345,288,20,544,258,20,0.9216456525116096,0.9217254258381025
0.7520810381770353,0.5065731814198072,0.9352750809061489,0.3473557692307692,0.9280575539568345,289,20,543,258,20,0.9216456525116096,0.9217254258381025
0.7516265821508594,0.5078809106830122,0.9354838709677419,0.3485576923076923,0.9280575539568345,290,20,542,258,20,0.9216456525116096,0.9217254258381025
0.7513255787709887,0.5091863517060368,0.9356913183279743,0.34975961538461536,0.9280575539568345,291,20,541,258,20,0.9216456525116096,0.9217254258381025
0.7513101825288451,0.5104895104895105,0.9358974358974359,0.35096153846153844,0.9280575539568345,292,20,540,258,20,0.9216456525116096,0.9217254258381025
0.7513083173490771,0.5117903930131005,0.9361022364217252,0.35216346153846156,0.9280575539568345,293,20,539,258,20,0.9216456525116096,0.9217254258381025
0.7503986938179819,0.5130890052356021,0.9363057324840764,0.35336538461538464,0.9280575539568345,294,20,538,258,20,0.9216456525116096,0.9217254258381025
0.7492848279057143,0.5143853530950305,0.9365079365079365,0.3545673076923077,0.9280575539568345,295,20,537,258,20,0.9216456525116096,0.9217254258381025
0.7489082072695468,0.5156794425087108,0.9367088607594937,0.3557692307692308,0.9280575539568345,296,20,536,258,20,0.9216456525116096,0.9217254258381025
0.7486277371328084,0.5169712793733682,0.9369085173501577,0.35697115384615385,0.9280575539568345,297,20,535,258,20,0.9216456525116096,0.9217254258381025
0.7486015302125637,0.5182608695652174,0.9371069182389937,0.3581730769230769,0.9280575539568345,298,20,534,258,20,0.9216456525116096,0.9217254258381025
0.7480494399466718,0.5195482189400521,0.9373040752351097,0.359375,0.9280575539568345,299,20,533,258,20,0.9216456525116096,0.9217254258381025
0.7478412865165789,0.5208333333333334,0.9375,0.3605769230769231,0.9280575539568345,300,20,532,258,20,0.9216456525116096,0.9217254258381025
0.7468534976896746,0.5221162185602776,0.9376947040498442,0.36177884615384615,0.9280575539568345,301,20,531,258,20,0.9216456525116096,0.9217254258381025
0.7468255637506682,0.5233968804159446,0.937888198757764,0.3629807692307692,0.9280575539568345,302,20,530,258,20,0.9216456525116096,0.9217254258381025
0.7462905151243767,0.5246753246753246,0.9380804953560371,0.3641826923076923,0.9280575539568345,303,20,529,258,20,0.9216456525116096,0.9217254258381025
0.74600285620818,0.5259515570934256,0.9382716049382716,0.36538461538461536,0.9280575539568345,304,20,528,258,20,0.9216456525116096,0.9217254258381025
0.7438824480508671,0.5272255834053586,0.9384615384615385,0.36658653846153844,0.9280575539568345,305,20,527,258,20,0.9216456525116096,0.9217254258381025
0.742864335548435,0.5284974093264249,0.9386503067484663,0.36778846153846156,0.9280575539568345,306,20,526,258,20,0.9216456525116096,0.9217254258381025
0.7426276276288692,0.5297670405522001,0.9388379204892966,0.36899038461538464,0.9280575539568345,307,20,525,258,20,0.9216456525116096,0.9217254258381025
0.7418887435658654,0.5310344827586206,0.9390243902439024,0.3701923076923077,0.9280575539568345,308,20,524,258,20,0.9216456525116096,0.9217254258381025
0.7415919056830704,0.5305770887166236,0.9361702127659575,0.3701923076923077,0.9244604316546763,308,21,524,257,21,0.9216456525116096,0.9217254258381025
0.7409618909502276,0.53184165232358,0.9363636363636364,0.3713942307692308,0.9244604316546763,309,21,523,257,21,0.9216456525116096,0.9217254258381025
0.7406399077860258,0.5331040412725709,0.9365558912386707,0.37259615384615385,0.9244604316546763,310,21,522,257,21,0.9216456525116096,0.9217254258381025
0.7405198254247771,0.5343642611683849,0.9367469879518072,0.3737980769230769,0.9244604316546763,311,21,521,257,21,0.9216456525116096,0.9217254258381025
0.7404009827902192,0.5356223175965665,0.9369369369369369,0.375,0.9244604316546763,312,21,520,257,21,0.9216456525116096,0.9217254258381025
0.7402001519351149,0.5368782161234992,0.937125748502994,0.3762019230769231,0.9244604316546763,313,21,519,257,21,0.9216456525116096,0.9217254258381025
0.7398185101595642,0.5381319622964867,0.9373134328358209,0.37740384615384615,0.9244604316546763,314,21,518,257,21,0.9216456525116096,0.9217254258381025
0.7394517249212518,0.5393835616438356,0.9375,0.3786057692307692,0.9244604316546763,315,21,517,257,21,0.9216456525116096,0.9217254258381025
0.7389761487384523,0.5406330196749358,0.9376854599406528,0.3798076923076923,0.9244604316546763,316,21,516,257,21,0.9216456525116096,0.9217254258381025
0.7388929735613794,0.5418803418803418,0.9378698224852071,0.38100961538461536,0.9244604316546763,317,21,515,257,21,0.9216456525116096,0.9217254258381025
0.738692613517524,0.5431255337318531,0.9380530973451328,0.38221153846153844,0.9244604316546763,318,21,514,257,21,0.9216456525116096,0.9217254258381025
0.7383377371309636,0.5443686006825939,0.9382352941176471,0.38341346153846156,0.9244604316546763,319,21,513,257,21,0.9216456525116096,0.9217254258381025
0.7375925791883414,0.545609548167093,0.9384164222873901,0.38461538461538464,0.9244604316546763,320,21,512,257,21,0.9216456525116096,0.9217254258381025
0.7375877163491247,0.5468483816013628,0.9385964912280702,0.3858173076923077,0.9244604316546763,321,21,511,257,21,0.9216456525116096,0.9217254258381025
0.7374644353445221,0.5480851063829787,0.9387755102040817,0.3870192307692308,0.9244604316546763,322,21,510,257,21,0.9216456525116096,0.9217254258381025
0.7365941413523435,0.5493197278911565,0.938953488372093,0.38822115384615385,0.9244604316546763,323,21,509,257,21,0.9216456525116096,0.9217254258381025
0.7361516649823842,0.550552251486831,0.9391304347826087,0.3894230769230769,0.9244604316546763,324,21,508,257,21,0.9216456525116096,0.9217254258381025
0.7361398919817965,0.5517826825127334,0.9393063583815029,0.390625,0.9244604316546763,325,21,507,257,21,0.9216456525116096,0.9217254258381025
0.7351914921387548,0.553011026293469,0.9394812680115274,0.3918269230769231,0.9244604316546763,326,21,506,257,21,0.9216456525116096,0.9217254258381025
0.7350561489660373,0.5542372881355933,0.9396551724137931,0.39302884615384615,0.9244604316546763,327,21,505,257,21,0.9216456525116096,0.9217254258381025
0.7348857766154095,0.5554614733276884,0.9398280802292264,0.3942307692307692,0.9244604316546763,328,21,504,257,21,0.9216456525116096,0.9217254258381025
0.7337381048786602,0.55668358714044,0.94,0.3954326923076923,0.9244604316546763,329,21,503,257,21,0.9216456525116096,0.9217254258381025
0.7336930689996175,0.5579036348267118,0.9401709401709402,0.39663461538461536,0.9244604316546763,330,21,502,257,21,0.9216456525116096,0.9217254258381025
0.7333604988865599,0.5591216216216216,0.9403409090909091,0.39783653846153844,0.9244604316546763,331,21,501,257,21,0.9216456525116096,0.9217254258381025
0.7332635704726047,0.560337552742616,0.9405099150141643,0.39903846153846156,0.9244604316546763,332,21,500,257,21,0.9216456525116096,0.9217254258381025
0.7324128431559584,0.5615514333895447,0.940677966101695,0.40024038461538464,0.9244604316546763,333,21,499,257,21,0.9216456525116096,0.9217254258381025
0.7312631819344528,0.5627632687447346,0.9408450704225352,0.4014423076923077,0.9244604316546763,334,21,498,257,21,0.9216456525116096,0.9217254258381025
0.7305766223733776,0.563973063973064,0.9410112359550562,0.4026442307692308,0.9244604316546763,335,21,497,257,21,0.9216456525116096,0.9217254258381025
0.7301589916825199,0.5651808242220353,0.9411764705882353,0.40384615384615385,0.9244604316546763,336,21,496,257,21,0.9216456525116096,0.9217254258381025
0.7300309336246541,0.5663865546218487,0.9413407821229051,0.4050480769230769,0.9244604316546763,337,21,495,257,21,0.9216456525116096,0.9217254258381025
0.7299950388757921,0.5675902602854744,0.9415041782729805,0.40625,0.9244604316546763,338,21,494,257,21,0.9216456525116096,0.9217254258381025
0.7298238538193533,0.5687919463087249,0.9416666666666667,0.4074519230769231,0.9244604316546763,339,21,493,257,21,0.9216456525116096,0.9217254258381025
0.7293271015952068,0.5699916177703269,0.9418282548476454,0.40865384615384615,0.9244604316546763,340,21,492,257,21,0.9216456525116096,0.9217254258381025
0.7288363736107963,0.5711892797319933,0.9419889502762431,0.4098557692307692,0.9244604316546763,341,21,491,257,21,0.9216456525116096,0.9217254258381025
0.7288226156292537,0.5723849372384937,0.9421487603305785,0.4110576923076923,0.9244604316546763,342,21,490,257,21,0.9216456525116096,0.9217254258381025
0.7286987951121321,0.5735785953177257,0.9423076923076923,0.41225961538461536,0.9244604316546763,343,21,489,257,21,0.9216456525116096,0.9217254258381025
0.7284139401919109,0.5747702589807853,0.9424657534246575,0.41346153846153844,0.9244604316546763,344,21,488,257,21,0.9216456525116096,0.9217254258381025
0.7280322607203318,0.5759599332220368,0.9426229508196722,0.41466346153846156,0.9244604316546763,345,21,487,257,21,0.9216456525116096,0.9217254258381025
0.7279432386162734,0.5771476230191827,0.9427792915531336,0.41586538461538464,0.9244604316546763,346,21,486,257,21,0.9216456525116096,0.9217254258381025
0.7271242805374205,0.5783333333333334,0.9429347826086957,0.4170673076923077,0.9244604316546763,347,21,485,257,21,0.9216456525116096,0.9217254258381025
0.7269351940735538,0.5795170691090757,0.943089430894309,0.4182692307692308,0.9244604316546763,348,21,484,257,21,0.9216456525116096,0.9217254258381025
0.726611288968598,0.5806988352745425,0.9432432432432433,0.41947115384615385,0.9244604316546763,349,21,483,257,21,0.9216456525116096,0.9217254258381025
0.726276347147306,0.5818786367414797,0.9433962264150944,0.4206730769230769,0.9244604316546763,350,21,482,257,21,0.9216456525116096,0.9217254258381025
0.726097739856091,0.5830564784053156,0.9435483870967742,0.421875,0.9244604316546763,351,21,481,257,21,0.9216456525116096,0.9217254258381025
0.7247011296247229,0.5842323651452282,0.9436997319034852,0.4230769230769231,0.9244604316546763,352,21,480,257,21,0.9216456525116096,0.9217254258381025
0.7234575193605685,0.5854063018242123,0.9438502673796791,0.42427884615384615,0.9244604316546763,353,21,479,257,21,0.9216456525116096,0.9217254258381025
0.723385180957828,0.5865782932891467,0.944,0.4254807692307692,0.9244604316546763,354,21,478,257,21,0.9216456525116096,0.9217254258381025
0.7233464624384638,0.5860927152317881,0.9414893617021277,0.4254807692307692,0.920863309352518,354,22,478,256,22,0.9216456525116096,0.9217254258381025
0.7233307362960449,0.587262200165426,0.9416445623342176,0.4266826923076923,0.920863309352518,355,22,477,256,22,0.9216456525116096,0.9217254258381025
0.7222631158632886,0.5884297520661157,0.9417989417989417,0.42788461538461536,0.920863309352518,356,22,476,256,22,0.9216456525116096,0.9217254258381025
0.7221935540819959,0.5895953757225434,0.941952506596306,0.42908653846153844,0.920863309352518,357,22,475,256,22,0.9216456525116096,0.9217254258381025
0.721072672138156,0.5907590759075908,0.9421052631578948,0.43028846153846156,0.920863309352518,358,22,474,256,22,0.9216456525116096,0.9217254258381025
0.7207484322491717,0.5919208573784006,0.9422572178477691,0.43149038461538464,0.920863309352518,359,22,473,256,22,0.9216456525116096,0.9217254258381025
0.7202107316280253,0.5930807248764415,0.9424083769633508,0.4326923076923077,0.920863309352518,360,22,472,256,22,0.9216456525116096,0.9217254258381025
0.7196846930154022,0.594238683127572,0.9425587467362925,0.4338942307692308,0.920863309352518,361,22,471,256,22,0.9216456525116096,0.9217254258381025
0.7195891821286396,0.5953947368421053,0.9427083333333334,0.43509615384615385,0.920863309352518,362,22,470,256,22,0.9216456525116096,0.9217254258381025
0.7185447229713138,0.5965488907148726,0.9428571428571428,0.4362980769230769,0.920863309352518,363,22,469,256,22,0.9216456525116096,0.9217254258381025
0.718261203691906,0.5977011494252874,0.9430051813471503,0.4375,0.920863309352518,364,22,468,256,22,0.9216456525116096,0.9217254258381025
0.7181303595781197,0.5988515176374077,0.9431524547803618,0.4387019230769231,0.920863309352518,365,22,467,256,22,0.9216456525116096,0.9217254258381025
0.7180938440595244,0.6,0.9432989690721649,0.43990384615384615,0.920863309352518,366,22,466,256,22,0.9216456525116096,0.9217254258381025
0.7180287183092197,0.5995085995085995,0.9408740359897172,0.43990384615384615,0.9172661870503597,366,23,466,255,23,0.9216456525116096,0.9217254258381025
0.7179915670998311,0.6006546644844517,0.941025641025641,0.4411057692307692,0.9172661870503597,367,23,465,255,23,0.9216456525116096,0.9217254258381025
0.7178087925616434,0.6017988552739166,0.9411764705882353,0.4423076923076923,0.9172661870503597,368,23,464,255,23,0.9216456525116096,0.9217254258381025
0.7176885861259308,0.6029411764705882,0.9413265306122449,0.44350961538461536,0.9172661870503597,369,23,463,255,23,0.9216456525116096,0.9217254258381025
0.7170422105056649,0.6040816326530613,0.9414758269720102,0.44471153846153844,0.9172661870503597,370,23,462,255,23,0.9216456525116096,0.9217254258381025
0.7167874719835089,0.6052202283849919,0.9416243654822335,0.44591346153846156,0.9172661870503597,371,23,461,255,23,0.9216456525116096,0.9217254258381025
0.7165058015111629,0.6063569682151589,0.9417721518987342,0.44711538461538464,0.9172661870503597,372,23,460,255,23,0.9216456525116096,0.9217254258381025
0.7165029037591718,0.6074918566775245,0.9419191919191919,0.4483173076923077,0.9172661870503597,373,23,459,255,23,0.9216456525116096,0.9217254258381025
0.7157750867315162,0.6086248982912937,0.9420654911838791,0.4495192307692308,0.9172661870503597,374,23,458,255,23,0.9216456525116096,0.9217254258381025
0.7154042229243904,0.6097560975609756,0.9422110552763819,0.45072115384615385,0.9172661870503597,375,23,457,255,23,0.9216456525116096,0.9217254258381025
0.7153219149230675,0.6108854589764419,0.9423558897243107,0.4519230769230769,0.9172661870503597,376,23,456,255,23,0.9216456525116096,0.9217254258381025
0.7149424658075825,0.612012987012987,0.9425,0.453125,0.9172661870503597,377,23,455,255,23,0.9216456525116096,0.9217254258381025
0.7135180519202784,0.6131386861313869,0.942643391521197,0.4543269230769231,0.9172661870503597,378,23,454,255,23,0.9216456525116096,0.9217254258381025
0.7125344561325246,0.6142625607779578,0.9427860696517413,0.45552884615384615,0.9172661870503597,379,23,453,255,23,0.9216456525116096,0.9217254258381025
0.7123118521602203,0.6153846153846154,0.9429280397022333,0.4567307692307692,0.9172661870503597,380,23,452,255,23,0.9216456525116096,0.9217254258381025
0.7122786171200292,0.616504854368932,0.943069306930693,0.4579326923076923,0.9172661870503597,381,23,451,255,23,0.9216456525116096,0.9217254258381025
0.7112999564417988,0.6176232821341956,0.9432098765432099,0.45913461538461536,0.9172661870503597,382,23,450,255,23,0.9216456525116096,0.9217254258381025
0.7107000879414447,0.6187399030694669,0.9433497536945813,0.46033653846153844,0.9172661870503597,383,23,449,255,23,0.9216456525116096,0.9217254258381025
0.709862742482576,0.6198547215496368,0.9434889434889435,0.46153846153846156,0.9172661870503597,384,23,448,255,23,0.9216456525116096,0.9217254258381025
0.7088043912898603,0.6209677419354839,0.9436274509803921,0.46274038461538464,0.9172661870503597,385,23,447,255,23,0.9216456525116096,0.9217254258381025
0.7087234380688482,0.6220789685737309,0.9437652811735942,0.4639423076923077,0.9172661870503597,386,23,446,255,23,0.9216456525116096,0.9217254258381025
0.7081371094946876,0.6231884057971014,0.9439024390243902,0.4651442307692308,0.9172661870503597,387,23,445,255,23,0.9216456525116096,0.9217254258381025
0.7078762738652714,0.6242960579243765,0.9440389294403893,0.46634615384615385,0.9172661870503597,388,23,444,255,23,0.9216456525116096,0.9217254258381025
0.706298673894774,0.6254019292604501,0.9441747572815534,0.4675480769230769,0.9172661870503597,389,23,443,255,23,0.9216456525116096,0.9217254258381025
0.7061057789127041,0.6265060240963856,0.9443099273607748,0.46875,0.9172661870503597,390,23,442,255,23,0.9216456525116096,0.9217254258381025
0.7060982198768887,0.6276083467094703,0.9444444444444444,0.4699519230769231,0.9172661870503597,391,23,441,255,23,0.9216456525116096,0.9217254258381025
0.7059969460296436,0.6287089013632718,0.944578313253012,0.47115384615384615,0.9172661870503597,392,23,440,255,23,0.9216456525116096,0.9217254258381025
0.7051897291207676,0.6298076923076923,0.9447115384615384,0.4723557692307692,0.9172661870503597,393,23,439,255,23,0.9216456525116096,0.9217254258381025
0.705082638068606,0.6309047237790232,0.9448441247002398,0.4735576923076923,0.9172661870503597,394,23,438,255,23,0.9216456525116096,0.9217254258381025
0.7050404008637711,0.632,0.9449760765550239,0.47475961538461536,0.9172661870503597,395,23,437,255,23,0.9216456525116096,0.9217254258381025
0.7044815922427683,0.6330935251798561,0.9451073985680191,0.47596153846153844,0.9172661870503597,396,23,436,255,23,0.9216456525116096,0.9217254258381025
0.7042187717811876,0.634185303514377,0.9452380952380952,0.47716346153846156,0.9172661870503597,397,23,435,255,23,0.9216456525116096,0.9217254258381025
0.7039113004484163,0.6352753391859537,0.9453681710213777,0.47836538461538464,0.9172661870503597,398,23,434,255,23,0.9216456525116096,0.9217254258381025
0.7034759875350048,0.6347687400318979,0.943127962085308,0.47836538461538464,0.9136690647482014,398,24,434,254,24,0.9216456525116096,0.9217254258381025
0.7032348902798266,0.6358565737051792,0.9432624113475178,0.4795673076923077,0.9136690647482014,399,24,433,254,24,0.9216456525116096,0.9217254258381025
0.702343419627944,0.6369426751592356,0.9433962264150944,0.4807692307692308,0.9136690647482014,400,24,432,254,24,0.9216456525116096,0.9217254258381025
0.7023244050038802,0.6380270485282419,0.9435294117647058,0.48197115384615385,0.9136690647482014,401,24,431,254,24,0.9216456525116096,0.9217254258381025
0.7020366620618994,0.6391096979332274,0.9436619718309859,0.4831730769230769,0.9136690647482014,402,24,430,254,24,0.9216456525116096,0.9217254258381025
0.7017999810184781,0.6401906274821286,0.9437939110070258,0.484375,0.9136690647482014,403,24,429,254,24,0.9216456525116096,0.9217254258381025
0.7015207965503396,0.6412698412698413,0.9439252336448598,0.4855769230769231,0.9136690647482014,404,24,428,254,24,0.9216456525116096,0.9217254258381025
0.7009323491484705,0.6423473433782713,0.9440559440559441,0.48677884615384615,0.9136690647482014,405,24,427,254,24,0.9216456525116096,0.9217254258381025
0.700593581902091,0.6434231378763867,0.9441860465116279,0.4879807692307692,0.9136690647482014,406,24,426,254,24,0.9216456525116096,0.9217254258381025
0.7004685241972097,0.6444972288202692,0.9443155452436195,0.4891826923076923,0.9136690647482014,407,24,425,254,24,0.9216456525116096,0.9217254258381025
0.6998618471598264,0.6455696202531646,0.9444444444444444,0.49038461538461536,0.9136690647482014,408,24,424,254,24,0.9216456525116096,0.9217254258381025
0.6996005008050791,0.6466403162055336,0.9445727482678984,0.49158653846153844,0.9136690647482014,409,24,423,254,24,0.9216456525116096,0.9217254258381025
0.6994966202326007,0.6477093206951027,0.9447004608294931,0.49278846153846156,0.9136690647482014,410,24,422,254,24,0.9216456525116096,0.9217254258381025
0.6994485614142623,0.648776637726914,0.9448275862068966,0.49399038461538464,0.9136690647482014,411,24,421,254,24,0.9216456525116096,0.9217254258381025
0.6994398660533911,0.6498422712933754,0.944954128440367,0.4951923076923077,0.9136690647482014,412,24,420,254,24,0.9216456525116096,0.9217254258381025
0.6991152138053272,0.6509062253743105,0.9450800915331807,0.4963942307692308,0.9136690647482014,413,24,419,254,24,0.9216456525116096,0.9217254258381025
0.6987626662481605,0.6519685039370079,0.9452054794520548,0.49759615384615385,0.9136690647482014,414,24,418,254,24,0.9216456525116096,0.9217254258381025
0.6986719279226973,0.6530291109362707,0.9453302961275627,0.4987980769230769,0.9136690647482014,415,24,417,254,24,0.9216456525116096,0.9217254258381025
0.6971754236108958,0.6540880503144654,0.9454545454545454,0.5,0.9136690647482014,416,24,416,254,24,0.9216456525116096,0.9217254258381025
0.695659010203201,0.655145326001571,0.9455782312925171,0.5012019230769231,0.9136690647482014,417,24,415,254,24,0.9216456525116096,0.9217254258381025
0.6951453677064261,0.6562009419152276,0.9457013574660633,0.5024038461538461,0.9136690647482014,418,24,414,254,24,0.9216456525116096,0.9217254258381025
0.695088467587464,0.6572549019607843,0.945823927765237,0.5036057692307693,0.9136690647482014,419,24,413,254,24,0.9216456525116096,0.9217254258381025
0.6949429862716123,0.658307210031348,0.9459459459459459,0.5048076923076923,0.9136690647482014,420,24,412,254,24,0.9216456525116096,0.9217254258381025
0.6942453261300218,0.6593578700078309,0.946067415730337,0.5060096153846154,0.9136690647482014,421,24,411,254,24,0.9216456525116096,0.9217254258381025
0.6940990132399845,0.6604068857589984,0.9461883408071748,0.5072115384615384,0.9136690647482014,422,24,410,254,24,0.9216456525116096,0.9217254258381025
0.6936734299749359,0.6614542611415168,0.9463087248322147,0.5084134615384616,0.9136690647482014,423,24,409,254,24,0.9216456525116096,0.9217254258381025
0.6909048299164711,0.6625,0.9464285714285714,0.5096153846153846,0.9136690647482014,424,24,408,254,24,0.9216456525116096,0.9217254258381025
0.6903427088969867,0.6619828259172521,0.9443207126948775,0.5096153846153846,0.9100719424460432,424,25,408,253,25,0.9216456525116096,0.9217254258381025
0.6900186494014168,0.6630265210608425,0.9444444444444444,0.5108173076923077,0.9100719424460432,425,25,407,253,25,0.9216456525116096,0.9217254258381025
0.6898726491468737,0.6640685892439595,0.9445676274944568,0.5120192307692307,0.9100719424460432,426,25,406,253,25,0.9216456525116096,0.9217254258381025
0.6897397869557561,0.6651090342679128,0.9446902654867256,0.5132211538461539,0.9100719424460432,427,25,405,253,25,0.9216456525116096,0.9217254258381025
0.6881671120753853,0.666147859922179,0.9448123620309051,0.5144230769230769,0.9100719424460432,428,25,404,253,25,0.9216456525116096,0.9217254258381025
0.6863269937344104,0.6671850699844479,0.9449339207048458,0.515625,0.9100719424460432,429,25,403,253,25,0.9216456525116096,0.9217254258381025
0.6860804190310817,0.6682206682206682,0.945054945054945,0.5168269230769231,0.9100719424460432,430,25,402,253,25,0.9216456525116096,0.9217254258381025
0.6860142545921714,0.6677018633540373,0.9429824561403509,0.5168269230769231,0.9064748201438849,430,26,402,252,26,0.9216456525116096,0.9217254258381025
0.685044139023975,0.6687354538401862,0.9431072210065645,0.5180288461538461,0.9064748201438849,431,26,401,252,26,0.9216456525116096,0.9217254258381025
0.6846181541663217,0.6697674418604651,0.9432314410480349,0.5192307692307693,0.9064748201438849,432,26,400,252,26,0.9216456525116096,0.9217254258381025
0.6841860534004017,0.6707978311386522,0.9433551198257081,0.5204326923076923,0.9064748201438849,433,26,399,252,26,0.9216456525116096,0.9217254258381025
0.6840205496783338,0.6718266253869969,0.9434782608695652,0.5216346153846154,0.9064748201438849,434,26,398,252,26,0.9216456525116096,0.9217254258381025
0.6839747419718442,0.6728538283062645,0.9436008676789588,0.5228365384615384,0.9064748201438849,435,26,397,252,26,0.9216456525116096,0.9217254258381025
0.6835399489220719,0.6723338485316847,0.9415584415584416,0.5228365384615384,0.9028776978417267,435,27,397,251,27,0.9216456525116096,0.9217254258381025
0.6829121680361454,0.6733590733590734,0.9416846652267818,0.5240384615384616,0.9028776978417267,436,27,396,251,27,0.9216456525116096,0.9217254258381025
0.6829100633172546,0.6743827160493827,0.9418103448275862,0.5252403846153846,0.9028776978417267,437,27,395,251,27,0.9216456525116096,0.9217254258381025
0.6827933050928316,0.6738627602158828,0.9397849462365592,0.5252403846153846,0.8992805755395683,437,28,395,250,28,0.9216456525116096,0.9217254258381025
0.6825240648941672,0.674884437596302,0.9399141630901288,0.5264423076923077,0.8992805755395683,438,28,394,250,28,0.9216456525116096,0.9217254258381025
0.6812025938712014,0.6759045419553503,0.9400428265524625,0.5276442307692307,0.8992805755395683,439,28,393,250,28,0.9216456525116096,0.9217254258381025
0.6798866376924014,0.676923076923077,0.9401709401709402,0.5288461538461539,0.8992805755395683,440,28,392,250,28,0.9216456525116096,0.9217254258381025
0.6792460067497073,0.6779400461183704,0.9402985074626866,0.5300480769230769,0.8992805755395683,441,28,391,250,28,0.9216456525116096,0.9217254258381025
0.6790369619412698,0.6789554531490015,0.9404255319148936,0.53125,0.8992805755395683,442,28,390,250,28,0.9216456525116096,0.9217254258381025
0.6787518628371925,0.6799693016116654,0.940552016985138,0.5324519230769231,0.8992805755395683,443,28,389,250,28,0.9216456525116096,0.9217254258381025
0.6786411487278396,0.6809815950920245,0.940677966101695,0.5336538461538461,0.8992805755395683,444,28,388,250,28,0.9216456525116096,0.9217254258381025
0.6782123037948746,0.6819923371647509,0.9408033826638478,0.5348557692307693,0.8992805755395683,445,28,387,250,28,0.9216456525116096,0.9217254258381025
0.6782004432619909,0.6830015313935681,0.9409282700421941,0.5360576923076923,0.8992805755395683,446,28,386,250,28,0.9216456525116096,0.9217254258381025
0.6777518735372838,0.6840091813312931,0.9410526315789474,0.5372596153846154,0.8992805755395683,447,28,385,250,28,0.9216456525116096,0.9217254258381025
0.6771838159303639,0.6850152905198776,0.9411764705882353,0.5384615384615384,0.8992805755395683,448,28,384,250,28,0.9216456525116096,0.9217254258381025
0.6770836106059048,0.6860198624904508,0.9412997903563941,0.5396634615384616,0.8992805755395683,449,28,383,250,28,0.9216456525116096,0.9217254258381025
0.6767294246199416,0.6870229007633588,0.9414225941422594,0.5408653846153846,0.8992805755395683,450,28,382,250,28,0.9216456525116096,0.9217254258381025
0.676266289152099,0.6880244088482075,0.941544885177453,0.5420673076923077,0.8992805755395683,451,28,381,250,28,0.9216456525116096,0.9217254258381025
0.675770477069508,0.6890243902439024,0.9416666666666667,0.5432692307692307,0.8992805755395683,452,28,380,250,28,0.9216456525116096,0.9217254258381025
0.6757365940420257,0.69002284843869,0.9417879417879418,0.5444711538461539,0.8992805755395683,453,28,379,250,28,0.9216456525116096,0.9217254258381025
0.6748059894375315,0.6910197869101978,0.941908713692946,0.5456730769230769,0.8992805755395683,454,28,378,250,28,0.9216456525116096,0.9217254258381025
0.673922988086458,0.6920152091254753,0.9420289855072463,0.546875,0.8992805755395683,455,28,377,250,28,0.9216456525116096,0.9217254258381025
0.6729944100782621,0.6930091185410334,0.9421487603305785,0.5480769230769231,0.8992805755395683,456,28,376,250,28,0.9216456525116096,0.9217254258381025
0.6725353654150107,0.6940015186028854,0.9422680412371134,0.5492788461538461,0.8992805755395683,457,28,375,250,28,0.9216456525116096,0.9217254258381025
0.6720967200784818,0.6949924127465857,0.9423868312757202,0.5504807692307693,0.8992805755395683,458,28,374,250,28,0.9216456525116096,0.9217254258381025
0.6710028984979088,0.6959818043972706,0.9425051334702259,0.5516826923076923,0.8992805755395683,459,28,373,250,28,0.9216456525116096,0.9217254258381025
0.6702031243702183,0.696969696969697,0.9426229508196722,0.5528846153846154,0.8992805755395683,460,28,372,250,28,0.9216456525116096,0.9217254258381025
0.6700547004408386,0.6979560938682816,0.9427402862985685,0.5540865384615384,0.8992805755395683,461,28,371,250,28,0.9216456525116096,0.9217254258381025
0.6680287121830837,0.6989409984871406,0.9428571428571428,0.5552884615384616,0.8992805755395683,462,28,370,250,28,0.9216456525116096,0.9217254258381025
0.6676883711472791,0.6999244142101285,0.9429735234215886,0.5564903846153846,0.8992805755395683,463,28,369,250,28,0.9216456525116096,0.9217254258381025
0.664678290661998,0.7009063444108762,0.943089430894309,0.5576923076923077,0.8992805755395683,464,28,368,250,28,0.9216456525116096,0.9217254258381025
0.6638452470069586,0.7018867924528301,0.9432048681541582,0.5588942307692307,0.8992805755395683,465,28,367,250,28,0.9216456525116096,0.9217254258381025
0.6634122342400488,0.702865761689291,0.9433198380566802,0.5600961538461539,0.8992805755395683,466,28,366,250,28,0.9216456525116096,0.9217254258381025
0.6631338501419762,0.7038432554634514,0.9434343434343434,0.5612980769230769,0.8992805755395683,467,28,365,250,28,0.9216456525116096,0.9217254258381025
0.662720787979241,0.7033132530120482,0.9415322580645161,0.5612980769230769,0.89568345323741,467,29,365,249,29,0.9216456525116096,0.9217254258381025
0.6622763612479066,0.7042889390519187,0.9416498993963782,0.5625,0.89568345323741,468,29,364,249,29,0.9216456525116096,0.9217254258381025
0.6613823253682958,0.7052631578947368,0.9417670682730924,0.5637019230769231,0.89568345323741,469,29,363,249,29,0.9216456525116096,0.9217254258381025
0.6613735473234184,0.7062359128474831,0.9418837675350702,0.5649038461538461,0.89568345323741,470,29,362,249,29,0.9216456525116096,0.9217254258381025
0.6611372150896847,0.7072072072072072,0.942,0.5661057692307693,0.89568345323741,471,29,361,249,29,0.9216456525116096,0.9217254258381025
0.6570860461493393,0.7066766691672918,0.9401197604790419,0.5661057692307693,0.8920863309352518,471,30,361,248,30,0.9216456525116096,0.9217254258381025
0.655811336545405,0.7076461769115442,0.9402390438247012,0.5673076923076923,0.8920863309352518,472,30,360,248,30,0.9216456525116096,0.9217254258381025
0.6557988493624358,0.7071161048689139,0.9383697813121272,0.5673076923076923,0.8884892086330936,472,31,360,247,31,0.9216456525116096,0.9217254258381025
0.6545340343463729,0.7065868263473054,0.9365079365079365,0.5673076923076923,0.8848920863309353,472,32,360,246,32,0.9216456525116096,0.9217254258381025
0.6543411780464516,0.706058339566193,0.9346534653465347,0.5673076923076923,0.8812949640287769,472,33,360,245,33,0.9216456525116096,0.9217254258381025
0.6533764025743167,0.7070254110612855,0.9347826086956522,0.5685096153846154,0.8812949640287769,473,33,359,245,33,0.9216456525116096,0.9217254258381025
0.6526310848419483,0.7064973861090366,0.9329388560157791,0.5685096153846154,0.8776978417266187,473,34,359,244,34,0.9216456525116096,0.9217254258381025
0.65214049520462,0.7074626865671642,0.9330708661417323,0.5697115384615384,0.8776978417266187,474,34,358,244,34,0.9216456525116096,0.9217254258381025
0.6520369018844934,0.7069351230425056,0.931237721021611,0.5697115384615384,0.8741007194244604,474,35,358,243,35,0.9216456525116096,0.9217254258381025
0.6506292822652552,0.706408345752608,0.9294117647058824,0.5697115384615384,0.8705035971223022,474,36,358,242,36,0.9216456525116096,0.9217254258381025
0.6474067365885154,0.7073715562174236,0.9295499021526419,0.5709134615384616,0.8705035971223022,475,36,357,242,36,0.9216456525116096,0.9217254258381025
0.6470774413803803,0.7083333333333334,0.9296875,0.5721153846153846,0.8705035971223022,476,36,356,242,36,0.9216456525116096,0.9217254258381025
0.6463446703828601,0.7078066914498141,0.9278752436647173,0.5721153846153846,0.8669064748201439,476,37,356,241,37,0.9216456525116096,0.9217254258381025
0.6458674672282023,0.7087667161961367,0.9280155642023347,0.5733173076923077,0.8669064748201439,477,37,355,241,37,0.9216456525116096,0.9217254258381025
0.6429209306781992,0.7097253155159614,0.9281553398058252,0.5745192307692307,0.8669064748201439,478,37,354,241,37,0.9216456525116096,0.9217254258381025
0.6416496919290415,0.7106824925816023,0.9282945736434108,0.5757211538461539,0.8669064748201439,479,37,353,241,37,0.9216456525116096,0.9217254258381025
0.6412267686944475,0.7116382505559674,0.9284332688588007,0.5769230769230769,0.8669064748201439,480,37,352,241,37,0.9216456525116096,0.9217254258381025
0.6405069309656792,0.7125925925925926,0.9285714285714286,0.578125,0.8669064748201439,481,37,351,241,37,0.9216456525116096,0.9217254258381025
0.6403026412405175,0.7120651369356032,0.9267822736030829,0.578125,0.8633093525179856,481,38,351,240,38,0.9216456525116096,0.9217254258381025
0.6387386727165243,0.7130177514792899,0.926923076923077,0.5793269230769231,0.8633093525179856,482,38,350,240,38,0.9216456525116096,0.9217254258381025
0.638606391910742,0.7139689578713969,0.927063339731286,0.5805288461538461,0.8633093525179856,483,38,349,240,38,0.9216456525116096,0.9217254258381025
0.6381690315676362,0.7149187592319055,0.9272030651340997,0.5817307692307693,0.8633093525179856,484,38,348,240,38,0.9216456525116096,0.9217254258381025
0.6358230457103036,0.7158671586715867,0.9273422562141491,0.5829326923076923,0.8633093525179856,485,38,347,240,38,0.9216456525116096,0.9217254258381025
0.6342473976596448,0.7168141592920354,0.9274809160305344,0.5841346153846154,0.8633093525179856,486,38,346,240,38,0.9216456525116096,0.9217254258381025
0.6337347306645434,0.7177597641857038,0.9276190476190476,0.5853365384615384,0.8633093525179856,487,38,345,240,38,0.9216456525116096,0.9217254258381025
0.6335516098257064,0.7187039764359352,0.9277566539923955,0.5865384615384616,0.8633093525179856,488,38,344,240,38,0.9216456525116096,0.9217254258381025
0.6321226745543543,0.7196467991169978,0.9278937381404174,0.5877403846153846,0.8633093525179856,489,38,343,240,38,0.9216456525116096,0.9217254258381025
0.6302744081940002,0.7205882352941176,0.928030303030303,0.5889423076923077,0.8633093525179856,490,38,342,240,38,0.9216456525116096,0.9217254258381025
0.6276454770985799,0.7200587803085966,0.9262759924385633,0.5889423076923077,0.8597122302158273,490,39,342,239,39,0.9216456525116096,0.9217254258381025
0.6270175233992281,0.7209985315712188,0.9264150943396227,0.5901442307692307,0.8597122302158273,491,39,341,239,39,0.9216456525116096,0.9217254258381025
0.6268800688475993,0.7219369038884813,0.9265536723163842,0.5913461538461539,0.8597122302158273,492,39,340,239,39,0.9216456525116096,0.9217254258381025
0.6235020630327608,0.7228739002932552,0.9266917293233082,0.5925480769230769,0.8597122302158273,493,39,339,239,39,0.9216456525116096,0.9217254258381025
0.622642818877712,0.7238095238095238,0.926829268292683,0.59375,0.8597122302158273,494,39,338,239,39,0.9216456525116096,0.9217254258381025
0.6217770023654833,0.7247437774524158,0.9269662921348315,0.5949519230769231,0.8597122302158273,495,39,337,239,39,0.9216456525116096,0.9217254258381025
0.6215966916766166,0.7256766642282371,0.9271028037383178,0.5961538461538461,0.8597122302158273,496,39,336,239,39,0.9216456525116096,0.9217254258381025
0.6214667635270521,0.7251461988304093,0.9253731343283582,0.5961538461538461,0.8561151079136691,496,40,336,238,40,0.9216456525116096,0.9217254258381025
0.621253120034291,0.7260774287801315,0.925512104283054,0.5973557692307693,0.8561151079136691,497,40,335,238,40,0.9216456525116096,0.9217254258381025
0.6207881965287203,0.7255474452554744,0.9237918215613383,0.5973557692307693,0.8525179856115108,497,41,335,237,41,0.9216456525116096,0.9217254258381025
0.6200816293168168,0.7264770240700219,0.9239332096474954,0.5985576923076923,0.8525179856115108,498,41,334,237,41,0.9216456525116096,0.9217254258381025
0.6197322039004147,0.7274052478134111,0.924074074074074,0.5997596153846154,0.8525179856115108,499,41,333,237,41,0.9216456525116096,0.9217254258381025
0.6192187910982422,0.7283321194464676,0.9242144177449169,0.6009615384615384,0.8525179856115108,500,41,332,237,41,0.9216456525116096,0.9217254258381025
0.618122543101159,0.7292576419213974,0.9243542435424354,0.6021634615384616,0.8525179856115108,501,41,331,237,41,0.9216456525116096,0.9217254258381025
0.6178705007549767,0.7301818181818182,0.9244935543278084,0.6033653846153846,0.8525179856115108,502,41,330,237,41,0.9216456525116096,0.9217254258381025
0.6175075137588182,0.7311046511627907,0.9246323529411765,0.6045673076923077,0.8525179856115108,503,41,329,237,41,0.9216456525116096,0.9217254258381025
0.6171174233388136,0.7305737109658679,0.9229357798165138,0.6045673076923077,0.8489208633093526,503,42,329,236,42,0.9216456525116096,0.9217254258381025
0.6154640335689812,0.7314949201741655,0.9230769230769231,0.6057692307692307,0.8489208633093526,504,42,328,236,42,0.9216456525116096,0.9217254258381025
0.6151235948279088,0.7324147933284989,0.923217550274223,0.6069711538461539,0.8489208633093526,505,42,327,236,42,0.9216456525116096,0.9217254258381025
0.6147547732796458,0.7318840579710145,0.9215328467153284,0.6069711538461539,0.8453237410071942,505,43,327,235,43,0.9216456525116096,0.9217254258381025
0.614448842939153,0.7328023171614771,0.9216757741347905,0.6081730769230769,0.8453237410071942,506,43,326,235,43,0.9216456525116096,0.9217254258381025
0.6141759120052744,0.7337192474674384,0.9218181818181819,0.609375,0.8453237410071942,507,43,325,235,43,0.9216456525116096,0.9217254258381025
0.6133883245114116,0.7346348517715112,0.9219600725952813,0.6105769230769231,0.8453237410071942,508,43,324,235,43,0.9216456525116096,0.9217254258381025
0.610905663631646,0.7355491329479769,0.9221014492753623,0.6117788461538461,0.8453237410071942,509,43,323,235,43,0.9216456525116096,0.9217254258381025
0.6106841665828295,0.7364620938628159,0.9222423146473779,0.6129807692307693,0.8453237410071942,510,43,322,235,43,0.9216456525116096,0.9217254258381025
0.6087990380446138,0.7373737373737373,0.9223826714801444,0.6141826923076923,0.8453237410071942,511,43,321,235,43,0.9216456525116096,0.9217254258381025
0.6082593601522803,0.738284066330209,0.9225225225225225,0.6153846153846154,0.8453237410071942,512,43,320,235,43,0.9216456525116096,0.9217254258381025
0.6076411331727218,0.739193083573487,0.9226618705035972,0.6165865384615384,0.8453237410071942,513,43,319,235,43,0.9216456525116096,0.9217254258381025
0.6074094807886136,0.740100791936645,0.9228007181328546,0.6177884615384616,0.8453237410071942,514,43,318,235,43,0.9216456525116096,0.9217254258381025
0.6069928343902204,0.7410071942446043,0.9229390681003584,0.6189903846153846,0.8453237410071942,515,43,317,235,43,0.9216456525116096,0.9217254258381025
0.6055888019068639,0.7419122933141624,0.9230769230769231,0.6201923076923077,0.8453237410071942,516,43,316,235,43,0.9216456525116096,0.9217254258381025
0.6037366688653896,0.742816091954023,0.9232142857142858,0.6213942307692307,0.8453237410071942,517,43,315,235,43,0.9216456525116096,0.9217254258381025
0.6023306502645471,0.7437185929648241,0.9233511586452763,0.6225961538461539,0.8453237410071942,518,43,314,235,43,0.9216456525116096,0.9217254258381025
0.602095735809449,0.7431850789096126,0.9217081850533808,0.6225961538461539,0.841726618705036,518,44,314,234,44,0.9216456525116096,0.9217254258381025
0.6010493924398396,0.7440860215053764,0.9218472468916519,0.6237980769230769,0.841726618705036,519,44,313,234,44,0.9216456525116096,0.9217254258381025
0.5999984613208531,0.7449856733524355,0.9219858156028369,0.625,0.841726618705036,520,44,312,234,44,0.9216456525116096,0.9217254258381025
0.5998151264087274,0.7458840372226199,0.9221238938053097,0.6262019230769231,0.841726618705036,521,44,311,234,44,0.9216456525116096,0.9217254258381025
0.5993939306259721,0.7467811158798283,0.9222614840989399,0.6274038461538461,0.841726618705036,522,44,310,234,44,0.9216456525116096,0.9217254258381025
0.5992212336066212,0.7476769120800572,0.9223985890652557,0.6286057692307693,0.841726618705036,523,44,309,234,44,0.9216456525116096,0.9217254258381025
0.597953970955418,0.7485714285714286,0.9225352112676056,0.6298076923076923,0.841726618705036,524,44,308,234,44,0.9216456525116096,0.9217254258381025
0.5968236915609539,0.7480371163454675,0.9209138840070299,0.6298076923076923,0.8381294964028777,524,45,308,233,45,0.9216456525116096,0.9217254258381025
0.5939363510527007,0.7489300998573466,0.9210526315789473,0.6310096153846154,0.8381294964028777,525,45,307,233,45,0.9216456525116096,0.9217254258381025
0.5934606585826451,0.7483962936564504,0.9194395796847635,0.6310096153846154,0.8345323741007195,525,46,307,232,46,0.9216456525116096,0.9217254258381025
0.593045519465469,0.7492877492877493,0.9195804195804196,0.6322115384615384,0.8345323741007195,526,46,306,232,46,0.9216456525116096,0.9217254258381025
0.5929332830622995,0.7501779359430605,0.9197207678883071,0.6334134615384616,0.8345323741007195,527,46,305,232,46,0.9216456525116096,0.9217254258381025
0.5919815160143181,0.7510668563300142,0.9198606271777003,0.6346153846153846,0.8345323741007195,528,46,304,232,46,0.9216456525116096,0.9217254258381025
0.5903473260490416,0.751954513148543,0.92,0.6358173076923077,0.8345323741007195,529,46,303,232,46,0.9216456525116096,0.9217254258381025
0.5902241479166231,0.7528409090909091,0.9201388888888888,0.6370192307692307,0.8345323741007195,530,46,302,232,46,0.9216456525116096,0.9217254258381025
0.5901333607587452,0.7537260468417317,0.9202772963604853,0.6382211538461539,0.8345323741007195,531,46,301,232,46,0.9216456525116096,0.9217254258381025
0.5895686215062294,0.7546099290780142,0.9204152249134948,0.6394230769230769,0.8345323741007195,532,46,300,232,46,0.9216456525116096,0.9217254258381025
0.5892116816980556,0.7540751240255138,0.918825561312608,0.6394230769230769,0.8309352517985612,532,47,300,231,47,0.9216456525116096,0.9217254258381025
0.5878926332181019,0.7549575070821529,0.9189655172413793,0.640625,0.8309352517985612,533,47,299,231,47,0.9216456525116096,0.9217254258381025
0.5853080905824899,0.7558386411889597,0.919104991394148,0.6418269230769231,0.8309352517985612,534,47,298,231,47,0.9216456525116096,0.9217254258381025
0.5850838754165163,0.7567185289957568,0.9192439862542955,0.6430288461538461,0.8309352517985612,535,47,297,231,47,0.9216456525116096,0.9217254258381025
0.5843492498921455,0.7575971731448763,0.9193825042881647,0.6442307692307693,0.8309352517985612,536,47,296,231,47,0.9216456525116096,0.9217254258381025
0.5842759766911365,0.7584745762711864,0.9195205479452054,0.6454326923076923,0.8309352517985612,537,47,295,231,47,0.9216456525116096,0.9217254258381025
0.582722657986804,0.7593507410021172,0.9196581196581196,0.6466346153846154,0.8309352517985612,538,47,294,231,47,0.9216456525116096,0.9217254258381025
0.5822105702237221,0.7602256699576869,0.9197952218430034,0.6478365384615384,0.8309352517985612,539,47,293,231,47,0.9216456525116096,0.9217254258381025
0.5810362558934576,0.7596899224806202,0.9182282793867121,0.6478365384615384,0.8273381294964028,539,48,293,230,48,0.9216456525116096,0.9217254258381025
0.5803378139602524,0.7605633802816901,0.9183673469387755,0.6490384615384616,0.8273381294964028,540,48,292,230,48,0.9216456525116096,0.9217254258381025
0.5792317648805106,0.7600281491907108,0.9168081494057725,0.6490384615384616,0.8237410071942446,540,49,292,229,49,0.9216456525116096,0.9217254258381025
0.57907525285517,0.7609001406469761,0.9169491525423729,0.6502403846153846,0.8237410071942446,541,49,291,229,49,0.9216456525116096,0.9217254258381025
0.5782842494214122,0.7617709065354884,0.9170896785109983,0.6514423076923077,0.8237410071942446,542,49,290,229,49,0.9216456525116096,0.9217254258381025
0.5775610031976822,0.7626404494382022,0.9172297297297297,0.6526442307692307,0.8237410071942446,543,49,289,229,49,0.9216456525116096,0.9217254258381025
0.5766526138874609,0.7635087719298246,0.9173693086003373,0.6538461538461539,0.8237410071942446,544,49,288,229,49,0.9216456525116096,0.9217254258381025
0.5766301279725503,0.7643758765778401,0.9175084175084175,0.6550480769230769,0.8237410071942446,545,49,287,229,49,0.9216456525116096,0.9217254258381025
0.5752783608976748,0.7638402242466713,0.9159663865546218,0.6550480769230769,0.8201438848920863,545,50,287,228,50,0.9216456525116096,0.9217254258381025
0.5752366673968166,0.7647058823529411,0.9161073825503355,0.65625,0.8201438848920863,546,50,286,228,50,0.9216456525116096,0.9217254258381025
0.5741823906431684,0.7655703289013296,0.916247906197655,0.6574519230769231,0.8201438848920863,547,50,285,228,50,0.9216456525116096,0.9217254258381025
0.5736757558043919,0.7664335664335664,0.9163879598662207,0.6586538461538461,0.8201438848920863,548,50,284,228,50,0.9216456525116096,0.9217254258381025
0.572932317014683,0.7672955974842768,0.9165275459098498,0.6598557692307693,0.8201438848920863,549,50,283,228,50,0.9216456525116096,0.9217254258381025
0.5728934607898252,0.7681564245810056,0.9166666666666666,0.6610576923076923,0.8201438848920863,550,50,282,228,50,0.9216456525116096,0.9217254258381025
0.5716993453835889,0.7690160502442428,0.9168053244592346,0.6622596153846154,0.8201438848920863,551,50,281,228,50,0.9216456525116096,0.9217254258381025
0.5716130728519166,0.7698744769874477,0.9169435215946844,0.6634615384615384,0.8201438848920863,552,50,280,228,50,0.9216456525116096,0.9217254258381025
0.5710915562195454,0.7707317073170732,0.9170812603648425,0.6646634615384616,0.8201438848920863,553,50,279,228,50,0.9216456525116096,0.9217254258381025
0.5697163380505187,0.7715877437325905,0.9172185430463576,0.6658653846153846,0.8201438848920863,554,50,278,228,50,0.9216456525116096,0.9217254258381025
0.5681473206999572,0.7724425887265136,0.9173553719008265,0.6670673076923077,0.8201438848920863,555,50,277,228,50,0.9216456525116096,0.9217254258381025
0.5681128714855528,0.7719054242002782,0.9158415841584159,0.6670673076923077,0.8165467625899281,555,51,277,227,51,0.9216456525116096,0.9217254258381025
0.5668189645822939,0.7727588603196665,0.9159802306425041,0.6682692307692307,0.8165467625899281,556,51,276,227,51,0.9216456525116096,0.9217254258381025
0.5666447609908444,0.7736111111111111,0.9161184210526315,0.6694711538461539,0.8165467625899281,557,51,275,227,51,0.9216456525116096,0.9217254258381025
0.5663588312368284,0.7744621790423317,0.916256157635468,0.6706730769230769,0.8165467625899281,558,51,274,227,51,0.9216456525116096,0.9217254258381025
0.5646131001856967,0.7753120665742025,0.9163934426229509,0.671875,0.8165467625899281,559,51,273,227,51,0.9216456525116096,0.9217254258381025
0.5568947610191308,0.7761607761607762,0.9165302782324058,0.6730769230769231,0.8165467625899281,560,51,272,227,51,0.9216456525116096,0.9217254258381025
0.5560011234925633,0.7770083102493075,0.9166666666666666,0.6742788461538461,0.8165467625899281,561,51,271,227,51,0.9216456525116096,0.9217254258381025
0.5529423718261302,0.7778546712802769,0.9168026101141925,0.6754807692307693,0.8165467625899281,562,51,270,227,51,0.9216456525116096,0.9217254258381025
0.552472924899414,0.7786998616874136,0.9169381107491856,0.6766826923076923,0.8165467625899281,563,51,269,227,51,0.9216456525116096,0.9217254258381025
0.5480346534349518,0.7781617138908086,0.9154471544715447,0.6766826923076923,0.8129496402877698,563,52,269,226,52,0.9216456525116096,0.9217254258381025
0.5448077722159841,0.7790055248618785,0.9155844155844156,0.6778846153846154,0.8129496402877698,564,52,268,226,52,0.9216456525116096,0.9217254258381025
0.5389964939508229,0.779848171152519,0.9157212317666127,0.6790865384615384,0.8129496402877698,565,52,267,226,52,0.9216456525116096,0.9217254258381025
0.5369274091823868,0.7806896551724138,0.9158576051779935,0.6802884615384616,0.8129496402877698,566,52,266,226,52,0.9216456525116096,0.9217254258381025
0.5369223497363126,0.7815299793246038,0.9159935379644588,0.6814903846153846,0.8129496402877698,567,52,265,226,52,0.9216456525116096,0.9217254258381025
0.5316207720582453,0.7823691460055097,0.9161290322580645,0.6826923076923077,0.8129496402877698,568,52,264,226,52,0.9216456525116096,0.9217254258381025
0.5251286013727463,0.7818306951135582,0.9146537842190016,0.6826923076923077,0.8093525179856115,568,53,264,225,53,0.9216456525116096,0.9217254258381025
0.5246390254968408,0.782668500687758,0.9147909967845659,0.6838942307692307,0.8093525179856115,569,53,263,225,53,0.9216456525116096,0.9217254258381025
0.5238203347514558,0.7835051546391752,0.9149277688603531,0.6850961538461539,0.8093525179856115,570,53,262,225,53,0.9216456525116096,0.9217254258381025
0.5220434413056044,0.7843406593406593,0.9150641025641025,0.6862980769230769,0.8093525179856115,571,53,261,225,53,0.9216456525116096,0.9217254258381025
0.5214450379699558,0.7838023335621139,0.9136,0.6862980769230769,0.8057553956834532,571,54,261,224,54,0.9216456525116096,0.9217254258381025
0.5208421707308821,0.7846364883401921,0.9137380191693291,0.6875,0.8057553956834532,572,54,260,224,54,0.9216456525116096,0.9217254258381025
0.5184242917346271,0.7840986977381769,0.9122807017543859,0.6875,0.802158273381295,572,55,260,223,55,0.9216456525116096,0.9217254258381025
0.5180476950556342,0.7849315068493151,0.9124203821656051,0.6887019230769231,0.802158273381295,573,55,259,223,55,0.9216456525116096,0.9217254258381025
0.5178765149355776,0.785763175906913,0.9125596184419714,0.6899038461538461,0.802158273381295,574,55,258,223,55,0.9216456525116096,0.9217254258381025
0.5169732444122369,0.7852257181942545,0.9111111111111111,0.6899038461538461,0.7985611510791367,574,56,258,222,56,0.9216456525116096,0.9217254258381025
0.5159956848671232,0.7860560492139439,0.9112519809825673,0.6911057692307693,0.7985611510791367,575,56,257,222,56,0.9216456525116096,0.9217254258381025
0.5146498648444204,0.7868852459016393,0.9113924050632911,0.6923076923076923,0.7985611510791367,576,56,256,222,56,0.9216456525116096,0.9217254258381025
0.5139726980337597,0.7877133105802048,0.9115323854660348,0.6935096153846154,0.7985611510791367,577,56,255,222,56,0.9216456525116096,0.9217254258381025
0.5133248867221082,0.7885402455661664,0.9116719242902208,0.6947115384615384,0.7985611510791367,578,56,254,222,56,0.9216456525116096,0.9217254258381025
0.5128992502336558,0.7893660531697342,0.9118110236220472,0.6959134615384616,0.7985611510791367,579,56,253,222,56,0.9216456525116096,0.9217254258381025
0.5126747081291796,0.7901907356948229,0.9119496855345912,0.6971153846153846,0.7985611510791367,580,56,252,222,56,0.9216456525116096,0.9217254258381025
0.5116662071814821,0.7910142954390742,0.9120879120879121,0.6983173076923077,0.7985611510791367,581,56,251,222,56,0.9216456525116096,0.9217254258381025
0.511218945602844,0.7918367346938775,0.9122257053291536,0.6995192307692307,0.7985611510791367,582,56,250,222,56,0.9216456525116096,0.9217254258381025
0.5103966684373951,0.7926580557443915,0.9123630672926447,0.7007211538461539,0.7985611510791367,583,56,249,222,56,0.9216456525116096,0.9217254258381025
0.5101095192742539,0.7934782608695652,0.9125,0.7019230769230769,0.7985611510791367,584,56,248,222,56,0.9216456525116096,0.9217254258381025
0.508871327051155,0.7929395790902919,0.9110764430577223,0.7019230769230769,0.7949640287769785,584,57,248,221,57,0.9216456525116096,0.9217254258381025
0.5067352556120956,0.7937584803256446,0.9112149532710281,0.703125,0.7949640287769785,585,57,247,221,57,0.9216456525116096,0.9217254258381025
0.506402058688741,0.7945762711864407,0.911353032659409,0.7043269230769231,0.7949640287769785,586,57,246,221,57,0.9216456525116096,0.9217254258381025
0.5056712206402993,0.7953929539295393,0.9114906832298136,0.7055288461538461,0.7949640287769785,587,57,245,221,57,0.9216456525116096,0.9217254258381025
0.5031907588151378,0.7948544346648612,0.9100775193798449,0.7055288461538461,0.7913669064748201,587,58,245,220,58,0.9216456525116096,0.9217254258381025
0.5030469245388552,0.7956698240866035,0.9102167182662538,0.7067307692307693,0.7913669064748201,588,58,244,220,58,0.9216456525116096,0.9217254258381025
0.502571179743025,0.7964841108857336,0.910355486862442,0.7079326923076923,0.7913669064748201,589,58,243,220,58,0.9216456525116096,0.9217254258381025
0.5005541292504414,0.7972972972972973,0.9104938271604939,0.7091346153846154,0.7913669064748201,590,58,242,220,58,0.9216456525116096,0.9217254258381025
0.5004297218843403,0.7981093855503039,0.9106317411402157,0.7103365384615384,0.7913669064748201,591,58,241,220,58,0.9216456525116096,0.9217254258381025
0.49937235233589916,0.7989203778677463,0.9107692307692308,0.7115384615384616,0.7913669064748201,592,58,240,220,58,0.9216456525116096,0.9217254258381025
0.49929158525942974,0.7983816587997303,0.9093701996927803,0.7115384615384616,0.7877697841726619,592,59,240,219,59,0.9216456525116096,0.9217254258381025
0.49915903032353015,0.7991913746630728,0.9095092024539877,0.7127403846153846,0.7877697841726619,593,59,239,219,59,0.9216456525116096,0.9217254258381025
0.4960171926877095,0.8,0.9096477794793262,0.7139423076923077,0.7877697841726619,594,59,238,219,59,0.9216456525116096,0.9217254258381025
0.4946067807094102,0.800807537012113,0.9097859327217125,0.7151442307692307,0.7877697841726619,595,59,237,219,59,0.9216456525116096,0.9217254258381025
0.49109240106660257,0.8016139878950908,0.9099236641221374,0.7163461538461539,0.7877697841726619,596,59,236,219,59,0.9216456525116096,0.9217254258381025
0.49024889272009897,0.8024193548387096,0.9100609756097561,0.7175480769230769,0.7877697841726619,597,59,235,219,59,0.9216456525116096,0.9217254258381025
0.4901934369282246,0.8032236400268636,0.9101978691019786,0.71875,0.7877697841726619,598,59,234,219,59,0.9216456525116096,0.9217254258381025
0.4877075806052158,0.8040268456375839,0.9103343465045592,0.7199519230769231,0.7877697841726619,599,59,233,219,59,0.9216456525116096,0.9217254258381025
0.48751335633207526,0.8034875922199866,0.9089529590288316,0.7199519230769231,0.7841726618705036,599,60,233,218,60,0.9216456525116096,0.9217254258381025
0.48494371648119894,0.8042895442359249,0.9090909090909091,0.7211538461538461,0.7841726618705036,600,60,232,218,60,0.9216456525116096,0.9217254258381025
0.4848204817575247,0.8037508372404555,0.9077155824508321,0.7211538461538461,0.7805755395683454,600,61,232,217,61,0.9216456525116096,0.9217254258381025
0.4844559345326156,0.8045515394912985,0.9078549848942599,0.7223557692307693,0.7805755395683454,601,61,231,217,61,0.9216456525116096,0.9217254258381025
0.48393636293991016,0.8040133779264214,0.9064856711915535,0.7223557692307693,0.7769784172661871,601,62,231,216,62,0.9216456525116096,0.9217254258381025
0.4838905156174752,0.8048128342245989,0.9066265060240963,0.7235576923076923,0.7769784172661871,602,62,230,216,62,0.9216456525116096,0.9217254258381025
0.48373780445090353,0.8056112224448898,0.9067669172932331,0.7247596153846154,0.7769784172661871,603,62,229,216,62,0.9216456525116096,0.9217254258381025
0.48372411457614317,0.8064085447263017,0.9069069069069069,0.7259615384615384,0.7769784172661871,604,62,228,216,62,0.9216456525116096,0.9217254258381025
0.47952039477858044,0.8072048032021347,0.9070464767616192,0.7271634615384616,0.7769784172661871,605,62,227,216,62,0.9216456525116096,0.9217254258381025
0.47878878500965705,0.808,0.907185628742515,0.7283653846153846,0.7769784172661871,606,62,226,216,62,0.9216456525116096,0.9217254258381025
0.47834400811063027,0.8087941372418388,0.9073243647234679,0.7295673076923077,0.7769784172661871,607,62,225,216,62,0.9216456525116096,0.9217254258381025
0.47768385927883295,0.8095872170439414,0.9074626865671642,0.7307692307692307,0.7769784172661871,608,62,224,216,62,0.9216456525116096,0.9217254258381025
0.47589893110513115,0.8090485695276114,0.9061102831594635,0.7307692307692307,0.7733812949640287,608,63,224,215,63,0.9216456525116096,0.9217254258381025
0.4747545751804627,0.8098404255319149,0.90625,0.7319711538461539,0.7733812949640287,609,63,223,215,63,0.9216456525116096,0.9217254258381025
0.4745043095174466,0.8106312292358804,0.9063893016344725,0.7331730769230769,0.7733812949640287,610,63,222,215,63,0.9216456525116096,0.9217254258381025
0.4674051535483106,0.8114209827357237,0.9065281899109793,0.734375,0.7733812949640287,611,63,221,215,63,0.9216456525116096,0.9217254258381025
0.4656921674343413,0.8122096881220969,0.9066666666666666,0.7355769230769231,0.7733812949640287,612,63,220,215,63,0.9216456525116096,0.9217254258381025
0.4618375447821502,0.8116710875331565,0.9053254437869822,0.7355769230769231,0.7697841726618705,612,64,220,214,64,0.9216456525116096,0.9217254258381025
0.46080704840063613,0.8124585818422797,0.9054652880354506,0.7367788461538461,0.7697841726618705,613,64,219,214,64,0.9216456525116096,0.9217254258381025
0.45618093623014966,0.8132450331125828,0.9056047197640118,0.7379807692307693,0.7697841726618705,614,64,218,214,64,0.9216456525116096,0.9217254258381025
0.45442632833248764,0.814030443414957,0.9057437407952872,0.7391826923076923,0.7697841726618705,615,64,217,214,64,0.9216456525116096,0.9217254258381025
0.45338525490038606,0.8148148148148148,0.9058823529411765,0.7403846153846154,0.7697841726618705,616,64,216,214,64,0.9216456525116096,0.9217254258381025
0.4506734259939875,0.8155981493721084,0.9060205580029369,0.7415865384615384,0.7697841726618705,617,64,215,214,64,0.9216456525116096,0.9217254258381025
0.4493920804373587,0.8163804491413474,0.906158357771261,0.7427884615384616,0.7697841726618705,618,64,214,214,64,0.9216456525116096,0.9217254258381025
0.44706038202571696,0.8171617161716171,0.9062957540263543,0.7439903846153846,0.7697841726618705,619,64,213,214,64,0.9216456525116096,0.9217254258381025
0.4469759789560812,0.8179419525065963,0.9064327485380117,0.7451923076923077,0.7697841726618705,620,64,212,214,64,0.9216456525116096,0.9217254258381025
0.4461578005304938,0.8187211601845749,0.9065693430656935,0.7463942307692307,0.7697841726618705,621,64,211,214,64,0.9216456525116096,0.9217254258381025
0.4453896093184534,0.8194993412384717,0.9067055393586005,0.7475961538461539,0.7697841726618705,622,64,210,214,64,0.9216456525116096,0.9217254258381025
0.44407768067009534,0.8202764976958525,0.9068413391557496,0.7487980769230769,0.7697841726618705,623,64,209,214,64,0.9216456525116096,0.9217254258381025
0.44393116043339953,0.8210526315789474,0.9069767441860465,0.75,0.7697841726618705,624,64,208,214,64,0.9216456525116096,0.9217254258381025
0.44371437029402483,0.821827744904668,0.9071117561683599,0.7512019230769231,0.7697841726618705,625,64,207,214,64,0.9216456525116096,0.9217254258381025
0.44341565700537977,0.8212877792378449,0.9057971014492754,0.7512019230769231,0.7661870503597122,625,65,207,213,65,0.9216456525116096,0.9217254258381025
0.4423058718241121,0.8220617202889035,0.9059334298118669,0.7524038461538461,0.7661870503597122,626,65,206,213,65,0.9216456525116096,0.9217254258381025
0.43729754386881825,0.821522309711286,0.9046242774566474,0.7524038461538461,0.762589928057554,626,66,206,212,66,0.9216456525116096,0.9217254258381025
0.4363499948966505,0.820983606557377,0.9033189033189033,0.7524038461538461,0.7589928057553957,626,67,206,211,67,0.9216456525116096,0.9217254258381025
0.4350181267214427,0.8217562254259502,0.9034582132564841,0.7536057692307693,0.7589928057553957,627,67,205,211,67,0.9216456525116096,0.9217254258381025
0.4274007460496696,0.822527832351015,0.9035971223021583,0.7548076923076923,0.7589928057553957,628,67,204,211,67,0.9216456525116096,0.9217254258381025
0.4268954915368266,0.8232984293193717,0.9037356321839081,0.7560096153846154,0.7589928057553957,629,67,203,211,67,0.9216456525116096,0.9217254258381025
0.42431937511578355,0.8227599738391105,0.9024390243902439,0.7560096153846154,0.7553956834532374,629,68,203,210,68,0.9216456525116096,0.9217254258381025
0.41831336961553633,0.8235294117647058,0.9025787965616046,0.7572115384615384,0.7553956834532374,630,68,202,210,68,0.9216456525116096,0.9217254258381025
0.4156655744345499,0.8242978445460484,0.9027181688125894,0.7584134615384616,0.7553956834532374,631,68,201,210,68,0.9216456525116096,0.9217254258381025
0.41419610883222846,0.8237597911227154,0.9014285714285715,0.7584134615384616,0.7517985611510791,631,69,201,209,69,0.9216456525116096,0.9217254258381025
0.41314816621932204,0.8245270711024135,0.9015691868758916,0.7596153846153846,0.7517985611510791,632,69,200,209,69,0.9216456525116096,0.9217254258381025
0.4104018266491123,0.8239895697522817,0.9002849002849003,0.7596153846153846,0.7482014388489209,632,70,200,208,70,0.9216456525116096,0.9217254258381025
0.4093930110083889,0.8247557003257329,0.9004267425320057,0.7608173076923077,0.7482014388489209,633,70,199,208,70,0.9216456525116096,0.9217254258381025
0.40824176555175073,0.82421875,0.8991477272727273,0.7608173076923077,0.7446043165467626,633,71,199,207,71,0.9216456525116096,0.9217254258381025
0.4073374486040934,0.8249837345478205,0.8992907801418439,0.7620192307692307,0.7446043165467626,634,71,198,207,71,0.9216456525116096,0.9217254258381025
0.40483908752650777,0.8244473342002601,0.8980169971671388,0.7620192307692307,0.7410071942446043,634,72,198,206,72,0.9216456525116096,0.9217254258381025
0.40400477113081257,0.825211176088369,0.8981612446958982,0.7632211538461539,0.7410071942446043,635,72,197,206,72,0.9216456525116096,0.9217254258381025
0.4030997015532103,0.825974025974026,0.8983050847457628,0.7644230769230769,0.7410071942446043,636,72,196,206,72,0.9216456525116096,0.9217254258381025
0.4023106469391211,0.826735885788449,0.8984485190409027,0.765625,0.7410071942446043,637,72,195,206,72,0.9216456525116096,0.9217254258381025
0.4008287027687307,0.8274967574578469,0.8985915492957747,0.7668269230769231,0.7410071942446043,638,72,194,206,72,0.9216456525116096,0.9217254258381025
0.40072303176832813,0.8282566429034348,0.8987341772151899,0.7680288461538461,0.7410071942446043,639,72,193,206,72,0.9216456525116096,0.9217254258381025
0.39708183365678473,0.8290155440414507,0.898876404494382,0.7692307692307693,0.7410071942446043,640,72,192,206,72,0.9216456525116096,0.9217254258381025
0.3965442773875516,0.8284789644012945,0.8976157082748948,0.7692307692307693,0.737410071942446,640,73,192,205,73,0.9216456525116096,0.9217254258381025
0.39542433942975386,0.8279430789133247,0.896358543417367,0.7692307692307693,0.7338129496402878,640,74,192,204,74,0.9216456525116096,0.9217254258381025
0.39384417050959153,0.8274078862314156,0.8951048951048951,0.7692307692307693,0.7302158273381295,640,75,192,203,75,0.9216456525116096,0.9217254258381025
0.3902565542142298,0.8268733850129198,0.8938547486033519,0.7692307692307693,0.7266187050359713,640,76,192,202,76,0.9216456525116096,0.9217254258381025
0.39002763497208814,0.8276307295029051,0.8940027894002789,0.7704326923076923,0.7266187050359713,641,76,191,202,76,0.9216456525116096,0.9217254258381025
0.39000279643859714,0.8270967741935484,0.8927576601671309,0.7704326923076923,0.7230215827338129,641,77,191,201,77,0.9216456525116096,0.9217254258381025
0.38927985477770377,0.8265635074145713,0.8915159944367177,0.7704326923076923,0.7194244604316546,641,78,191,200,78,0.9216456525116096,0.9217254258381025
0.38607082284750205,0.8273195876288659,0.8916666666666667,0.7716346153846154,0.7194244604316546,642,78,190,200,78,0.9216456525116096,0.9217254258381025
0.38419486167642036,0.8267868641339343,0.8904299583911235,0.7716346153846154,0.7158273381294964,642,79,190,199,79,0.9216456525116096,0.9217254258381025
0.3840720053288771,0.8262548262548263,0.889196675900277,0.7716346153846154,0.7122302158273381,642,80,190,198,80,0.9216456525116096,0.9217254258381025
0.3796023594959175,0.8257234726688103,0.8879668049792531,0.7716346153846154,0.7086330935251799,642,81,190,197,81,0.9216456525116096,0.9217254258381025
0.3794048847849686,0.8251928020565553,0.8867403314917127,0.7716346153846154,0.7050359712230215,642,82,190,196,82,0.9216456525116096,0.9217254258381025
0.3778861415675896,0.8259473346178549,0.886896551724138,0.7728365384615384,0.7050359712230215,643,82,189,196,82,0.9216456525116096,0.9217254258381025
0.37779765793582154,0.8254172015404364,0.8856749311294766,0.7728365384615384,0.7014388489208633,643,83,189,195,83,0.9216456525116096,0.9217254258381025
0.3757353498486863,0.8248877485567672,0.8844566712517193,0.7728365384615384,0.697841726618705,643,84,189,194,84,0.9216456525116096,0.9217254258381025
0.3751259215857068,0.8256410256410256,0.8846153846153846,0.7740384615384616,0.697841726618705,644,84,188,194,84,0.9216456525116096,0.9217254258381025
0.37369726185631447,0.8263933376040999,0.8847736625514403,0.7752403846153846,0.697841726618705,645,84,187,194,84,0.9216456525116096,0.9217254258381025
0.3733144668437498,0.8271446862996159,0.8849315068493151,0.7764423076923077,0.697841726618705,646,84,186,194,84,0.9216456525116096,0.9217254258381025
0.3729011734504484,0.8278950735764555,0.8850889192886456,0.7776442307692307,0.697841726618705,647,84,185,194,84,0.9216456525116096,0.9217254258381025
0.37229830465337665,0.8286445012787724,0.8852459016393442,0.7788461538461539,0.697841726618705,648,84,184,194,84,0.9216456525116096,0.9217254258381025
0.3716154454236854,0.8281150159744409,0.8840381991814461,0.7788461538461539,0.6942446043165468,648,85,184,193,85,0.9216456525116096,0.9217254258381025
0.36860931049797685,0.8275862068965517,0.8828337874659401,0.7788461538461539,0.6906474820143885,648,86,184,192,86,0.9216456525116096,0.9217254258381025
0.3681616027764134,0.8270580727504786,0.8816326530612245,0.7788461538461539,0.6870503597122302,648,87,184,191,87,0.9216456525116096,0.9217254258381025
0.36744527424376794,0.8278061224489796,0.8817934782608695,0.7800480769230769,0.6870503597122302,649,87,183,191,87,0.9216456525116096,0.9217254258381025
0.3664898616502217,0.82855321861058,0.8819538670284939,0.78125,0.6870503597122302,650,87,182,191,87,0.9216456525116096,0.9217254258381025
0.3657541764827179,0.8292993630573249,0.8821138211382114,0.7824519230769231,0.6870503597122302,651,87,181,191,87,0.9216456525116096,0.9217254258381025
0.3656624685234957,0.83004455760662,0.8822733423545331,0.7836538461538461,0.6870503597122302,652,87,180,191,87,0.9216456525116096,0.9217254258381025
0.3647803128991295,0.8307888040712468,0.8824324324324324,0.7848557692307693,0.6870503597122302,653,87,179,191,87,0.9216456525116096,0.9217254258381025
0.3620476105708581,0.8302606484424666,0.8812415654520918,0.7848557692307693,0.6834532374100719,653,88,179,190,88,0.9216456525116096,0.9217254258381025
0.3619579636475907,0.8310038119440915,0.8814016172506739,0.7860576923076923,0.6834532374100719,654,88,178,190,88,0.9216456525116096,0.9217254258381025
0.36164452445723205,0.8304761904761905,0.8802153432032301,0.7860576923076923,0.6798561151079137,654,89,178,189,89,0.9216456525116096,0.9217254258381025
0.3616134649916022,0.8299492385786802,0.8790322580645161,0.7860576923076923,0.6762589928057554,654,90,178,188,90,0.9216456525116096,0.9217254258381025
0.36159348655015155,0.8306911857958148,0.8791946308724832,0.7872596153846154,0.6762589928057554,655,90,177,188,90,0.9216456525116096,0.9217254258381025
0.35988726983421304,0.8314321926489227,0.8793565683646113,0.7884615384615384,0.6762589928057554,656,90,176,188,90,0.9216456525116096,0.9217254258381025
0.35813346641093713,0.8321722609246358,0.8795180722891566,0.7896634615384616,0.6762589928057554,657,90,175,188,90,0.9216456525116096,0.9217254258381025
0.35632563088395186,0.8316455696202532,0.8783422459893048,0.7896634615384616,0.6726618705035972,657,91,175,187,91,0.9216456525116096,0.9217254258381025
0.35487242869018876,0.8323845667299178,0.8785046728971962,0.7908653846153846,0.6726618705035972,658,91,174,187,91,0.9216456525116096,0.9217254258381025
0.35467640121158484,0.8331226295828066,0.8786666666666667,0.7920673076923077,0.6726618705035972,659,91,173,187,91,0.9216456525116096,0.9217254258381025
0.35257459674006775,0.8325963360707518,0.877496671105193,0.7920673076923077,0.6690647482014388,659,92,173,186,92,0.9216456525116096,0.9217254258381025
0.35203060190101176,0.8333333333333334,0.8776595744680851,0.7932692307692307,0.6690647482014388,660,92,172,186,92,0.9216456525116096,0.9217254258381025
0.3512627404832439,0.832807570977918,0.8764940239043825,0.7932692307692307,0.6654676258992805,660,93,172,185,93,0.9216456525116096,0.9217254258381025
0.3496795185482233,0.8335435056746532,0.876657824933687,0.7944711538461539,0.6654676258992805,661,93,171,185,93,0.9216456525116096,0.9217254258381025
0.3479607036421223,0.8330182734719597,0.8754966887417218,0.7944711538461539,0.6618705035971223,661,94,171,184,94,0.9216456525116096,0.9217254258381025
0.34737809007066167,0.8337531486146096,0.8756613756613757,0.7956730769230769,0.6618705035971223,662,94,170,184,94,0.9216456525116096,0.9217254258381025
0.34593370528272493,0.8344870988042794,0.8758256274768824,0.796875,0.6618705035971223,663,94,169,184,94,0.9216456525116096,0.9217254258381025
0.34584625189020457,0.8352201257861636,0.8759894459102903,0.7980769230769231,0.6618705035971223,664,94,168,184,94,0.9216456525116096,0.9217254258381025
0.3457161339216219,0.8346951602765557,0.8748353096179183,0.7980769230769231,0.658273381294964,664,95,168,183,95,0.9216456525116096,0.9217254258381025
0.3437069089382092,0.8341708542713567,0.8736842105263158,0.7980769230769231,0.6546762589928058,664,96,168,182,96,0.9216456525116096,0.9217254258381025
0.3424750529055284,0.834902699309479,0.873850197109067,0.7992788461538461,0.6546762589928058,665,96,167,182,96,0.9216456525116096,0.9217254258381025
0.3420901614339811,0.835633626097867,0.8740157480314961,0.8004807692307693,0.6546762589928058,666,96,166,182,96,0.9216456525116096,0.9217254258381025
0.3409898874439429,0.8351097178683385,0.872870249017038,0.8004807692307693,0.6510791366906474,666,97,166,181,97,0.9216456525116096,0.9217254258381025
0.34084630628433854,0.8345864661654135,0.8717277486910995,0.8004807692307693,0.6474820143884892,666,98,166,180,98,0.9216456525116096,0.9217254258381025
0.3395582031836277,0.8353162179085786,0.8718954248366013,0.8016826923076923,0.6474820143884892,667,98,165,180,98,0.9216456525116096,0.9217254258381025
0.3394846799510415,0.8360450563204005,0.8720626631853786,0.8028846153846154,0.6474820143884892,668,98,164,180,98,0.9216456525116096,0.9217254258381025
0.3394591546745618,0.8367729831144465,0.8722294654498044,0.8040865384615384,0.6474820143884892,669,98,163,180,98,0.9216456525116096,0.9217254258381025
0.3385445843654441,0.8375,0.8723958333333334,0.8052884615384616,0.6474820143884892,670,98,162,180,98,0.9216456525116096,0.9217254258381025
0.3384225529186825,0.8382261086820737,0.8725617685305592,0.8064903846153846,0.6474820143884892,671,98,161,180,98,0.9216456525116096,0.9217254258381025
0.3376725746654614,0.8389513108614233,0.8727272727272727,0.8076923076923077,0.6474820143884892,672,98,160,180,98,0.9216456525116096,0.9217254258381025
0.3367950233864607,0.8384279475982532,0.8715953307392996,0.8076923076923077,0.6438848920863309,672,99,160,179,99,0.9216456525116096,0.9217254258381025
0.3363208991324278,0.8391521197007481,0.8717616580310881,0.8088942307692307,0.6438848920863309,673,99,159,179,99,0.9216456525116096,0.9217254258381025
0.33552971815641863,0.8398753894080997,0.871927554980595,0.8100961538461539,0.6438848920863309,674,99,158,179,99,0.9216456525116096,0.9217254258381025
0.33537309373367485,0.8405977584059776,0.872093023255814,0.8112980769230769,0.6438848920863309,675,99,157,179,99,0.9216456525116096,0.9217254258381025
0.33387845852989506,0.8400746733042938,0.8709677419354839,0.8112980769230769,0.6402877697841727,675,100,157,178,100,0.9216456525116096,0.9217254258381025
0.3332574985169203,0.8395522388059702,0.8698453608247423,0.8112980769230769,0.6366906474820144,675,101,157,177,101,0.9216456525116096,0.9217254258381025
0.3321816017488237,0.8402734617775015,0.87001287001287,0.8125,0.6366906474820144,676,101,156,177,101,0.9216456525116096,0.9217254258381025
0.33129367721329495,0.8397515527950311,0.8688946015424165,0.8125,0.6330935251798561,676,102,156,176,102,0.9216456525116096,0.9217254258381025
0.33119015334278157,0.840471756672874,0.8690629011553274,0.8137019230769231,0.6330935251798561,677,102,155,176,102,0.9216456525116096,0.9217254258381025
0.33049667425229934,0.8411910669975186,0.8692307692307693,0.8149038461538461,0.6330935251798561,678,102,154,176,102,0.9216456525116096,0.9217254258381025
0.3292390252745757,0.8419094854308742,0.8693982074263764,0.8161057692307693,0.6330935251798561,679,102,153,176,102,0.9216456525116096,0.9217254258381025
0.3291867714275224,0.8426270136307311,0.8695652173913043,0.8173076923076923,0.6330935251798561,680,102,152,176,102,0.9216456525116096,0.9217254258381025
0.3289018178971762,0.843343653250774,0.8697318007662835,0.8185096153846154,0.6330935251798561,681,102,151,176,102,0.9216456525116096,0.9217254258381025
0.32859242793383914,0.8428217821782178,0.8686224489795918,0.8185096153846154,0.6294964028776978,681,103,151,175,103,0.9216456525116096,0.9217254258381025
0.3282525011002748,0.8423005565862709,0.867515923566879,0.8185096153846154,0.6258992805755396,681,104,151,174,104,0.9216456525116096,0.9217254258381025
0.3276288470138753,0.8417799752781211,0.8664122137404581,0.8185096153846154,0.6223021582733813,681,105,151,173,105,0.9216456525116096,0.9217254258381025
0.3259589010818049,0.8424953675108091,0.866581956797967,0.8197115384615384,0.6223021582733813,682,105,150,173,105,0.9216456525116096,0.9217254258381025
0.3255413013047136,0.8419753086419753,0.8654822335025381,0.8197115384615384,0.6187050359712231,682,106,150,172,106,0.9216456525116096,0.9217254258381025
0.3243672294998119,0.8426896977174584,0.8656527249683144,0.8209134615384616,0.6187050359712231,683,106,149,172,106,0.9216456525116096,0.9217254258381025
0.322084730583598,0.842170160295931,0.8645569620253165,0.8209134615384616,0.6151079136690647,683,107,149,171,107,0.9216456525116096,0.9217254258381025
0.32167295595055956,0.8428835489833642,0.8647281921618205,0.8221153846153846,0.6151079136690647,684,107,148,171,107,0.9216456525116096,0.9217254258381025
0.3205143290775154,0.8423645320197044,0.8636363636363636,0.8221153846153846,0.6115107913669064,684,108,148,170,108,0.9216456525116096,0.9217254258381025
0.31966289356537936,0.8430769230769231,0.8638083228247163,0.8233173076923077,0.6115107913669064,685,108,147,170,108,0.9216456525116096,0.9217254258381025
0.31964537055323516,0.8437884378843789,0.8639798488664987,0.8245192307692307,0.6115107913669064,686,108,146,170,108,0.9216456525116096,0.9217254258381025
0.3193704282376205,0.8432698217578365,0.8628930817610063,0.8245192307692307,0.6079136690647482,686,109,146,169,109,0.9216456525116096,0.9217254258381025
0.3185091930906593,0.8439803439803439,0.8630653266331658,0.8257211538461539,0.6079136690647482,687,109,145,169,109,0.9216456525116096,0.9217254258381025
0.31820373702492066,0.8446899938612645,0.863237139272271,0.8269230769230769,0.6079136690647482,688,109,144,169,109,0.9216456525116096,0.9217254258381025
0.31686079213284535,0.845398773006135,0.8634085213032582,0.828125,0.6079136690647482,689,109,143,169,109,0.9216456525116096,0.9217254258381025
0.314735472302747,0.8461066830165542,0.8635794743429287,0.8293269230769231,0.6079136690647482,690,109,142,169,109,0.9216456525116096,0.9217254258381025
0.3146193995585155,0.8455882352941176,0.8625,0.8293269230769231,0.60431654676259,690,110,142,168,110,0.9216456525116096,0.9217254258381025
0.3146177935179235,0.8462951622780159,0.8626716604244694,0.8305288461538461,0.60431654676259,691,110,141,168,110,0.9216456525116096,0.9217254258381025
0.3141042010588445,0.847001223990208,0.8628428927680798,0.8317307692307693,0.60431654676259,692,110,140,168,110,0.9216456525116096,0.9217254258381025
0.31391297758736547,0.8464831804281345,0.8617683686176837,0.8317307692307693,0.6007194244604317,692,111,140,167,111,0.9216456525116096,0.9217254258381025
0.3135483392911691,0.8471882640586798,0.8619402985074627,0.8329326923076923,0.6007194244604317,693,111,139,167,111,0.9216456525116096,0.9217254258381025
0.313540699190493,0.8478924862553452,0.8621118012422361,0.8341346153846154,0.6007194244604317,694,111,138,167,111,0.9216456525116096,0.9217254258381025
0.3125234216576087,0.8485958485958486,0.8622828784119106,0.8353365384615384,0.6007194244604317,695,111,137,167,111,0.9216456525116096,0.9217254258381025
0.31148815855796086,0.8492983526540574,0.862453531598513,0.8365384615384616,0.6007194244604317,696,111,136,167,111,0.9216456525116096,0.9217254258381025
0.3108122334603366,0.85,0.8626237623762376,0.8377403846153846,0.6007194244604317,697,111,135,167,111,0.9216456525116096,0.9217254258381025
0.3089111879951889,0.8494820231566118,0.861557478368356,0.8377403846153846,0.5971223021582733,697,112,135,166,112,0.9216456525116096,0.9217254258381025
0.3082771258390947,0.8501827040194885,0.8617283950617284,0.8389423076923077,0.5971223021582733,698,112,134,166,112,0.9216456525116096,0.9217254258381025
0.30757855824062175,0.8508825319537432,0.8618988902589396,0.8401442307692307,0.5971223021582733,699,112,133,166,112,0.9216456525116096,0.9217254258381025
0.30695076974960434,0.851581508515815,0.8620689655172413,0.8413461538461539,0.5971223021582733,700,112,132,166,112,0.9216456525116096,0.9217254258381025
0.3065703605365693,0.851063829787234,0.8610086100861009,0.8413461538461539,0.5935251798561151,700,113,132,165,113,0.9216456525116096,0.9217254258381025
0.3053969434763171,0.8517618469015796,0.8611793611793612,0.8425480769230769,0.5935251798561151,701,113,131,165,113,0.9216456525116096,0.9217254258381025
0.30531184688185087,0.8524590163934426,0.8613496932515338,0.84375,0.5935251798561151,702,113,130,165,113,0.9216456525116096,0.9217254258381025
0.30505115831723906,0.8531553398058253,0.8615196078431373,0.8449519230769231,0.5935251798561151,703,113,129,165,113,0.9216456525116096,0.9217254258381025
0.3049142286624156,0.8526379624014554,0.8604651162790697,0.8449519230769231,0.5899280575539568,703,114,129,164,114,0.9216456525116096,0.9217254258381025
0.30392663726538327,0.8533333333333334,0.8606356968215159,0.8461538461538461,0.5899280575539568,704,114,128,164,114,0.9216456525116096,0.9217254258381025
0.3038102579357429,0.8540278619018776,0.8608058608058609,0.8473557692307693,0.5899280575539568,705,114,127,164,114,0.9216456525116096,0.9217254258381025
0.30301875289208136,0.8547215496368039,0.8609756097560975,0.8485576923076923,0.5899280575539568,706,114,126,164,114,0.9216456525116096,0.9217254258381025
0.3014296253631338,0.8542044767090139,0.8599269183922046,0.8485576923076923,0.5863309352517986,706,115,126,163,115,0.9216456525116096,0.9217254258381025
0.3010788701673315,0.8548972188633616,0.8600973236009732,0.8497596153846154,0.5863309352517986,707,115,125,163,115,0.9216456525116096,0.9217254258381025
0.300730123489949,0.8555891238670695,0.8602673147023087,0.8509615384615384,0.5863309352517986,708,115,124,163,115,0.9216456525116096,0.9217254258381025
0.3006122246735541,0.856280193236715,0.8604368932038835,0.8521634615384616,0.5863309352517986,709,115,123,163,115,0.9216456525116096,0.9217254258381025
0.2997953957938938,0.8569704284852142,0.8606060606060606,0.8533653846153846,0.5863309352517986,710,115,122,163,115,0.9216456525116096,0.9217254258381025
0.2985583060846768,0.8576598311218335,0.860774818401937,0.8545673076923077,0.5863309352517986,711,115,121,163,115,0.9216456525116096,0.9217254258381025
0.29802567642313693,0.8583484026522001,0.8609431680773881,0.8557692307692307,0.5863309352517986,712,115,120,163,115,0.9216456525116096,0.9217254258381025
0.2979179876778246,0.8578313253012049,0.8599033816425121,0.8557692307692307,0.5827338129496403,712,116,120,162,116,0.9216456525116096,0.9217254258381025
0.2979057656513693,0.8585189644792294,0.8600723763570567,0.8569711538461539,0.5827338129496403,713,116,119,162,116,0.9216456525116096,0.9217254258381025
0.2978326380095029,0.8592057761732852,0.8602409638554217,0.8581730769230769,0.5827338129496403,714,116,118,162,116,0.9216456525116096,0.9217254258381025
0.29657426468941583,0.8586891160553217,0.8592057761732852,0.8581730769230769,0.579136690647482,714,117,118,161,117,0.9216456525116096,0.9217254258381025
0.29470580157854265,0.859375,0.859375,0.859375,0.579136690647482,715,117,117,161,117,0.9216456525116096,0.9217254258381025
0.2942376584513594,0.8588588588588588,0.858343337334934,0.859375,0.5755395683453237,715,118,117,160,118,0.9216456525116096,0.9217254258381025
0.2942182507247366,0.858343337334934,0.8573141486810552,0.859375,0.5719424460431655,715,119,117,159,119,0.9216456525116096,0.9217254258381025
0.2936215859954713,0.8578284343131374,0.8562874251497006,0.859375,0.5683453237410072,715,120,117,158,120,0.9216456525116096,0.9217254258381025
0.29288642645712104,0.8573141486810552,0.8552631578947368,0.859375,0.564748201438849,715,121,117,157,121,0.9216456525116096,0.9217254258381025
0.292583835919652,0.8579988016776513,0.8554360812425329,0.8605769230769231,0.564748201438849,716,121,116,157,121,0.9216456525116096,0.9217254258381025
0.29249005871967215,0.858682634730539,0.8556085918854416,0.8617788461538461,0.564748201438849,717,121,115,157,121,0.9216456525116096,0.9217254258381025
0.2923924612277641,0.8581687612208259,0.8545887961859356,0.8617788461538461,0.5611510791366906,717,122,115,156,122,0.9216456525116096,0.9217254258381025
0.29230644990382637,0.8576555023923444,0.8535714285714285,0.8617788461538461,0.5575539568345323,717,123,115,155,123,0.9216456525116096,0.9217254258381025
0.29005912400528877,0.85833831440526,0.8537455410225921,0.8629807692307693,0.5575539568345323,718,123,114,155,123,0.9216456525116096,0.9217254258381025
0.289137901586739,0.8578255675029869,0.8527315914489311,0.8629807692307693,0.5539568345323741,718,124,114,154,124,0.9216456525116096,0.9217254258381025
0.2887520338185001,0.8573134328358208,0.8517200474495848,0.8629807692307693,0.5503597122302158,718,125,114,153,125,0.9216456525116096,0.9217254258381025
0.28864443084754243,0.8579952267303103,0.8518957345971564,0.8641826923076923,0.5503597122302158,719,125,113,153,125,0.9216456525116096,0.9217254258381025
0.28833634650077267,0.8586762075134168,0.8520710059171598,0.8653846153846154,0.5503597122302158,720,125,112,153,125,0.9216456525116096,0.9217254258381025
0.287949667585238,0.8581644815256257,0.851063829787234,0.8653846153846154,0.5467625899280576,720,126,112,152,126,0.9216456525116096,0.9217254258381025
0.2873076250069576,0.8576533650982728,0.8500590318772137,0.8653846153846154,0.5431654676258992,720,127,112,151,127,0.9216456525116096,0.9217254258381025
0.2869505835140864,0.8583333333333333,0.8502358490566038,0.8665865384615384,0.5431654676258992,721,127,111,151,127,0.9216456525116096,0.9217254258381025
0.28547144902014465,0.8590124925639501,0.850412249705536,0.8677884615384616,0.5431654676258992,722,127,110,151,127,0.9216456525116096,0.9217254258381025
0.28521403313769467,0.8596908442330559,0.8505882352941176,0.8689903846153846,0.5431654676258992,723,127,109,151,127,0.9216456525116096,0.9217254258381025
0.28444912968910274,0.8603683897801545,0.8507638072855465,0.8701923076923077,0.5431654676258992,724,127,108,151,127,0.9216456525116096,0.9217254258381025
0.2839730647611264,0.8610451306413301,0.8509389671361502,0.8713942307692307,0.5431654676258992,725,127,107,151,127,0.9216456525116096,0.9217254258381025
0.283375810936062,0.8617210682492582,0.8511137162954279,0.8725961538461539,0.5431654676258992,726,127,106,151,127,0.9216456525116096,0.9217254258381025
0.28326937091434456,0.8623962040332147,0.8512880562060889,0.8737980769230769,0.5431654676258992,727,127,105,151,127,0.9216456525116096,0.9217254258381025
0.28175395135121006,0.8630705394190872,0.8514619883040936,0.875,0.5431654676258992,728,127,104,151,127,0.9216456525116096,0.9217254258381025
0.28151062528062154,0.8637440758293838,0.8516355140186916,0.8762019230769231,0.5431654676258992,729,127,103,151,127,0.9216456525116096,0.9217254258381025
0.280522590843278,0.8644168146832445,0.851808634772462,0.8774038461538461,0.5431654676258992,730,127,102,151,127,0.9216456525116096,0.9217254258381025
0.2802996054066974,0.8650887573964497,0.8519813519813519,0.8786057692307693,0.5431654676258992,731,127,101,151,127,0.9216456525116096,0.9217254258381025
0.27936109359124595,0.8657599053814311,0.8521536670547147,0.8798076923076923,0.5431654676258992,732,127,100,151,127,0.9216456525116096,0.9217254258381025
0.2791129510504482,0.8664302600472813,0.8523255813953489,0.8810096153846154,0.5431654676258992,733,127,99,151,127,0.9216456525116096,0.9217254258381025
0.27793797949088517,0.8670998227997637,0.8524970963995354,0.8822115384615384,0.5431654676258992,734,127,98,151,127,0.9216456525116096,0.9217254258381025
0.2774224180693784,0.8677685950413223,0.8526682134570766,0.8834134615384616,0.5431654676258992,735,127,97,151,127,0.9216456525116096,0.9217254258381025
0.2773467433299487,0.8672566371681416,0.8516801853997682,0.8834134615384616,0.539568345323741,735,128,97,150,128,0.9216456525116096,0.9217254258381025
0.27690846103374145,0.8667452830188679,0.8506944444444444,0.8834134615384616,0.5359712230215827,735,129,97,149,129,0.9216456525116096,0.9217254258381025
0.27604853659818085,0.8674130819092516,0.8508670520231214,0.8846153846153846,0.5359712230215827,736,129,96,149,129,0.9216456525116096,0.9217254258381025
0.2755458068011176,0.8680800942285041,0.851039260969977,0.8858173076923077,0.5359712230215827,737,129,95,149,129,0.9216456525116096,0.9217254258381025
0.2755096123173649,0.8687463213655091,0.8512110726643599,0.8870192307692307,0.5359712230215827,738,129,94,149,129,0.9216456525116096,0.9217254258381025
0.2752035948256606,0.8682352941176471,0.8502304147465438,0.8870192307692307,0.5323741007194245,738,130,94,148,130,0.9216456525116096,0.9217254258381025
0.2750234177828559,0.8677248677248677,0.8492520138089759,0.8870192307692307,0.5287769784172662,738,131,94,147,131,0.9216456525116096,0.9217254258381025
0.27059397812406316,0.8683901292596945,0.8494252873563218,0.8882211538461539,0.5287769784172662,739,131,93,147,131,0.9216456525116096,0.9217254258381025
0.27025363337416,0.8690546095126248,0.8495981630309989,0.8894230769230769,0.5287769784172662,740,131,92,147,131,0.9216456525116096,0.9217254258381025
0.2702144924736847,0.8685446009389671,0.8486238532110092,0.8894230769230769,0.5251798561151079,740,132,92,146,132,0.9216456525116096,0.9217254258381025
0.2695998602446221,0.8692082111436951,0.8487972508591065,0.890625,0.5251798561151079,741,132,91,146,132,0.9216456525116096,0.9217254258381025
0.26929833476160603,0.8698710433763188,0.8489702517162472,0.8918269230769231,0.5251798561151079,742,132,90,146,132,0.9216456525116096,0.9217254258381025
0.26712980296676736,0.869361452841242,0.848,0.8918269230769231,0.5215827338129496,742,133,90,145,133,0.9216456525116096,0.9217254258381025
0.2665101050265273,0.870023419203747,0.8481735159817352,0.8930288461538461,0.5215827338129496,743,133,89,145,133,0.9216456525116096,0.9217254258381025
0.26371173477338794,0.8706846108835576,0.8483466362599772,0.8942307692307693,0.5215827338129496,744,133,88,145,133,0.9216456525116096,0.9217254258381025
0.26349006265147656,0.8713450292397661,0.8485193621867881,0.8954326923076923,0.5215827338129496,745,133,87,145,133,0.9216456525116096,0.9217254258381025
0.2622574010121216,0.8720046756282875,0.8486916951080774,0.8966346153846154,0.5215827338129496,746,133,86,145,133,0.9216456525116096,0.9217254258381025
0.2600795806549868,0.8714953271028038,0.8477272727272728,0.8966346153846154,0.5179856115107914,746,134,86,144,134,0.9216456525116096,0.9217254258381025
0.2579772385188924,0.87215411558669,0.8479001135073779,0.8978365384615384,0.5179856115107914,747,134,85,144,134,0.9216456525116096,0.9217254258381025
0.25664905488940193,0.8716452742123687,0.8469387755102041,0.8978365384615384,0.5143884892086331,747,135,85,143,135,0.9216456525116096,0.9217254258381025
0.2563619425529129,0.8711370262390671,0.8459796149490374,0.8978365384615384,0.5107913669064749,747,136,85,142,136,0.9216456525116096,0.9217254258381025
0.25559631975988173,0.8706293706293706,0.8450226244343891,0.8978365384615384,0.5071942446043165,747,137,85,141,137,0.9216456525116096,0.9217254258381025
0.255277846626218,0.8701223063482819,0.8440677966101695,0.8978365384615384,0.5035971223021583,747,138,85,140,138,0.9216456525116096,0.9217254258381025
0.25356605009744604,0.8707799767171129,0.8442437923250564,0.8990384615384616,0.5035971223021583,748,138,84,140,138,0.9216456525116096,0.9217254258381025
0.2526291425143774,0.8702734147760326,0.8432919954904171,0.8990384615384616,0.5,748,139,84,139,139,0.9216456525116096,0.9217254258381025
0.2522345828354151,0.8697674418604651,0.8423423423423423,0.8990384615384616,0.49640287769784175,748,140,84,138,140,0.9216456525116096,0.9217254258381025
0.25213897063278523,0.8692620569436375,0.8413948256467941,0.8990384615384616,0.49280575539568344,748,141,84,137,141,0.9216456525116096,0.9217254258381025
0.25004179920092395,0.8687572590011614,0.8404494382022472,0.8990384615384616,0.4892086330935252,748,142,84,136,142,0.9216456525116096,0.9217254258381025
0.2493979998013408,0.869413813116657,0.8406285072951739,0.9002403846153846,0.4892086330935252,749,142,83,136,142,0.9216456525116096,0.9217254258381025
0.2492924012271548,0.8700696055684455,0.8408071748878924,0.9014423076923077,0.4892086330935252,750,142,82,136,142,0.9216456525116096,0.9217254258381025
0.24904069620025948,0.8707246376811594,0.8409854423292273,0.9026442307692307,0.4892086330935252,751,142,81,136,142,0.9216456525116096,0.9217254258381025
0.24887390820441846,0.8702201622247973,0.8400447427293065,0.9026442307692307,0.4856115107913669,751,143,81,135,143,0.9216456525116096,0.9217254258381025
0.24796196336659881,0.8697162709901564,0.8391061452513966,0.9026442307692307,0.48201438848920863,751,144,81,134,144,0.9216456525116096,0.9217254258381025
0.24767915145249753,0.8703703703703703,0.8392857142857143,0.9038461538461539,0.48201438848920863,752,144,80,134,144,0.9216456525116096,0.9217254258381025
0.24750182349063132,0.869866975130133,0.8383500557413601,0.9038461538461539,0.4784172661870504,752,145,80,133,145,0.9216456525116096,0.9217254258381025
0.2470392270097922,0.8705202312138728,0.8385300668151447,0.9050480769230769,0.4784172661870504,753,145,79,133,145,0.9216456525116096,0.9217254258381025
0.24639458286601057,0.8700173310225303,0.8375973303670745,0.9050480769230769,0.4748201438848921,753,146,79,132,146,0.9216456525116096,0.9217254258381025
0.24534147529480776,0.8695150115473441,0.8366666666666667,0.9050480769230769,0.4712230215827338,753,147,79,131,147,0.9216456525116096,0.9217254258381025
0.24472344646610777,0.8701673398730525,0.8368479467258602,0.90625,0.4712230215827338,754,147,78,131,147,0.9216456525116096,0.9217254258381025
0.24440551803931676,0.8708189158016147,0.8370288248337029,0.9074519230769231,0.4712230215827338,755,147,77,131,147,0.9216456525116096,0.9217254258381025
0.2435977259823452,0.8714697406340057,0.8372093023255814,0.9086538461538461,0.4712230215827338,756,147,76,131,147,0.9216456525116096,0.9217254258381025
0.2434732781784834,0.8709677419354839,0.8362831858407079,0.9086538461538461,0.4676258992805755,756,148,76,130,148,0.9216456525116096,0.9217254258381025
0.24347261464196712,0.8716177317213587,0.8364640883977901,0.9098557692307693,0.4676258992805755,757,148,75,130,148,0.9216456525116096,0.9217254258381025
0.24346656689326296,0.8711162255466053,0.8355408388520972,0.9098557692307693,0.46402877697841727,757,149,75,129,149,0.9216456525116096,0.9217254258381025
0.2425051942144626,0.870615296147211,0.834619625137817,0.9098557692307693,0.460431654676259,757,150,75,128,150,0.9216456525116096,0.9217254258381025
0.240252607022311,0.871264367816092,0.8348017621145375,0.9110576923076923,0.460431654676259,758,150,74,128,150,0.9216456525116096,0.9217254258381025
0.23909866314226014,0.8707639287765652,0.8338833883388339,0.9110576923076923,0.4568345323741007,758,151,74,127,151,0.9216456525116096,0.9217254258381025
0.23864441340797804,0.8714121699196326,0.8340659340659341,0.9122596153846154,0.4568345323741007,759,151,73,127,151,0.9216456525116096,0.9217254258381025
0.23710712879883322,0.8709122203098106,0.8331503841931943,0.9122596153846154,0.45323741007194246,759,152,73,126,152,0.9216456525116096,0.9217254258381025
0.23679434513011444,0.8704128440366973,0.8322368421052632,0.9122596153846154,0.44964028776978415,759,153,73,125,153,0.9216456525116096,0.9217254258381025
0.2362615578025511,0.8699140401146132,0.8313253012048193,0.9122596153846154,0.4460431654676259,759,154,73,124,154,0.9216456525116096,0.9217254258381025
0.23612495820237434,0.870561282932417,0.8315098468271335,0.9134615384615384,0.4460431654676259,760,154,72,124,154,0.9216456525116096,0.9217254258381025
0.23518974934210468,0.8712077847738982,0.8316939890710382,0.9146634615384616,0.4460431654676259,761,154,71,124,154,0.9216456525116096,0.9217254258381025
0.2346784674617779,0.8718535469107551,0.8318777292576419,0.9158653846153846,0.4460431654676259,762,154,70,124,154,0.9216456525116096,0.9217254258381025
0.23455341511816308,0.8713550600343053,0.8309705561613958,0.9158653846153846,0.44244604316546765,762,155,70,123,155,0.9216456525116096,0.9217254258381025
0.23400447466632768,0.8708571428571429,0.8300653594771242,0.9158653846153846,0.43884892086330934,762,156,70,122,156,0.9216456525116096,0.9217254258381025
0.23348992664106605,0.8703597944031982,0.8291621327529923,0.9158653846153846,0.4352517985611511,762,157,70,121,157,0.9216456525116096,0.9217254258381025
0.2332658899406943,0.8698630136986302,0.8282608695652174,0.9158653846153846,0.4316546762589928,762,158,70,120,158,0.9216456525116096,0.9217254258381025
0.23303767370734296,0.8705077010838562,0.8284473398479913,0.9170673076923077,0.4316546762589928,763,158,69,120,158,0.9216456525116096,0.9217254258381025
0.23131233488632152,0.8700114025085519,0.8275488069414316,0.9170673076923077,0.42805755395683454,763,159,69,119,159,0.9216456525116096,0.9217254258381025
0.22617589210896383,0.8706552706552707,0.8277356446370531,0.9182692307692307,0.42805755395683454,764,159,68,119,159,0.9216456525116096,0.9217254258381025
0.2254256242397975,0.8701594533029613,0.8268398268398268,0.9182692307692307,0.4244604316546763,764,160,68,118,160,0.9216456525116096,0.9217254258381025
0.22386978409255798,0.8708025042686397,0.827027027027027,0.9194711538461539,0.4244604316546763,765,160,67,118,160,0.9216456525116096,0.9217254258381025
0.2227852637103943,0.8714448236632537,0.8272138228941684,0.9206730769230769,0.4244604316546763,766,160,66,118,160,0.9216456525116096,0.9217254258381025
0.22260625643893994,0.8709494030699261,0.8263214670981661,0.9206730769230769,0.420863309352518,766,161,66,117,161,0.9216456525116096,0.9217254258381025
0.22234570990914182,0.8715909090909091,0.8265086206896551,0.921875,0.420863309352518,767,161,65,117,161,0.9216456525116096,0.9217254258381025
0.2221998052095826,0.8710959681998864,0.8256189451022605,0.921875,0.4172661870503597,767,162,65,116,162,0.9216456525116096,0.9217254258381025
0.22200412127250924,0.8706015891032917,0.8247311827956989,0.921875,0.4136690647482014,767,163,65,115,163,0.9216456525116096,0.9217254258381025
0.22084380120232716,0.8701077708451503,0.8238453276047261,0.921875,0.41007194244604317,767,164,65,114,164,0.9216456525116096,0.9217254258381025
0.22076639440364376,0.8707482993197279,0.8240343347639485,0.9230769230769231,0.41007194244604317,768,164,64,114,164,0.9216456525116096,0.9217254258381025
0.22064296090459234,0.8713881019830029,0.8242229367631297,0.9242788461538461,0.41007194244604317,769,164,63,114,164,0.9216456525116096,0.9217254258381025
0.219887961177046,0.8720271800679502,0.8244111349036403,0.9254807692307693,0.41007194244604317,770,164,62,114,164,0.9216456525116096,0.9217254258381025
0.21877054501102167,0.8715336728919072,0.8235294117647058,0.9254807692307693,0.4064748201438849,770,165,62,113,165,0.9216456525116096,0.9217254258381025
0.21874172892706445,0.8710407239819005,0.8226495726495726,0.9254807692307693,0.4028776978417266,770,166,62,112,166,0.9216456525116096,0.9217254258381025
0.21803089450284507,0.8705483323911815,0.8217716115261473,0.9254807692307693,0.39928057553956836,770,167,62,111,167,0.9216456525116096,0.9217254258381025
0.21798817335774434,0.8700564971751412,0.8208955223880597,0.9254807692307693,0.39568345323741005,770,168,62,110,168,0.9216456525116096,0.9217254258381025
0.21710941657653238,0.8695652173913043,0.820021299254526,0.9254807692307693,0.3920863309352518,770,169,62,109,169,0.9216456525116096,0.9217254258381025
0.2170012585077412,0.8702031602708804,0.8202127659574469,0.9266826923076923,0.3920863309352518,771,169,61,109,169,0.9216456525116096,0.9217254258381025
0.21694725386708824,0.8708403835307389,0.820403825717322,0.9278846153846154,0.3920863309352518,772,169,60,109,169,0.9216456525116096,0.9217254258381025
0.21526262954598308,0.8714768883878241,0.8205944798301487,0.9290865384615384,0.3920863309352518,773,169,59,109,169,0.9216456525116096,0.9217254258381025
0.21484953421848763,0.872112676056338,0.8207847295864263,0.9302884615384616,0.3920863309352518,774,169,58,109,169,0.9216456525116096,0.9217254258381025
0.21359434019969747,0.8727477477477478,0.8209745762711864,0.9314903846153846,0.3920863309352518,775,169,57,109,169,0.9216456525116096,0.9217254258381025
0.21285695791901782,0.8722566122678672,0.8201058201058201,0.9314903846153846,0.38848920863309355,775,170,57,108,170,0.9216456525116096,0.9217254258381025
0.2127432983013725,0.8728908886389202,0.8202959830866807,0.9326923076923077,0.38848920863309355,776,170,56,108,170,0.9216456525116096,0.9217254258381025
0.2110543334279088,0.8724002248454188,0.8194297782470961,0.9326923076923077,0.38489208633093525,776,171,56,107,171,0.9216456525116096,0.9217254258381025
0.2099016589138878,0.8719101123595505,0.8185654008438819,0.9326923076923077,0.381294964028777,776,172,56,106,172,0.9216456525116096,0.9217254258381025
0.20865754437061956,0.8725435148792813,0.8187565858798735,0.9338942307692307,0.381294964028777,777,172,55,106,172,0.9216456525116096,0.9217254258381025
0.2073676536655571,0.8731762065095399,0.8189473684210526,0.9350961538461539,0.381294964028777,778,172,54,106,172,0.9216456525116096,0.9217254258381025
0.20548371257690434,0.8726864834548513,0.8180862250262881,0.9350961538461539,0.3776978417266187,778,173,54,105,173,0.9216456525116096,0.9217254258381025
0.20482390232663494,0.8733183856502242,0.8182773109243697,0.9362980769230769,0.3776978417266187,779,173,53,105,173,0.9216456525116096,0.9217254258381025
0.204636801082846,0.8728291316526611,0.8174186778593914,0.9362980769230769,0.37410071942446044,779,174,53,104,174,0.9216456525116096,0.9217254258381025
0.2036467850382393,0.8723404255319149,0.8165618448637316,0.9362980769230769,0.37050359712230213,779,175,53,103,175,0.9216456525116096,0.9217254258381025
0.20259710805391795,0.8729714605484051,0.8167539267015707,0.9375,0.37050359712230213,780,175,52,103,175,0.9216456525116096,0.9217254258381025
0.20240867978246224,0.87248322147651,0.8158995815899581,0.9375,0.3669064748201439,780,176,52,102,176,0.9216456525116096,0.9217254258381025
0.20208425097772453,0.8731134712129681,0.8160919540229885,0.9387019230769231,0.3669064748201439,781,176,51,102,176,0.9216456525116096,0.9217254258381025
0.2014162749576126,0.8737430167597765,0.8162839248434238,0.9399038461538461,0.3669064748201439,782,176,50,102,176,0.9216456525116096,0.9217254258381025
0.20133463430480514,0.8732551647124511,0.8154327424400417,0.9399038461538461,0.36330935251798563,782,177,50,101,177,0.9216456525116096,0.9217254258381025
0.20046952428215248,0.8727678571428571,0.8145833333333333,0.9399038461538461,0.3597122302158273,782,178,50,100,178,0.9216456525116096,0.9217254258381025
0.2002796325524988,0.8722810931399888,0.813735691987513,0.9399038461538461,0.35611510791366907,782,179,50,99,179,0.9216456525116096,0.9217254258381025
0.20007646351149833,0.8717948717948718,0.8128898128898129,0.9399038461538461,0.35251798561151076,782,180,50,98,180,0.9216456525116096,0.9217254258381025
0.1988881803992706,0.8713091922005571,0.8120456905503635,0.9399038461538461,0.3489208633093525,782,181,50,97,181,0.9216456525116096,0.9217254258381025
0.1982427972045493,0.8719376391982183,0.8122406639004149,0.9411057692307693,0.3489208633093525,783,181,49,97,181,0.9216456525116096,0.9217254258381025
0.19799689296315526,0.8714524207011686,0.81139896373057,0.9411057692307693,0.34532374100719426,783,182,49,96,182,0.9216456525116096,0.9217254258381025
0.19792304328571908,0.8709677419354839,0.8105590062111802,0.9411057692307693,0.34172661870503596,783,183,49,95,183,0.9216456525116096,0.9217254258381025
0.19719284347611898,0.8715953307392996,0.8107549120992761,0.9423076923076923,0.34172661870503596,784,183,48,95,183,0.9216456525116096,0.9217254258381025
0.19667233743516976,0.8711111111111111,0.8099173553719008,0.9423076923076923,0.3381294964028777,784,184,48,94,184,0.9216456525116096,0.9217254258381025
0.19649503510796817,0.8706274292059967,0.8090815273477813,0.9423076923076923,0.3345323741007194,784,185,48,93,185,0.9216456525116096,0.9217254258381025
0.19645951636625159,0.8712541620421753,0.8092783505154639,0.9435096153846154,0.3345323741007194,785,185,47,93,185,0.9216456525116096,0.9217254258381025
0.1963187639846855,0.8718801996672213,0.8094747682801235,0.9447115384615384,0.3345323741007194,786,185,46,93,185,0.9216456525116096,0.9217254258381025
0.19486115136215976,0.8713968957871396,0.808641975308642,0.9447115384615384,0.33093525179856115,786,186,46,92,186,0.9216456525116096,0.9217254258381025
0.19453243406925624,0.8709141274238227,0.8078108941418294,0.9447115384615384,0.3273381294964029,786,187,46,91,187,0.9216456525116096,0.9217254258381025
0.1943673977385456,0.8704318936877077,0.8069815195071869,0.9447115384615384,0.3237410071942446,786,188,46,90,188,0.9216456525116096,0.9217254258381025
0.19428837497079732,0.8699501936912009,0.8061538461538461,0.9447115384615384,0.32014388489208634,786,189,46,89,189,0.9216456525116096,0.9217254258381025
0.19356725457592572,0.870575221238938,0.8063524590163934,0.9459134615384616,0.32014388489208634,787,189,45,89,189,0.9216456525116096,0.9217254258381025
0.1931445337630331,0.8700939745715865,0.8055271238485159,0.9459134615384616,0.31654676258992803,787,190,45,88,190,0.9216456525116096,0.9217254258381025
0.1926617369409871,0.8696132596685083,0.8047034764826176,0.9459134615384616,0.3129496402877698,787,191,45,87,191,0.9216456525116096,0.9217254258381025
0.19223238117448627,0.8691330756488128,0.8038815117466803,0.9459134615384616,0.30935251798561153,787,192,45,86,192,0.9216456525116096,0.9217254258381025
0.1921531316574817,0.869757174392936,0.8040816326530612,0.9471153846153846,0.30935251798561153,788,192,44,86,192,0.9216456525116096,0.9217254258381025
0.18918502834458362,0.870380584666299,0.8042813455657493,0.9483173076923077,0.30935251798561153,789,192,43,86,192,0.9216456525116096,0.9217254258381025
0.18898321485054126,0.8699007717750827,0.8034623217922607,0.9483173076923077,0.3057553956834532,789,193,43,85,193,0.9216456525116096,0.9217254258381025
0.18665165460257482,0.8694214876033057,0.8026449643947101,0.9483173076923077,0.302158273381295,789,194,43,84,194,0.9216456525116096,0.9217254258381025
0.1861301519390559,0.8689427312775331,0.801829268292683,0.9483173076923077,0.29856115107913667,789,195,43,83,195,0.9216456525116096,0.9217254258381025
0.18557565211687987,0.868464501926252,0.8010152284263959,0.9483173076923077,0.2949640287769784,789,196,43,82,196,0.9216456525116096,0.9217254258381025
0.1855607215821875,0.8690869086908691,0.8012170385395537,0.9495192307692307,0.2949640287769784,790,196,42,82,196,0.9216456525116096,0.9217254258381025
0.18519420948056242,0.8697086311159978,0.8014184397163121,0.9507211538461539,0.2949640287769784,791,196,41,82,196,0.9216456525116096,0.9217254258381025
0.18479598089600358,0.8692307692307693,0.8006072874493927,0.9507211538461539,0.29136690647482016,791,197,41,81,197,0.9216456525116096,0.9217254258381025
0.18437482958635787,0.8698517298187809,0.8008088978766431,0.9519230769230769,0.29136690647482016,792,197,40,81,197,0.9216456525116096,0.9217254258381025
0.18399091064899098,0.8704720087815587,0.8010101010101011,0.953125,0.29136690647482016,793,197,39,81,197,0.9216456525116096,0.9217254258381025
0.18292728203002906,0.8699945145364784,0.8002018163471241,0.953125,0.28776978417266186,793,198,39,80,198,0.9216456525116096,0.9217254258381025
0.17999966745557794,0.8706140350877193,0.8004032258064516,0.9543269230769231,0.28776978417266186,794,198,38,80,198,0.9216456525116096,0.9217254258381025
0.17833197451577176,0.8712328767123287,0.8006042296072508,0.9555288461538461,0.28776978417266186,795,198,37,80,198,0.9216456525116096,0.9217254258381025
0.17823857473305826,0.8718510405257394,0.8008048289738431,0.9567307692307693,0.28776978417266186,796,198,36,80,198,0.9216456525116096,0.9217254258381025
0.17810274535677517,0.8713738368910783,0.8,0.9567307692307693,0.2841726618705036,796,199,36,79,199,0.9216456525116096,0.9217254258381025
0.1759612476783078,0.8708971553610503,0.7991967871485943,0.9567307692307693,0.2805755395683453,796,200,36,78,200,0.9216456525116096,0.9217254258381025
0.17545536497944514,0.8704209950792783,0.79839518555667,0.9567307692307693,0.27697841726618705,796,201,36,77,201,0.9216456525116096,0.9217254258381025
0.17532627463234562,0.8710382513661202,0.7985971943887775,0.9579326923076923,0.27697841726618705,797,201,35,77,201,0.9216456525116096,0.9217254258381025
0.1752327025886189,0.8716548334243582,0.7987987987987988,0.9591346153846154,0.27697841726618705,798,201,34,77,201,0.9216456525116096,0.9217254258381025
0.17315889642653004,0.8722707423580786,0.799,0.9603365384615384,0.27697841726618705,799,201,33,77,201,0.9216456525116096,0.9217254258381025
0.17292907260413304,0.8717948717948718,0.7982017982017982,0.9603365384615384,0.2733812949640288,799,202,33,76,202,0.9216456525116096,0.9217254258381025
0.17281963018531765,0.8724100327153762,0.7984031936127745,0.9615384615384616,0.2733812949640288,800,202,32,76,202,0.9216456525116096,0.9217254258381025
0.17260923496017644,0.8719346049046321,0.7976071784646062,0.9615384615384616,0.2697841726618705,800,203,32,75,203,0.9216456525116096,0.9217254258381025
0.1725856923071738,0.8725490196078431,0.797808764940239,0.9627403846153846,0.2697841726618705,801,203,31,75,203,0.9216456525116096,0.9217254258381025
0.1709219217412148,0.8720740337506805,0.7970149253731343,0.9627403846153846,0.26618705035971224,801,204,31,74,204,0.9216456525116096,0.9217254258381025
0.16953558384526524,0.8726877040261154,0.7972166998011928,0.9639423076923077,0.26618705035971224,802,204,30,74,204,0.9216456525116096,0.9217254258381025
0.1682136835928899,0.8722131593257205,0.7964250248262165,0.9639423076923077,0.26258992805755393,802,205,30,73,205,0.9216456525116096,0.9217254258381025
0.16566440725332798,0.8717391304347826,0.7956349206349206,0.9639423076923077,0.2589928057553957,802,206,30,72,206,0.9216456525116096,0.9217254258381025
0.1656395021896384,0.8712656165127648,0.7948463825569871,0.9639423076923077,0.25539568345323743,802,207,30,71,207,0.9216456525116096,0.9217254258381025
0.1652192356938199,0.8718783930510315,0.7950495049504951,0.9651442307692307,0.25539568345323743,803,207,29,71,207,0.9216456525116096,0.9217254258381025
0.1651976692113417,0.8714053174172545,0.7942631058358062,0.9651442307692307,0.2517985611510791,803,208,29,70,208,0.9216456525116096,0.9217254258381025
0.1650847671541007,0.8709327548806941,0.7934782608695652,0.9651442307692307,0.24820143884892087,803,209,29,69,209,0.9216456525116096,0.9217254258381025
0.1643487534978938,0.8715447154471545,0.7936821322803553,0.9663461538461539,0.24820143884892087,804,209,28,69,209,0.9216456525116096,0.9217254258381025
0.16406307709551782,0.8721560130010835,0.7938856015779092,0.9675480769230769,0.24820143884892087,805,209,27,69,209,0.9216456525116096,0.9217254258381025
0.1635957074723503,0.8716838115863562,0.7931034482758621,0.9675480769230769,0.2446043165467626,805,210,27,68,210,0.9216456525116096,0.9217254258381025
0.1625642946639967,0.8712121212121212,0.7923228346456693,0.9675480769230769,0.24100719424460432,805,211,27,67,211,0.9216456525116096,0.9217254258381025
0.1620894015726111,0.8718226068144943,0.7925270403146509,0.96875,0.24100719424460432,806,211,26,67,211,0.9216456525116096,0.9217254258381025
0.16199131707844194,0.8713513513513513,0.7917485265225933,0.96875,0.23741007194244604,806,212,26,66,212,0.9216456525116096,0.9217254258381025
0.16115940265540918,0.8719611021069692,0.7919528949950932,0.9699519230769231,0.23741007194244604,807,212,25,66,212,0.9216456525116096,0.9217254258381025
0.1609157937242608,0.8725701943844493,0.792156862745098,0.9711538461538461,0.23741007194244604,808,212,24,66,212,0.9216456525116096,0.9217254258381025
0.16077157261933261,0.8720992984349704,0.791380999020568,0.9711538461538461,0.23381294964028776,808,213,24,65,213,0.9216456525116096,0.9217254258381025
0.16001655332988696,0.8716289104638619,0.7906066536203522,0.9711538461538461,0.2302158273381295,808,214,24,64,214,0.9216456525116096,0.9217254258381025
0.15998299645765623,0.8711590296495957,0.7898338220918866,0.9711538461538461,0.22661870503597123,808,215,24,63,215,0.9216456525116096,0.9217254258381025
0.15967963835617804,0.8706896551724138,0.7890625,0.9711538461538461,0.22302158273381295,808,216,24,62,216,0.9216456525116096,0.9217254258381025
0.1592458834619721,0.8712977921378567,0.7892682926829269,0.9723557692307693,0.22302158273381295,809,216,23,62,216,0.9216456525116096,0.9217254258381025
0.1586452163050771,0.8719052744886975,0.7894736842105263,0.9735576923076923,0.22302158273381295,810,216,22,62,216,0.9216456525116096,0.9217254258381025
0.15862256345599124,0.8725121032813341,0.7896786757546251,0.9747596153846154,0.22302158273381295,811,216,21,62,216,0.9216456525116096,0.9217254258381025
0.1582275609974606,0.8731182795698925,0.7898832684824902,0.9759615384615384,0.22302158273381295,812,216,20,62,216,0.9216456525116096,0.9217254258381025
0.1578326463044204,0.8737238044062332,0.7900874635568513,0.9771634615384616,0.22302158273381295,813,216,19,62,216,0.9216456525116096,0.9217254258381025
0.15704537201063062,0.8732545649838883,0.7893203883495146,0.9771634615384616,0.21942446043165467,813,217,19,61,217,0.9216456525116096,0.9217254258381025
0.15668224783079077,0.8727858293075684,0.7885548011639185,0.9771634615384616,0.2158273381294964,813,218,19,60,218,0.9216456525116096,0.9217254258381025
0.15648472871170438,0.8723175965665236,0.7877906976744186,0.9771634615384616,0.21223021582733814,813,219,19,59,219,0.9216456525116096,0.9217254258381025
0.15631244781465237,0.8718498659517426,0.78702807357212,0.9771634615384616,0.20863309352517986,813,220,19,58,220,0.9216456525116096,0.9217254258381025
0.15502843277063572,0.8713826366559485,0.7862669245647969,0.9771634615384616,0.20503597122302158,813,221,19,57,221,0.9216456525116096,0.9217254258381025
0.1549825524437458,0.870915907873594,0.7855072463768116,0.9771634615384616,0.2014388489208633,813,222,19,56,222,0.9216456525116096,0.9217254258381025
0.15490447320740675,0.8715203426124197,0.7857142857142857,0.9783653846153846,0.2014388489208633,814,222,18,56,222,0.9216456525116096,0.9217254258381025
0.15463865682378075,0.8710540395933655,0.7849566055930569,0.9783653846153846,0.19784172661870503,814,223,18,55,223,0.9216456525116096,0.9217254258381025
0.15369442792999854,0.8705882352941177,0.7842003853564548,0.9783653846153846,0.19424460431654678,814,224,18,54,224,0.9216456525116096,0.9217254258381025
0.1536443329458157,0.8701229289150187,0.7834456207892204,0.9783653846153846,0.1906474820143885,814,225,18,53,225,0.9216456525116096,0.9217254258381025
0.15355862804898346,0.8696581196581197,0.7826923076923077,0.9783653846153846,0.18705035971223022,814,226,18,52,226,0.9216456525116096,0.9217254258381025
0.15341610917203385,0.8691938067271756,0.781940441882805,0.9783653846153846,0.18345323741007194,814,227,18,51,227,0.9216456525116096,0.9217254258381025
0.15339273944328558,0.8687299893276414,0.781190019193858,0.9783653846153846,0.17985611510791366,814,228,18,50,228,0.9216456525116096,0.9217254258381025
0.1533416126833811,0.8682666666666666,0.7804410354745925,0.9783653846153846,0.17625899280575538,814,229,18,49,229,0.9216456525116096,0.9217254258381025
0.15292863896351072,0.8678038379530917,0.7796934865900383,0.9783653846153846,0.17266187050359713,814,230,18,48,230,0.9216456525116096,0.9217254258381025
0.15249002716718052,0.8684070324986681,0.7799043062200957,0.9795673076923077,0.17266187050359713,815,230,17,48,230,0.9216456525116096,0.9217254258381025
0.15216022018523334,0.8679446219382322,0.7791586998087954,0.9795673076923077,0.16906474820143885,815,231,17,47,231,0.9216456525116096,0.9217254258381025
0.15129804370367705,0.8674827035657264,0.778414517669532,0.9795673076923077,0.16546762589928057,815,232,17,46,232,0.9216456525116096,0.9217254258381025
0.15045245528523676,0.8680851063829788,0.7786259541984732,0.9807692307692307,0.16546762589928057,816,232,16,46,232,0.9216456525116096,0.9217254258381025
0.15025598607370927,0.8676236044657097,0.7778836987607245,0.9807692307692307,0.1618705035971223,816,233,16,45,233,0.9216456525116096,0.9217254258381025
0.1498103520659798,0.8671625929861849,0.7771428571428571,0.9807692307692307,0.15827338129496402,816,234,16,44,234,0.9216456525116096,0.9217254258381025
0.1495450655668893,0.8667020711630377,0.7764034253092293,0.9807692307692307,0.15467625899280577,816,235,16,43,235,0.9216456525116096,0.9217254258381025
0.14947918011720673,0.8662420382165605,0.7756653992395437,0.9807692307692307,0.1510791366906475,816,236,16,42,236,0.9216456525116096,0.9217254258381025
0.1489435594798021,0.8657824933687003,0.7749287749287749,0.9807692307692307,0.1474820143884892,816,237,16,41,237,0.9216456525116096,0.9217254258381025
0.14880972888784982,0.8663838812301167,0.7751423149905123,0.9819711538461539,0.1474820143884892,817,237,15,41,237,0.9216456525116096,0.9217254258381025
0.1476106289208069,0.8659247482776895,0.7744075829383886,0.9819711538461539,0.14388489208633093,817,238,15,40,238,0.9216456525116096,0.9217254258381025
0.1474017066890012,0.8654661016949152,0.7736742424242424,0.9819711538461539,0.14028776978417265,817,239,15,39,239,0.9216456525116096,0.9217254258381025
0.14726638592228847,0.86500794070937,0.7729422894985809,0.9819711538461539,0.1366906474820144,817,240,15,38,240,0.9216456525116096,0.9217254258381025
0.14704027084717997,0.8656084656084656,0.7731568998109641,0.9831730769230769,0.1366906474820144,818,240,14,38,240,0.9216456525116096,0.9217254258381025
0.14661644536017338,0.8651507139079851,0.7724268177525968,0.9831730769230769,0.13309352517985612,818,241,14,37,241,0.9216456525116096,0.9217254258381025
0.1449337622696869,0.864693446088795,0.7716981132075472,0.9831730769230769,0.12949640287769784,818,242,14,36,242,0.9216456525116096,0.9217254258381025
0.14400635833104536,0.8642366613840465,0.7709707822808671,0.9831730769230769,0.12589928057553956,818,243,14,35,243,0.9216456525116096,0.9217254258381025
0.14256666991334144,0.8648363252375924,0.7711864406779662,0.984375,0.12589928057553956,819,243,13,35,243,0.9216456525116096,0.9217254258381025
0.14238071953104248,0.8654353562005277,0.7714016933207902,0.9855769230769231,0.12589928057553956,820,243,12,35,243,0.9216456525116096,0.9217254258381025
0.14176654374744158,0.8649789029535865,0.7706766917293233,0.9855769230769231,0.1223021582733813,820,244,12,34,244,0.9216456525116096,0.9217254258381025
0.14147691896359682,0.8645229309435951,0.7699530516431925,0.9855769230769231,0.11870503597122302,820,245,12,33,245,0.9216456525116096,0.9217254258381025
0.13977590815630414,0.8640674394099052,0.7692307692307693,0.9855769230769231,0.11510791366906475,820,246,12,32,246,0.9216456525116096,0.9217254258381025
0.13974637586386573,0.8636124275934702,0.7685098406747891,0.9855769230769231,0.11151079136690648,820,247,12,31,247,0.9216456525116096,0.9217254258381025
0.1391582748369975,0.8631578947368421,0.7677902621722846,0.9855769230769231,0.1079136690647482,820,248,12,30,248,0.9216456525116096,0.9217254258381025
0.13909163106315925,0.8627038400841662,0.7670720299345183,0.9855769230769231,0.10431654676258993,820,249,12,29,249,0.9216456525116096,0.9217254258381025
0.13892193014052634,0.8622502628811777,0.7663551401869159,0.9855769230769231,0.10071942446043165,820,250,12,28,250,0.9216456525116096,0.9217254258381025
0.1386701544112019,0.8617971623751971,0.765639589169001,0.9855769230769231,0.09712230215827339,820,251,12,27,251,0.9216456525116096,0.9217254258381025
0.1386420414143703,0.8623949579831933,0.7658582089552238,0.9867788461538461,0.09712230215827339,821,251,11,27,251,0.9216456525116096,0.9217254258381025
0.138219603161283,0.8619422572178478,0.7651444547996272,0.9867788461538461,0.09352517985611511,821,252,11,26,252,0.9216456525116096,0.9217254258381025
0.13722387418913518,0.8625393494228751,0.7653631284916201,0.9879807692307693,0.09352517985611511,822,252,10,26,252,0.9216456525116096,0.9217254258381025
0.13714594030187177,0.8620870477189303,0.7646511627906977,0.9879807692307693,0.08992805755395683,822,253,10,25,253,0.9216456525116096,0.9217254258381025
0.1364864381133366,0.8616352201257862,0.7639405204460966,0.9879807692307693,0.08633093525179857,822,254,10,24,254,0.9216456525116096,0.9217254258381025
0.13617174111870578,0.8611838658983761,0.7632311977715878,0.9879807692307693,0.08273381294964029,822,255,10,23,255,0.9216456525116096,0.9217254258381025
0.13580908902607836,0.8607329842931937,0.7625231910946196,0.9879807692307693,0.07913669064748201,822,256,10,22,256,0.9216456525116096,0.9217254258381025
0.1357849549928163,0.8613291470434328,0.76274328081557,0.9891826923076923,0.07913669064748201,823,256,9,22,256,0.9216456525116096,0.9217254258381025
0.13570187332674333,0.8608786610878661,0.7620370370370371,0.9891826923076923,0.07553956834532374,823,257,9,21,257,0.9216456525116096,0.9217254258381025
0.13531262015637258,0.8614741244119185,0.7622571692876966,0.9903846153846154,0.07553956834532374,824,257,8,21,257,0.9216456525116096,0.9217254258381025
0.13448734245791172,0.8610240334378265,0.7615526802218114,0.9903846153846154,0.07194244604316546,824,258,8,20,258,0.9216456525116096,0.9217254258381025
0.13357956722043474,0.8605744125326371,0.7608494921514312,0.9903846153846154,0.0683453237410072,824,259,8,19,259,0.9216456525116096,0.9217254258381025
0.1325553483141957,0.860125260960334,0.7601476014760148,0.9903846153846154,0.06474820143884892,824,260,8,18,260,0.9216456525116096,0.9217254258381025
0.1319526522906569,0.8596765779864372,0.759447004608295,0.9903846153846154,0.06115107913669065,824,261,8,17,261,0.9216456525116096,0.9217254258381025
0.13193595036397487,0.8592283628779979,0.7587476979742173,0.9903846153846154,0.05755395683453238,824,262,8,16,262,0.9216456525116096,0.9217254258381025
0.13144790447492416,0.859822824387702,0.7589696412143514,0.9915865384615384,0.05755395683453238,825,262,7,16,262,0.9216456525116096,0.9217254258381025
0.13115937127421085,0.8604166666666667,0.7591911764705882,0.9927884615384616,0.05755395683453238,826,262,6,16,262,0.9216456525116096,0.9217254258381025
0.1310293422355897,0.859968766267569,0.758494031221304,0.9927884615384616,0.0539568345323741,826,263,6,15,263,0.9216456525116096,0.9217254258381025
0.13102090570533442,0.8595213319458896,0.7577981651376147,0.9927884615384616,0.050359712230215826,826,264,6,14,264,0.9216456525116096,0.9217254258381025
0.12995165085046678,0.860114404576183,0.7580201649862511,0.9939903846153846,0.050359712230215826,827,264,5,14,264,0.9216456525116096,0.9217254258381025
0.12909853415627182,0.8607068607068608,0.7582417582417582,0.9951923076923077,0.050359712230215826,828,264,4,14,264,0.9216456525116096,0.9217254258381025
0.12822312170726413,0.8602597402597403,0.757548032936871,0.9951923076923077,0.046762589928057555,828,265,4,13,265,0.9216456525116096,0.9217254258381025
0.12751160529496453,0.8598130841121495,0.7568555758683729,0.9951923076923077,0.04316546762589928,828,266,4,12,266,0.9216456525116096,0.9217254258381025
0.1274896067548611,0.8604047742605085,0.7570776255707763,0.9963942307692307,0.04316546762589928,829,266,3,12,266,0.9216456525116096,0.9217254258381025
0.12689182829367296,0.8599585062240664,0.7563868613138686,0.9963942307692307,0.039568345323741004,829,267,3,11,267,0.9216456525116096,0.9217254258381025
0.12589276167529895,0.8605495075168481,0.7566089334548769,0.9975961538461539,0.039568345323741004,830,267,2,11,267,0.9216456525116096,0.9217254258381025
0.1257665429842213,0.8601036269430051,0.75591985428051,0.9975961538461539,0.03597122302158273,830,268,2,10,268,0.9216456525116096,0.9217254258381025
0.12541477407539037,0.8606939409632315,0.7561419472247498,0.9987980769230769,0.03597122302158273,831,268,1,10,268,0.9216456525116096,0.9217254258381025
0.12503992238643868,0.860248447204969,0.7554545454545455,0.9987980769230769,0.03237410071942446,831,269,1,9,269,0.9216456525116096,0.9217254258381025
0.12426798979147591,0.85980341438179,0.7547683923705722,0.9987980769230769,0.02877697841726619,831,270,1,8,270,0.9216456525116096,0.9217254258381025
0.12235706413744218,0.859358841778697,0.7540834845735027,0.9987980769230769,0.025179856115107913,831,271,1,7,271,0.9216456525116096,0.9217254258381025
0.1222762100267828,0.8589147286821706,0.7533998186763372,0.9987980769230769,0.02158273381294964,831,272,1,6,272,0.9216456525116096,0.9217254258381025
0.12167991222524643,0.8584710743801653,0.7527173913043478,0.9987980769230769,0.017985611510791366,831,273,1,5,273,0.9216456525116096,0.9217254258381025
0.12150877279017347,0.8580278781621063,0.7520361990950226,0.9987980769230769,0.014388489208633094,831,274,1,4,274,0.9216456525116096,0.9217254258381025
0.12105221628484752,0.8575851393188855,0.7513562386980108,0.9987980769230769,0.01079136690647482,831,275,1,3,275,0.9216456525116096,0.9217254258381025
0.11892628263313432,0.8571428571428571,0.7506775067750677,0.9987980769230769,0.007194244604316547,831,276,1,2,276,0.9216456525116096,0.9217254258381025
0.11445362262469261,0.856701030927835,0.75,0.9987980769230769,0.0035971223021582736,831,277,1,1,277,0.9216456525116096,0.9217254258381025
0.11136419718566759,0.8562596599690881,0.7493237150586114,0.9987980769230769,0.0,831,278,1,0,278,0.9216456525116096,0.9217254258381025
0.11085726497517612,0.8568486096807415,0.7495495495495496,1.0,0.0,832,278,0,0,278,0.9216456525116096,0.9217254258381025
